match_id,season,date,home_team,away_team,home_goals,away_goals,result,home_shots,away_shots,home_shots_on_target,away_shots_on_target,odds_home,odds_draw,odds_away
1,2014/15,2014-08-16,Arsenal,Crystal Palace,2,1,H,14,4,6,2,1.25,6.5,15.0
2,2014/15,2014-08-16,Leicester,Everton,2,2,D,11,13,3,3,3.2,3.4,2.4
3,2014/15,2014-08-16,Man United,Swansea,1,2,A,14,5,5,4,1.36,5.0,11.0
4,2014/15,2014-08-16,QPR,Hull,0,1,A,19,11,6,4,2.5,3.3,3.1
5,2014/15,2014-08-16,Stoke,Aston Villa,0,1,A,12,7,2,2,1.95,3.5,4.5
6,2014/15,2014-08-16,West Brom,Sunderland,2,2,D,10,7,5,2,2.25,3.4,3.5
7,2014/15,2014-08-16,West Ham,Tottenham,0,1,A,18,10,4,4,3.8,3.6,2.05
8,2014/15,2014-08-17,Liverpool,Southampton,2,1,H,12,12,5,6,1.33,5.75,10.0
9,2014/15,2014-08-17,Newcastle,Man City,0,2,A,12,13,0,5,5.25,4.33,1.67
10,2014/15,2014-08-18,Burnley,Chelsea,1,3,A,9,11,2,3,9.0,5.0,1.4
11,2014/15,2014-08-23,Aston Villa,Newcastle,0,0,D,9,11,0,4,2.5,3.4,3.0
12,2014/15,2014-08-23,Chelsea,Leicester,2,0,H,27,6,10,4,1.2,7.5,17.0
13,2014/15,2014-08-23,Crystal Palace,West Ham,1,3,A,9,17,4,8,2.5,3.3,3.1
14,2014/15,2014-08-23,Everton,Arsenal,2,2,D,8,13,2,3,2.8,3.4,2.7
15,2014/15,2014-08-23,Southampton,West Brom,0,0,D,8,8,2,2,1.85,3.7,4.75
16,2014/15,2014-08-23,Swansea,Burnley,1,0,H,10,12,5,1,1.65,4.0,6.0
17,2014/15,2014-08-24,Hull,Stoke,1,1,D,9,19,2,3,2.5,3.25,3.2
18,2014/15,2014-08-24,Sunderland,Man United,1,1,D,11,10,3,3,5.0,4.0,1.75
19,2014/15,2014-08-24,Tottenham,QPR,4,0,H,18,9,5,1,1.45,4.75,8.0
20,2014/15,2014-08-25,Man City,Liverpool,3,1,H,9,11,4,3,1.85,4.0,4.33
21,2014/15,2014-08-30,Burnley,Man United,0,0,D,9,7,3,2,6.0,4.2,1.62
22,2014/15,2014-08-30,Everton,Chelsea,3,6,A,17,12,7,8,3.75,3.3,2.2
23,2014/15,2014-08-30,Man City,Stoke,0,1,A,16,7,2,2,1.18,8.0,18.0
24,2014/15,2014-08-30,Newcastle,Crystal Palace,3,3,D,18,12,4,7,1.75,3.75,5.25
25,2014/15,2014-08-30,QPR,Sunderland,1,0,H,18,16,5,6,2.4,3.25,3.3
26,2014/15,2014-08-30,Swansea,West Brom,3,0,H,15,16,8,2,1.85,3.6,4.75
27,2014/15,2014-08-30,West Ham,Southampton,1,3,A,4,18,2,8,2.8,3.4,2.7
28,2014/15,2014-08-31,Aston Villa,Hull,2,1,H,11,9,4,3,2.3,3.3,3.5
29,2014/15,2014-08-31,Leicester,Arsenal,1,1,D,9,24,3,6,4.75,3.75,1.83
30,2014/15,2014-08-31,Tottenham,Liverpool,0,3,A,7,17,1,8,2.7,3.5,2.7
31,2014/15,2014-09-13,Arsenal,Man City,2,2,D,15,15,6,8,3.0,3.4,2.5
32,2014/15,2014-09-13,Chelsea,Swansea,4,2,H,29,11,9,2,1.3,5.75,12.0
33,2014/15,2014-09-13,Crystal Palace,Burnley,0,0,D,14,11,3,3,2.25,3.3,3.6
34,2014/15,2014-09-13,Liverpool,Aston Villa,0,1,A,18,5,1,1,1.3,6.0,11.0
35,2014/15,2014-09-13,Southampton,Newcastle,4,0,H,10,9,7,4,1.8,3.75,5.0
36,2014/15,2014-09-13,Stoke,Leicester,0,1,A,24,8,4,1,2.1,3.4,4.0
37,2014/15,2014-09-13,Sunderland,Tottenham,2,2,D,6,15,1,6,3.6,3.5,2.15
38,2014/15,2014-09-13,West Brom,Everton,0,2,A,11,11,1,4,3.5,3.5,2.2
39,2014/15,2014-09-14,Man United,QPR,4,0,H,19,9,9,2,1.29,6.25,12.0
40,2014/15,2014-09-15,Hull,West Ham,2,2,D,11,16,6,4,2.15,3.4,3.75
41,2014/15,2014-09-20,Aston Villa,Arsenal,0,3,A,6,9,2,3,4.75,3.6,1.85
42,2014/15,2014-09-20,Burnley,Sunderland,0,0,D,17,14,6,6,2.5,3.3,3.1
43,2014/15,2014-09-20,Newcastle,Hull,2,2,D,25,10,7,3,2.2,3.3,3.75
44,2014/15,2014-09-20,QPR,Stoke,2,2,D,21,8,5,4,2.8,3.25,2.8
45,2014/15,2014-09-20,Swansea,Southampton,0,1,A,5,11,2,4,2.5,3.3,3.1
46,2014/15,2014-09-20,West Ham,Liverpool,3,1,H,13,11,7,5,4.5,3.8,1.85
47,2014/15,2014-09-21,Everton,Crystal Palace,2,3,A,17,10,6,3,1.4,5.0,9.0
48,2014/15,2014-09-21,Leicester,Man United,5,3,H,15,16,5,5,5.5,4.2,1.67
49,2014/15,2014-09-21,Man City,Chelsea,1,1,D,16,6,4,2,2.38,3.5,3.1
50,2014/15,2014-09-21,Tottenham,West Brom,0,1,A,7,10,1,4,1.53,4.33,7.0
51,2014/15,2014-09-27,Arsenal,Tottenham,1,1,D,16,6,6,4,1.75,3.9,5.0
52,2014/15,2014-09-27,Chelsea,Aston Villa,3,0,H,17,7,8,1,1.22,7.0,16.0
53,2014/15,2014-09-27,Crystal Palace,Leicester,2,0,H,16,7,6,1,2.63,3.4,2.88
54,2014/15,2014-09-27,Hull,Man City,2,4,A,10,20,5,6,6.5,4.2,1.57
55,2014/15,2014-09-27,Liverpool,Everton,1,1,D,24,11,8,5,1.91,3.75,4.33
56,2014/15,2014-09-27,Man United,West Ham,2,1,H,8,13,3,4,1.4,5.5,8.0
57,2014/15,2014-09-27,Southampton,QPR,2,1,H,19,10,9,2,1.44,4.6,8.5
58,2014/15,2014-09-27,Sunderland,Swansea,0,0,D,15,7,3,1,2.9,3.3,2.63
59,2014/15,2014-09-28,West Brom,Burnley,4,0,H,20,10,6,2,2.0,3.5,4.2
60,2014/15,2014-09-29,Stoke,Newcastle,1,0,H,12,16,3,1,2.15,3.4,3.8
61,2014/15,2014-10-04,Aston Villa,Man City,0,2,A,6,27,1,7,7.5,4.5,1.5
62,2014/15,2014-10-04,Hull,Crystal Palace,2,0,H,15,11,2,2,2.1,3.5,3.8
63,2014/15,2014-10-04,Leicester,Burnley,2,2,D,15,10,6,4,1.8,3.75,5.0
64,2014/15,2014-10-04,Liverpool,West Brom,2,1,H,19,8,7,4,1.44,5.0,7.5
65,2014/15,2014-10-04,Sunderland,Stoke,3,1,H,8,11,3,5,2.55,3.25,3.1
66,2014/15,2014-10-04,Swansea,Newcastle,2,2,D,11,9,5,4,1.91,3.7,4.33
67,2014/15,2014-10-05,Chelsea,Arsenal,2,0,H,5,10,3,0,1.67,4.2,5.25
68,2014/15,2014-10-05,Man United,Everton,2,1,H,15,10,4,6,1.67,4.2,5.25
69,2014/15,2014-10-05,Tottenham,Southampton,1,0,H,9,7,4,3,2.2,3.5,3.5
70,2014/15,2014-10-05,West Ham,QPR,2,0,H,11,10,3,3,1.91,3.6,4.5
71,2014/15,2014-10-18,Arsenal,Hull,2,2,D,25,4,9,4,1.4,5.0,9.0
72,2014/15,2014-10-18,Burnley,West Ham,1,3,A,17,22,3,6,2.8,3.4,2.7
73,2014/15,2014-10-18,Crystal Palace,Chelsea,1,2,A,7,14,4,5,8.5,4.75,1.44
74,2014/15,2014-10-18,Everton,Aston Villa,3,0,H,15,10,6,2,1.6,4.0,6.5
75,2014/15,2014-10-18,Man City,Tottenham,4,1,H,20,19,12,7,1.45,4.75,8.0
76,2014/15,2014-10-18,Newcastle,Leicester,1,0,H,19,7,6,2,2.25,3.6,3.3
77,2014/15,2014-10-18,Southampton,Sunderland,8,0,H,20,12,11,1,1.57,4.0,7.0
78,2014/15,2014-10-19,QPR,Liverpool,2,3,A,15,15,6,5,6.0,4.2,1.6
79,2014/15,2014-10-19,Stoke,Swansea,2,1,H,17,13,3,5,2.5,3.3,3.1
80,2014/15,2014-10-20,West Brom,Man United,2,2,D,8,22,2,7,5.0,4.0,1.75
81,2014/15,2014-10-25,Liverpool,Hull,0,0,D,17,6,4,3,1.44,4.75,8.0
82,2014/15,2014-10-25,Southampton,Stoke,1,0,H,20,8,2,1,1.65,4.0,6.0
83,2014/15,2014-10-25,Sunderland,Arsenal,0,2,A,11,15,3,5,5.5,3.8,1.73
84,2014/15,2014-10-25,Swansea,Leicester,2,0,H,7,9,3,4,1.95,3.7,4.2
85,2014/15,2014-10-25,West Brom,Crystal Palace,2,2,D,17,8,4,6,1.91,3.6,4.5
86,2014/15,2014-10-25,West Ham,Man City,2,1,H,12,21,4,5,6.5,4.5,1.55
87,2014/15,2014-10-26,Burnley,Everton,1,3,A,14,15,3,6,4.75,3.75,1.83
88,2014/15,2014-10-26,Man United,Chelsea,1,1,D,19,9,7,4,2.88,3.6,2.5
89,2014/15,2014-10-26,Tottenham,Newcastle,1,2,A,17,8,2,2,1.75,3.9,5.0
90,2014/15,2014-10-27,QPR,Aston Villa,2,0,H,11,15,4,6,2.38,3.25,3.4
91,2014/15,2014-11-01,Arsenal,Burnley,3,0,H,32,6,13,2,1.25,6.5,14.0
92,2014/15,2014-11-01,Chelsea,QPR,2,1,H,18,7,8,1,1.17,8.5,21.0
93,2014/15,2014-11-01,Everton,Swansea,0,0,D,17,8,3,0,1.75,3.8,5.25
94,2014/15,2014-11-01,Hull,Southampton,0,1,A,8,10,1,3,3.8,3.6,2.05
95,2014/15,2014-11-01,Leicester,West Brom,0,1,A,14,8,5,3,2.3,3.5,3.3
96,2014/15,2014-11-01,Newcastle,Liverpool,1,0,H,14,6,3,3,3.8,3.75,2.0
97,2014/15,2014-11-01,Stoke,West Ham,2,2,D,21,10,6,2,2.38,3.4,3.25
98,2014/15,2014-11-02,Aston Villa,Tottenham,1,2,A,12,18,1,7,3.75,3.6,2.1
99,2014/15,2014-11-02,Man City,Man United,1,0,H,16,9,6,2,1.91,3.75,4.33
100,2014/15,2014-11-03,Crystal Palace,Sunderland,1,3,A,9,8,1,7,2.1,3.5,3.8
101,2014/15,2014-11-08,Burnley,Hull,1,0,H,14,12,3,1,2.5,3.4,3.0
102,2014/15,2014-11-08,Liverpool,Chelsea,1,2,A,12,15,4,5,3.4,3.4,2.3
103,2014/15,2014-11-08,Man United,Crystal Palace,1,0,H,23,6,5,1,1.3,6.0,11.0
104,2014/15,2014-11-08,QPR,Man City,2,2,D,17,23,4,6,7.0,4.75,1.5
105,2014/15,2014-11-08,Southampton,Leicester,2,0,H,18,5,6,0,1.44,4.75,8.0
106,2014/15,2014-11-08,West Ham,Aston Villa,0,0,D,21,12,5,4,1.75,3.75,5.5
107,2014/15,2014-11-09,Sunderland,Everton,1,1,D,10,16,3,7,4.0,3.5,2.05
108,2014/15,2014-11-09,Swansea,Arsenal,2,1,H,11,12,5,4,3.75,3.5,2.1
109,2014/15,2014-11-09,Tottenham,Stoke,1,2,A,14,11,4,4,1.7,4.0,5.5
110,2014/15,2014-11-09,West Brom,Newcastle,0,2,A,10,8,2,3,2.3,3.5,3.3
111,2014/15,2014-11-22,Arsenal,Man United,1,2,A,23,12,9,2,2.15,3.6,3.5
112,2014/15,2014-11-22,Chelsea,West Brom,2,0,H,21,5,8,1,1.25,6.5,15.0
113,2014/15,2014-11-22,Everton,West Ham,2,1,H,14,14,4,3,1.85,3.8,4.5
114,2014/15,2014-11-22,Leicester,Sunderland,0,0,D,13,10,4,5,2.1,3.5,3.8
115,2014/15,2014-11-22,Man City,Swansea,2,1,H,23,8,10,3,1.4,5.25,8.5
116,2014/15,2014-11-22,Newcastle,QPR,1,0,H,14,13,6,4,1.83,3.75,4.75
117,2014/15,2014-11-22,Stoke,Burnley,1,2,A,25,5,4,4,1.7,3.8,5.75
118,2014/15,2014-11-23,Crystal Palace,Liverpool,3,1,H,15,12,5,1,4.33,3.7,1.91
119,2014/15,2014-11-23,Hull,Tottenham,1,2,A,10,23,2,6,3.6,3.4,2.2
120,2014/15,2014-11-24,Aston Villa,Southampton,1,1,D,7,15,1,4,5.25,3.75,1.75
121,2014/15,2014-11-29,Burnley,Aston Villa,1,1,D,11,18,4,7,2.15,3.4,3.75
122,2014/15,2014-11-29,Liverpool,Stoke,1,0,H,16,13,3,4,1.73,4.0,5.0
123,2014/15,2014-11-29,Man United,Hull,3,0,H,12,4,6,2,1.33,5.75,10.0
124,2014/15,2014-11-29,QPR,Leicester,3,2,H,32,19,6,5,2.38,3.4,3.25
125,2014/15,2014-11-29,Sunderland,Chelsea,0,0,D,12,24,3,6,9.0,5.0,1.4
126,2014/15,2014-11-29,Swansea,Crystal Palace,1,1,D,18,11,4,5,1.8,3.75,5.0
127,2014/15,2014-11-29,West Brom,Arsenal,0,1,A,9,17,1,5,4.5,3.8,1.85
128,2014/15,2014-11-29,West Ham,Newcastle,1,0,H,12,7,3,1,2.15,3.5,3.6
129,2014/15,2014-11-30,Southampton,Man City,0,3,A,13,15,4,6,3.2,3.6,2.3
130,2014/15,2014-11-30,Tottenham,Everton,2,1,H,13,10,6,5,2.25,3.6,3.25
131,2014/15,2014-12-02,Burnley,Newcastle,1,1,D,12,11,2,4,2.8,3.3,2.75
132,2014/15,2014-12-02,Crystal Palace,Aston Villa,0,1,A,17,5,5,3,2.1,3.4,4.0
133,2014/15,2014-12-02,Leicester,Liverpool,1,3,A,20,11,4,3,3.8,3.6,2.05
134,2014/15,2014-12-02,Man United,Stoke,2,1,H,10,5,3,4,1.45,4.5,8.5
135,2014/15,2014-12-02,Swansea,QPR,2,0,H,18,5,7,1,1.73,3.8,5.5
136,2014/15,2014-12-02,West Brom,West Ham,1,2,A,23,11,5,6,2.5,3.4,3.0
137,2014/15,2014-12-03,Arsenal,Southampton,1,0,H,19,6,8,1,1.8,3.75,5.0
138,2014/15,2014-12-03,Chelsea,Tottenham,3,0,H,12,10,8,2,1.4,5.0,9.0
139,2014/15,2014-12-03,Everton,Hull,1,1,D,13,8,5,1,1.53,4.33,7.0
140,2014/15,2014-12-03,Sunderland,Man City,1,4,A,8,15,2,4,7.5,4.5,1.5
141,2014/15,2014-12-06,Hull,West Brom,0,0,D,12,6,2,3,2.45,3.3,3.2
142,2014/15,2014-12-06,Liverpool,Sunderland,0,0,D,15,7,2,1,1.5,4.5,7.5
143,2014/15,2014-12-06,Man City,Everton,1,0,H,19,9,3,2,1.5,4.75,7.0
144,2014/15,2014-12-06,Newcastle,Chelsea,2,1,H,9,26,3,8,7.0,4.33,1.53
145,2014/15,2014-12-06,QPR,Burnley,2,0,H,11,15,6,3,2.05,3.5,4.0
146,2014/15,2014-12-06,Stoke,Arsenal,3,2,H,13,15,4,6,4.0,3.6,2.0
147,2014/15,2014-12-06,Tottenham,Crystal Palace,0,0,D,14,16,3,4,1.6,4.2,6.0
148,2014/15,2014-12-07,Aston Villa,Leicester,2,1,H,16,10,7,4,2.4,3.4,3.2
149,2014/15,2014-12-07,West Ham,Swansea,3,1,H,15,11,7,2,2.35,3.4,3.25
150,2014/15,2014-12-08,Southampton,Man United,1,2,A,15,3,4,2,2.8,3.4,2.7
151,2014/15,2014-12-13,Arsenal,Newcastle,4,1,H,17,10,4,4,1.44,4.75,8.0
152,2014/15,2014-12-13,Burnley,Southampton,1,0,H,7,15,2,4,5.5,3.75,1.73
153,2014/15,2014-12-13,Chelsea,Hull,2,0,H,12,8,3,0,1.18,8.0,18.0
154,2014/15,2014-12-13,Crystal Palace,Stoke,1,1,D,10,7,3,3,2.6,3.25,3.0
155,2014/15,2014-12-13,Leicester,Man City,0,1,A,7,9,1,4,7.0,4.75,1.5
156,2014/15,2014-12-13,Sunderland,West Ham,1,1,D,13,19,4,8,2.95,3.4,2.55
157,2014/15,2014-12-13,West Brom,Aston Villa,1,0,H,13,7,5,2,2.15,3.4,3.8
158,2014/15,2014-12-14,Man United,Liverpool,3,0,H,11,19,6,9,1.8,3.8,4.75
159,2014/15,2014-12-14,Swansea,Tottenham,1,2,A,15,10,3,4,2.5,3.4,3.0
160,2014/15,2014-12-15,Everton,QPR,3,1,H,13,17,5,4,1.45,4.5,8.5
161,2014/15,2014-12-20,Aston Villa,Man United,1,1,D,10,16,4,9,6.25,4.0,1.62
162,2014/15,2014-12-20,Hull,Swansea,0,1,A,11,13,3,3,3.1,3.3,2.5
163,2014/15,2014-12-20,Man City,Crystal Palace,3,0,H,15,6,3,1,1.29,6.0,12.0
164,2014/15,2014-12-20,QPR,West Brom,3,2,H,17,16,7,6,2.45,3.3,3.2
165,2014/15,2014-12-20,Southampton,Everton,3,0,H,11,13,3,4,2.45,3.5,3.0
166,2014/15,2014-12-20,Tottenham,Burnley,2,1,H,23,9,6,5,1.5,4.5,7.5
167,2014/15,2014-12-20,West Ham,Leicester,2,0,H,10,10,2,4,1.75,3.9,5.0
168,2014/15,2014-12-21,Liverpool,Arsenal,2,2,D,27,7,10,3,2.8,3.5,2.6
169,2014/15,2014-12-21,Newcastle,Sunderland,0,1,A,15,16,7,3,2.05,3.5,4.0
170,2014/15,2014-12-22,Stoke,Chelsea,0,2,A,13,15,2,6,6.25,4.0,1.62
171,2014/15,2014-12-26,Arsenal,QPR,2,1,H,15,16,5,2,1.29,6.0,13.0
172,2014/15,2014-12-26,Burnley,Liverpool,0,1,A,16,10,0,3,4.75,3.8,1.8
173,2014/15,2014-12-26,Chelsea,West Ham,2,0,H,28,6,9,0,1.33,5.75,10.0
174,2014/15,2014-12-26,Crystal Palace,Southampton,1,3,A,11,13,4,6,3.75,3.4,2.15
175,2014/15,2014-12-26,Everton,Stoke,0,1,A,16,12,5,2,1.83,3.6,5.0
176,2014/15,2014-12-26,Leicester,Tottenham,1,2,A,22,8,6,3,3.8,3.6,2.05
177,2014/15,2014-12-26,Man United,Newcastle,3,1,H,9,8,4,4,1.4,5.0,9.0
178,2014/15,2014-12-26,Sunderland,Hull,1,3,A,12,13,3,5,2.05,3.4,4.2
179,2014/15,2014-12-26,Swansea,Aston Villa,1,0,H,7,11,2,3,1.75,3.75,5.25
180,2014/15,2014-12-26,West Brom,Man City,1,3,A,18,9,6,5,6.5,4.5,1.53
181,2014/15,2014-12-28,Aston Villa,Sunderland,0,0,D,14,15,3,3,2.35,3.3,3.4
182,2014/15,2014-12-28,Hull,Leicester,0,1,A,18,4,5,2,2.25,3.4,3.5
183,2014/15,2014-12-28,Man City,Burnley,2,2,D,17,12,6,3,1.18,8.0,19.0
184,2014/15,2014-12-28,Newcastle,Everton,3,2,H,13,9,6,2,2.9,3.4,2.6
185,2014/15,2014-12-28,QPR,Crystal Palace,0,0,D,11,10,3,3,2.38,3.4,3.25
186,2014/15,2014-12-28,Southampton,Chelsea,1,1,D,9,7,1,1,4.75,3.75,1.83
187,2014/15,2014-12-28,Stoke,West Brom,2,0,H,13,15,3,4,1.91,3.6,4.5
188,2014/15,2014-12-28,Tottenham,Man United,0,0,D,9,9,4,5,3.25,3.6,2.3
189,2014/15,2014-12-28,West Ham,Arsenal,1,2,A,14,21,4,7,3.5,3.5,2.2
190,2014/15,2014-12-29,Liverpool,Swansea,4,1,H,21,11,11,4,1.7,4.0,5.5
191,2014/15,2015-01-01,Aston Villa,Crystal Palace,0,0,D,14,6,3,0,2.4,3.3,3.3
192,2014/15,2015-01-01,Hull,Everton,2,0,H,14,9,5,3,3.4,3.4,2.3
193,2014/15,2015-01-01,Liverpool,Leicester,2,2,D,18,16,6,3,1.4,5.0,9.0
194,2014/15,2015-01-01,Man City,Sunderland,3,2,H,32,4,12,4,1.22,7.0,15.0
195,2014/15,2015-01-01,Newcastle,Burnley,3,3,D,10,15,4,4,1.83,3.75,4.75
196,2014/15,2015-01-01,QPR,Swansea,1,1,D,24,25,6,6,3.0,3.4,2.5
197,2014/15,2015-01-01,Southampton,Arsenal,2,0,H,13,11,6,6,2.9,3.4,2.6
198,2014/15,2015-01-01,Stoke,Man United,1,1,D,11,6,2,2,4.2,3.5,2.0
199,2014/15,2015-01-01,Tottenham,Chelsea,5,3,H,11,19,8,7,5.0,3.75,1.8
200,2014/15,2015-01-01,West Ham,West Brom,1,1,D,8,14,3,3,1.85,3.75,4.5
201,2014/15,2015-01-10,Burnley,QPR,2,1,H,18,17,7,7,2.2,3.4,3.6
202,2014/15,2015-01-10,Chelsea,Newcastle,2,0,H,9,11,5,5,1.2,7.5,17.0
203,2014/15,2015-01-10,Crystal Palace,Tottenham,2,1,H,21,9,7,5,3.5,3.5,2.2
204,2014/15,2015-01-10,Everton,Man City,1,1,D,11,18,4,2,4.5,3.75,1.85
205,2014/15,2015-01-10,Leicester,Aston Villa,1,0,H,11,12,3,1,2.2,3.4,3.6
206,2014/15,2015-01-10,Sunderland,Liverpool,0,1,A,5,21,1,4,4.5,3.6,1.91
207,2014/15,2015-01-10,Swansea,West Ham,1,1,D,19,11,3,5,2.25,3.5,3.4
208,2014/15,2015-01-10,West Brom,Hull,1,0,H,9,12,3,2,2.05,3.4,4.2
209,2014/15,2015-01-11,Arsenal,Stoke,3,0,H,14,7,6,2,1.44,4.75,8.0
210,2014/15,2015-01-11,Man United,Southampton,0,1,A,10,9,0,1,1.83,3.75,4.75
211,2014/15,2015-01-17,Aston Villa,Liverpool,0,2,A,15,12,4,5,4.5,3.6,1.91
212,2014/15,2015-01-17,Burnley,Crystal Palace,2,3,A,7,11,4,4,2.55,3.25,3.1
213,2014/15,2015-01-17,Leicester,Stoke,0,1,A,7,13,3,3,2.63,3.3,2.9
214,2014/15,2015-01-17,Newcastle,Southampton,1,2,A,16,5,3,3,3.3,3.3,2.38
215,2014/15,2015-01-17,QPR,Man United,0,2,A,18,12,4,7,6.0,4.2,1.62
216,2014/15,2015-01-17,Swansea,Chelsea,0,5,A,11,21,0,11,7.0,4.2,1.55
217,2014/15,2015-01-17,Tottenham,Sunderland,2,1,H,25,8,8,4,1.62,4.2,6.0
218,2014/15,2015-01-18,Man City,Arsenal,0,2,A,12,9,4,3,1.8,4.0,4.5
219,2014/15,2015-01-18,West Ham,Hull,3,0,H,17,9,6,3,1.75,3.75,5.25
220,2014/15,2015-01-19,Everton,West Brom,0,0,D,17,5,4,0,1.85,3.6,4.75
221,2014/15,2015-01-31,Chelsea,Man City,1,1,D,3,10,2,5,2.15,3.5,3.6
222,2014/15,2015-01-31,Crystal Palace,Everton,0,1,A,13,14,3,2,2.8,3.3,2.75
223,2014/15,2015-01-31,Hull,Newcastle,0,3,A,13,12,8,5,2.7,3.25,2.88
224,2014/15,2015-01-31,Liverpool,West Ham,2,0,H,21,7,7,2,1.67,4.0,5.75
225,2014/15,2015-01-31,Man United,Leicester,3,1,H,12,4,5,1,1.36,5.5,9.5
226,2014/15,2015-01-31,Stoke,QPR,3,1,H,15,14,3,4,1.65,4.0,6.0
227,2014/15,2015-01-31,Sunderland,Burnley,2,0,H,8,13,3,4,2.25,3.3,3.6
228,2014/15,2015-01-31,West Brom,Tottenham,0,3,A,13,14,4,4,2.9,3.3,2.63
229,2014/15,2015-02-01,Arsenal,Aston Villa,5,0,H,13,9,8,2,1.25,6.5,15.0
230,2014/15,2015-02-01,Southampton,Swansea,0,1,A,15,6,6,1,1.6,4.0,6.5
231,2014/15,2015-02-07,Aston Villa,Chelsea,1,2,A,8,12,1,5,10.0,5.25,1.36
232,2014/15,2015-02-07,Everton,Liverpool,0,0,D,6,17,1,6,3.4,3.4,2.3
233,2014/15,2015-02-07,Leicester,Crystal Palace,0,1,A,19,14,5,2,2.4,3.3,3.25
234,2014/15,2015-02-07,Man City,Hull,1,1,D,18,7,5,3,1.18,8.0,19.0
235,2014/15,2015-02-07,QPR,Southampton,0,1,A,12,16,3,5,4.75,3.6,1.85
236,2014/15,2015-02-07,Swansea,Sunderland,1,1,D,16,4,7,1,1.91,3.5,4.6
237,2014/15,2015-02-07,Tottenham,Arsenal,2,1,H,23,7,8,3,3.25,3.5,2.3
238,2014/15,2015-02-08,Burnley,West Brom,2,2,D,12,12,5,5,2.6,3.25,3.0
239,2014/15,2015-02-08,Newcastle,Stoke,1,1,D,9,7,3,3,2.3,3.4,3.4
240,2014/15,2015-02-08,West Ham,Man United,1,1,D,13,18,6,6,4.2,3.6,1.95
241,2014/15,2015-02-10,Arsenal,Leicester,2,1,H,17,11,7,4,1.29,6.0,12.0
242,2014/15,2015-02-10,Hull,Aston Villa,2,0,H,10,11,4,4,2.38,3.1,3.5
243,2014/15,2015-02-10,Liverpool,Tottenham,3,2,H,16,14,7,5,1.91,3.8,4.2
244,2014/15,2015-02-10,Sunderland,QPR,0,2,A,16,19,5,4,1.91,3.6,4.5
245,2014/15,2015-02-11,Chelsea,Everton,1,0,H,21,7,7,4,1.33,5.5,11.0
246,2014/15,2015-02-11,Crystal Palace,Newcastle,1,1,D,7,5,3,1,2.38,3.3,3.3
247,2014/15,2015-02-11,Man United,Burnley,3,1,H,11,13,7,3,1.29,6.0,12.0
248,2014/15,2015-02-11,Southampton,West Ham,0,0,D,21,4,7,1,1.73,3.9,5.25
249,2014/15,2015-02-11,Stoke,Man City,1,4,A,17,14,5,8,5.75,3.8,1.7
250,2014/15,2015-02-11,West Brom,Swansea,2,0,H,11,10,4,3,2.55,3.25,3.1
251,2014/15,2015-02-21,Aston Villa,Stoke,1,2,A,3,11,2,6,2.7,3.2,2.9
252,2014/15,2015-02-21,Chelsea,Burnley,1,1,D,14,10,5,5,1.2,7.5,17.0
253,2014/15,2015-02-21,Crystal Palace,Arsenal,1,2,A,22,12,3,4,4.75,3.75,1.83
254,2014/15,2015-02-21,Hull,QPR,2,1,H,16,8,6,3,2.05,3.3,4.2
255,2014/15,2015-02-21,Man City,Newcastle,5,0,H,16,8,9,1,1.3,6.0,11.0
256,2014/15,2015-02-21,Sunderland,West Brom,0,0,D,13,5,2,1,2.7,3.2,2.9
257,2014/15,2015-02-21,Swansea,Man United,2,1,H,11,18,6,3,4.2,3.5,2.0
258,2014/15,2015-02-22,Everton,Leicester,2,2,D,18,15,3,4,1.83,3.6,5.0
259,2014/15,2015-02-22,Southampton,Liverpool,0,2,A,13,6,5,4,2.63,3.3,2.9
260,2014/15,2015-02-22,Tottenham,West Ham,2,2,D,27,12,8,5,1.8,3.8,4.75
261,2014/15,2015-02-28,Burnley,Swansea,0,1,A,13,8,6,2,2.63,3.3,2.9
262,2014/15,2015-02-28,Man United,Sunderland,2,0,H,30,5,10,3,1.36,5.25,10.0
263,2014/15,2015-02-28,Newcastle,Aston Villa,1,0,H,14,13,5,3,1.95,3.5,4.5
264,2014/15,2015-02-28,Stoke,Hull,1,0,H,17,1,2,0,1.91,3.5,4.75
265,2014/15,2015-02-28,West Brom,Southampton,1,0,H,7,12,3,2,3.4,3.2,2.38
266,2014/15,2015-02-28,West Ham,Crystal Palace,1,3,A,22,12,5,5,2.15,3.4,3.75
267,2014/15,2015-03-01,Arsenal,Everton,2,0,H,17,8,4,2,1.57,4.5,6.0
268,2014/15,2015-03-01,Liverpool,Man City,2,1,H,11,8,5,1,3.1,3.6,2.38
269,2014/15,2015-03-03,Aston Villa,West Brom,2,1,H,16,3,8,1,2.88,3.1,2.88
270,2014/15,2015-03-03,Hull,Sunderland,1,1,D,15,9,5,3,2.15,3.3,3.9
271,2014/15,2015-03-03,Southampton,Crystal Palace,1,0,H,23,9,3,3,1.7,3.8,5.75
272,2014/15,2015-03-04,Liverpool,Burnley,2,0,H,20,9,8,1,1.36,5.25,10.0
273,2014/15,2015-03-04,Man City,Leicester,2,0,H,22,6,9,2,1.25,7.0,13.0
274,2014/15,2015-03-04,Newcastle,Man United,0,1,A,9,11,2,5,4.2,3.5,2.0
275,2014/15,2015-03-04,QPR,Arsenal,1,2,A,10,20,3,9,7.0,4.33,1.53
276,2014/15,2015-03-04,Stoke,Everton,2,0,H,11,10,3,5,2.5,3.3,3.1
277,2014/15,2015-03-04,Tottenham,Swansea,3,2,H,20,10,7,5,1.75,3.8,5.25
278,2014/15,2015-03-04,West Ham,Chelsea,0,1,A,18,12,5,3,6.25,4.0,1.62
279,2014/15,2015-03-07,QPR,Tottenham,1,2,A,17,13,6,6,4.75,3.9,1.8
280,2014/15,2015-03-14,Arsenal,West Ham,3,0,H,19,7,9,1,1.4,5.0,9.0
281,2014/15,2015-03-14,Burnley,Man City,1,0,H,10,21,4,5,7.5,5.0,1.44
282,2014/15,2015-03-14,Crystal Palace,QPR,3,1,H,15,11,4,4,1.83,3.75,4.75
283,2014/15,2015-03-14,Leicester,Hull,0,0,D,15,12,3,5,2.2,3.3,3.75
284,2014/15,2015-03-14,Sunderland,Aston Villa,0,4,A,12,14,2,8,2.38,3.25,3.4
285,2014/15,2015-03-14,West Brom,Stoke,1,0,H,14,9,5,2,2.38,3.25,3.4
286,2014/15,2015-03-15,Chelsea,Southampton,1,1,D,22,12,7,5,1.62,4.0,6.5
287,2014/15,2015-03-15,Everton,Newcastle,3,0,H,15,12,9,4,1.83,3.75,4.75
288,2014/15,2015-03-15,Man United,Tottenham,3,0,H,11,5,3,1,1.91,3.75,4.33
289,2014/15,2015-03-16,Swansea,Liverpool,0,1,A,10,16,3,5,4.0,3.6,2.0
290,2014/15,2015-03-21,Aston Villa,Swansea,0,1,A,12,9,3,6,2.5,3.25,2.8
291,2014/15,2015-03-21,Man City,West Brom,3,0,H,43,3,16,0,1.3,5.5,8.5
292,2014/15,2015-03-21,Newcastle,Arsenal,1,2,A,16,7,4,3,6.0,3.8,1.57
293,2014/15,2015-03-21,Southampton,Burnley,2,0,H,20,15,3,3,1.4,4.5,7.5
294,2014/15,2015-03-21,Stoke,Crystal Palace,1,2,A,17,12,4,3,2.1,3.3,3.5
295,2014/15,2015-03-21,Tottenham,Leicester,4,3,H,10,14,4,5,1.53,4.0,6.0
296,2014/15,2015-03-21,West Ham,Sunderland,1,0,H,15,7,4,3,1.8,3.5,4.5
297,2014/15,2015-03-22,Hull,Chelsea,2,3,A,19,8,8,3,7.0,4.33,1.44
298,2014/15,2015-03-22,Liverpool,Man United,1,2,A,7,6,1,4,2.05,3.4,3.6
299,2014/15,2015-03-22,QPR,Everton,1,2,A,14,8,1,3,3.3,3.4,2.15
300,2014/15,2015-04-04,Arsenal,Liverpool,4,1,H,16,13,10,2,1.83,3.75,4.2
301,2014/15,2015-04-04,Chelsea,Stoke,2,1,H,19,7,10,2,1.29,5.5,11.0
302,2014/15,2015-04-04,Everton,Southampton,1,0,H,11,11,1,2,2.63,3.2,2.8
303,2014/15,2015-04-04,Leicester,West Ham,2,1,H,20,14,7,7,2.38,3.3,3.1
304,2014/15,2015-04-04,Man United,Aston Villa,3,1,H,19,4,7,2,1.3,5.5,10.0
305,2014/15,2015-04-04,Swansea,Hull,3,1,H,9,10,4,1,1.91,3.5,4.2
306,2014/15,2015-04-04,West Brom,QPR,1,4,A,21,12,6,7,1.8,3.5,4.5
307,2014/15,2015-04-05,Burnley,Tottenham,0,0,D,15,12,4,2,3.5,3.4,2.1
308,2014/15,2015-04-05,Sunderland,Newcastle,1,0,H,16,10,4,1,2.5,3.1,3.1
309,2014/15,2015-04-06,Crystal Palace,Man City,2,1,H,5,22,3,4,5.0,4.0,1.67
310,2014/15,2015-04-07,Aston Villa,QPR,3,3,D,21,11,7,5,2.15,3.4,3.8
311,2014/15,2015-04-11,Burnley,Arsenal,0,1,A,8,17,4,5,6.5,4.33,1.57
312,2014/15,2015-04-11,Southampton,Hull,2,0,H,9,15,4,4,1.53,4.2,7.5
313,2014/15,2015-04-11,Sunderland,Crystal Palace,1,4,A,12,14,3,5,2.9,3.2,2.7
314,2014/15,2015-04-11,Swansea,Everton,1,1,D,11,12,3,8,2.5,3.3,3.1
315,2014/15,2015-04-11,Tottenham,Aston Villa,0,1,A,14,10,3,3,1.62,4.2,6.0
316,2014/15,2015-04-11,West Brom,Leicester,2,3,A,8,12,5,4,2.3,3.4,3.4
317,2014/15,2015-04-11,West Ham,Stoke,1,1,D,11,18,3,2,2.3,3.4,3.4
318,2014/15,2015-04-12,Man United,Man City,4,2,H,11,10,7,3,2.63,3.4,2.88
319,2014/15,2015-04-12,QPR,Chelsea,0,1,A,15,9,4,1,9.0,5.0,1.4
320,2014/15,2015-04-13,Liverpool,Newcastle,2,0,H,14,10,6,3,1.4,5.0,9.0
321,2014/15,2015-04-18,Chelsea,Man United,1,0,H,7,15,2,2,2.0,3.4,4.33
322,2014/15,2015-04-18,Crystal Palace,West Brom,0,2,A,19,8,4,4,1.95,3.5,4.5
323,2014/15,2015-04-18,Everton,Burnley,1,0,H,21,10,8,1,1.73,3.8,5.5
324,2014/15,2015-04-18,Leicester,Swansea,2,0,H,18,10,6,6,2.15,3.4,3.75
325,2014/15,2015-04-18,Stoke,Southampton,2,1,H,15,12,2,6,3.5,3.25,2.3
326,2014/15,2015-04-19,Man City,West Ham,2,0,H,18,9,3,3,1.25,6.5,11.0
327,2014/15,2015-04-19,Newcastle,Tottenham,1,3,A,11,14,5,8,3.3,3.5,2.3
328,2014/15,2015-04-25,Burnley,Leicester,0,1,A,12,8,4,4,2.63,3.3,2.9
329,2014/15,2015-04-25,Crystal Palace,Hull,0,2,A,7,21,3,7,2.05,3.3,4.2
330,2014/15,2015-04-25,Man City,Aston Villa,3,2,H,11,13,4,4,1.29,6.0,12.0
331,2014/15,2015-04-25,Newcastle,Swansea,2,3,A,12,11,4,6,2.45,3.25,3.25
332,2014/15,2015-04-25,QPR,West Ham,0,0,D,18,8,7,2,2.38,3.4,3.25
333,2014/15,2015-04-25,Southampton,Tottenham,2,2,D,13,7,4,2,2.1,3.5,3.8
334,2014/15,2015-04-25,Stoke,Sunderland,1,1,D,23,15,8,5,1.91,3.5,4.75
335,2014/15,2015-04-25,West Brom,Liverpool,0,0,D,10,22,4,5,4.0,3.6,2.0
336,2014/15,2015-04-26,Arsenal,Chelsea,0,0,D,12,7,1,3,2.4,3.3,3.3
337,2014/15,2015-04-26,Everton,Man United,3,0,H,9,17,7,4,3.75,3.4,2.15
338,2014/15,2015-04-28,Hull,Liverpool,1,0,H,7,12,4,9,4.33,3.4,2.0
339,2014/15,2015-04-29,Leicester,Chelsea,1,3,A,8,11,2,4,5.75,3.8,1.7
340,2014/15,2015-05-02,Aston Villa,Everton,3,2,H,11,9,4,5,2.75,3.3,2.8
341,2014/15,2015-05-02,Leicester,Newcastle,3,0,H,19,12,7,3,1.91,3.7,4.33
342,2014/15,2015-05-02,Liverpool,QPR,2,1,H,25,10,8,2,1.36,5.25,10.0
343,2014/15,2015-05-02,Man United,West Brom,0,1,A,26,6,9,3,1.36,5.25,10.0
344,2014/15,2015-05-02,Sunderland,Southampton,2,1,H,12,11,6,2,4.2,3.4,2.05
345,2014/15,2015-05-02,Swansea,Stoke,2,0,H,16,9,4,3,2.3,3.4,3.4
346,2014/15,2015-05-02,West Ham,Burnley,1,0,H,29,8,7,2,2.25,3.5,3.4
347,2014/15,2015-05-03,Chelsea,Crystal Palace,1,0,H,17,8,7,1,1.36,5.25,10.0
348,2014/15,2015-05-03,Tottenham,Man City,0,1,A,21,15,5,4,3.75,3.75,2.05
349,2014/15,2015-05-04,Hull,Arsenal,1,3,A,8,22,1,9,5.5,4.0,1.7
350,2014/15,2015-05-09,Aston Villa,West Ham,1,0,H,15,5,5,1,1.91,3.7,4.33
351,2014/15,2015-05-09,Crystal Palace,Man United,1,2,A,13,13,4,4,4.5,3.6,1.91
352,2014/15,2015-05-09,Everton,Sunderland,0,2,A,22,10,4,3,1.8,3.75,5.0
353,2014/15,2015-05-09,Hull,Burnley,0,1,A,21,8,3,2,1.95,3.5,4.5
354,2014/15,2015-05-09,Leicester,Southampton,2,0,H,10,10,3,3,2.6,3.4,2.9
355,2014/15,2015-05-09,Newcastle,West Brom,1,1,D,15,8,5,3,2.55,3.3,3.0
356,2014/15,2015-05-09,Stoke,Tottenham,3,0,H,17,9,9,3,2.9,3.4,2.6
357,2014/15,2015-05-10,Chelsea,Liverpool,1,1,D,8,15,3,4,2.1,3.5,3.8
358,2014/15,2015-05-10,Man City,QPR,6,0,H,23,9,11,3,1.22,7.5,13.0
359,2014/15,2015-05-11,Arsenal,Swansea,0,1,A,23,8,9,3,1.3,6.0,11.0
360,2014/15,2015-05-16,Burnley,Stoke,0,0,D,11,11,4,3,2.7,3.3,2.88
361,2014/15,2015-05-16,Liverpool,Crystal Palace,1,3,A,18,15,3,6,1.45,4.75,8.0
362,2014/15,2015-05-16,QPR,Newcastle,2,1,H,8,22,4,8,3.1,3.5,2.4
363,2014/15,2015-05-16,Southampton,Aston Villa,6,1,H,18,9,11,4,1.75,3.8,5.25
364,2014/15,2015-05-16,Sunderland,Leicester,0,0,D,13,11,3,0,2.8,3.3,2.75
365,2014/15,2015-05-16,Tottenham,Hull,2,0,H,10,14,3,2,1.8,3.8,4.75
366,2014/15,2015-05-16,West Ham,Everton,1,2,A,13,21,3,5,2.9,3.4,2.6
367,2014/15,2015-05-17,Man United,Arsenal,1,1,D,12,5,4,3,2.45,3.5,3.0
368,2014/15,2015-05-17,Swansea,Man City,2,4,A,13,22,9,11,4.75,4.2,1.75
369,2014/15,2015-05-18,West Brom,Chelsea,3,0,H,9,12,5,3,4.1,3.5,2.0
370,2014/15,2015-05-20,Arsenal,Sunderland,0,0,D,28,7,8,3,1.3,6.0,11.0
371,2014/15,2015-05-24,Arsenal,West Brom,4,1,H,24,14,13,5,1.4,5.25,8.5
372,2014/15,2015-05-24,Aston Villa,Burnley,0,1,A,16,6,5,3,2.1,3.6,3.75
373,2014/15,2015-05-24,Chelsea,Sunderland,3,1,H,24,17,8,9,1.36,5.25,9.5
374,2014/15,2015-05-24,Crystal Palace,Swansea,1,0,H,13,5,7,2,2.25,3.6,3.3
375,2014/15,2015-05-24,Everton,Tottenham,0,1,A,9,16,1,3,2.4,3.6,3.0
376,2014/15,2015-05-24,Hull,Man United,0,0,D,16,7,6,1,3.2,3.75,2.25
377,2014/15,2015-05-24,Leicester,QPR,5,1,H,22,18,7,2,1.6,4.33,6.0
378,2014/15,2015-05-24,Man City,Southampton,2,0,H,15,13,6,4,1.57,4.5,6.0
379,2014/15,2015-05-24,Newcastle,West Ham,2,0,H,17,4,4,1,1.83,4.0,4.33
380,2014/15,2015-05-24,Stoke,Liverpool,6,1,H,15,13,9,4,3.5,3.6,2.15
381,2015/16,2015-08-08,Bournemouth,Aston Villa,0,1,A,11,7,2,3,2.0,3.6,4.0
382,2015/16,2015-08-08,Chelsea,Swansea,2,2,D,11,18,3,10,1.36,5.0,11.0
383,2015/16,2015-08-08,Everton,Watford,2,2,D,10,11,5,5,1.7,3.9,5.5
384,2015/16,2015-08-08,Leicester,Sunderland,4,2,H,19,10,8,5,1.95,3.5,4.33
385,2015/16,2015-08-08,Man United,Tottenham,1,0,H,9,9,1,4,1.65,4.0,6.0
386,2015/16,2015-08-08,Norwich,Crystal Palace,1,3,A,17,11,6,7,2.55,3.3,3.0
387,2015/16,2015-08-09,Arsenal,West Ham,0,2,A,22,8,6,4,1.29,6.0,12.0
388,2015/16,2015-08-09,Newcastle,Southampton,2,2,D,9,15,4,5,2.88,3.3,2.7
389,2015/16,2015-08-09,Stoke,Liverpool,0,1,A,7,8,1,3,3.4,3.4,2.3
390,2015/16,2015-08-10,West Brom,Man City,0,3,A,9,19,2,7,5.75,4.0,1.67
391,2015/16,2015-08-14,Aston Villa,Man United,0,1,A,5,9,1,2,5.5,3.8,1.73
392,2015/16,2015-08-15,Southampton,Everton,0,3,A,17,10,4,4,1.95,3.6,4.33
393,2015/16,2015-08-15,Sunderland,Norwich,1,3,A,6,19,2,6,2.5,3.3,3.1
394,2015/16,2015-08-15,Swansea,Newcastle,2,0,H,19,4,6,2,1.95,3.6,4.33
395,2015/16,2015-08-15,Tottenham,Stoke,2,2,D,13,16,7,7,1.8,3.75,5.0
396,2015/16,2015-08-15,Watford,West Brom,0,0,D,16,6,5,0,2.3,3.4,3.4
397,2015/16,2015-08-15,West Ham,Leicester,1,2,A,10,11,3,6,2.25,3.5,3.4
398,2015/16,2015-08-16,Crystal Palace,Arsenal,1,2,A,11,20,4,7,5.25,3.9,1.73
399,2015/16,2015-08-16,Man City,Chelsea,3,0,H,18,10,8,3,2.1,3.5,3.75
400,2015/16,2015-08-17,Liverpool,Bournemouth,1,0,H,18,13,2,2,1.45,4.75,8.0
401,2015/16,2015-08-22,Crystal Palace,Aston Villa,2,1,H,16,11,6,2,1.85,3.6,4.75
402,2015/16,2015-08-22,Leicester,Tottenham,1,1,D,13,19,2,6,2.63,3.6,2.75
403,2015/16,2015-08-22,Man United,Newcastle,0,0,D,20,7,8,0,1.36,5.25,10.0
404,2015/16,2015-08-22,Norwich,Stoke,1,1,D,21,6,7,1,2.3,3.3,3.5
405,2015/16,2015-08-22,Sunderland,Swansea,1,1,D,10,20,2,9,4.0,3.4,2.1
406,2015/16,2015-08-22,West Ham,Bournemouth,3,4,A,10,15,4,7,2.38,3.4,3.2
407,2015/16,2015-08-23,Everton,Man City,0,2,A,10,16,1,9,5.0,4.0,1.73
408,2015/16,2015-08-23,Watford,Southampton,0,0,D,13,14,0,5,2.8,3.3,2.75
409,2015/16,2015-08-23,West Brom,Chelsea,2,3,A,15,15,6,5,6.5,4.0,1.62
410,2015/16,2015-08-24,Arsenal,Liverpool,0,0,D,19,15,5,8,1.75,4.0,5.0
411,2015/16,2015-08-29,Aston Villa,Sunderland,2,2,D,21,7,6,3,1.91,3.5,4.75
412,2015/16,2015-08-29,Bournemouth,Leicester,1,1,D,5,4,2,2,2.2,3.6,3.4
413,2015/16,2015-08-29,Chelsea,Crystal Palace,1,2,A,26,13,9,6,1.36,5.0,11.0
414,2015/16,2015-08-29,Liverpool,West Ham,0,3,A,13,12,1,5,1.36,5.5,9.0
415,2015/16,2015-08-29,Man City,Watford,2,0,H,18,7,5,0,1.2,8.0,15.0
416,2015/16,2015-08-29,Newcastle,Arsenal,0,1,A,1,22,0,9,6.0,4.2,1.62
417,2015/16,2015-08-29,Stoke,West Brom,0,1,A,13,15,5,5,1.95,3.4,4.5
418,2015/16,2015-08-29,Tottenham,Everton,0,0,D,20,8,6,3,2.0,3.5,4.2
419,2015/16,2015-08-30,Southampton,Norwich,3,0,H,23,6,8,1,2.05,3.5,4.0
420,2015/16,2015-08-30,Swansea,Man United,2,1,H,9,11,4,4,3.6,3.3,2.25
421,2015/16,2015-09-12,Arsenal,Stoke,2,0,H,29,9,12,4,1.29,6.0,12.0
422,2015/16,2015-09-12,Crystal Palace,Man City,0,1,A,10,21,2,7,5.5,4.2,1.67
423,2015/16,2015-09-12,Everton,Chelsea,3,1,H,14,15,9,2,4.0,3.6,2.0
424,2015/16,2015-09-12,Man United,Liverpool,3,1,H,9,8,3,4,2.0,3.4,4.33
425,2015/16,2015-09-12,Norwich,Bournemouth,3,1,H,12,7,4,2,2.4,3.4,3.2
426,2015/16,2015-09-12,Watford,Swansea,1,0,H,17,8,6,3,2.75,3.4,2.75
427,2015/16,2015-09-12,West Brom,Southampton,0,0,D,8,14,1,4,3.2,3.2,2.5
428,2015/16,2015-09-13,Leicester,Aston Villa,3,2,H,21,11,6,4,1.91,3.75,4.33
429,2015/16,2015-09-13,Sunderland,Tottenham,0,1,A,12,15,2,4,4.33,3.6,1.95
430,2015/16,2015-09-14,West Ham,Newcastle,2,0,H,17,14,3,4,2.25,3.5,3.4
431,2015/16,2015-09-19,Aston Villa,West Brom,0,1,A,13,11,3,6,2.3,3.25,3.5
432,2015/16,2015-09-19,Bournemouth,Sunderland,2,0,H,15,9,5,2,1.7,4.0,5.5
433,2015/16,2015-09-19,Chelsea,Arsenal,2,0,H,22,9,7,2,2.45,3.5,3.0
434,2015/16,2015-09-19,Man City,West Ham,1,2,A,27,6,8,3,1.29,6.5,11.0
435,2015/16,2015-09-19,Newcastle,Watford,1,2,A,15,13,5,4,2.5,3.3,3.1
436,2015/16,2015-09-19,Stoke,Leicester,2,2,D,11,12,4,5,2.5,3.4,3.0
437,2015/16,2015-09-19,Swansea,Everton,0,0,D,12,17,3,2,2.3,3.4,3.4
438,2015/16,2015-09-20,Liverpool,Norwich,1,1,D,23,7,7,2,1.67,4.0,5.75
439,2015/16,2015-09-20,Southampton,Man United,2,3,A,15,10,8,3,3.1,3.3,2.5
440,2015/16,2015-09-20,Tottenham,Crystal Palace,1,0,H,22,12,6,4,2.0,3.6,4.0
441,2015/16,2015-09-26,Leicester,Arsenal,2,5,A,16,26,7,12,4.5,4.0,1.8
442,2015/16,2015-09-26,Liverpool,Aston Villa,3,2,H,21,10,12,4,1.53,4.33,7.0
443,2015/16,2015-09-26,Man United,Sunderland,3,0,H,12,9,7,4,1.2,7.5,16.0
444,2015/16,2015-09-26,Newcastle,Chelsea,2,2,D,11,16,5,4,6.0,4.2,1.62
445,2015/16,2015-09-26,Southampton,Swansea,3,1,H,18,11,7,4,2.05,3.4,4.2
446,2015/16,2015-09-26,Stoke,Bournemouth,2,1,H,8,11,5,6,2.55,3.3,3.0
447,2015/16,2015-09-26,Tottenham,Man City,4,1,H,15,22,8,8,4.2,3.8,1.91
448,2015/16,2015-09-26,West Ham,Norwich,2,2,D,19,16,7,7,2.25,3.5,3.4
449,2015/16,2015-09-27,Watford,Crystal Palace,0,1,A,15,16,2,3,2.5,3.3,3.1
450,2015/16,2015-09-28,West Brom,Everton,2,3,A,9,12,4,4,3.1,3.3,2.5
451,2015/16,2015-10-03,Aston Villa,Stoke,0,1,A,13,12,2,5,2.5,3.3,3.1
452,2015/16,2015-10-03,Bournemouth,Watford,1,1,D,12,11,6,2,2.1,3.5,3.8
453,2015/16,2015-10-03,Chelsea,Southampton,1,3,A,10,13,3,5,1.83,3.7,4.8
454,2015/16,2015-10-03,Crystal Palace,West Brom,2,0,H,21,7,8,2,1.83,3.6,5.0
455,2015/16,2015-10-03,Man City,Newcastle,6,1,H,23,6,11,4,1.25,7.0,13.0
456,2015/16,2015-10-03,Norwich,Leicester,1,2,A,17,16,2,5,2.3,3.5,3.3
457,2015/16,2015-10-03,Sunderland,West Ham,2,2,D,12,20,3,6,3.2,3.4,2.4
458,2015/16,2015-10-04,Arsenal,Man United,3,0,H,12,9,5,5,2.0,3.8,3.8
459,2015/16,2015-10-04,Everton,Liverpool,1,1,D,14,13,4,4,2.7,3.4,2.8
460,2015/16,2015-10-04,Swansea,Tottenham,2,2,D,11,19,2,11,2.75,3.25,2.8
461,2015/16,2015-10-17,Chelsea,Aston Villa,2,0,H,9,8,3,1,1.33,5.75,10.0
462,2015/16,2015-10-17,Crystal Palace,West Ham,1,3,A,6,24,1,4,2.0,3.6,4.0
463,2015/16,2015-10-17,Everton,Man United,0,3,A,12,10,3,7,3.25,3.4,2.38
464,2015/16,2015-10-17,Man City,Bournemouth,5,1,H,15,5,11,1,1.33,5.75,10.0
465,2015/16,2015-10-17,Southampton,Leicester,2,2,D,14,26,6,7,1.75,4.0,5.0
466,2015/16,2015-10-17,Tottenham,Liverpool,0,0,D,13,12,4,3,2.5,3.5,3.0
467,2015/16,2015-10-17,Watford,Arsenal,0,3,A,8,17,1,6,6.0,4.2,1.62
468,2015/16,2015-10-17,West Brom,Sunderland,1,0,H,8,9,1,2,2.05,3.4,4.2
469,2015/16,2015-10-18,Newcastle,Norwich,6,2,H,11,18,6,6,2.6,3.4,2.88
470,2015/16,2015-10-19,Swansea,Stoke,0,1,A,14,9,2,2,2.05,3.4,4.2
471,2015/16,2015-10-24,Arsenal,Everton,2,1,H,20,10,5,5,1.44,4.75,8.0
472,2015/16,2015-10-24,Aston Villa,Swansea,1,2,A,9,11,3,4,3.0,3.3,2.6
473,2015/16,2015-10-24,Leicester,Crystal Palace,1,0,H,12,9,3,4,2.2,3.6,3.4
474,2015/16,2015-10-24,Norwich,West Brom,0,1,A,16,7,3,4,2.0,3.5,4.2
475,2015/16,2015-10-24,Stoke,Watford,0,2,A,12,13,1,3,2.1,3.3,4.0
476,2015/16,2015-10-24,West Ham,Chelsea,2,1,H,12,8,5,4,4.0,3.8,1.95
477,2015/16,2015-10-25,Bournemouth,Tottenham,1,5,A,11,14,3,9,3.4,3.5,2.25
478,2015/16,2015-10-25,Liverpool,Southampton,1,1,D,15,8,2,3,2.05,3.6,3.8
479,2015/16,2015-10-25,Man United,Man City,0,0,D,6,6,1,1,2.6,3.5,2.8
480,2015/16,2015-10-25,Sunderland,Newcastle,3,0,H,9,21,3,8,2.6,3.4,2.9
481,2015/16,2015-10-31,Chelsea,Liverpool,1,3,A,8,16,2,7,2.1,3.5,3.75
482,2015/16,2015-10-31,Crystal Palace,Man United,0,0,D,10,5,5,1,3.8,3.5,2.1
483,2015/16,2015-10-31,Man City,Norwich,2,1,H,21,5,5,3,1.29,6.0,12.0
484,2015/16,2015-10-31,Newcastle,Stoke,0,0,D,15,9,6,2,2.4,3.4,3.2
485,2015/16,2015-10-31,Swansea,Arsenal,0,3,A,8,15,3,5,5.0,4.0,1.75
486,2015/16,2015-10-31,Watford,West Ham,2,0,H,20,8,5,3,2.6,3.4,2.9
487,2015/16,2015-10-31,West Brom,Leicester,2,3,A,14,13,6,5,2.9,3.4,2.6
488,2015/16,2015-11-01,Everton,Sunderland,6,2,H,15,17,8,9,1.5,4.5,7.5
489,2015/16,2015-11-01,Southampton,Bournemouth,2,0,H,11,16,2,2,1.55,4.33,6.5
490,2015/16,2015-11-02,Tottenham,Aston Villa,3,1,H,17,13,6,2,1.44,4.75,8.0
491,2015/16,2015-11-07,Bournemouth,Newcastle,0,1,A,20,2,5,1,2.25,3.5,3.4
492,2015/16,2015-11-07,Leicester,Watford,2,1,H,12,8,6,4,1.85,3.8,4.5
493,2015/16,2015-11-07,Man United,West Brom,2,0,H,13,4,3,0,1.33,5.25,12.0
494,2015/16,2015-11-07,Norwich,Swansea,1,0,H,9,8,5,0,2.45,3.4,3.1
495,2015/16,2015-11-07,Stoke,Chelsea,1,0,H,8,19,2,4,3.8,3.6,2.05
496,2015/16,2015-11-07,Sunderland,Southampton,0,1,A,9,11,3,4,4.75,3.8,1.8
497,2015/16,2015-11-07,West Ham,Everton,1,1,D,16,13,5,4,2.6,3.5,2.8
498,2015/16,2015-11-08,Arsenal,Tottenham,1,1,D,10,14,4,4,1.73,4.0,5.0
499,2015/16,2015-11-08,Aston Villa,Man City,0,0,D,3,13,0,3,7.5,5.0,1.44
500,2015/16,2015-11-08,Liverpool,Crystal Palace,1,2,A,22,9,4,4,1.67,3.8,6.0
501,2015/16,2015-11-21,Chelsea,Norwich,1,0,H,21,4,7,2,1.4,5.0,9.0
502,2015/16,2015-11-21,Everton,Aston Villa,4,0,H,16,10,9,3,1.57,4.2,6.5
503,2015/16,2015-11-21,Man City,Liverpool,1,4,A,11,14,3,9,1.7,4.0,5.5
504,2015/16,2015-11-21,Newcastle,Leicester,0,3,A,9,18,1,7,2.88,3.6,2.5
505,2015/16,2015-11-21,Southampton,Stoke,0,1,A,16,16,1,4,1.57,4.0,7.0
506,2015/16,2015-11-21,Swansea,Bournemouth,2,2,D,11,16,4,4,1.91,3.6,4.5
507,2015/16,2015-11-21,Watford,Man United,1,2,A,10,13,5,6,4.33,3.4,2.0
508,2015/16,2015-11-21,West Brom,Arsenal,2,1,H,4,11,1,3,7.0,4.33,1.53
509,2015/16,2015-11-22,Tottenham,West Ham,4,1,H,22,10,12,4,1.57,4.2,6.5
510,2015/16,2015-11-23,Crystal Palace,Sunderland,0,1,A,19,12,7,4,1.57,4.0,7.0
511,2015/16,2015-11-28,Aston Villa,Watford,2,3,A,12,14,6,6,2.75,3.3,2.8
512,2015/16,2015-11-28,Bournemouth,Everton,3,3,D,19,11,10,6,2.9,3.6,2.5
513,2015/16,2015-11-28,Crystal Palace,Newcastle,5,1,H,19,7,8,2,1.7,3.9,5.5
514,2015/16,2015-11-28,Leicester,Man United,1,1,D,7,10,3,2,3.1,3.5,2.4
515,2015/16,2015-11-28,Man City,Southampton,3,1,H,16,12,9,8,1.6,4.33,6.0
516,2015/16,2015-11-28,Sunderland,Stoke,2,0,H,18,7,5,3,3.2,3.3,2.45
517,2015/16,2015-11-29,Liverpool,Swansea,1,0,H,10,8,2,0,1.44,4.75,8.0
518,2015/16,2015-11-29,Norwich,Arsenal,1,1,D,7,12,2,3,6.0,4.2,1.62
519,2015/16,2015-11-29,Tottenham,Chelsea,0,0,D,9,5,4,1,2.6,3.4,2.9
520,2015/16,2015-11-29,West Ham,West Brom,1,1,D,17,7,6,3,2.05,3.5,4.0
521,2015/16,2015-12-05,Arsenal,Sunderland,3,1,H,16,11,7,4,1.29,6.0,13.0
522,2015/16,2015-12-05,Chelsea,Bournemouth,0,1,A,19,15,6,5,1.36,5.25,9.5
523,2015/16,2015-12-05,Man United,West Ham,0,0,D,21,9,1,2,1.44,4.5,9.0
524,2015/16,2015-12-05,Southampton,Aston Villa,1,1,D,23,9,5,2,1.5,4.5,7.5
525,2015/16,2015-12-05,Stoke,Man City,2,0,H,7,11,4,4,5.25,4.0,1.7
526,2015/16,2015-12-05,Swansea,Leicester,0,3,A,10,16,2,5,2.7,3.4,2.75
527,2015/16,2015-12-05,Watford,Norwich,2,0,H,14,6,7,1,2.15,3.5,3.6
528,2015/16,2015-12-05,West Brom,Tottenham,1,1,D,11,9,4,3,4.75,3.6,1.85
529,2015/16,2015-12-06,Newcastle,Liverpool,2,0,H,6,10,1,1,5.75,4.33,1.62
530,2015/16,2015-12-07,Everton,Crystal Palace,1,1,D,19,14,4,5,2.1,3.6,3.75
531,2015/16,2015-12-12,Bournemouth,Man United,2,1,H,11,11,5,5,3.4,3.4,2.3
532,2015/16,2015-12-12,Crystal Palace,Southampton,1,0,H,12,15,5,3,2.6,3.3,3.0
533,2015/16,2015-12-12,Man City,Swansea,2,1,H,13,13,5,7,1.3,6.0,11.0
534,2015/16,2015-12-12,Norwich,Everton,1,1,D,9,15,2,3,2.9,3.5,2.55
535,2015/16,2015-12-12,Sunderland,Watford,0,1,A,14,13,2,6,2.9,3.3,2.63
536,2015/16,2015-12-12,West Ham,Stoke,0,0,D,22,12,9,3,2.63,3.3,2.9
537,2015/16,2015-12-13,Aston Villa,Arsenal,0,2,A,18,8,2,4,6.5,4.2,1.57
538,2015/16,2015-12-13,Liverpool,West Brom,2,2,D,28,4,8,2,1.4,4.75,10.0
539,2015/16,2015-12-13,Tottenham,Newcastle,1,2,A,20,8,8,4,1.36,5.5,9.0
540,2015/16,2015-12-14,Leicester,Chelsea,2,1,H,9,11,5,5,3.2,3.5,2.35
541,2015/16,2015-12-19,Chelsea,Sunderland,3,1,H,17,11,7,3,1.33,5.25,12.0
542,2015/16,2015-12-19,Everton,Leicester,2,3,A,13,10,5,5,2.1,3.75,3.6
543,2015/16,2015-12-19,Man United,Norwich,1,2,A,11,6,2,4,1.45,4.5,8.5
544,2015/16,2015-12-19,Newcastle,Aston Villa,1,1,D,8,10,4,7,2.05,3.5,4.0
545,2015/16,2015-12-19,Southampton,Tottenham,0,2,A,11,13,4,6,2.7,3.4,2.8
546,2015/16,2015-12-19,Stoke,Crystal Palace,1,2,A,26,12,5,3,2.5,3.2,3.2
547,2015/16,2015-12-19,West Brom,Bournemouth,1,2,A,6,16,2,7,2.55,3.3,3.0
548,2015/16,2015-12-20,Swansea,West Ham,0,0,D,21,11,2,2,2.1,3.4,3.9
549,2015/16,2015-12-20,Watford,Liverpool,3,0,H,6,12,5,4,4.2,3.6,1.95
550,2015/16,2015-12-21,Arsenal,Man City,2,1,H,8,20,5,6,2.45,3.5,3.0
551,2015/16,2015-12-26,Aston Villa,West Ham,1,1,D,15,10,8,4,2.63,3.25,2.75
552,2015/16,2015-12-26,Bournemouth,Crystal Palace,0,0,D,10,8,4,0,2.4,3.3,3.0
553,2015/16,2015-12-26,Chelsea,Watford,2,2,D,17,12,2,3,1.44,4.5,7.5
554,2015/16,2015-12-26,Liverpool,Leicester,1,0,H,25,7,4,3,1.91,3.8,3.8
555,2015/16,2015-12-26,Man City,Sunderland,4,1,H,19,11,9,3,1.2,7.0,13.0
556,2015/16,2015-12-26,Newcastle,Everton,0,1,A,10,20,1,7,3.2,3.5,2.2
557,2015/16,2015-12-26,Southampton,Arsenal,4,0,H,15,7,5,4,3.6,3.5,2.05
558,2015/16,2015-12-26,Stoke,Man United,2,0,H,13,11,3,6,3.25,3.2,2.3
559,2015/16,2015-12-26,Swansea,West Brom,1,0,H,7,9,2,3,1.91,3.4,4.5
560,2015/16,2015-12-26,Tottenham,Norwich,3,0,H,15,11,10,3,1.4,4.75,8.0
561,2015/16,2015-12-28,Arsenal,Bournemouth,2,0,H,13,10,6,3,1.44,4.75,8.0
562,2015/16,2015-12-28,Crystal Palace,Swansea,0,0,D,10,5,2,3,2.1,3.4,4.0
563,2015/16,2015-12-28,Everton,Stoke,3,4,A,15,8,3,5,1.95,3.6,4.2
564,2015/16,2015-12-28,Man United,Chelsea,0,0,D,12,8,2,3,2.6,3.3,3.0
565,2015/16,2015-12-28,Norwich,Aston Villa,2,0,H,9,6,4,3,2.05,3.6,3.8
566,2015/16,2015-12-28,Watford,Tottenham,1,2,A,9,10,1,3,3.75,3.5,2.1
567,2015/16,2015-12-28,West Brom,Newcastle,1,0,H,22,7,5,2,2.2,3.25,3.75
568,2015/16,2015-12-28,West Ham,Southampton,2,1,H,13,15,5,4,3.6,3.4,2.2
569,2015/16,2015-12-29,Leicester,Man City,0,0,D,11,21,4,5,4.33,4.0,1.85
570,2015/16,2015-12-30,Sunderland,Liverpool,0,1,A,8,17,3,6,5.5,3.9,1.7
571,2015/16,2016-01-02,Arsenal,Newcastle,1,0,H,16,15,3,6,1.29,6.5,11.0
572,2015/16,2016-01-02,Leicester,Bournemouth,0,0,D,16,9,2,0,1.91,3.75,4.33
573,2015/16,2016-01-02,Man United,Swansea,2,1,H,19,9,6,4,1.55,4.2,7.0
574,2015/16,2016-01-02,Norwich,Southampton,1,0,H,10,10,1,4,3.2,3.4,2.4
575,2015/16,2016-01-02,Sunderland,Aston Villa,3,1,H,13,8,6,3,2.5,3.25,3.2
576,2015/16,2016-01-02,Watford,Man City,1,2,A,11,16,3,5,5.0,4.0,1.75
577,2015/16,2016-01-02,West Brom,Stoke,2,1,H,16,10,5,3,2.8,3.2,2.8
578,2015/16,2016-01-02,West Ham,Liverpool,2,0,H,18,23,10,2,4.0,3.5,2.05
579,2015/16,2016-01-03,Crystal Palace,Chelsea,0,3,A,8,10,4,4,3.8,3.5,2.1
580,2015/16,2016-01-03,Everton,Tottenham,1,1,D,12,19,3,4,2.8,3.5,2.63
581,2015/16,2016-01-12,Aston Villa,Crystal Palace,1,0,H,13,9,3,1,3.2,3.25,2.45
582,2015/16,2016-01-12,Bournemouth,West Ham,1,3,A,11,10,4,5,2.0,3.6,4.0
583,2015/16,2016-01-12,Newcastle,Man United,3,3,D,14,12,6,4,5.0,3.7,1.8
584,2015/16,2016-01-13,Chelsea,West Brom,2,2,D,14,13,2,6,1.44,4.5,9.0
585,2015/16,2016-01-13,Liverpool,Arsenal,3,3,D,22,14,6,5,2.88,3.4,2.6
586,2015/16,2016-01-13,Man City,Everton,0,0,D,22,7,5,2,1.53,4.75,6.0
587,2015/16,2016-01-13,Southampton,Watford,2,0,H,15,4,7,1,1.95,3.5,4.33
588,2015/16,2016-01-13,Stoke,Norwich,3,1,H,14,5,4,2,2.05,3.3,4.2
589,2015/16,2016-01-13,Swansea,Sunderland,2,4,A,10,7,5,5,1.8,3.6,5.25
590,2015/16,2016-01-13,Tottenham,Leicester,0,1,A,21,10,5,2,1.75,3.8,5.25
591,2015/16,2016-01-16,Aston Villa,Leicester,1,1,D,14,12,5,5,3.6,3.4,2.2
592,2015/16,2016-01-16,Bournemouth,Norwich,3,0,H,15,10,8,3,1.91,3.6,4.5
593,2015/16,2016-01-16,Chelsea,Everton,3,3,D,14,9,7,4,1.83,3.75,4.75
594,2015/16,2016-01-16,Man City,Crystal Palace,4,0,H,17,9,4,3,1.4,5.25,8.5
595,2015/16,2016-01-16,Newcastle,West Ham,2,1,H,23,10,10,3,2.5,3.4,3.0
596,2015/16,2016-01-16,Southampton,West Brom,3,0,H,9,9,5,0,1.73,3.75,5.5
597,2015/16,2016-01-16,Tottenham,Sunderland,4,1,H,26,5,11,2,1.36,5.25,9.5
598,2015/16,2016-01-17,Liverpool,Man United,0,1,A,19,7,4,1,2.3,3.25,3.5
599,2015/16,2016-01-17,Stoke,Arsenal,0,0,D,14,8,6,3,4.33,3.6,1.95
600,2015/16,2016-01-18,Swansea,Watford,1,0,H,10,13,2,2,2.38,3.25,3.4
601,2015/16,2016-01-23,Crystal Palace,Tottenham,1,3,A,11,24,3,11,3.6,3.5,2.15
602,2015/16,2016-01-23,Leicester,Stoke,3,0,H,15,3,5,2,2.1,3.5,3.8
603,2015/16,2016-01-23,Man United,Southampton,0,1,A,8,7,1,2,1.91,3.5,4.75
604,2015/16,2016-01-23,Norwich,Liverpool,4,5,A,6,13,5,7,4.33,3.5,1.95
605,2015/16,2016-01-23,Sunderland,Bournemouth,1,1,D,10,15,5,5,3.0,3.4,2.5
606,2015/16,2016-01-23,Watford,Newcastle,2,1,H,13,11,5,2,2.05,3.5,4.0
607,2015/16,2016-01-23,West Brom,Aston Villa,0,0,D,4,15,0,4,2.1,3.3,4.0
608,2015/16,2016-01-23,West Ham,Man City,2,2,D,10,16,3,3,5.0,4.0,1.73
609,2015/16,2016-01-24,Arsenal,Chelsea,0,1,A,9,12,1,6,2.1,3.5,3.9
610,2015/16,2016-01-24,Everton,Swansea,1,2,A,20,7,2,5,1.73,3.8,5.5
611,2015/16,2016-02-02,Arsenal,Southampton,0,0,D,21,14,11,3,1.75,3.75,5.25
612,2015/16,2016-02-02,Crystal Palace,Bournemouth,1,2,A,14,8,3,4,2.45,3.3,3.2
613,2015/16,2016-02-02,Leicester,Liverpool,2,0,H,13,14,6,2,2.63,3.4,2.88
614,2015/16,2016-02-02,Man United,Stoke,3,0,H,15,10,5,0,1.7,3.75,5.75
615,2015/16,2016-02-02,Norwich,Tottenham,0,3,A,10,17,2,6,4.5,3.75,1.85
616,2015/16,2016-02-02,Sunderland,Man City,0,1,A,11,6,2,2,8.0,4.75,1.45
617,2015/16,2016-02-02,West Brom,Swansea,1,1,D,17,18,7,4,2.63,3.1,3.1
618,2015/16,2016-02-02,West Ham,Aston Villa,2,0,H,25,6,6,2,1.91,3.5,4.75
619,2015/16,2016-02-03,Everton,Newcastle,3,0,H,18,7,7,3,1.65,4.2,5.5
620,2015/16,2016-02-03,Watford,Chelsea,0,0,D,12,12,3,4,4.33,3.5,1.95
621,2015/16,2016-02-06,Aston Villa,Norwich,2,0,H,10,12,3,4,2.45,3.2,3.3
622,2015/16,2016-02-06,Liverpool,Sunderland,2,2,D,16,7,5,2,1.44,4.75,8.5
623,2015/16,2016-02-06,Man City,Leicester,1,3,A,22,14,4,7,1.62,4.2,6.0
624,2015/16,2016-02-06,Newcastle,West Brom,1,0,H,19,7,7,0,2.15,3.4,3.8
625,2015/16,2016-02-06,Southampton,West Ham,1,0,H,8,18,2,2,1.73,3.8,5.5
626,2015/16,2016-02-06,Stoke,Everton,0,3,A,11,14,3,6,2.7,3.4,2.8
627,2015/16,2016-02-06,Swansea,Crystal Palace,1,1,D,19,12,3,2,2.25,3.3,3.6
628,2015/16,2016-02-06,Tottenham,Watford,1,0,H,26,3,9,0,1.5,4.33,8.0
629,2015/16,2016-02-07,Bournemouth,Arsenal,0,2,A,17,10,4,5,3.8,3.5,2.1
630,2015/16,2016-02-07,Chelsea,Man United,1,1,D,16,17,5,7,2.15,3.3,3.9
631,2015/16,2016-02-13,Bournemouth,Stoke,1,3,A,11,11,2,6,2.05,3.4,4.1
632,2015/16,2016-02-13,Chelsea,Newcastle,5,1,H,15,10,5,4,1.44,4.75,8.0
633,2015/16,2016-02-13,Crystal Palace,Watford,1,2,A,14,10,7,3,2.25,3.3,3.6
634,2015/16,2016-02-13,Everton,West Brom,0,1,A,34,5,6,1,1.53,4.2,7.5
635,2015/16,2016-02-13,Norwich,West Ham,2,2,D,13,11,3,6,2.38,3.4,3.25
636,2015/16,2016-02-13,Sunderland,Man United,2,1,H,21,12,5,6,5.25,3.75,1.75
637,2015/16,2016-02-13,Swansea,Southampton,0,1,A,13,13,2,5,3.2,3.25,2.5
638,2015/16,2016-02-14,Arsenal,Leicester,2,1,H,24,7,6,3,1.75,4.0,5.0
639,2015/16,2016-02-14,Aston Villa,Liverpool,0,6,A,6,11,1,9,4.75,3.6,1.85
640,2015/16,2016-02-14,Man City,Tottenham,1,2,A,19,6,4,3,2.1,3.75,3.6
641,2015/16,2016-02-27,Leicester,Norwich,1,0,H,13,9,3,1,1.5,4.33,6.0
642,2015/16,2016-02-27,Southampton,Chelsea,1,2,A,7,16,2,4,2.8,3.25,2.5
643,2015/16,2016-02-27,Stoke,Aston Villa,2,1,H,11,5,3,1,1.62,3.75,5.5
644,2015/16,2016-02-27,Watford,Bournemouth,0,0,D,14,11,1,3,2.38,3.25,3.0
645,2015/16,2016-02-27,West Brom,Crystal Palace,3,2,H,11,15,5,2,2.6,3.1,2.8
646,2015/16,2016-02-27,West Ham,Sunderland,1,0,H,9,13,3,4,1.8,3.5,4.5
647,2015/16,2016-02-28,Man United,Arsenal,3,2,H,7,13,5,5,3.0,3.25,2.38
648,2015/16,2016-02-28,Tottenham,Swansea,2,1,H,34,10,14,4,1.4,4.2,9.0
649,2015/16,2016-03-01,Aston Villa,Everton,1,3,A,14,10,5,7,4.5,3.6,1.91
650,2015/16,2016-03-01,Bournemouth,Southampton,2,0,H,9,6,4,1,2.9,3.25,2.7
651,2015/16,2016-03-01,Leicester,West Brom,2,2,D,22,11,5,3,1.73,3.8,5.5
652,2015/16,2016-03-01,Norwich,Chelsea,1,2,A,13,10,2,2,5.25,4.0,1.7
653,2015/16,2016-03-01,Sunderland,Crystal Palace,2,2,D,17,13,6,5,2.5,3.3,3.1
654,2015/16,2016-03-02,Arsenal,Swansea,1,2,A,18,11,4,2,1.36,5.25,10.0
655,2015/16,2016-03-02,Liverpool,Man City,3,0,H,11,4,7,2,2.63,3.4,2.88
656,2015/16,2016-03-02,Man United,Watford,1,0,H,14,13,3,3,1.67,3.8,6.0
657,2015/16,2016-03-02,Stoke,Newcastle,1,0,H,9,5,2,3,2.0,3.5,4.2
658,2015/16,2016-03-02,West Ham,Tottenham,1,0,H,14,9,3,2,4.0,3.6,2.0
659,2015/16,2016-03-05,Chelsea,Stoke,1,1,D,20,16,7,5,1.5,4.5,7.5
660,2015/16,2016-03-05,Everton,West Ham,2,3,A,15,17,8,5,1.73,4.0,5.0
661,2015/16,2016-03-05,Man City,Aston Villa,4,0,H,22,2,9,1,1.22,7.0,15.0
662,2015/16,2016-03-05,Newcastle,Bournemouth,1,3,A,14,16,3,5,2.63,3.4,2.88
663,2015/16,2016-03-05,Southampton,Sunderland,1,1,D,16,11,5,3,1.6,4.0,6.5
664,2015/16,2016-03-05,Swansea,Norwich,1,0,H,10,8,3,3,2.05,3.5,4.0
665,2015/16,2016-03-05,Tottenham,Arsenal,2,2,D,26,10,11,4,2.38,3.4,3.25
666,2015/16,2016-03-05,Watford,Leicester,0,1,A,11,14,4,7,3.0,3.4,2.55
667,2015/16,2016-03-06,Crystal Palace,Liverpool,1,2,A,14,19,4,5,3.8,3.5,2.1
668,2015/16,2016-03-06,West Brom,Man United,1,0,H,9,7,2,1,4.33,3.4,2.0
669,2015/16,2016-03-12,Bournemouth,Swansea,3,2,H,12,12,4,4,1.95,3.5,4.33
670,2015/16,2016-03-12,Norwich,Man City,0,0,D,5,15,0,3,6.0,4.2,1.6
671,2015/16,2016-03-12,Stoke,Southampton,1,2,A,13,11,2,4,2.7,3.2,2.9
672,2015/16,2016-03-13,Aston Villa,Tottenham,0,2,A,11,19,2,8,7.5,4.5,1.5
673,2015/16,2016-03-14,Leicester,Newcastle,1,0,H,10,13,1,2,1.57,4.33,6.25
674,2015/16,2016-03-19,Chelsea,West Ham,2,2,D,22,13,5,6,1.75,3.8,5.25
675,2015/16,2016-03-19,Crystal Palace,Leicester,0,1,A,12,8,4,3,3.0,3.4,2.5
676,2015/16,2016-03-19,Everton,Arsenal,0,2,A,8,11,2,3,2.7,3.5,2.7
677,2015/16,2016-03-19,Swansea,Aston Villa,1,0,H,10,12,1,2,1.67,3.8,6.0
678,2015/16,2016-03-19,Watford,Stoke,1,2,A,9,9,4,6,2.4,3.25,3.3
679,2015/16,2016-03-19,West Brom,Norwich,0,1,A,10,7,0,1,2.25,3.3,3.6
680,2015/16,2016-03-20,Man City,Man United,0,1,A,26,5,2,3,1.83,3.75,4.75
681,2015/16,2016-03-20,Newcastle,Sunderland,1,1,D,17,14,8,4,2.1,3.5,3.8
682,2015/16,2016-03-20,Southampton,Liverpool,3,2,H,16,18,5,9,2.63,3.4,2.88
683,2015/16,2016-03-20,Tottenham,Bournemouth,3,0,H,17,2,8,0,1.53,4.33,7.0
684,2015/16,2016-04-02,Arsenal,Watford,4,0,H,19,6,12,2,1.36,5.25,10.0
685,2015/16,2016-04-02,Aston Villa,Chelsea,0,4,A,15,11,4,8,6.5,4.33,1.57
686,2015/16,2016-04-02,Bournemouth,Man City,0,4,A,11,15,2,7,3.75,3.6,2.1
687,2015/16,2016-04-02,Liverpool,Tottenham,1,1,D,15,18,7,5,2.5,3.4,3.0
688,2015/16,2016-04-02,Norwich,Newcastle,3,2,H,13,13,6,5,2.2,3.4,3.6
689,2015/16,2016-04-02,Stoke,Swansea,2,2,D,12,12,5,3,2.2,3.4,3.6
690,2015/16,2016-04-02,Sunderland,West Brom,0,0,D,22,3,7,0,2.1,3.3,4.0
691,2015/16,2016-04-02,West Ham,Crystal Palace,2,2,D,18,12,6,5,1.95,3.6,4.2
692,2015/16,2016-04-03,Leicester,Southampton,1,0,H,11,10,4,2,2.25,3.4,3.5
693,2015/16,2016-04-03,Man United,Everton,1,0,H,10,7,2,1,2.1,3.5,3.75
694,2015/16,2016-04-09,Aston Villa,Bournemouth,1,2,A,6,12,1,3,3.4,3.2,2.2
695,2015/16,2016-04-09,Crystal Palace,Norwich,1,0,H,13,13,6,4,2.05,3.4,3.6
696,2015/16,2016-04-09,Man City,West Brom,2,1,H,13,13,4,2,1.33,5.0,9.0
697,2015/16,2016-04-09,Southampton,Newcastle,3,1,H,20,5,6,3,1.53,4.0,6.0
698,2015/16,2016-04-09,Swansea,Chelsea,1,0,H,12,8,6,2,3.75,3.4,2.0
699,2015/16,2016-04-09,Watford,Everton,1,1,D,13,12,5,7,3.4,3.3,2.15
700,2015/16,2016-04-09,West Ham,Arsenal,3,3,D,19,11,7,6,3.6,3.5,2.0
701,2015/16,2016-04-10,Liverpool,Stoke,4,1,H,14,10,6,3,1.55,4.0,5.75
702,2015/16,2016-04-10,Sunderland,Leicester,0,2,A,15,17,1,7,3.4,3.4,2.1
703,2015/16,2016-04-10,Tottenham,Man United,3,0,H,16,5,8,1,1.91,3.5,4.0
704,2015/16,2016-04-13,Crystal Palace,Everton,0,0,D,18,9,6,5,2.9,3.4,2.6
705,2015/16,2016-04-16,Chelsea,Man City,0,3,A,11,11,4,8,2.75,3.4,2.7
706,2015/16,2016-04-16,Everton,Southampton,1,1,D,7,18,2,4,2.7,3.4,2.8
707,2015/16,2016-04-16,Man United,Aston Villa,1,0,H,13,7,4,1,1.22,7.0,17.0
708,2015/16,2016-04-16,Newcastle,Swansea,3,0,H,12,11,7,1,2.3,3.4,3.4
709,2015/16,2016-04-16,Norwich,Sunderland,0,3,A,19,8,6,3,2.4,3.3,3.25
710,2015/16,2016-04-16,West Brom,Watford,0,1,A,16,11,4,4,2.4,3.2,3.4
711,2015/16,2016-04-17,Arsenal,Crystal Palace,1,1,D,21,7,6,2,1.33,5.75,9.5
712,2015/16,2016-04-17,Bournemouth,Liverpool,1,2,A,18,19,5,6,3.6,3.5,2.15
713,2015/16,2016-04-17,Leicester,West Ham,2,2,D,6,19,2,4,1.95,3.6,4.2
714,2015/16,2016-04-18,Stoke,Tottenham,0,4,A,12,23,2,6,4.5,3.75,1.85
715,2015/16,2016-04-19,Newcastle,Man City,1,1,D,5,9,3,5,6.0,4.5,1.57
716,2015/16,2016-04-20,Liverpool,Everton,4,0,H,37,3,13,0,1.73,4.0,5.0
717,2015/16,2016-04-20,Man United,Crystal Palace,2,0,H,16,5,10,0,1.53,4.33,7.0
718,2015/16,2016-04-20,West Ham,Watford,3,1,H,18,7,7,4,1.57,4.33,6.5
719,2015/16,2016-04-21,Arsenal,West Brom,2,0,H,16,8,7,1,1.29,6.0,13.0
720,2015/16,2016-04-23,Aston Villa,Southampton,2,4,A,16,17,7,7,7.5,4.2,1.53
721,2015/16,2016-04-23,Bournemouth,Chelsea,1,4,A,13,16,4,4,3.1,3.5,2.4
722,2015/16,2016-04-23,Liverpool,Newcastle,2,2,D,13,6,4,3,1.57,4.5,6.0
723,2015/16,2016-04-23,Man City,Stoke,4,0,H,11,14,6,2,1.3,6.0,11.0
724,2015/16,2016-04-24,Leicester,Swansea,4,0,H,18,9,9,1,1.75,3.7,5.5
725,2015/16,2016-04-24,Sunderland,Arsenal,0,0,D,12,20,3,7,4.5,4.0,1.8
726,2015/16,2016-04-25,Tottenham,West Brom,1,1,D,19,16,2,3,1.22,7.0,15.0
727,2015/16,2016-04-30,Arsenal,Norwich,1,0,H,14,12,3,3,1.29,6.5,11.0
728,2015/16,2016-04-30,Everton,Bournemouth,2,1,H,12,16,5,2,2.0,3.8,3.8
729,2015/16,2016-04-30,Newcastle,Crystal Palace,1,0,H,10,9,4,3,2.0,3.6,4.0
730,2015/16,2016-04-30,Stoke,Sunderland,1,1,D,11,14,3,5,2.75,3.3,2.8
731,2015/16,2016-04-30,Watford,Aston Villa,3,2,H,18,7,6,2,1.7,3.8,5.75
732,2015/16,2016-04-30,West Brom,West Ham,0,3,A,15,8,5,4,4.0,3.4,2.1
733,2015/16,2016-05-01,Man United,Leicester,1,1,D,21,14,6,3,2.1,3.4,3.9
734,2015/16,2016-05-01,Southampton,Man City,4,2,H,14,6,7,5,2.8,3.4,2.7
735,2015/16,2016-05-01,Swansea,Liverpool,3,1,H,18,11,9,3,3.1,3.5,2.4
736,2015/16,2016-05-02,Chelsea,Tottenham,2,2,D,13,16,5,5,2.75,3.6,2.63
737,2015/16,2016-05-07,Aston Villa,Newcastle,0,0,D,2,9,0,3,5.75,4.2,1.65
738,2015/16,2016-05-07,Bournemouth,West Brom,1,1,D,12,12,4,4,1.95,3.6,4.2
739,2015/16,2016-05-07,Crystal Palace,Stoke,2,1,H,17,12,4,3,2.05,3.5,3.9
740,2015/16,2016-05-07,Leicester,Everton,3,1,H,32,9,8,5,1.91,4.0,4.0
741,2015/16,2016-05-07,Norwich,Man United,0,1,A,8,15,2,2,4.5,3.6,1.91
742,2015/16,2016-05-07,Sunderland,Chelsea,3,2,H,15,9,4,8,3.0,3.5,2.45
743,2015/16,2016-05-07,West Ham,Swansea,1,4,A,25,13,7,6,1.44,4.75,8.0
744,2015/16,2016-05-08,Liverpool,Watford,2,0,H,19,14,5,3,1.5,4.5,7.5
745,2015/16,2016-05-08,Man City,Arsenal,2,2,D,14,5,3,2,2.5,3.6,2.9
746,2015/16,2016-05-08,Tottenham,Southampton,1,2,A,20,10,6,2,2.05,3.6,3.9
747,2015/16,2016-05-10,West Ham,Man United,3,2,H,20,3,6,2,3.0,3.5,2.45
748,2015/16,2016-05-11,Liverpool,Chelsea,1,1,D,28,13,9,7,2.0,3.8,3.8
749,2015/16,2016-05-11,Norwich,Watford,4,2,H,18,12,6,7,1.83,3.75,4.75
750,2015/16,2016-05-11,Sunderland,Everton,3,0,H,14,17,8,6,1.75,4.0,5.0
751,2015/16,2016-05-15,Arsenal,Aston Villa,4,0,H,16,5,7,2,1.17,9.0,17.0
752,2015/16,2016-05-15,Chelsea,Leicester,1,1,D,17,18,4,5,2.3,3.75,3.1
753,2015/16,2016-05-15,Everton,Norwich,3,0,H,15,10,8,2,1.8,4.0,4.5
754,2015/16,2016-05-15,Newcastle,Tottenham,5,1,H,19,17,10,5,4.5,4.0,1.8
755,2015/16,2016-05-15,Southampton,Crystal Palace,4,1,H,18,16,5,4,1.36,5.5,9.0
756,2015/16,2016-05-15,Stoke,West Ham,2,1,H,7,20,4,7,3.5,3.6,2.15
757,2015/16,2016-05-15,Swansea,Man City,1,1,D,4,18,1,5,6.0,4.75,1.53
758,2015/16,2016-05-15,Watford,Sunderland,2,2,D,21,6,6,4,2.05,3.75,3.7
759,2015/16,2016-05-15,West Brom,Liverpool,1,1,D,13,7,1,3,2.4,3.6,3.0
760,2015/16,2016-05-17,Man United,Bournemouth,3,1,H,12,7,5,0,1.67,4.2,5.25
761,2016/17,2016-08-13,Burnley,Swansea,0,1,A,10,17,3,9,2.4,3.3,3.25
762,2016/17,2016-08-13,Crystal Palace,West Brom,0,1,A,14,13,4,3,2.0,3.3,4.5
763,2016/17,2016-08-13,Everton,Tottenham,1,1,D,12,13,6,4,3.2,3.4,2.4
764,2016/17,2016-08-13,Hull,Leicester,2,1,H,14,18,5,5,4.5,3.6,1.91
765,2016/17,2016-08-13,Man City,Sunderland,2,1,H,16,7,4,3,1.25,6.5,15.0
766,2016/17,2016-08-13,Middlesbrough,Stoke,1,1,D,12,12,2,1,2.38,3.2,3.4
767,2016/17,2016-08-13,Southampton,Watford,1,1,D,24,5,6,1,1.8,3.75,5.0
768,2016/17,2016-08-14,Arsenal,Liverpool,3,4,A,9,16,5,7,2.4,3.5,3.1
769,2016/17,2016-08-14,Bournemouth,Man United,1,3,A,9,11,3,7,4.75,3.6,1.85
770,2016/17,2016-08-15,Chelsea,West Ham,2,1,H,16,7,6,3,1.65,4.0,6.0
771,2016/17,2016-08-19,Man United,Southampton,2,0,H,12,13,5,1,1.53,4.2,7.5
772,2016/17,2016-08-20,Burnley,Liverpool,2,0,H,3,26,2,5,6.5,4.2,1.57
773,2016/17,2016-08-20,Leicester,Arsenal,0,0,D,8,13,1,4,2.88,3.6,2.5
774,2016/17,2016-08-20,Stoke,Man City,1,4,A,8,12,3,6,5.5,3.8,1.73
775,2016/17,2016-08-20,Swansea,Hull,0,2,A,13,12,3,4,1.8,3.6,5.25
776,2016/17,2016-08-20,Tottenham,Crystal Palace,1,0,H,20,10,5,2,1.45,4.75,8.0
777,2016/17,2016-08-20,Watford,Chelsea,1,2,A,6,13,2,4,5.5,3.8,1.73
778,2016/17,2016-08-20,West Brom,Everton,1,2,A,11,13,4,7,3.0,3.25,2.6
779,2016/17,2016-08-21,Sunderland,Middlesbrough,1,2,A,18,8,5,3,2.55,3.2,3.1
780,2016/17,2016-08-21,West Ham,Bournemouth,1,0,H,15,8,2,5,1.95,3.75,4.0
781,2016/17,2016-08-27,Chelsea,Burnley,3,0,H,22,6,10,0,1.25,5.5,15.0
782,2016/17,2016-08-27,Crystal Palace,Bournemouth,1,1,D,24,10,5,3,2.3,3.2,3.3
783,2016/17,2016-08-27,Everton,Stoke,1,0,H,21,8,9,1,1.73,3.6,5.25
784,2016/17,2016-08-27,Hull,Man United,0,1,A,8,29,2,9,8.0,4.1,1.44
785,2016/17,2016-08-27,Leicester,Swansea,2,1,H,13,9,6,3,1.73,3.6,5.25
786,2016/17,2016-08-27,Southampton,Sunderland,1,1,D,16,5,7,2,1.57,3.6,6.5
787,2016/17,2016-08-27,Tottenham,Liverpool,1,1,D,11,13,4,3,2.38,3.4,3.0
788,2016/17,2016-08-27,Watford,Arsenal,1,3,A,14,10,6,7,5.0,3.75,1.73
789,2016/17,2016-08-28,Man City,West Ham,3,1,H,22,9,5,2,1.25,6.0,11.0
790,2016/17,2016-08-28,West Brom,Middlesbrough,0,0,D,13,7,2,2,2.6,3.1,2.9
791,2016/17,2016-09-10,Arsenal,Southampton,2,1,H,17,11,2,5,1.57,4.2,6.5
792,2016/17,2016-09-10,Bournemouth,West Brom,1,0,H,12,12,5,2,2.05,3.25,4.33
793,2016/17,2016-09-10,Burnley,Hull,1,1,D,13,11,2,3,2.45,3.1,3.4
794,2016/17,2016-09-10,Liverpool,Leicester,4,1,H,17,12,11,3,1.7,4.0,5.5
795,2016/17,2016-09-10,Man United,Man City,1,2,A,14,18,3,6,2.38,3.25,3.4
796,2016/17,2016-09-10,Middlesbrough,Crystal Palace,1,2,A,12,12,4,4,2.3,3.2,3.6
797,2016/17,2016-09-10,Stoke,Tottenham,0,4,A,15,20,2,8,4.6,3.75,1.85
798,2016/17,2016-09-10,West Ham,Watford,2,4,A,19,13,4,8,1.91,3.6,4.5
799,2016/17,2016-09-11,Swansea,Chelsea,2,2,D,6,28,2,7,5.75,4.0,1.67
800,2016/17,2016-09-12,Sunderland,Everton,0,3,A,11,20,2,9,3.8,3.5,2.1
801,2016/17,2016-09-16,Chelsea,Liverpool,1,2,A,12,13,4,5,2.25,3.5,3.4
802,2016/17,2016-09-17,Everton,Middlesbrough,3,1,H,11,7,6,0,1.67,3.8,6.0
803,2016/17,2016-09-17,Hull,Arsenal,1,4,A,6,24,2,9,6.0,4.2,1.6
804,2016/17,2016-09-17,Leicester,Burnley,3,0,H,14,7,6,2,1.5,4.33,8.0
805,2016/17,2016-09-17,Man City,Bournemouth,4,0,H,20,6,12,2,1.29,6.0,12.0
806,2016/17,2016-09-17,West Brom,West Ham,4,2,H,8,23,6,5,2.8,3.2,2.8
807,2016/17,2016-09-18,Crystal Palace,Stoke,4,1,H,14,11,8,4,2.0,3.5,4.2
808,2016/17,2016-09-18,Southampton,Swansea,1,0,H,19,9,6,3,1.7,3.8,5.75
809,2016/17,2016-09-18,Tottenham,Sunderland,1,0,H,31,6,9,2,1.33,5.5,11.0
810,2016/17,2016-09-18,Watford,Man United,3,1,H,10,15,5,2,6.0,4.2,1.62
811,2016/17,2016-09-24,Arsenal,Chelsea,3,0,H,14,9,5,2,2.4,3.5,3.1
812,2016/17,2016-09-24,Bournemouth,Everton,1,0,H,12,13,1,2,3.6,3.5,2.15
813,2016/17,2016-09-24,Liverpool,Hull,5,1,H,32,2,12,1,1.22,7.0,15.0
814,2016/17,2016-09-24,Man United,Leicester,4,1,H,16,10,7,3,1.73,3.9,5.25
815,2016/17,2016-09-24,Middlesbrough,Tottenham,1,2,A,6,19,2,5,3.75,3.5,2.1
816,2016/17,2016-09-24,Stoke,West Brom,1,1,D,12,9,2,3,2.38,3.3,3.3
817,2016/17,2016-09-24,Sunderland,Crystal Palace,2,3,A,11,20,4,4,2.88,3.25,2.7
818,2016/17,2016-09-24,Swansea,Man City,1,3,A,13,18,5,4,9.0,5.5,1.36
819,2016/17,2016-09-25,West Ham,Southampton,0,3,A,13,18,1,9,2.8,3.3,2.75
820,2016/17,2016-09-26,Burnley,Watford,2,0,H,13,12,4,3,2.9,3.2,2.7
821,2016/17,2016-09-30,Everton,Crystal Palace,1,1,D,13,10,3,2,1.73,4.0,5.0
822,2016/17,2016-10-01,Hull,Chelsea,0,2,A,8,22,3,9,7.5,4.5,1.5
823,2016/17,2016-10-01,Sunderland,West Brom,1,1,D,7,17,2,7,2.5,3.25,3.2
824,2016/17,2016-10-01,Swansea,Liverpool,1,2,A,8,18,3,6,8.0,4.75,1.45
825,2016/17,2016-10-01,Watford,Bournemouth,2,2,D,17,11,7,2,2.38,3.3,3.3
826,2016/17,2016-10-01,West Ham,Middlesbrough,1,1,D,19,9,2,3,2.25,3.4,3.5
827,2016/17,2016-10-02,Burnley,Arsenal,0,1,A,10,18,1,3,9.0,5.0,1.4
828,2016/17,2016-10-02,Leicester,Southampton,0,0,D,9,11,1,5,2.25,3.4,3.5
829,2016/17,2016-10-02,Man United,Stoke,1,1,D,24,7,9,6,1.33,5.75,10.0
830,2016/17,2016-10-02,Tottenham,Man City,2,0,H,13,12,7,6,3.0,3.5,2.5
831,2016/17,2016-10-15,Arsenal,Swansea,3,2,H,16,13,6,6,1.29,6.5,11.0
832,2016/17,2016-10-15,Bournemouth,Hull,6,1,H,22,11,10,4,1.85,3.5,5.0
833,2016/17,2016-10-15,Chelsea,Leicester,3,0,H,16,5,6,0,1.57,4.5,6.0
834,2016/17,2016-10-15,Crystal Palace,West Ham,0,1,A,12,12,3,4,2.15,3.5,3.6
835,2016/17,2016-10-15,Man City,Everton,1,1,D,19,3,8,2,1.5,4.75,7.0
836,2016/17,2016-10-15,Stoke,Sunderland,2,0,H,18,11,6,1,2.0,3.6,4.0
837,2016/17,2016-10-15,West Brom,Tottenham,1,1,D,8,20,4,8,5.5,3.8,1.73
838,2016/17,2016-10-16,Middlesbrough,Watford,0,1,A,10,4,3,2,2.25,3.3,3.6
839,2016/17,2016-10-16,Southampton,Burnley,3,1,H,34,6,14,1,1.4,4.8,9.5
840,2016/17,2016-10-17,Liverpool,Man United,0,0,D,9,7,3,1,2.2,3.5,3.5
841,2016/17,2016-10-22,Arsenal,Middlesbrough,0,0,D,9,11,5,4,1.25,6.5,15.0
842,2016/17,2016-10-22,Bournemouth,Tottenham,0,0,D,8,16,1,4,4.2,3.6,1.95
843,2016/17,2016-10-22,Burnley,Everton,2,1,H,9,20,3,8,6.0,3.8,1.67
844,2016/17,2016-10-22,Hull,Stoke,0,2,A,9,12,2,6,3.1,3.3,2.5
845,2016/17,2016-10-22,Leicester,Crystal Palace,3,1,H,17,23,4,7,2.05,3.5,3.9
846,2016/17,2016-10-22,Liverpool,West Brom,2,1,H,21,6,7,1,1.29,6.0,13.0
847,2016/17,2016-10-22,Swansea,Watford,0,0,D,11,10,5,2,2.38,3.3,3.3
848,2016/17,2016-10-22,West Ham,Sunderland,1,0,H,20,10,3,2,1.67,4.0,5.75
849,2016/17,2016-10-23,Chelsea,Man United,4,0,H,14,16,6,5,2.15,3.4,3.8
850,2016/17,2016-10-23,Man City,Southampton,1,1,D,14,6,3,2,1.5,4.5,7.5
851,2016/17,2016-10-29,Crystal Palace,Liverpool,2,4,A,7,17,6,10,5.25,4.0,1.7
852,2016/17,2016-10-29,Man United,Burnley,0,0,D,37,7,11,1,1.2,7.0,19.0
853,2016/17,2016-10-29,Middlesbrough,Bournemouth,2,0,H,10,15,3,3,2.5,3.2,3.2
854,2016/17,2016-10-29,Sunderland,Arsenal,1,4,A,3,21,1,7,9.0,5.0,1.4
855,2016/17,2016-10-29,Tottenham,Leicester,1,1,D,22,6,5,1,1.62,4.2,6.0
856,2016/17,2016-10-29,Watford,Hull,1,0,H,22,8,0,2,1.75,3.75,5.25
857,2016/17,2016-10-29,West Brom,Man City,0,4,A,9,21,1,8,8.0,4.75,1.44
858,2016/17,2016-10-30,Everton,West Ham,2,0,H,17,13,6,3,1.8,3.8,4.75
859,2016/17,2016-10-30,Southampton,Chelsea,0,2,A,9,13,1,7,3.2,3.4,2.4
860,2016/17,2016-10-31,Stoke,Swansea,3,1,H,17,14,4,6,2.05,3.6,3.8
861,2016/17,2016-11-05,Bournemouth,Sunderland,1,2,A,22,9,7,4,1.65,4.2,5.5
862,2016/17,2016-11-05,Burnley,Crystal Palace,3,2,H,14,16,7,5,3.3,3.3,2.38
863,2016/17,2016-11-05,Chelsea,Everton,5,0,H,21,1,9,0,1.53,4.33,7.0
864,2016/17,2016-11-05,Man City,Middlesbrough,1,1,D,25,5,7,3,1.22,7.0,15.0
865,2016/17,2016-11-05,West Ham,Stoke,1,1,D,9,12,2,4,2.0,3.6,4.0
866,2016/17,2016-11-06,Arsenal,Tottenham,1,1,D,15,10,2,3,1.95,3.6,4.2
867,2016/17,2016-11-06,Hull,Southampton,2,1,H,6,19,2,7,5.75,3.8,1.7
868,2016/17,2016-11-06,Leicester,West Brom,1,2,A,5,11,2,5,1.8,3.6,5.25
869,2016/17,2016-11-06,Liverpool,Watford,6,1,H,28,11,17,8,1.29,6.0,12.0
870,2016/17,2016-11-06,Swansea,Man United,1,3,A,6,9,1,3,5.0,4.0,1.73
871,2016/17,2016-11-19,Crystal Palace,Man City,1,2,A,9,10,2,4,6.5,4.5,1.53
872,2016/17,2016-11-19,Everton,Swansea,1,1,D,14,5,6,3,1.6,4.33,6.0
873,2016/17,2016-11-19,Man United,Arsenal,1,1,D,12,5,5,1,2.6,3.4,2.9
874,2016/17,2016-11-19,Southampton,Liverpool,0,0,D,3,15,0,2,3.4,3.6,2.2
875,2016/17,2016-11-19,Stoke,Bournemouth,0,1,A,14,9,6,2,2.3,3.4,3.4
876,2016/17,2016-11-19,Sunderland,Hull,3,0,H,11,17,4,7,2.15,3.4,3.8
877,2016/17,2016-11-19,Tottenham,West Ham,3,2,H,14,11,6,3,1.5,4.5,7.5
878,2016/17,2016-11-19,Watford,Leicester,2,1,H,10,10,3,2,2.8,3.3,2.75
879,2016/17,2016-11-20,Middlesbrough,Chelsea,0,1,A,12,13,1,3,7.0,4.0,1.57
880,2016/17,2016-11-21,West Brom,Burnley,4,0,H,16,5,6,2,1.95,3.4,4.5
881,2016/17,2016-11-26,Burnley,Man City,1,2,A,10,21,5,5,9.0,6.0,1.33
882,2016/17,2016-11-26,Chelsea,Tottenham,2,1,H,9,12,5,6,1.75,3.8,5.25
883,2016/17,2016-11-26,Hull,West Brom,1,1,D,10,11,4,2,3.1,3.2,2.6
884,2016/17,2016-11-26,Leicester,Middlesbrough,2,2,D,11,6,3,2,1.91,3.6,4.5
885,2016/17,2016-11-26,Liverpool,Sunderland,2,0,H,27,6,7,1,1.17,8.5,19.0
886,2016/17,2016-11-26,Swansea,Crystal Palace,5,4,H,18,12,9,4,2.63,3.4,2.88
887,2016/17,2016-11-27,Arsenal,Bournemouth,3,1,H,16,9,3,3,1.4,5.0,9.0
888,2016/17,2016-11-27,Man United,West Ham,1,1,D,17,6,8,2,1.45,4.75,8.0
889,2016/17,2016-11-27,Southampton,Everton,1,0,H,17,13,7,1,2.2,3.4,3.6
890,2016/17,2016-11-27,Watford,Stoke,0,1,A,11,14,2,1,2.4,3.3,3.3
891,2016/17,2016-12-03,Crystal Palace,Southampton,3,0,H,9,17,4,3,3.5,3.3,2.3
892,2016/17,2016-12-03,Man City,Chelsea,1,3,A,14,10,5,4,2.15,3.6,3.6
893,2016/17,2016-12-03,Stoke,Burnley,2,0,H,10,14,4,4,1.62,4.0,6.5
894,2016/17,2016-12-03,Sunderland,Leicester,2,1,H,22,17,6,5,3.4,3.4,2.3
895,2016/17,2016-12-03,Tottenham,Swansea,5,0,H,28,1,15,0,1.36,5.5,9.0
896,2016/17,2016-12-03,West Brom,Watford,3,1,H,11,17,3,5,2.2,3.3,3.75
897,2016/17,2016-12-03,West Ham,Arsenal,1,5,A,10,19,3,10,4.75,4.2,1.75
898,2016/17,2016-12-04,Bournemouth,Liverpool,4,3,H,12,10,8,3,5.0,4.0,1.75
899,2016/17,2016-12-04,Everton,Man United,1,1,D,13,10,6,2,3.6,3.5,2.15
900,2016/17,2016-12-05,Middlesbrough,Hull,1,0,H,16,6,4,2,1.83,3.5,5.25
901,2016/17,2016-12-10,Arsenal,Stoke,3,1,H,21,12,6,5,1.35,5.5,9.5
902,2016/17,2016-12-10,Burnley,Bournemouth,3,2,H,16,17,7,4,3.5,3.5,2.2
903,2016/17,2016-12-10,Hull,Crystal Palace,3,3,D,15,14,6,6,3.5,3.3,2.3
904,2016/17,2016-12-10,Leicester,Man City,4,2,H,10,19,6,4,5.25,4.0,1.7
905,2016/17,2016-12-10,Swansea,Sunderland,3,0,H,14,11,5,2,2.15,3.5,3.6
906,2016/17,2016-12-10,Watford,Everton,3,2,H,11,11,6,4,3.1,3.4,2.45
907,2016/17,2016-12-11,Chelsea,West Brom,1,0,H,12,6,2,1,1.25,6.25,15.0
908,2016/17,2016-12-11,Liverpool,West Ham,2,2,D,18,7,3,3,1.3,6.0,11.0
909,2016/17,2016-12-11,Man United,Tottenham,1,0,H,15,12,5,4,2.2,3.4,3.6
910,2016/17,2016-12-11,Southampton,Middlesbrough,1,0,H,14,6,3,2,1.7,3.7,6.0
911,2016/17,2016-12-13,Bournemouth,Leicester,1,0,H,9,12,3,4,2.4,3.4,3.2
912,2016/17,2016-12-13,Everton,Arsenal,2,1,H,14,9,4,3,4.2,3.75,1.91
913,2016/17,2016-12-14,Crystal Palace,Man United,1,2,A,6,16,3,6,5.25,4.0,1.7
914,2016/17,2016-12-14,Man City,Watford,2,0,H,13,5,7,2,1.29,6.5,11.0
915,2016/17,2016-12-14,Middlesbrough,Liverpool,0,3,A,8,15,3,4,6.0,4.33,1.6
916,2016/17,2016-12-14,Stoke,Southampton,0,0,D,5,15,3,4,3.1,3.3,2.5
917,2016/17,2016-12-14,Sunderland,Chelsea,0,1,A,8,19,3,6,10.0,5.75,1.33
918,2016/17,2016-12-14,Tottenham,Hull,3,0,H,27,10,9,5,1.22,7.0,15.0
919,2016/17,2016-12-14,West Brom,Swansea,3,1,H,13,8,4,4,2.05,3.5,4.0
920,2016/17,2016-12-14,West Ham,Burnley,1,0,H,20,8,7,2,1.67,4.0,5.75
921,2016/17,2016-12-17,Crystal Palace,Chelsea,0,1,A,6,13,2,6,6.5,4.2,1.57
922,2016/17,2016-12-17,Middlesbrough,Swansea,3,0,H,10,14,4,2,2.1,3.4,4.0
923,2016/17,2016-12-17,Stoke,Leicester,2,2,D,16,14,7,8,2.6,3.4,2.9
924,2016/17,2016-12-17,Sunderland,Watford,1,0,H,12,9,4,4,2.63,3.3,2.9
925,2016/17,2016-12-17,West Brom,Man United,0,2,A,10,10,1,5,5.75,3.8,1.7
926,2016/17,2016-12-17,West Ham,Hull,1,0,H,18,16,6,5,1.62,4.1,6.0
927,2016/17,2016-12-18,Bournemouth,Southampton,1,3,A,10,14,5,8,3.0,3.3,2.6
928,2016/17,2016-12-18,Man City,Arsenal,2,1,H,14,6,5,1,2.15,3.6,3.5
929,2016/17,2016-12-18,Tottenham,Burnley,2,1,H,30,5,9,2,1.22,7.0,15.0
930,2016/17,2016-12-19,Everton,Liverpool,0,1,A,6,11,1,4,4.2,3.6,1.95
931,2016/17,2016-12-26,Arsenal,West Brom,1,0,H,26,3,11,1,1.33,5.5,8.5
932,2016/17,2016-12-26,Burnley,Middlesbrough,1,0,H,6,8,4,2,2.9,3.1,2.6
933,2016/17,2016-12-26,Chelsea,Bournemouth,3,0,H,14,7,4,3,1.36,5.0,8.5
934,2016/17,2016-12-26,Hull,Man City,0,3,A,10,16,3,6,10.0,5.5,1.3
935,2016/17,2016-12-26,Leicester,Everton,0,2,A,7,8,2,3,2.5,3.3,2.9
936,2016/17,2016-12-26,Man United,Sunderland,3,1,H,26,7,9,4,1.22,6.5,13.0
937,2016/17,2016-12-26,Swansea,West Ham,1,4,A,14,14,7,7,2.63,3.2,2.8
938,2016/17,2016-12-26,Watford,Crystal Palace,1,1,D,9,10,3,4,2.5,3.3,2.9
939,2016/17,2016-12-27,Liverpool,Stoke,4,1,H,20,6,6,2,1.3,5.5,10.0
940,2016/17,2016-12-28,Southampton,Tottenham,1,4,A,9,17,2,5,2.8,3.25,2.6
941,2016/17,2016-12-30,Hull,Everton,2,2,D,13,20,4,7,4.33,3.5,1.95
942,2016/17,2016-12-31,Burnley,Sunderland,4,1,H,16,11,6,3,2.4,3.25,3.3
943,2016/17,2016-12-31,Chelsea,Stoke,4,2,H,18,5,7,2,1.25,6.5,14.0
944,2016/17,2016-12-31,Leicester,West Ham,1,0,H,12,25,4,5,2.1,3.6,3.7
945,2016/17,2016-12-31,Liverpool,Man City,1,0,H,5,9,1,2,2.35,3.6,3.1
946,2016/17,2016-12-31,Man United,Middlesbrough,2,1,H,32,9,12,2,1.25,6.0,16.0
947,2016/17,2016-12-31,Southampton,West Brom,1,2,A,10,7,1,3,1.75,3.7,5.5
948,2016/17,2016-12-31,Swansea,Bournemouth,0,3,A,14,11,5,6,2.9,3.4,2.6
949,2016/17,2017-01-01,Arsenal,Crystal Palace,2,0,H,22,7,7,4,1.29,5.5,9.5
950,2016/17,2017-01-01,Watford,Tottenham,1,4,A,6,19,2,6,5.5,3.75,1.62
951,2016/17,2017-01-02,Everton,Southampton,3,0,H,17,12,6,3,2.2,3.4,3.6
952,2016/17,2017-01-02,Man City,Burnley,2,1,H,14,11,3,3,1.17,8.5,19.0
953,2016/17,2017-01-02,Middlesbrough,Leicester,0,0,D,9,10,1,4,2.75,3.2,2.88
954,2016/17,2017-01-02,Sunderland,Liverpool,2,2,D,10,21,5,15,11.0,5.5,1.33
955,2016/17,2017-01-02,West Brom,Hull,3,1,H,8,17,5,6,1.75,3.7,5.5
956,2016/17,2017-01-02,West Ham,Man United,0,2,A,8,13,2,6,6.0,4.0,1.65
957,2016/17,2017-01-03,Bournemouth,Arsenal,3,3,D,12,14,6,4,4.33,3.4,1.85
958,2016/17,2017-01-03,Crystal Palace,Swansea,1,2,A,7,11,3,4,1.75,3.5,4.75
959,2016/17,2017-01-03,Stoke,Watford,2,0,H,17,9,5,2,1.8,3.5,4.5
960,2016/17,2017-01-04,Tottenham,Chelsea,2,0,H,9,11,2,2,2.63,3.25,2.63
961,2016/17,2017-01-14,Burnley,Southampton,1,0,H,9,20,3,5,3.6,3.4,2.2
962,2016/17,2017-01-14,Hull,Bournemouth,3,1,H,14,8,3,6,3.3,3.5,2.3
963,2016/17,2017-01-14,Leicester,Chelsea,0,3,A,7,8,2,3,6.0,4.1,1.62
964,2016/17,2017-01-14,Sunderland,Stoke,1,3,A,14,14,3,6,3.1,3.3,2.5
965,2016/17,2017-01-14,Swansea,Arsenal,0,4,A,12,14,3,6,7.0,4.75,1.5
966,2016/17,2017-01-14,Tottenham,West Brom,4,0,H,21,3,11,0,1.33,5.5,11.0
967,2016/17,2017-01-14,Watford,Middlesbrough,0,0,D,12,5,5,1,2.5,3.2,3.2
968,2016/17,2017-01-14,West Ham,Crystal Palace,3,0,H,14,10,3,1,2.38,3.4,3.2
969,2016/17,2017-01-15,Everton,Man City,4,0,H,6,13,4,5,4.5,4.0,1.8
970,2016/17,2017-01-15,Man United,Liverpool,1,1,D,9,13,3,4,2.15,3.4,3.75
971,2016/17,2017-01-21,Bournemouth,Watford,2,2,D,15,10,5,3,1.83,3.75,4.75
972,2016/17,2017-01-21,Crystal Palace,Everton,0,1,A,8,16,2,8,3.25,3.4,2.38
973,2016/17,2017-01-21,Liverpool,Swansea,2,3,A,16,6,5,3,1.22,7.0,15.0
974,2016/17,2017-01-21,Man City,Tottenham,2,2,D,17,6,7,2,2.15,3.5,3.6
975,2016/17,2017-01-21,Middlesbrough,West Ham,1,3,A,11,13,2,5,2.5,3.2,3.25
976,2016/17,2017-01-21,Stoke,Man United,1,1,D,6,25,1,8,6.0,4.2,1.6
977,2016/17,2017-01-21,West Brom,Sunderland,2,0,H,14,9,5,3,1.7,3.8,5.75
978,2016/17,2017-01-22,Arsenal,Burnley,2,1,H,24,13,8,7,1.2,7.5,17.0
979,2016/17,2017-01-22,Chelsea,Hull,2,0,H,9,9,5,4,1.18,8.0,19.0
980,2016/17,2017-01-22,Southampton,Leicester,3,0,H,20,11,7,2,1.83,3.5,5.25
981,2016/17,2017-01-31,Arsenal,Watford,1,2,A,20,10,5,6,1.22,7.0,15.0
982,2016/17,2017-01-31,Bournemouth,Crystal Palace,0,2,A,10,11,2,4,2.05,3.5,3.9
983,2016/17,2017-01-31,Burnley,Leicester,1,0,H,24,13,3,5,2.9,3.25,2.7
984,2016/17,2017-01-31,Liverpool,Chelsea,1,1,D,7,8,3,2,2.65,3.25,2.9
985,2016/17,2017-01-31,Middlesbrough,West Brom,1,1,D,11,16,3,5,2.7,3.1,3.0
986,2016/17,2017-01-31,Sunderland,Tottenham,0,0,D,3,14,1,3,9.5,5.25,1.36
987,2016/17,2017-01-31,Swansea,Southampton,2,1,H,11,10,5,2,3.4,3.4,2.3
988,2016/17,2017-02-01,Man United,Hull,0,0,D,15,6,6,2,1.2,7.5,17.0
989,2016/17,2017-02-01,Stoke,Everton,1,1,D,14,14,7,5,2.88,3.4,2.63
990,2016/17,2017-02-01,West Ham,Man City,0,4,A,6,11,1,4,6.0,4.5,1.57
991,2016/17,2017-02-04,Chelsea,Arsenal,3,1,H,13,9,6,5,1.95,3.6,4.2
992,2016/17,2017-02-04,Crystal Palace,Sunderland,0,4,A,21,10,9,7,1.7,3.9,5.5
993,2016/17,2017-02-04,Everton,Bournemouth,6,3,H,15,18,10,8,1.7,4.0,5.25
994,2016/17,2017-02-04,Hull,Liverpool,2,0,H,7,22,4,5,8.0,4.75,1.45
995,2016/17,2017-02-04,Southampton,West Ham,1,3,A,21,6,7,4,1.85,3.75,4.5
996,2016/17,2017-02-04,Tottenham,Middlesbrough,1,0,H,17,8,5,0,1.29,6.0,13.0
997,2016/17,2017-02-04,Watford,Burnley,2,1,H,16,11,7,7,2.15,3.3,3.9
998,2016/17,2017-02-04,West Brom,Stoke,1,0,H,16,12,4,2,2.3,3.25,3.5
999,2016/17,2017-02-05,Leicester,Man United,0,3,A,11,15,1,9,5.75,4.0,1.65
1000,2016/17,2017-02-05,Man City,Swansea,2,1,H,17,4,5,2,1.22,7.0,15.0
1001,2016/17,2017-02-11,Arsenal,Hull,2,0,H,17,9,7,4,1.29,6.0,13.0
1002,2016/17,2017-02-11,Liverpool,Tottenham,2,0,H,17,7,9,2,2.3,3.4,3.4
1003,2016/17,2017-02-11,Man United,Watford,2,0,H,22,9,11,3,1.25,6.5,14.0
1004,2016/17,2017-02-11,Middlesbrough,Everton,0,0,D,9,7,3,3,3.9,3.3,2.15
1005,2016/17,2017-02-11,Stoke,Crystal Palace,1,0,H,7,6,4,1,2.15,3.3,3.9
1006,2016/17,2017-02-11,Sunderland,Southampton,0,4,A,6,15,1,8,3.9,3.4,2.1
1007,2016/17,2017-02-11,West Ham,West Brom,2,2,D,16,8,4,3,2.25,3.3,3.6
1008,2016/17,2017-02-12,Burnley,Chelsea,1,1,D,6,13,4,2,9.0,5.0,1.4
1009,2016/17,2017-02-12,Swansea,Leicester,2,0,H,10,9,4,1,2.4,3.3,3.25
1010,2016/17,2017-02-13,Bournemouth,Man City,0,2,A,5,17,1,5,7.5,5.0,1.44
1011,2016/17,2017-02-25,Chelsea,Swansea,3,1,H,16,3,5,2,1.25,6.5,15.0
1012,2016/17,2017-02-25,Crystal Palace,Middlesbrough,1,0,H,15,11,3,4,2.1,3.2,4.2
1013,2016/17,2017-02-25,Everton,Sunderland,2,0,H,20,10,8,1,1.4,5.25,8.5
1014,2016/17,2017-02-25,Hull,Burnley,1,1,D,15,10,1,3,2.15,3.3,3.9
1015,2016/17,2017-02-25,Watford,West Ham,1,1,D,9,13,1,2,2.63,3.3,2.9
1016,2016/17,2017-02-25,West Brom,Bournemouth,2,1,H,13,12,4,4,2.1,3.4,4.0
1017,2016/17,2017-02-26,Tottenham,Stoke,4,0,H,21,5,9,3,1.44,5.0,7.5
1018,2016/17,2017-02-27,Leicester,Liverpool,3,1,H,13,17,7,7,5.5,4.2,1.65
1019,2016/17,2017-03-04,Leicester,Hull,3,1,H,17,10,5,4,1.85,3.6,4.75
1020,2016/17,2017-03-04,Liverpool,Arsenal,3,1,H,18,7,7,3,2.15,3.6,3.6
1021,2016/17,2017-03-04,Man United,Bournemouth,1,1,D,20,3,7,1,1.25,6.5,15.0
1022,2016/17,2017-03-04,Stoke,Middlesbrough,2,0,H,13,8,8,2,1.95,3.4,4.5
1023,2016/17,2017-03-04,Swansea,Burnley,3,2,H,23,6,10,4,2.0,3.5,4.2
1024,2016/17,2017-03-04,Watford,Southampton,3,4,A,16,20,4,11,3.6,3.4,2.2
1025,2016/17,2017-03-04,West Brom,Crystal Palace,0,2,A,11,10,1,4,2.2,3.3,3.8
1026,2016/17,2017-03-05,Sunderland,Man City,0,2,A,11,14,3,7,11.0,6.5,1.29
1027,2016/17,2017-03-05,Tottenham,Everton,3,2,H,20,8,7,4,1.67,4.2,5.25
1028,2016/17,2017-03-06,West Ham,Chelsea,1,2,A,11,9,2,4,6.0,4.1,1.62
1029,2016/17,2017-03-08,Man City,Stoke,0,0,D,12,5,1,2,1.25,6.5,15.0
1030,2016/17,2017-03-11,Bournemouth,West Ham,3,2,H,21,15,9,7,2.6,3.5,2.8
1031,2016/17,2017-03-11,Everton,West Brom,3,0,H,16,5,5,2,1.67,3.8,6.0
1032,2016/17,2017-03-11,Hull,Swansea,2,1,H,15,11,7,3,2.55,3.3,3.0
1033,2016/17,2017-03-12,Liverpool,Burnley,2,1,H,10,11,3,1,1.25,6.5,14.0
1034,2016/17,2017-03-18,Bournemouth,Swansea,2,0,H,12,10,6,1,2.15,3.5,3.6
1035,2016/17,2017-03-18,Crystal Palace,Watford,1,0,H,7,6,0,2,1.91,3.5,4.75
1036,2016/17,2017-03-18,Everton,Hull,4,0,H,14,6,8,0,1.53,4.33,7.0
1037,2016/17,2017-03-18,Stoke,Chelsea,1,2,A,5,20,1,7,6.5,4.0,1.62
1038,2016/17,2017-03-18,Sunderland,Burnley,0,0,D,14,17,5,3,2.55,3.3,3.0
1039,2016/17,2017-03-18,West Brom,Arsenal,3,1,H,12,11,8,2,5.25,4.0,1.73
1040,2016/17,2017-03-18,West Ham,Leicester,2,3,A,20,11,7,5,2.3,3.5,3.3
1041,2016/17,2017-03-19,Man City,Liverpool,1,1,D,13,13,3,4,2.0,3.75,3.8
1042,2016/17,2017-03-19,Middlesbrough,Man United,1,3,A,10,14,3,6,6.0,3.7,1.7
1043,2016/17,2017-03-19,Tottenham,Southampton,2,1,H,12,8,6,3,1.73,3.8,5.5
1044,2016/17,2017-04-01,Burnley,Tottenham,0,2,A,13,19,2,7,5.75,3.8,1.7
1045,2016/17,2017-04-01,Chelsea,Crystal Palace,1,2,A,24,8,11,3,1.3,5.75,12.0
1046,2016/17,2017-04-01,Hull,West Ham,2,1,H,7,12,3,4,2.45,3.4,3.1
1047,2016/17,2017-04-01,Leicester,Stoke,2,0,H,23,10,10,2,2.05,3.5,4.0
1048,2016/17,2017-04-01,Liverpool,Everton,3,1,H,10,9,6,4,1.73,3.9,5.25
1049,2016/17,2017-04-01,Man United,West Brom,0,0,D,18,3,3,1,1.36,5.0,11.0
1050,2016/17,2017-04-01,Southampton,Bournemouth,0,0,D,14,12,4,3,1.65,4.0,6.0
1051,2016/17,2017-04-01,Watford,Sunderland,1,0,H,23,11,10,3,1.85,3.6,4.75
1052,2016/17,2017-04-02,Arsenal,Man City,2,2,D,8,14,3,5,3.1,3.75,2.3
1053,2016/17,2017-04-02,Swansea,Middlesbrough,0,0,D,15,8,3,1,2.0,3.4,4.33
1054,2016/17,2017-04-04,Burnley,Stoke,1,0,H,7,15,3,2,2.5,3.1,3.3
1055,2016/17,2017-04-04,Leicester,Sunderland,2,0,H,19,15,8,3,1.45,4.5,8.5
1056,2016/17,2017-04-04,Man United,Everton,1,1,D,18,11,3,4,1.57,4.2,6.5
1057,2016/17,2017-04-04,Watford,West Brom,2,0,H,9,18,2,2,2.5,3.2,3.2
1058,2016/17,2017-04-05,Arsenal,West Ham,3,0,H,21,7,8,2,1.4,5.25,8.0
1059,2016/17,2017-04-05,Chelsea,Man City,2,1,H,10,17,4,7,2.4,3.5,3.1
1060,2016/17,2017-04-05,Hull,Middlesbrough,4,2,H,17,12,5,4,2.05,3.3,4.2
1061,2016/17,2017-04-05,Liverpool,Bournemouth,2,2,D,20,7,8,2,1.36,5.25,9.5
1062,2016/17,2017-04-05,Southampton,Crystal Palace,3,1,H,25,17,9,3,1.83,3.7,4.75
1063,2016/17,2017-04-05,Swansea,Tottenham,1,3,A,4,18,1,8,5.0,4.0,1.73
1064,2016/17,2017-04-08,Bournemouth,Chelsea,1,3,A,12,15,1,5,6.5,4.0,1.6
1065,2016/17,2017-04-08,Man City,Hull,3,1,H,23,6,7,1,1.2,7.5,17.0
1066,2016/17,2017-04-08,Middlesbrough,Burnley,0,0,D,12,7,5,2,2.45,3.1,3.4
1067,2016/17,2017-04-08,Stoke,Liverpool,1,2,A,9,14,4,4,4.0,3.75,1.95
1068,2016/17,2017-04-08,Tottenham,Watford,4,0,H,19,8,6,2,1.25,6.5,15.0
1069,2016/17,2017-04-08,West Brom,Southampton,0,1,A,17,10,6,3,3.0,3.3,2.55
1070,2016/17,2017-04-08,West Ham,Swansea,1,0,H,14,4,6,1,2.1,3.6,3.7
1071,2016/17,2017-04-09,Everton,Leicester,4,2,H,12,6,7,4,1.75,3.9,5.0
1072,2016/17,2017-04-09,Sunderland,Man United,0,3,A,9,18,4,9,10.0,5.25,1.36
1073,2016/17,2017-04-10,Crystal Palace,Arsenal,3,0,H,17,11,6,3,4.5,3.9,1.83
1074,2016/17,2017-04-15,Crystal Palace,Leicester,2,2,D,15,6,4,2,1.73,3.6,4.75
1075,2016/17,2017-04-15,Everton,Burnley,3,1,H,29,13,7,6,1.4,4.5,8.0
1076,2016/17,2017-04-15,Southampton,Man City,0,3,A,8,18,1,5,4.33,4.0,1.73
1077,2016/17,2017-04-15,Stoke,Hull,3,1,H,14,14,4,3,1.95,3.3,4.0
1078,2016/17,2017-04-15,Sunderland,West Ham,2,2,D,14,7,4,3,3.3,3.25,2.2
1079,2016/17,2017-04-15,Tottenham,Bournemouth,4,0,H,24,5,14,1,1.25,6.0,10.0
1080,2016/17,2017-04-15,Watford,Swansea,1,0,H,15,13,7,4,2.4,3.3,2.9
1081,2016/17,2017-04-16,Man United,Chelsea,2,0,H,9,5,3,0,2.55,3.2,2.8
1082,2016/17,2017-04-16,West Brom,Liverpool,0,1,A,7,15,2,2,4.0,3.8,1.8
1083,2016/17,2017-04-17,Middlesbrough,Arsenal,1,2,A,13,12,5,4,7.0,4.0,1.5
1084,2016/17,2017-04-22,Bournemouth,Middlesbrough,4,0,H,20,5,10,2,1.85,3.75,4.5
1085,2016/17,2017-04-22,Hull,Watford,2,0,H,8,13,3,2,1.91,3.7,4.33
1086,2016/17,2017-04-22,Swansea,Stoke,2,0,H,10,9,6,3,2.2,3.4,3.6
1087,2016/17,2017-04-22,West Ham,Everton,0,0,D,15,4,3,0,3.3,3.6,2.25
1088,2016/17,2017-04-23,Burnley,Man United,0,2,A,8,12,0,6,5.75,4.0,1.67
1089,2016/17,2017-04-23,Liverpool,Crystal Palace,1,2,A,14,7,1,3,1.5,4.75,7.0
1090,2016/17,2017-04-25,Chelsea,Southampton,4,2,H,17,12,7,4,1.45,4.6,8.5
1091,2016/17,2017-04-26,Arsenal,Leicester,1,0,H,12,7,5,3,1.6,4.5,5.75
1092,2016/17,2017-04-26,Crystal Palace,Tottenham,0,1,A,6,18,1,4,5.5,4.2,1.65
1093,2016/17,2017-04-26,Middlesbrough,Sunderland,1,0,H,6,10,2,4,2.3,3.4,3.4
1094,2016/17,2017-04-27,Man City,Man United,0,0,D,19,3,6,1,1.91,3.75,4.2
1095,2016/17,2017-04-29,Crystal Palace,Burnley,0,2,A,15,9,5,3,1.75,3.5,4.75
1096,2016/17,2017-04-29,Southampton,Hull,0,0,D,11,9,2,1,1.6,3.75,5.75
1097,2016/17,2017-04-29,Stoke,West Ham,0,0,D,19,12,4,4,2.0,3.5,3.6
1098,2016/17,2017-04-29,Sunderland,Bournemouth,0,1,A,17,15,5,7,3.0,3.4,2.3
1099,2016/17,2017-04-29,West Brom,Leicester,0,1,A,16,6,4,1,2.4,3.5,2.75
1100,2016/17,2017-04-30,Everton,Chelsea,0,3,A,12,11,4,5,3.5,3.6,2.0
1101,2016/17,2017-04-30,Man United,Swansea,1,1,D,12,12,6,4,1.36,4.75,8.0
1102,2016/17,2017-04-30,Middlesbrough,Man City,2,2,D,14,22,6,4,13.0,5.25,1.25
1103,2016/17,2017-04-30,Tottenham,Arsenal,2,0,H,20,12,11,4,1.85,3.75,4.0
1104,2016/17,2017-05-01,Watford,Liverpool,0,1,A,9,12,2,8,5.75,4.5,1.5
1105,2016/17,2017-05-05,West Ham,Tottenham,1,0,H,13,11,5,5,8.5,5.25,1.4
1106,2016/17,2017-05-06,Bournemouth,Stoke,2,2,D,12,14,2,3,2.25,3.6,3.3
1107,2016/17,2017-05-06,Burnley,West Brom,2,2,D,14,11,4,3,2.25,3.3,3.6
1108,2016/17,2017-05-06,Hull,Sunderland,0,2,A,16,12,6,5,1.44,4.75,8.0
1109,2016/17,2017-05-06,Leicester,Watford,3,0,H,11,14,5,7,1.57,4.2,6.5
1110,2016/17,2017-05-06,Man City,Crystal Palace,5,0,H,26,5,12,2,1.29,6.5,11.0
1111,2016/17,2017-05-06,Swansea,Everton,1,0,H,9,8,4,2,2.8,3.5,2.63
1112,2016/17,2017-05-07,Arsenal,Man United,2,0,H,9,10,4,4,1.91,3.7,4.33
1113,2016/17,2017-05-07,Liverpool,Southampton,0,0,D,17,4,8,0,1.62,4.2,6.0
1114,2016/17,2017-05-08,Chelsea,Middlesbrough,3,0,H,21,2,7,1,1.17,9.0,19.0
1115,2016/17,2017-05-10,Southampton,Arsenal,0,2,A,14,11,3,4,3.6,3.8,2.05
1116,2016/17,2017-05-12,Everton,Watford,1,0,H,15,14,6,2,1.5,4.5,7.5
1117,2016/17,2017-05-12,West Brom,Chelsea,0,1,A,7,24,2,5,10.0,5.25,1.36
1118,2016/17,2017-05-13,Bournemouth,Burnley,2,1,H,18,14,6,3,1.91,3.75,4.2
1119,2016/17,2017-05-13,Man City,Leicester,2,1,H,17,9,5,4,1.25,7.0,12.0
1120,2016/17,2017-05-13,Middlesbrough,Southampton,1,2,A,14,14,3,4,4.0,3.6,2.0
1121,2016/17,2017-05-13,Stoke,Arsenal,1,4,A,10,10,4,6,4.75,4.1,1.75
1122,2016/17,2017-05-13,Sunderland,Swansea,0,2,A,13,3,4,3,4.2,3.8,1.91
1123,2016/17,2017-05-14,Crystal Palace,Hull,4,0,H,12,9,4,0,2.1,3.6,3.75
1124,2016/17,2017-05-14,Tottenham,Man United,2,1,H,14,8,7,2,1.73,3.9,5.25
1125,2016/17,2017-05-14,West Ham,Liverpool,0,4,A,10,26,3,11,5.25,4.0,1.7
1126,2016/17,2017-05-15,Chelsea,Watford,4,3,H,24,9,9,3,1.25,6.75,13.0
1127,2016/17,2017-05-16,Arsenal,Sunderland,2,0,H,36,6,13,2,1.09,13.0,29.0
1128,2016/17,2017-05-16,Man City,West Brom,3,1,H,21,5,10,2,1.14,9.0,23.0
1129,2016/17,2017-05-17,Southampton,Man United,0,0,D,17,11,6,1,2.75,3.3,2.8
1130,2016/17,2017-05-18,Leicester,Tottenham,1,6,A,12,26,5,12,4.5,3.8,1.85
1131,2016/17,2017-05-21,Arsenal,Everton,3,1,H,17,22,9,7,1.45,5.0,7.5
1132,2016/17,2017-05-21,Burnley,West Ham,1,2,A,9,14,1,4,2.45,3.5,3.0
1133,2016/17,2017-05-21,Chelsea,Sunderland,5,1,H,28,7,8,3,1.14,9.0,23.0
1134,2016/17,2017-05-21,Hull,Tottenham,1,7,A,10,19,4,14,7.0,4.75,1.5
1135,2016/17,2017-05-21,Leicester,Bournemouth,1,1,D,21,10,5,4,2.0,3.6,4.0
1136,2016/17,2017-05-21,Liverpool,Middlesbrough,3,0,H,25,9,10,3,1.14,9.0,23.0
1137,2016/17,2017-05-21,Man United,Crystal Palace,2,0,H,9,6,2,1,2.5,3.3,3.1
1138,2016/17,2017-05-21,Southampton,Stoke,0,1,A,14,14,6,3,1.8,3.8,4.75
1139,2016/17,2017-05-21,Swansea,West Brom,2,1,H,12,16,2,5,2.1,3.5,3.75
1140,2016/17,2017-05-21,Watford,Man City,0,5,A,6,15,3,9,11.0,6.0,1.3
1141,2017/18,2017-08-11,Arsenal,Leicester,4,3,H,27,6,10,3,1.53,4.5,6.5
1142,2017/18,2017-08-12,Brighton,Man City,0,2,A,6,14,2,4,11.0,5.5,1.33
1143,2017/18,2017-08-12,Chelsea,Burnley,2,3,A,19,10,6,5,1.25,6.5,15.0
1144,2017/18,2017-08-12,Crystal Palace,Huddersfield,0,3,A,14,8,4,6,1.83,3.6,5.0
1145,2017/18,2017-08-12,Everton,Stoke,1,0,H,9,9,4,1,1.7,3.8,5.75
1146,2017/18,2017-08-12,Southampton,Swansea,0,0,D,29,4,2,0,1.62,4.0,6.5
1147,2017/18,2017-08-12,Watford,Liverpool,3,3,D,9,14,4,5,6.0,4.2,1.62
1148,2017/18,2017-08-12,West Brom,Bournemouth,1,0,H,16,9,6,2,2.4,3.3,3.3
1149,2017/18,2017-08-13,Man United,West Ham,4,0,H,22,9,6,1,1.3,5.75,12.0
1150,2017/18,2017-08-13,Newcastle,Tottenham,0,2,A,6,18,3,6,5.5,4.0,1.7
1151,2017/18,2017-08-19,Bournemouth,Watford,0,2,A,6,19,2,7,2.0,3.6,4.0
1152,2017/18,2017-08-19,Burnley,West Brom,0,1,A,20,8,0,1,2.63,3.2,3.0
1153,2017/18,2017-08-19,Leicester,Brighton,2,0,H,14,5,4,2,1.73,3.8,5.5
1154,2017/18,2017-08-19,Liverpool,Crystal Palace,1,0,H,23,4,13,1,1.36,5.25,9.5
1155,2017/18,2017-08-19,Southampton,West Ham,3,2,H,14,16,5,8,1.75,3.8,5.25
1156,2017/18,2017-08-19,Stoke,Arsenal,1,0,H,11,18,4,6,4.5,3.8,1.85
1157,2017/18,2017-08-19,Swansea,Man United,0,4,A,6,17,1,8,11.0,5.0,1.36
1158,2017/18,2017-08-20,Huddersfield,Newcastle,1,0,H,7,13,3,5,2.5,3.25,3.2
1159,2017/18,2017-08-20,Tottenham,Chelsea,1,2,A,18,9,6,2,2.1,3.6,3.75
1160,2017/18,2017-08-21,Man City,Everton,1,1,D,19,7,6,2,1.33,5.75,10.0
1161,2017/18,2017-08-26,Bournemouth,Man City,1,2,A,9,19,3,8,11.0,6.0,1.3
1162,2017/18,2017-08-26,Crystal Palace,Swansea,0,2,A,16,7,3,3,1.95,3.5,4.33
1163,2017/18,2017-08-26,Huddersfield,Southampton,0,0,D,16,6,6,3,3.9,3.4,2.1
1164,2017/18,2017-08-26,Man United,Leicester,2,0,H,22,11,7,4,1.33,5.5,11.0
1165,2017/18,2017-08-26,Newcastle,West Ham,3,0,H,16,8,8,3,2.3,3.4,3.4
1166,2017/18,2017-08-26,Watford,Brighton,0,0,D,8,16,0,2,1.91,3.4,4.0
1167,2017/18,2017-08-27,Chelsea,Everton,2,0,H,18,7,7,0,1.45,4.5,8.5
1168,2017/18,2017-08-27,Liverpool,Arsenal,4,0,H,18,8,10,0,2.15,3.7,3.5
1169,2017/18,2017-08-27,Tottenham,Burnley,1,1,D,28,13,5,3,1.25,6.5,15.0
1170,2017/18,2017-08-27,West Brom,Stoke,1,1,D,10,16,2,2,2.4,3.1,3.5
1171,2017/18,2017-09-09,Arsenal,Bournemouth,3,0,H,17,7,9,2,1.36,5.5,9.0
1172,2017/18,2017-09-09,Brighton,West Brom,3,1,H,12,12,6,3,2.7,3.1,3.0
1173,2017/18,2017-09-09,Everton,Tottenham,0,3,A,12,15,1,6,3.8,3.5,2.1
1174,2017/18,2017-09-09,Leicester,Chelsea,1,2,A,8,16,2,6,4.75,3.9,1.8
1175,2017/18,2017-09-09,Man City,Liverpool,5,0,H,13,10,7,3,1.85,4.0,4.2
1176,2017/18,2017-09-09,Southampton,Watford,0,2,A,9,12,1,3,1.65,4.0,6.0
1177,2017/18,2017-09-09,Stoke,Man United,2,2,D,10,18,5,8,7.5,4.5,1.5
1178,2017/18,2017-09-10,Burnley,Crystal Palace,1,0,H,4,23,2,5,2.3,3.25,3.5
1179,2017/18,2017-09-10,Swansea,Newcastle,0,1,A,10,16,4,8,2.4,3.25,3.3
1180,2017/18,2017-09-11,West Ham,Huddersfield,2,0,H,19,10,3,2,1.95,3.5,4.5
1181,2017/18,2017-09-15,Bournemouth,Brighton,2,1,H,15,9,3,2,2.15,3.4,3.8
1182,2017/18,2017-09-16,Crystal Palace,Southampton,0,1,A,14,13,3,4,3.0,3.3,2.6
1183,2017/18,2017-09-16,Huddersfield,Leicester,1,1,D,15,10,3,1,3.5,3.4,2.25
1184,2017/18,2017-09-16,Liverpool,Burnley,1,1,D,35,5,9,4,1.29,6.0,13.0
1185,2017/18,2017-09-16,Newcastle,Stoke,2,1,H,14,13,3,4,2.38,3.25,3.4
1186,2017/18,2017-09-16,Tottenham,Swansea,0,0,D,26,4,8,0,1.22,7.0,15.0
1187,2017/18,2017-09-16,Watford,Man City,0,6,A,7,28,1,10,9.0,6.0,1.33
1188,2017/18,2017-09-16,West Brom,West Ham,0,0,D,6,9,1,1,2.38,3.25,3.4
1189,2017/18,2017-09-17,Chelsea,Arsenal,0,0,D,13,11,4,2,1.8,4.0,4.5
1190,2017/18,2017-09-17,Man United,Everton,4,0,H,16,7,7,3,1.36,5.25,10.0
1191,2017/18,2017-09-23,Burnley,Huddersfield,0,0,D,5,9,3,2,2.15,3.25,3.9
1192,2017/18,2017-09-23,Everton,Bournemouth,2,1,H,12,8,4,4,1.65,4.0,5.75
1193,2017/18,2017-09-23,Leicester,Liverpool,2,3,A,12,23,7,6,4.1,3.9,1.91
1194,2017/18,2017-09-23,Man City,Crystal Palace,5,0,H,25,5,9,0,1.14,10.0,21.0
1195,2017/18,2017-09-23,Southampton,Man United,0,1,A,14,9,4,4,5.5,3.8,1.73
1196,2017/18,2017-09-23,Stoke,Chelsea,0,4,A,13,7,2,4,6.0,4.1,1.62
1197,2017/18,2017-09-23,Swansea,Watford,1,2,A,10,8,3,4,2.4,3.3,3.25
1198,2017/18,2017-09-23,West Ham,Tottenham,2,3,A,10,15,4,5,6.0,4.33,1.6
1199,2017/18,2017-09-24,Brighton,Newcastle,1,0,H,7,17,3,5,2.8,3.1,2.9
1200,2017/18,2017-09-25,Arsenal,West Brom,2,0,H,16,7,6,3,1.33,5.5,11.0
1201,2017/18,2017-09-30,Bournemouth,Leicester,0,0,D,19,8,4,1,2.8,3.25,2.5
1202,2017/18,2017-09-30,Chelsea,Man City,0,1,A,4,17,2,6,2.75,3.3,2.5
1203,2017/18,2017-09-30,Huddersfield,Tottenham,0,4,A,6,14,1,7,8.5,4.75,1.36
1204,2017/18,2017-09-30,Man United,Crystal Palace,4,0,H,18,6,7,1,1.17,7.0,15.0
1205,2017/18,2017-09-30,Stoke,Southampton,2,1,H,17,21,6,3,2.88,3.2,2.45
1206,2017/18,2017-09-30,West Brom,Watford,2,2,D,9,15,4,3,2.15,3.2,3.5
1207,2017/18,2017-09-30,West Ham,Swansea,1,0,H,9,6,4,1,1.8,3.5,4.5
1208,2017/18,2017-10-01,Arsenal,Brighton,2,0,H,25,9,12,1,1.2,6.5,13.0
1209,2017/18,2017-10-01,Everton,Burnley,0,1,A,23,5,4,2,1.67,3.6,5.75
1210,2017/18,2017-10-01,Newcastle,Liverpool,1,1,D,8,17,5,2,5.0,3.8,1.67
1211,2017/18,2017-10-14,Burnley,West Ham,1,1,D,20,8,5,6,2.75,3.25,2.8
1212,2017/18,2017-10-14,Crystal Palace,Chelsea,2,1,H,14,15,5,5,9.0,5.0,1.4
1213,2017/18,2017-10-14,Liverpool,Man United,0,0,D,19,6,5,1,2.8,3.25,2.8
1214,2017/18,2017-10-14,Man City,Stoke,7,2,H,20,5,11,1,1.14,9.5,21.0
1215,2017/18,2017-10-14,Swansea,Huddersfield,2,0,H,7,7,3,2,2.2,3.25,3.75
1216,2017/18,2017-10-14,Tottenham,Bournemouth,1,0,H,18,5,6,1,1.2,8.0,15.0
1217,2017/18,2017-10-14,Watford,Arsenal,2,1,H,11,9,2,6,5.25,4.33,1.65
1218,2017/18,2017-10-15,Brighton,Everton,1,1,D,12,13,3,6,3.25,3.3,2.4
1219,2017/18,2017-10-15,Southampton,Newcastle,2,2,D,12,19,2,5,1.91,3.6,4.5
1220,2017/18,2017-10-16,Leicester,West Brom,1,1,D,11,5,3,1,2.05,3.4,4.2
1221,2017/18,2017-10-20,West Ham,Brighton,0,3,A,16,7,2,5,1.83,3.5,5.25
1222,2017/18,2017-10-21,Chelsea,Watford,4,2,H,14,16,8,5,1.36,5.25,10.0
1223,2017/18,2017-10-21,Huddersfield,Man United,2,1,H,5,9,3,3,11.0,5.0,1.36
1224,2017/18,2017-10-21,Man City,Burnley,3,0,H,15,6,10,0,1.11,12.0,26.0
1225,2017/18,2017-10-21,Newcastle,Crystal Palace,1,0,H,7,10,3,0,2.0,3.5,4.2
1226,2017/18,2017-10-21,Southampton,West Brom,1,0,H,20,7,6,2,1.85,3.39,5.25
1227,2017/18,2017-10-21,Stoke,Bournemouth,1,2,A,10,7,2,3,2.14,3.5,3.6
1228,2017/18,2017-10-21,Swansea,Leicester,1,2,A,19,11,4,6,2.79,3.25,2.75
1229,2017/18,2017-10-22,Everton,Arsenal,2,5,A,8,30,3,14,3.79,3.6,2.04
1230,2017/18,2017-10-22,Tottenham,Liverpool,4,1,H,14,12,6,7,2.25,3.5,3.39
1231,2017/18,2017-10-28,Arsenal,Swansea,2,1,H,17,4,5,2,1.25,7.0,12.0
1232,2017/18,2017-10-28,Bournemouth,Chelsea,0,1,A,7,18,1,5,6.0,4.2,1.61
1233,2017/18,2017-10-28,Crystal Palace,West Ham,2,2,D,19,6,9,2,2.39,3.29,3.29
1234,2017/18,2017-10-28,Liverpool,Huddersfield,3,0,H,16,1,8,0,1.25,6.75,13.0
1235,2017/18,2017-10-28,Man United,Tottenham,1,0,H,11,13,3,4,2.14,3.39,3.79
1236,2017/18,2017-10-28,Watford,Stoke,0,1,A,13,6,0,2,2.04,3.6,3.79
1237,2017/18,2017-10-28,West Brom,Man City,2,3,A,6,15,4,5,11.0,6.5,1.28
1238,2017/18,2017-10-29,Brighton,Southampton,1,1,D,7,6,2,1,3.29,3.2,2.45
1239,2017/18,2017-10-29,Leicester,Everton,2,0,H,9,16,3,2,2.14,3.39,3.75
1240,2017/18,2017-10-30,Burnley,Newcastle,1,0,H,12,12,5,5,2.89,3.2,2.7
1241,2017/18,2017-11-04,Huddersfield,West Brom,1,0,H,7,9,3,3,2.79,3.0,3.0
1242,2017/18,2017-11-04,Newcastle,Bournemouth,0,1,A,16,16,4,6,2.0,3.5,4.2
1243,2017/18,2017-11-04,Southampton,Burnley,0,1,A,13,5,3,1,1.66,3.75,6.5
1244,2017/18,2017-11-04,Stoke,Leicester,2,2,D,11,14,7,4,2.7,3.29,2.87
1245,2017/18,2017-11-04,Swansea,Brighton,0,1,A,12,5,2,2,2.39,3.2,3.39
1246,2017/18,2017-11-04,West Ham,Liverpool,1,4,A,6,15,1,7,5.25,4.33,1.66
1247,2017/18,2017-11-05,Chelsea,Man United,1,0,H,18,10,8,2,2.5,3.2,3.2
1248,2017/18,2017-11-05,Everton,Watford,3,2,H,10,11,5,3,2.2,3.39,3.6
1249,2017/18,2017-11-05,Man City,Arsenal,3,1,H,9,6,5,3,1.39,5.5,7.5
1250,2017/18,2017-11-05,Tottenham,Crystal Palace,1,0,H,12,11,2,3,1.28,6.0,12.0
1251,2017/18,2017-11-18,Arsenal,Tottenham,2,0,H,14,14,5,4,2.5,3.6,2.89
1252,2017/18,2017-11-18,Bournemouth,Huddersfield,4,0,H,11,20,5,3,1.83,3.5,5.25
1253,2017/18,2017-11-18,Burnley,Swansea,2,0,H,16,13,7,1,2.14,3.2,4.0
1254,2017/18,2017-11-18,Crystal Palace,Everton,2,2,D,16,8,7,5,2.39,3.25,3.29
1255,2017/18,2017-11-18,Leicester,Man City,0,2,A,2,12,0,4,9.5,5.75,1.33
1256,2017/18,2017-11-18,Liverpool,Southampton,3,0,H,21,5,8,0,1.39,5.0,9.0
1257,2017/18,2017-11-18,Man United,Newcastle,4,1,H,16,12,7,5,1.28,5.75,13.0
1258,2017/18,2017-11-18,West Brom,Chelsea,0,4,A,7,11,2,7,6.5,4.0,1.61
1259,2017/18,2017-11-19,Watford,West Ham,2,0,H,17,10,7,6,2.1,3.5,3.75
1260,2017/18,2017-11-20,Brighton,Stoke,2,2,D,9,13,3,6,2.39,3.2,3.39
1261,2017/18,2017-11-24,West Ham,Leicester,1,1,D,8,7,4,2,2.7,3.39,2.75
1262,2017/18,2017-11-25,Crystal Palace,Stoke,2,1,H,10,9,5,3,2.04,3.5,4.0
1263,2017/18,2017-11-25,Liverpool,Chelsea,1,1,D,16,11,4,3,2.14,3.6,3.5
1264,2017/18,2017-11-25,Man United,Brighton,1,0,H,15,8,4,2,1.19,7.0,19.0
1265,2017/18,2017-11-25,Newcastle,Watford,0,3,A,12,12,2,4,2.2,3.5,3.5
1266,2017/18,2017-11-25,Swansea,Bournemouth,0,0,D,10,9,1,5,2.79,3.25,2.79
1267,2017/18,2017-11-25,Tottenham,West Brom,1,1,D,24,5,5,2,1.25,6.0,16.0
1268,2017/18,2017-11-26,Burnley,Arsenal,0,1,A,8,17,2,2,6.5,4.5,1.53
1269,2017/18,2017-11-26,Huddersfield,Man City,1,2,A,4,14,0,5,17.0,8.0,1.18
1270,2017/18,2017-11-26,Southampton,Everton,4,1,H,17,5,5,2,1.9,3.39,4.75
1271,2017/18,2017-11-28,Brighton,Crystal Palace,0,0,D,10,10,4,4,2.7,3.1,3.0
1272,2017/18,2017-11-28,Leicester,Tottenham,2,1,H,7,18,4,6,5.0,3.89,1.75
1273,2017/18,2017-11-28,Watford,Man United,2,4,A,12,15,3,7,5.25,3.89,1.72
1274,2017/18,2017-11-28,West Brom,Newcastle,2,2,D,8,14,4,4,2.37,3.1,3.5
1275,2017/18,2017-11-29,Arsenal,Huddersfield,5,0,H,21,7,7,2,1.19,7.5,17.0
1276,2017/18,2017-11-29,Bournemouth,Burnley,1,2,A,10,10,2,4,2.0,3.39,4.33
1277,2017/18,2017-11-29,Chelsea,Swansea,1,0,H,21,2,10,0,1.18,8.0,17.0
1278,2017/18,2017-11-29,Everton,West Ham,4,0,H,8,7,5,3,2.37,3.29,3.29
1279,2017/18,2017-11-29,Man City,Southampton,2,1,H,26,7,12,2,1.19,8.0,15.0
1280,2017/18,2017-11-29,Stoke,Liverpool,0,3,A,10,14,1,7,6.5,4.5,1.55
1281,2017/18,2017-12-02,Arsenal,Man United,1,3,A,33,8,15,4,2.5,3.39,3.0
1282,2017/18,2017-12-02,Brighton,Liverpool,1,5,A,6,12,2,6,7.5,4.5,1.5
1283,2017/18,2017-12-02,Chelsea,Newcastle,3,1,H,23,8,9,2,1.25,6.5,15.0
1284,2017/18,2017-12-02,Everton,Huddersfield,2,0,H,6,5,4,3,1.72,3.79,5.5
1285,2017/18,2017-12-02,Leicester,Burnley,1,0,H,16,14,3,4,1.83,3.6,5.0
1286,2017/18,2017-12-02,Stoke,Swansea,2,1,H,10,10,3,3,1.95,3.39,4.5
1287,2017/18,2017-12-02,Watford,Tottenham,1,1,D,6,8,2,2,5.0,4.0,1.72
1288,2017/18,2017-12-02,West Brom,Crystal Palace,0,0,D,20,10,6,2,2.5,3.2,3.2
1289,2017/18,2017-12-03,Bournemouth,Southampton,1,1,D,16,15,5,4,2.89,3.25,2.39
1290,2017/18,2017-12-03,Man City,West Ham,2,1,H,24,7,8,4,1.08,11.0,21.0
1291,2017/18,2017-12-09,Burnley,Watford,1,0,H,8,11,5,2,2.6,3.25,3.0
1292,2017/18,2017-12-09,Crystal Palace,Bournemouth,2,2,D,24,11,8,5,2.04,3.5,4.0
1293,2017/18,2017-12-09,Huddersfield,Brighton,2,0,H,19,7,6,2,2.7,3.1,3.0
1294,2017/18,2017-12-09,Newcastle,Leicester,2,3,A,10,13,4,5,2.62,3.29,2.89
1295,2017/18,2017-12-09,Swansea,West Brom,1,0,H,18,7,3,1,2.7,3.1,3.0
1296,2017/18,2017-12-09,Tottenham,Stoke,5,1,H,20,4,11,3,1.28,6.5,11.0
1297,2017/18,2017-12-09,West Ham,Chelsea,1,0,H,5,19,2,2,7.5,4.5,1.5
1298,2017/18,2017-12-10,Liverpool,Everton,1,1,D,23,3,3,2,1.3,6.0,11.0
1299,2017/18,2017-12-10,Man United,Man City,1,2,A,8,14,5,7,3.39,3.5,2.25
1300,2017/18,2017-12-10,Southampton,Arsenal,1,1,D,6,11,3,6,4.0,3.75,1.95
1301,2017/18,2017-12-12,Burnley,Stoke,1,0,H,10,14,2,7,2.29,3.2,3.6
1302,2017/18,2017-12-12,Crystal Palace,Watford,2,1,H,14,7,4,2,2.29,3.5,3.25
1303,2017/18,2017-12-12,Huddersfield,Chelsea,1,3,A,7,12,2,5,9.0,4.5,1.44
1304,2017/18,2017-12-13,Liverpool,West Brom,0,0,D,14,6,5,1,1.22,7.0,15.0
1305,2017/18,2017-12-13,Man United,Bournemouth,1,0,H,9,14,2,7,1.28,6.0,12.0
1306,2017/18,2017-12-13,Newcastle,Everton,0,1,A,16,7,4,4,2.39,3.29,3.25
1307,2017/18,2017-12-13,Southampton,Leicester,1,4,A,12,16,4,11,2.1,3.39,3.89
1308,2017/18,2017-12-13,Swansea,Man City,0,4,A,7,23,3,10,15.0,6.5,1.25
1309,2017/18,2017-12-13,Tottenham,Brighton,2,0,H,25,7,8,4,1.25,6.5,15.0
1310,2017/18,2017-12-13,West Ham,Arsenal,0,0,D,6,22,0,3,5.25,4.2,1.66
1311,2017/18,2017-12-16,Arsenal,Newcastle,1,0,H,23,10,5,2,1.25,6.5,14.0
1312,2017/18,2017-12-16,Brighton,Burnley,0,0,D,12,11,2,6,2.62,3.0,3.2
1313,2017/18,2017-12-16,Chelsea,Southampton,1,0,H,24,6,8,2,1.39,5.0,9.0
1314,2017/18,2017-12-16,Leicester,Crystal Palace,0,3,A,11,13,2,6,1.89,3.6,4.5
1315,2017/18,2017-12-16,Man City,Tottenham,4,1,H,20,7,11,2,1.55,4.59,6.0
1316,2017/18,2017-12-16,Stoke,West Ham,0,3,A,17,14,0,7,2.29,3.29,3.5
1317,2017/18,2017-12-16,Watford,Huddersfield,1,4,A,13,15,3,9,1.8,3.75,5.0
1318,2017/18,2017-12-17,Bournemouth,Liverpool,0,4,A,6,21,2,7,6.5,4.5,1.53
1319,2017/18,2017-12-17,West Brom,Man United,1,2,A,12,8,5,3,6.5,4.0,1.6
1320,2017/18,2017-12-18,Everton,Swansea,3,1,H,12,8,7,3,1.72,3.75,5.5
1321,2017/18,2017-12-22,Arsenal,Liverpool,3,3,D,11,14,4,9,2.54,3.6,2.79
1322,2017/18,2017-12-23,Brighton,Watford,1,0,H,14,13,3,1,2.62,3.2,3.0
1323,2017/18,2017-12-23,Burnley,Tottenham,0,3,A,5,18,2,8,7.0,4.2,1.55
1324,2017/18,2017-12-23,Everton,Chelsea,0,0,D,5,25,0,8,6.0,3.89,1.66
1325,2017/18,2017-12-23,Leicester,Man United,2,2,D,11,19,3,6,4.5,3.6,1.9
1326,2017/18,2017-12-23,Man City,Bournemouth,4,0,H,14,5,5,1,1.12,11.0,23.0
1327,2017/18,2017-12-23,Southampton,Huddersfield,1,1,D,12,10,6,3,1.61,3.89,6.5
1328,2017/18,2017-12-23,Stoke,West Brom,3,1,H,9,17,5,7,2.29,3.25,3.5
1329,2017/18,2017-12-23,Swansea,Crystal Palace,1,1,D,7,13,2,5,3.29,3.2,2.45
1330,2017/18,2017-12-23,West Ham,Newcastle,2,3,A,19,11,6,4,2.1,3.39,3.89
1331,2017/18,2017-12-26,Bournemouth,West Ham,3,3,D,26,10,10,5,2.79,3.29,2.75
1332,2017/18,2017-12-26,Chelsea,Brighton,2,0,H,25,8,8,1,1.19,7.5,17.0
1333,2017/18,2017-12-26,Huddersfield,Stoke,1,1,D,18,15,8,7,2.5,3.2,3.2
1334,2017/18,2017-12-26,Liverpool,Swansea,5,0,H,22,7,9,4,1.16,9.0,19.0
1335,2017/18,2017-12-26,Man United,Burnley,2,2,D,23,3,6,2,1.25,6.5,15.0
1336,2017/18,2017-12-26,Tottenham,Southampton,5,2,H,16,16,7,6,1.36,5.25,10.0
1337,2017/18,2017-12-26,Watford,Leicester,2,1,H,11,11,1,5,2.54,3.5,2.87
1338,2017/18,2017-12-26,West Brom,Everton,0,0,D,17,7,3,3,2.54,3.2,3.1
1339,2017/18,2017-12-27,Newcastle,Man City,0,1,A,6,22,2,6,13.0,6.75,1.25
1340,2017/18,2017-12-28,Crystal Palace,Arsenal,2,3,A,16,16,2,9,4.5,4.0,1.8
1341,2017/18,2017-12-30,Bournemouth,Everton,2,1,H,19,6,7,1,2.37,3.29,3.29
1342,2017/18,2017-12-30,Chelsea,Stoke,5,0,H,21,1,12,1,1.16,8.5,19.0
1343,2017/18,2017-12-30,Huddersfield,Burnley,0,0,D,3,11,1,4,2.37,3.1,3.5
1344,2017/18,2017-12-30,Liverpool,Leicester,2,1,H,17,7,6,1,1.3,6.0,11.0
1345,2017/18,2017-12-30,Man United,Southampton,0,0,D,15,8,3,3,1.36,5.5,9.0
1346,2017/18,2017-12-30,Newcastle,Brighton,0,0,D,11,10,2,3,2.14,3.2,4.0
1347,2017/18,2017-12-30,Watford,Swansea,1,2,A,9,9,4,4,1.66,3.79,6.0
1348,2017/18,2017-12-31,Crystal Palace,Man City,0,0,D,10,15,1,4,11.0,6.5,1.28
1349,2017/18,2017-12-31,West Brom,Arsenal,1,1,D,14,14,3,4,5.0,4.0,1.72
1350,2017/18,2018-01-01,Brighton,Bournemouth,2,2,D,15,26,6,8,2.37,3.2,3.39
1351,2017/18,2018-01-01,Burnley,Liverpool,1,2,A,13,19,4,5,7.5,4.5,1.5
1352,2017/18,2018-01-01,Everton,Man United,0,2,A,12,21,0,6,5.5,3.5,1.8
1353,2017/18,2018-01-01,Leicester,Huddersfield,3,0,H,11,6,5,1,1.66,3.79,6.0
1354,2017/18,2018-01-01,Stoke,Newcastle,0,1,A,11,14,4,6,2.29,3.29,3.5
1355,2017/18,2018-01-02,Man City,Watford,3,1,H,17,7,7,4,1.12,8.5,19.0
1356,2017/18,2018-01-02,Southampton,Crystal Palace,1,2,A,10,11,3,4,1.9,3.39,4.0
1357,2017/18,2018-01-02,Swansea,Tottenham,0,2,A,8,12,1,5,12.0,4.75,1.3
1358,2017/18,2018-01-02,West Ham,West Brom,2,1,H,13,10,5,3,1.9,3.39,4.09
1359,2017/18,2018-01-03,Arsenal,Chelsea,2,2,D,14,19,6,6,2.6,3.39,2.6
1360,2017/18,2018-01-04,Tottenham,West Ham,1,1,D,31,3,8,1,1.25,6.0,10.0
1361,2017/18,2018-01-13,Chelsea,Leicester,0,0,D,17,14,7,1,1.3,5.75,12.0
1362,2017/18,2018-01-13,Crystal Palace,Burnley,1,0,H,17,8,2,2,2.0,3.29,4.5
1363,2017/18,2018-01-13,Huddersfield,West Ham,1,4,A,8,8,2,6,2.62,3.1,3.1
1364,2017/18,2018-01-13,Newcastle,Swansea,1,1,D,12,8,4,5,1.95,3.39,4.5
1365,2017/18,2018-01-13,Tottenham,Everton,4,0,H,20,7,10,0,1.28,6.0,13.0
1366,2017/18,2018-01-13,Watford,Southampton,2,2,D,16,10,4,4,2.5,3.39,3.0
1367,2017/18,2018-01-13,West Brom,Brighton,2,0,H,15,13,4,1,2.14,3.0,4.33
1368,2017/18,2018-01-14,Bournemouth,Arsenal,2,1,H,13,12,5,3,4.75,4.2,1.75
1369,2017/18,2018-01-14,Liverpool,Man City,4,3,H,16,11,7,4,3.1,3.75,2.29
1370,2017/18,2018-01-15,Man United,Stoke,3,0,H,20,11,9,5,1.22,7.0,15.0
1371,2017/18,2018-01-20,Arsenal,Crystal Palace,4,1,H,16,9,10,5,1.5,4.75,7.0
1372,2017/18,2018-01-20,Brighton,Chelsea,0,4,A,10,14,3,10,6.5,3.89,1.61
1373,2017/18,2018-01-20,Burnley,Man United,0,1,A,13,12,2,2,7.5,3.89,1.57
1374,2017/18,2018-01-20,Everton,West Brom,1,1,D,9,15,4,5,2.14,3.2,4.0
1375,2017/18,2018-01-20,Leicester,Watford,2,0,H,9,11,5,3,1.85,3.89,4.33
1376,2017/18,2018-01-20,Man City,Newcastle,3,1,H,21,6,9,4,1.12,10.0,26.0
1377,2017/18,2018-01-20,Stoke,Huddersfield,2,0,H,11,6,6,3,2.04,3.39,4.09
1378,2017/18,2018-01-20,West Ham,Bournemouth,1,1,D,12,8,4,3,2.0,3.6,4.0
1379,2017/18,2018-01-21,Southampton,Tottenham,1,1,D,10,17,4,2,5.75,4.09,1.64
1380,2017/18,2018-01-22,Swansea,Liverpool,1,0,H,3,21,2,4,12.0,5.75,1.3
1381,2017/18,2018-01-30,Huddersfield,Liverpool,0,3,A,5,14,1,7,12.0,5.75,1.3
1382,2017/18,2018-01-30,Swansea,Arsenal,3,1,H,12,9,4,4,7.0,4.59,1.5
1383,2017/18,2018-01-30,West Ham,Crystal Palace,1,1,D,8,9,3,3,3.1,3.25,2.54
1384,2017/18,2018-01-31,Chelsea,Bournemouth,0,3,A,21,11,5,5,1.28,6.5,11.0
1385,2017/18,2018-01-31,Everton,Leicester,2,1,H,9,8,4,1,3.0,3.2,2.62
1386,2017/18,2018-01-31,Man City,West Brom,3,0,H,19,3,10,1,1.14,10.0,21.0
1387,2017/18,2018-01-31,Newcastle,Burnley,1,1,D,14,11,4,2,2.2,3.2,3.89
1388,2017/18,2018-01-31,Southampton,Brighton,1,1,D,18,9,3,2,1.75,3.5,6.0
1389,2017/18,2018-01-31,Stoke,Watford,0,0,D,11,12,4,2,2.25,3.5,3.39
1390,2017/18,2018-01-31,Tottenham,Man United,2,0,H,22,6,6,3,2.35,3.29,3.39
1391,2017/18,2018-02-03,Arsenal,Everton,5,1,H,15,11,7,2,1.3,5.75,12.0
1392,2017/18,2018-02-03,Bournemouth,Stoke,2,1,H,15,13,8,4,1.9,3.7,4.33
1393,2017/18,2018-02-03,Brighton,West Ham,3,1,H,21,4,5,1,2.35,3.0,3.7
1394,2017/18,2018-02-03,Burnley,Man City,1,1,D,8,20,3,7,13.0,6.0,1.28
1395,2017/18,2018-02-03,Leicester,Swansea,1,1,D,13,3,5,1,1.8,3.6,5.25
1396,2017/18,2018-02-03,Man United,Huddersfield,2,0,H,16,4,7,0,1.16,8.5,19.0
1397,2017/18,2018-02-03,West Brom,Southampton,2,3,A,9,13,3,5,2.54,3.2,3.1
1398,2017/18,2018-02-04,Crystal Palace,Newcastle,1,1,D,21,11,6,8,2.04,3.39,4.2
1399,2017/18,2018-02-04,Liverpool,Tottenham,2,2,D,9,13,3,6,2.1,3.75,3.6
1400,2017/18,2018-02-05,Watford,Chelsea,4,1,H,21,7,8,3,6.25,4.0,1.61
1401,2017/18,2018-02-10,Everton,Crystal Palace,3,1,H,11,16,5,4,2.25,3.25,3.2
1402,2017/18,2018-02-10,Man City,Leicester,5,1,H,19,2,11,2,1.19,6.5,13.0
1403,2017/18,2018-02-10,Stoke,Brighton,1,1,D,15,14,3,6,2.2,3.2,3.39
1404,2017/18,2018-02-10,Swansea,Burnley,1,0,H,12,13,4,1,2.37,3.0,3.25
1405,2017/18,2018-02-10,Tottenham,Arsenal,1,0,H,18,6,6,1,2.0,3.6,3.5
1406,2017/18,2018-02-10,West Ham,Watford,2,0,H,8,11,4,4,2.5,3.29,2.79
1407,2017/18,2018-02-11,Huddersfield,Bournemouth,4,1,H,15,7,4,2,3.25,3.2,2.25
1408,2017/18,2018-02-11,Newcastle,Man United,1,0,H,10,13,3,6,5.5,3.75,1.61
1409,2017/18,2018-02-11,Southampton,Liverpool,0,2,A,6,16,4,4,4.2,3.79,1.8
1410,2017/18,2018-02-12,Chelsea,West Brom,3,0,H,20,8,8,1,1.36,4.75,8.0
1411,2017/18,2018-02-24,Bournemouth,Newcastle,2,2,D,18,15,5,4,2.1,3.5,3.79
1412,2017/18,2018-02-24,Brighton,Swansea,4,1,H,16,11,5,1,2.14,3.25,4.0
1413,2017/18,2018-02-24,Burnley,Southampton,1,1,D,9,13,3,6,2.89,3.1,2.79
1414,2017/18,2018-02-24,Leicester,Stoke,1,1,D,19,6,9,2,1.72,3.89,5.25
1415,2017/18,2018-02-24,Liverpool,West Ham,4,1,H,21,7,12,4,1.22,7.5,13.0
1416,2017/18,2018-02-24,Watford,Everton,1,0,H,13,7,5,2,2.25,3.39,3.5
1417,2017/18,2018-02-24,West Brom,Huddersfield,1,2,A,10,16,3,7,1.95,3.29,4.75
1418,2017/18,2018-02-25,Crystal Palace,Tottenham,0,1,A,5,14,3,4,7.5,4.5,1.5
1419,2017/18,2018-02-25,Man United,Chelsea,2,1,H,10,14,5,7,2.29,3.25,3.5
1420,2017/18,2018-03-01,Arsenal,Man City,0,3,A,10,9,5,5,4.5,4.0,1.72
1421,2017/18,2018-03-03,Burnley,Everton,2,1,H,21,10,8,4,2.5,3.1,3.29
1422,2017/18,2018-03-03,Leicester,Bournemouth,1,1,D,23,8,4,3,1.85,3.75,4.5
1423,2017/18,2018-03-03,Liverpool,Newcastle,2,0,H,14,7,3,2,1.22,7.0,15.0
1424,2017/18,2018-03-03,Southampton,Stoke,0,0,D,18,12,6,3,1.75,3.75,5.25
1425,2017/18,2018-03-03,Swansea,West Ham,4,1,H,9,7,8,2,2.6,3.25,3.0
1426,2017/18,2018-03-03,Tottenham,Huddersfield,2,0,H,15,3,7,3,1.19,7.5,17.0
1427,2017/18,2018-03-03,Watford,West Brom,1,0,H,15,9,4,2,2.14,3.29,3.89
1428,2017/18,2018-03-04,Brighton,Arsenal,2,1,H,13,15,6,7,4.2,3.79,1.9
1429,2017/18,2018-03-04,Man City,Chelsea,1,0,H,13,3,3,0,1.61,4.2,6.0
1430,2017/18,2018-03-05,Crystal Palace,Man United,2,3,A,10,17,4,8,7.0,4.0,1.57
1431,2017/18,2018-03-10,Chelsea,Crystal Palace,2,1,H,27,9,11,2,1.3,5.75,12.0
1432,2017/18,2018-03-10,Everton,Brighton,2,0,H,13,10,3,4,2.2,3.2,3.89
1433,2017/18,2018-03-10,Huddersfield,Swansea,0,0,D,30,0,4,0,2.54,3.1,3.2
1434,2017/18,2018-03-10,Man United,Liverpool,2,1,H,5,14,2,2,2.75,3.39,2.75
1435,2017/18,2018-03-10,Newcastle,Southampton,3,0,H,7,6,5,2,2.79,3.2,2.79
1436,2017/18,2018-03-10,West Brom,Leicester,1,4,A,6,14,2,6,3.0,3.25,2.6
1437,2017/18,2018-03-10,West Ham,Burnley,0,3,A,13,7,4,4,2.29,3.2,3.6
1438,2017/18,2018-03-11,Arsenal,Watford,3,0,H,11,11,7,4,1.44,5.0,7.5
1439,2017/18,2018-03-11,Bournemouth,Tottenham,1,4,A,14,12,3,8,6.5,4.5,1.55
1440,2017/18,2018-03-12,Stoke,Man City,0,2,A,3,17,0,6,15.0,6.5,1.25
1441,2017/18,2018-03-17,Bournemouth,West Brom,2,1,H,17,11,5,6,1.83,3.6,5.0
1442,2017/18,2018-03-17,Huddersfield,Crystal Palace,0,2,A,6,17,2,6,3.0,3.1,2.7
1443,2017/18,2018-03-17,Liverpool,Watford,5,0,H,13,4,10,1,1.19,8.0,15.0
1444,2017/18,2018-03-17,Stoke,Everton,1,2,A,9,17,4,9,2.5,3.29,3.1
1445,2017/18,2018-03-31,Brighton,Leicester,0,2,A,15,6,3,4,2.7,3.2,2.62
1446,2017/18,2018-03-31,Crystal Palace,Liverpool,1,2,A,6,16,3,6,7.0,4.33,1.44
1447,2017/18,2018-03-31,Everton,Man City,1,3,A,6,18,2,4,9.0,5.0,1.33
1448,2017/18,2018-03-31,Man United,Swansea,2,0,H,11,3,5,2,1.25,6.0,10.0
1449,2017/18,2018-03-31,Newcastle,Huddersfield,1,0,H,18,4,3,0,1.75,3.39,5.0
1450,2017/18,2018-03-31,Watford,Bournemouth,2,2,D,16,13,5,6,2.29,3.29,3.1
1451,2017/18,2018-03-31,West Brom,Burnley,1,2,A,8,11,3,4,2.5,3.0,3.1
1452,2017/18,2018-03-31,West Ham,Southampton,3,0,H,13,9,5,0,2.7,3.25,2.6
1453,2017/18,2018-04-01,Arsenal,Stoke,3,0,H,24,8,11,2,1.28,5.5,10.0
1454,2017/18,2018-04-01,Chelsea,Tottenham,1,3,A,14,12,4,7,2.29,3.29,3.1
1455,2017/18,2018-04-07,Bournemouth,Crystal Palace,2,2,D,20,13,5,6,2.5,3.39,3.0
1456,2017/18,2018-04-07,Brighton,Huddersfield,1,1,D,13,14,4,5,1.85,3.5,5.0
1457,2017/18,2018-04-07,Everton,Liverpool,0,0,D,6,10,1,3,4.2,3.75,1.9
1458,2017/18,2018-04-07,Leicester,Newcastle,1,2,A,8,8,1,4,1.95,3.6,4.2
1459,2017/18,2018-04-07,Man City,Man United,2,3,A,20,5,6,4,1.89,3.79,4.2
1460,2017/18,2018-04-07,Stoke,Tottenham,1,2,A,10,15,4,4,11.0,5.5,1.33
1461,2017/18,2018-04-07,Watford,Burnley,1,2,A,14,7,5,4,2.39,3.2,3.39
1462,2017/18,2018-04-07,West Brom,Swansea,1,1,D,15,7,3,1,2.37,3.2,3.39
1463,2017/18,2018-04-08,Arsenal,Southampton,3,2,H,13,15,7,8,1.57,4.5,6.0
1464,2017/18,2018-04-08,Chelsea,West Ham,1,1,D,23,5,6,2,1.28,6.0,12.0
1465,2017/18,2018-04-14,Burnley,Leicester,2,1,H,8,15,3,6,2.62,3.2,3.0
1466,2017/18,2018-04-14,Crystal Palace,Brighton,3,2,H,15,12,8,3,1.9,3.5,4.75
1467,2017/18,2018-04-14,Huddersfield,Watford,1,0,H,9,4,1,2,2.62,3.25,3.0
1468,2017/18,2018-04-14,Liverpool,Bournemouth,3,0,H,20,6,7,1,1.25,7.0,12.0
1469,2017/18,2018-04-14,Southampton,Chelsea,2,3,A,10,17,7,5,4.5,3.75,1.85
1470,2017/18,2018-04-14,Swansea,Everton,1,1,D,17,12,7,3,2.54,3.25,3.1
1471,2017/18,2018-04-14,Tottenham,Man City,1,3,A,8,17,3,6,2.62,3.6,2.7
1472,2017/18,2018-04-15,Man United,West Brom,0,1,A,14,10,4,4,1.18,8.0,19.0
1473,2017/18,2018-04-15,Newcastle,Arsenal,2,1,H,8,15,4,3,3.29,3.6,2.25
1474,2017/18,2018-04-16,West Ham,Stoke,1,1,D,18,11,6,7,2.0,3.6,4.0
1475,2017/18,2018-04-17,Brighton,Tottenham,1,1,D,8,16,5,6,6.5,4.33,1.55
1476,2017/18,2018-04-18,Bournemouth,Man United,0,2,A,13,13,2,4,5.0,3.89,1.75
1477,2017/18,2018-04-19,Burnley,Chelsea,1,2,A,5,16,2,5,4.0,3.39,1.9
1478,2017/18,2018-04-19,Leicester,Southampton,0,0,D,11,6,3,2,2.25,3.29,3.2
1479,2017/18,2018-04-21,Watford,Crystal Palace,0,0,D,14,6,4,1,2.89,3.39,2.54
1480,2017/18,2018-04-21,West Brom,Liverpool,2,2,D,13,9,6,3,7.5,4.5,1.5
1481,2017/18,2018-04-22,Arsenal,West Ham,4,1,H,20,11,8,4,1.55,4.59,6.0
1482,2017/18,2018-04-22,Man City,Swansea,5,0,H,19,4,12,1,1.14,9.0,23.0
1483,2017/18,2018-04-22,Stoke,Burnley,1,1,D,8,16,3,7,2.29,3.29,3.5
1484,2017/18,2018-04-23,Everton,Newcastle,1,0,H,9,9,1,2,2.29,3.39,3.39
1485,2017/18,2018-04-28,Burnley,Brighton,0,0,D,10,9,4,1,2.25,3.2,3.7
1486,2017/18,2018-04-28,Crystal Palace,Leicester,5,0,H,15,6,9,1,2.04,3.6,3.79
1487,2017/18,2018-04-28,Huddersfield,Everton,0,2,A,9,7,2,5,2.62,3.1,3.1
1488,2017/18,2018-04-28,Liverpool,Stoke,0,0,D,20,5,2,1,1.33,5.75,10.0
1489,2017/18,2018-04-28,Newcastle,West Brom,0,1,A,17,9,2,2,1.85,3.6,4.75
1490,2017/18,2018-04-28,Southampton,Bournemouth,2,1,H,14,14,6,7,1.72,4.0,5.0
1491,2017/18,2018-04-28,Swansea,Chelsea,0,1,A,10,11,3,3,7.0,4.33,1.53
1492,2017/18,2018-04-29,Man United,Arsenal,2,1,H,17,8,3,3,1.44,4.75,8.0
1493,2017/18,2018-04-29,West Ham,Man City,1,4,A,4,19,1,7,10.0,5.75,1.33
1494,2017/18,2018-04-30,Tottenham,Watford,2,0,H,13,13,3,5,1.16,8.5,21.0
1495,2017/18,2018-05-04,Brighton,Man United,1,0,H,11,16,4,3,4.75,3.6,1.85
1496,2017/18,2018-05-05,Bournemouth,Swansea,1,0,H,13,12,5,3,2.1,3.6,3.7
1497,2017/18,2018-05-05,Everton,Southampton,1,1,D,9,11,3,5,2.89,3.29,2.62
1498,2017/18,2018-05-05,Leicester,West Ham,0,2,A,13,13,2,3,2.25,3.5,3.39
1499,2017/18,2018-05-05,Stoke,Crystal Palace,1,2,A,7,13,2,2,2.7,3.39,2.79
1500,2017/18,2018-05-05,Watford,Newcastle,2,1,H,11,9,8,1,2.37,3.39,3.2
1501,2017/18,2018-05-05,West Brom,Tottenham,1,0,H,9,18,1,5,8.0,4.75,1.44
1502,2017/18,2018-05-06,Arsenal,Burnley,5,0,H,16,6,8,2,1.57,4.2,6.5
1503,2017/18,2018-05-06,Chelsea,Liverpool,1,0,H,12,10,4,5,2.25,3.6,3.29
1504,2017/18,2018-05-06,Man City,Huddersfield,0,0,D,15,5,2,3,1.08,13.0,34.0
1505,2017/18,2018-05-08,Swansea,Southampton,0,1,A,11,13,3,8,3.1,3.25,2.54
1506,2017/18,2018-05-09,Chelsea,Huddersfield,1,1,D,22,3,5,2,1.16,8.5,19.0
1507,2017/18,2018-05-09,Leicester,Arsenal,3,1,H,19,14,10,7,3.75,3.79,2.0
1508,2017/18,2018-05-09,Man City,Brighton,3,1,H,19,6,7,3,1.12,10.0,27.0
1509,2017/18,2018-05-09,Tottenham,Newcastle,1,0,H,11,14,7,3,1.18,8.5,17.0
1510,2017/18,2018-05-10,West Ham,Man United,0,0,D,9,16,2,6,4.75,3.79,1.8
1511,2017/18,2018-05-13,Burnley,Bournemouth,1,2,A,12,16,4,5,2.14,3.5,3.6
1512,2017/18,2018-05-13,Crystal Palace,West Brom,2,0,H,11,7,5,1,1.8,3.79,4.75
1513,2017/18,2018-05-13,Huddersfield,Arsenal,0,1,A,18,9,3,4,6.0,4.33,1.6
1514,2017/18,2018-05-13,Liverpool,Brighton,4,0,H,22,2,11,1,1.19,8.0,15.0
1515,2017/18,2018-05-13,Man United,Watford,1,0,H,7,7,1,3,1.39,5.25,8.5
1516,2017/18,2018-05-13,Newcastle,Chelsea,3,0,H,16,6,6,2,6.5,4.2,1.6
1517,2017/18,2018-05-13,Southampton,Man City,0,1,A,8,13,3,2,9.0,5.0,1.39
1518,2017/18,2018-05-13,Swansea,Stoke,1,2,A,26,8,11,5,1.9,3.79,4.2
1519,2017/18,2018-05-13,Tottenham,Leicester,5,4,H,14,16,6,9,1.33,6.0,9.0
1520,2017/18,2018-05-13,West Ham,Everton,3,1,H,15,14,4,7,2.45,3.5,3.0
1521,2018/19,2018-08-10,Man United,Leicester,2,1,H,8,13,6,4,1.57,3.9,7.5
1522,2018/19,2018-08-11,Bournemouth,Cardiff,2,0,H,12,10,4,1,1.9,3.6,4.5
1523,2018/19,2018-08-11,Fulham,Crystal Palace,0,2,A,15,10,6,9,2.5,3.4,3.0
1524,2018/19,2018-08-11,Huddersfield,Chelsea,0,3,A,6,13,1,4,6.5,4.0,1.61
1525,2018/19,2018-08-11,Newcastle,Tottenham,1,2,A,15,15,2,5,3.9,3.5,2.04
1526,2018/19,2018-08-11,Watford,Brighton,2,0,H,19,6,5,0,2.37,3.2,3.4
1527,2018/19,2018-08-11,Wolves,Everton,2,2,D,11,6,4,5,2.37,3.3,3.3
1528,2018/19,2018-08-12,Arsenal,Man City,0,2,A,9,17,3,8,4.0,3.8,1.95
1529,2018/19,2018-08-12,Liverpool,West Ham,4,0,H,18,5,8,2,1.25,6.5,14.0
1530,2018/19,2018-08-12,Southampton,Burnley,0,0,D,18,16,3,6,1.85,3.5,5.0
1531,2018/19,2018-08-18,Cardiff,Newcastle,0,0,D,12,12,1,6,3.25,3.1,2.54
1532,2018/19,2018-08-18,Chelsea,Arsenal,3,2,H,24,15,11,6,1.8,4.0,4.5
1533,2018/19,2018-08-18,Everton,Southampton,2,1,H,13,15,7,4,1.9,3.5,4.75
1534,2018/19,2018-08-18,Leicester,Wolves,2,0,H,6,11,2,3,2.04,3.5,3.9
1535,2018/19,2018-08-18,Tottenham,Fulham,3,1,H,25,10,11,3,1.28,6.0,12.0
1536,2018/19,2018-08-18,West Ham,Bournemouth,1,2,A,11,12,5,5,2.1,3.6,3.7
1537,2018/19,2018-08-19,Brighton,Man United,3,2,H,6,9,3,3,5.5,3.6,1.75
1538,2018/19,2018-08-19,Burnley,Watford,1,3,A,8,9,3,6,2.45,3.1,3.4
1539,2018/19,2018-08-19,Man City,Huddersfield,6,1,H,32,5,14,1,1.1,13.0,26.0
1540,2018/19,2018-08-20,Crystal Palace,Liverpool,0,2,A,8,16,2,6,7.0,5.0,1.44
1541,2018/19,2018-08-25,Arsenal,West Ham,3,1,H,17,13,10,5,1.36,5.5,9.0
1542,2018/19,2018-08-25,Bournemouth,Everton,2,2,D,17,11,5,3,2.62,3.6,2.75
1543,2018/19,2018-08-25,Huddersfield,Cardiff,0,0,D,5,14,1,4,2.37,3.0,3.7
1544,2018/19,2018-08-25,Liverpool,Brighton,1,0,H,22,6,8,2,1.16,8.5,19.0
1545,2018/19,2018-08-25,Southampton,Leicester,1,2,A,11,8,5,5,2.45,3.2,3.25
1546,2018/19,2018-08-25,Wolves,Man City,1,1,D,11,18,2,6,11.0,6.5,1.28
1547,2018/19,2018-08-26,Fulham,Burnley,4,2,H,25,12,12,2,2.0,3.4,4.33
1548,2018/19,2018-08-26,Newcastle,Chelsea,1,2,A,6,15,2,3,5.75,4.0,1.66
1549,2018/19,2018-08-26,Watford,Crystal Palace,2,1,H,13,9,5,3,2.6,3.25,3.0
1550,2018/19,2018-08-27,Man United,Tottenham,0,3,A,23,9,5,5,2.62,3.3,2.9
1551,2018/19,2018-09-01,Brighton,Fulham,2,2,D,15,10,5,5,2.3,3.4,3.4
1552,2018/19,2018-09-01,Chelsea,Bournemouth,2,0,H,24,8,6,1,1.3,6.0,11.0
1553,2018/19,2018-09-01,Crystal Palace,Southampton,0,2,A,20,19,6,6,2.0,3.5,4.2
1554,2018/19,2018-09-01,Everton,Huddersfield,1,1,D,11,9,1,6,1.53,4.2,7.5
1555,2018/19,2018-09-01,Leicester,Liverpool,1,2,A,12,10,5,4,7.5,5.0,1.44
1556,2018/19,2018-09-01,Man City,Newcastle,2,1,H,24,3,8,2,1.11,11.0,26.0
1557,2018/19,2018-09-01,West Ham,Wolves,0,1,A,13,15,3,6,2.6,3.4,2.87
1558,2018/19,2018-09-02,Burnley,Man United,0,2,A,9,21,2,9,6.0,3.75,1.7
1559,2018/19,2018-09-02,Cardiff,Arsenal,2,3,A,14,17,3,11,6.5,4.33,1.57
1560,2018/19,2018-09-02,Watford,Tottenham,2,1,H,7,11,3,2,5.5,4.2,1.64
1561,2018/19,2018-09-15,Bournemouth,Leicester,4,2,H,10,14,5,8,2.45,3.5,3.0
1562,2018/19,2018-09-15,Chelsea,Cardiff,4,1,H,18,6,7,2,1.18,8.0,19.0
1563,2018/19,2018-09-15,Huddersfield,Crystal Palace,0,1,A,15,7,2,2,3.3,3.1,2.5
1564,2018/19,2018-09-15,Man City,Fulham,3,0,H,28,9,9,3,1.12,10.0,26.0
1565,2018/19,2018-09-15,Newcastle,Arsenal,1,2,A,4,12,2,2,4.2,3.8,1.9
1566,2018/19,2018-09-15,Tottenham,Liverpool,1,2,A,11,17,3,10,3.0,3.6,2.4
1567,2018/19,2018-09-15,Watford,Man United,1,2,A,14,9,5,6,4.33,3.6,1.95
1568,2018/19,2018-09-16,Everton,West Ham,1,3,A,16,9,4,4,2.0,3.75,3.9
1569,2018/19,2018-09-16,Wolves,Burnley,1,0,H,30,7,7,2,1.75,3.6,5.75
1570,2018/19,2018-09-17,Southampton,Brighton,2,2,D,14,12,5,4,2.1,3.4,3.9
1571,2018/19,2018-09-22,Brighton,Tottenham,1,2,A,8,16,4,7,5.0,4.0,1.75
1572,2018/19,2018-09-22,Burnley,Bournemouth,4,0,H,12,19,5,5,3.0,3.4,2.5
1573,2018/19,2018-09-22,Cardiff,Man City,0,5,A,2,21,2,10,23.0,8.0,1.16
1574,2018/19,2018-09-22,Crystal Palace,Newcastle,0,0,D,16,6,4,3,2.14,3.4,3.75
1575,2018/19,2018-09-22,Fulham,Watford,1,1,D,15,11,3,6,2.54,3.5,2.9
1576,2018/19,2018-09-22,Leicester,Huddersfield,3,1,H,18,9,8,2,1.61,4.0,6.5
1577,2018/19,2018-09-22,Liverpool,Southampton,3,0,H,12,7,4,1,1.2,7.5,17.0
1578,2018/19,2018-09-22,Man United,Wolves,1,1,D,15,11,6,8,1.57,4.33,6.5
1579,2018/19,2018-09-23,Arsenal,Everton,2,0,H,9,9,5,6,1.44,5.0,7.5
1580,2018/19,2018-09-23,West Ham,Chelsea,0,0,D,6,17,1,6,6.0,4.5,1.57
1581,2018/19,2018-09-29,Arsenal,Watford,2,0,H,9,13,2,4,1.44,5.1,7.0
1582,2018/19,2018-09-29,Chelsea,Liverpool,1,1,D,10,13,4,6,2.8,3.6,2.54
1583,2018/19,2018-09-29,Everton,Fulham,3,0,H,19,6,6,0,1.75,4.2,4.75
1584,2018/19,2018-09-29,Huddersfield,Tottenham,0,2,A,9,10,5,6,8.5,4.5,1.44
1585,2018/19,2018-09-29,Man City,Brighton,2,0,H,28,4,8,1,1.1,12.0,34.0
1586,2018/19,2018-09-29,Newcastle,Leicester,0,2,A,6,12,1,5,2.6,3.3,3.0
1587,2018/19,2018-09-29,West Ham,Man United,3,1,H,8,9,3,4,4.5,3.8,1.85
1588,2018/19,2018-09-29,Wolves,Southampton,2,0,H,14,17,6,6,1.8,3.6,5.25
1589,2018/19,2018-09-30,Cardiff,Burnley,1,2,A,19,3,5,2,2.62,3.0,3.2
1590,2018/19,2018-10-01,Bournemouth,Crystal Palace,2,1,H,11,10,5,2,2.25,3.5,3.4
1591,2018/19,2018-10-05,Brighton,West Ham,1,0,H,9,17,4,4,2.7,3.3,2.87
1592,2018/19,2018-10-06,Burnley,Huddersfield,1,1,D,6,19,3,2,2.14,3.1,4.2
1593,2018/19,2018-10-06,Crystal Palace,Wolves,0,1,A,11,7,4,2,3.0,3.2,2.62
1594,2018/19,2018-10-06,Leicester,Everton,1,2,A,8,17,2,8,2.2,3.4,3.6
1595,2018/19,2018-10-06,Man United,Newcastle,3,2,H,18,13,10,8,1.44,4.5,9.0
1596,2018/19,2018-10-06,Tottenham,Cardiff,1,0,H,19,8,7,6,1.22,7.0,15.0
1597,2018/19,2018-10-06,Watford,Bournemouth,0,4,A,14,10,2,7,2.14,3.6,3.5
1598,2018/19,2018-10-07,Fulham,Arsenal,1,5,A,21,9,4,7,5.25,4.33,1.66
1599,2018/19,2018-10-07,Liverpool,Man City,0,0,D,7,6,2,2,2.54,3.6,2.8
1600,2018/19,2018-10-07,Southampton,Chelsea,0,3,A,15,21,6,6,6.0,4.1,1.61
1601,2018/19,2018-10-20,Bournemouth,Southampton,0,0,D,10,8,2,4,2.04,3.7,3.75
1602,2018/19,2018-10-20,Cardiff,Fulham,4,2,H,22,9,5,4,2.5,3.5,2.95
1603,2018/19,2018-10-20,Chelsea,Man United,2,2,D,21,7,6,4,1.75,3.8,5.25
1604,2018/19,2018-10-20,Huddersfield,Liverpool,0,1,A,13,11,1,2,11.0,5.5,1.33
1605,2018/19,2018-10-20,Man City,Burnley,5,0,H,24,5,10,0,1.08,13.0,34.0
1606,2018/19,2018-10-20,Newcastle,Brighton,0,1,A,27,8,6,2,2.2,3.25,3.8
1607,2018/19,2018-10-20,West Ham,Tottenham,0,1,A,13,10,4,2,4.1,3.9,1.9
1608,2018/19,2018-10-20,Wolves,Watford,0,2,A,10,9,1,3,1.75,3.75,5.25
1609,2018/19,2018-10-21,Everton,Crystal Palace,2,0,H,20,7,4,3,1.85,3.6,4.75
1610,2018/19,2018-10-22,Arsenal,Leicester,3,1,H,19,8,6,2,1.53,4.5,6.5
1611,2018/19,2018-10-27,Brighton,Wolves,1,0,H,2,25,1,7,3.2,3.2,2.5
1612,2018/19,2018-10-27,Fulham,Bournemouth,0,3,A,11,12,1,5,2.9,3.75,2.4
1613,2018/19,2018-10-27,Leicester,West Ham,1,1,D,21,11,7,3,2.1,3.5,3.8
1614,2018/19,2018-10-27,Liverpool,Cardiff,4,1,H,19,2,7,1,1.11,11.0,26.0
1615,2018/19,2018-10-27,Southampton,Newcastle,0,0,D,22,6,4,0,2.1,3.4,3.9
1616,2018/19,2018-10-27,Watford,Huddersfield,3,0,H,12,13,6,7,1.75,3.75,5.25
1617,2018/19,2018-10-28,Burnley,Chelsea,0,4,A,7,24,1,8,11.0,5.0,1.36
1618,2018/19,2018-10-28,Crystal Palace,Arsenal,2,2,D,16,7,3,2,4.75,4.1,1.75
1619,2018/19,2018-10-28,Man United,Everton,2,1,H,14,14,10,6,1.72,3.9,5.25
1620,2018/19,2018-10-29,Tottenham,Man City,0,1,A,4,13,1,6,4.75,4.1,1.75
1621,2018/19,2018-11-03,Arsenal,Liverpool,1,1,D,12,13,4,4,3.9,3.9,1.95
1622,2018/19,2018-11-03,Bournemouth,Man United,1,2,A,18,18,7,8,3.6,3.7,2.1
1623,2018/19,2018-11-03,Cardiff,Leicester,0,1,A,11,13,2,5,3.8,3.4,2.14
1624,2018/19,2018-11-03,Everton,Brighton,3,1,H,14,5,3,3,1.61,4.0,6.5
1625,2018/19,2018-11-03,Newcastle,Watford,1,0,H,10,16,2,1,2.75,3.25,2.8
1626,2018/19,2018-11-03,West Ham,Burnley,4,2,H,22,6,10,3,1.75,3.75,5.25
1627,2018/19,2018-11-03,Wolves,Tottenham,2,3,A,16,10,7,8,3.1,3.4,2.45
1628,2018/19,2018-11-04,Chelsea,Crystal Palace,3,1,H,15,7,6,2,1.25,6.75,13.0
1629,2018/19,2018-11-04,Man City,Southampton,6,1,H,18,12,8,6,1.11,11.0,29.0
1630,2018/19,2018-11-05,Huddersfield,Fulham,1,0,H,10,7,2,1,2.3,3.5,3.3
1631,2018/19,2018-11-10,Cardiff,Brighton,2,1,H,20,7,6,3,2.6,3.1,3.1
1632,2018/19,2018-11-10,Crystal Palace,Tottenham,0,1,A,11,11,4,2,4.5,3.75,1.85
1633,2018/19,2018-11-10,Huddersfield,West Ham,1,1,D,15,12,7,5,3.4,3.25,2.35
1634,2018/19,2018-11-10,Leicester,Burnley,0,0,D,22,6,5,1,1.5,4.33,8.0
1635,2018/19,2018-11-10,Newcastle,Bournemouth,2,1,H,18,14,6,4,2.9,3.4,2.6
1636,2018/19,2018-11-10,Southampton,Watford,1,1,D,14,12,4,6,2.5,3.3,3.1
1637,2018/19,2018-11-11,Arsenal,Wolves,1,1,D,10,12,3,5,1.66,4.2,5.25
1638,2018/19,2018-11-11,Chelsea,Everton,0,0,D,15,6,4,1,1.4,5.25,8.5
1639,2018/19,2018-11-11,Liverpool,Fulham,2,0,H,20,8,7,3,1.11,11.0,26.0
1640,2018/19,2018-11-11,Man City,Man United,3,1,H,17,6,5,1,1.4,5.25,8.5
1641,2018/19,2018-11-24,Brighton,Leicester,1,1,D,14,8,3,3,2.9,3.4,2.6
1642,2018/19,2018-11-24,Everton,Cardiff,1,0,H,16,7,8,1,1.4,5.0,9.0
1643,2018/19,2018-11-24,Fulham,Southampton,3,2,H,10,19,5,8,2.62,3.5,2.8
1644,2018/19,2018-11-24,Man United,Crystal Palace,0,0,D,12,13,5,2,1.4,5.25,8.0
1645,2018/19,2018-11-24,Tottenham,Chelsea,3,1,H,18,13,9,2,2.8,3.5,2.6
1646,2018/19,2018-11-24,Watford,Liverpool,0,3,A,5,10,1,7,6.5,4.33,1.55
1647,2018/19,2018-11-24,West Ham,Man City,0,4,A,9,9,1,6,13.0,6.5,1.25
1648,2018/19,2018-11-25,Bournemouth,Arsenal,1,2,A,11,20,5,4,3.5,3.75,1.95
1649,2018/19,2018-11-25,Wolves,Huddersfield,0,2,A,12,14,3,6,1.5,4.33,8.0
1650,2018/19,2018-11-26,Burnley,Newcastle,1,2,A,14,17,4,3,2.9,3.2,2.75
1651,2018/19,2018-11-30,Cardiff,Wolves,2,1,H,17,15,3,4,3.8,3.25,2.2
1652,2018/19,2018-12-01,Crystal Palace,Burnley,2,0,H,29,4,9,0,1.61,3.9,6.5
1653,2018/19,2018-12-01,Huddersfield,Brighton,1,2,A,7,14,2,6,2.5,3.0,3.4
1654,2018/19,2018-12-01,Leicester,Watford,2,0,H,7,8,3,0,2.25,3.3,3.6
1655,2018/19,2018-12-01,Man City,Bournemouth,3,1,H,16,4,6,1,1.11,11.0,26.0
1656,2018/19,2018-12-01,Newcastle,West Ham,0,3,A,16,7,4,4,2.5,3.3,3.1
1657,2018/19,2018-12-01,Southampton,Man United,2,2,D,16,11,6,5,4.33,3.6,1.95
1658,2018/19,2018-12-02,Arsenal,Tottenham,4,2,H,22,11,7,6,2.62,3.6,2.75
1659,2018/19,2018-12-02,Chelsea,Fulham,2,0,H,16,9,9,4,1.18,8.0,17.0
1660,2018/19,2018-12-02,Liverpool,Everton,1,0,H,16,9,3,3,1.4,5.0,9.0
1661,2018/19,2018-12-04,Bournemouth,Huddersfield,2,1,H,6,23,2,6,1.66,3.8,6.0
1662,2018/19,2018-12-04,Brighton,Crystal Palace,3,1,H,9,18,3,5,3.0,3.1,2.7
1663,2018/19,2018-12-04,Watford,Man City,1,2,A,11,15,7,7,11.0,6.0,1.3
1664,2018/19,2018-12-04,West Ham,Cardiff,3,1,H,17,9,11,5,1.66,4.0,5.75
1665,2018/19,2018-12-05,Burnley,Liverpool,1,3,A,10,18,6,12,14.0,5.75,1.28
1666,2018/19,2018-12-05,Everton,Newcastle,1,1,D,19,8,3,5,1.6,4.0,6.5
1667,2018/19,2018-12-05,Fulham,Leicester,1,1,D,25,13,7,5,3.0,3.5,2.45
1668,2018/19,2018-12-05,Man United,Arsenal,2,2,D,10,9,7,4,2.45,3.5,3.0
1669,2018/19,2018-12-05,Tottenham,Southampton,3,1,H,13,18,8,5,1.36,5.25,9.5
1670,2018/19,2018-12-05,Wolves,Chelsea,2,1,H,6,17,2,3,5.0,3.75,1.8
1671,2018/19,2018-12-08,Arsenal,Huddersfield,1,0,H,14,6,2,0,1.28,6.0,12.0
1672,2018/19,2018-12-08,Bournemouth,Liverpool,0,4,A,8,10,2,4,5.75,4.5,1.6
1673,2018/19,2018-12-08,Burnley,Brighton,1,0,H,14,14,4,1,2.9,3.2,2.75
1674,2018/19,2018-12-08,Cardiff,Southampton,1,0,H,13,12,4,1,2.9,3.25,2.7
1675,2018/19,2018-12-08,Chelsea,Man City,2,0,H,8,14,5,4,4.0,3.8,1.95
1676,2018/19,2018-12-08,Leicester,Tottenham,0,2,A,11,7,3,2,3.8,3.75,2.0
1677,2018/19,2018-12-08,Man United,Fulham,4,1,H,20,10,11,4,1.33,5.75,10.0
1678,2018/19,2018-12-08,West Ham,Crystal Palace,3,2,H,13,8,6,4,2.3,3.4,3.4
1679,2018/19,2018-12-09,Newcastle,Wolves,1,2,A,12,13,4,6,2.9,3.2,2.7
1680,2018/19,2018-12-10,Everton,Watford,2,2,D,12,15,5,3,1.8,3.75,5.0
1681,2018/19,2018-12-15,Crystal Palace,Leicester,1,0,H,8,12,1,2,2.62,3.2,3.0
1682,2018/19,2018-12-15,Fulham,West Ham,0,2,A,16,6,4,3,2.9,3.6,2.5
1683,2018/19,2018-12-15,Huddersfield,Newcastle,0,1,A,15,8,5,5,2.6,3.1,3.1
1684,2018/19,2018-12-15,Man City,Everton,3,1,H,13,9,5,2,1.22,7.5,13.0
1685,2018/19,2018-12-15,Tottenham,Burnley,1,0,H,15,4,3,0,1.18,8.0,19.0
1686,2018/19,2018-12-15,Watford,Cardiff,3,2,H,17,10,8,3,1.64,3.9,6.0
1687,2018/19,2018-12-15,Wolves,Bournemouth,2,0,H,9,13,3,3,1.95,3.6,4.33
1688,2018/19,2018-12-16,Brighton,Chelsea,1,2,A,6,10,2,3,7.5,4.5,1.5
1689,2018/19,2018-12-16,Liverpool,Man United,3,1,H,36,6,11,2,1.57,4.5,6.0
1690,2018/19,2018-12-16,Southampton,Arsenal,3,2,H,12,13,7,4,4.1,3.9,1.9
1691,2018/19,2018-12-21,Wolves,Liverpool,0,2,A,11,15,5,6,7.0,4.0,1.57
1692,2018/19,2018-12-22,Arsenal,Burnley,3,1,H,10,7,6,2,1.25,6.5,15.0
1693,2018/19,2018-12-22,Bournemouth,Brighton,2,0,H,14,10,3,5,1.9,3.7,4.33
1694,2018/19,2018-12-22,Cardiff,Man United,1,5,A,9,17,3,9,6.5,4.2,1.57
1695,2018/19,2018-12-22,Chelsea,Leicester,0,1,A,17,8,5,3,1.33,5.5,11.0
1696,2018/19,2018-12-22,Huddersfield,Southampton,1,3,A,16,13,5,6,3.1,3.1,2.6
1697,2018/19,2018-12-22,Man City,Crystal Palace,2,3,A,19,5,5,3,1.14,10.0,21.0
1698,2018/19,2018-12-22,Newcastle,Fulham,0,0,D,9,4,0,2,2.0,3.6,4.0
1699,2018/19,2018-12-22,West Ham,Watford,0,2,A,18,11,7,5,2.37,3.5,3.1
1700,2018/19,2018-12-23,Everton,Tottenham,2,6,A,10,17,3,8,3.25,3.5,2.3
1701,2018/19,2018-12-26,Brighton,Arsenal,1,1,D,12,7,3,4,5.25,3.9,1.72
1702,2018/19,2018-12-26,Burnley,Everton,1,5,A,11,13,4,6,4.33,3.5,1.95
1703,2018/19,2018-12-26,Crystal Palace,Cardiff,0,0,D,31,9,5,4,1.66,4.0,5.75
1704,2018/19,2018-12-26,Fulham,Wolves,1,1,D,11,14,9,5,3.25,3.4,2.37
1705,2018/19,2018-12-26,Leicester,Man City,2,1,H,10,11,5,4,9.5,5.25,1.36
1706,2018/19,2018-12-26,Liverpool,Newcastle,4,0,H,16,6,8,2,1.16,8.5,19.0
1707,2018/19,2018-12-26,Man United,Huddersfield,3,1,H,16,10,10,2,1.25,6.5,15.0
1708,2018/19,2018-12-26,Tottenham,Bournemouth,5,0,H,10,14,7,4,1.36,5.5,9.0
1709,2018/19,2018-12-26,Watford,Chelsea,1,2,A,10,10,2,4,5.25,3.8,1.75
1710,2018/19,2018-12-27,Southampton,West Ham,1,2,A,11,16,5,5,2.3,3.5,3.3
1711,2018/19,2018-12-29,Brighton,Everton,1,0,H,11,13,3,4,3.25,3.4,2.14
1712,2018/19,2018-12-29,Fulham,Huddersfield,1,0,H,14,9,5,5,2.0,3.4,3.75
1713,2018/19,2018-12-29,Leicester,Cardiff,0,1,A,16,12,7,3,1.55,4.0,6.0
1714,2018/19,2018-12-29,Liverpool,Arsenal,5,1,H,15,8,10,2,1.5,4.5,5.75
1715,2018/19,2018-12-29,Tottenham,Wolves,1,3,A,10,11,3,4,1.33,5.0,8.5
1716,2018/19,2018-12-29,Watford,Newcastle,1,1,D,12,8,5,2,1.85,3.6,4.0
1717,2018/19,2018-12-30,Burnley,West Ham,2,0,H,17,11,5,4,3.3,3.2,2.25
1718,2018/19,2018-12-30,Crystal Palace,Chelsea,0,1,A,4,12,0,4,4.75,4.0,1.66
1719,2018/19,2018-12-30,Man United,Bournemouth,4,1,H,11,7,8,3,1.33,4.75,10.0
1720,2018/19,2018-12-30,Southampton,Man City,1,3,A,5,14,4,6,10.0,5.25,1.3
1721,2018/19,2019-01-01,Arsenal,Fulham,4,1,H,16,9,9,4,1.33,5.75,9.5
1722,2018/19,2019-01-01,Cardiff,Tottenham,0,3,A,6,13,3,4,7.5,4.5,1.5
1723,2018/19,2019-01-01,Everton,Leicester,0,1,A,17,8,2,4,2.0,3.5,4.2
1724,2018/19,2019-01-02,Bournemouth,Watford,3,3,D,25,11,12,3,2.6,3.6,2.75
1725,2018/19,2019-01-02,Chelsea,Southampton,0,0,D,17,6,6,2,1.28,6.5,11.0
1726,2018/19,2019-01-02,Huddersfield,Burnley,1,2,A,9,16,2,8,2.14,3.1,4.2
1727,2018/19,2019-01-02,Newcastle,Man United,0,2,A,14,16,3,7,6.0,4.2,1.61
1728,2018/19,2019-01-02,West Ham,Brighton,2,2,D,13,13,6,6,1.95,3.75,4.0
1729,2018/19,2019-01-02,Wolves,Crystal Palace,0,2,A,9,17,1,4,2.0,3.4,4.33
1730,2018/19,2019-01-03,Man City,Liverpool,2,1,H,9,7,4,5,2.04,3.8,3.6
1731,2018/19,2019-01-12,Brighton,Liverpool,0,1,A,7,10,0,3,11.0,6.0,1.3
1732,2018/19,2019-01-12,Burnley,Fulham,2,1,H,11,12,0,4,2.4,3.3,3.25
1733,2018/19,2019-01-12,Cardiff,Huddersfield,0,0,D,3,14,0,2,2.25,3.25,3.6
1734,2018/19,2019-01-12,Chelsea,Newcastle,2,1,H,10,9,6,2,1.22,7.0,15.0
1735,2018/19,2019-01-12,Crystal Palace,Watford,1,2,A,15,16,6,2,2.25,3.4,3.5
1736,2018/19,2019-01-12,Leicester,Southampton,1,2,A,23,8,6,3,1.95,3.5,4.33
1737,2018/19,2019-01-12,West Ham,Arsenal,1,0,H,11,11,3,2,3.5,4.0,2.05
1738,2018/19,2019-01-13,Everton,Bournemouth,2,0,H,15,16,3,7,1.75,4.0,4.8
1739,2018/19,2019-01-13,Tottenham,Man United,0,1,A,21,13,11,8,2.05,3.7,3.75
1740,2018/19,2019-01-14,Man City,Wolves,3,0,H,24,3,9,0,1.18,8.0,17.0
1741,2018/19,2019-01-19,Arsenal,Chelsea,2,0,H,13,13,5,1,3.1,3.6,2.37
1742,2018/19,2019-01-19,Bournemouth,West Ham,2,0,H,10,9,4,1,2.37,3.7,3.0
1743,2018/19,2019-01-19,Liverpool,Crystal Palace,4,3,H,19,9,9,3,1.2,7.5,17.0
1744,2018/19,2019-01-19,Man United,Brighton,2,1,H,20,7,5,3,1.3,5.75,12.0
1745,2018/19,2019-01-19,Newcastle,Cardiff,3,0,H,16,9,6,1,1.95,3.4,4.5
1746,2018/19,2019-01-19,Southampton,Everton,2,1,H,11,7,4,2,2.75,3.4,2.7
1747,2018/19,2019-01-19,Watford,Burnley,0,0,D,9,11,4,3,1.65,4.0,5.75
1748,2018/19,2019-01-19,Wolves,Leicester,4,3,H,12,16,7,6,2.37,3.2,3.4
1749,2018/19,2019-01-20,Fulham,Tottenham,1,2,A,12,14,4,5,5.25,3.8,1.75
1750,2018/19,2019-01-20,Huddersfield,Man City,0,3,A,5,12,2,4,21.0,8.5,1.16
1751,2018/19,2019-01-29,Arsenal,Cardiff,2,1,H,15,19,4,2,1.22,7.0,15.0
1752,2018/19,2019-01-29,Fulham,Brighton,4,2,H,24,15,7,6,2.37,3.3,3.3
1753,2018/19,2019-01-29,Huddersfield,Everton,0,1,A,10,10,2,5,4.0,3.3,2.1
1754,2018/19,2019-01-29,Man United,Burnley,2,2,D,28,6,9,4,1.28,6.0,12.0
1755,2018/19,2019-01-29,Newcastle,Man City,2,1,H,6,12,2,4,19.0,8.0,1.18
1756,2018/19,2019-01-29,Wolves,West Ham,3,0,H,20,4,9,0,2.1,3.5,3.75
1757,2018/19,2019-01-30,Bournemouth,Chelsea,4,0,H,12,11,7,7,5.25,4.2,1.66
1758,2018/19,2019-01-30,Liverpool,Leicester,1,1,D,10,5,3,2,1.22,7.0,15.0
1759,2018/19,2019-01-30,Southampton,Crystal Palace,1,1,D,13,15,4,3,2.4,3.4,3.2
1760,2018/19,2019-01-30,Tottenham,Watford,2,1,H,17,9,3,1,1.66,4.0,5.75
1761,2018/19,2019-02-02,Brighton,Watford,0,0,D,21,5,4,0,2.55,3.3,3.0
1762,2018/19,2019-02-02,Burnley,Southampton,1,1,D,15,10,6,4,2.55,3.5,2.87
1763,2018/19,2019-02-02,Cardiff,Bournemouth,2,0,H,12,9,5,2,3.25,3.5,2.3
1764,2018/19,2019-02-02,Chelsea,Huddersfield,5,0,H,23,5,7,2,1.2,7.5,19.0
1765,2018/19,2019-02-02,Crystal Palace,Fulham,2,0,H,17,8,6,0,2.05,3.5,4.0
1766,2018/19,2019-02-02,Everton,Wolves,1,3,A,13,8,4,4,2.37,3.4,3.25
1767,2018/19,2019-02-02,Tottenham,Newcastle,1,0,H,21,8,4,2,1.44,4.5,9.0
1768,2018/19,2019-02-03,Leicester,Man United,0,1,A,17,10,6,6,3.6,3.5,2.15
1769,2018/19,2019-02-03,Man City,Arsenal,3,1,H,19,4,12,2,1.33,6.0,9.0
1770,2018/19,2019-02-04,West Ham,Liverpool,1,1,D,13,11,2,6,8.0,5.25,1.4
1771,2018/19,2019-02-06,Everton,Man City,0,2,A,4,15,1,4,10.0,6.25,1.3
1772,2018/19,2019-02-09,Brighton,Burnley,1,3,A,16,9,6,5,2.05,3.3,4.2
1773,2018/19,2019-02-09,Crystal Palace,West Ham,1,1,D,25,6,5,4,2.1,3.5,3.75
1774,2018/19,2019-02-09,Fulham,Man United,0,3,A,15,15,3,7,5.5,4.4,1.61
1775,2018/19,2019-02-09,Huddersfield,Arsenal,1,2,A,15,9,6,4,5.75,4.4,1.6
1776,2018/19,2019-02-09,Liverpool,Bournemouth,3,0,H,20,12,9,2,1.22,7.5,14.0
1777,2018/19,2019-02-09,Southampton,Cardiff,1,2,A,14,6,7,3,1.75,3.9,5.0
1778,2018/19,2019-02-09,Watford,Everton,1,0,H,7,9,2,4,2.35,3.5,3.2
1779,2018/19,2019-02-10,Man City,Chelsea,6,0,H,15,12,9,4,1.5,4.75,7.0
1780,2018/19,2019-02-10,Tottenham,Leicester,3,1,H,12,20,5,9,1.7,3.9,5.5
1781,2018/19,2019-02-11,Wolves,Newcastle,1,1,D,22,9,6,3,1.7,3.75,5.75
1782,2018/19,2019-02-22,Cardiff,Watford,1,5,A,15,12,6,7,3.1,3.4,2.45
1783,2018/19,2019-02-22,West Ham,Fulham,3,1,H,21,8,7,5,1.95,3.8,4.0
1784,2018/19,2019-02-23,Bournemouth,Wolves,1,1,D,10,10,3,2,2.87,3.4,2.62
1785,2018/19,2019-02-23,Burnley,Tottenham,2,1,H,10,17,4,6,5.75,3.8,1.7
1786,2018/19,2019-02-23,Leicester,Crystal Palace,1,4,A,27,7,5,5,2.25,3.4,3.5
1787,2018/19,2019-02-23,Newcastle,Huddersfield,2,0,H,29,3,12,1,1.83,3.5,5.25
1788,2018/19,2019-02-24,Arsenal,Southampton,2,0,H,12,10,4,4,1.5,4.75,7.0
1789,2018/19,2019-02-24,Man United,Liverpool,0,0,D,6,7,3,1,3.1,3.5,2.37
1790,2018/19,2019-02-26,Cardiff,Everton,0,3,A,6,12,0,4,3.75,3.4,2.15
1791,2018/19,2019-02-26,Huddersfield,Wolves,1,0,H,15,7,3,0,5.0,3.5,1.85
1792,2018/19,2019-02-26,Leicester,Brighton,2,1,H,19,15,3,3,1.9,3.5,4.6
1793,2018/19,2019-02-26,Newcastle,Burnley,2,0,H,12,12,3,2,2.15,3.3,3.9
1794,2018/19,2019-02-27,Arsenal,Bournemouth,5,1,H,16,13,6,5,1.44,5.0,7.5
1795,2018/19,2019-02-27,Chelsea,Tottenham,2,0,H,11,9,1,0,2.3,3.5,3.25
1796,2018/19,2019-02-27,Crystal Palace,Man United,1,3,A,17,13,2,4,3.25,3.5,2.3
1797,2018/19,2019-02-27,Liverpool,Watford,5,0,H,19,5,10,3,1.28,6.0,12.0
1798,2018/19,2019-02-27,Man City,West Ham,1,0,H,20,2,7,1,1.16,9.0,19.0
1799,2018/19,2019-02-27,Southampton,Fulham,2,0,H,14,14,4,4,1.9,3.7,4.33
1800,2018/19,2019-03-02,Bournemouth,Man City,0,1,A,0,23,0,7,13.0,7.5,1.22
1801,2018/19,2019-03-02,Brighton,Huddersfield,1,0,H,13,6,4,4,1.85,3.4,5.25
1802,2018/19,2019-03-02,Burnley,Crystal Palace,1,3,A,18,10,4,4,2.8,3.3,2.75
1803,2018/19,2019-03-02,Man United,Southampton,3,2,H,16,6,6,3,1.45,4.5,8.5
1804,2018/19,2019-03-02,Tottenham,Arsenal,1,1,D,10,9,3,4,2.05,3.7,3.75
1805,2018/19,2019-03-02,West Ham,Newcastle,2,0,H,10,17,4,2,2.15,3.5,3.6
1806,2018/19,2019-03-02,Wolves,Cardiff,2,0,H,13,12,6,4,1.5,4.33,8.0
1807,2018/19,2019-03-03,Everton,Liverpool,0,0,D,7,10,3,3,6.0,4.2,1.61
1808,2018/19,2019-03-03,Fulham,Chelsea,1,2,A,12,20,5,7,6.5,4.5,1.53
1809,2018/19,2019-03-03,Watford,Leicester,2,1,H,6,14,5,2,2.55,3.3,3.0
1810,2018/19,2019-03-09,Cardiff,West Ham,2,0,H,16,9,7,2,3.6,3.5,2.15
1811,2018/19,2019-03-09,Crystal Palace,Brighton,1,2,A,15,4,3,3,1.83,3.6,5.0
1812,2018/19,2019-03-09,Huddersfield,Bournemouth,0,2,A,8,8,1,5,3.4,3.3,2.35
1813,2018/19,2019-03-09,Leicester,Fulham,3,1,H,18,6,8,3,1.57,4.5,6.0
1814,2018/19,2019-03-09,Man City,Watford,3,1,H,19,2,9,1,1.16,9.0,19.0
1815,2018/19,2019-03-09,Newcastle,Everton,3,2,H,19,7,7,3,2.8,3.25,2.8
1816,2018/19,2019-03-09,Southampton,Tottenham,2,1,H,12,16,4,5,4.5,3.8,1.85
1817,2018/19,2019-03-10,Arsenal,Man United,2,0,H,14,14,3,4,2.4,3.6,3.0
1818,2018/19,2019-03-10,Chelsea,Wolves,1,1,D,22,2,6,1,1.55,4.2,7.0
1819,2018/19,2019-03-10,Liverpool,Burnley,4,2,H,23,3,5,2,1.16,8.5,21.0
1820,2018/19,2019-03-16,Bournemouth,Newcastle,2,2,D,10,12,3,4,2.05,3.6,3.8
1821,2018/19,2019-03-16,Burnley,Leicester,1,2,A,13,9,2,4,3.1,3.4,2.45
1822,2018/19,2019-03-16,West Ham,Huddersfield,4,3,H,16,15,5,5,1.55,4.2,7.0
1823,2018/19,2019-03-17,Everton,Chelsea,2,0,H,15,16,8,5,4.0,3.8,1.95
1824,2018/19,2019-03-17,Fulham,Liverpool,1,2,A,7,16,2,6,12.0,7.0,1.25
1825,2018/19,2019-03-30,Brighton,Southampton,0,1,A,14,8,1,2,2.55,3.2,3.1
1826,2018/19,2019-03-30,Burnley,Wolves,2,0,H,5,8,1,1,3.2,3.25,2.45
1827,2018/19,2019-03-30,Crystal Palace,Huddersfield,2,0,H,19,15,5,5,1.45,4.4,9.0
1828,2018/19,2019-03-30,Fulham,Man City,0,2,A,5,24,0,7,21.0,11.0,1.12
1829,2018/19,2019-03-30,Leicester,Bournemouth,2,0,H,18,8,4,2,1.85,3.8,4.5
1830,2018/19,2019-03-30,Man United,Watford,2,1,H,8,20,5,8,1.44,4.75,8.0
1831,2018/19,2019-03-30,West Ham,Everton,0,2,A,3,17,1,9,2.55,3.5,2.9
1832,2018/19,2019-03-31,Cardiff,Chelsea,1,2,A,8,21,3,3,9.0,4.5,1.44
1833,2018/19,2019-03-31,Liverpool,Tottenham,2,1,H,14,11,3,2,1.61,4.2,6.0
1834,2018/19,2019-04-01,Arsenal,Newcastle,2,0,H,7,3,4,1,1.36,5.25,9.5
1835,2018/19,2019-04-02,Watford,Fulham,4,1,H,15,17,7,7,1.72,4.0,5.0
1836,2018/19,2019-04-02,Wolves,Man United,2,1,H,9,18,2,4,4.0,3.6,2.0
1837,2018/19,2019-04-03,Chelsea,Brighton,3,0,H,17,3,4,1,1.25,6.5,15.0
1838,2018/19,2019-04-03,Man City,Cardiff,2,0,H,27,4,11,1,1.06,17.0,34.0
1839,2018/19,2019-04-03,Tottenham,Crystal Palace,2,0,H,26,5,10,1,1.45,5.0,7.5
1840,2018/19,2019-04-05,Southampton,Liverpool,1,3,A,11,17,1,5,9.0,5.0,1.4
1841,2018/19,2019-04-06,Bournemouth,Burnley,1,3,A,10,11,2,3,2.1,3.6,3.75
1842,2018/19,2019-04-06,Huddersfield,Leicester,1,4,A,10,18,4,9,5.0,4.0,1.72
1843,2018/19,2019-04-06,Newcastle,Crystal Palace,0,1,A,18,3,5,1,2.6,3.25,3.0
1844,2018/19,2019-04-07,Everton,Arsenal,1,0,H,23,7,6,2,3.0,3.75,2.35
1845,2018/19,2019-04-08,Chelsea,West Ham,2,0,H,16,9,7,2,1.33,5.75,9.5
1846,2018/19,2019-04-12,Leicester,Newcastle,0,1,A,12,11,5,5,1.66,4.0,5.75
1847,2018/19,2019-04-13,Brighton,Bournemouth,0,5,A,8,14,1,7,2.3,3.4,3.4
1848,2018/19,2019-04-13,Burnley,Cardiff,2,0,H,14,14,7,2,1.9,3.6,4.5
1849,2018/19,2019-04-13,Fulham,Everton,2,0,H,12,8,5,1,5.0,4.0,1.75
1850,2018/19,2019-04-13,Man United,West Ham,2,1,H,14,18,4,4,1.4,5.25,8.5
1851,2018/19,2019-04-13,Southampton,Wolves,3,1,H,13,17,6,2,2.6,3.25,3.0
1852,2018/19,2019-04-13,Tottenham,Huddersfield,4,0,H,22,7,5,1,1.22,7.0,15.0
1853,2018/19,2019-04-14,Crystal Palace,Man City,1,3,A,7,20,3,6,11.0,6.0,1.3
1854,2018/19,2019-04-14,Liverpool,Chelsea,2,0,H,15,6,7,3,1.66,4.2,5.25
1855,2018/19,2019-04-15,Watford,Arsenal,0,1,A,11,19,3,6,3.2,3.75,2.25
1856,2018/19,2019-04-16,Brighton,Cardiff,0,2,A,14,10,2,3,2.0,3.3,4.5
1857,2018/19,2019-04-20,Bournemouth,Fulham,0,1,A,15,17,5,5,1.65,4.4,5.25
1858,2018/19,2019-04-20,Huddersfield,Watford,1,2,A,13,11,3,6,4.4,3.9,1.85
1859,2018/19,2019-04-20,Man City,Tottenham,1,0,H,15,10,4,4,1.3,6.0,11.0
1860,2018/19,2019-04-20,Newcastle,Southampton,3,1,H,15,15,6,3,2.55,3.2,3.1
1861,2018/19,2019-04-20,West Ham,Leicester,2,2,D,11,11,3,5,3.3,3.5,2.3
1862,2018/19,2019-04-20,Wolves,Brighton,0,0,D,22,5,5,0,1.75,3.5,6.0
1863,2018/19,2019-04-21,Arsenal,Crystal Palace,2,3,A,12,16,5,7,1.53,4.6,6.5
1864,2018/19,2019-04-21,Cardiff,Liverpool,0,2,A,7,17,2,6,17.0,7.5,1.2
1865,2018/19,2019-04-21,Everton,Man United,4,0,H,15,7,8,1,3.25,3.5,2.3
1866,2018/19,2019-04-22,Chelsea,Burnley,2,2,D,22,6,9,3,1.25,6.25,15.0
1867,2018/19,2019-04-23,Tottenham,Brighton,1,0,H,29,6,5,1,1.28,6.0,13.0
1868,2018/19,2019-04-23,Watford,Southampton,1,1,D,15,8,4,4,2.25,3.5,3.4
1869,2018/19,2019-04-24,Man United,Man City,0,2,A,12,8,1,5,7.5,5.0,1.44
1870,2018/19,2019-04-24,Wolves,Arsenal,3,1,H,11,11,3,1,2.9,3.5,2.55
1871,2018/19,2019-04-26,Liverpool,Huddersfield,5,0,H,21,5,7,1,1.07,15.0,41.0
1872,2018/19,2019-04-27,Brighton,Newcastle,1,1,D,9,9,2,1,2.3,3.2,3.6
1873,2018/19,2019-04-27,Crystal Palace,Everton,0,0,D,8,22,0,3,2.62,3.5,2.8
1874,2018/19,2019-04-27,Fulham,Cardiff,1,0,H,8,13,2,8,2.4,3.6,3.0
1875,2018/19,2019-04-27,Southampton,Bournemouth,3,3,D,22,9,7,5,1.9,3.9,4.1
1876,2018/19,2019-04-27,Tottenham,West Ham,0,1,A,14,16,4,7,1.4,5.5,7.5
1877,2018/19,2019-04-27,Watford,Wolves,1,2,A,10,11,1,4,2.62,3.3,2.9
1878,2018/19,2019-04-28,Burnley,Man City,0,1,A,2,25,0,7,23.0,9.0,1.14
1879,2018/19,2019-04-28,Leicester,Arsenal,3,0,H,24,6,12,1,2.75,3.6,2.6
1880,2018/19,2019-04-28,Man United,Chelsea,1,1,D,7,16,5,3,2.7,3.5,2.7
1881,2018/19,2019-05-03,Everton,Burnley,2,0,H,20,5,6,1,1.66,4.0,5.75
1882,2018/19,2019-05-04,Bournemouth,Tottenham,1,0,H,20,11,6,5,4.0,4.0,1.9
1883,2018/19,2019-05-04,Cardiff,Crystal Palace,2,3,A,18,21,8,7,2.6,3.75,2.7
1884,2018/19,2019-05-04,Newcastle,Liverpool,2,3,A,14,11,7,4,9.5,5.25,1.36
1885,2018/19,2019-05-04,West Ham,Southampton,3,0,H,17,11,6,1,2.3,3.75,3.1
1886,2018/19,2019-05-04,Wolves,Fulham,1,0,H,19,6,6,2,1.53,4.2,7.5
1887,2018/19,2019-05-05,Arsenal,Brighton,1,1,D,20,11,8,5,1.4,5.0,9.0
1888,2018/19,2019-05-05,Chelsea,Watford,3,0,H,19,15,9,3,1.4,5.25,8.0
1889,2018/19,2019-05-05,Huddersfield,Man United,1,1,D,7,23,3,7,11.0,6.0,1.3
1890,2018/19,2019-05-06,Man City,Leicester,1,0,H,19,7,5,2,1.12,8.5,17.0
1891,2018/19,2019-05-12,Brighton,Man City,1,4,A,6,20,2,9,19.0,8.5,1.16
1892,2018/19,2019-05-12,Burnley,Arsenal,1,3,A,14,17,5,6,3.25,3.8,2.2
1893,2018/19,2019-05-12,Crystal Palace,Bournemouth,5,3,H,17,16,8,8,1.9,4.2,3.8
1894,2018/19,2019-05-12,Fulham,Newcastle,0,4,A,16,13,2,6,2.5,3.6,2.9
1895,2018/19,2019-05-12,Leicester,Chelsea,0,0,D,9,14,3,4,2.4,3.75,2.9
1896,2018/19,2019-05-12,Liverpool,Wolves,2,0,H,13,7,5,2,1.3,6.0,11.0
1897,2018/19,2019-05-12,Man United,Cardiff,0,2,A,26,13,10,4,1.28,6.5,11.0
1898,2018/19,2019-05-12,Southampton,Huddersfield,1,1,D,10,10,3,3,1.44,4.75,8.5
1899,2018/19,2019-05-12,Tottenham,Everton,2,2,D,11,17,3,9,2.2,3.5,3.5
1900,2018/19,2019-05-12,Watford,West Ham,1,4,A,17,16,8,9,2.25,3.75,3.2
1901,2019/20,2019-08-09,Liverpool,Norwich,4,1,H,15,12,7,5,1.14,10.0,19.0
1902,2019/20,2019-08-10,Bournemouth,Sheffield United,1,1,D,13,8,3,3,1.95,3.6,3.6
1903,2019/20,2019-08-10,Burnley,Southampton,3,0,H,10,11,4,3,2.62,3.2,2.75
1904,2019/20,2019-08-10,Crystal Palace,Everton,0,0,D,6,10,2,3,3.0,3.25,2.37
1905,2019/20,2019-08-10,Tottenham,Aston Villa,3,1,H,31,7,7,4,1.3,5.25,10.0
1906,2019/20,2019-08-10,Watford,Brighton,0,3,A,11,5,3,3,1.9,3.4,4.0
1907,2019/20,2019-08-10,West Ham,Man City,0,5,A,5,14,3,9,12.0,6.5,1.22
1908,2019/20,2019-08-11,Leicester,Wolves,0,0,D,15,8,1,2,2.2,3.2,3.4
1909,2019/20,2019-08-11,Man United,Chelsea,4,0,H,11,18,5,7,2.1,3.3,3.5
1910,2019/20,2019-08-11,Newcastle,Arsenal,0,1,A,9,8,2,2,4.5,3.75,1.72
1911,2019/20,2019-08-17,Arsenal,Burnley,2,1,H,16,18,9,5,1.3,5.5,10.0
1912,2019/20,2019-08-17,Aston Villa,Bournemouth,1,2,A,22,12,7,4,2.3,3.4,3.1
1913,2019/20,2019-08-17,Brighton,West Ham,1,1,D,16,8,4,3,2.55,3.25,2.87
1914,2019/20,2019-08-17,Everton,Watford,1,0,H,12,8,2,2,1.72,3.8,4.75
1915,2019/20,2019-08-17,Man City,Tottenham,2,2,D,30,3,10,2,1.36,5.25,8.0
1916,2019/20,2019-08-17,Norwich,Newcastle,3,1,H,15,10,8,3,2.25,3.3,3.3
1917,2019/20,2019-08-17,Southampton,Liverpool,1,2,A,14,15,3,6,6.5,4.75,1.44
1918,2019/20,2019-08-18,Chelsea,Leicester,1,1,D,14,12,5,3,1.7,3.75,5.0
1919,2019/20,2019-08-18,Sheffield United,Crystal Palace,1,0,H,15,6,3,4,2.55,3.1,2.9
1920,2019/20,2019-08-19,Wolves,Man United,1,1,D,6,9,2,2,3.3,3.3,2.25
1921,2019/20,2019-08-23,Aston Villa,Everton,2,0,H,7,12,3,1,3.25,3.5,2.15
1922,2019/20,2019-08-24,Brighton,Southampton,0,2,A,12,12,3,4,2.4,3.3,3.0
1923,2019/20,2019-08-24,Liverpool,Arsenal,3,1,H,25,9,5,3,1.5,4.6,6.0
1924,2019/20,2019-08-24,Man United,Crystal Palace,1,2,A,22,5,3,3,1.33,5.25,9.0
1925,2019/20,2019-08-24,Norwich,Chelsea,2,3,A,6,23,5,8,4.33,3.75,1.8
1926,2019/20,2019-08-24,Sheffield United,Leicester,1,2,A,8,10,3,2,3.3,3.3,2.25
1927,2019/20,2019-08-24,Watford,West Ham,1,3,A,23,16,3,10,2.05,3.5,3.5
1928,2019/20,2019-08-25,Bournemouth,Man City,1,3,A,10,19,7,5,15.0,7.5,1.16
1929,2019/20,2019-08-25,Tottenham,Newcastle,0,1,A,17,8,2,3,1.2,6.5,14.0
1930,2019/20,2019-08-25,Wolves,Burnley,1,1,D,17,13,2,4,1.85,3.4,4.5
1931,2019/20,2019-08-31,Burnley,Liverpool,0,3,A,7,15,2,7,9.5,5.5,1.3
1932,2019/20,2019-08-31,Chelsea,Sheffield United,2,2,D,13,8,5,2,1.36,4.75,9.0
1933,2019/20,2019-08-31,Crystal Palace,Aston Villa,1,0,H,22,10,5,2,2.15,3.3,3.5
1934,2019/20,2019-08-31,Leicester,Bournemouth,3,1,H,13,8,5,2,1.7,4.0,4.75
1935,2019/20,2019-08-31,Man City,Brighton,4,0,H,15,6,6,2,1.08,10.0,26.0
1936,2019/20,2019-08-31,Newcastle,Watford,1,1,D,13,13,5,3,2.5,3.25,2.87
1937,2019/20,2019-08-31,Southampton,Man United,1,1,D,10,21,2,8,3.8,3.3,2.05
1938,2019/20,2019-08-31,West Ham,Norwich,2,0,H,18,8,8,3,1.85,3.9,3.9
1939,2019/20,2019-09-01,Arsenal,Tottenham,2,2,D,26,13,8,9,2.37,3.6,2.8
1940,2019/20,2019-09-01,Everton,Wolves,3,2,H,15,8,6,5,2.2,3.25,3.5
1941,2019/20,2019-09-14,Brighton,Burnley,1,1,D,14,7,5,1,2.15,3.3,3.5
1942,2019/20,2019-09-14,Liverpool,Newcastle,3,1,H,21,8,9,1,1.14,8.5,17.0
1943,2019/20,2019-09-14,Man United,Leicester,1,0,H,10,9,5,3,1.95,3.5,4.0
1944,2019/20,2019-09-14,Norwich,Man City,3,2,H,7,25,3,8,15.0,9.0,1.14
1945,2019/20,2019-09-14,Sheffield United,Southampton,0,1,A,17,11,4,7,2.45,3.2,3.0
1946,2019/20,2019-09-14,Tottenham,Crystal Palace,4,0,H,13,11,5,6,1.36,5.25,8.0
1947,2019/20,2019-09-14,Wolves,Chelsea,2,5,A,11,15,4,6,2.9,3.3,2.5
1948,2019/20,2019-09-15,Bournemouth,Everton,3,1,H,13,14,6,5,2.9,3.5,2.4
1949,2019/20,2019-09-15,Watford,Arsenal,2,2,D,31,10,7,4,3.6,3.6,2.0
1950,2019/20,2019-09-16,Aston Villa,West Ham,0,0,D,10,13,5,1,2.62,3.5,2.6
1951,2019/20,2019-09-20,Southampton,Bournemouth,1,3,A,25,6,6,3,2.05,3.6,3.5
1952,2019/20,2019-09-21,Burnley,Norwich,2,0,H,13,11,6,2,2.0,3.8,3.5
1953,2019/20,2019-09-21,Everton,Sheffield United,0,2,A,16,2,3,1,1.61,3.75,6.0
1954,2019/20,2019-09-21,Leicester,Tottenham,2,1,H,16,11,7,4,2.87,3.5,2.37
1955,2019/20,2019-09-21,Man City,Watford,8,0,H,28,5,11,4,1.1,11.0,21.0
1956,2019/20,2019-09-21,Newcastle,Brighton,0,0,D,11,16,4,3,2.5,3.2,3.0
1957,2019/20,2019-09-22,Arsenal,Aston Villa,3,2,H,21,14,6,9,1.4,4.75,8.0
1958,2019/20,2019-09-22,Chelsea,Liverpool,1,2,A,13,6,2,3,3.5,3.75,2.0
1959,2019/20,2019-09-22,Crystal Palace,Wolves,1,1,D,13,14,4,4,2.62,3.1,2.87
1960,2019/20,2019-09-22,West Ham,Man United,2,0,H,8,9,6,3,3.1,3.6,2.2
1961,2019/20,2019-09-28,Aston Villa,Burnley,2,2,D,16,10,3,3,2.3,3.4,3.1
1962,2019/20,2019-09-28,Bournemouth,West Ham,2,2,D,13,17,5,6,2.5,3.5,2.75
1963,2019/20,2019-09-28,Chelsea,Brighton,2,0,H,24,8,10,1,1.4,4.75,8.0
1964,2019/20,2019-09-28,Crystal Palace,Norwich,2,0,H,15,10,3,3,1.9,3.75,3.75
1965,2019/20,2019-09-28,Everton,Man City,1,3,A,12,20,8,9,10.0,5.5,1.3
1966,2019/20,2019-09-28,Sheffield United,Liverpool,0,1,A,12,16,2,4,9.0,5.25,1.33
1967,2019/20,2019-09-28,Tottenham,Southampton,2,1,H,9,14,4,6,1.4,4.75,8.0
1968,2019/20,2019-09-28,Wolves,Watford,2,0,H,6,14,2,5,1.85,3.4,4.5
1969,2019/20,2019-09-29,Leicester,Newcastle,5,0,H,13,3,5,0,1.5,4.0,7.5
1970,2019/20,2019-09-30,Man United,Arsenal,1,1,D,16,10,4,5,2.37,3.5,2.9
1971,2019/20,2019-10-05,Brighton,Tottenham,3,0,H,17,8,6,3,3.9,3.6,1.9
1972,2019/20,2019-10-05,Burnley,Everton,1,0,H,9,11,3,2,2.87,3.3,2.5
1973,2019/20,2019-10-05,Liverpool,Leicester,2,1,H,18,2,8,1,1.44,4.75,7.0
1974,2019/20,2019-10-05,Norwich,Aston Villa,1,5,A,21,22,5,12,2.37,3.6,2.8
1975,2019/20,2019-10-05,Watford,Sheffield United,0,0,D,8,9,2,3,2.05,3.4,3.6
1976,2019/20,2019-10-05,West Ham,Crystal Palace,1,2,A,9,7,4,4,1.95,3.6,3.8
1977,2019/20,2019-10-06,Arsenal,Bournemouth,1,0,H,12,10,2,2,1.44,4.75,7.0
1978,2019/20,2019-10-06,Man City,Wolves,0,2,A,18,7,2,2,1.12,9.0,21.0
1979,2019/20,2019-10-06,Newcastle,Man United,1,0,H,12,12,2,3,4.5,3.5,1.85
1980,2019/20,2019-10-06,Southampton,Chelsea,1,4,A,10,13,3,7,4.0,3.8,1.85
1981,2019/20,2019-10-19,Aston Villa,Brighton,2,1,H,24,20,8,5,2.35,3.4,3.0
1982,2019/20,2019-10-19,Bournemouth,Norwich,0,0,D,11,10,2,1,1.72,4.2,4.2
1983,2019/20,2019-10-19,Chelsea,Newcastle,1,0,H,16,5,8,0,1.3,5.5,10.0
1984,2019/20,2019-10-19,Crystal Palace,Man City,0,2,A,7,21,2,10,12.0,7.0,1.22
1985,2019/20,2019-10-19,Everton,West Ham,2,0,H,19,8,10,4,1.95,3.75,3.75
1986,2019/20,2019-10-19,Leicester,Burnley,2,1,H,19,13,3,4,1.57,4.0,6.0
1987,2019/20,2019-10-19,Tottenham,Watford,1,1,D,12,7,2,2,1.4,5.0,7.5
1988,2019/20,2019-10-19,Wolves,Southampton,1,1,D,4,14,1,5,1.8,3.6,4.5
1989,2019/20,2019-10-20,Man United,Liverpool,1,1,D,7,10,2,4,5.25,3.8,1.65
1990,2019/20,2019-10-21,Sheffield United,Arsenal,1,0,H,8,9,2,3,3.9,3.75,1.9
1991,2019/20,2019-10-25,Southampton,Leicester,0,9,A,6,25,3,15,3.1,3.4,2.3
1992,2019/20,2019-10-26,Brighton,Everton,3,2,H,8,10,4,6,2.9,3.25,2.5
1993,2019/20,2019-10-26,Burnley,Chelsea,2,4,A,13,16,5,7,4.5,4.0,1.72
1994,2019/20,2019-10-26,Man City,Aston Villa,3,0,H,25,11,9,5,1.08,11.0,26.0
1995,2019/20,2019-10-26,Watford,Bournemouth,0,0,D,7,15,3,5,2.15,3.6,3.25
1996,2019/20,2019-10-26,West Ham,Sheffield United,1,1,D,12,10,4,4,2.1,3.5,3.5
1997,2019/20,2019-10-27,Arsenal,Crystal Palace,2,2,D,15,10,6,4,1.45,4.75,6.5
1998,2019/20,2019-10-27,Liverpool,Tottenham,2,1,H,21,11,13,4,1.5,4.33,6.5
1999,2019/20,2019-10-27,Newcastle,Wolves,1,1,D,13,13,2,5,3.0,3.1,2.55
2000,2019/20,2019-10-27,Norwich,Man United,1,3,A,10,21,3,11,4.33,4.0,1.75
2001,2019/20,2019-11-02,Arsenal,Wolves,1,1,D,10,25,4,8,1.75,3.75,4.75
2002,2019/20,2019-11-02,Aston Villa,Liverpool,1,2,A,5,25,2,6,9.0,5.0,1.33
2003,2019/20,2019-11-02,Bournemouth,Man United,1,0,H,12,15,6,4,3.25,3.6,2.15
2004,2019/20,2019-11-02,Brighton,Norwich,2,0,H,21,7,5,0,1.72,4.2,4.33
2005,2019/20,2019-11-02,Man City,Southampton,2,1,H,26,3,4,3,1.07,13.0,23.0
2006,2019/20,2019-11-02,Sheffield United,Burnley,3,0,H,13,6,6,0,2.25,3.2,3.4
2007,2019/20,2019-11-02,Watford,Chelsea,1,2,A,12,16,3,10,5.0,4.33,1.61
2008,2019/20,2019-11-02,West Ham,Newcastle,2,3,A,16,12,6,9,1.75,3.8,4.5
2009,2019/20,2019-11-03,Crystal Palace,Leicester,0,2,A,12,14,3,5,3.5,3.4,2.1
2010,2019/20,2019-11-03,Everton,Tottenham,1,1,D,7,4,3,2,2.7,3.4,2.6
2011,2019/20,2019-11-08,Norwich,Watford,0,2,A,17,12,5,2,2.7,3.5,2.55
2012,2019/20,2019-11-09,Burnley,West Ham,3,0,H,14,7,12,4,2.25,3.5,3.1
2013,2019/20,2019-11-09,Chelsea,Crystal Palace,2,0,H,23,3,5,1,1.33,5.0,10.0
2014,2019/20,2019-11-09,Leicester,Arsenal,2,0,H,19,8,7,1,2.0,3.75,3.5
2015,2019/20,2019-11-09,Newcastle,Bournemouth,2,1,H,20,16,9,3,2.55,3.25,2.8
2016,2019/20,2019-11-09,Southampton,Everton,1,2,A,4,24,3,5,2.9,3.3,2.45
2017,2019/20,2019-11-09,Tottenham,Sheffield United,1,1,D,17,14,5,4,1.57,4.0,6.0
2018,2019/20,2019-11-10,Liverpool,Man City,3,1,H,12,18,5,3,2.5,3.6,2.62
2019,2019/20,2019-11-10,Man United,Brighton,3,1,H,21,6,11,2,1.6,3.75,6.5
2020,2019/20,2019-11-10,Wolves,Aston Villa,2,1,H,17,13,5,4,1.9,3.5,4.2
2021,2019/20,2019-11-23,Arsenal,Southampton,2,2,D,12,21,5,6,1.45,4.75,6.5
2022,2019/20,2019-11-23,Bournemouth,Wolves,1,2,A,9,17,2,7,2.75,3.3,2.6
2023,2019/20,2019-11-23,Brighton,Leicester,0,2,A,7,19,0,9,3.75,3.5,2.0
2024,2019/20,2019-11-23,Crystal Palace,Liverpool,1,2,A,16,12,6,4,7.5,4.75,1.4
2025,2019/20,2019-11-23,Everton,Norwich,0,2,A,18,13,7,5,1.36,5.1,8.0
2026,2019/20,2019-11-23,Man City,Chelsea,2,1,H,15,11,4,2,1.44,5.0,6.5
2027,2019/20,2019-11-23,Watford,Burnley,0,3,A,15,11,4,5,2.3,3.4,3.1
2028,2019/20,2019-11-23,West Ham,Tottenham,2,3,A,11,15,4,6,4.2,4.33,1.7
2029,2019/20,2019-11-24,Sheffield United,Man United,3,3,D,12,11,8,5,3.5,3.4,2.1
2030,2019/20,2019-11-25,Aston Villa,Newcastle,2,0,H,17,11,8,5,2.05,3.4,3.7
2031,2019/20,2019-11-30,Burnley,Crystal Palace,0,2,A,15,7,4,2,2.25,3.25,3.3
2032,2019/20,2019-11-30,Chelsea,West Ham,0,1,A,19,5,6,4,1.28,6.0,9.0
2033,2019/20,2019-11-30,Liverpool,Brighton,2,1,H,15,12,7,5,1.18,7.0,15.0
2034,2019/20,2019-11-30,Newcastle,Man City,2,2,D,6,24,3,9,13.0,8.0,1.16
2035,2019/20,2019-11-30,Southampton,Watford,2,1,H,11,6,6,3,2.1,3.4,3.5
2036,2019/20,2019-11-30,Tottenham,Bournemouth,3,2,H,15,20,5,6,1.36,5.5,7.5
2037,2019/20,2019-12-01,Leicester,Everton,2,1,H,16,11,6,3,1.61,4.0,5.25
2038,2019/20,2019-12-01,Man United,Aston Villa,2,2,D,16,9,6,3,1.45,4.5,7.0
2039,2019/20,2019-12-01,Norwich,Arsenal,2,2,D,15,16,8,7,4.0,4.33,1.75
2040,2019/20,2019-12-01,Wolves,Sheffield United,1,1,D,13,9,3,4,1.9,3.5,4.2
2041,2019/20,2019-12-03,Burnley,Man City,1,4,A,4,17,2,8,11.0,7.0,1.22
2042,2019/20,2019-12-03,Crystal Palace,Bournemouth,1,0,H,7,6,2,3,2.2,3.4,3.25
2043,2019/20,2019-12-04,Chelsea,Aston Villa,2,1,H,25,9,9,3,1.28,5.75,10.0
2044,2019/20,2019-12-04,Leicester,Watford,2,0,H,12,4,6,1,1.33,5.5,8.0
2045,2019/20,2019-12-04,Liverpool,Everton,5,2,H,11,12,5,4,1.36,5.0,8.5
2046,2019/20,2019-12-04,Man United,Tottenham,2,1,H,12,8,7,5,2.75,3.4,2.55
2047,2019/20,2019-12-04,Southampton,Norwich,2,1,H,14,10,5,3,1.72,4.0,4.2
2048,2019/20,2019-12-04,Wolves,West Ham,2,0,H,13,6,7,3,1.75,3.7,4.75
2049,2019/20,2019-12-05,Arsenal,Brighton,1,2,A,12,20,5,9,1.57,4.33,5.5
2050,2019/20,2019-12-05,Sheffield United,Newcastle,0,2,A,13,6,6,4,1.83,3.4,4.6
2051,2019/20,2019-12-07,Bournemouth,Liverpool,0,3,A,3,21,0,9,7.0,5.25,1.4
2052,2019/20,2019-12-07,Everton,Chelsea,3,1,H,13,15,7,4,3.5,3.75,2.0
2053,2019/20,2019-12-07,Man City,Man United,1,2,A,22,11,5,7,1.3,5.5,10.0
2054,2019/20,2019-12-07,Tottenham,Burnley,5,0,H,13,7,7,1,1.4,4.75,8.0
2055,2019/20,2019-12-07,Watford,Crystal Palace,0,0,D,13,3,3,0,2.37,3.3,3.1
2056,2019/20,2019-12-08,Aston Villa,Leicester,1,4,A,15,23,2,8,4.33,3.8,1.8
2057,2019/20,2019-12-08,Brighton,Wolves,2,2,D,13,13,4,5,2.62,3.1,2.87
2058,2019/20,2019-12-08,Newcastle,Southampton,2,1,H,12,19,6,4,2.5,3.2,2.9
2059,2019/20,2019-12-08,Norwich,Sheffield United,1,2,A,14,9,4,3,2.9,3.5,2.37
2060,2019/20,2019-12-09,West Ham,Arsenal,1,3,A,11,10,4,3,3.3,4.0,2.0
2061,2019/20,2019-12-14,Burnley,Newcastle,1,0,H,7,9,4,0,1.95,3.4,4.0
2062,2019/20,2019-12-14,Chelsea,Bournemouth,0,1,A,18,11,5,2,1.25,6.0,12.0
2063,2019/20,2019-12-14,Leicester,Norwich,1,1,D,18,10,5,3,1.22,6.5,13.0
2064,2019/20,2019-12-14,Liverpool,Watford,2,0,H,16,8,6,2,1.16,7.5,17.0
2065,2019/20,2019-12-14,Sheffield United,Aston Villa,2,0,H,7,8,3,0,1.85,3.75,4.2
2066,2019/20,2019-12-14,Southampton,West Ham,0,1,A,11,11,2,4,1.9,3.8,3.8
2067,2019/20,2019-12-15,Arsenal,Man City,0,3,A,6,14,1,7,6.0,5.25,1.44
2068,2019/20,2019-12-15,Man United,Everton,1,1,D,24,8,8,3,1.8,3.7,4.5
2069,2019/20,2019-12-15,Wolves,Tottenham,1,2,A,18,9,5,5,3.25,3.4,2.25
2070,2019/20,2019-12-16,Crystal Palace,Brighton,1,1,D,11,15,4,10,2.55,3.25,2.87
2071,2019/20,2019-12-21,Aston Villa,Southampton,1,3,A,19,17,6,8,2.4,3.6,2.8
2072,2019/20,2019-12-21,Bournemouth,Burnley,0,1,A,3,2,0,1,2.4,3.4,2.9
2073,2019/20,2019-12-21,Brighton,Sheffield United,0,1,A,9,7,2,2,2.2,3.25,3.5
2074,2019/20,2019-12-21,Everton,Arsenal,0,0,D,9,6,0,2,2.3,3.8,2.87
2075,2019/20,2019-12-21,Man City,Leicester,3,1,H,23,5,12,2,1.36,5.25,7.5
2076,2019/20,2019-12-21,Newcastle,Crystal Palace,1,0,H,8,16,3,4,2.37,3.1,3.25
2077,2019/20,2019-12-21,Norwich,Wolves,1,2,A,13,14,7,4,3.75,3.8,1.9
2078,2019/20,2019-12-22,Tottenham,Chelsea,0,2,A,5,13,1,3,2.37,3.75,2.75
2079,2019/20,2019-12-22,Watford,Man United,2,0,H,11,17,3,8,4.33,4.0,1.75
2080,2019/20,2019-12-26,Aston Villa,Norwich,1,0,H,11,16,2,6,2.1,3.75,3.3
2081,2019/20,2019-12-26,Bournemouth,Arsenal,1,1,D,12,17,4,2,3.5,3.9,1.95
2082,2019/20,2019-12-26,Chelsea,Southampton,0,2,A,10,5,3,3,1.33,5.25,9.0
2083,2019/20,2019-12-26,Crystal Palace,West Ham,2,1,H,13,10,4,2,2.3,3.4,3.1
2084,2019/20,2019-12-26,Everton,Burnley,1,0,H,21,6,5,0,1.7,3.75,5.0
2085,2019/20,2019-12-26,Leicester,Liverpool,0,4,A,3,15,0,6,3.4,3.75,2.05
2086,2019/20,2019-12-26,Man United,Newcastle,4,1,H,22,7,10,2,1.33,5.25,9.0
2087,2019/20,2019-12-26,Sheffield United,Watford,1,1,D,16,5,4,2,1.83,3.6,4.33
2088,2019/20,2019-12-26,Tottenham,Brighton,2,1,H,11,11,5,5,1.53,4.33,6.0
2089,2019/20,2019-12-27,Wolves,Man City,3,2,H,20,7,8,3,8.5,5.0,1.36
2090,2019/20,2019-12-28,Brighton,Bournemouth,2,0,H,16,10,6,2,1.75,3.9,4.33
2091,2019/20,2019-12-28,Burnley,Man United,0,2,A,8,14,1,5,4.33,3.75,1.8
2092,2019/20,2019-12-28,Newcastle,Everton,1,2,A,20,22,5,9,3.6,3.4,2.05
2093,2019/20,2019-12-28,Norwich,Tottenham,2,2,D,5,15,2,7,5.0,4.0,1.66
2094,2019/20,2019-12-28,Southampton,Crystal Palace,1,1,D,14,5,5,2,1.95,3.6,3.8
2095,2019/20,2019-12-28,Watford,Aston Villa,3,0,H,20,11,6,2,1.95,3.8,3.6
2096,2019/20,2019-12-28,West Ham,Leicester,1,2,A,14,13,4,8,4.0,3.9,1.83
2097,2019/20,2019-12-29,Arsenal,Chelsea,1,2,A,7,13,2,4,2.87,3.75,2.3
2098,2019/20,2019-12-29,Liverpool,Wolves,1,0,H,10,10,3,2,1.25,5.75,12.0
2099,2019/20,2019-12-29,Man City,Sheffield United,2,0,H,16,8,4,0,1.16,7.5,16.0
2100,2019/20,2020-01-01,Arsenal,Man United,2,0,H,10,10,4,4,2.55,3.6,2.62
2101,2019/20,2020-01-01,Brighton,Chelsea,1,1,D,16,16,5,5,3.6,3.6,1.95
2102,2019/20,2020-01-01,Burnley,Aston Villa,1,2,A,20,11,1,6,1.75,3.8,4.33
2103,2019/20,2020-01-01,Man City,Everton,2,1,H,16,7,7,2,1.25,6.5,10.0
2104,2019/20,2020-01-01,Newcastle,Leicester,0,3,A,5,17,2,10,5.0,3.8,1.66
2105,2019/20,2020-01-01,Norwich,Crystal Palace,1,1,D,15,12,4,3,2.5,3.4,2.75
2106,2019/20,2020-01-01,Southampton,Tottenham,1,0,H,12,11,3,5,3.3,3.5,2.1
2107,2019/20,2020-01-01,Watford,Wolves,2,1,H,9,16,3,4,3.0,3.4,2.3
2108,2019/20,2020-01-01,West Ham,Bournemouth,4,0,H,14,3,7,2,1.9,3.75,3.8
2109,2019/20,2020-01-02,Liverpool,Sheffield United,2,0,H,19,3,7,2,1.2,6.5,13.0
2110,2019/20,2020-01-10,Sheffield United,West Ham,1,0,H,13,7,3,2,1.95,3.4,4.0
2111,2019/20,2020-01-11,Chelsea,Burnley,3,0,H,18,7,8,2,1.28,5.5,11.0
2112,2019/20,2020-01-11,Crystal Palace,Arsenal,1,1,D,6,7,3,4,4.1,3.9,1.8
2113,2019/20,2020-01-11,Everton,Brighton,1,0,H,14,9,6,2,1.85,3.8,4.0
2114,2019/20,2020-01-11,Leicester,Southampton,1,2,A,5,16,5,10,1.6,4.0,5.5
2115,2019/20,2020-01-11,Man United,Norwich,4,0,H,13,8,6,3,1.33,5.25,8.5
2116,2019/20,2020-01-11,Tottenham,Liverpool,0,1,A,14,13,4,7,4.5,4.33,1.66
2117,2019/20,2020-01-11,Wolves,Newcastle,1,1,D,9,5,4,1,1.44,4.5,7.5
2118,2019/20,2020-01-12,Aston Villa,Man City,1,6,A,7,22,1,12,13.0,8.5,1.16
2119,2019/20,2020-01-12,Bournemouth,Watford,0,3,A,10,18,1,6,2.6,3.3,2.7
2120,2019/20,2020-01-18,Arsenal,Sheffield United,1,1,D,11,12,4,4,1.83,3.6,4.33
2121,2019/20,2020-01-18,Brighton,Aston Villa,1,1,D,10,8,2,3,1.66,4.0,5.0
2122,2019/20,2020-01-18,Man City,Crystal Palace,2,2,D,25,5,6,3,1.1,11.0,19.0
2123,2019/20,2020-01-18,Newcastle,Chelsea,1,0,H,7,19,2,4,6.0,4.5,1.5
2124,2019/20,2020-01-18,Norwich,Bournemouth,1,0,H,16,6,5,3,2.2,3.5,3.25
2125,2019/20,2020-01-18,Southampton,Wolves,2,3,A,11,8,5,4,2.4,3.4,3.0
2126,2019/20,2020-01-18,Watford,Tottenham,0,0,D,15,17,2,5,3.25,3.5,2.2
2127,2019/20,2020-01-18,West Ham,Everton,1,1,D,12,11,6,3,2.9,3.5,2.37
2128,2019/20,2020-01-19,Burnley,Leicester,2,1,H,8,18,5,8,4.33,3.75,1.83
2129,2019/20,2020-01-19,Liverpool,Man United,2,0,H,16,9,5,4,1.36,5.25,8.0
2130,2019/20,2020-01-21,Aston Villa,Watford,2,1,H,16,8,5,2,2.8,3.5,2.45
2131,2019/20,2020-01-21,Bournemouth,Brighton,3,1,H,11,21,3,8,2.87,3.4,2.45
2132,2019/20,2020-01-21,Chelsea,Arsenal,2,2,D,19,2,8,2,1.72,3.9,4.5
2133,2019/20,2020-01-21,Crystal Palace,Southampton,0,2,A,6,15,0,6,2.7,3.25,2.7
2134,2019/20,2020-01-21,Everton,Newcastle,2,2,D,17,8,8,2,1.55,4.1,6.0
2135,2019/20,2020-01-21,Sheffield United,Man City,0,1,A,4,18,1,5,7.0,5.0,1.4
2136,2019/20,2020-01-22,Leicester,West Ham,4,1,H,19,6,8,2,1.53,4.33,6.0
2137,2019/20,2020-01-22,Man United,Burnley,0,2,A,24,5,7,2,1.36,4.75,9.0
2138,2019/20,2020-01-22,Tottenham,Norwich,2,1,H,14,12,3,2,1.4,5.0,7.5
2139,2019/20,2020-01-23,Wolves,Liverpool,1,2,A,10,13,3,6,5.75,3.8,1.61
2140,2019/20,2020-01-29,West Ham,Liverpool,0,2,A,7,13,4,5,8.5,5.5,1.33
2141,2019/20,2020-02-01,Bournemouth,Aston Villa,2,1,H,16,18,6,5,2.1,3.6,3.3
2142,2019/20,2020-02-01,Crystal Palace,Sheffield United,0,1,A,13,10,3,3,3.1,3.1,2.5
2143,2019/20,2020-02-01,Leicester,Chelsea,2,2,D,14,7,4,3,2.5,3.6,2.7
2144,2019/20,2020-02-01,Liverpool,Southampton,4,0,H,16,17,9,4,1.25,6.0,12.0
2145,2019/20,2020-02-01,Man United,Wolves,0,0,D,15,14,5,3,2.25,3.25,3.4
2146,2019/20,2020-02-01,Newcastle,Norwich,0,0,D,15,19,5,4,2.2,3.4,3.3
2147,2019/20,2020-02-01,Watford,Everton,2,3,A,11,12,2,5,2.75,3.3,2.62
2148,2019/20,2020-02-01,West Ham,Brighton,3,3,D,12,19,6,6,2.6,3.3,2.75
2149,2019/20,2020-02-02,Burnley,Arsenal,0,0,D,15,13,2,2,3.6,3.6,2.0
2150,2019/20,2020-02-02,Tottenham,Man City,2,0,H,3,18,3,5,5.5,4.6,1.53
2151,2019/20,2020-02-08,Brighton,Watford,1,1,D,10,5,2,2,2.1,3.4,3.6
2152,2019/20,2020-02-08,Everton,Crystal Palace,3,1,H,14,10,8,2,1.61,3.8,6.0
2153,2019/20,2020-02-09,Sheffield United,Bournemouth,2,1,H,16,10,6,2,1.66,3.6,5.75
2154,2019/20,2020-02-14,Wolves,Leicester,0,0,D,15,9,3,3,2.5,3.3,2.87
2155,2019/20,2020-02-15,Norwich,Liverpool,0,1,A,5,17,1,6,11.0,6.25,1.25
2156,2019/20,2020-02-15,Southampton,Burnley,1,2,A,10,9,2,6,1.75,3.8,4.75
2157,2019/20,2020-02-16,Arsenal,Newcastle,4,0,H,15,10,7,2,1.4,4.75,8.0
2158,2019/20,2020-02-16,Aston Villa,Tottenham,2,3,A,18,23,4,10,4.0,3.8,1.85
2159,2019/20,2020-02-17,Chelsea,Man United,0,2,A,17,9,1,3,1.85,3.5,4.5
2160,2019/20,2020-02-19,Man City,West Ham,2,0,H,20,3,7,0,1.12,9.5,17.0
2161,2019/20,2020-02-22,Burnley,Bournemouth,3,0,H,16,12,10,4,2.1,3.3,3.7
2162,2019/20,2020-02-22,Chelsea,Tottenham,2,1,H,17,5,7,3,1.72,4.0,4.5
2163,2019/20,2020-02-22,Crystal Palace,Newcastle,1,0,H,18,8,9,2,1.95,3.4,4.2
2164,2019/20,2020-02-22,Leicester,Man City,0,1,A,10,18,3,7,4.5,4.2,1.7
2165,2019/20,2020-02-22,Sheffield United,Brighton,1,1,D,14,8,3,2,1.95,3.4,4.2
2166,2019/20,2020-02-22,Southampton,Aston Villa,2,0,H,28,4,9,1,1.61,4.33,5.0
2167,2019/20,2020-02-23,Arsenal,Everton,3,2,H,9,17,4,5,2.0,3.6,3.7
2168,2019/20,2020-02-23,Man United,Watford,3,0,H,21,7,9,2,1.6,3.9,6.0
2169,2019/20,2020-02-23,Wolves,Norwich,3,0,H,19,6,6,4,1.5,4.2,7.0
2170,2019/20,2020-02-24,Liverpool,West Ham,3,2,H,25,7,7,4,1.16,8.0,15.0
2171,2019/20,2020-02-28,Norwich,Leicester,1,0,H,11,19,6,4,4.33,4.1,1.72
2172,2019/20,2020-02-29,Bournemouth,Chelsea,2,2,D,9,23,5,6,4.75,3.8,1.72
2173,2019/20,2020-02-29,Brighton,Crystal Palace,0,1,A,24,12,8,3,2.05,3.25,3.9
2174,2019/20,2020-02-29,Newcastle,Burnley,0,0,D,21,8,4,1,2.62,3.1,2.9
2175,2019/20,2020-02-29,Watford,Liverpool,3,0,H,14,7,5,1,8.0,4.75,1.4
2176,2019/20,2020-02-29,West Ham,Southampton,3,1,H,14,10,7,2,2.65,3.6,2.5
2177,2019/20,2020-03-01,Everton,Man United,1,1,D,16,14,5,5,2.5,3.25,2.9
2178,2019/20,2020-03-01,Tottenham,Wolves,2,3,A,13,14,5,4,2.45,3.2,3.0
2179,2019/20,2020-03-07,Arsenal,West Ham,1,0,H,9,14,2,6,1.57,4.4,5.5
2180,2019/20,2020-03-07,Burnley,Tottenham,1,1,D,21,13,8,2,2.7,3.3,2.62
2181,2019/20,2020-03-07,Crystal Palace,Watford,1,0,H,10,10,3,4,2.55,3.2,2.9
2182,2019/20,2020-03-07,Liverpool,Bournemouth,2,1,H,14,6,6,4,1.22,6.5,13.0
2183,2019/20,2020-03-07,Sheffield United,Norwich,1,0,H,10,12,4,5,1.65,3.75,5.75
2184,2019/20,2020-03-07,Southampton,Newcastle,0,1,A,6,14,3,7,1.61,4.1,5.25
2185,2019/20,2020-03-07,Wolves,Brighton,0,0,D,11,7,1,1,1.61,3.9,5.75
2186,2019/20,2020-03-08,Chelsea,Everton,4,0,H,17,3,11,1,1.8,3.9,4.2
2187,2019/20,2020-03-08,Man United,Man City,2,0,H,12,7,6,2,5.0,4.33,1.6
2188,2019/20,2020-03-09,Leicester,Aston Villa,4,0,H,15,4,7,1,1.36,5.25,8.0
2189,2019/20,2020-06-17,Aston Villa,Sheffield United,0,0,D,14,5,6,1,3.2,3.4,2.25
2190,2019/20,2020-06-17,Man City,Arsenal,3,0,H,20,3,12,0,1.36,5.25,7.5
2191,2019/20,2020-06-19,Norwich,Southampton,0,3,A,9,22,1,9,2.8,3.5,2.45
2192,2019/20,2020-06-19,Tottenham,Man United,1,1,D,10,12,3,6,3.0,3.4,2.37
2193,2019/20,2020-06-20,Bournemouth,Crystal Palace,0,2,A,12,7,1,2,2.45,3.2,3.0
2194,2019/20,2020-06-20,Brighton,Arsenal,2,1,H,9,13,5,6,3.1,3.25,2.37
2195,2019/20,2020-06-20,Watford,Leicester,1,1,D,8,15,4,2,3.6,3.5,2.05
2196,2019/20,2020-06-20,West Ham,Wolves,0,2,A,7,10,2,6,3.6,3.4,2.1
2197,2019/20,2020-06-21,Aston Villa,Chelsea,1,2,A,8,19,4,5,6.0,4.5,1.5
2198,2019/20,2020-06-21,Everton,Liverpool,0,0,D,9,10,3,3,6.0,4.2,1.55
2199,2019/20,2020-06-21,Newcastle,Sheffield United,3,0,H,12,7,8,1,3.3,3.1,2.37
2200,2019/20,2020-06-22,Man City,Burnley,5,0,H,19,1,7,0,1.12,9.0,15.0
2201,2019/20,2020-06-23,Leicester,Brighton,0,0,D,11,10,2,2,1.6,4.0,5.75
2202,2019/20,2020-06-23,Tottenham,West Ham,2,0,H,15,10,4,2,1.66,4.0,5.0
2203,2019/20,2020-06-24,Liverpool,Crystal Palace,4,0,H,21,3,7,0,1.22,6.5,13.0
2204,2019/20,2020-06-24,Man United,Sheffield United,3,0,H,15,4,6,1,1.4,4.5,8.5
2205,2019/20,2020-06-24,Newcastle,Aston Villa,1,1,D,13,14,3,2,2.3,3.3,3.2
2206,2019/20,2020-06-24,Norwich,Everton,0,1,A,9,12,1,5,3.9,3.6,1.9
2207,2019/20,2020-06-24,Wolves,Bournemouth,1,0,H,10,4,2,0,1.55,4.0,6.0
2208,2019/20,2020-06-25,Burnley,Watford,1,0,H,9,10,5,4,3.0,3.25,2.45
2209,2019/20,2020-06-25,Chelsea,Man City,2,1,H,15,11,10,2,4.0,4.0,1.8
2210,2019/20,2020-06-25,Southampton,Arsenal,0,2,A,12,10,3,5,2.6,3.5,2.62
2211,2019/20,2020-06-27,Aston Villa,Wolves,0,1,A,11,9,1,2,4.6,3.7,1.75
2212,2019/20,2020-06-28,Watford,Southampton,1,3,A,8,11,0,7,2.5,3.3,2.87
2213,2019/20,2020-06-29,Crystal Palace,Burnley,0,1,A,17,8,4,4,2.25,3.2,3.4
2214,2019/20,2020-06-30,Brighton,Man United,0,3,A,8,12,2,6,6.0,3.8,1.61
2215,2019/20,2020-07-01,Arsenal,Norwich,4,0,H,13,8,8,2,1.44,4.75,7.0
2216,2019/20,2020-07-01,Bournemouth,Newcastle,1,4,A,12,12,1,7,2.4,3.1,3.2
2217,2019/20,2020-07-01,Everton,Leicester,2,1,H,7,15,2,3,2.5,3.3,2.9
2218,2019/20,2020-07-01,West Ham,Chelsea,3,2,H,10,17,4,6,5.5,4.33,1.57
2219,2019/20,2020-07-02,Man City,Liverpool,4,0,H,14,11,6,3,2.05,3.9,3.3
2220,2019/20,2020-07-02,Sheffield United,Tottenham,3,1,H,7,9,5,2,4.2,3.4,1.95
2221,2019/20,2020-07-04,Chelsea,Watford,3,0,H,21,7,9,3,1.4,4.75,8.0
2222,2019/20,2020-07-04,Leicester,Crystal Palace,3,0,H,15,7,4,1,1.66,3.6,5.75
2223,2019/20,2020-07-04,Man United,Bournemouth,5,2,H,19,7,10,3,1.16,7.5,17.0
2224,2019/20,2020-07-04,Norwich,Brighton,0,1,A,12,8,1,2,3.3,3.4,2.2
2225,2019/20,2020-07-04,Wolves,Arsenal,0,2,A,10,8,1,5,2.25,3.4,3.25
2226,2019/20,2020-07-05,Burnley,Sheffield United,1,1,D,9,10,4,3,2.9,3.0,2.7
2227,2019/20,2020-07-05,Liverpool,Aston Villa,2,0,H,6,9,4,3,1.33,5.5,8.5
2228,2019/20,2020-07-05,Newcastle,West Ham,2,2,D,11,17,4,7,2.6,3.3,2.75
2229,2019/20,2020-07-05,Southampton,Man City,1,0,H,8,26,4,6,8.5,6.0,1.3
2230,2019/20,2020-07-06,Tottenham,Everton,1,0,H,12,11,2,3,2.1,3.5,3.4
2231,2019/20,2020-07-07,Arsenal,Leicester,1,1,D,11,13,7,5,2.3,3.5,3.0
2232,2019/20,2020-07-07,Crystal Palace,Chelsea,2,3,A,13,14,4,6,8.5,4.5,1.4
2233,2019/20,2020-07-07,Watford,Norwich,2,1,H,9,12,4,3,1.7,3.75,5.0
2234,2019/20,2020-07-08,Brighton,Liverpool,1,3,A,12,19,2,8,6.0,4.33,1.53
2235,2019/20,2020-07-08,Man City,Newcastle,5,0,H,23,6,9,1,1.12,9.0,21.0
2236,2019/20,2020-07-08,Sheffield United,Wolves,1,0,H,7,6,3,1,3.8,3.2,2.1
2237,2019/20,2020-07-08,West Ham,Burnley,0,1,A,21,8,5,4,2.0,3.4,3.9
2238,2019/20,2020-07-09,Aston Villa,Man United,0,3,A,9,14,1,6,9.0,5.25,1.33
2239,2019/20,2020-07-09,Bournemouth,Tottenham,0,0,D,9,9,2,0,5.25,3.8,1.66
2240,2019/20,2020-07-09,Everton,Southampton,1,1,D,11,17,4,4,2.05,3.5,3.6
2241,2019/20,2020-07-11,Brighton,Man City,0,5,A,3,26,0,8,10.0,5.5,1.28
2242,2019/20,2020-07-11,Liverpool,Burnley,1,1,D,23,6,9,2,1.22,6.5,12.0
2243,2019/20,2020-07-11,Norwich,West Ham,0,4,A,11,19,2,7,3.75,3.75,1.95
2244,2019/20,2020-07-11,Sheffield United,Chelsea,3,0,H,9,15,4,4,6.0,3.8,1.6
2245,2019/20,2020-07-11,Watford,Newcastle,2,1,H,17,8,5,4,1.8,3.6,4.5
2246,2019/20,2020-07-12,Aston Villa,Crystal Palace,2,0,H,12,9,9,5,2.25,3.3,3.3
2247,2019/20,2020-07-12,Bournemouth,Leicester,4,1,H,10,13,4,5,5.25,3.8,1.66
2248,2019/20,2020-07-12,Tottenham,Arsenal,2,1,H,15,13,9,4,2.62,3.4,2.7
2249,2019/20,2020-07-12,Wolves,Everton,3,0,H,14,6,7,2,2.05,3.3,3.8
2250,2019/20,2020-07-13,Man United,Southampton,2,2,D,8,9,4,5,1.3,5.5,10.0
2251,2019/20,2020-07-14,Chelsea,Norwich,1,0,H,22,2,6,0,1.12,9.5,17.0
2252,2019/20,2020-07-15,Arsenal,Liverpool,2,1,H,3,24,2,8,3.8,3.8,1.9
2253,2019/20,2020-07-15,Burnley,Wolves,1,1,D,9,14,1,5,4.5,3.3,1.9
2254,2019/20,2020-07-15,Man City,Bournemouth,2,1,H,8,15,4,3,1.14,8.5,17.0
2255,2019/20,2020-07-15,Newcastle,Tottenham,1,3,A,22,8,6,5,4.6,3.8,1.75
2256,2019/20,2020-07-16,Crystal Palace,Man United,0,2,A,13,17,5,5,9.5,4.75,1.36
2257,2019/20,2020-07-16,Everton,Aston Villa,1,1,D,9,15,1,1,2.0,3.5,3.75
2258,2019/20,2020-07-16,Leicester,Sheffield United,2,0,H,15,5,7,1,2.05,3.25,3.9
2259,2019/20,2020-07-16,Southampton,Brighton,1,1,D,21,10,6,2,2.15,3.3,3.5
2260,2019/20,2020-07-17,West Ham,Watford,3,1,H,10,14,4,3,2.4,3.0,3.3
2261,2019/20,2020-07-18,Norwich,Burnley,0,2,A,6,23,2,8,3.2,3.4,2.25
2262,2019/20,2020-07-19,Bournemouth,Southampton,0,2,A,11,16,3,8,2.4,3.6,2.8
2263,2019/20,2020-07-19,Tottenham,Leicester,3,0,H,7,24,3,6,2.25,3.3,3.25
2264,2019/20,2020-07-20,Brighton,Newcastle,0,0,D,11,12,3,1,1.9,3.4,4.33
2265,2019/20,2020-07-20,Sheffield United,Everton,0,1,A,8,5,0,2,2.2,3.25,3.5
2266,2019/20,2020-07-20,Wolves,Crystal Palace,2,0,H,11,7,5,3,1.5,4.0,7.5
2267,2019/20,2020-07-21,Aston Villa,Arsenal,1,0,H,8,7,3,0,3.3,3.6,2.1
2268,2019/20,2020-07-21,Watford,Man City,0,4,A,2,26,0,10,8.5,5.5,1.33
2269,2019/20,2020-07-22,Liverpool,Chelsea,5,3,H,10,10,7,5,2.0,3.75,3.5
2270,2019/20,2020-07-22,Man United,West Ham,1,1,D,11,12,4,3,1.22,6.5,11.0
2271,2019/20,2020-07-26,Arsenal,Watford,3,2,H,13,19,5,6,1.9,3.8,3.8
2272,2019/20,2020-07-26,Burnley,Brighton,1,2,A,13,14,2,4,2.37,3.4,3.0
2273,2019/20,2020-07-26,Chelsea,Wolves,2,0,H,11,5,3,1,1.85,3.8,4.0
2274,2019/20,2020-07-26,Crystal Palace,Tottenham,1,1,D,13,7,2,2,6.0,4.2,1.55
2275,2019/20,2020-07-26,Everton,Bournemouth,1,3,A,13,13,5,7,2.25,3.7,3.0
2276,2019/20,2020-07-26,Leicester,Man United,0,2,A,14,7,3,3,3.25,3.5,2.2
2277,2019/20,2020-07-26,Man City,Norwich,5,0,H,31,5,10,4,1.08,11.0,26.0
2278,2019/20,2020-07-26,Newcastle,Liverpool,1,3,A,3,14,2,6,7.5,5.25,1.36
2279,2019/20,2020-07-26,Southampton,Sheffield United,3,1,H,13,5,4,3,2.15,3.5,3.3
2280,2019/20,2020-07-26,West Ham,Aston Villa,1,1,D,10,13,1,4,3.0,3.6,2.3
2281,2020/21,2020-09-12,Crystal Palace,Southampton,1,0,H,5,9,3,5,3.1,3.25,2.37
2282,2020/21,2020-09-12,Fulham,Arsenal,0,3,A,5,13,2,6,6.0,4.33,1.53
2283,2020/21,2020-09-12,Liverpool,Leeds,4,3,H,22,6,6,3,1.28,6.0,9.5
2284,2020/21,2020-09-12,West Ham,Newcastle,0,2,A,15,15,3,2,2.15,3.4,3.4
2285,2020/21,2020-09-13,Tottenham,Everton,0,1,A,9,15,5,4,1.83,3.6,4.33
2286,2020/21,2020-09-13,West Brom,Leicester,0,3,A,7,13,1,7,3.8,3.6,1.95
2287,2020/21,2020-09-14,Brighton,Chelsea,1,3,A,13,10,3,5,5.0,4.33,1.61
2288,2020/21,2020-09-14,Sheffield United,Wolves,0,2,A,9,11,2,4,3.25,3.1,2.37
2289,2020/21,2020-09-19,Arsenal,West Ham,2,1,H,7,14,3,3,1.53,4.5,5.5
2290,2020/21,2020-09-19,Everton,West Brom,5,2,H,17,6,7,4,1.5,4.2,6.5
2291,2020/21,2020-09-19,Leeds,Fulham,4,3,H,10,14,7,6,1.61,3.9,5.75
2292,2020/21,2020-09-19,Man United,Crystal Palace,1,3,A,13,14,4,5,1.3,5.5,9.5
2293,2020/21,2020-09-20,Chelsea,Liverpool,0,2,A,5,18,3,6,3.1,3.6,2.2
2294,2020/21,2020-09-20,Leicester,Burnley,4,2,H,14,16,6,5,1.61,4.0,5.5
2295,2020/21,2020-09-20,Newcastle,Brighton,0,3,A,6,13,0,6,2.6,3.1,2.87
2296,2020/21,2020-09-20,Southampton,Tottenham,2,5,A,14,9,7,6,3.0,3.3,2.37
2297,2020/21,2020-09-21,Aston Villa,Sheffield United,1,0,H,18,4,2,1,2.7,3.1,2.75
2298,2020/21,2020-09-21,Wolves,Man City,1,3,A,10,14,1,9,6.5,4.33,1.5
2299,2020/21,2020-09-26,Brighton,Man United,2,3,A,18,7,5,3,4.75,3.75,1.72
2300,2020/21,2020-09-26,Burnley,Southampton,0,1,A,10,5,2,1,3.2,3.3,2.3
2301,2020/21,2020-09-26,Crystal Palace,Everton,1,2,A,8,10,1,5,3.75,3.25,2.1
2302,2020/21,2020-09-26,West Brom,Chelsea,3,3,D,9,22,3,10,9.0,4.75,1.36
2303,2020/21,2020-09-27,Man City,Leicester,2,5,A,16,7,5,7,1.28,6.0,9.5
2304,2020/21,2020-09-27,Sheffield United,Leeds,0,1,A,14,17,4,9,2.7,3.3,2.62
2305,2020/21,2020-09-27,Tottenham,Newcastle,1,1,D,23,6,12,1,1.45,4.5,7.0
2306,2020/21,2020-09-27,West Ham,Wolves,4,0,H,15,11,7,2,3.6,3.5,2.05
2307,2020/21,2020-09-28,Fulham,Aston Villa,0,3,A,16,12,3,5,2.9,3.25,2.5
2308,2020/21,2020-09-28,Liverpool,Arsenal,3,1,H,21,4,8,3,1.45,4.75,6.5
2309,2020/21,2020-10-03,Chelsea,Crystal Palace,4,0,H,17,4,6,0,1.4,4.75,8.0
2310,2020/21,2020-10-03,Everton,Brighton,4,2,H,11,11,6,3,1.72,3.75,4.8
2311,2020/21,2020-10-03,Leeds,Man City,1,1,D,12,23,7,2,7.5,5.25,1.36
2312,2020/21,2020-10-03,Newcastle,Burnley,3,1,H,10,7,5,3,2.4,3.2,3.1
2313,2020/21,2020-10-04,Arsenal,Sheffield United,2,1,H,6,6,5,2,1.57,4.0,6.0
2314,2020/21,2020-10-04,Aston Villa,Liverpool,7,2,H,18,14,11,8,10.0,5.5,1.3
2315,2020/21,2020-10-04,Leicester,West Ham,0,3,A,4,14,0,6,1.61,4.2,5.25
2316,2020/21,2020-10-04,Man United,Tottenham,1,6,A,5,22,2,8,1.85,3.8,4.0
2317,2020/21,2020-10-04,Southampton,West Brom,2,0,H,13,5,7,2,1.72,3.8,4.75
2318,2020/21,2020-10-04,Wolves,Fulham,1,0,H,14,10,5,2,1.5,4.0,7.5
2319,2020/21,2020-10-17,Chelsea,Southampton,3,3,D,11,13,5,6,1.45,4.75,6.5
2320,2020/21,2020-10-17,Everton,Liverpool,2,2,D,11,22,5,8,3.75,4.2,1.83
2321,2020/21,2020-10-17,Man City,Arsenal,1,0,H,13,11,5,3,1.44,5.0,6.5
2322,2020/21,2020-10-17,Newcastle,Man United,1,4,A,7,28,4,14,4.75,4.0,1.66
2323,2020/21,2020-10-18,Crystal Palace,Brighton,1,1,D,1,20,1,3,2.62,3.3,2.7
2324,2020/21,2020-10-18,Leicester,Aston Villa,0,1,A,11,10,5,4,1.83,3.8,4.1
2325,2020/21,2020-10-18,Sheffield United,Fulham,1,1,D,10,15,6,6,2.1,3.3,3.7
2326,2020/21,2020-10-18,Tottenham,West Ham,3,3,D,11,13,6,4,1.57,4.33,5.5
2327,2020/21,2020-10-19,Leeds,Wolves,0,1,A,13,7,2,3,2.5,3.3,2.87
2328,2020/21,2020-10-19,West Brom,Burnley,0,0,D,13,9,6,4,2.45,3.3,2.9
2329,2020/21,2020-10-23,Aston Villa,Leeds,0,3,A,12,27,4,9,2.05,3.75,3.3
2330,2020/21,2020-10-24,Fulham,Crystal Palace,1,2,A,16,14,3,10,2.75,3.1,2.7
2331,2020/21,2020-10-24,Liverpool,Sheffield United,2,1,H,17,13,5,2,1.22,6.5,12.0
2332,2020/21,2020-10-24,Man United,Chelsea,0,0,D,14,6,4,1,2.37,3.6,2.8
2333,2020/21,2020-10-24,West Ham,Man City,1,1,D,6,14,2,7,8.0,5.25,1.36
2334,2020/21,2020-10-25,Arsenal,Leicester,0,1,A,12,6,4,2,1.9,3.75,3.8
2335,2020/21,2020-10-25,Southampton,Everton,2,0,H,12,6,6,2,2.75,3.4,2.55
2336,2020/21,2020-10-25,Wolves,Newcastle,1,1,D,16,5,3,2,1.75,3.5,5.25
2337,2020/21,2020-10-26,Brighton,West Brom,1,1,D,5,9,3,3,1.7,4.0,4.75
2338,2020/21,2020-10-26,Burnley,Tottenham,0,1,A,13,9,4,3,5.75,4.0,1.6
2339,2020/21,2020-10-30,Wolves,Crystal Palace,2,0,H,15,11,5,2,2.0,3.2,4.33
2340,2020/21,2020-10-31,Burnley,Chelsea,0,3,A,5,14,0,9,6.0,4.5,1.5
2341,2020/21,2020-10-31,Liverpool,West Ham,2,1,H,9,4,5,3,1.36,5.25,7.5
2342,2020/21,2020-10-31,Sheffield United,Man City,0,1,A,5,16,1,8,9.5,6.0,1.28
2343,2020/21,2020-11-01,Aston Villa,Southampton,3,4,A,19,9,10,4,2.45,3.5,2.8
2344,2020/21,2020-11-01,Man United,Arsenal,0,1,A,8,7,2,2,2.0,3.6,3.6
2345,2020/21,2020-11-01,Newcastle,Everton,2,1,H,11,15,4,4,3.7,3.4,2.05
2346,2020/21,2020-11-01,Tottenham,Brighton,2,1,H,9,6,3,2,1.61,4.0,5.5
2347,2020/21,2020-11-02,Fulham,West Brom,2,0,H,13,10,6,1,2.4,3.3,3.0
2348,2020/21,2020-11-02,Leeds,Leicester,1,4,A,11,10,4,8,2.5,3.6,2.62
2349,2020/21,2020-11-06,Brighton,Burnley,0,0,D,19,4,3,1,1.85,3.5,4.33
2350,2020/21,2020-11-06,Southampton,Newcastle,2,0,H,15,4,8,2,2.0,3.6,3.7
2351,2020/21,2020-11-07,Chelsea,Sheffield United,4,1,H,20,6,9,3,1.36,5.0,8.5
2352,2020/21,2020-11-07,Crystal Palace,Leeds,4,1,H,10,9,6,3,2.87,3.4,2.45
2353,2020/21,2020-11-07,Everton,Man United,1,3,A,7,13,1,5,2.9,3.5,2.37
2354,2020/21,2020-11-07,West Ham,Fulham,1,0,H,16,13,7,3,1.83,3.75,4.2
2355,2020/21,2020-11-08,Arsenal,Aston Villa,0,3,A,13,15,2,6,1.65,4.1,5.0
2356,2020/21,2020-11-08,Leicester,Wolves,1,0,H,10,7,3,2,2.3,3.2,3.25
2357,2020/21,2020-11-08,Man City,Liverpool,1,1,D,7,10,2,3,1.95,4.2,3.4
2358,2020/21,2020-11-08,West Brom,Tottenham,0,1,A,12,19,2,5,7.0,4.33,1.45
2359,2020/21,2020-11-21,Aston Villa,Brighton,1,2,A,15,7,4,3,2.15,3.6,3.2
2360,2020/21,2020-11-21,Man United,West Brom,1,0,H,17,7,7,2,1.3,5.5,9.5
2361,2020/21,2020-11-21,Newcastle,Chelsea,0,2,A,8,14,1,3,6.5,4.75,1.45
2362,2020/21,2020-11-21,Tottenham,Man City,2,0,H,4,22,2,5,4.0,4.0,1.8
2363,2020/21,2020-11-22,Fulham,Everton,2,3,A,14,9,6,7,3.9,3.9,1.85
2364,2020/21,2020-11-22,Leeds,Arsenal,0,0,D,25,9,4,2,3.0,3.75,2.2
2365,2020/21,2020-11-22,Liverpool,Leicester,3,0,H,24,11,13,4,1.85,4.0,3.8
2366,2020/21,2020-11-22,Sheffield United,West Ham,0,1,A,9,15,5,3,3.0,3.25,2.4
2367,2020/21,2020-11-23,Burnley,Crystal Palace,1,0,H,10,15,4,5,2.75,3.1,2.75
2368,2020/21,2020-11-23,Wolves,Southampton,1,1,D,20,7,9,2,2.3,3.25,3.25
2369,2020/21,2020-11-27,Crystal Palace,Newcastle,0,2,A,12,14,3,7,2.05,3.25,3.75
2370,2020/21,2020-11-28,Brighton,Liverpool,1,1,D,11,6,3,2,5.5,4.2,1.57
2371,2020/21,2020-11-28,Everton,Leeds,0,1,A,15,23,8,7,1.95,3.8,3.6
2372,2020/21,2020-11-28,Man City,Burnley,5,0,H,19,9,6,1,1.16,7.5,16.0
2373,2020/21,2020-11-28,West Brom,Sheffield United,1,0,H,17,21,6,5,2.6,3.2,2.8
2374,2020/21,2020-11-29,Arsenal,Wolves,1,2,A,13,11,2,5,2.05,3.4,3.75
2375,2020/21,2020-11-29,Chelsea,Tottenham,0,0,D,13,5,3,1,2.05,3.5,3.6
2376,2020/21,2020-11-29,Southampton,Man United,2,3,A,10,15,5,6,4.0,3.5,1.95
2377,2020/21,2020-11-30,Leicester,Fulham,1,2,A,16,10,3,5,1.5,4.33,6.5
2378,2020/21,2020-11-30,West Ham,Aston Villa,2,1,H,6,16,2,6,2.25,3.6,3.0
2379,2020/21,2020-12-05,Burnley,Everton,1,1,D,8,13,3,6,4.0,3.5,1.9
2380,2020/21,2020-12-05,Chelsea,Leeds,3,1,H,23,8,11,3,1.5,4.5,6.0
2381,2020/21,2020-12-05,Man City,Fulham,2,0,H,16,6,6,1,1.1,11.0,19.0
2382,2020/21,2020-12-05,West Ham,Man United,1,3,A,19,15,6,6,3.6,3.6,2.0
2383,2020/21,2020-12-06,Liverpool,Wolves,4,0,H,11,9,6,3,1.5,4.33,6.5
2384,2020/21,2020-12-06,Sheffield United,Leicester,1,2,A,4,13,1,4,3.8,3.5,1.95
2385,2020/21,2020-12-06,Tottenham,Arsenal,2,0,H,6,11,3,2,1.95,3.6,3.8
2386,2020/21,2020-12-06,West Brom,Crystal Palace,1,5,A,9,18,4,6,2.87,3.2,2.55
2387,2020/21,2020-12-07,Brighton,Southampton,1,2,A,12,10,4,3,2.45,3.4,2.9
2388,2020/21,2020-12-11,Leeds,West Ham,1,2,A,13,19,7,8,2.15,3.7,3.1
2389,2020/21,2020-12-12,Everton,Chelsea,1,0,H,9,10,4,3,4.33,4.2,1.7
2390,2020/21,2020-12-12,Man United,Man City,0,0,D,11,9,2,2,4.33,4.2,1.72
2391,2020/21,2020-12-12,Newcastle,West Brom,2,1,H,12,13,7,3,2.45,3.2,3.0
2392,2020/21,2020-12-12,Wolves,Aston Villa,0,1,A,16,13,7,2,2.25,3.25,3.25
2393,2020/21,2020-12-13,Arsenal,Burnley,0,1,A,18,10,6,2,1.53,4.2,6.25
2394,2020/21,2020-12-13,Crystal Palace,Tottenham,1,1,D,16,14,5,6,4.5,3.9,1.72
2395,2020/21,2020-12-13,Fulham,Liverpool,1,1,D,10,12,5,6,9.0,5.5,1.3
2396,2020/21,2020-12-13,Leicester,Brighton,3,0,H,15,12,6,4,2.0,3.5,3.8
2397,2020/21,2020-12-13,Southampton,Sheffield United,3,0,H,16,3,6,0,1.7,3.75,5.0
2398,2020/21,2020-12-15,Man City,West Brom,1,1,D,26,5,7,1,1.09,11.0,21.0
2399,2020/21,2020-12-15,Wolves,Chelsea,2,1,H,12,13,4,3,5.25,3.8,1.66
2400,2020/21,2020-12-16,Arsenal,Southampton,1,1,D,9,13,4,3,2.25,3.5,3.1
2401,2020/21,2020-12-16,Fulham,Brighton,0,0,D,9,9,4,4,2.87,3.3,2.5
2402,2020/21,2020-12-16,Leeds,Newcastle,5,2,H,25,10,10,4,1.75,4.0,4.33
2403,2020/21,2020-12-16,Leicester,Everton,0,2,A,14,11,2,6,2.15,3.6,3.25
2404,2020/21,2020-12-16,Liverpool,Tottenham,2,1,H,17,8,11,2,1.75,3.8,4.5
2405,2020/21,2020-12-16,West Ham,Crystal Palace,1,1,D,9,8,2,2,2.05,3.4,3.6
2406,2020/21,2020-12-17,Aston Villa,Burnley,0,0,D,27,6,7,4,1.75,3.8,4.5
2407,2020/21,2020-12-17,Sheffield United,Man United,2,3,A,12,14,6,8,7.0,4.6,1.44
2408,2020/21,2020-12-19,Crystal Palace,Liverpool,0,7,A,5,14,3,8,6.5,4.33,1.5
2409,2020/21,2020-12-19,Everton,Arsenal,2,1,H,9,13,2,2,2.45,3.5,2.8
2410,2020/21,2020-12-19,Newcastle,Fulham,1,1,D,12,11,5,4,2.5,3.25,2.9
2411,2020/21,2020-12-19,Southampton,Man City,0,1,A,9,11,3,5,7.0,4.5,1.44
2412,2020/21,2020-12-20,Brighton,Sheffield United,1,1,D,21,5,5,3,1.65,3.75,5.5
2413,2020/21,2020-12-20,Man United,Leeds,6,2,H,26,17,14,3,1.66,4.33,4.5
2414,2020/21,2020-12-20,Tottenham,Leicester,0,2,A,8,17,3,4,2.05,3.5,3.6
2415,2020/21,2020-12-20,West Brom,Aston Villa,0,3,A,1,19,1,10,3.6,3.8,1.95
2416,2020/21,2020-12-21,Burnley,Wolves,2,1,H,10,15,4,3,3.5,3.25,2.2
2417,2020/21,2020-12-21,Chelsea,West Ham,3,0,H,11,6,7,0,1.44,5.0,6.25
2418,2020/21,2020-12-26,Arsenal,Chelsea,3,1,H,15,19,7,3,4.0,3.6,1.9
2419,2020/21,2020-12-26,Aston Villa,Crystal Palace,3,0,H,21,13,10,6,1.9,3.75,3.8
2420,2020/21,2020-12-26,Fulham,Southampton,0,0,D,10,3,1,2,3.2,3.3,2.3
2421,2020/21,2020-12-26,Leicester,Man United,2,2,D,10,9,2,4,2.9,3.6,2.3
2422,2020/21,2020-12-26,Man City,Newcastle,2,0,H,11,7,6,2,1.11,10.0,19.0
2423,2020/21,2020-12-26,Sheffield United,Everton,0,1,A,10,7,2,3,4.2,3.6,1.85
2424,2020/21,2020-12-27,Leeds,Burnley,1,0,H,11,14,4,6,1.72,4.0,4.33
2425,2020/21,2020-12-27,Liverpool,West Brom,1,1,D,17,5,2,3,1.11,10.0,19.0
2426,2020/21,2020-12-27,West Ham,Brighton,2,2,D,11,13,4,4,2.3,3.4,3.1
2427,2020/21,2020-12-27,Wolves,Tottenham,1,1,D,11,6,6,3,3.6,3.25,2.15
2428,2020/21,2020-12-28,Chelsea,Aston Villa,1,1,D,16,10,5,2,1.61,4.2,5.0
2429,2020/21,2020-12-28,Crystal Palace,Leicester,1,1,D,4,17,1,3,3.75,3.5,2.0
2430,2020/21,2020-12-29,Brighton,Arsenal,0,1,A,13,11,2,3,3.25,3.5,2.2
2431,2020/21,2020-12-29,Burnley,Sheffield United,1,0,H,5,7,3,3,2.37,3.1,3.25
2432,2020/21,2020-12-29,Man United,Wolves,1,0,H,11,9,3,5,1.53,4.2,6.25
2433,2020/21,2020-12-29,Southampton,West Ham,0,0,D,8,8,3,3,2.1,3.6,3.4
2434,2020/21,2020-12-29,West Brom,Leeds,0,5,A,4,14,1,6,3.6,3.6,2.0
2435,2020/21,2020-12-30,Newcastle,Liverpool,0,0,D,8,11,2,4,12.0,6.0,1.25
2436,2020/21,2021-01-01,Everton,West Ham,0,1,A,10,11,2,5,2.1,3.5,3.5
2437,2020/21,2021-01-01,Man United,Aston Villa,2,1,H,19,5,9,5,1.72,4.2,4.2
2438,2020/21,2021-01-02,Brighton,Wolves,3,3,D,13,11,4,4,2.62,3.25,2.75
2439,2020/21,2021-01-02,Crystal Palace,Sheffield United,2,0,H,9,7,4,2,1.95,3.5,3.9
2440,2020/21,2021-01-02,Tottenham,Leeds,3,0,H,20,18,7,5,1.75,4.1,4.2
2441,2020/21,2021-01-02,West Brom,Arsenal,0,4,A,7,21,3,12,5.75,4.0,1.57
2442,2020/21,2021-01-03,Chelsea,Man City,1,3,A,9,18,2,6,3.0,3.7,2.2
2443,2020/21,2021-01-03,Newcastle,Leicester,1,2,A,8,9,2,3,5.25,4.2,1.61
2444,2020/21,2021-01-04,Southampton,Liverpool,1,0,H,7,17,3,1,5.0,4.33,1.61
2445,2020/21,2021-01-12,Burnley,Man United,0,1,A,11,13,0,7,7.0,4.5,1.45
2446,2020/21,2021-01-12,Sheffield United,Newcastle,1,0,H,17,7,4,3,2.45,3.1,3.1
2447,2020/21,2021-01-12,Wolves,Everton,1,2,A,12,5,3,3,2.45,3.1,3.1
2448,2020/21,2021-01-13,Man City,Brighton,1,0,H,16,5,6,1,1.14,8.5,16.0
2449,2020/21,2021-01-13,Tottenham,Fulham,1,1,D,15,15,6,4,1.36,5.0,8.5
2450,2020/21,2021-01-14,Arsenal,Crystal Palace,0,0,D,11,12,4,2,1.53,4.0,6.5
2451,2020/21,2021-01-16,Fulham,Chelsea,0,1,A,10,21,3,6,6.5,4.33,1.5
2452,2020/21,2021-01-16,Leeds,Brighton,0,1,A,7,7,2,2,2.1,3.5,3.4
2453,2020/21,2021-01-16,Leicester,Southampton,2,0,H,16,8,5,3,1.8,3.75,4.5
2454,2020/21,2021-01-16,West Ham,Burnley,1,0,H,15,10,4,2,1.8,3.5,4.75
2455,2020/21,2021-01-16,Wolves,West Brom,2,3,A,23,12,6,5,1.6,3.5,7.0
2456,2020/21,2021-01-17,Liverpool,Man United,0,0,D,17,8,3,4,1.95,3.8,3.6
2457,2020/21,2021-01-17,Man City,Crystal Palace,4,0,H,13,2,6,0,1.14,8.5,17.0
2458,2020/21,2021-01-17,Sheffield United,Tottenham,1,3,A,15,14,5,5,6.25,3.75,1.6
2459,2020/21,2021-01-18,Arsenal,Newcastle,3,0,H,20,4,6,1,1.4,4.5,8.0
2460,2020/21,2021-01-19,Leicester,Chelsea,2,0,H,8,9,6,5,2.87,3.4,2.45
2461,2020/21,2021-01-19,West Ham,West Brom,2,1,H,14,6,6,2,1.57,4.2,5.5
2462,2020/21,2021-01-20,Fulham,Man United,1,2,A,12,15,5,5,6.0,4.33,1.53
2463,2020/21,2021-01-20,Man City,Aston Villa,2,0,H,28,11,9,4,1.22,6.5,12.0
2464,2020/21,2021-01-21,Liverpool,Burnley,0,1,A,27,6,6,4,1.18,7.5,15.0
2465,2020/21,2021-01-23,Aston Villa,Newcastle,2,0,H,14,7,5,1,1.45,4.75,6.5
2466,2020/21,2021-01-26,Crystal Palace,West Ham,2,3,A,6,17,3,7,3.1,3.25,2.37
2467,2020/21,2021-01-26,Newcastle,Leeds,1,2,A,22,9,5,2,3.9,3.8,1.85
2468,2020/21,2021-01-26,Southampton,Arsenal,1,3,A,13,9,5,5,3.5,3.6,2.05
2469,2020/21,2021-01-26,West Brom,Man City,0,5,A,4,18,1,7,15.0,7.5,1.18
2470,2020/21,2021-01-27,Brighton,Fulham,0,0,D,16,10,5,3,2.05,3.4,3.75
2471,2020/21,2021-01-27,Burnley,Aston Villa,3,2,H,10,18,5,10,3.8,3.5,1.95
2472,2020/21,2021-01-27,Chelsea,Wolves,0,0,D,14,4,5,0,1.6,4.2,5.25
2473,2020/21,2021-01-27,Everton,Leicester,1,1,D,8,19,2,6,2.8,3.3,2.55
2474,2020/21,2021-01-27,Man United,Sheffield United,1,2,A,16,5,4,3,1.25,6.0,11.0
2475,2020/21,2021-01-28,Tottenham,Liverpool,1,3,A,3,14,2,7,3.2,3.6,2.2
2476,2020/21,2021-01-30,Arsenal,Man United,0,0,D,17,14,3,3,2.8,3.5,2.45
2477,2020/21,2021-01-30,Crystal Palace,Wolves,1,0,H,11,6,2,4,2.87,3.2,2.55
2478,2020/21,2021-01-30,Everton,Newcastle,0,2,A,11,13,3,3,1.55,4.0,6.5
2479,2020/21,2021-01-30,Man City,Sheffield United,1,0,H,10,4,5,1,1.12,9.0,18.0
2480,2020/21,2021-01-30,Southampton,Aston Villa,0,1,A,20,8,5,4,2.8,3.6,2.37
2481,2020/21,2021-01-30,West Brom,Fulham,2,2,D,5,12,3,7,3.3,3.2,2.3
2482,2020/21,2021-01-31,Brighton,Tottenham,1,0,H,16,8,5,4,3.2,3.4,2.25
2483,2020/21,2021-01-31,Chelsea,Burnley,2,0,H,19,1,8,0,1.33,5.0,9.5
2484,2020/21,2021-01-31,Leicester,Leeds,1,3,A,18,8,8,7,1.8,4.0,4.2
2485,2020/21,2021-01-31,West Ham,Liverpool,1,3,A,8,14,2,5,4.33,4.0,1.75
2486,2020/21,2021-02-02,Man United,Southampton,9,0,H,24,3,14,1,1.4,4.75,7.0
2487,2020/21,2021-02-02,Newcastle,Crystal Palace,1,2,A,21,6,5,3,2.8,3.2,2.6
2488,2020/21,2021-02-02,Sheffield United,West Brom,2,1,H,14,8,6,4,2.0,3.3,4.0
2489,2020/21,2021-02-02,Wolves,Arsenal,2,1,H,11,9,7,3,3.6,3.3,2.1
2490,2020/21,2021-02-03,Aston Villa,West Ham,1,3,A,9,20,2,10,2.2,3.4,3.25
2491,2020/21,2021-02-03,Burnley,Man City,0,2,A,2,17,0,6,13.0,7.0,1.2
2492,2020/21,2021-02-03,Fulham,Leicester,0,2,A,8,9,1,5,4.0,3.5,1.9
2493,2020/21,2021-02-03,Leeds,Everton,1,2,A,16,10,7,6,2.5,3.5,2.7
2494,2020/21,2021-02-03,Liverpool,Brighton,0,1,A,11,13,1,4,1.33,5.25,9.0
2495,2020/21,2021-02-04,Tottenham,Chelsea,0,1,A,7,18,2,2,3.5,3.4,2.1
2496,2020/21,2021-02-06,Aston Villa,Arsenal,1,0,H,12,14,8,3,2.62,3.5,2.6
2497,2020/21,2021-02-06,Burnley,Brighton,1,1,D,20,10,7,2,3.6,3.1,2.2
2498,2020/21,2021-02-06,Fulham,West Ham,0,0,D,20,8,2,1,3.6,3.5,2.05
2499,2020/21,2021-02-06,Man United,Everton,3,3,D,14,6,5,3,1.53,4.2,6.0
2500,2020/21,2021-02-06,Newcastle,Southampton,3,2,H,6,14,4,5,3.0,3.3,2.4
2501,2020/21,2021-02-07,Liverpool,Man City,1,4,A,8,8,3,5,3.4,3.6,2.05
2502,2020/21,2021-02-07,Sheffield United,Chelsea,1,2,A,8,9,3,3,7.0,4.5,1.45
2503,2020/21,2021-02-07,Tottenham,West Brom,2,0,H,13,4,6,1,1.45,4.5,7.0
2504,2020/21,2021-02-07,Wolves,Leicester,0,0,D,13,13,1,3,3.5,3.4,2.1
2505,2020/21,2021-02-08,Leeds,Crystal Palace,2,0,H,17,8,7,3,1.8,3.8,4.2
2506,2020/21,2021-02-13,Brighton,Aston Villa,0,0,D,26,4,9,1,2.7,3.5,2.5
2507,2020/21,2021-02-13,Crystal Palace,Burnley,0,3,A,13,16,3,4,2.37,3.1,3.2
2508,2020/21,2021-02-13,Leicester,Liverpool,3,1,H,11,15,6,4,3.5,3.4,2.1
2509,2020/21,2021-02-13,Man City,Tottenham,3,0,H,15,7,6,3,1.28,5.75,9.5
2510,2020/21,2021-02-14,Arsenal,Leeds,4,2,H,13,9,5,5,1.83,3.8,4.0
2511,2020/21,2021-02-14,Everton,Fulham,0,2,A,7,12,2,3,1.85,3.6,4.2
2512,2020/21,2021-02-14,Southampton,Wolves,1,2,A,7,10,3,4,2.37,3.2,3.1
2513,2020/21,2021-02-14,West Brom,Man United,1,1,D,7,10,3,7,10.0,5.5,1.3
2514,2020/21,2021-02-15,Chelsea,Newcastle,2,0,H,18,10,5,4,1.22,6.5,12.0
2515,2020/21,2021-02-15,West Ham,Sheffield United,3,0,H,13,8,9,5,1.66,3.75,5.25
2516,2020/21,2021-02-17,Burnley,Fulham,1,1,D,8,8,3,3,2.75,3.2,2.7
2517,2020/21,2021-02-17,Everton,Man City,1,3,A,3,16,2,7,8.5,5.5,1.33
2518,2020/21,2021-02-19,Wolves,Leeds,1,0,H,15,18,5,7,2.37,3.3,3.0
2519,2020/21,2021-02-20,Burnley,West Brom,0,0,D,6,10,1,3,2.0,3.3,4.0
2520,2020/21,2021-02-20,Fulham,Sheffield United,1,0,H,15,4,7,2,2.15,3.2,3.6
2521,2020/21,2021-02-20,Liverpool,Everton,0,2,A,15,9,6,6,1.44,4.5,7.0
2522,2020/21,2021-02-20,Southampton,Chelsea,1,1,D,4,9,1,3,5.0,3.8,1.7
2523,2020/21,2021-02-21,Arsenal,Man City,0,1,A,7,15,1,3,6.5,4.33,1.5
2524,2020/21,2021-02-21,Aston Villa,Leicester,1,2,A,11,16,2,7,2.87,3.5,2.4
2525,2020/21,2021-02-21,Man United,Newcastle,3,1,H,15,10,7,6,1.28,5.5,10.0
2526,2020/21,2021-02-21,West Ham,Tottenham,2,1,H,4,20,4,4,2.62,3.4,2.7
2527,2020/21,2021-02-22,Brighton,Crystal Palace,1,2,A,25,3,5,2,1.7,3.5,5.5
2528,2020/21,2021-02-23,Leeds,Southampton,3,0,H,11,13,7,5,2.25,3.5,3.1
2529,2020/21,2021-02-27,Leeds,Aston Villa,0,1,A,13,9,3,4,2.15,3.6,3.2
2530,2020/21,2021-02-27,Man City,West Ham,2,1,H,10,9,3,3,1.22,6.5,12.0
2531,2020/21,2021-02-27,Newcastle,Wolves,1,1,D,19,14,7,4,3.5,3.2,2.2
2532,2020/21,2021-02-27,West Brom,Brighton,1,0,H,6,15,2,6,4.2,3.3,1.95
2533,2020/21,2021-02-28,Chelsea,Man United,0,0,D,18,11,6,4,2.15,3.4,3.4
2534,2020/21,2021-02-28,Crystal Palace,Fulham,0,0,D,3,16,0,4,3.5,3.2,2.2
2535,2020/21,2021-02-28,Leicester,Arsenal,1,3,A,8,12,3,4,2.5,3.4,2.8
2536,2020/21,2021-02-28,Sheffield United,Liverpool,0,2,A,8,16,2,8,8.0,5.0,1.36
2537,2020/21,2021-02-28,Tottenham,Burnley,4,0,H,16,10,7,3,1.53,4.0,6.5
2538,2020/21,2021-03-01,Everton,Southampton,1,0,H,7,9,1,1,2.15,3.5,3.3
2539,2020/21,2021-03-02,Man City,Wolves,4,1,H,22,6,10,1,1.18,7.0,15.0
2540,2020/21,2021-03-03,Burnley,Leicester,1,1,D,12,15,7,4,4.0,3.25,2.0
2541,2020/21,2021-03-03,Crystal Palace,Man United,0,0,D,8,11,2,1,8.0,4.75,1.4
2542,2020/21,2021-03-03,Sheffield United,Aston Villa,1,0,H,9,16,2,4,3.75,3.4,2.05
2543,2020/21,2021-03-04,Fulham,Tottenham,0,1,A,11,9,3,2,4.0,3.6,1.9
2544,2020/21,2021-03-04,Liverpool,Chelsea,0,1,A,7,11,1,5,2.25,3.6,3.0
2545,2020/21,2021-03-04,West Brom,Everton,0,1,A,11,11,3,3,4.33,3.6,1.83
2546,2020/21,2021-03-06,Aston Villa,Wolves,0,0,D,9,10,1,2,2.37,3.25,3.1
2547,2020/21,2021-03-06,Brighton,Leicester,1,2,A,7,8,2,4,2.55,3.25,2.8
2548,2020/21,2021-03-06,Burnley,Arsenal,1,1,D,9,15,5,3,5.5,4.0,1.61
2549,2020/21,2021-03-06,Sheffield United,Southampton,0,2,A,8,15,2,5,3.6,3.5,2.0
2550,2020/21,2021-03-07,Liverpool,Fulham,0,1,A,16,10,3,3,1.36,5.0,8.5
2551,2020/21,2021-03-07,Man City,Man United,0,2,A,23,8,6,6,1.45,4.5,7.0
2552,2020/21,2021-03-07,Tottenham,Crystal Palace,4,1,H,12,5,5,1,1.45,4.5,7.0
2553,2020/21,2021-03-07,West Brom,Newcastle,0,0,D,13,9,3,5,2.37,3.2,3.1
2554,2020/21,2021-03-08,Chelsea,Everton,2,0,H,19,7,9,1,1.53,4.0,6.5
2555,2020/21,2021-03-08,West Ham,Leeds,2,0,H,16,17,5,2,2.05,3.6,3.5
2556,2020/21,2021-03-10,Man City,Southampton,5,2,H,17,11,10,6,1.18,7.5,15.0
2557,2020/21,2021-03-12,Newcastle,Aston Villa,1,1,D,12,15,3,6,3.8,3.3,2.05
2558,2020/21,2021-03-13,Crystal Palace,West Brom,1,0,H,6,12,4,1,2.15,3.2,3.6
2559,2020/21,2021-03-13,Everton,Burnley,1,2,A,14,14,4,5,1.83,3.5,4.5
2560,2020/21,2021-03-13,Fulham,Man City,0,3,A,3,8,0,7,10.0,5.0,1.33
2561,2020/21,2021-03-13,Leeds,Chelsea,0,0,D,7,15,4,8,4.75,4.0,1.7
2562,2020/21,2021-03-14,Arsenal,Tottenham,2,1,H,13,6,3,3,2.55,3.4,2.75
2563,2020/21,2021-03-14,Leicester,Sheffield United,5,0,H,19,1,10,0,1.5,4.2,6.5
2564,2020/21,2021-03-14,Man United,West Ham,1,0,H,15,7,4,0,1.83,3.6,4.33
2565,2020/21,2021-03-14,Southampton,Brighton,1,2,A,9,8,4,6,2.9,3.1,2.5
2566,2020/21,2021-03-15,Wolves,Liverpool,0,1,A,10,12,5,4,4.75,3.75,1.72
2567,2020/21,2021-03-19,Fulham,Leeds,1,2,A,13,13,6,4,2.37,3.4,3.0
2568,2020/21,2021-03-20,Brighton,Newcastle,3,0,H,11,3,6,1,1.66,3.5,6.0
2569,2020/21,2021-03-21,Aston Villa,Tottenham,0,2,A,8,9,1,3,2.9,3.3,2.45
2570,2020/21,2021-03-21,West Ham,Arsenal,3,3,D,15,16,5,7,2.8,3.5,2.45
2571,2020/21,2021-04-03,Arsenal,Liverpool,0,3,A,3,16,2,7,3.1,3.7,2.15
2572,2020/21,2021-04-03,Chelsea,West Brom,2,5,A,18,14,8,7,1.22,6.0,15.0
2573,2020/21,2021-04-03,Leeds,Sheffield United,2,1,H,23,9,8,1,1.5,4.33,6.5
2574,2020/21,2021-04-03,Leicester,Man City,0,2,A,5,11,2,4,6.0,4.2,1.53
2575,2020/21,2021-04-04,Aston Villa,Fulham,3,1,H,14,15,4,7,2.25,3.3,3.3
2576,2020/21,2021-04-04,Man United,Brighton,2,1,H,15,5,7,3,1.61,4.0,5.5
2577,2020/21,2021-04-04,Newcastle,Tottenham,2,2,D,22,11,6,5,5.5,4.0,1.6
2578,2020/21,2021-04-04,Southampton,Burnley,3,2,H,24,7,9,5,2.05,3.3,3.8
2579,2020/21,2021-04-05,Everton,Crystal Palace,1,1,D,15,13,7,6,1.75,3.5,5.0
2580,2020/21,2021-04-05,Wolves,West Ham,2,3,A,20,9,5,6,2.87,3.2,2.55
2581,2020/21,2021-04-09,Fulham,Wolves,0,1,A,14,7,3,3,2.5,3.0,3.1
2582,2020/21,2021-04-10,Crystal Palace,Chelsea,1,4,A,1,23,1,10,7.0,3.8,1.53
2583,2020/21,2021-04-10,Liverpool,Aston Villa,2,1,H,23,9,10,5,1.5,4.33,6.5
2584,2020/21,2021-04-10,Man City,Leeds,1,2,A,29,2,7,2,1.28,5.75,10.0
2585,2020/21,2021-04-11,Burnley,Newcastle,1,2,A,24,10,4,5,2.3,3.1,3.4
2586,2020/21,2021-04-11,Sheffield United,Arsenal,0,3,A,7,14,2,5,6.5,3.75,1.57
2587,2020/21,2021-04-11,Tottenham,Man United,1,3,A,12,12,3,7,2.87,3.4,2.45
2588,2020/21,2021-04-11,West Ham,Leicester,3,2,H,4,15,4,5,3.0,3.3,2.37
2589,2020/21,2021-04-12,Brighton,Everton,0,0,D,23,8,3,1,2.25,3.3,3.3
2590,2020/21,2021-04-12,West Brom,Southampton,3,0,H,15,14,6,4,3.6,3.3,2.1
2591,2020/21,2021-04-16,Everton,Tottenham,2,2,D,18,12,7,3,3.4,3.5,2.1
2592,2020/21,2021-04-17,Newcastle,West Ham,3,2,H,16,16,8,6,3.5,3.5,2.05
2593,2020/21,2021-04-17,Wolves,Sheffield United,1,0,H,10,8,5,2,1.66,3.5,5.75
2594,2020/21,2021-04-18,Arsenal,Fulham,1,1,D,18,3,5,1,1.7,3.8,4.8
2595,2020/21,2021-04-18,Man United,Burnley,3,1,H,17,10,9,3,1.33,5.25,9.0
2596,2020/21,2021-04-19,Leeds,Liverpool,1,1,D,12,17,5,7,4.5,4.33,1.66
2597,2020/21,2021-04-20,Chelsea,Brighton,0,0,D,7,11,4,2,1.57,4.0,6.0
2598,2020/21,2021-04-21,Aston Villa,Man City,1,2,A,8,13,3,3,9.0,4.75,1.36
2599,2020/21,2021-04-21,Tottenham,Southampton,2,1,H,12,10,3,5,1.75,3.8,4.5
2600,2020/21,2021-04-22,Leicester,West Brom,3,0,H,17,4,7,1,1.53,3.8,6.0
2601,2020/21,2021-04-23,Arsenal,Everton,0,1,A,14,8,3,1,2.0,3.5,3.75
2602,2020/21,2021-04-24,Liverpool,Newcastle,1,1,D,22,7,9,4,1.22,6.5,12.0
2603,2020/21,2021-04-24,Sheffield United,Brighton,1,0,H,7,17,3,4,5.25,3.4,1.75
2604,2020/21,2021-04-24,West Ham,Chelsea,0,1,A,9,17,2,6,4.75,3.6,1.75
2605,2020/21,2021-04-25,Aston Villa,West Brom,2,2,D,24,10,11,4,1.85,3.6,4.2
2606,2020/21,2021-04-25,Leeds,Man United,0,0,D,6,16,3,4,4.0,4.2,1.75
2607,2020/21,2021-04-25,Wolves,Burnley,0,4,A,12,14,2,7,2.0,3.4,3.9
2608,2020/21,2021-04-26,Leicester,Crystal Palace,2,1,H,13,4,5,2,1.4,4.33,8.5
2609,2020/21,2021-04-30,Southampton,Leicester,1,1,D,5,23,3,9,3.8,3.8,1.9
2610,2020/21,2021-05-01,Brighton,Leeds,2,0,H,17,11,5,2,2.05,3.5,3.5
2611,2020/21,2021-05-01,Chelsea,Fulham,2,0,H,9,10,5,3,1.44,4.4,7.5
2612,2020/21,2021-05-01,Crystal Palace,Man City,0,2,A,9,20,4,3,10.0,5.0,1.33
2613,2020/21,2021-05-01,Everton,Aston Villa,1,2,A,16,13,3,5,1.95,3.6,3.8
2614,2020/21,2021-05-02,Newcastle,Arsenal,0,2,A,5,19,1,5,3.6,3.6,2.0
2615,2020/21,2021-05-02,Tottenham,Sheffield United,4,0,H,20,8,11,1,1.25,6.0,12.0
2616,2020/21,2021-05-03,Burnley,West Ham,1,2,A,8,22,3,4,3.1,3.6,2.2
2617,2020/21,2021-05-03,West Brom,Wolves,1,1,D,10,20,4,10,2.9,3.2,2.5
2618,2020/21,2021-05-07,Leicester,Newcastle,2,4,A,25,14,9,6,1.4,4.75,8.0
2619,2020/21,2021-05-08,Leeds,Tottenham,3,1,H,16,11,7,3,3.4,3.8,2.0
2620,2020/21,2021-05-08,Liverpool,Southampton,2,0,H,14,12,6,6,1.25,6.0,11.0
2621,2020/21,2021-05-08,Man City,Chelsea,1,2,A,16,12,4,5,1.9,3.4,4.2
2622,2020/21,2021-05-08,Sheffield United,Crystal Palace,0,2,A,7,21,0,8,3.0,3.2,2.45
2623,2020/21,2021-05-09,Arsenal,West Brom,3,1,H,15,12,7,1,1.44,4.5,7.0
2624,2020/21,2021-05-09,Aston Villa,Man United,1,3,A,11,18,5,7,4.2,3.8,1.8
2625,2020/21,2021-05-09,West Ham,Everton,0,1,A,11,9,0,3,2.2,3.5,3.2
2626,2020/21,2021-05-09,Wolves,Brighton,2,1,H,16,5,6,3,3.3,3.3,2.2
2627,2020/21,2021-05-10,Fulham,Burnley,0,2,A,21,14,3,5,2.2,3.4,3.3
2628,2020/21,2021-05-11,Man United,Leicester,1,2,A,4,12,1,3,2.5,3.4,2.8
2629,2020/21,2021-05-11,Southampton,Crystal Palace,3,1,H,13,11,6,4,2.05,3.6,3.5
2630,2020/21,2021-05-12,Chelsea,Arsenal,0,1,A,19,5,5,2,1.65,4.0,5.0
2631,2020/21,2021-05-13,Aston Villa,Everton,0,0,D,13,15,2,5,2.7,3.4,2.6
2632,2020/21,2021-05-13,Man United,Liverpool,2,4,A,18,17,3,8,3.0,3.75,2.2
2633,2020/21,2021-05-14,Newcastle,Man City,3,4,A,11,15,5,6,11.0,6.0,1.25
2634,2020/21,2021-05-15,Brighton,West Ham,1,1,D,10,15,2,3,2.9,3.6,2.3
2635,2020/21,2021-05-15,Burnley,Leeds,0,4,A,16,16,4,6,3.2,3.75,2.1
2636,2020/21,2021-05-15,Southampton,Fulham,3,1,H,11,10,7,3,2.0,3.6,3.6
2637,2020/21,2021-05-16,Crystal Palace,Aston Villa,3,2,H,23,19,8,5,3.0,3.6,2.25
2638,2020/21,2021-05-16,Everton,Sheffield United,0,1,A,16,10,6,3,1.36,4.75,8.5
2639,2020/21,2021-05-16,Tottenham,Wolves,2,0,H,24,15,13,3,1.5,4.33,6.5
2640,2020/21,2021-05-16,West Brom,Liverpool,1,2,A,10,26,3,6,12.0,6.5,1.22
2641,2020/21,2021-05-18,Brighton,Man City,3,2,H,19,8,6,4,7.0,4.5,1.45
2642,2020/21,2021-05-18,Chelsea,Leicester,2,1,H,17,7,6,3,1.7,3.75,5.0
2643,2020/21,2021-05-18,Man United,Fulham,1,1,D,13,8,6,5,1.28,6.0,9.0
2644,2020/21,2021-05-18,Southampton,Leeds,0,2,A,18,15,3,7,2.55,3.9,2.5
2645,2020/21,2021-05-19,Burnley,Liverpool,0,3,A,10,20,4,3,11.0,7.0,1.22
2646,2020/21,2021-05-19,Crystal Palace,Arsenal,1,3,A,12,6,6,3,6.0,4.5,1.5
2647,2020/21,2021-05-19,Everton,Wolves,1,0,H,14,9,4,3,1.85,3.6,4.2
2648,2020/21,2021-05-19,Newcastle,Sheffield United,1,0,H,16,11,5,1,1.72,3.8,4.75
2649,2020/21,2021-05-19,Tottenham,Aston Villa,1,2,A,10,20,4,4,1.5,4.5,6.0
2650,2020/21,2021-05-19,West Brom,West Ham,1,3,A,14,21,4,9,5.0,4.33,1.6
2651,2020/21,2021-05-23,Arsenal,Brighton,2,0,H,16,5,5,1,1.57,4.33,5.25
2652,2020/21,2021-05-23,Aston Villa,Chelsea,2,1,H,6,23,3,7,6.5,4.6,1.45
2653,2020/21,2021-05-23,Fulham,Newcastle,0,2,A,14,10,0,4,2.05,3.8,3.3
2654,2020/21,2021-05-23,Leeds,West Brom,3,1,H,17,14,9,5,1.4,5.25,6.5
2655,2020/21,2021-05-23,Leicester,Tottenham,2,4,A,10,11,6,4,2.0,4.0,3.3
2656,2020/21,2021-05-23,Liverpool,Crystal Palace,2,0,H,19,5,5,4,1.14,8.5,15.0
2657,2020/21,2021-05-23,Man City,Everton,5,0,H,21,8,11,3,1.44,5.0,6.5
2658,2020/21,2021-05-23,Sheffield United,Burnley,1,0,H,12,10,3,3,2.8,3.6,2.4
2659,2020/21,2021-05-23,West Ham,Southampton,3,0,H,14,17,7,5,1.65,4.0,5.0
2660,2020/21,2021-05-23,Wolves,Man United,1,2,A,14,9,4,4,2.5,3.5,2.7
2661,2021/22,2021-08-13,Brentford,Arsenal,2,0,H,8,22,3,4,4.0,3.4,1.95
2662,2021/22,2021-08-14,Burnley,Brighton,1,2,A,14,14,3,8,3.1,3.1,2.45
2663,2021/22,2021-08-14,Chelsea,Crystal Palace,3,0,H,13,4,6,1,1.25,5.75,13.0
2664,2021/22,2021-08-14,Everton,Southampton,3,1,H,14,6,6,3,1.9,3.5,4.0
2665,2021/22,2021-08-14,Leicester,Wolves,1,0,H,9,17,5,3,1.66,3.8,5.25
2666,2021/22,2021-08-14,Man United,Leeds,5,1,H,16,10,8,3,1.53,4.5,5.75
2667,2021/22,2021-08-14,Norwich,Liverpool,0,3,A,14,19,3,8,9.0,5.75,1.3
2668,2021/22,2021-08-14,Watford,Aston Villa,3,2,H,13,11,7,2,3.1,3.2,2.37
2669,2021/22,2021-08-15,Newcastle,West Ham,2,4,A,17,8,3,9,3.2,3.5,2.2
2670,2021/22,2021-08-15,Tottenham,Man City,1,0,H,13,18,3,4,5.5,4.2,1.6
2671,2021/22,2021-08-21,Aston Villa,Newcastle,2,0,H,10,9,2,1,1.8,3.75,4.33
2672,2021/22,2021-08-21,Brighton,Watford,2,0,H,13,10,3,1,1.7,3.5,5.75
2673,2021/22,2021-08-21,Crystal Palace,Brentford,0,0,D,7,14,2,3,2.55,3.2,2.87
2674,2021/22,2021-08-21,Leeds,Everton,2,2,D,17,17,4,8,2.37,3.4,3.0
2675,2021/22,2021-08-21,Liverpool,Burnley,2,0,H,27,9,9,3,1.18,7.5,13.0
2676,2021/22,2021-08-21,Man City,Norwich,5,0,H,16,1,4,0,1.08,11.0,26.0
2677,2021/22,2021-08-22,Arsenal,Chelsea,0,2,A,6,22,3,5,4.75,3.75,1.72
2678,2021/22,2021-08-22,Southampton,Man United,1,1,D,8,15,3,4,5.5,4.2,1.57
2679,2021/22,2021-08-22,Wolves,Tottenham,0,1,A,25,8,6,6,3.2,3.2,2.35
2680,2021/22,2021-08-23,West Ham,Leicester,4,1,H,13,5,7,1,2.5,3.5,2.75
2681,2021/22,2021-08-28,Aston Villa,Brentford,1,1,D,7,9,5,2,1.95,3.6,3.8
2682,2021/22,2021-08-28,Brighton,Everton,0,2,A,14,14,3,5,2.3,3.2,3.3
2683,2021/22,2021-08-28,Liverpool,Chelsea,1,1,D,24,6,7,3,2.45,3.3,2.9
2684,2021/22,2021-08-28,Man City,Arsenal,5,0,H,25,1,10,0,1.25,6.0,12.0
2685,2021/22,2021-08-28,Newcastle,Southampton,2,2,D,10,22,5,6,2.5,3.4,2.8
2686,2021/22,2021-08-28,Norwich,Leicester,1,2,A,14,9,4,3,4.5,3.5,1.85
2687,2021/22,2021-08-28,West Ham,Crystal Palace,2,2,D,14,9,4,2,1.55,4.0,6.5
2688,2021/22,2021-08-29,Burnley,Leeds,1,1,D,12,12,3,2,3.1,3.5,2.25
2689,2021/22,2021-08-29,Tottenham,Watford,1,0,H,15,9,8,2,1.36,4.75,9.0
2690,2021/22,2021-08-29,Wolves,Man United,0,1,A,15,10,6,3,5.0,3.5,1.75
2691,2021/22,2021-09-11,Arsenal,Norwich,1,0,H,30,10,7,1,1.5,4.6,6.0
2692,2021/22,2021-09-11,Brentford,Brighton,0,1,A,7,4,1,2,2.8,3.2,2.62
2693,2021/22,2021-09-11,Chelsea,Aston Villa,3,0,H,12,18,4,6,1.28,5.5,11.0
2694,2021/22,2021-09-11,Crystal Palace,Tottenham,3,0,H,18,2,4,1,4.2,3.5,1.9
2695,2021/22,2021-09-11,Leicester,Man City,0,1,A,6,25,1,8,6.0,4.0,1.57
2696,2021/22,2021-09-11,Man United,Newcastle,4,1,H,21,12,7,3,1.18,7.5,15.0
2697,2021/22,2021-09-11,Southampton,West Ham,0,0,D,11,13,3,3,2.9,3.5,2.4
2698,2021/22,2021-09-11,Watford,Wolves,0,2,A,6,14,2,5,3.4,3.2,2.25
2699,2021/22,2021-09-12,Leeds,Liverpool,0,3,A,9,30,4,9,4.33,4.0,1.75
2700,2021/22,2021-09-13,Everton,Burnley,3,1,H,14,11,6,6,1.7,3.75,5.0
2701,2021/22,2021-09-17,Newcastle,Leeds,1,1,D,17,22,7,9,3.0,3.6,2.3
2702,2021/22,2021-09-18,Aston Villa,Everton,3,0,H,15,11,3,1,2.4,3.3,3.0
2703,2021/22,2021-09-18,Burnley,Arsenal,0,1,A,18,13,3,3,3.8,3.6,1.95
2704,2021/22,2021-09-18,Liverpool,Crystal Palace,3,0,H,25,13,10,2,1.2,7.0,13.0
2705,2021/22,2021-09-18,Man City,Southampton,0,0,D,18,10,1,2,1.12,9.5,17.0
2706,2021/22,2021-09-18,Norwich,Watford,1,3,A,12,12,5,8,2.15,3.3,3.5
2707,2021/22,2021-09-18,Wolves,Brentford,0,2,A,11,9,0,3,1.83,3.25,5.0
2708,2021/22,2021-09-19,Brighton,Leicester,2,1,H,12,14,5,3,2.7,3.2,2.75
2709,2021/22,2021-09-19,Tottenham,Chelsea,0,3,A,8,20,2,10,5.0,3.8,1.7
2710,2021/22,2021-09-19,West Ham,Man United,1,2,A,13,17,4,10,4.33,4.0,1.75
2711,2021/22,2021-09-25,Brentford,Liverpool,3,3,D,12,16,4,6,7.0,4.5,1.45
2712,2021/22,2021-09-25,Chelsea,Man City,0,1,A,5,15,0,4,2.62,3.2,2.75
2713,2021/22,2021-09-25,Everton,Norwich,2,0,H,11,10,4,2,1.61,3.8,5.75
2714,2021/22,2021-09-25,Leeds,West Ham,1,2,A,15,20,5,7,3.0,3.6,2.25
2715,2021/22,2021-09-25,Leicester,Burnley,2,2,D,22,9,5,3,1.57,4.0,6.0
2716,2021/22,2021-09-25,Man United,Aston Villa,0,1,A,28,7,4,3,1.36,5.25,8.0
2717,2021/22,2021-09-25,Watford,Newcastle,1,1,D,15,20,4,6,2.2,3.4,3.3
2718,2021/22,2021-09-26,Arsenal,Tottenham,3,1,H,12,10,7,4,2.15,3.3,3.5
2719,2021/22,2021-09-26,Southampton,Wolves,0,1,A,18,5,6,3,2.62,3.2,2.8
2720,2021/22,2021-09-27,Crystal Palace,Brighton,1,1,D,8,8,3,4,3.1,3.2,2.45
2721,2021/22,2021-10-02,Brighton,Arsenal,0,0,D,21,8,2,2,3.0,3.25,2.4
2722,2021/22,2021-10-02,Burnley,Norwich,0,0,D,14,10,4,2,1.85,3.6,4.33
2723,2021/22,2021-10-02,Chelsea,Southampton,3,1,H,20,6,9,2,1.36,4.75,9.0
2724,2021/22,2021-10-02,Leeds,Watford,1,0,H,20,5,4,1,1.7,4.0,4.75
2725,2021/22,2021-10-02,Man United,Everton,1,1,D,13,12,6,2,1.45,4.33,7.5
2726,2021/22,2021-10-02,Wolves,Newcastle,2,1,H,7,8,3,2,1.61,4.2,5.25
2727,2021/22,2021-10-03,Crystal Palace,Leicester,2,2,D,18,9,4,5,3.1,3.4,2.3
2728,2021/22,2021-10-03,Liverpool,Man City,2,2,D,6,12,4,3,2.87,3.5,2.4
2729,2021/22,2021-10-03,Tottenham,Aston Villa,2,1,H,17,14,8,3,2.1,3.6,3.4
2730,2021/22,2021-10-03,West Ham,Brentford,1,2,A,18,13,5,6,1.75,3.75,4.75
2731,2021/22,2021-10-16,Aston Villa,Wolves,2,3,A,14,9,5,4,2.15,3.25,3.5
2732,2021/22,2021-10-16,Brentford,Chelsea,0,1,A,17,5,7,1,6.5,3.8,1.57
2733,2021/22,2021-10-16,Leicester,Man United,4,2,H,22,18,11,6,3.5,3.6,2.05
2734,2021/22,2021-10-16,Man City,Burnley,2,0,H,15,7,6,2,1.12,9.0,19.0
2735,2021/22,2021-10-16,Norwich,Brighton,0,0,D,15,11,3,3,3.6,3.4,2.1
2736,2021/22,2021-10-16,Southampton,Leeds,1,0,H,19,3,5,0,2.3,3.5,3.0
2737,2021/22,2021-10-16,Watford,Liverpool,0,5,A,6,19,2,8,8.5,5.5,1.33
2738,2021/22,2021-10-17,Everton,West Ham,0,1,A,15,16,2,4,2.5,3.4,2.8
2739,2021/22,2021-10-17,Newcastle,Tottenham,2,3,A,7,14,1,4,3.5,3.6,2.05
2740,2021/22,2021-10-18,Arsenal,Crystal Palace,2,2,D,17,9,6,6,1.6,3.8,6.0
2741,2021/22,2021-10-22,Arsenal,Aston Villa,3,1,H,22,10,9,4,1.83,3.75,4.2
2742,2021/22,2021-10-23,Brighton,Man City,1,4,A,10,23,5,14,8.0,4.75,1.4
2743,2021/22,2021-10-23,Chelsea,Norwich,7,0,H,23,3,13,1,1.18,7.0,15.0
2744,2021/22,2021-10-23,Crystal Palace,Newcastle,1,1,D,15,6,3,2,1.9,3.6,4.0
2745,2021/22,2021-10-23,Everton,Watford,2,5,A,15,20,4,8,1.65,3.8,5.5
2746,2021/22,2021-10-23,Leeds,Wolves,1,1,D,18,8,4,4,2.4,3.4,2.87
2747,2021/22,2021-10-23,Southampton,Burnley,2,2,D,16,9,4,5,1.95,3.5,3.9
2748,2021/22,2021-10-24,Brentford,Leicester,1,2,A,15,10,5,6,2.62,3.3,2.7
2749,2021/22,2021-10-24,Man United,Liverpool,0,5,A,12,19,4,8,3.1,3.6,2.2
2750,2021/22,2021-10-24,West Ham,Tottenham,1,0,H,13,7,4,4,2.3,3.5,3.0
2751,2021/22,2021-10-30,Burnley,Brentford,3,1,H,15,12,6,5,2.6,3.3,2.75
2752,2021/22,2021-10-30,Leicester,Arsenal,0,2,A,16,9,8,5,2.4,3.5,2.87
2753,2021/22,2021-10-30,Liverpool,Brighton,2,2,D,14,9,3,6,1.22,6.5,13.0
2754,2021/22,2021-10-30,Man City,Crystal Palace,0,2,A,14,8,3,3,1.14,8.0,19.0
2755,2021/22,2021-10-30,Newcastle,Chelsea,0,3,A,6,19,1,6,8.5,5.0,1.36
2756,2021/22,2021-10-30,Tottenham,Man United,0,3,A,9,10,0,4,2.87,3.6,2.37
2757,2021/22,2021-10-30,Watford,Southampton,0,1,A,10,12,4,1,3.2,3.3,2.3
2758,2021/22,2021-10-31,Aston Villa,West Ham,1,4,A,9,21,3,9,2.8,3.5,2.45
2759,2021/22,2021-10-31,Norwich,Leeds,1,2,A,14,13,3,6,3.4,3.5,2.1
2760,2021/22,2021-11-01,Wolves,Everton,2,1,H,10,14,4,5,2.2,3.2,3.5
2761,2021/22,2021-11-05,Southampton,Aston Villa,1,0,H,9,14,3,3,1.95,3.6,3.75
2762,2021/22,2021-11-06,Brentford,Norwich,1,2,A,19,9,7,5,1.6,4.0,5.75
2763,2021/22,2021-11-06,Brighton,Newcastle,1,1,D,14,6,5,1,1.57,3.9,6.0
2764,2021/22,2021-11-06,Chelsea,Burnley,1,1,D,25,5,4,2,1.25,6.0,12.0
2765,2021/22,2021-11-06,Crystal Palace,Wolves,2,0,H,13,4,6,2,2.45,3.2,3.0
2766,2021/22,2021-11-06,Man United,Man City,0,2,A,5,16,1,5,4.75,4.0,1.7
2767,2021/22,2021-11-07,Arsenal,Watford,1,0,H,14,7,6,1,1.36,4.75,8.5
2768,2021/22,2021-11-07,Everton,Tottenham,0,0,D,12,8,2,0,3.1,3.25,2.37
2769,2021/22,2021-11-07,Leeds,Leicester,1,1,D,18,9,5,3,2.8,3.5,2.45
2770,2021/22,2021-11-07,West Ham,Liverpool,3,2,H,7,16,3,5,4.75,4.0,1.7
2771,2021/22,2021-11-20,Aston Villa,Brighton,2,0,H,9,6,5,2,2.45,3.3,2.9
2772,2021/22,2021-11-20,Burnley,Crystal Palace,3,3,D,15,18,9,8,2.7,3.2,2.7
2773,2021/22,2021-11-20,Leicester,Chelsea,0,3,A,4,16,3,7,4.75,3.75,1.75
2774,2021/22,2021-11-20,Liverpool,Arsenal,4,0,H,19,5,9,3,1.45,4.75,6.5
2775,2021/22,2021-11-20,Newcastle,Brentford,3,3,D,23,10,9,4,2.62,3.4,2.7
2776,2021/22,2021-11-20,Norwich,Southampton,2,1,H,8,17,4,5,3.6,3.5,2.05
2777,2021/22,2021-11-20,Watford,Man United,4,1,H,20,9,7,3,6.5,4.75,1.45
2778,2021/22,2021-11-20,Wolves,West Ham,1,0,H,15,8,5,3,3.0,3.25,2.4
2779,2021/22,2021-11-21,Man City,Everton,3,0,H,17,4,7,1,1.14,8.0,19.0
2780,2021/22,2021-11-21,Tottenham,Leeds,2,1,H,13,18,4,7,1.7,4.2,4.5
2781,2021/22,2021-11-27,Arsenal,Newcastle,2,0,H,24,9,6,5,1.44,4.75,7.0
2782,2021/22,2021-11-27,Brighton,Leeds,0,0,D,20,11,4,4,2.05,3.4,3.75
2783,2021/22,2021-11-27,Crystal Palace,Aston Villa,1,2,A,8,10,3,3,2.2,3.4,3.3
2784,2021/22,2021-11-27,Liverpool,Southampton,4,0,H,20,7,6,3,1.28,6.0,9.0
2785,2021/22,2021-11-27,Norwich,Wolves,0,0,D,14,5,4,2,3.5,3.3,2.15
2786,2021/22,2021-11-28,Brentford,Everton,1,0,H,6,14,4,5,2.25,3.2,3.4
2787,2021/22,2021-11-28,Chelsea,Man United,1,1,D,24,3,6,2,1.57,4.0,6.0
2788,2021/22,2021-11-28,Leicester,Watford,4,2,H,18,16,8,5,1.61,4.0,5.5
2789,2021/22,2021-11-28,Man City,West Ham,2,1,H,19,5,9,3,1.28,5.75,10.0
2790,2021/22,2021-11-30,Leeds,Crystal Palace,1,0,H,15,9,3,1,2.4,3.3,3.0
2791,2021/22,2021-11-30,Newcastle,Norwich,1,1,D,9,16,1,6,1.95,3.5,3.9
2792,2021/22,2021-12-01,Aston Villa,Man City,1,2,A,9,17,3,7,9.0,5.25,1.33
2793,2021/22,2021-12-01,Everton,Liverpool,1,4,A,8,16,2,7,7.5,5.25,1.36
2794,2021/22,2021-12-01,Southampton,Leicester,2,2,D,15,15,7,6,2.37,3.5,2.87
2795,2021/22,2021-12-01,Watford,Chelsea,1,2,A,13,8,6,4,10.0,5.25,1.3
2796,2021/22,2021-12-01,West Ham,Brighton,1,1,D,14,9,6,3,1.95,3.6,3.8
2797,2021/22,2021-12-01,Wolves,Burnley,0,0,D,16,6,2,1,1.85,3.5,4.33
2798,2021/22,2021-12-02,Man United,Arsenal,3,2,H,14,17,10,8,1.95,3.75,3.75
2799,2021/22,2021-12-02,Tottenham,Brentford,2,0,H,11,6,6,2,1.6,4.2,5.25
2800,2021/22,2021-12-04,Newcastle,Burnley,1,0,H,19,10,4,1,2.3,3.3,3.2
2801,2021/22,2021-12-04,Southampton,Brighton,1,1,D,14,14,4,4,2.45,3.2,3.0
2802,2021/22,2021-12-04,Watford,Man City,1,3,A,11,26,4,13,12.0,7.0,1.2
2803,2021/22,2021-12-04,West Ham,Chelsea,3,2,H,11,19,5,7,4.75,3.6,1.75
2804,2021/22,2021-12-04,Wolves,Liverpool,0,1,A,3,17,1,5,8.0,4.75,1.4
2805,2021/22,2021-12-05,Aston Villa,Leicester,2,1,H,13,12,4,5,2.37,3.4,3.0
2806,2021/22,2021-12-05,Leeds,Brentford,2,2,D,13,9,6,3,1.95,3.6,3.8
2807,2021/22,2021-12-05,Man United,Crystal Palace,1,0,H,16,8,3,2,1.5,4.33,6.5
2808,2021/22,2021-12-05,Tottenham,Norwich,3,0,H,17,10,7,1,1.36,5.0,8.5
2809,2021/22,2021-12-06,Everton,Arsenal,2,1,H,11,10,5,3,3.4,3.5,2.1
2810,2021/22,2021-12-10,Brentford,Watford,2,1,H,14,6,5,2,2.25,3.3,3.3
2811,2021/22,2021-12-11,Arsenal,Southampton,3,0,H,15,11,5,6,1.61,4.0,5.5
2812,2021/22,2021-12-11,Chelsea,Leeds,3,2,H,16,12,6,5,1.25,5.75,12.0
2813,2021/22,2021-12-11,Liverpool,Aston Villa,1,0,H,20,4,5,0,1.2,7.0,13.0
2814,2021/22,2021-12-11,Man City,Wolves,1,0,H,24,2,10,1,1.14,8.0,19.0
2815,2021/22,2021-12-11,Norwich,Man United,0,1,A,11,13,5,5,7.0,4.5,1.45
2816,2021/22,2021-12-12,Burnley,West Ham,0,0,D,9,16,1,3,3.6,3.6,2.0
2817,2021/22,2021-12-12,Crystal Palace,Everton,3,1,H,17,12,6,6,2.3,3.2,3.3
2818,2021/22,2021-12-12,Leicester,Newcastle,4,0,H,8,12,5,3,1.66,4.1,4.75
2819,2021/22,2021-12-14,Man City,Leeds,7,0,H,31,6,15,3,1.14,8.5,15.0
2820,2021/22,2021-12-14,Norwich,Aston Villa,0,2,A,7,17,3,6,3.3,3.3,2.25
2821,2021/22,2021-12-15,Arsenal,West Ham,2,0,H,21,7,8,1,2.1,3.6,3.3
2822,2021/22,2021-12-15,Brighton,Wolves,0,1,A,12,8,2,5,2.25,3.1,3.5
2823,2021/22,2021-12-15,Crystal Palace,Southampton,2,2,D,9,15,6,4,2.15,3.3,3.5
2824,2021/22,2021-12-16,Chelsea,Everton,1,1,D,23,5,10,3,1.22,6.5,13.0
2825,2021/22,2021-12-16,Liverpool,Newcastle,3,1,H,23,4,8,2,1.12,9.0,19.0
2826,2021/22,2021-12-18,Leeds,Arsenal,1,4,A,9,21,2,12,3.9,3.8,1.83
2827,2021/22,2021-12-19,Newcastle,Man City,0,4,A,5,18,1,7,13.0,7.5,1.18
2828,2021/22,2021-12-19,Tottenham,Liverpool,2,2,D,10,18,5,6,5.25,4.75,1.53
2829,2021/22,2021-12-19,Wolves,Chelsea,0,0,D,4,8,1,1,7.0,4.2,1.5
2830,2021/22,2021-12-26,Aston Villa,Chelsea,1,3,A,8,10,1,4,5.25,3.8,1.65
2831,2021/22,2021-12-26,Brighton,Brentford,2,0,H,15,16,5,6,1.9,3.4,4.2
2832,2021/22,2021-12-26,Man City,Leicester,6,3,H,17,14,9,8,1.18,7.5,13.0
2833,2021/22,2021-12-26,Norwich,Arsenal,0,5,A,4,16,2,6,8.0,4.75,1.4
2834,2021/22,2021-12-26,Tottenham,Crystal Palace,3,0,H,17,4,6,0,1.72,3.8,4.75
2835,2021/22,2021-12-26,West Ham,Southampton,2,3,A,11,11,5,6,1.8,3.9,4.2
2836,2021/22,2021-12-27,Newcastle,Man United,1,1,D,13,13,8,4,6.5,4.75,1.44
2837,2021/22,2021-12-28,Crystal Palace,Norwich,3,0,H,19,12,6,3,1.65,3.75,5.5
2838,2021/22,2021-12-28,Leicester,Liverpool,1,0,H,6,21,1,4,8.0,5.5,1.33
2839,2021/22,2021-12-28,Southampton,Tottenham,1,1,D,9,21,2,11,3.75,3.5,2.0
2840,2021/22,2021-12-28,Watford,West Ham,1,4,A,14,13,5,6,3.4,3.6,2.1
2841,2021/22,2021-12-29,Brentford,Man City,0,1,A,6,12,2,3,19.0,8.0,1.14
2842,2021/22,2021-12-29,Chelsea,Brighton,1,1,D,11,18,5,6,1.4,4.5,7.5
2843,2021/22,2021-12-30,Man United,Burnley,3,1,H,18,10,6,3,1.36,5.0,9.0
2844,2021/22,2022-01-01,Arsenal,Man City,1,2,A,7,15,2,2,5.75,4.75,1.5
2845,2021/22,2022-01-01,Crystal Palace,West Ham,2,3,A,22,10,6,5,3.1,3.4,2.3
2846,2021/22,2022-01-01,Watford,Tottenham,0,1,A,6,21,4,9,5.0,4.2,1.61
2847,2021/22,2022-01-02,Brentford,Aston Villa,2,1,H,10,16,4,5,3.0,3.3,2.4
2848,2021/22,2022-01-02,Chelsea,Liverpool,2,2,D,15,10,6,6,3.1,3.5,2.25
2849,2021/22,2022-01-02,Everton,Brighton,2,3,A,17,12,6,5,2.75,3.2,2.62
2850,2021/22,2022-01-02,Leeds,Burnley,3,1,H,22,8,7,2,2.05,3.5,3.5
2851,2021/22,2022-01-03,Man United,Wolves,0,1,A,9,19,2,6,1.53,4.33,6.0
2852,2021/22,2022-01-11,Southampton,Brentford,4,1,H,12,5,6,4,2.05,3.4,3.6
2853,2021/22,2022-01-12,West Ham,Norwich,2,0,H,13,7,5,3,1.28,5.5,10.0
2854,2021/22,2022-01-14,Brighton,Crystal Palace,1,1,D,19,3,4,1,2.05,3.3,3.8
2855,2021/22,2022-01-15,Aston Villa,Man United,2,2,D,13,13,9,6,2.87,3.5,2.4
2856,2021/22,2022-01-15,Man City,Chelsea,1,0,H,11,4,6,1,1.65,4.0,5.0
2857,2021/22,2022-01-15,Newcastle,Watford,1,1,D,12,18,1,5,2.0,3.6,3.6
2858,2021/22,2022-01-15,Norwich,Everton,2,1,H,14,12,3,5,3.75,3.5,2.0
2859,2021/22,2022-01-15,Wolves,Southampton,3,1,H,9,13,5,10,2.25,3.2,3.4
2860,2021/22,2022-01-16,Liverpool,Brentford,3,0,H,27,6,13,1,1.3,5.5,10.0
2861,2021/22,2022-01-16,West Ham,Leeds,2,3,A,15,18,5,5,1.61,4.2,5.0
2862,2021/22,2022-01-18,Brighton,Chelsea,1,1,D,10,15,2,3,4.75,3.75,1.72
2863,2021/22,2022-01-19,Brentford,Man United,1,3,A,18,13,8,5,4.5,3.7,1.8
2864,2021/22,2022-01-19,Leicester,Tottenham,2,3,A,14,27,4,10,3.0,3.5,2.3
2865,2021/22,2022-01-21,Watford,Norwich,0,3,A,15,7,4,2,2.0,3.5,3.75
2866,2021/22,2022-01-22,Brentford,Wolves,1,2,A,11,7,1,2,3.2,2.8,2.6
2867,2021/22,2022-01-22,Everton,Aston Villa,0,1,A,15,8,1,3,2.75,3.25,2.62
2868,2021/22,2022-01-22,Leeds,Newcastle,0,1,A,13,15,4,3,2.0,3.5,3.75
2869,2021/22,2022-01-22,Man United,West Ham,1,0,H,18,6,3,1,1.85,3.8,4.0
2870,2021/22,2022-01-22,Southampton,Man City,1,1,D,7,20,3,5,10.0,6.5,1.25
2871,2021/22,2022-01-23,Arsenal,Burnley,0,0,D,20,10,5,1,1.36,4.75,9.0
2872,2021/22,2022-01-23,Chelsea,Tottenham,2,0,H,15,6,7,3,1.61,4.2,5.0
2873,2021/22,2022-01-23,Crystal Palace,Liverpool,1,3,A,8,15,5,7,6.0,4.2,1.53
2874,2021/22,2022-01-23,Leicester,Brighton,1,1,D,15,14,5,5,2.5,3.25,2.9
2875,2021/22,2022-02-05,Burnley,Watford,0,0,D,13,11,2,5,2.2,3.25,3.5
2876,2021/22,2022-02-08,Burnley,Man United,1,1,D,9,22,3,5,5.5,4.0,1.61
2877,2021/22,2022-02-08,Newcastle,Everton,3,1,H,20,11,9,3,2.5,3.25,2.87
2878,2021/22,2022-02-08,West Ham,Watford,1,0,H,9,6,3,1,1.55,4.2,5.75
2879,2021/22,2022-02-09,Aston Villa,Leeds,3,3,D,12,16,4,8,1.8,3.8,4.2
2880,2021/22,2022-02-09,Man City,Brentford,2,0,H,15,6,7,2,1.1,9.5,23.0
2881,2021/22,2022-02-09,Norwich,Crystal Palace,1,1,D,5,13,1,5,3.5,3.25,2.15
2882,2021/22,2022-02-09,Tottenham,Southampton,2,3,A,8,23,3,10,1.6,4.0,5.5
2883,2021/22,2022-02-10,Liverpool,Leicester,2,0,H,22,5,11,1,1.25,6.5,10.0
2884,2021/22,2022-02-10,Wolves,Arsenal,0,1,A,15,12,4,2,3.5,3.2,2.2
2885,2021/22,2022-02-12,Brentford,Crystal Palace,0,0,D,9,6,2,3,2.55,3.1,3.0
2886,2021/22,2022-02-12,Everton,Leeds,3,0,H,21,7,10,0,2.25,3.5,3.0
2887,2021/22,2022-02-12,Man United,Southampton,1,1,D,12,13,8,4,1.6,4.0,5.5
2888,2021/22,2022-02-12,Norwich,Man City,0,4,A,8,22,3,9,15.0,8.0,1.16
2889,2021/22,2022-02-12,Watford,Brighton,0,2,A,9,11,1,6,3.5,3.3,2.05
2890,2021/22,2022-02-13,Burnley,Liverpool,0,1,A,8,12,5,4,10.0,5.25,1.28
2891,2021/22,2022-02-13,Leicester,West Ham,2,2,D,13,8,2,3,2.9,3.5,2.3
2892,2021/22,2022-02-13,Newcastle,Aston Villa,1,0,H,10,11,2,1,2.7,3.3,2.62
2893,2021/22,2022-02-13,Tottenham,Wolves,0,2,A,17,11,7,7,1.7,3.6,5.5
2894,2021/22,2022-02-15,Man United,Brighton,2,0,H,19,10,7,3,1.72,3.75,4.75
2895,2021/22,2022-02-19,Arsenal,Brentford,2,1,H,24,6,8,2,1.44,4.2,8.0
2896,2021/22,2022-02-19,Aston Villa,Watford,0,1,A,20,8,1,4,1.65,3.6,5.75
2897,2021/22,2022-02-19,Brighton,Burnley,0,3,A,11,10,1,4,1.66,3.5,6.0
2898,2021/22,2022-02-19,Crystal Palace,Chelsea,0,1,A,7,9,0,3,5.5,3.8,1.65
2899,2021/22,2022-02-19,Liverpool,Norwich,3,1,H,29,6,8,1,1.1,9.0,23.0
2900,2021/22,2022-02-19,Man City,Tottenham,2,3,A,21,6,4,5,1.28,6.0,10.0
2901,2021/22,2022-02-19,Southampton,Everton,2,0,H,19,9,11,0,2.1,3.5,3.5
2902,2021/22,2022-02-19,West Ham,Newcastle,1,1,D,11,14,3,3,1.7,4.0,4.75
2903,2021/22,2022-02-20,Leeds,Man United,2,4,A,16,15,6,9,3.9,3.8,1.85
2904,2021/22,2022-02-20,Wolves,Leicester,2,1,H,11,17,3,7,2.25,3.3,3.25
2905,2021/22,2022-02-23,Burnley,Tottenham,1,0,H,15,12,4,2,4.6,3.8,1.75
2906,2021/22,2022-02-23,Liverpool,Leeds,6,0,H,23,3,15,2,1.16,8.0,15.0
2907,2021/22,2022-02-23,Watford,Crystal Palace,1,4,A,8,7,1,5,3.1,3.3,2.3
2908,2021/22,2022-02-24,Arsenal,Wolves,2,1,H,26,6,5,2,1.65,3.8,5.5
2909,2021/22,2022-02-25,Southampton,Norwich,2,0,H,27,8,9,1,1.53,4.33,6.0
2910,2021/22,2022-02-26,Brentford,Newcastle,0,2,A,6,26,1,11,2.5,3.2,3.0
2911,2021/22,2022-02-26,Brighton,Aston Villa,0,2,A,12,9,1,4,2.2,3.3,3.5
2912,2021/22,2022-02-26,Crystal Palace,Burnley,1,1,D,11,5,4,1,1.9,3.6,4.0
2913,2021/22,2022-02-26,Everton,Man City,0,1,A,6,13,2,8,10.0,5.75,1.28
2914,2021/22,2022-02-26,Leeds,Tottenham,0,4,A,19,15,3,11,4.2,3.6,1.85
2915,2021/22,2022-02-26,Man United,Watford,0,0,D,22,10,3,2,1.3,5.5,9.5
2916,2021/22,2022-02-27,West Ham,Wolves,1,0,H,13,14,4,1,2.05,3.3,3.8
2917,2021/22,2022-03-01,Burnley,Leicester,0,2,A,9,22,2,6,2.9,3.4,2.4
2918,2021/22,2022-03-05,Aston Villa,Southampton,4,0,H,14,11,9,1,2.3,3.5,3.0
2919,2021/22,2022-03-05,Burnley,Chelsea,0,4,A,6,11,1,5,6.5,4.33,1.5
2920,2021/22,2022-03-05,Leicester,Leeds,1,0,H,7,19,4,4,1.75,4.0,4.2
2921,2021/22,2022-03-05,Liverpool,West Ham,1,0,H,22,13,5,5,1.28,5.75,9.5
2922,2021/22,2022-03-05,Newcastle,Brighton,2,1,H,10,15,4,4,2.75,3.2,2.62
2923,2021/22,2022-03-05,Norwich,Brentford,1,3,A,15,10,7,6,2.9,3.1,2.5
2924,2021/22,2022-03-05,Wolves,Crystal Palace,0,2,A,12,12,5,8,2.3,3.1,3.4
2925,2021/22,2022-03-06,Man City,Man United,4,1,H,24,5,10,2,1.4,4.75,7.5
2926,2021/22,2022-03-06,Watford,Arsenal,2,3,A,13,16,7,4,6.0,4.0,1.57
2927,2021/22,2022-03-07,Tottenham,Everton,5,0,H,14,6,7,0,1.57,3.8,5.75
2928,2021/22,2022-03-10,Leeds,Aston Villa,0,3,A,4,15,1,9,2.7,3.5,2.5
2929,2021/22,2022-03-10,Norwich,Chelsea,1,3,A,9,15,3,7,11.0,4.75,1.3
2930,2021/22,2022-03-10,Southampton,Newcastle,1,2,A,14,8,5,4,2.0,3.75,3.5
2931,2021/22,2022-03-10,Wolves,Watford,4,0,H,10,9,5,0,1.75,3.6,4.5
2932,2021/22,2022-03-12,Brentford,Burnley,2,0,H,13,7,4,1,2.15,3.2,3.6
2933,2021/22,2022-03-12,Brighton,Liverpool,0,2,A,8,18,3,9,6.0,4.33,1.5
2934,2021/22,2022-03-12,Man United,Tottenham,3,2,H,10,10,6,3,2.2,3.4,3.25
2935,2021/22,2022-03-13,Arsenal,Leicester,2,0,H,21,6,8,3,1.5,4.5,6.0
2936,2021/22,2022-03-13,Chelsea,Newcastle,1,0,H,8,7,3,2,1.3,5.25,11.0
2937,2021/22,2022-03-13,Everton,Wolves,0,1,A,8,14,2,3,2.3,3.2,3.3
2938,2021/22,2022-03-13,Leeds,Norwich,2,1,H,13,12,7,4,1.55,4.2,5.75
2939,2021/22,2022-03-13,Southampton,Watford,1,2,A,13,9,7,5,1.6,4.2,5.25
2940,2021/22,2022-03-13,West Ham,Aston Villa,2,1,H,11,13,4,7,2.25,3.3,3.3
2941,2021/22,2022-03-14,Crystal Palace,Man City,0,0,D,7,18,1,4,10.0,5.0,1.33
2942,2021/22,2022-03-16,Arsenal,Liverpool,0,2,A,9,9,2,3,3.5,4.0,1.9
2943,2021/22,2022-03-16,Brighton,Tottenham,0,2,A,15,17,0,7,3.3,3.3,2.25
2944,2021/22,2022-03-17,Everton,Newcastle,1,0,H,9,17,3,6,2.4,3.25,3.1
2945,2021/22,2022-03-18,Wolves,Leeds,2,3,A,14,15,8,6,2.1,3.5,3.4
2946,2021/22,2022-03-19,Aston Villa,Arsenal,0,1,A,8,10,1,3,3.0,3.3,2.4
2947,2021/22,2022-03-20,Leicester,Brentford,2,1,H,12,15,4,6,2.15,3.4,3.4
2948,2021/22,2022-03-20,Tottenham,West Ham,3,1,H,17,6,4,1,1.72,3.8,4.75
2949,2021/22,2022-04-02,Brighton,Norwich,0,0,D,31,6,4,0,1.5,4.0,7.0
2950,2021/22,2022-04-02,Burnley,Man City,0,2,A,3,18,1,6,15.0,6.5,1.2
2951,2021/22,2022-04-02,Chelsea,Brentford,1,4,A,21,17,8,6,1.33,5.0,10.0
2952,2021/22,2022-04-02,Leeds,Southampton,1,1,D,12,14,3,6,2.37,3.75,2.75
2953,2021/22,2022-04-02,Liverpool,Watford,2,0,H,20,5,3,2,1.12,9.5,17.0
2954,2021/22,2022-04-02,Man United,Leicester,1,1,D,11,11,5,3,1.5,4.5,6.0
2955,2021/22,2022-04-02,Wolves,Aston Villa,2,1,H,11,15,5,5,3.0,3.1,2.55
2956,2021/22,2022-04-03,Tottenham,Newcastle,5,1,H,19,8,6,1,1.5,4.33,6.5
2957,2021/22,2022-04-03,West Ham,Everton,2,1,H,11,13,5,2,1.75,3.8,4.5
2958,2021/22,2022-04-04,Crystal Palace,Arsenal,3,0,H,6,12,5,3,4.0,3.4,1.95
2959,2021/22,2022-04-06,Burnley,Everton,3,2,H,13,16,4,4,2.62,3.1,2.87
2960,2021/22,2022-04-08,Newcastle,Wolves,1,0,H,12,5,4,2,2.25,3.1,3.4
2961,2021/22,2022-04-09,Arsenal,Brighton,1,2,A,20,8,4,3,1.61,3.8,5.75
2962,2021/22,2022-04-09,Aston Villa,Tottenham,0,4,A,9,11,8,5,3.2,3.4,2.25
2963,2021/22,2022-04-09,Everton,Man United,1,0,H,7,12,3,4,4.6,3.75,1.75
2964,2021/22,2022-04-09,Southampton,Chelsea,0,6,A,4,24,1,14,3.8,3.6,1.95
2965,2021/22,2022-04-09,Watford,Leeds,0,3,A,8,10,1,5,2.7,3.4,2.55
2966,2021/22,2022-04-10,Brentford,West Ham,2,0,H,15,5,7,1,2.62,3.3,2.62
2967,2021/22,2022-04-10,Leicester,Crystal Palace,2,1,H,12,11,3,3,2.37,3.3,2.9
2968,2021/22,2022-04-10,Man City,Liverpool,2,2,D,11,6,5,4,2.0,3.75,3.5
2969,2021/22,2022-04-10,Norwich,Burnley,2,0,H,17,18,6,4,2.87,3.2,2.55
2970,2021/22,2022-04-16,Man United,Norwich,3,2,H,20,15,9,4,1.25,6.5,10.0
2971,2021/22,2022-04-16,Southampton,Arsenal,1,0,H,9,23,3,6,3.8,3.6,1.95
2972,2021/22,2022-04-16,Tottenham,Brighton,0,1,A,5,12,0,5,1.53,4.0,6.5
2973,2021/22,2022-04-16,Watford,Brentford,1,2,A,17,16,4,5,2.7,3.3,2.55
2974,2021/22,2022-04-17,Newcastle,Leicester,2,1,H,16,8,7,2,2.2,3.4,3.3
2975,2021/22,2022-04-17,West Ham,Burnley,1,1,D,21,9,8,1,1.7,3.8,5.0
2976,2021/22,2022-04-19,Liverpool,Man United,4,0,H,14,2,5,1,1.4,5.0,7.0
2977,2021/22,2022-04-20,Chelsea,Arsenal,2,4,A,11,14,2,4,1.83,3.6,4.33
2978,2021/22,2022-04-20,Everton,Leicester,1,1,D,13,11,3,3,2.25,3.4,3.25
2979,2021/22,2022-04-20,Man City,Brighton,3,0,H,17,2,5,1,1.16,7.0,17.0
2980,2021/22,2022-04-20,Newcastle,Crystal Palace,1,0,H,13,10,4,2,2.25,3.4,3.25
2981,2021/22,2022-04-21,Burnley,Southampton,2,0,H,16,11,6,3,2.75,3.25,2.62
2982,2021/22,2022-04-23,Arsenal,Man United,3,1,H,14,14,7,5,2.05,3.5,3.5
2983,2021/22,2022-04-23,Brentford,Tottenham,0,0,D,15,9,2,0,4.33,3.5,1.85
2984,2021/22,2022-04-23,Leicester,Aston Villa,0,0,D,5,11,2,3,2.8,3.4,2.5
2985,2021/22,2022-04-23,Man City,Watford,5,1,H,21,5,8,2,1.1,10.0,26.0
2986,2021/22,2022-04-23,Norwich,Newcastle,0,3,A,5,13,2,7,3.5,3.3,2.15
2987,2021/22,2022-04-24,Brighton,Southampton,2,2,D,8,18,5,5,2.1,3.4,3.6
2988,2021/22,2022-04-24,Burnley,Wolves,1,0,H,14,10,5,4,2.7,3.0,2.87
2989,2021/22,2022-04-24,Chelsea,West Ham,1,0,H,26,6,5,2,1.5,4.33,6.5
2990,2021/22,2022-04-24,Liverpool,Everton,2,0,H,18,9,4,1,1.18,7.0,15.0
2991,2021/22,2022-04-25,Crystal Palace,Leeds,0,0,D,17,9,7,2,2.05,3.5,3.5
2992,2021/22,2022-04-28,Man United,Chelsea,1,1,D,6,21,3,6,3.2,3.4,2.25
2993,2021/22,2022-04-30,Aston Villa,Norwich,2,0,H,21,9,6,3,1.4,4.5,9.0
2994,2021/22,2022-04-30,Leeds,Man City,0,4,A,7,19,2,6,8.5,6.0,1.3
2995,2021/22,2022-04-30,Newcastle,Liverpool,0,1,A,4,24,2,10,8.5,5.0,1.36
2996,2021/22,2022-04-30,Southampton,Crystal Palace,1,2,A,8,14,3,5,2.4,3.3,3.1
2997,2021/22,2022-04-30,Watford,Burnley,1,2,A,13,17,1,6,2.6,3.3,2.75
2998,2021/22,2022-04-30,Wolves,Brighton,0,3,A,11,17,1,9,2.7,3.2,2.75
2999,2021/22,2022-05-01,Everton,Chelsea,1,0,H,9,17,4,5,5.0,3.6,1.75
3000,2021/22,2022-05-01,Tottenham,Leicester,3,1,H,13,6,7,2,1.44,4.75,7.0
3001,2021/22,2022-05-01,West Ham,Arsenal,1,2,A,8,13,3,7,4.33,3.8,1.8
3002,2021/22,2022-05-02,Man United,Brentford,3,0,H,9,12,5,4,1.72,4.0,4.5
3003,2021/22,2022-05-07,Brentford,Southampton,3,0,H,18,19,5,4,2.15,3.5,3.3
3004,2021/22,2022-05-07,Brighton,Man United,4,0,H,17,15,6,5,2.8,3.5,2.45
3005,2021/22,2022-05-07,Burnley,Aston Villa,1,3,A,14,12,6,7,3.0,3.3,2.4
3006,2021/22,2022-05-07,Chelsea,Wolves,2,2,D,19,14,6,4,1.33,5.0,9.5
3007,2021/22,2022-05-07,Crystal Palace,Watford,1,0,H,15,6,7,1,1.65,4.0,5.0
3008,2021/22,2022-05-07,Liverpool,Tottenham,1,1,D,22,8,3,3,1.4,5.0,7.0
3009,2021/22,2022-05-08,Arsenal,Leeds,2,1,H,19,3,9,2,1.45,4.5,7.0
3010,2021/22,2022-05-08,Leicester,Everton,1,2,A,16,10,9,4,2.6,3.3,2.75
3011,2021/22,2022-05-08,Man City,Newcastle,5,0,H,21,7,9,3,1.16,7.0,17.0
3012,2021/22,2022-05-08,Norwich,West Ham,0,4,A,8,13,2,5,4.5,3.8,1.75
3013,2021/22,2022-05-10,Aston Villa,Liverpool,1,2,A,9,17,4,6,7.5,4.75,1.4
3014,2021/22,2022-05-11,Leeds,Chelsea,0,3,A,5,17,0,4,4.75,4.2,1.65
3015,2021/22,2022-05-11,Leicester,Norwich,3,0,H,20,9,8,5,1.44,4.75,7.0
3016,2021/22,2022-05-11,Watford,Everton,0,0,D,6,16,0,5,4.2,3.6,1.83
3017,2021/22,2022-05-11,Wolves,Man City,1,5,A,7,16,3,5,11.0,6.0,1.25
3018,2021/22,2022-05-12,Tottenham,Arsenal,3,0,H,16,8,6,4,2.05,3.75,3.5
3019,2021/22,2022-05-15,Aston Villa,Crystal Palace,1,1,D,13,16,4,4,2.0,3.5,3.75
3020,2021/22,2022-05-15,Everton,Brentford,2,3,A,10,18,5,7,2.05,3.6,3.5
3021,2021/22,2022-05-15,Leeds,Brighton,1,1,D,19,16,5,6,2.62,3.5,2.62
3022,2021/22,2022-05-15,Tottenham,Burnley,1,0,H,21,8,8,1,1.33,5.25,9.0
3023,2021/22,2022-05-15,Watford,Leicester,1,5,A,13,13,5,7,3.8,3.5,1.95
3024,2021/22,2022-05-15,West Ham,Man City,2,2,D,6,31,2,8,7.5,5.0,1.4
3025,2021/22,2022-05-15,Wolves,Norwich,1,1,D,17,11,4,2,1.45,4.75,6.5
3026,2021/22,2022-05-16,Newcastle,Arsenal,2,0,H,16,11,4,2,4.33,3.6,1.83
3027,2021/22,2022-05-17,Southampton,Liverpool,1,2,A,4,24,2,5,7.5,5.5,1.33
3028,2021/22,2022-05-19,Aston Villa,Burnley,1,1,D,22,10,9,5,2.05,3.5,3.6
3029,2021/22,2022-05-19,Chelsea,Leicester,1,1,D,20,2,7,1,1.4,4.75,8.0
3030,2021/22,2022-05-19,Everton,Crystal Palace,3,2,H,12,7,6,5,1.9,3.4,4.33
3031,2021/22,2022-05-22,Arsenal,Everton,5,1,H,26,6,9,2,1.36,4.75,9.0
3032,2021/22,2022-05-22,Brentford,Leeds,1,2,A,14,14,5,6,2.45,3.8,2.62
3033,2021/22,2022-05-22,Brighton,West Ham,3,1,H,18,7,7,2,2.37,3.5,2.9
3034,2021/22,2022-05-22,Burnley,Newcastle,1,2,A,12,8,5,6,2.25,3.4,3.2
3035,2021/22,2022-05-22,Chelsea,Watford,2,1,H,19,8,8,3,1.18,7.5,15.0
3036,2021/22,2022-05-22,Crystal Palace,Man United,1,0,H,6,10,3,4,3.0,3.6,2.25
3037,2021/22,2022-05-22,Leicester,Southampton,4,1,H,12,7,6,2,1.85,4.0,3.8
3038,2021/22,2022-05-22,Liverpool,Wolves,3,1,H,29,7,8,5,1.14,8.5,15.0
3039,2021/22,2022-05-22,Man City,Aston Villa,3,2,H,24,4,5,2,1.16,8.0,17.0
3040,2021/22,2022-05-22,Norwich,Tottenham,0,5,A,9,19,0,13,9.5,6.5,1.25
3041,2022/23,2022-08-05,Crystal Palace,Arsenal,0,2,A,10,10,2,2,4.2,3.6,1.85
3042,2022/23,2022-08-06,Bournemouth,Aston Villa,2,0,H,7,15,3,2,3.75,3.5,2.0
3043,2022/23,2022-08-06,Everton,Chelsea,0,1,A,8,15,4,6,5.5,4.0,1.61
3044,2022/23,2022-08-06,Fulham,Liverpool,2,2,D,9,11,3,4,11.0,6.0,1.25
3045,2022/23,2022-08-06,Leeds,Wolves,2,1,H,12,15,4,6,2.25,3.4,3.2
3046,2022/23,2022-08-06,Newcastle,Nott'm Forest,2,0,H,23,5,10,0,1.66,3.8,5.25
3047,2022/23,2022-08-06,Tottenham,Southampton,4,1,H,18,10,8,2,1.33,5.5,8.5
3048,2022/23,2022-08-07,Leicester,Brentford,2,2,D,14,8,5,3,2.0,3.75,3.5
3049,2022/23,2022-08-07,Man United,Brighton,1,2,A,17,15,5,4,1.6,4.2,5.25
3050,2022/23,2022-08-07,West Ham,Man City,0,2,A,6,14,1,2,8.0,5.0,1.36
3051,2022/23,2022-08-13,Arsenal,Leicester,4,2,H,19,6,7,2,1.53,4.33,5.75
3052,2022/23,2022-08-13,Aston Villa,Everton,2,1,H,12,15,4,4,1.8,3.5,4.75
3053,2022/23,2022-08-13,Brentford,Man United,4,0,H,13,15,7,4,3.75,3.5,2.0
3054,2022/23,2022-08-13,Brighton,Newcastle,0,0,D,13,4,7,1,2.45,3.2,3.0
3055,2022/23,2022-08-13,Man City,Bournemouth,4,0,H,19,3,7,1,1.06,13.0,29.0
3056,2022/23,2022-08-13,Southampton,Leeds,2,2,D,14,13,4,5,2.25,3.5,3.1
3057,2022/23,2022-08-13,Wolves,Fulham,0,0,D,7,9,1,3,2.3,3.3,3.2
3058,2022/23,2022-08-14,Chelsea,Tottenham,2,2,D,16,10,3,5,2.25,3.4,3.2
3059,2022/23,2022-08-14,Nott'm Forest,West Ham,1,0,H,13,19,6,5,4.2,3.6,1.85
3060,2022/23,2022-08-15,Liverpool,Crystal Palace,1,1,D,24,7,4,3,1.18,6.75,16.0
3061,2022/23,2022-08-20,Bournemouth,Arsenal,0,3,A,6,14,1,6,8.0,4.75,1.4
3062,2022/23,2022-08-20,Crystal Palace,Aston Villa,3,1,H,17,13,9,5,2.5,3.25,2.9
3063,2022/23,2022-08-20,Everton,Nott'm Forest,1,1,D,19,14,8,5,1.9,3.6,4.0
3064,2022/23,2022-08-20,Fulham,Brentford,3,2,H,18,13,9,5,2.45,3.4,2.9
3065,2022/23,2022-08-20,Leicester,Southampton,1,2,A,6,9,1,3,1.83,4.0,4.0
3066,2022/23,2022-08-20,Tottenham,Wolves,1,0,H,11,20,4,3,1.4,4.75,7.5
3067,2022/23,2022-08-21,Leeds,Chelsea,3,0,H,12,14,6,3,5.75,4.5,1.53
3068,2022/23,2022-08-21,Newcastle,Man City,3,3,D,12,21,6,10,7.5,5.0,1.36
3069,2022/23,2022-08-21,West Ham,Brighton,0,2,A,13,11,3,2,2.3,3.4,3.1
3070,2022/23,2022-08-22,Man United,Liverpool,2,1,H,12,17,4,5,5.25,4.33,1.6
3071,2022/23,2022-08-27,Arsenal,Fulham,2,1,H,22,11,8,3,1.3,5.75,9.0
3072,2022/23,2022-08-27,Brentford,Everton,1,1,D,19,14,5,7,2.0,3.5,3.75
3073,2022/23,2022-08-27,Brighton,Leeds,1,0,H,13,10,4,2,1.9,3.8,3.8
3074,2022/23,2022-08-27,Chelsea,Leicester,2,1,H,7,17,3,5,1.4,5.0,7.0
3075,2022/23,2022-08-27,Liverpool,Bournemouth,9,0,H,19,5,12,2,1.1,10.0,26.0
3076,2022/23,2022-08-27,Man City,Crystal Palace,4,2,H,18,2,5,2,1.18,7.5,13.0
3077,2022/23,2022-08-27,Southampton,Man United,0,1,A,17,11,5,6,4.2,4.0,1.8
3078,2022/23,2022-08-28,Aston Villa,West Ham,0,1,A,9,7,3,2,2.3,3.4,3.1
3079,2022/23,2022-08-28,Nott'm Forest,Tottenham,0,2,A,17,18,1,7,7.0,4.6,1.44
3080,2022/23,2022-08-28,Wolves,Newcastle,1,1,D,10,21,4,6,2.7,3.3,2.7
3081,2022/23,2022-08-30,Crystal Palace,Brentford,1,1,D,13,9,4,3,2.05,3.4,3.6
3082,2022/23,2022-08-30,Fulham,Brighton,2,1,H,10,7,3,4,3.1,3.3,2.3
3083,2022/23,2022-08-30,Leeds,Everton,1,1,D,14,7,5,2,2.15,3.5,3.3
3084,2022/23,2022-08-30,Southampton,Chelsea,2,1,H,9,10,7,4,5.25,4.0,1.61
3085,2022/23,2022-08-31,Arsenal,Aston Villa,2,1,H,22,4,9,3,1.45,4.5,6.0
3086,2022/23,2022-08-31,Bournemouth,Wolves,0,0,D,5,17,2,4,3.5,3.3,2.15
3087,2022/23,2022-08-31,Liverpool,Newcastle,2,1,H,23,5,6,2,1.33,5.25,9.0
3088,2022/23,2022-08-31,Man City,Nott'm Forest,6,0,H,17,8,9,1,1.06,13.0,29.0
3089,2022/23,2022-08-31,West Ham,Tottenham,1,1,D,14,13,4,4,3.6,3.8,1.95
3090,2022/23,2022-09-01,Leicester,Man United,0,1,A,10,9,2,2,3.4,3.75,2.05
3091,2022/23,2022-09-03,Aston Villa,Man City,1,1,D,3,13,1,4,8.0,5.5,1.33
3092,2022/23,2022-09-03,Brentford,Leeds,5,2,H,14,17,8,6,2.1,3.5,3.4
3093,2022/23,2022-09-03,Chelsea,West Ham,2,1,H,8,6,3,3,1.55,4.5,5.5
3094,2022/23,2022-09-03,Everton,Liverpool,0,0,D,14,23,3,8,7.0,4.75,1.4
3095,2022/23,2022-09-03,Newcastle,Crystal Palace,0,0,D,23,19,6,9,2.0,3.5,3.75
3096,2022/23,2022-09-03,Nott'm Forest,Bournemouth,2,3,A,11,8,3,3,1.95,3.5,3.8
3097,2022/23,2022-09-03,Tottenham,Fulham,2,1,H,23,9,10,3,1.5,4.5,6.5
3098,2022/23,2022-09-03,Wolves,Southampton,1,0,H,7,12,2,1,2.2,3.4,3.25
3099,2022/23,2022-09-04,Brighton,Leicester,5,2,H,23,6,11,4,1.83,3.5,4.5
3100,2022/23,2022-09-04,Man United,Arsenal,3,1,H,10,16,6,3,2.5,3.5,2.7
3101,2022/23,2022-09-16,Aston Villa,Southampton,1,0,H,11,7,3,1,2.1,3.5,3.5
3102,2022/23,2022-09-16,Nott'm Forest,Fulham,2,3,A,11,15,3,7,2.75,3.3,2.62
3103,2022/23,2022-09-17,Newcastle,Bournemouth,1,1,D,20,10,7,3,1.44,4.4,7.5
3104,2022/23,2022-09-17,Tottenham,Leicester,6,2,H,16,19,11,7,1.45,4.5,7.0
3105,2022/23,2022-09-17,Wolves,Man City,0,3,A,6,16,1,7,9.5,5.0,1.33
3106,2022/23,2022-09-18,Brentford,Arsenal,0,3,A,5,13,2,7,4.2,3.8,1.8
3107,2022/23,2022-09-18,Everton,West Ham,1,0,H,7,14,2,4,2.9,3.25,2.5
3108,2022/23,2022-10-01,Arsenal,Tottenham,3,1,H,22,7,9,3,2.05,3.75,3.3
3109,2022/23,2022-10-01,Bournemouth,Brentford,0,0,D,7,13,1,4,3.3,3.4,2.2
3110,2022/23,2022-10-01,Crystal Palace,Chelsea,1,2,A,7,13,3,3,4.2,3.6,1.85
3111,2022/23,2022-10-01,Fulham,Newcastle,1,4,A,3,19,1,10,3.0,3.4,2.37
3112,2022/23,2022-10-01,Liverpool,Brighton,3,3,D,15,6,7,6,1.33,5.25,8.5
3113,2022/23,2022-10-01,Southampton,Everton,1,2,A,22,12,6,5,2.15,3.4,3.4
3114,2022/23,2022-10-01,West Ham,Wolves,2,0,H,18,15,5,4,1.95,3.5,4.2
3115,2022/23,2022-10-02,Leeds,Aston Villa,0,0,D,9,19,1,7,2.35,3.4,3.0
3116,2022/23,2022-10-02,Man City,Man United,6,3,H,22,12,10,8,1.33,5.75,7.5
3117,2022/23,2022-10-03,Leicester,Nott'm Forest,4,0,H,17,10,7,3,1.75,4.0,4.33
3118,2022/23,2022-10-08,Bournemouth,Leicester,2,1,H,10,9,4,5,3.6,3.4,2.05
3119,2022/23,2022-10-08,Brighton,Tottenham,0,1,A,14,8,4,3,2.8,3.4,2.5
3120,2022/23,2022-10-08,Chelsea,Wolves,3,0,H,20,8,7,2,1.4,4.5,8.0
3121,2022/23,2022-10-08,Man City,Southampton,4,0,H,21,5,8,0,1.11,10.0,17.0
3122,2022/23,2022-10-08,Newcastle,Brentford,5,1,H,16,6,6,3,1.83,3.8,4.2
3123,2022/23,2022-10-09,Arsenal,Liverpool,3,2,H,11,8,7,3,2.5,3.6,2.62
3124,2022/23,2022-10-09,Crystal Palace,Leeds,2,1,H,13,10,5,4,2.05,3.5,3.6
3125,2022/23,2022-10-09,Everton,Man United,1,2,A,11,12,2,4,3.6,3.5,2.05
3126,2022/23,2022-10-09,West Ham,Fulham,3,1,H,17,8,8,2,1.72,3.8,4.75
3127,2022/23,2022-10-10,Nott'm Forest,Aston Villa,1,1,D,6,12,3,2,3.3,3.4,2.2
3128,2022/23,2022-10-14,Brentford,Brighton,2,0,H,7,21,3,7,3.1,3.4,2.3
3129,2022/23,2022-10-15,Fulham,Bournemouth,2,2,D,19,10,4,6,1.85,3.75,4.0
3130,2022/23,2022-10-15,Leicester,Crystal Palace,0,0,D,14,8,5,1,2.3,3.4,3.1
3131,2022/23,2022-10-15,Tottenham,Everton,2,0,H,21,4,7,0,1.5,4.5,6.5
3132,2022/23,2022-10-15,Wolves,Nott'm Forest,1,0,H,9,10,2,2,1.7,3.75,5.0
3133,2022/23,2022-10-16,Aston Villa,Chelsea,0,2,A,18,8,7,4,4.33,3.75,1.8
3134,2022/23,2022-10-16,Leeds,Arsenal,0,1,A,16,9,4,4,6.0,4.2,1.55
3135,2022/23,2022-10-16,Liverpool,Man City,1,0,H,13,16,2,6,3.6,4.0,1.9
3136,2022/23,2022-10-16,Man United,Newcastle,0,0,D,15,9,2,2,1.95,3.8,3.5
3137,2022/23,2022-10-16,Southampton,West Ham,1,1,D,10,25,8,4,2.9,3.4,2.4
3138,2022/23,2022-10-18,Brighton,Nott'm Forest,0,0,D,19,3,7,0,1.4,4.75,7.0
3139,2022/23,2022-10-18,Crystal Palace,Wolves,2,1,H,14,10,4,4,2.25,3.1,3.4
3140,2022/23,2022-10-19,Bournemouth,Southampton,0,1,A,15,9,3,3,2.62,3.3,2.62
3141,2022/23,2022-10-19,Brentford,Chelsea,0,0,D,8,14,5,5,4.75,3.8,1.72
3142,2022/23,2022-10-19,Liverpool,West Ham,1,0,H,22,8,7,3,1.4,5.0,7.0
3143,2022/23,2022-10-19,Man United,Tottenham,2,0,H,28,9,10,2,2.45,3.5,2.75
3144,2022/23,2022-10-19,Newcastle,Everton,1,0,H,16,1,4,0,1.6,3.8,5.75
3145,2022/23,2022-10-20,Fulham,Aston Villa,3,0,H,18,12,8,6,2.9,3.3,2.5
3146,2022/23,2022-10-20,Leicester,Leeds,2,0,H,5,14,1,2,2.25,3.6,3.0
3147,2022/23,2022-10-22,Chelsea,Man United,1,1,D,6,13,2,6,2.05,3.5,3.5
3148,2022/23,2022-10-22,Everton,Crystal Palace,3,0,H,9,9,6,2,2.6,3.2,2.87
3149,2022/23,2022-10-22,Man City,Brighton,3,1,H,10,8,4,2,1.2,7.0,13.0
3150,2022/23,2022-10-22,Nott'm Forest,Liverpool,1,0,H,10,15,7,7,11.0,6.0,1.25
3151,2022/23,2022-10-23,Aston Villa,Brentford,4,0,H,19,12,11,3,2.1,3.5,3.5
3152,2022/23,2022-10-23,Leeds,Fulham,2,3,A,14,11,5,5,2.05,3.5,3.6
3153,2022/23,2022-10-23,Southampton,Arsenal,1,1,D,10,12,3,3,6.0,4.0,1.57
3154,2022/23,2022-10-23,Tottenham,Newcastle,1,2,A,17,13,5,5,2.05,3.5,3.5
3155,2022/23,2022-10-23,Wolves,Leicester,0,4,A,21,5,5,4,2.25,3.25,3.25
3156,2022/23,2022-10-24,West Ham,Bournemouth,2,0,H,20,5,4,3,1.55,4.0,6.0
3157,2022/23,2022-10-29,Bournemouth,Tottenham,2,3,A,6,23,4,7,5.0,3.8,1.7
3158,2022/23,2022-10-29,Brentford,Wolves,1,1,D,12,14,3,4,2.2,3.4,3.3
3159,2022/23,2022-10-29,Brighton,Chelsea,4,1,H,19,15,9,7,3.0,3.3,2.4
3160,2022/23,2022-10-29,Crystal Palace,Southampton,1,0,H,12,14,3,4,1.9,3.6,4.0
3161,2022/23,2022-10-29,Fulham,Everton,0,0,D,24,9,6,4,2.37,3.4,3.0
3162,2022/23,2022-10-29,Leicester,Man City,0,1,A,10,15,5,5,10.0,6.5,1.25
3163,2022/23,2022-10-29,Liverpool,Leeds,1,2,A,22,14,10,6,1.3,6.0,9.0
3164,2022/23,2022-10-29,Newcastle,Aston Villa,4,0,H,20,3,7,0,1.8,3.75,4.5
3165,2022/23,2022-10-30,Arsenal,Nott'm Forest,5,0,H,24,5,10,2,1.2,7.0,12.0
3166,2022/23,2022-10-30,Man United,West Ham,1,0,H,16,13,3,5,1.66,4.0,4.8
3167,2022/23,2022-11-05,Everton,Leicester,0,2,A,12,22,2,8,2.4,3.3,3.0
3168,2022/23,2022-11-05,Leeds,Bournemouth,4,3,H,18,9,4,6,1.72,3.8,4.75
3169,2022/23,2022-11-05,Man City,Fulham,2,1,H,16,4,5,2,1.11,9.5,19.0
3170,2022/23,2022-11-05,Nott'm Forest,Brentford,2,2,D,15,6,7,2,2.75,3.3,2.6
3171,2022/23,2022-11-05,Wolves,Brighton,2,3,A,8,19,5,8,3.3,3.3,2.25
3172,2022/23,2022-11-06,Aston Villa,Man United,3,1,H,6,8,4,3,3.3,3.8,2.1
3173,2022/23,2022-11-06,Chelsea,Arsenal,0,1,A,5,14,1,2,2.55,3.4,2.7
3174,2022/23,2022-11-06,Southampton,Newcastle,1,4,A,16,7,5,4,4.0,3.6,1.9
3175,2022/23,2022-11-06,Tottenham,Liverpool,1,2,A,14,13,5,6,3.3,3.6,2.1
3176,2022/23,2022-11-06,West Ham,Crystal Palace,1,2,A,5,15,2,6,1.9,3.4,4.2
3177,2022/23,2022-11-12,Bournemouth,Everton,3,0,H,16,15,9,3,2.8,3.25,2.6
3178,2022/23,2022-11-12,Liverpool,Southampton,3,1,H,15,9,7,5,1.25,6.5,11.0
3179,2022/23,2022-11-12,Man City,Brentford,1,2,A,29,10,6,8,1.14,8.0,17.0
3180,2022/23,2022-11-12,Newcastle,Chelsea,1,0,H,10,5,3,2,2.35,3.4,3.0
3181,2022/23,2022-11-12,Nott'm Forest,Crystal Palace,1,0,H,9,8,2,0,3.1,3.1,2.45
3182,2022/23,2022-11-12,Tottenham,Leeds,4,3,H,14,12,8,5,1.65,4.2,4.75
3183,2022/23,2022-11-12,West Ham,Leicester,0,2,A,18,9,6,6,2.05,3.4,3.75
3184,2022/23,2022-11-12,Wolves,Arsenal,0,2,A,11,14,2,4,6.0,4.2,1.55
3185,2022/23,2022-11-13,Brighton,Aston Villa,1,2,A,7,8,2,2,1.83,3.75,4.2
3186,2022/23,2022-11-13,Fulham,Man United,1,2,A,14,14,7,9,3.8,3.8,1.9
3187,2022/23,2022-12-26,Arsenal,West Ham,3,1,H,16,8,5,4,1.5,4.33,6.5
3188,2022/23,2022-12-26,Aston Villa,Liverpool,1,3,A,12,16,6,9,4.75,4.0,1.7
3189,2022/23,2022-12-26,Brentford,Tottenham,2,2,D,9,16,5,8,4.0,3.6,1.91
3190,2022/23,2022-12-26,Crystal Palace,Fulham,0,3,A,4,23,0,11,2.05,3.6,3.5
3191,2022/23,2022-12-26,Everton,Wolves,1,2,A,12,7,6,4,2.3,3.25,3.2
3192,2022/23,2022-12-26,Leicester,Newcastle,0,3,A,8,12,2,5,3.25,3.5,2.2
3193,2022/23,2022-12-26,Southampton,Brighton,1,3,A,14,7,4,4,3.3,3.5,2.15
3194,2022/23,2022-12-27,Chelsea,Bournemouth,2,0,H,15,9,5,4,1.3,5.5,10.0
3195,2022/23,2022-12-27,Man United,Nott'm Forest,3,0,H,17,8,8,3,1.29,5.5,11.0
3196,2022/23,2022-12-28,Leeds,Man City,1,3,A,9,26,1,9,9.5,6.0,1.29
3197,2022/23,2022-12-30,Liverpool,Leicester,2,1,H,21,7,5,2,1.29,6.0,9.5
3198,2022/23,2022-12-30,West Ham,Brentford,0,2,A,20,9,5,6,2.0,3.6,3.6
3199,2022/23,2022-12-31,Bournemouth,Crystal Palace,0,2,A,6,15,2,6,2.8,3.3,2.5
3200,2022/23,2022-12-31,Brighton,Arsenal,2,4,A,9,14,5,7,3.4,3.5,2.1
3201,2022/23,2022-12-31,Fulham,Southampton,2,1,H,8,9,2,3,1.95,3.6,3.75
3202,2022/23,2022-12-31,Man City,Everton,1,1,D,16,2,3,1,1.13,9.0,19.0
3203,2022/23,2022-12-31,Newcastle,Leeds,0,0,D,16,8,5,1,1.45,4.5,7.0
3204,2022/23,2022-12-31,Wolves,Man United,0,1,A,10,16,3,6,4.0,3.6,1.91
3205,2022/23,2023-01-01,Nott'm Forest,Chelsea,1,1,D,12,7,5,2,5.0,3.8,1.7
3206,2022/23,2023-01-01,Tottenham,Aston Villa,0,2,A,6,13,2,4,1.67,4.0,5.0
3207,2022/23,2023-01-02,Brentford,Liverpool,3,1,H,10,16,7,6,5.5,4.33,1.55
3208,2022/23,2023-01-03,Arsenal,Newcastle,0,0,D,17,8,4,1,1.8,3.8,4.33
3209,2022/23,2023-01-03,Everton,Brighton,1,4,A,10,19,4,8,3.5,3.5,2.1
3210,2022/23,2023-01-03,Leicester,Fulham,0,1,A,15,11,6,2,2.2,3.6,3.1
3211,2022/23,2023-01-03,Man United,Bournemouth,3,0,H,18,7,6,4,1.29,5.5,11.0
3212,2022/23,2023-01-04,Aston Villa,Wolves,1,1,D,13,10,4,3,1.95,3.6,4.0
3213,2022/23,2023-01-04,Crystal Palace,Tottenham,0,4,A,19,14,4,6,3.4,3.5,2.15
3214,2022/23,2023-01-04,Leeds,West Ham,2,2,D,14,15,6,2,2.6,3.5,2.6
3215,2022/23,2023-01-04,Southampton,Nott'm Forest,0,1,A,8,11,0,1,2.0,3.5,3.8
3216,2022/23,2023-01-05,Chelsea,Man City,0,1,A,8,12,2,3,5.0,4.0,1.67
3217,2022/23,2023-01-12,Fulham,Chelsea,2,1,H,8,20,3,10,3.3,3.5,2.15
3218,2022/23,2023-01-13,Aston Villa,Leeds,2,1,H,11,16,5,4,1.91,3.6,4.0
3219,2022/23,2023-01-14,Brentford,Bournemouth,2,0,H,12,7,4,2,1.65,4.0,5.25
3220,2022/23,2023-01-14,Brighton,Liverpool,3,0,H,16,6,9,2,3.4,3.6,2.1
3221,2022/23,2023-01-14,Everton,Southampton,1,2,A,12,13,4,5,2.25,3.25,3.3
3222,2022/23,2023-01-14,Man United,Man City,2,1,H,8,5,4,1,4.2,3.6,1.85
3223,2022/23,2023-01-14,Nott'm Forest,Leicester,2,0,H,15,6,5,1,2.7,3.3,2.63
3224,2022/23,2023-01-14,Wolves,West Ham,1,0,H,17,16,4,4,2.63,3.3,2.7
3225,2022/23,2023-01-15,Chelsea,Crystal Palace,1,0,H,15,10,5,5,1.62,4.0,5.25
3226,2022/23,2023-01-15,Newcastle,Fulham,1,0,H,20,5,5,0,1.5,4.33,6.5
3227,2022/23,2023-01-15,Tottenham,Arsenal,0,2,A,17,14,7,5,3.1,3.6,2.2
3228,2022/23,2023-01-18,Crystal Palace,Man United,1,1,D,10,15,5,4,4.5,3.6,1.8
3229,2022/23,2023-01-19,Man City,Tottenham,4,2,H,16,9,6,3,1.36,5.0,8.5
3230,2022/23,2023-01-21,Bournemouth,Nott'm Forest,1,1,D,16,20,4,5,2.75,3.1,2.75
3231,2022/23,2023-01-21,Crystal Palace,Newcastle,0,0,D,6,16,1,7,4.4,3.5,1.85
3232,2022/23,2023-01-21,Leicester,Brighton,2,2,D,9,13,2,4,3.6,3.5,2.05
3233,2022/23,2023-01-21,Liverpool,Chelsea,0,0,D,15,11,3,2,1.85,3.75,4.0
3234,2022/23,2023-01-21,Southampton,Aston Villa,0,1,A,8,16,5,5,2.88,3.25,2.55
3235,2022/23,2023-01-21,West Ham,Everton,2,0,H,11,5,4,2,1.8,3.75,4.75
3236,2022/23,2023-01-22,Arsenal,Man United,3,2,H,25,6,5,4,1.8,3.8,4.2
3237,2022/23,2023-01-22,Leeds,Brentford,0,0,D,9,6,5,0,2.38,3.6,2.88
3238,2022/23,2023-01-22,Man City,Wolves,3,0,H,13,10,7,1,1.2,8.0,11.0
3239,2022/23,2023-01-23,Fulham,Tottenham,0,1,A,10,10,5,3,3.3,3.6,2.1
3240,2022/23,2023-02-03,Chelsea,Fulham,0,0,D,12,10,3,4,1.62,4.0,5.25
3241,2022/23,2023-02-04,Aston Villa,Leicester,2,4,A,19,9,4,5,1.95,3.6,3.8
3242,2022/23,2023-02-04,Brentford,Southampton,3,0,H,14,14,4,6,1.85,3.6,4.2
3243,2022/23,2023-02-04,Brighton,Bournemouth,1,0,H,20,12,6,2,1.33,5.25,8.5
3244,2022/23,2023-02-04,Everton,Arsenal,1,0,H,12,15,4,3,8.5,4.5,1.4
3245,2022/23,2023-02-04,Man United,Crystal Palace,2,1,H,14,10,5,3,1.4,4.75,8.0
3246,2022/23,2023-02-04,Newcastle,West Ham,1,1,D,8,10,2,1,1.6,3.8,6.0
3247,2022/23,2023-02-04,Wolves,Liverpool,3,0,H,12,22,6,4,4.0,3.8,1.85
3248,2022/23,2023-02-05,Nott'm Forest,Leeds,1,0,H,6,10,2,4,2.63,3.3,2.7
3249,2022/23,2023-02-05,Tottenham,Man City,1,0,H,12,15,3,5,4.33,4.2,1.73
3250,2022/23,2023-02-08,Man United,Leeds,2,2,D,24,8,7,2,1.45,5.0,6.0
3251,2022/23,2023-02-11,Arsenal,Brentford,1,1,D,23,9,7,2,1.44,4.75,7.0
3252,2022/23,2023-02-11,Bournemouth,Newcastle,1,1,D,11,15,5,7,6.5,4.0,1.53
3253,2022/23,2023-02-11,Crystal Palace,Brighton,1,1,D,6,17,1,7,3.8,3.5,2.0
3254,2022/23,2023-02-11,Fulham,Nott'm Forest,2,0,H,16,10,3,1,1.91,3.5,4.33
3255,2022/23,2023-02-11,Leicester,Tottenham,4,1,H,15,11,7,4,3.4,3.6,2.1
3256,2022/23,2023-02-11,Southampton,Wolves,1,2,A,17,11,2,2,2.9,3.2,2.55
3257,2022/23,2023-02-11,West Ham,Chelsea,1,1,D,10,12,2,4,3.3,3.3,2.25
3258,2022/23,2023-02-12,Leeds,Man United,0,2,A,16,11,6,5,3.75,3.8,1.91
3259,2022/23,2023-02-12,Man City,Aston Villa,3,1,H,17,6,9,2,1.25,6.5,11.0
3260,2022/23,2023-02-13,Liverpool,Everton,2,0,H,15,6,6,1,1.5,4.33,6.5
3261,2022/23,2023-02-15,Arsenal,Man City,1,3,A,10,9,1,6,2.9,3.5,2.35
3262,2022/23,2023-02-18,Aston Villa,Arsenal,2,4,A,7,20,5,5,4.5,3.6,1.5
3263,2022/23,2023-02-18,Brentford,Crystal Palace,1,1,D,12,10,5,4,1.83,3.5,4.5
3264,2022/23,2023-02-18,Brighton,Fulham,0,1,A,21,5,7,2,1.65,3.8,5.5
3265,2022/23,2023-02-18,Chelsea,Southampton,0,1,A,17,8,5,5,1.4,4.75,8.5
3266,2022/23,2023-02-18,Everton,Leeds,1,0,H,15,8,6,0,2.4,3.3,3.0
3267,2022/23,2023-02-18,Newcastle,Liverpool,0,2,A,14,13,4,7,2.5,3.5,2.7
3268,2022/23,2023-02-18,Nott'm Forest,Man City,1,1,D,4,26,1,6,8.5,5.5,1.3
3269,2022/23,2023-02-18,Wolves,Bournemouth,0,1,A,15,5,4,1,1.67,3.6,6.0
3270,2022/23,2023-02-19,Man United,Leicester,3,0,H,26,19,8,3,1.62,4.33,5.25
3271,2022/23,2023-02-19,Tottenham,West Ham,2,0,H,16,6,6,1,1.75,3.6,4.75
3272,2022/23,2023-02-24,Fulham,Wolves,1,1,D,10,8,5,2,2.5,3.2,3.0
3273,2022/23,2023-02-25,Bournemouth,Man City,1,4,A,13,20,2,5,10.0,5.75,1.29
3274,2022/23,2023-02-25,Crystal Palace,Liverpool,0,0,D,6,12,0,4,4.75,3.8,1.73
3275,2022/23,2023-02-25,Everton,Aston Villa,0,2,A,15,9,5,5,2.5,3.2,3.0
3276,2022/23,2023-02-25,Leeds,Southampton,1,0,H,14,8,4,2,1.95,3.5,4.0
3277,2022/23,2023-02-25,Leicester,Arsenal,0,1,A,1,10,0,2,4.75,4.0,1.7
3278,2022/23,2023-02-25,West Ham,Nott'm Forest,4,0,H,18,8,5,3,1.75,3.6,5.0
3279,2022/23,2023-02-26,Tottenham,Chelsea,2,0,H,8,10,3,2,2.55,3.25,2.9
3280,2022/23,2023-03-01,Arsenal,Everton,4,0,H,15,8,5,5,1.36,4.75,10.0
3281,2022/23,2023-03-01,Liverpool,Wolves,2,0,H,15,4,6,1,1.5,4.75,6.0
3282,2022/23,2023-03-04,Arsenal,Bournemouth,3,2,H,31,4,9,4,1.22,7.0,12.0
3283,2022/23,2023-03-04,Aston Villa,Crystal Palace,1,0,H,8,3,1,0,2.05,3.3,3.8
3284,2022/23,2023-03-04,Brighton,West Ham,4,0,H,20,3,9,2,1.8,3.6,4.5
3285,2022/23,2023-03-04,Chelsea,Leeds,1,0,H,13,11,3,2,1.62,4.0,5.5
3286,2022/23,2023-03-04,Man City,Newcastle,2,0,H,11,5,3,2,1.45,4.5,7.0
3287,2022/23,2023-03-04,Southampton,Leicester,1,0,H,11,11,5,0,2.75,3.3,2.6
3288,2022/23,2023-03-04,Wolves,Tottenham,1,0,H,8,21,5,6,3.3,3.4,2.2
3289,2022/23,2023-03-05,Liverpool,Man United,7,0,H,18,8,8,4,2.38,3.6,2.88
3290,2022/23,2023-03-05,Nott'm Forest,Everton,2,2,D,10,10,4,3,2.7,3.0,2.88
3291,2022/23,2023-03-06,Brentford,Fulham,3,2,H,14,9,6,5,1.95,3.6,3.75
3292,2022/23,2023-03-11,Bournemouth,Liverpool,1,0,H,5,15,2,6,7.5,5.0,1.4
3293,2022/23,2023-03-11,Crystal Palace,Man City,0,1,A,4,14,0,4,9.0,4.75,1.36
3294,2022/23,2023-03-11,Everton,Brentford,1,0,H,13,12,6,4,2.7,3.25,2.7
3295,2022/23,2023-03-11,Leeds,Brighton,2,2,D,12,14,4,2,3.75,3.6,1.95
3296,2022/23,2023-03-11,Leicester,Chelsea,1,3,A,17,12,7,6,3.75,3.5,1.95
3297,2022/23,2023-03-11,Tottenham,Nott'm Forest,3,1,H,15,9,7,5,1.44,4.75,7.0
3298,2022/23,2023-03-12,Fulham,Arsenal,0,3,A,12,15,2,7,6.0,4.0,1.57
3299,2022/23,2023-03-12,Man United,Southampton,0,0,D,10,17,4,4,1.36,5.0,9.0
3300,2022/23,2023-03-12,Newcastle,Wolves,2,1,H,19,7,8,4,1.65,3.75,5.5
3301,2022/23,2023-03-12,West Ham,Aston Villa,1,1,D,17,12,6,4,2.2,3.3,3.4
3302,2022/23,2023-03-15,Brighton,Crystal Palace,1,0,H,11,11,5,3,1.44,4.2,8.0
3303,2022/23,2023-03-15,Southampton,Brentford,0,2,A,7,11,1,5,2.88,3.25,2.5
3304,2022/23,2023-03-17,Nott'm Forest,Newcastle,1,2,A,5,15,3,4,5.5,3.8,1.62
3305,2022/23,2023-03-18,Aston Villa,Bournemouth,3,0,H,20,10,9,3,1.7,3.8,5.0
3306,2022/23,2023-03-18,Brentford,Leicester,1,1,D,11,14,2,1,1.91,3.6,3.75
3307,2022/23,2023-03-18,Chelsea,Everton,2,2,D,20,12,7,3,1.5,4.2,7.5
3308,2022/23,2023-03-18,Southampton,Tottenham,3,3,D,19,17,7,3,4.75,3.6,1.75
3309,2022/23,2023-03-18,Wolves,Leeds,2,4,A,23,11,8,4,2.25,3.2,3.3
3310,2022/23,2023-03-19,Arsenal,Crystal Palace,4,1,H,15,8,5,4,1.25,5.5,15.0
3311,2022/23,2023-04-01,Arsenal,Leeds,4,1,H,13,7,6,5,1.29,6.0,9.0
3312,2022/23,2023-04-01,Bournemouth,Fulham,2,1,H,12,10,7,2,2.55,3.3,2.8
3313,2022/23,2023-04-01,Brighton,Brentford,3,3,D,33,7,15,5,1.67,4.0,5.0
3314,2022/23,2023-04-01,Chelsea,Aston Villa,0,2,A,27,5,8,2,1.67,3.8,5.25
3315,2022/23,2023-04-01,Crystal Palace,Leicester,2,1,H,31,3,9,2,2.5,3.25,2.9
3316,2022/23,2023-04-01,Man City,Liverpool,4,1,H,17,4,8,1,1.62,4.2,5.0
3317,2022/23,2023-04-01,Nott'm Forest,Wolves,1,1,D,17,8,7,1,3.0,3.1,2.55
3318,2022/23,2023-04-02,Newcastle,Man United,2,0,H,22,6,6,1,2.4,3.4,2.9
3319,2022/23,2023-04-02,West Ham,Southampton,1,0,H,12,9,2,3,1.73,3.6,5.0
3320,2022/23,2023-04-03,Everton,Tottenham,1,1,D,15,8,6,2,3.4,3.3,2.2
3321,2022/23,2023-04-04,Bournemouth,Brighton,0,2,A,14,16,3,6,6.0,4.2,1.53
3322,2022/23,2023-04-04,Chelsea,Liverpool,0,0,D,12,7,3,4,2.2,3.4,3.25
3323,2022/23,2023-04-04,Leeds,Nott'm Forest,2,1,H,21,13,6,1,1.7,3.75,5.0
3324,2022/23,2023-04-04,Leicester,Aston Villa,1,2,A,9,15,4,5,2.55,3.3,2.75
3325,2022/23,2023-04-05,Man United,Brentford,1,0,H,18,6,3,1,1.65,4.0,5.0
3326,2022/23,2023-04-05,West Ham,Newcastle,1,5,A,7,15,2,8,3.6,3.25,2.15
3327,2022/23,2023-04-08,Aston Villa,Nott'm Forest,2,0,H,8,6,3,2,1.6,4.2,5.25
3328,2022/23,2023-04-08,Brentford,Newcastle,1,2,A,12,10,6,4,3.6,3.4,2.05
3329,2022/23,2023-04-08,Fulham,West Ham,0,1,A,16,9,3,5,2.8,3.25,2.63
3330,2022/23,2023-04-08,Leicester,Bournemouth,0,1,A,14,19,4,7,1.83,3.75,4.2
3331,2022/23,2023-04-08,Man United,Everton,2,0,H,29,15,11,1,1.5,4.33,6.5
3332,2022/23,2023-04-08,Southampton,Man City,1,4,A,4,13,1,8,11.0,6.0,1.25
3333,2022/23,2023-04-08,Tottenham,Brighton,2,1,H,9,17,3,4,2.55,3.5,2.7
3334,2022/23,2023-04-08,Wolves,Chelsea,1,0,H,9,13,4,1,4.2,3.5,1.91
3335,2022/23,2023-04-09,Leeds,Crystal Palace,1,5,A,11,16,7,8,2.1,3.4,3.6
3336,2022/23,2023-04-09,Liverpool,Arsenal,2,2,D,21,9,6,5,2.88,3.6,2.38
3337,2022/23,2023-04-15,Aston Villa,Newcastle,3,0,H,16,8,6,2,3.6,3.4,2.05
3338,2022/23,2023-04-15,Chelsea,Brighton,1,2,A,8,26,2,10,2.63,3.4,2.63
3339,2022/23,2023-04-15,Everton,Fulham,1,3,A,15,21,7,7,2.05,3.4,3.7
3340,2022/23,2023-04-15,Man City,Leicester,3,1,H,12,10,4,4,1.14,8.5,15.0
3341,2022/23,2023-04-15,Southampton,Crystal Palace,0,2,A,11,9,4,2,2.8,3.1,2.7
3342,2022/23,2023-04-15,Tottenham,Bournemouth,2,3,A,24,6,8,6,1.45,4.5,7.0
3343,2022/23,2023-04-15,Wolves,Brentford,2,0,H,11,10,9,3,2.45,3.1,3.0
3344,2022/23,2023-04-16,Nott'm Forest,Man United,0,2,A,6,22,0,8,5.5,4.0,1.62
3345,2022/23,2023-04-16,West Ham,Arsenal,2,2,D,16,11,3,5,6.0,4.2,1.55
3346,2022/23,2023-04-17,Leeds,Liverpool,1,6,A,13,13,3,7,4.2,4.2,1.73
3347,2022/23,2023-04-21,Arsenal,Southampton,3,3,D,25,8,6,6,1.2,7.0,13.0
3348,2022/23,2023-04-22,Brentford,Aston Villa,1,1,D,6,14,5,2,2.5,3.25,2.88
3349,2022/23,2023-04-22,Crystal Palace,Everton,0,0,D,12,10,2,5,2.05,3.2,3.75
3350,2022/23,2023-04-22,Fulham,Leeds,2,1,H,12,10,5,2,2.3,3.4,3.1
3351,2022/23,2023-04-22,Leicester,Wolves,2,1,H,15,16,8,3,2.38,3.3,3.0
3352,2022/23,2023-04-22,Liverpool,Nott'm Forest,3,2,H,18,11,6,5,1.17,7.5,17.0
3353,2022/23,2023-04-23,Bournemouth,West Ham,0,4,A,17,18,5,10,2.88,3.2,2.55
3354,2022/23,2023-04-23,Newcastle,Tottenham,6,1,H,25,11,8,3,1.83,3.75,4.2
3355,2022/23,2023-04-25,Aston Villa,Fulham,1,0,H,14,1,3,0,1.75,4.0,4.2
3356,2022/23,2023-04-25,Leeds,Leicester,1,1,D,13,15,3,3,2.3,3.5,3.0
3357,2022/23,2023-04-25,Wolves,Crystal Palace,2,0,H,9,14,3,4,2.45,3.2,3.0
3358,2022/23,2023-04-26,Chelsea,Brentford,0,2,A,15,7,4,1,1.7,4.0,4.75
3359,2022/23,2023-04-26,Man City,Arsenal,4,1,H,14,8,9,2,1.55,4.5,5.25
3360,2022/23,2023-04-26,Nott'm Forest,Brighton,3,1,H,12,17,5,7,6.0,4.2,1.53
3361,2022/23,2023-04-26,West Ham,Liverpool,1,2,A,7,20,2,4,3.9,3.9,1.85
3362,2022/23,2023-04-27,Everton,Newcastle,1,4,A,13,15,5,8,4.75,3.6,1.73
3363,2022/23,2023-04-27,Southampton,Bournemouth,0,1,A,11,16,2,2,2.25,3.4,3.2
3364,2022/23,2023-04-27,Tottenham,Man United,2,2,D,18,17,7,8,2.8,3.6,2.4
3365,2022/23,2023-04-29,Brentford,Nott'm Forest,2,1,H,14,5,8,3,1.65,3.8,5.5
3366,2022/23,2023-04-29,Brighton,Wolves,6,0,H,22,10,8,2,1.5,4.33,6.5
3367,2022/23,2023-04-29,Crystal Palace,West Ham,4,3,H,16,8,6,4,2.63,3.25,2.75
3368,2022/23,2023-04-30,Bournemouth,Leeds,4,1,H,12,15,7,6,2.55,3.5,2.7
3369,2022/23,2023-04-30,Fulham,Man City,1,2,A,4,12,1,9,12.0,6.0,1.25
3370,2022/23,2023-04-30,Liverpool,Tottenham,4,3,H,12,10,4,7,1.53,4.5,5.75
3371,2022/23,2023-04-30,Man United,Aston Villa,1,0,H,14,7,6,1,1.73,3.9,4.6
3372,2022/23,2023-04-30,Newcastle,Southampton,3,1,H,22,4,5,3,1.3,5.25,10.0
3373,2022/23,2023-05-01,Leicester,Everton,2,2,D,15,23,6,8,2.0,3.5,3.75
3374,2022/23,2023-05-02,Arsenal,Chelsea,3,1,H,16,7,10,4,1.6,4.0,5.5
3375,2022/23,2023-05-03,Liverpool,Fulham,1,0,H,15,9,3,3,1.25,5.75,11.0
3376,2022/23,2023-05-03,Man City,West Ham,3,0,H,16,6,7,2,1.2,7.0,13.0
3377,2022/23,2023-05-04,Brighton,Man United,1,0,H,22,16,6,5,1.95,3.5,3.75
3378,2022/23,2023-05-06,Bournemouth,Chelsea,1,3,A,10,11,4,5,3.3,3.5,2.15
3379,2022/23,2023-05-06,Liverpool,Brentford,1,0,H,15,5,5,1,1.44,5.0,6.0
3380,2022/23,2023-05-06,Man City,Leeds,2,1,H,18,4,6,2,1.17,8.5,15.0
3381,2022/23,2023-05-06,Tottenham,Crystal Palace,1,0,H,8,7,3,2,1.8,3.8,4.2
3382,2022/23,2023-05-06,Wolves,Aston Villa,1,0,H,6,16,2,3,2.88,3.3,2.5
3383,2022/23,2023-05-07,Newcastle,Arsenal,0,2,A,12,10,5,6,2.45,3.75,2.63
3384,2022/23,2023-05-07,West Ham,Man United,1,0,H,15,19,4,4,3.4,3.75,2.05
3385,2022/23,2023-05-08,Brighton,Everton,1,5,A,23,10,5,5,1.33,5.25,9.0
3386,2022/23,2023-05-08,Fulham,Leicester,5,3,H,17,18,7,9,2.63,3.5,2.6
3387,2022/23,2023-05-08,Nott'm Forest,Southampton,4,3,H,9,19,4,5,2.1,3.6,3.4
3388,2022/23,2023-05-13,Aston Villa,Tottenham,2,1,H,8,5,4,2,2.25,3.6,2.9
3389,2022/23,2023-05-13,Chelsea,Nott'm Forest,2,2,D,14,11,6,2,1.5,4.5,6.0
3390,2022/23,2023-05-13,Crystal Palace,Bournemouth,2,0,H,17,5,5,0,1.83,3.6,4.2
3391,2022/23,2023-05-13,Leeds,Newcastle,2,2,D,9,18,4,5,4.33,4.2,1.7
3392,2022/23,2023-05-13,Man United,Wolves,2,0,H,27,5,9,0,1.36,5.0,7.5
3393,2022/23,2023-05-13,Southampton,Fulham,0,2,A,5,9,1,4,2.75,3.3,2.5
3394,2022/23,2023-05-14,Arsenal,Brighton,0,3,A,14,12,2,6,1.73,4.2,4.2
3395,2022/23,2023-05-14,Brentford,West Ham,2,0,H,24,4,10,4,2.0,3.5,3.6
3396,2022/23,2023-05-14,Everton,Man City,0,3,A,7,9,3,4,9.0,4.75,1.36
3397,2022/23,2023-05-15,Leicester,Liverpool,0,3,A,4,16,4,5,5.25,4.33,1.57
3398,2022/23,2023-05-18,Newcastle,Brighton,4,1,H,22,8,9,2,2.0,3.8,3.5
3399,2022/23,2023-05-20,Bournemouth,Man United,0,1,A,10,20,4,5,6.0,4.75,1.5
3400,2022/23,2023-05-20,Fulham,Crystal Palace,2,2,D,11,11,4,5,2.45,3.4,2.9
3401,2022/23,2023-05-20,Liverpool,Aston Villa,1,1,D,10,6,5,3,1.45,5.0,6.25
3402,2022/23,2023-05-20,Nott'm Forest,Arsenal,1,0,H,6,11,2,3,5.25,4.33,1.57
3403,2022/23,2023-05-20,Tottenham,Brentford,1,3,A,22,11,8,4,1.83,3.9,4.0
3404,2022/23,2023-05-20,Wolves,Everton,1,1,D,13,19,5,4,2.75,3.3,2.6
3405,2022/23,2023-05-21,Brighton,Southampton,3,1,H,26,5,8,1,1.22,7.0,11.0
3406,2022/23,2023-05-21,Man City,Chelsea,1,0,H,15,13,2,6,1.25,6.0,11.0
3407,2022/23,2023-05-21,West Ham,Leeds,3,1,H,19,12,9,3,2.4,3.5,2.88
3408,2022/23,2023-05-22,Newcastle,Leicester,0,0,D,23,1,4,1,1.36,5.5,7.0
3409,2022/23,2023-05-24,Brighton,Man City,1,1,D,20,13,7,4,4.0,4.33,1.75
3410,2022/23,2023-05-25,Man United,Chelsea,4,1,H,18,14,9,5,1.6,4.33,5.0
3411,2022/23,2023-05-28,Arsenal,Wolves,5,0,H,14,6,8,0,1.36,5.25,8.0
3412,2022/23,2023-05-28,Aston Villa,Brighton,2,1,H,12,8,5,4,2.0,3.6,3.5
3413,2022/23,2023-05-28,Brentford,Man City,1,0,H,11,17,4,3,3.8,4.0,1.83
3414,2022/23,2023-05-28,Chelsea,Newcastle,1,1,D,22,13,5,4,2.9,3.5,2.38
3415,2022/23,2023-05-28,Crystal Palace,Nott'm Forest,1,1,D,16,7,4,4,1.67,4.0,5.0
3416,2022/23,2023-05-28,Everton,Bournemouth,1,0,H,13,7,6,2,1.5,4.5,6.5
3417,2022/23,2023-05-28,Leeds,Tottenham,1,4,A,19,11,2,7,2.75,3.8,2.3
3418,2022/23,2023-05-28,Leicester,West Ham,2,1,H,13,16,4,3,1.91,3.8,3.6
3419,2022/23,2023-05-28,Man United,Fulham,2,1,H,21,10,8,3,1.5,4.33,6.0
3420,2022/23,2023-05-28,Southampton,Liverpool,4,4,D,15,30,10,8,6.5,4.75,1.44
3421,2023/24,2023-08-11,Burnley,Man City,0,3,A,6,17,1,8,8.0,5.5,1.33
3422,2023/24,2023-08-12,Arsenal,Nott'm Forest,2,1,H,15,6,7,2,1.18,7.0,15.0
3423,2023/24,2023-08-12,Bournemouth,West Ham,1,1,D,14,16,5,3,2.7,3.4,2.55
3424,2023/24,2023-08-12,Brighton,Luton,4,1,H,27,9,12,3,1.33,5.5,9.0
3425,2023/24,2023-08-12,Everton,Fulham,0,1,A,19,9,9,2,2.2,3.4,3.3
3426,2023/24,2023-08-12,Newcastle,Aston Villa,5,1,H,17,16,13,6,1.75,3.75,4.6
3427,2023/24,2023-08-12,Sheffield United,Crystal Palace,0,1,A,8,24,1,8,3.0,3.3,2.38
3428,2023/24,2023-08-13,Brentford,Tottenham,2,2,D,11,18,6,6,2.75,3.4,2.45
3429,2023/24,2023-08-13,Chelsea,Liverpool,1,1,D,10,13,4,1,2.9,3.4,2.38
3430,2023/24,2023-08-14,Man United,Wolves,1,0,H,15,23,3,6,1.33,5.5,9.0
3431,2023/24,2023-08-18,Nott'm Forest,Sheffield United,2,1,H,16,7,4,3,1.95,3.4,4.0
3432,2023/24,2023-08-19,Fulham,Brentford,0,3,A,10,17,2,8,2.7,3.3,2.63
3433,2023/24,2023-08-19,Liverpool,Bournemouth,3,1,H,26,13,10,5,1.2,7.0,13.0
3434,2023/24,2023-08-19,Man City,Newcastle,1,0,H,14,7,4,1,1.67,4.0,5.0
3435,2023/24,2023-08-19,Tottenham,Man United,2,0,H,17,22,6,6,2.8,3.6,2.38
3436,2023/24,2023-08-19,Wolves,Brighton,1,4,A,16,16,5,8,4.0,3.8,1.85
3437,2023/24,2023-08-20,Aston Villa,Everton,4,0,H,13,9,7,2,1.7,4.0,4.5
3438,2023/24,2023-08-20,West Ham,Chelsea,3,1,H,12,17,6,4,3.75,3.5,2.0
3439,2023/24,2023-08-21,Crystal Palace,Arsenal,0,1,A,14,14,2,3,5.5,4.0,1.6
3440,2023/24,2023-08-25,Chelsea,Luton,3,0,H,19,11,8,1,1.29,5.5,11.0
3441,2023/24,2023-08-26,Arsenal,Fulham,2,2,D,19,8,11,3,1.2,7.0,13.0
3442,2023/24,2023-08-26,Bournemouth,Tottenham,0,2,A,11,17,3,6,3.8,3.75,1.91
3443,2023/24,2023-08-26,Brentford,Crystal Palace,1,1,D,12,15,1,5,2.15,3.4,3.5
3444,2023/24,2023-08-26,Brighton,West Ham,1,3,A,25,12,10,3,1.53,4.75,5.25
3445,2023/24,2023-08-26,Everton,Wolves,0,1,A,15,11,7,2,2.3,3.3,3.2
3446,2023/24,2023-08-26,Man United,Nott'm Forest,3,2,H,18,9,9,4,1.3,6.0,8.0
3447,2023/24,2023-08-27,Burnley,Aston Villa,1,3,A,9,16,2,6,3.4,3.4,2.15
3448,2023/24,2023-08-27,Newcastle,Liverpool,1,2,A,23,9,8,4,2.2,3.75,3.0
3449,2023/24,2023-08-27,Sheffield United,Man City,1,2,A,6,30,2,9,13.0,8.0,1.17
3450,2023/24,2023-09-01,Luton,West Ham,1,2,A,16,9,1,3,4.75,3.8,1.73
3451,2023/24,2023-09-02,Brentford,Bournemouth,2,2,D,21,12,7,5,1.73,3.8,4.75
3452,2023/24,2023-09-02,Brighton,Newcastle,3,1,H,15,9,6,2,2.5,3.8,2.55
3453,2023/24,2023-09-02,Burnley,Tottenham,2,5,A,16,20,4,10,3.6,4.0,1.85
3454,2023/24,2023-09-02,Chelsea,Nott'm Forest,0,1,A,21,7,2,3,1.4,4.5,8.5
3455,2023/24,2023-09-02,Man City,Fulham,5,1,H,7,6,5,4,1.17,8.0,15.0
3456,2023/24,2023-09-02,Sheffield United,Everton,2,2,D,13,16,8,6,2.9,3.25,2.5
3457,2023/24,2023-09-03,Arsenal,Man United,3,1,H,17,10,5,2,1.75,3.8,4.5
3458,2023/24,2023-09-03,Crystal Palace,Wolves,3,2,H,16,12,11,4,1.91,3.3,4.33
3459,2023/24,2023-09-03,Liverpool,Aston Villa,3,0,H,17,9,4,3,1.65,4.5,4.5
3460,2023/24,2023-09-16,Aston Villa,Crystal Palace,3,1,H,16,6,5,3,1.91,3.6,4.0
3461,2023/24,2023-09-16,Fulham,Luton,1,0,H,13,7,2,2,1.67,3.75,5.5
3462,2023/24,2023-09-16,Man United,Brighton,1,3,A,14,10,4,8,2.15,4.0,2.88
3463,2023/24,2023-09-16,Newcastle,Brentford,1,0,H,9,11,2,2,1.53,4.2,6.0
3464,2023/24,2023-09-16,Tottenham,Sheffield United,2,1,H,28,7,10,5,1.29,5.5,11.0
3465,2023/24,2023-09-16,West Ham,Man City,1,3,A,6,29,3,15,7.0,4.5,1.45
3466,2023/24,2023-09-16,Wolves,Liverpool,1,3,A,11,16,2,6,6.0,5.0,1.45
3467,2023/24,2023-09-17,Bournemouth,Chelsea,0,0,D,13,14,4,6,4.33,3.75,1.8
3468,2023/24,2023-09-17,Everton,Arsenal,0,1,A,8,13,1,4,6.0,4.5,1.5
3469,2023/24,2023-09-18,Nott'm Forest,Burnley,1,1,D,14,10,4,3,2.2,3.5,3.25
3470,2023/24,2023-09-23,Brentford,Everton,1,3,A,12,18,2,6,1.8,3.8,4.2
3471,2023/24,2023-09-23,Burnley,Man United,0,1,A,12,11,4,4,4.2,4.2,1.73
3472,2023/24,2023-09-23,Crystal Palace,Fulham,0,0,D,7,10,3,5,1.91,3.4,4.2
3473,2023/24,2023-09-23,Luton,Wolves,1,1,D,20,3,4,3,3.25,3.4,2.2
3474,2023/24,2023-09-23,Man City,Nott'm Forest,2,0,H,7,10,4,3,1.14,8.5,15.0
3475,2023/24,2023-09-24,Arsenal,Tottenham,2,2,D,13,13,6,5,1.67,4.33,4.33
3476,2023/24,2023-09-24,Brighton,Bournemouth,3,1,H,13,12,4,4,1.36,5.25,7.5
3477,2023/24,2023-09-24,Chelsea,Aston Villa,0,1,A,10,15,4,7,1.91,3.75,3.8
3478,2023/24,2023-09-24,Liverpool,West Ham,3,1,H,22,11,7,4,1.4,5.0,7.0
3479,2023/24,2023-09-24,Sheffield United,Newcastle,0,8,A,9,22,1,15,7.0,4.75,1.44
3480,2023/24,2023-09-30,Aston Villa,Brighton,6,1,H,19,11,9,3,2.55,3.75,2.55
3481,2023/24,2023-09-30,Bournemouth,Arsenal,0,4,A,8,15,1,8,5.5,4.5,1.53
3482,2023/24,2023-09-30,Everton,Luton,1,2,A,23,9,5,2,1.57,3.8,6.5
3483,2023/24,2023-09-30,Man United,Crystal Palace,0,1,A,19,8,4,2,1.55,4.2,5.75
3484,2023/24,2023-09-30,Newcastle,Burnley,2,0,H,20,8,8,2,1.3,5.75,9.0
3485,2023/24,2023-09-30,Tottenham,Liverpool,2,1,H,24,12,8,4,2.9,4.0,2.15
3486,2023/24,2023-09-30,West Ham,Sheffield United,2,0,H,20,16,9,2,1.45,4.5,7.0
3487,2023/24,2023-09-30,Wolves,Man City,2,1,H,3,23,1,8,8.0,5.75,1.33
3488,2023/24,2023-10-01,Nott'm Forest,Brentford,1,1,D,6,18,1,5,2.75,3.1,2.7
3489,2023/24,2023-10-02,Fulham,Chelsea,0,2,A,10,11,3,4,3.6,3.5,2.05
3490,2023/24,2023-10-03,Luton,Burnley,1,2,A,18,14,3,4,2.9,3.0,2.63
3491,2023/24,2023-10-07,Burnley,Chelsea,1,4,A,10,9,3,5,4.5,3.8,1.73
3492,2023/24,2023-10-07,Crystal Palace,Nott'm Forest,0,0,D,8,16,2,5,2.2,3.1,3.6
3493,2023/24,2023-10-07,Everton,Bournemouth,3,0,H,25,11,8,4,1.91,3.6,3.8
3494,2023/24,2023-10-07,Fulham,Sheffield United,3,1,H,20,5,6,2,1.62,3.8,6.0
3495,2023/24,2023-10-07,Luton,Tottenham,0,1,A,12,15,2,4,6.0,4.75,1.45
3496,2023/24,2023-10-07,Man United,Brentford,2,1,H,21,11,8,3,1.67,4.2,4.75
3497,2023/24,2023-10-08,Arsenal,Man City,1,0,H,12,4,2,1,2.9,3.3,2.4
3498,2023/24,2023-10-08,Brighton,Liverpool,2,2,D,14,14,3,4,3.0,3.8,2.2
3499,2023/24,2023-10-08,West Ham,Newcastle,2,2,D,5,10,3,3,3.2,3.75,2.1
3500,2023/24,2023-10-08,Wolves,Aston Villa,1,1,D,8,18,3,4,3.5,3.4,2.1
3501,2023/24,2023-10-21,Bournemouth,Wolves,1,2,A,7,20,4,7,2.38,3.4,3.0
3502,2023/24,2023-10-21,Brentford,Burnley,3,0,H,23,6,10,1,1.83,3.75,4.2
3503,2023/24,2023-10-21,Chelsea,Arsenal,2,2,D,11,13,5,3,3.2,3.4,2.25
3504,2023/24,2023-10-21,Liverpool,Everton,2,0,H,26,6,6,1,1.33,5.75,7.5
3505,2023/24,2023-10-21,Man City,Brighton,2,1,H,10,5,6,3,1.4,5.25,6.5
3506,2023/24,2023-10-21,Newcastle,Crystal Palace,4,0,H,10,17,7,3,1.45,4.5,7.0
3507,2023/24,2023-10-21,Nott'm Forest,Luton,2,2,D,19,13,8,4,1.67,3.75,5.5
3508,2023/24,2023-10-21,Sheffield United,Man United,1,2,A,12,14,6,5,6.5,5.25,1.4
3509,2023/24,2023-10-22,Aston Villa,West Ham,4,1,H,15,14,7,4,1.85,3.6,4.0
3510,2023/24,2023-10-23,Tottenham,Fulham,2,0,H,15,10,5,3,1.5,4.5,6.0
3511,2023/24,2023-10-27,Crystal Palace,Tottenham,1,2,A,13,10,3,1,4.5,3.75,1.75
3512,2023/24,2023-10-28,Arsenal,Sheffield United,5,0,H,13,2,8,0,1.13,8.5,19.0
3513,2023/24,2023-10-28,Bournemouth,Burnley,2,1,H,13,6,6,3,2.15,3.5,3.3
3514,2023/24,2023-10-28,Chelsea,Brentford,0,2,A,17,7,2,5,1.65,4.0,5.25
3515,2023/24,2023-10-28,Wolves,Newcastle,2,2,D,11,13,6,5,4.2,4.0,1.75
3516,2023/24,2023-10-29,Aston Villa,Luton,3,1,H,17,7,6,1,1.25,6.5,9.5
3517,2023/24,2023-10-29,Brighton,Fulham,1,1,D,18,10,7,5,1.55,4.2,5.5
3518,2023/24,2023-10-29,Liverpool,Nott'm Forest,3,0,H,21,9,8,1,1.29,5.75,11.0
3519,2023/24,2023-10-29,Man United,Man City,0,3,A,7,21,3,10,5.0,3.8,1.67
3520,2023/24,2023-10-29,West Ham,Everton,0,1,A,12,10,2,4,2.15,3.5,3.3
3521,2023/24,2023-11-04,Brentford,West Ham,3,2,H,16,12,4,2,2.05,3.6,3.5
3522,2023/24,2023-11-04,Burnley,Crystal Palace,0,2,A,17,4,5,3,2.75,3.25,2.6
3523,2023/24,2023-11-04,Everton,Brighton,1,1,D,10,7,4,2,3.1,3.6,2.2
3524,2023/24,2023-11-04,Fulham,Man United,0,1,A,18,12,3,5,3.2,3.6,2.2
3525,2023/24,2023-11-04,Man City,Bournemouth,6,1,H,21,5,8,1,1.1,11.0,19.0
3526,2023/24,2023-11-04,Newcastle,Arsenal,1,0,H,9,14,2,1,2.8,3.2,2.6
3527,2023/24,2023-11-04,Sheffield United,Wolves,2,1,H,11,10,2,3,3.8,3.5,2.0
3528,2023/24,2023-11-05,Luton,Liverpool,1,1,D,8,24,5,6,12.0,6.5,1.22
3529,2023/24,2023-11-05,Nott'm Forest,Aston Villa,2,0,H,5,13,3,3,4.2,3.75,1.85
3530,2023/24,2023-11-06,Tottenham,Chelsea,1,4,A,8,17,5,8,2.0,3.75,3.5
3531,2023/24,2023-11-11,Arsenal,Burnley,3,1,H,16,8,6,5,1.18,7.0,17.0
3532,2023/24,2023-11-11,Bournemouth,Newcastle,2,0,H,19,8,10,5,4.75,4.0,1.73
3533,2023/24,2023-11-11,Crystal Palace,Everton,2,3,A,13,8,4,4,2.45,3.2,3.0
3534,2023/24,2023-11-11,Man United,Luton,1,0,H,15,10,4,4,1.33,5.25,9.5
3535,2023/24,2023-11-11,Wolves,Tottenham,2,1,H,17,6,4,2,3.1,3.75,2.2
3536,2023/24,2023-11-12,Aston Villa,Fulham,3,1,H,12,9,6,5,1.57,4.2,5.5
3537,2023/24,2023-11-12,Brighton,Sheffield United,1,1,D,11,9,6,1,1.25,5.75,13.0
3538,2023/24,2023-11-12,Chelsea,Man City,4,4,D,17,15,9,10,5.0,3.7,1.73
3539,2023/24,2023-11-12,Liverpool,Brentford,3,0,H,17,16,10,3,1.4,5.0,6.5
3540,2023/24,2023-11-12,West Ham,Nott'm Forest,3,2,H,16,10,6,5,1.85,3.6,4.0
3541,2023/24,2023-11-25,Brentford,Arsenal,0,1,A,9,15,3,4,4.5,3.75,1.75
3542,2023/24,2023-11-25,Burnley,West Ham,1,2,A,11,11,5,3,3.4,3.5,2.05
3543,2023/24,2023-11-25,Luton,Crystal Palace,2,1,H,8,16,3,8,3.6,3.3,2.1
3544,2023/24,2023-11-25,Man City,Liverpool,1,1,D,16,8,5,3,1.73,4.2,4.2
3545,2023/24,2023-11-25,Newcastle,Chelsea,4,1,H,14,7,5,4,2.55,3.5,2.63
3546,2023/24,2023-11-25,Nott'm Forest,Brighton,2,3,A,18,11,5,5,3.2,3.6,2.15
3547,2023/24,2023-11-25,Sheffield United,Bournemouth,1,3,A,10,23,2,11,3.2,3.5,2.2
3548,2023/24,2023-11-26,Everton,Man United,0,3,A,24,9,6,4,2.7,3.4,2.55
3549,2023/24,2023-11-26,Tottenham,Aston Villa,1,2,A,18,15,8,5,2.3,3.8,2.8
3550,2023/24,2023-11-27,Fulham,Wolves,3,2,H,12,10,6,6,2.38,3.3,3.0
3551,2023/24,2023-12-02,Arsenal,Wolves,2,1,H,19,6,6,3,1.25,5.5,12.0
3552,2023/24,2023-12-02,Brentford,Luton,3,1,H,27,7,6,1,1.45,4.5,6.5
3553,2023/24,2023-12-02,Burnley,Sheffield United,5,0,H,19,6,7,3,1.8,3.6,4.5
3554,2023/24,2023-12-02,Newcastle,Man United,1,0,H,22,8,4,1,1.91,3.75,3.8
3555,2023/24,2023-12-02,Nott'm Forest,Everton,0,1,A,13,12,2,3,2.75,3.25,2.6
3556,2023/24,2023-12-03,Bournemouth,Aston Villa,2,2,D,15,11,7,3,3.4,4.0,1.95
3557,2023/24,2023-12-03,Chelsea,Brighton,3,2,H,8,18,5,9,1.73,4.2,4.2
3558,2023/24,2023-12-03,Liverpool,Fulham,4,3,H,26,9,12,5,1.25,6.5,9.0
3559,2023/24,2023-12-03,Man City,Tottenham,3,3,D,18,8,4,4,1.29,6.0,9.0
3560,2023/24,2023-12-03,West Ham,Crystal Palace,1,1,D,9,9,3,2,2.0,3.5,3.8
3561,2023/24,2023-12-05,Luton,Arsenal,3,4,A,6,23,4,9,17.0,7.0,1.18
3562,2023/24,2023-12-05,Wolves,Burnley,1,0,H,7,12,4,3,1.85,3.6,4.2
3563,2023/24,2023-12-06,Aston Villa,Man City,1,0,H,22,2,7,2,4.75,4.2,1.7
3564,2023/24,2023-12-06,Brighton,Brentford,2,1,H,18,8,7,2,1.91,3.8,3.75
3565,2023/24,2023-12-06,Crystal Palace,Bournemouth,0,2,A,16,11,3,4,2.25,3.5,3.1
3566,2023/24,2023-12-06,Fulham,Nott'm Forest,5,0,H,14,4,6,1,2.0,3.4,3.75
3567,2023/24,2023-12-06,Man United,Chelsea,2,1,H,28,13,9,3,2.88,3.4,2.45
3568,2023/24,2023-12-06,Sheffield United,Liverpool,0,2,A,6,15,1,8,12.0,7.5,1.2
3569,2023/24,2023-12-07,Everton,Newcastle,3,0,H,21,13,6,3,3.25,3.25,2.25
3570,2023/24,2023-12-07,Tottenham,West Ham,1,2,A,23,11,7,5,1.75,4.2,4.2
3571,2023/24,2023-12-09,Aston Villa,Arsenal,1,0,H,10,12,3,5,3.3,3.6,2.1
3572,2023/24,2023-12-09,Brighton,Burnley,1,1,D,29,6,11,3,1.5,4.75,6.0
3573,2023/24,2023-12-09,Crystal Palace,Liverpool,1,2,A,8,14,4,2,6.0,4.5,1.5
3574,2023/24,2023-12-09,Man United,Bournemouth,0,3,A,20,10,3,4,1.55,4.33,5.75
3575,2023/24,2023-12-09,Sheffield United,Brentford,1,0,H,9,10,4,4,4.2,3.8,1.75
3576,2023/24,2023-12-09,Wolves,Nott'm Forest,1,1,D,10,8,4,2,1.85,3.6,4.33
3577,2023/24,2023-12-10,Everton,Chelsea,2,0,H,9,16,5,4,3.1,3.5,2.25
3578,2023/24,2023-12-10,Fulham,West Ham,5,0,H,14,9,8,5,2.38,3.5,2.9
3579,2023/24,2023-12-10,Luton,Man City,1,2,A,4,18,2,6,17.0,8.0,1.14
3580,2023/24,2023-12-10,Tottenham,Newcastle,4,1,H,23,9,12,3,2.15,3.8,3.1
3581,2023/24,2023-12-15,Nott'm Forest,Tottenham,0,2,A,15,12,1,6,4.2,4.2,1.73
3582,2023/24,2023-12-16,Burnley,Everton,0,2,A,14,9,2,6,3.6,3.4,2.1
3583,2023/24,2023-12-16,Chelsea,Sheffield United,2,0,H,15,6,6,1,1.22,6.5,13.0
3584,2023/24,2023-12-16,Man City,Crystal Palace,2,2,D,19,5,9,2,1.18,8.0,13.0
3585,2023/24,2023-12-16,Newcastle,Fulham,3,0,H,27,6,10,4,1.8,3.8,4.0
3586,2023/24,2023-12-17,Arsenal,Brighton,2,0,H,26,6,9,1,1.44,5.0,6.0
3587,2023/24,2023-12-17,Brentford,Aston Villa,1,2,A,4,15,3,5,3.2,3.75,2.1
3588,2023/24,2023-12-17,Liverpool,Man United,0,0,D,34,6,8,1,1.3,6.0,8.0
3589,2023/24,2023-12-17,West Ham,Wolves,3,0,H,13,14,4,3,2.15,3.5,3.3
3590,2023/24,2023-12-21,Crystal Palace,Brighton,1,1,D,11,18,3,6,3.3,3.3,2.15
3591,2023/24,2023-12-22,Aston Villa,Sheffield United,1,1,D,12,5,4,2,1.22,6.5,12.0
3592,2023/24,2023-12-23,Fulham,Burnley,0,2,A,19,7,5,2,1.67,3.75,5.25
3593,2023/24,2023-12-23,Liverpool,Arsenal,1,1,D,13,13,3,2,2.38,3.6,2.8
3594,2023/24,2023-12-23,Luton,Newcastle,1,0,H,16,15,5,2,4.75,4.2,1.65
3595,2023/24,2023-12-23,Nott'm Forest,Bournemouth,2,3,A,11,18,5,7,2.75,3.4,2.55
3596,2023/24,2023-12-23,Tottenham,Everton,2,1,H,13,18,6,8,1.75,4.2,4.0
3597,2023/24,2023-12-23,West Ham,Man United,2,0,H,12,11,5,3,2.6,3.6,2.6
3598,2023/24,2023-12-24,Wolves,Chelsea,2,1,H,14,16,6,5,3.75,3.75,1.91
3599,2023/24,2023-12-26,Bournemouth,Fulham,3,0,H,16,8,4,3,2.15,3.6,3.2
3600,2023/24,2023-12-26,Burnley,Liverpool,0,2,A,9,19,0,10,6.5,5.25,1.4
3601,2023/24,2023-12-26,Man United,Aston Villa,3,2,H,13,10,7,4,2.6,3.5,2.6
3602,2023/24,2023-12-26,Newcastle,Nott'm Forest,1,3,A,19,15,7,6,1.5,4.33,5.75
3603,2023/24,2023-12-26,Sheffield United,Luton,2,3,A,21,12,6,4,2.3,3.3,3.1
3604,2023/24,2023-12-27,Brentford,Wolves,1,4,A,14,11,4,5,1.95,3.5,4.2
3605,2023/24,2023-12-27,Chelsea,Crystal Palace,2,1,H,9,13,4,5,1.67,4.0,5.0
3606,2023/24,2023-12-27,Everton,Man City,1,3,A,7,23,2,9,5.75,4.0,1.57
3607,2023/24,2023-12-28,Arsenal,West Ham,0,2,A,30,6,8,3,1.33,5.5,7.5
3608,2023/24,2023-12-28,Brighton,Tottenham,4,2,H,15,19,9,3,2.5,3.6,2.6
3609,2023/24,2023-12-30,Aston Villa,Burnley,3,2,H,19,9,7,5,1.36,5.25,7.5
3610,2023/24,2023-12-30,Crystal Palace,Brentford,3,1,H,13,9,6,4,2.2,3.3,3.4
3611,2023/24,2023-12-30,Luton,Chelsea,2,3,A,15,12,6,8,6.5,4.2,1.5
3612,2023/24,2023-12-30,Man City,Sheffield United,2,0,H,18,4,4,2,1.08,11.0,29.0
3613,2023/24,2023-12-30,Nott'm Forest,Man United,2,1,H,8,10,2,5,3.2,3.6,2.15
3614,2023/24,2023-12-30,Wolves,Everton,3,0,H,12,10,6,0,2.63,3.3,2.7
3615,2023/24,2023-12-31,Fulham,Arsenal,2,1,H,15,13,4,3,5.25,4.5,1.55
3616,2023/24,2023-12-31,Tottenham,Bournemouth,3,1,H,12,24,6,4,1.75,4.2,4.0
3617,2023/24,2024-01-01,Liverpool,Newcastle,4,2,H,34,5,15,3,1.45,4.5,7.0
3618,2023/24,2024-01-02,West Ham,Brighton,0,0,D,6,22,2,8,2.45,3.75,2.75
3619,2023/24,2024-01-12,Burnley,Luton,1,1,D,13,14,7,5,2.0,3.6,3.6
3620,2023/24,2024-01-13,Chelsea,Fulham,1,0,H,17,14,3,4,1.6,4.2,5.25
3621,2023/24,2024-01-13,Newcastle,Man City,2,3,A,12,27,5,11,5.5,4.33,1.55
3622,2023/24,2024-01-14,Everton,Aston Villa,0,0,D,10,16,2,5,2.8,3.5,2.45
3623,2023/24,2024-01-14,Man United,Tottenham,2,2,D,9,16,2,6,2.2,3.75,3.0
3624,2023/24,2024-01-20,Arsenal,Crystal Palace,5,0,H,21,12,6,5,1.3,5.75,9.0
3625,2023/24,2024-01-20,Brentford,Nott'm Forest,3,2,H,11,12,5,3,1.91,3.6,4.0
3626,2023/24,2024-01-21,Bournemouth,Liverpool,0,4,A,11,14,1,7,4.2,4.5,1.7
3627,2023/24,2024-01-21,Sheffield United,West Ham,2,2,D,21,16,6,5,3.4,3.3,2.2
3628,2023/24,2024-01-22,Brighton,Wolves,0,0,D,11,8,4,3,1.65,4.33,5.0
3629,2023/24,2024-01-30,Aston Villa,Newcastle,1,3,A,12,14,6,5,1.85,4.0,3.8
3630,2023/24,2024-01-30,Crystal Palace,Sheffield United,3,2,H,12,9,4,5,1.62,3.6,6.5
3631,2023/24,2024-01-30,Fulham,Everton,0,0,D,25,21,6,4,2.45,3.2,3.0
3632,2023/24,2024-01-30,Luton,Brighton,4,0,H,18,9,8,2,4.2,4.2,1.75
3633,2023/24,2024-01-30,Nott'm Forest,Arsenal,1,2,A,9,19,3,3,7.5,5.0,1.4
3634,2023/24,2024-01-31,Liverpool,Chelsea,4,1,H,28,4,13,3,1.57,4.33,5.25
3635,2023/24,2024-01-31,Man City,Burnley,3,1,H,14,8,4,3,1.08,12.0,21.0
3636,2023/24,2024-01-31,Tottenham,Brentford,3,2,H,19,9,5,5,1.67,4.2,4.75
3637,2023/24,2024-02-01,West Ham,Bournemouth,1,1,D,9,9,3,4,2.4,3.75,2.75
3638,2023/24,2024-02-01,Wolves,Man United,3,4,A,16,21,7,8,2.63,3.6,2.55
3639,2023/24,2024-02-03,Brighton,Crystal Palace,4,1,H,13,7,6,5,1.7,4.0,4.75
3640,2023/24,2024-02-03,Burnley,Fulham,2,2,D,12,15,4,7,2.9,3.4,2.38
3641,2023/24,2024-02-03,Everton,Tottenham,2,2,D,14,9,5,6,3.0,3.6,2.25
3642,2023/24,2024-02-03,Newcastle,Luton,4,4,D,19,11,6,8,1.44,4.75,6.5
3643,2023/24,2024-02-03,Sheffield United,Aston Villa,0,5,A,10,14,5,10,5.25,4.2,1.62
3644,2023/24,2024-02-04,Arsenal,Liverpool,3,1,H,15,10,7,1,2.2,3.6,3.1
3645,2023/24,2024-02-04,Bournemouth,Nott'm Forest,1,1,D,9,8,2,6,1.7,4.2,4.5
3646,2023/24,2024-02-04,Chelsea,Wolves,2,4,A,15,14,6,7,1.62,4.0,5.5
3647,2023/24,2024-02-04,Man United,West Ham,3,0,H,12,22,5,3,1.62,4.2,5.0
3648,2023/24,2024-02-05,Brentford,Man City,1,3,A,9,25,3,15,7.0,4.75,1.4
3649,2023/24,2024-02-10,Fulham,Bournemouth,3,1,H,7,25,6,4,2.38,3.5,2.8
3650,2023/24,2024-02-10,Liverpool,Burnley,3,1,H,25,9,10,4,1.17,8.0,17.0
3651,2023/24,2024-02-10,Luton,Sheffield United,1,3,A,20,7,5,3,1.75,3.75,4.75
3652,2023/24,2024-02-10,Man City,Everton,2,0,H,19,5,3,1,1.18,8.0,13.0
3653,2023/24,2024-02-10,Nott'm Forest,Newcastle,2,3,A,13,7,3,5,3.3,3.75,2.05
3654,2023/24,2024-02-10,Tottenham,Brighton,2,1,H,16,6,6,3,1.8,4.2,3.8
3655,2023/24,2024-02-10,Wolves,Brentford,0,2,A,17,9,5,6,2.1,3.6,3.4
3656,2023/24,2024-02-11,Aston Villa,Man United,1,2,A,23,17,10,5,2.15,3.75,3.1
3657,2023/24,2024-02-11,West Ham,Arsenal,0,6,A,5,25,1,12,6.0,4.33,1.53
3658,2023/24,2024-02-12,Crystal Palace,Chelsea,1,3,A,13,14,4,5,4.2,3.8,1.85
3659,2023/24,2024-02-17,Brentford,Liverpool,1,4,A,15,15,6,8,5.5,4.33,1.57
3660,2023/24,2024-02-17,Burnley,Arsenal,0,5,A,8,16,0,7,10.0,5.75,1.29
3661,2023/24,2024-02-17,Fulham,Aston Villa,1,2,A,15,12,4,3,2.9,3.75,2.2
3662,2023/24,2024-02-17,Man City,Chelsea,1,1,D,31,9,5,6,1.33,5.5,8.0
3663,2023/24,2024-02-17,Newcastle,Bournemouth,2,2,D,17,12,5,7,1.83,4.2,3.75
3664,2023/24,2024-02-17,Nott'm Forest,West Ham,2,0,H,19,10,8,3,2.38,3.5,2.9
3665,2023/24,2024-02-17,Tottenham,Wolves,1,2,A,15,12,4,7,1.53,4.75,5.25
3666,2023/24,2024-02-18,Luton,Man United,1,2,A,22,21,4,9,4.0,4.0,1.8
3667,2023/24,2024-02-18,Sheffield United,Brighton,0,5,A,6,24,1,10,5.0,4.2,1.62
3668,2023/24,2024-02-19,Everton,Crystal Palace,1,1,D,19,10,4,4,1.7,3.6,5.25
3669,2023/24,2024-02-20,Man City,Brentford,1,0,H,25,6,11,2,1.18,8.0,13.0
3670,2023/24,2024-02-21,Liverpool,Luton,4,1,H,29,12,13,3,1.2,7.0,13.0
3671,2023/24,2024-02-24,Arsenal,Newcastle,4,1,H,18,3,8,2,1.36,5.25,8.0
3672,2023/24,2024-02-24,Aston Villa,Nott'm Forest,4,2,H,16,10,6,3,1.53,4.5,5.75
3673,2023/24,2024-02-24,Bournemouth,Man City,0,1,A,13,15,4,6,7.0,5.25,1.4
3674,2023/24,2024-02-24,Brighton,Everton,1,1,D,23,6,7,3,1.83,3.8,4.2
3675,2023/24,2024-02-24,Crystal Palace,Burnley,3,0,H,15,2,6,0,1.95,3.5,4.0
3676,2023/24,2024-02-24,Man United,Fulham,1,2,A,21,17,9,5,1.57,4.33,5.5
3677,2023/24,2024-02-25,Wolves,Sheffield United,1,0,H,13,12,2,4,1.44,4.75,7.0
3678,2023/24,2024-02-26,West Ham,Brentford,4,2,H,17,14,6,8,2.5,3.5,2.75
3679,2023/24,2024-03-02,Brentford,Chelsea,2,2,D,14,17,5,6,3.1,3.75,2.15
3680,2023/24,2024-03-02,Everton,West Ham,1,3,A,22,12,11,5,2.05,3.6,3.5
3681,2023/24,2024-03-02,Fulham,Brighton,3,0,H,12,15,5,5,2.55,3.6,2.63
3682,2023/24,2024-03-02,Luton,Aston Villa,2,3,A,13,12,5,8,4.33,4.2,1.73
3683,2023/24,2024-03-02,Newcastle,Wolves,3,0,H,14,12,7,3,1.91,4.0,3.6
3684,2023/24,2024-03-02,Nott'm Forest,Liverpool,0,1,A,8,22,2,2,6.0,4.33,1.53
3685,2023/24,2024-03-02,Tottenham,Crystal Palace,3,1,H,14,4,6,1,1.5,4.33,6.5
3686,2023/24,2024-03-03,Burnley,Bournemouth,0,2,A,20,10,6,3,3.75,3.6,1.95
3687,2023/24,2024-03-03,Man City,Man United,3,1,H,27,3,8,1,1.25,5.75,11.0
3688,2023/24,2024-03-04,Sheffield United,Arsenal,0,6,A,4,22,0,10,17.0,7.0,1.18
3689,2023/24,2024-03-09,Arsenal,Brentford,2,1,H,17,9,6,4,1.22,7.0,11.0
3690,2023/24,2024-03-09,Bournemouth,Sheffield United,2,2,D,32,13,12,9,1.33,5.25,8.0
3691,2023/24,2024-03-09,Crystal Palace,Luton,1,1,D,21,8,4,2,1.75,3.8,4.2
3692,2023/24,2024-03-09,Man United,Everton,2,0,H,15,23,8,6,1.83,3.6,4.0
3693,2023/24,2024-03-09,Wolves,Fulham,2,1,H,8,23,3,6,2.5,3.4,2.75
3694,2023/24,2024-03-10,Aston Villa,Tottenham,0,4,A,10,9,1,5,2.38,4.0,2.6
3695,2023/24,2024-03-10,Brighton,Nott'm Forest,1,0,H,10,9,3,4,1.8,4.0,4.0
3696,2023/24,2024-03-10,Liverpool,Man City,1,1,D,19,10,6,6,3.0,3.75,2.2
3697,2023/24,2024-03-10,West Ham,Burnley,2,2,D,22,11,4,4,1.67,4.0,4.75
3698,2023/24,2024-03-11,Chelsea,Newcastle,3,2,H,12,11,8,3,1.91,4.0,3.6
3699,2023/24,2024-03-13,Bournemouth,Luton,4,3,H,24,8,10,4,1.5,4.75,5.75
3700,2023/24,2024-03-16,Burnley,Brentford,2,1,H,17,9,6,5,3.25,3.6,2.15
3701,2023/24,2024-03-16,Fulham,Tottenham,3,0,H,16,14,7,5,3.5,3.8,1.95
3702,2023/24,2024-03-16,Luton,Nott'm Forest,1,1,D,10,16,4,6,2.8,3.5,2.45
3703,2023/24,2024-03-17,West Ham,Aston Villa,1,1,D,13,13,5,5,2.63,3.75,2.45
3704,2023/24,2024-03-30,Aston Villa,Wolves,2,0,H,11,13,5,3,1.6,4.33,5.0
3705,2023/24,2024-03-30,Bournemouth,Everton,2,1,H,11,7,4,3,2.2,3.6,3.2
3706,2023/24,2024-03-30,Brentford,Man United,1,1,D,31,11,5,5,3.0,3.8,2.2
3707,2023/24,2024-03-30,Chelsea,Burnley,2,2,D,33,18,13,7,1.29,6.0,9.5
3708,2023/24,2024-03-30,Newcastle,West Ham,4,3,H,24,10,9,4,1.83,4.2,3.8
3709,2023/24,2024-03-30,Nott'm Forest,Crystal Palace,1,1,D,12,10,5,3,2.2,3.3,3.4
3710,2023/24,2024-03-30,Sheffield United,Fulham,3,3,D,8,24,4,9,4.5,4.0,1.73
3711,2023/24,2024-03-30,Tottenham,Luton,2,1,H,17,7,4,3,1.2,8.0,11.0
3712,2023/24,2024-03-31,Liverpool,Brighton,2,1,H,30,9,8,3,1.36,5.5,7.5
3713,2023/24,2024-03-31,Man City,Arsenal,0,0,D,12,6,1,2,1.91,3.8,3.8
3714,2023/24,2024-04-02,Bournemouth,Crystal Palace,1,0,H,11,3,6,2,1.95,3.8,3.6
3715,2023/24,2024-04-02,Burnley,Wolves,1,1,D,13,8,6,2,2.45,3.6,2.75
3716,2023/24,2024-04-02,Newcastle,Everton,1,1,D,18,10,6,3,2.0,3.75,3.5
3717,2023/24,2024-04-02,Nott'm Forest,Fulham,3,1,H,16,18,4,3,2.7,3.4,2.63
3718,2023/24,2024-04-02,West Ham,Tottenham,1,1,D,11,13,4,4,3.3,4.2,1.95
3719,2023/24,2024-04-03,Arsenal,Luton,2,0,H,13,5,4,1,1.1,10.0,19.0
3720,2023/24,2024-04-03,Brentford,Brighton,0,0,D,5,24,2,6,2.38,3.8,2.75
3721,2023/24,2024-04-03,Man City,Aston Villa,4,1,H,25,8,11,3,1.3,6.0,8.0
3722,2023/24,2024-04-04,Chelsea,Man United,4,3,H,28,19,10,5,2.0,4.0,3.4
3723,2023/24,2024-04-04,Liverpool,Sheffield United,3,1,H,29,8,9,3,1.09,12.0,21.0
3724,2023/24,2024-04-06,Aston Villa,Brentford,3,3,D,11,8,3,3,1.7,4.0,4.75
3725,2023/24,2024-04-06,Brighton,Arsenal,0,3,A,10,20,2,7,5.0,4.33,1.62
3726,2023/24,2024-04-06,Crystal Palace,Man City,2,4,A,7,18,4,8,9.5,5.25,1.33
3727,2023/24,2024-04-06,Everton,Burnley,1,0,H,12,6,3,1,1.65,4.0,5.25
3728,2023/24,2024-04-06,Fulham,Newcastle,0,1,A,14,12,4,5,2.38,3.8,2.8
3729,2023/24,2024-04-06,Luton,Bournemouth,2,1,H,19,8,9,1,3.75,3.8,1.91
3730,2023/24,2024-04-06,Wolves,West Ham,1,2,A,14,11,7,4,2.5,3.6,2.7
3731,2023/24,2024-04-07,Man United,Liverpool,2,2,D,9,28,5,7,4.75,4.5,1.6
3732,2023/24,2024-04-07,Sheffield United,Chelsea,2,2,D,11,6,6,3,7.0,5.25,1.4
3733,2023/24,2024-04-07,Tottenham,Nott'm Forest,3,1,H,17,13,7,6,1.4,5.5,6.5
3734,2023/24,2024-04-13,Bournemouth,Man United,2,2,D,20,8,5,2,2.4,3.9,2.6
3735,2023/24,2024-04-13,Brentford,Sheffield United,2,0,H,9,8,5,2,1.44,5.0,6.5
3736,2023/24,2024-04-13,Burnley,Brighton,1,1,D,11,20,3,8,3.5,3.75,2.0
3737,2023/24,2024-04-13,Man City,Luton,5,1,H,33,4,13,2,1.1,11.0,19.0
3738,2023/24,2024-04-13,Newcastle,Tottenham,4,0,H,18,11,5,2,2.7,4.0,2.3
3739,2023/24,2024-04-13,Nott'm Forest,Wolves,2,2,D,18,11,9,4,2.1,3.4,3.5
3740,2023/24,2024-04-14,Arsenal,Aston Villa,0,2,A,18,11,4,2,1.29,5.75,10.0
3741,2023/24,2024-04-14,Liverpool,Crystal Palace,0,1,A,21,8,6,5,1.22,7.0,12.0
3742,2023/24,2024-04-14,West Ham,Fulham,0,2,A,15,18,4,10,2.38,3.6,2.8
3743,2023/24,2024-04-15,Chelsea,Everton,6,0,H,14,10,10,2,1.7,4.2,4.5
3744,2023/24,2024-04-20,Luton,Brentford,1,5,A,6,21,3,9,3.1,3.75,2.15
3745,2023/24,2024-04-20,Sheffield United,Burnley,1,4,A,18,16,11,9,2.75,3.6,2.45
3746,2023/24,2024-04-20,Wolves,Arsenal,0,2,A,5,24,3,9,8.5,4.5,1.4
3747,2023/24,2024-04-21,Aston Villa,Bournemouth,3,1,H,14,14,4,6,1.85,4.0,3.6
3748,2023/24,2024-04-21,Crystal Palace,West Ham,5,2,H,18,4,7,1,2.1,3.6,3.4
3749,2023/24,2024-04-21,Everton,Nott'm Forest,2,0,H,7,8,4,3,2.05,3.5,3.6
3750,2023/24,2024-04-21,Fulham,Liverpool,1,3,A,12,14,5,7,5.25,4.5,1.57
3751,2023/24,2024-04-23,Arsenal,Chelsea,5,0,H,27,7,10,1,1.44,5.0,6.0
3752,2023/24,2024-04-24,Crystal Palace,Newcastle,2,0,H,20,7,7,2,2.75,3.6,2.4
3753,2023/24,2024-04-24,Everton,Liverpool,2,0,H,16,23,6,7,7.0,5.0,1.4
3754,2023/24,2024-04-24,Man United,Sheffield United,4,2,H,25,10,13,4,1.3,6.5,7.5
3755,2023/24,2024-04-24,Wolves,Bournemouth,0,1,A,15,21,4,6,2.7,3.6,2.5
3756,2023/24,2024-04-25,Brighton,Man City,0,4,A,7,14,3,6,6.5,5.0,1.4
3757,2023/24,2024-04-27,Aston Villa,Chelsea,2,2,D,9,21,4,5,2.15,3.8,3.0
3758,2023/24,2024-04-27,Everton,Brentford,1,0,H,18,10,1,4,2.3,3.5,3.0
3759,2023/24,2024-04-27,Fulham,Crystal Palace,1,1,D,9,14,2,4,2.1,3.5,3.5
3760,2023/24,2024-04-27,Man United,Burnley,1,1,D,27,16,10,7,1.5,4.75,5.5
3761,2023/24,2024-04-27,Newcastle,Sheffield United,5,1,H,20,15,7,5,1.22,7.0,11.0
3762,2023/24,2024-04-27,West Ham,Liverpool,2,2,D,11,28,8,8,5.5,5.0,1.5
3763,2023/24,2024-04-27,Wolves,Luton,2,1,H,13,9,5,6,1.95,3.8,3.6
3764,2023/24,2024-04-28,Bournemouth,Brighton,3,0,H,15,13,6,1,2.25,3.8,2.9
3765,2023/24,2024-04-28,Nott'm Forest,Man City,0,2,A,14,11,2,5,8.0,6.0,1.3
3766,2023/24,2024-04-28,Tottenham,Arsenal,2,3,A,14,9,2,3,4.2,4.2,1.75
3767,2023/24,2024-05-02,Chelsea,Tottenham,2,0,H,16,19,5,3,2.15,3.8,3.0
3768,2023/24,2024-05-03,Luton,Everton,1,1,D,18,10,5,3,2.6,3.6,2.55
3769,2023/24,2024-05-04,Arsenal,Bournemouth,3,0,H,25,7,9,2,1.22,7.5,11.0
3770,2023/24,2024-05-04,Brentford,Fulham,0,0,D,7,15,3,3,2.1,3.8,3.2
3771,2023/24,2024-05-04,Burnley,Newcastle,1,4,A,17,23,5,11,3.4,4.0,1.95
3772,2023/24,2024-05-04,Man City,Wolves,5,1,H,20,2,12,1,1.08,12.0,21.0
3773,2023/24,2024-05-04,Sheffield United,Nott'm Forest,1,3,A,17,15,5,4,4.75,4.2,1.65
3774,2023/24,2024-05-05,Brighton,Aston Villa,1,0,H,15,2,8,1,2.75,3.75,2.45
3775,2023/24,2024-05-05,Chelsea,West Ham,5,0,H,25,13,14,2,1.65,4.5,4.5
3776,2023/24,2024-05-05,Liverpool,Tottenham,4,2,H,25,11,13,6,1.5,5.75,5.0
3777,2023/24,2024-05-06,Crystal Palace,Man United,4,0,H,18,7,10,2,2.38,3.75,2.8
3778,2023/24,2024-05-11,Bournemouth,Brentford,1,2,A,13,11,4,5,1.95,4.0,3.5
3779,2023/24,2024-05-11,Everton,Sheffield United,1,0,H,15,13,6,1,1.4,4.8,7.5
3780,2023/24,2024-05-11,Fulham,Man City,0,4,A,1,16,1,9,13.0,7.0,1.2
3781,2023/24,2024-05-11,Newcastle,Brighton,1,1,D,18,15,7,4,1.57,4.75,4.75
3782,2023/24,2024-05-11,Nott'm Forest,Chelsea,2,3,A,20,12,4,5,3.4,3.8,2.0
3783,2023/24,2024-05-11,Tottenham,Burnley,2,1,H,21,7,9,3,1.36,5.75,7.0
3784,2023/24,2024-05-11,West Ham,Luton,3,1,H,24,4,8,1,1.8,4.2,3.8
3785,2023/24,2024-05-11,Wolves,Crystal Palace,1,3,A,13,13,7,3,2.88,3.5,2.38
3786,2023/24,2024-05-12,Man United,Arsenal,0,1,A,14,11,2,5,7.0,5.5,1.36
3787,2023/24,2024-05-13,Aston Villa,Liverpool,3,3,D,19,14,5,7,4.2,4.33,1.7
3788,2023/24,2024-05-14,Tottenham,Man City,0,2,A,10,8,5,5,6.5,6.0,1.36
3789,2023/24,2024-05-15,Brighton,Chelsea,1,2,A,12,13,2,6,3.3,4.0,1.95
3790,2023/24,2024-05-15,Man United,Newcastle,3,2,H,17,21,8,8,2.75,4.0,2.3
3791,2023/24,2024-05-19,Arsenal,Everton,2,1,H,26,5,5,2,1.18,8.0,12.0
3792,2023/24,2024-05-19,Brentford,Newcastle,2,4,A,10,12,5,7,2.9,3.9,2.2
3793,2023/24,2024-05-19,Brighton,Man United,0,2,A,17,11,3,4,2.15,4.0,2.9
3794,2023/24,2024-05-19,Burnley,Nott'm Forest,1,2,A,20,12,3,6,3.0,3.5,2.3
3795,2023/24,2024-05-19,Chelsea,Bournemouth,2,1,H,16,22,6,5,1.45,5.0,6.0
3796,2023/24,2024-05-19,Crystal Palace,Aston Villa,5,0,H,15,8,9,2,1.85,4.33,3.6
3797,2023/24,2024-05-19,Liverpool,Wolves,2,0,H,36,4,14,3,1.17,8.0,15.0
3798,2023/24,2024-05-19,Luton,Fulham,2,4,A,15,15,6,7,2.9,3.9,2.2
3799,2023/24,2024-05-19,Man City,West Ham,3,1,H,28,3,12,2,1.08,12.0,21.0
3800,2023/24,2024-05-19,Sheffield United,Tottenham,0,3,A,6,18,1,9,7.0,6.0,1.33
3801,2024/25,2024-08-16,Man United,Fulham,1,0,H,14,10,5,2,1.6,4.2,5.25
3802,2024/25,2024-08-17,Arsenal,Wolves,2,0,H,18,9,6,3,1.18,7.5,13.0
3803,2024/25,2024-08-17,Everton,Brighton,0,3,A,9,10,1,5,2.63,3.3,2.63
3804,2024/25,2024-08-17,Ipswich,Liverpool,0,2,A,7,18,2,5,8.5,5.5,1.33
3805,2024/25,2024-08-17,Newcastle,Southampton,1,0,H,3,19,1,4,1.36,5.25,8.0
3806,2024/25,2024-08-17,Nott'm Forest,Bournemouth,1,1,D,14,13,8,4,2.45,3.5,2.8
3807,2024/25,2024-08-17,West Ham,Aston Villa,1,2,A,14,15,3,3,2.45,3.6,2.75
3808,2024/25,2024-08-18,Brentford,Crystal Palace,2,1,H,9,14,5,6,2.4,3.4,2.9
3809,2024/25,2024-08-18,Chelsea,Man City,0,2,A,10,11,3,5,4.1,3.9,1.8
3810,2024/25,2024-08-19,Leicester,Tottenham,1,1,D,7,15,3,7,5.0,4.33,1.62
3811,2024/25,2024-08-24,Aston Villa,Arsenal,0,2,A,11,9,3,4,4.33,3.8,1.75
3812,2024/25,2024-08-24,Brighton,Man United,2,1,H,14,11,5,4,2.5,3.7,2.63
3813,2024/25,2024-08-24,Crystal Palace,West Ham,0,2,A,14,18,2,3,2.15,3.6,3.2
3814,2024/25,2024-08-24,Fulham,Leicester,2,1,H,18,10,6,4,1.8,3.75,4.2
3815,2024/25,2024-08-24,Man City,Ipswich,4,1,H,14,1,5,1,1.08,12.0,21.0
3816,2024/25,2024-08-24,Southampton,Nott'm Forest,0,1,A,5,23,1,8,2.55,3.3,2.8
3817,2024/25,2024-08-24,Tottenham,Everton,4,0,H,13,10,7,1,1.44,4.75,6.5
3818,2024/25,2024-08-25,Bournemouth,Newcastle,1,1,D,16,14,4,5,2.9,3.8,2.2
3819,2024/25,2024-08-25,Liverpool,Brentford,2,0,H,19,8,8,2,1.27,5.75,11.0
3820,2024/25,2024-08-25,Wolves,Chelsea,2,6,A,12,14,4,8,4.33,4.0,1.75
3821,2024/25,2024-08-31,Arsenal,Brighton,1,1,D,11,22,7,4,1.33,5.5,8.5
3822,2024/25,2024-08-31,Brentford,Southampton,3,1,H,20,18,7,6,1.75,3.9,4.33
3823,2024/25,2024-08-31,Everton,Bournemouth,2,3,A,18,17,8,7,2.75,3.4,2.55
3824,2024/25,2024-08-31,Ipswich,Fulham,1,1,D,11,9,4,4,3.0,3.5,2.3
3825,2024/25,2024-08-31,Leicester,Aston Villa,1,2,A,9,10,3,5,4.5,4.0,1.7
3826,2024/25,2024-08-31,Nott'm Forest,Wolves,1,1,D,16,11,5,3,2.0,3.7,3.7
3827,2024/25,2024-08-31,West Ham,Man City,1,3,A,10,23,2,8,7.0,5.5,1.38
3828,2024/25,2024-09-01,Chelsea,Crystal Palace,1,1,D,13,9,7,3,1.6,4.33,5.0
3829,2024/25,2024-09-01,Man United,Liverpool,0,3,A,8,11,3,3,3.7,4.2,1.85
3830,2024/25,2024-09-01,Newcastle,Tottenham,2,1,H,9,20,3,6,2.5,4.0,2.5
3831,2024/25,2024-09-14,Aston Villa,Everton,3,2,H,17,6,8,2,1.5,4.2,6.5
3832,2024/25,2024-09-14,Bournemouth,Chelsea,0,1,A,19,10,7,3,3.4,3.8,2.0
3833,2024/25,2024-09-14,Brighton,Ipswich,0,0,D,21,6,6,1,1.38,5.0,7.5
3834,2024/25,2024-09-14,Crystal Palace,Leicester,2,2,D,20,9,4,4,1.62,4.0,5.5
3835,2024/25,2024-09-14,Fulham,West Ham,1,1,D,21,11,5,3,2.38,3.25,3.0
3836,2024/25,2024-09-14,Liverpool,Nott'm Forest,0,1,A,14,5,5,3,1.22,6.5,12.0
3837,2024/25,2024-09-14,Man City,Brentford,2,1,H,18,8,7,5,1.18,8.0,12.0
3838,2024/25,2024-09-14,Southampton,Man United,0,3,A,6,20,4,10,4.5,4.0,1.7
3839,2024/25,2024-09-15,Tottenham,Arsenal,0,1,A,15,7,5,4,3.0,3.5,2.3
3840,2024/25,2024-09-15,Wolves,Newcastle,1,2,A,12,14,5,6,3.4,3.5,2.1
3841,2024/25,2024-09-21,Aston Villa,Wolves,3,1,H,9,10,4,4,1.57,4.2,5.25
3842,2024/25,2024-09-21,Crystal Palace,Man United,0,0,D,9,15,4,6,2.88,3.75,2.3
3843,2024/25,2024-09-21,Fulham,Newcastle,3,1,H,22,15,11,4,3.0,3.4,2.4
3844,2024/25,2024-09-21,Leicester,Everton,1,1,D,12,16,2,5,2.45,3.4,2.88
3845,2024/25,2024-09-21,Liverpool,Bournemouth,3,0,H,19,19,13,6,1.3,6.25,9.0
3846,2024/25,2024-09-21,Southampton,Ipswich,1,1,D,11,13,3,6,2.25,3.5,3.2
3847,2024/25,2024-09-21,Tottenham,Brentford,3,1,H,23,6,10,6,1.55,4.5,5.5
3848,2024/25,2024-09-21,West Ham,Chelsea,0,3,A,15,12,7,5,3.6,3.9,1.95
3849,2024/25,2024-09-22,Brighton,Nott'm Forest,2,2,D,14,4,3,3,1.75,3.75,4.75
3850,2024/25,2024-09-22,Man City,Arsenal,2,2,D,33,5,11,3,1.8,3.6,4.5
3851,2024/25,2024-09-28,Arsenal,Leicester,4,2,H,36,5,16,3,1.17,8.0,15.0
3852,2024/25,2024-09-28,Brentford,West Ham,1,1,D,8,19,3,3,2.2,3.5,3.2
3853,2024/25,2024-09-28,Chelsea,Brighton,4,2,H,15,15,7,5,1.73,4.2,4.2
3854,2024/25,2024-09-28,Everton,Crystal Palace,2,1,H,8,17,2,5,2.7,3.3,2.63
3855,2024/25,2024-09-28,Newcastle,Man City,1,1,D,11,16,4,6,5.25,4.33,1.6
3856,2024/25,2024-09-28,Nott'm Forest,Fulham,0,1,A,11,14,1,2,2.38,3.3,3.0
3857,2024/25,2024-09-28,Wolves,Liverpool,1,2,A,8,10,3,6,8.0,5.75,1.33
3858,2024/25,2024-09-29,Ipswich,Aston Villa,2,2,D,15,7,5,3,4.0,3.75,1.85
3859,2024/25,2024-09-29,Man United,Tottenham,0,3,A,11,24,2,10,2.35,3.75,2.75
3860,2024/25,2024-09-30,Bournemouth,Southampton,3,1,H,14,9,6,3,1.65,4.1,5.0
3861,2024/25,2024-10-05,Arsenal,Southampton,3,1,H,29,8,6,2,1.14,9.0,17.0
3862,2024/25,2024-10-05,Brentford,Wolves,5,3,H,19,17,12,6,2.05,3.6,3.4
3863,2024/25,2024-10-05,Crystal Palace,Liverpool,0,1,A,9,16,5,4,6.0,4.5,1.5
3864,2024/25,2024-10-05,Everton,Newcastle,0,0,D,8,14,2,3,3.2,3.6,2.2
3865,2024/25,2024-10-05,Leicester,Bournemouth,1,0,H,6,17,2,2,3.1,3.75,2.15
3866,2024/25,2024-10-05,Man City,Fulham,3,2,H,20,11,7,4,1.25,7.0,9.5
3867,2024/25,2024-10-05,West Ham,Ipswich,4,1,H,23,9,13,2,1.8,3.8,4.33
3868,2024/25,2024-10-06,Aston Villa,Man United,0,0,D,11,10,1,4,2.2,3.75,3.0
3869,2024/25,2024-10-06,Brighton,Tottenham,3,2,H,11,13,4,3,2.9,4.0,2.2
3870,2024/25,2024-10-06,Chelsea,Nott'm Forest,1,1,D,22,16,8,9,1.48,4.5,6.5
3871,2024/25,2024-10-19,Bournemouth,Arsenal,2,0,H,13,6,4,1,5.0,3.9,1.65
3872,2024/25,2024-10-19,Fulham,Aston Villa,1,3,A,10,14,4,5,2.45,3.5,2.8
3873,2024/25,2024-10-19,Ipswich,Everton,0,2,A,13,11,2,8,2.38,3.3,3.0
3874,2024/25,2024-10-19,Man United,Brentford,2,1,H,23,8,11,2,1.7,4.2,4.5
3875,2024/25,2024-10-19,Newcastle,Brighton,0,1,A,21,10,6,5,1.95,3.7,3.6
3876,2024/25,2024-10-19,Southampton,Leicester,2,3,A,14,18,7,4,2.3,3.5,3.0
3877,2024/25,2024-10-19,Tottenham,West Ham,4,1,H,22,11,7,4,1.5,5.0,5.25
3878,2024/25,2024-10-20,Liverpool,Chelsea,2,1,H,9,12,5,2,1.62,4.1,5.0
3879,2024/25,2024-10-20,Wolves,Man City,1,2,A,3,22,2,7,8.0,6.0,1.33
3880,2024/25,2024-10-21,Nott'm Forest,Crystal Palace,1,0,H,20,20,6,7,2.3,3.5,3.0
3881,2024/25,2024-10-25,Leicester,Nott'm Forest,1,3,A,11,20,1,5,3.0,3.3,2.4
3882,2024/25,2024-10-26,Aston Villa,Bournemouth,1,1,D,18,11,8,3,1.85,3.9,3.8
3883,2024/25,2024-10-26,Brentford,Ipswich,4,3,H,20,11,9,5,1.65,4.33,4.75
3884,2024/25,2024-10-26,Brighton,Wolves,2,2,D,19,14,6,7,1.62,4.5,4.5
3885,2024/25,2024-10-26,Everton,Fulham,1,1,D,10,14,5,3,2.75,3.25,2.63
3886,2024/25,2024-10-26,Man City,Southampton,1,0,H,22,5,8,2,1.11,10.0,17.0
3887,2024/25,2024-10-27,Arsenal,Liverpool,2,2,D,9,9,3,4,2.5,3.25,2.9
3888,2024/25,2024-10-27,Chelsea,Newcastle,2,1,H,17,11,7,3,1.73,4.33,4.2
3889,2024/25,2024-10-27,Crystal Palace,Tottenham,1,0,H,14,11,6,3,3.9,4.0,1.83
3890,2024/25,2024-10-27,West Ham,Man United,2,1,H,12,18,3,5,2.88,3.75,2.3
3891,2024/25,2024-11-02,Bournemouth,Man City,2,1,H,12,18,6,4,5.5,4.2,1.57
3892,2024/25,2024-11-02,Ipswich,Leicester,1,1,D,14,20,2,6,2.25,3.5,3.1
3893,2024/25,2024-11-02,Liverpool,Brighton,2,1,H,16,13,8,5,1.4,5.0,7.5
3894,2024/25,2024-11-02,Newcastle,Arsenal,1,0,H,9,10,4,1,3.75,3.75,1.95
3895,2024/25,2024-11-02,Nott'm Forest,West Ham,3,0,H,19,4,6,2,2.15,3.5,3.4
3896,2024/25,2024-11-02,Southampton,Everton,1,0,H,9,16,2,5,2.63,3.4,2.63
3897,2024/25,2024-11-02,Wolves,Crystal Palace,2,2,D,11,19,6,7,2.5,3.4,2.88
3898,2024/25,2024-11-03,Man United,Chelsea,1,1,D,11,12,4,3,2.6,3.5,2.6
3899,2024/25,2024-11-03,Tottenham,Aston Villa,4,1,H,16,12,6,1,1.91,4.0,3.6
3900,2024/25,2024-11-04,Fulham,Brentford,2,1,H,26,5,12,2,2.0,3.7,3.5
3901,2024/25,2024-11-09,Brentford,Bournemouth,3,2,H,12,15,6,3,2.5,3.5,2.7
3902,2024/25,2024-11-09,Brighton,Man City,2,1,H,10,15,4,6,4.1,4.2,1.73
3903,2024/25,2024-11-09,Crystal Palace,Fulham,0,2,A,13,17,5,7,2.7,3.5,2.55
3904,2024/25,2024-11-09,Liverpool,Aston Villa,2,0,H,14,12,5,2,1.42,5.25,6.5
3905,2024/25,2024-11-09,West Ham,Everton,0,0,D,11,18,6,4,2.15,3.4,3.4
3906,2024/25,2024-11-09,Wolves,Southampton,2,0,H,8,9,4,0,1.91,3.75,3.75
3907,2024/25,2024-11-10,Chelsea,Arsenal,1,1,D,17,13,3,3,2.7,3.4,2.55
3908,2024/25,2024-11-10,Man United,Leicester,3,0,H,13,6,3,5,1.38,5.5,6.5
3909,2024/25,2024-11-10,Nott'm Forest,Newcastle,1,3,A,9,17,3,6,2.7,3.3,2.7
3910,2024/25,2024-11-10,Tottenham,Ipswich,1,2,A,17,8,5,3,1.25,6.5,9.0
3911,2024/25,2024-11-23,Arsenal,Nott'm Forest,3,0,H,19,7,7,0,1.38,4.75,9.0
3912,2024/25,2024-11-23,Aston Villa,Crystal Palace,2,2,D,17,13,5,6,1.62,4.0,5.5
3913,2024/25,2024-11-23,Bournemouth,Brighton,1,2,A,19,6,5,4,2.4,3.6,2.8
3914,2024/25,2024-11-23,Everton,Brentford,0,0,D,27,9,5,2,2.45,3.4,2.88
3915,2024/25,2024-11-23,Fulham,Wolves,1,4,A,10,10,3,5,1.62,4.0,5.25
3916,2024/25,2024-11-23,Leicester,Chelsea,1,2,A,4,16,1,7,6.5,4.75,1.44
3917,2024/25,2024-11-23,Man City,Tottenham,0,4,A,23,9,5,7,1.48,4.75,6.0
3918,2024/25,2024-11-24,Ipswich,Man United,1,1,D,11,11,6,4,5.25,4.0,1.62
3919,2024/25,2024-11-24,Southampton,Liverpool,2,3,A,7,27,5,11,11.0,5.75,1.27
3920,2024/25,2024-11-25,Newcastle,West Ham,0,2,A,18,15,2,6,1.5,4.5,6.0
3921,2024/25,2024-11-29,Brighton,Southampton,1,1,D,22,10,5,2,1.38,5.0,7.5
3922,2024/25,2024-11-30,Brentford,Leicester,4,1,H,13,7,6,3,1.65,4.2,4.75
3923,2024/25,2024-11-30,Crystal Palace,Newcastle,1,1,D,16,1,4,0,2.9,3.6,2.3
3924,2024/25,2024-11-30,Nott'm Forest,Ipswich,1,0,H,12,7,5,3,1.7,3.8,4.75
3925,2024/25,2024-11-30,West Ham,Arsenal,2,5,A,12,16,5,7,7.0,4.5,1.45
3926,2024/25,2024-11-30,Wolves,Bournemouth,2,4,A,10,12,3,8,2.8,3.6,2.4
3927,2024/25,2024-12-01,Chelsea,Aston Villa,3,0,H,17,10,8,4,1.7,4.1,4.5
3928,2024/25,2024-12-01,Liverpool,Man City,2,0,H,18,8,7,2,2.1,3.6,3.3
3929,2024/25,2024-12-01,Man United,Everton,4,0,H,11,8,5,2,1.53,4.2,6.0
3930,2024/25,2024-12-01,Tottenham,Fulham,1,1,D,8,14,3,6,1.7,4.5,4.1
3931,2024/25,2024-12-03,Ipswich,Crystal Palace,0,1,A,9,13,2,3,3.0,3.4,2.35
3932,2024/25,2024-12-03,Leicester,West Ham,3,1,H,8,31,6,10,2.9,3.4,2.38
3933,2024/25,2024-12-04,Arsenal,Man United,2,0,H,14,5,6,2,1.44,4.5,7.0
3934,2024/25,2024-12-04,Aston Villa,Brentford,3,1,H,20,9,10,1,1.8,3.75,4.33
3935,2024/25,2024-12-04,Everton,Wolves,4,0,H,13,6,4,2,2.1,3.4,3.5
3936,2024/25,2024-12-04,Man City,Nott'm Forest,3,0,H,17,12,7,3,1.36,4.75,9.0
3937,2024/25,2024-12-04,Newcastle,Liverpool,3,3,D,17,16,6,5,4.2,4.0,1.75
3938,2024/25,2024-12-04,Southampton,Chelsea,1,5,A,6,26,4,13,8.5,5.25,1.33
3939,2024/25,2024-12-05,Bournemouth,Tottenham,1,0,H,21,12,8,4,2.63,3.75,2.45
3940,2024/25,2024-12-05,Fulham,Brighton,3,1,H,6,13,2,3,2.35,3.6,2.88
3941,2024/25,2024-12-07,Aston Villa,Southampton,1,0,H,18,4,5,0,1.36,5.5,7.0
3942,2024/25,2024-12-07,Brentford,Newcastle,4,2,H,11,16,8,3,2.88,3.75,2.3
3943,2024/25,2024-12-07,Crystal Palace,Man City,2,2,D,12,12,3,4,5.5,4.2,1.57
3944,2024/25,2024-12-07,Man United,Nott'm Forest,2,3,A,17,11,7,3,1.65,3.9,5.25
3945,2024/25,2024-12-08,Fulham,Arsenal,1,1,D,2,12,2,4,5.0,4.33,1.6
3946,2024/25,2024-12-08,Ipswich,Bournemouth,1,2,A,18,22,5,6,3.5,3.75,2.0
3947,2024/25,2024-12-08,Leicester,Brighton,2,2,D,10,16,3,7,4.5,3.8,1.73
3948,2024/25,2024-12-08,Tottenham,Chelsea,3,4,A,13,17,5,8,3.4,3.9,2.0
3949,2024/25,2024-12-09,West Ham,Wolves,2,1,H,19,19,4,5,1.9,3.9,3.75
3950,2024/25,2024-12-14,Arsenal,Everton,0,0,D,13,2,5,0,1.22,6.5,12.0
3951,2024/25,2024-12-14,Liverpool,Fulham,2,2,D,16,12,4,3,1.33,5.5,8.0
3952,2024/25,2024-12-14,Newcastle,Leicester,4,0,H,27,4,11,1,1.3,6.0,8.5
3953,2024/25,2024-12-14,Nott'm Forest,Aston Villa,2,1,H,17,8,6,2,2.63,3.3,2.7
3954,2024/25,2024-12-14,Wolves,Ipswich,1,2,A,16,10,6,5,1.9,3.8,3.8
3955,2024/25,2024-12-15,Brighton,Crystal Palace,1,3,A,17,13,5,5,1.85,3.8,3.9
3956,2024/25,2024-12-15,Chelsea,Brentford,2,1,H,26,9,8,4,1.33,6.0,7.5
3957,2024/25,2024-12-15,Man City,Man United,1,2,A,10,10,3,3,1.57,4.5,5.0
3958,2024/25,2024-12-15,Southampton,Tottenham,0,5,A,9,18,3,9,4.33,4.5,1.67
3959,2024/25,2024-12-16,Bournemouth,West Ham,1,1,D,29,16,9,3,1.7,4.0,4.75
3960,2024/25,2024-12-21,Aston Villa,Man City,2,1,H,11,12,6,6,3.25,3.7,2.1
3961,2024/25,2024-12-21,Brentford,Nott'm Forest,0,2,A,7,10,3,6,2.3,3.6,2.9
3962,2024/25,2024-12-21,Crystal Palace,Arsenal,1,5,A,15,14,6,6,6.25,4.2,1.55
3963,2024/25,2024-12-21,Ipswich,Newcastle,0,4,A,10,15,2,7,4.75,3.75,1.73
3964,2024/25,2024-12-21,West Ham,Brighton,1,1,D,11,12,4,6,2.88,3.7,2.35
3965,2024/25,2024-12-22,Everton,Chelsea,0,0,D,5,12,4,5,5.0,4.2,1.62
3966,2024/25,2024-12-22,Fulham,Southampton,0,0,D,16,5,5,1,1.42,4.75,7.0
3967,2024/25,2024-12-22,Leicester,Wolves,0,3,A,9,8,5,4,2.55,3.4,2.7
3968,2024/25,2024-12-22,Man United,Bournemouth,0,3,A,23,10,7,5,1.8,3.8,4.2
3969,2024/25,2024-12-22,Tottenham,Liverpool,3,6,A,9,24,5,12,4.5,4.0,1.73
3970,2024/25,2024-12-26,Bournemouth,Crystal Palace,0,0,D,18,10,4,4,1.9,3.8,3.8
3971,2024/25,2024-12-26,Chelsea,Fulham,1,2,A,12,14,8,7,1.48,4.75,6.0
3972,2024/25,2024-12-26,Liverpool,Leicester,3,1,H,19,4,7,1,1.08,12.0,23.0
3973,2024/25,2024-12-26,Man City,Everton,1,1,D,24,8,5,3,1.33,5.5,7.5
3974,2024/25,2024-12-26,Newcastle,Aston Villa,3,0,H,22,4,8,1,1.91,3.8,3.75
3975,2024/25,2024-12-26,Nott'm Forest,Tottenham,1,0,H,10,13,3,4,2.3,3.75,2.88
3976,2024/25,2024-12-26,Southampton,West Ham,0,1,A,18,16,5,2,3.25,3.5,2.2
3977,2024/25,2024-12-26,Wolves,Man United,2,0,H,7,11,4,4,3.9,3.7,1.91
3978,2024/25,2024-12-27,Arsenal,Ipswich,1,0,H,13,3,5,0,1.14,9.0,15.0
3979,2024/25,2024-12-27,Brighton,Brentford,0,0,D,24,8,7,3,1.62,4.33,4.75
3980,2024/25,2024-12-29,Crystal Palace,Southampton,2,1,H,19,7,10,3,1.57,3.9,5.5
3981,2024/25,2024-12-29,Everton,Nott'm Forest,0,2,A,13,11,2,7,2.6,3.2,2.8
3982,2024/25,2024-12-29,Fulham,Bournemouth,2,2,D,11,16,6,9,2.3,3.6,2.88
3983,2024/25,2024-12-29,Leicester,Man City,0,2,A,11,14,4,5,7.5,5.5,1.36
3984,2024/25,2024-12-29,Tottenham,Wolves,2,2,D,13,11,3,3,1.6,5.0,4.2
3985,2024/25,2024-12-29,West Ham,Liverpool,0,5,A,7,22,0,13,7.0,5.0,1.4
3986,2024/25,2024-12-30,Aston Villa,Brighton,2,2,D,20,13,4,4,1.9,3.8,3.6
3987,2024/25,2024-12-30,Ipswich,Chelsea,2,0,H,9,20,6,5,6.5,4.75,1.42
3988,2024/25,2024-12-30,Man United,Newcastle,0,2,A,10,12,0,4,2.75,3.5,2.55
3989,2024/25,2025-01-01,Brentford,Arsenal,1,3,A,5,14,2,5,6.5,4.75,1.44
3990,2024/25,2025-01-04,Aston Villa,Leicester,2,1,H,13,4,5,2,1.33,5.5,8.5
3991,2024/25,2025-01-04,Bournemouth,Everton,1,0,H,19,9,8,0,1.73,3.75,4.75
3992,2024/25,2025-01-04,Brighton,Arsenal,1,1,D,11,9,4,3,4.33,3.75,1.8
3993,2024/25,2025-01-04,Crystal Palace,Chelsea,1,1,D,13,15,6,1,3.8,3.75,1.91
3994,2024/25,2025-01-04,Man City,West Ham,4,1,H,10,17,7,4,1.3,6.25,7.5
3995,2024/25,2025-01-04,Southampton,Brentford,0,5,A,8,20,1,11,3.0,3.4,2.4
3996,2024/25,2025-01-04,Tottenham,Newcastle,1,2,A,13,14,4,4,2.88,3.8,2.25
3997,2024/25,2025-01-05,Fulham,Ipswich,2,2,D,15,7,4,3,1.55,4.2,5.75
3998,2024/25,2025-01-05,Liverpool,Man United,2,2,D,19,13,6,4,1.29,6.25,8.0
3999,2024/25,2025-01-06,Wolves,Nott'm Forest,0,3,A,13,11,6,3,3.3,3.2,2.3
4000,2024/25,2025-01-14,Brentford,Man City,2,2,D,18,21,6,8,4.75,4.2,1.62
4001,2024/25,2025-01-14,Chelsea,Bournemouth,2,2,D,26,7,10,3,1.48,4.75,6.0
4002,2024/25,2025-01-14,Nott'm Forest,Liverpool,1,1,D,6,23,3,7,5.25,4.1,1.62
4003,2024/25,2025-01-14,West Ham,Fulham,3,2,H,4,21,3,5,3.0,3.4,2.38
4004,2024/25,2025-01-15,Arsenal,Tottenham,2,1,H,14,10,4,2,1.4,5.25,7.0
4005,2024/25,2025-01-15,Everton,Aston Villa,0,1,A,10,11,3,3,3.25,3.2,2.3
4006,2024/25,2025-01-15,Leicester,Crystal Palace,0,2,A,21,9,4,4,3.9,3.6,1.91
4007,2024/25,2025-01-15,Newcastle,Wolves,3,0,H,17,13,5,7,1.36,5.5,8.0
4008,2024/25,2025-01-16,Ipswich,Brighton,0,2,A,5,11,3,5,3.9,3.7,1.91
4009,2024/25,2025-01-16,Man United,Southampton,3,1,H,23,13,9,5,1.29,6.0,9.5
4010,2024/25,2025-01-18,Arsenal,Aston Villa,2,2,D,18,8,6,4,1.5,4.1,7.0
4011,2024/25,2025-01-18,Brentford,Liverpool,0,2,A,11,37,6,8,6.5,5.0,1.42
4012,2024/25,2025-01-18,Leicester,Fulham,0,2,A,8,17,4,2,4.33,3.7,1.8
4013,2024/25,2025-01-18,Newcastle,Bournemouth,1,4,A,13,19,5,10,1.62,4.2,5.0
4014,2024/25,2025-01-18,West Ham,Crystal Palace,0,2,A,7,12,0,7,2.6,3.5,2.63
4015,2024/25,2025-01-19,Everton,Tottenham,3,2,H,12,11,6,6,2.8,3.5,2.45
4016,2024/25,2025-01-19,Ipswich,Man City,0,6,A,8,17,4,9,7.5,5.25,1.36
4017,2024/25,2025-01-19,Man United,Brighton,1,3,A,10,6,1,3,2.1,3.6,3.3
4018,2024/25,2025-01-19,Nott'm Forest,Southampton,3,2,H,14,10,5,4,1.38,4.75,8.0
4019,2024/25,2025-01-20,Chelsea,Wolves,3,1,H,19,9,7,4,1.36,5.75,6.5
4020,2024/25,2025-01-25,Bournemouth,Nott'm Forest,5,0,H,16,18,10,4,2.05,3.7,3.4
4021,2024/25,2025-01-25,Brighton,Everton,0,1,A,16,3,1,1,1.67,3.75,5.5
4022,2024/25,2025-01-25,Liverpool,Ipswich,4,1,H,16,3,6,3,1.08,12.0,15.0
4023,2024/25,2025-01-25,Man City,Chelsea,3,1,H,15,10,6,4,2.05,4.0,3.3
4024,2024/25,2025-01-25,Southampton,Newcastle,1,3,A,12,17,5,9,6.5,5.25,1.42
4025,2024/25,2025-01-25,Wolves,Arsenal,0,1,A,9,9,4,3,7.0,4.5,1.45
4026,2024/25,2025-01-26,Aston Villa,West Ham,1,1,D,14,14,4,4,1.53,4.33,5.75
4027,2024/25,2025-01-26,Crystal Palace,Brentford,1,2,A,16,13,5,6,2.05,3.75,3.3
4028,2024/25,2025-01-26,Fulham,Man United,0,1,A,9,4,3,1,2.3,3.4,3.1
4029,2024/25,2025-01-26,Tottenham,Leicester,1,2,A,15,12,6,3,1.45,5.5,5.5
4030,2024/25,2025-02-01,Bournemouth,Liverpool,0,2,A,14,19,3,7,4.5,4.33,1.67
4031,2024/25,2025-02-01,Everton,Leicester,4,0,H,13,9,7,1,1.75,3.75,4.5
4032,2024/25,2025-02-01,Ipswich,Southampton,1,2,A,15,9,6,4,1.95,3.6,3.8
4033,2024/25,2025-02-01,Newcastle,Fulham,1,2,A,11,15,4,4,1.7,4.0,4.75
4034,2024/25,2025-02-01,Nott'm Forest,Brighton,7,0,H,14,10,9,5,2.38,3.5,2.8
4035,2024/25,2025-02-01,Wolves,Aston Villa,2,0,H,8,10,5,3,3.3,3.6,2.1
4036,2024/25,2025-02-02,Arsenal,Man City,5,1,H,12,7,7,4,1.95,3.5,4.0
4037,2024/25,2025-02-02,Brentford,Tottenham,0,2,A,20,13,4,2,2.1,3.9,3.2
4038,2024/25,2025-02-02,Man United,Crystal Palace,0,2,A,17,11,2,3,2.0,3.5,3.8
4039,2024/25,2025-02-03,Chelsea,West Ham,2,1,H,22,14,3,5,1.36,4.75,8.0
4040,2024/25,2025-02-12,Everton,Liverpool,2,2,D,10,6,3,4,7.5,4.5,1.44
4041,2024/25,2025-02-14,Brighton,Chelsea,3,0,H,13,8,5,0,2.7,3.6,2.45
4042,2024/25,2025-02-15,Aston Villa,Ipswich,1,1,D,25,4,6,3,1.4,4.75,7.0
4043,2024/25,2025-02-15,Crystal Palace,Everton,1,2,A,17,11,6,6,1.8,3.4,5.0
4044,2024/25,2025-02-15,Fulham,Nott'm Forest,2,1,H,24,8,10,2,2.2,3.4,3.3
4045,2024/25,2025-02-15,Leicester,Arsenal,0,2,A,6,11,2,5,8.5,5.0,1.33
4046,2024/25,2025-02-15,Man City,Newcastle,4,0,H,11,3,7,1,1.95,4.2,3.3
4047,2024/25,2025-02-15,Southampton,Bournemouth,1,3,A,11,14,4,7,6.0,4.5,1.5
4048,2024/25,2025-02-15,West Ham,Brentford,0,1,A,13,14,3,5,2.35,3.6,2.88
4049,2024/25,2025-02-16,Liverpool,Wolves,2,1,H,10,16,3,4,1.15,8.0,12.0
4050,2024/25,2025-02-16,Tottenham,Man United,1,0,H,22,16,7,6,2.45,3.75,2.62
4051,2024/25,2025-02-19,Aston Villa,Liverpool,2,2,D,9,17,4,3,3.9,4.0,1.83
4052,2024/25,2025-02-21,Leicester,Brentford,0,4,A,8,14,3,6,3.6,3.8,1.91
4053,2024/25,2025-02-22,Arsenal,West Ham,0,1,A,20,5,2,2,1.27,6.0,10.0
4054,2024/25,2025-02-22,Aston Villa,Chelsea,2,1,H,12,15,6,7,2.63,3.4,2.6
4055,2024/25,2025-02-22,Bournemouth,Wolves,0,1,A,8,13,3,5,1.53,4.5,5.5
4056,2024/25,2025-02-22,Everton,Man United,2,2,D,9,9,8,3,2.5,3.2,2.9
4057,2024/25,2025-02-22,Fulham,Crystal Palace,0,2,A,10,10,0,5,2.05,3.4,3.7
4058,2024/25,2025-02-22,Ipswich,Tottenham,1,4,A,17,10,5,6,4.1,3.6,1.9
4059,2024/25,2025-02-22,Southampton,Brighton,0,4,A,6,18,1,12,6.0,4.1,1.55
4060,2024/25,2025-02-23,Man City,Liverpool,0,2,A,16,8,5,4,2.88,3.8,2.25
4061,2024/25,2025-02-23,Newcastle,Nott'm Forest,4,3,H,13,17,5,5,1.8,3.8,4.2
4062,2024/25,2025-02-25,Brighton,Bournemouth,2,1,H,11,19,4,5,2.0,3.8,3.3
4063,2024/25,2025-02-25,Chelsea,Southampton,4,0,H,19,7,10,2,1.17,8.0,13.0
4064,2024/25,2025-02-25,Crystal Palace,Aston Villa,4,1,H,19,6,6,2,2.45,3.4,2.8
4065,2024/25,2025-02-25,Wolves,Fulham,1,2,A,18,11,5,5,2.63,3.3,2.63
4066,2024/25,2025-02-26,Brentford,Everton,1,1,D,12,14,3,4,2.0,3.7,3.5
4067,2024/25,2025-02-26,Liverpool,Newcastle,2,0,H,12,3,3,0,1.5,4.5,5.75
4068,2024/25,2025-02-26,Man United,Ipswich,3,2,H,10,12,6,3,1.53,4.33,6.0
4069,2024/25,2025-02-26,Nott'm Forest,Arsenal,0,0,D,6,13,2,1,3.9,3.6,1.95
4070,2024/25,2025-02-26,Tottenham,Man City,0,1,A,11,12,6,5,3.25,4.0,2.0
4071,2024/25,2025-02-27,West Ham,Leicester,2,0,H,8,10,2,2,1.62,4.2,5.0
4072,2024/25,2025-03-08,Brentford,Aston Villa,0,1,A,13,12,3,4,2.2,3.8,2.9
4073,2024/25,2025-03-08,Brighton,Fulham,2,1,H,9,6,4,1,1.95,3.6,3.75
4074,2024/25,2025-03-08,Crystal Palace,Ipswich,1,0,H,19,15,4,8,1.45,4.75,6.25
4075,2024/25,2025-03-08,Liverpool,Southampton,3,1,H,28,6,7,4,1.1,9.0,19.0
4076,2024/25,2025-03-08,Nott'm Forest,Man City,1,0,H,9,14,4,3,4.0,3.75,1.85
4077,2024/25,2025-03-08,Wolves,Everton,1,1,D,11,12,3,4,2.6,3.1,2.88
4078,2024/25,2025-03-09,Chelsea,Leicester,1,0,H,20,3,7,3,1.18,8.0,12.0
4079,2024/25,2025-03-09,Man United,Arsenal,1,1,D,10,17,6,6,5.75,3.5,1.7
4080,2024/25,2025-03-09,Tottenham,Bournemouth,2,2,D,12,17,4,8,2.7,3.9,2.35
4081,2024/25,2025-03-10,West Ham,Newcastle,0,1,A,9,9,2,3,3.25,3.4,2.2
4082,2024/25,2025-03-15,Bournemouth,Brentford,1,2,A,17,10,5,4,1.73,4.2,4.2
4083,2024/25,2025-03-15,Everton,West Ham,1,1,D,13,10,5,5,2.05,3.2,3.9
4084,2024/25,2025-03-15,Ipswich,Nott'm Forest,2,4,A,11,11,4,6,3.75,3.5,2.0
4085,2024/25,2025-03-15,Man City,Brighton,2,2,D,11,15,3,3,1.67,4.33,4.5
4086,2024/25,2025-03-15,Southampton,Wolves,1,2,A,10,5,3,3,3.7,3.4,2.0
4087,2024/25,2025-03-16,Arsenal,Chelsea,1,0,H,12,8,4,2,1.8,3.6,4.5
4088,2024/25,2025-03-16,Fulham,Tottenham,2,0,H,13,12,4,4,2.0,3.75,3.6
4089,2024/25,2025-03-16,Leicester,Man United,0,3,A,11,18,3,5,4.5,3.5,1.83
4090,2024/25,2025-04-01,Arsenal,Fulham,2,1,H,17,9,4,3,1.48,4.33,7.0
4091,2024/25,2025-04-01,Nott'm Forest,Man United,1,0,H,8,23,2,6,2.3,3.4,3.1
4092,2024/25,2025-04-01,Wolves,West Ham,1,0,H,9,10,2,1,2.5,3.2,2.9
4093,2024/25,2025-04-02,Bournemouth,Ipswich,1,2,A,24,10,7,2,1.36,5.25,7.5
4094,2024/25,2025-04-02,Brighton,Aston Villa,0,3,A,11,8,4,5,2.05,3.8,3.25
4095,2024/25,2025-04-02,Liverpool,Everton,1,0,H,17,5,3,0,1.36,5.0,8.0
4096,2024/25,2025-04-02,Man City,Leicester,2,0,H,18,2,5,0,1.2,8.0,10.0
4097,2024/25,2025-04-02,Newcastle,Brentford,2,1,H,21,12,4,3,1.73,4.5,4.0
4098,2024/25,2025-04-02,Southampton,Crystal Palace,1,1,D,8,9,2,3,5.75,3.8,1.62
4099,2024/25,2025-04-03,Chelsea,Tottenham,1,0,H,11,8,5,2,1.65,4.5,4.5
4100,2024/25,2025-04-05,Aston Villa,Nott'm Forest,2,1,H,17,19,8,3,1.95,3.6,3.7
4101,2024/25,2025-04-05,Crystal Palace,Brighton,2,1,H,8,11,3,5,2.35,3.6,2.8
4102,2024/25,2025-04-05,Everton,Arsenal,1,1,D,5,14,2,5,5.25,3.25,1.75
4103,2024/25,2025-04-05,Ipswich,Wolves,1,2,A,6,22,2,7,2.7,3.25,2.63
4104,2024/25,2025-04-05,West Ham,Bournemouth,2,2,D,9,11,3,4,3.0,3.5,2.3
4105,2024/25,2025-04-06,Brentford,Chelsea,0,0,D,9,21,2,5,3.2,3.6,2.15
4106,2024/25,2025-04-06,Fulham,Liverpool,3,2,H,12,14,6,6,4.5,3.5,1.83
4107,2024/25,2025-04-06,Man United,Man City,0,0,D,13,9,2,5,3.4,3.6,2.1
4108,2024/25,2025-04-06,Tottenham,Southampton,3,1,H,13,12,8,4,1.38,5.5,6.5
4109,2024/25,2025-04-07,Leicester,Newcastle,0,3,A,7,16,2,5,6.5,4.2,1.48
4110,2024/25,2025-04-12,Arsenal,Brentford,1,1,D,14,3,3,2,1.6,4.33,5.0
4111,2024/25,2025-04-12,Brighton,Leicester,2,2,D,21,15,7,6,1.29,6.0,10.0
4112,2024/25,2025-04-12,Man City,Crystal Palace,5,2,H,21,8,9,3,1.5,4.75,5.75
4113,2024/25,2025-04-12,Nott'm Forest,Everton,0,1,A,10,13,5,5,2.1,3.3,3.7
4114,2024/25,2025-04-12,Southampton,Aston Villa,0,3,A,7,25,2,10,6.0,4.2,1.55
4115,2024/25,2025-04-13,Chelsea,Ipswich,2,2,D,34,13,9,4,1.27,7.0,8.5
4116,2024/25,2025-04-13,Liverpool,West Ham,2,1,H,15,11,6,4,1.3,6.0,8.0
4117,2024/25,2025-04-13,Newcastle,Man United,4,1,H,13,9,6,5,1.65,4.2,4.75
4118,2024/25,2025-04-13,Wolves,Tottenham,4,2,H,13,11,5,4,2.2,3.6,3.1
4119,2024/25,2025-04-14,Bournemouth,Fulham,1,0,H,12,12,3,7,2.15,3.5,3.3
4120,2024/25,2025-04-16,Newcastle,Crystal Palace,5,0,H,14,11,7,4,1.67,3.9,5.0
4121,2024/25,2025-04-19,Aston Villa,Newcastle,4,1,H,23,10,9,3,2.3,3.6,2.75
4122,2024/25,2025-04-19,Brentford,Brighton,4,2,H,16,12,8,3,2.4,3.75,2.63
4123,2024/25,2025-04-19,Crystal Palace,Bournemouth,0,0,D,5,15,0,4,2.45,3.6,2.63
4124,2024/25,2025-04-19,Everton,Man City,0,2,A,8,12,3,7,3.7,3.6,1.91
4125,2024/25,2025-04-19,West Ham,Southampton,1,1,D,12,15,4,4,1.48,4.33,6.5
4126,2024/25,2025-04-20,Fulham,Chelsea,1,2,A,6,13,1,8,2.7,3.7,2.35
4127,2024/25,2025-04-20,Ipswich,Arsenal,0,4,A,4,24,0,7,8.0,4.5,1.4
4128,2024/25,2025-04-20,Leicester,Liverpool,0,1,A,5,28,0,10,11.0,6.25,1.22
4129,2024/25,2025-04-20,Man United,Wolves,0,1,A,12,4,2,2,2.0,3.6,3.6
4130,2024/25,2025-04-21,Tottenham,Nott'm Forest,1,2,A,22,4,6,3,2.45,3.6,2.63
4131,2024/25,2025-04-22,Man City,Aston Villa,2,1,H,14,7,6,3,1.8,4.1,3.9
4132,2024/25,2025-04-23,Arsenal,Crystal Palace,2,2,D,12,15,6,4,1.4,4.75,7.5
4133,2024/25,2025-04-26,Brighton,West Ham,3,2,H,16,12,9,4,1.67,4.2,4.75
4134,2024/25,2025-04-26,Chelsea,Everton,1,0,H,10,6,7,3,1.55,4.0,6.0
4135,2024/25,2025-04-26,Newcastle,Ipswich,3,0,H,25,4,5,0,1.18,7.5,13.0
4136,2024/25,2025-04-26,Southampton,Fulham,1,2,A,7,26,3,5,5.25,4.0,1.6
4137,2024/25,2025-04-26,Wolves,Leicester,3,0,H,20,8,6,2,1.5,4.2,6.25
4138,2024/25,2025-04-27,Bournemouth,Man United,1,1,D,8,25,1,6,1.67,4.0,4.5
4139,2024/25,2025-04-27,Liverpool,Tottenham,5,1,H,25,8,8,3,1.25,6.0,11.0
4140,2024/25,2025-05-01,Nott'm Forest,Brentford,0,2,A,14,11,5,3,2.15,3.5,3.25
4141,2024/25,2025-05-02,Man City,Wolves,1,0,H,9,6,2,1,1.4,4.75,7.5
4142,2024/25,2025-05-03,Arsenal,Bournemouth,1,2,A,13,9,4,2,2.05,3.7,3.4
4143,2024/25,2025-05-03,Aston Villa,Fulham,1,0,H,10,11,3,3,1.77,3.75,4.5
4144,2024/25,2025-05-03,Everton,Ipswich,2,2,D,8,12,3,5,1.45,4.33,6.5
4145,2024/25,2025-05-03,Leicester,Southampton,2,0,H,14,8,4,2,2.3,3.6,2.88
4146,2024/25,2025-05-04,Brentford,Man United,4,3,H,12,14,6,5,1.65,4.1,4.75
4147,2024/25,2025-05-04,Brighton,Newcastle,1,1,D,5,13,2,5,2.88,3.7,2.3
4148,2024/25,2025-05-04,Chelsea,Liverpool,3,1,H,17,11,7,2,2.15,3.7,3.1
4149,2024/25,2025-05-04,West Ham,Tottenham,1,1,D,11,7,2,2,2.1,3.7,3.25
4150,2024/25,2025-05-05,Crystal Palace,Nott'm Forest,1,1,D,20,12,3,4,2.25,3.4,3.2
4151,2024/25,2025-05-10,Bournemouth,Aston Villa,0,1,A,10,6,4,3,2.4,3.6,2.75
4152,2024/25,2025-05-10,Fulham,Everton,1,3,A,18,11,6,7,1.82,3.4,4.5
4153,2024/25,2025-05-10,Ipswich,Brentford,0,1,A,11,15,4,5,5.0,4.0,1.65
4154,2024/25,2025-05-10,Southampton,Man City,0,0,D,2,26,0,5,11.0,7.5,1.2
4155,2024/25,2025-05-10,Wolves,Brighton,0,2,A,10,7,3,2,2.7,3.5,2.5
4156,2024/25,2025-05-11,Liverpool,Arsenal,2,2,D,14,15,5,7,2.0,3.6,3.6
4157,2024/25,2025-05-11,Man United,West Ham,0,2,A,20,9,5,4,1.9,3.6,4.0
4158,2024/25,2025-05-11,Newcastle,Chelsea,2,0,H,15,10,6,3,2.1,3.75,3.1
4159,2024/25,2025-05-11,Nott'm Forest,Leicester,2,2,D,15,10,4,6,1.33,5.25,8.0
4160,2024/25,2025-05-11,Tottenham,Crystal Palace,0,2,A,8,23,1,10,2.63,3.6,2.5
4161,2024/25,2025-05-16,Aston Villa,Tottenham,2,0,H,18,3,7,1,1.3,6.0,8.5
4162,2024/25,2025-05-16,Chelsea,Man United,1,0,H,11,4,3,1,1.44,5.0,6.25
4163,2024/25,2025-05-18,Arsenal,Newcastle,1,0,H,12,14,4,5,1.95,3.7,3.7
4164,2024/25,2025-05-18,Brentford,Fulham,2,3,A,11,16,6,7,1.91,3.9,3.6
4165,2024/25,2025-05-18,Everton,Southampton,2,0,H,13,6,5,2,1.4,4.75,7.5
4166,2024/25,2025-05-18,Leicester,Ipswich,2,0,H,9,20,3,2,2.3,3.6,2.9
4167,2024/25,2025-05-18,West Ham,Nott'm Forest,1,2,A,16,10,5,5,2.75,3.3,2.55
4168,2024/25,2025-05-19,Brighton,Liverpool,3,2,H,25,18,12,5,2.6,3.75,2.45
4169,2024/25,2025-05-20,Crystal Palace,Wolves,4,2,H,14,12,10,3,2.25,3.3,3.2
4170,2024/25,2025-05-20,Man City,Bournemouth,3,1,H,12,8,5,2,1.55,4.33,5.75
4171,2024/25,2025-05-25,Bournemouth,Leicester,2,0,H,20,3,7,0,1.33,5.25,8.5
4172,2024/25,2025-05-25,Fulham,Man City,0,2,A,13,20,3,5,5.0,4.2,1.6
4173,2024/25,2025-05-25,Ipswich,West Ham,1,3,A,14,10,4,6,3.0,3.8,2.2
4174,2024/25,2025-05-25,Liverpool,Crystal Palace,1,1,D,14,8,3,5,1.4,6.0,5.75
4175,2024/25,2025-05-25,Man United,Aston Villa,2,0,H,25,6,10,1,4.33,4.2,1.7
4176,2024/25,2025-05-25,Newcastle,Everton,0,1,A,17,14,6,6,1.33,5.5,8.5
4177,2024/25,2025-05-25,Nott'm Forest,Chelsea,0,1,A,10,6,2,2,3.0,3.75,2.2
4178,2024/25,2025-05-25,Southampton,Arsenal,1,2,A,7,23,2,8,8.5,6.0,1.3
4179,2024/25,2025-05-25,Tottenham,Brighton,1,4,A,4,23,2,8,4.2,4.33,1.7
4180,2024/25,2025-05-25,Wolves,Brentford,1,1,D,18,13,6,7,2.7,3.7,2.45
4181,2025/26,2025-08-15,Liverpool,Bournemouth,4,2,H,19,10,10,3,1.3,6.0,8.5
4182,2025/26,2025-08-16,Aston Villa,Newcastle,0,0,D,3,16,3,3,2.25,3.5,2.9
4183,2025/26,2025-08-16,Brighton,Fulham,1,1,D,10,7,4,2,1.91,3.6,4.0
4184,2025/26,2025-08-16,Sunderland,West Ham,3,0,H,10,12,5,4,3.25,3.4,2.25
4185,2025/26,2025-08-16,Tottenham,Burnley,3,0,H,16,14,6,4,1.38,4.75,8.5
4186,2025/26,2025-08-16,Wolves,Man City,0,4,A,9,15,3,4,6.25,4.75,1.45
4187,2025/26,2025-08-17,Chelsea,Crystal Palace,0,0,D,19,12,3,4,1.62,4.33,4.5
4188,2025/26,2025-08-17,Man United,Arsenal,0,1,A,22,9,7,3,3.6,3.6,1.95
4189,2025/26,2025-08-17,Nott'm Forest,Brentford,3,1,H,11,10,5,3,2.2,3.3,3.5
4190,2025/26,2025-08-18,Leeds,Everton,1,0,H,21,7,3,1,2.38,3.3,3.0
4191,2025/26,2025-08-22,West Ham,Chelsea,1,5,A,12,12,4,7,4.75,3.8,1.73
4192,2025/26,2025-08-23,Arsenal,Leeds,5,0,H,18,3,5,1,1.27,6.25,9.5
4193,2025/26,2025-08-23,Bournemouth,Wolves,1,0,H,14,6,4,1,1.8,3.8,4.2
4194,2025/26,2025-08-23,Brentford,Aston Villa,1,0,H,9,17,2,2,3.1,3.6,2.2
4195,2025/26,2025-08-23,Burnley,Sunderland,2,0,H,7,9,2,1,2.2,3.2,3.5
4196,2025/26,2025-08-23,Man City,Tottenham,0,2,A,10,12,4,5,1.48,4.5,6.25
4197,2025/26,2025-08-24,Crystal Palace,Nott'm Forest,1,1,D,8,9,4,1,2.35,3.3,3.1
4198,2025/26,2025-08-24,Everton,Brighton,2,0,H,11,13,3,4,3.1,3.3,2.3
4199,2025/26,2025-08-24,Fulham,Man United,1,1,D,13,10,4,3,3.25,3.5,2.15
4200,2025/26,2025-08-25,Newcastle,Liverpool,2,3,A,10,5,3,4,3.25,3.8,2.05
4201,2025/26,2025-08-30,Chelsea,Fulham,2,0,H,13,11,6,3,1.55,4.33,5.25
4202,2025/26,2025-08-30,Leeds,Newcastle,0,0,D,10,8,1,2,3.5,3.4,2.1
4203,2025/26,2025-08-30,Man United,Burnley,3,2,H,26,6,6,3,1.33,5.25,8.0
4204,2025/26,2025-08-30,Sunderland,Brentford,2,1,H,12,7,3,4,3.0,3.3,2.4
4205,2025/26,2025-08-30,Tottenham,Bournemouth,0,1,A,5,20,1,6,1.73,4.2,4.2
4206,2025/26,2025-08-30,Wolves,Everton,2,3,A,12,10,4,4,2.7,3.2,2.75
4207,2025/26,2025-08-31,Aston Villa,Crystal Palace,0,3,A,13,6,4,4,1.85,3.7,4.0
4208,2025/26,2025-08-31,Brighton,Man City,2,1,H,12,12,7,3,3.8,3.9,1.9
4209,2025/26,2025-08-31,Liverpool,Arsenal,1,0,H,9,11,3,1,2.2,3.5,3.2
4210,2025/26,2025-08-31,Nott'm Forest,West Ham,0,3,A,11,12,3,8,1.67,3.75,5.25
4211,2025/26,2025-09-13,Arsenal,Nott'm Forest,3,0,H,16,5,5,1,1.38,5.0,8.0
4212,2025/26,2025-09-13,Bournemouth,Brighton,2,1,H,13,6,5,2,2.35,3.5,2.9
4213,2025/26,2025-09-13,Brentford,Chelsea,2,2,D,7,16,4,6,4.5,3.9,1.73
4214,2025/26,2025-09-13,Crystal Palace,Sunderland,0,0,D,14,6,6,0,1.65,3.75,5.75
4215,2025/26,2025-09-13,Everton,Aston Villa,0,0,D,20,7,2,1,2.45,3.3,2.9
4216,2025/26,2025-09-13,Fulham,Leeds,1,0,H,5,10,3,3,1.91,3.5,4.0
4217,2025/26,2025-09-13,Newcastle,Wolves,1,0,H,16,8,4,3,1.42,4.75,7.0
4218,2025/26,2025-09-13,West Ham,Tottenham,0,3,A,7,14,4,5,3.4,3.6,2.1
4219,2025/26,2025-09-14,Burnley,Liverpool,0,1,A,3,27,0,4,8.0,5.5,1.33
4220,2025/26,2025-09-14,Man City,Man United,3,0,H,13,12,6,2,1.75,4.0,4.2
4221,2025/26,2025-09-20,Brighton,Tottenham,2,2,D,12,11,4,3,2.25,3.7,3.0
4222,2025/26,2025-09-20,Burnley,Nott'm Forest,1,1,D,12,17,5,8,3.4,3.3,2.2
4223,2025/26,2025-09-20,Fulham,Brentford,3,1,H,14,8,3,3,2.0,3.4,3.8
4224,2025/26,2025-09-20,Liverpool,Everton,2,1,H,11,9,3,2,1.45,4.75,6.5
4225,2025/26,2025-09-20,Man United,Chelsea,2,1,H,11,5,4,1,2.6,3.8,2.45
4226,2025/26,2025-09-20,West Ham,Crystal Palace,1,2,A,8,18,3,3,2.88,3.5,2.38
4227,2025/26,2025-09-20,Wolves,Leeds,1,3,A,16,6,6,4,2.7,3.2,2.75
4228,2025/26,2025-09-21,Arsenal,Man City,1,1,D,12,5,3,3,1.85,3.9,3.8
4229,2025/26,2025-09-21,Bournemouth,Newcastle,0,0,D,11,4,2,1,2.5,3.5,2.7
4230,2025/26,2025-09-21,Sunderland,Aston Villa,1,1,D,14,12,4,2,3.4,3.5,2.1
4231,2025/26,2025-09-27,Brentford,Man United,3,1,H,10,14,8,6,3.4,3.8,2.0
4232,2025/26,2025-09-27,Chelsea,Brighton,1,3,A,13,12,3,3,1.85,3.8,3.8
4233,2025/26,2025-09-27,Crystal Palace,Liverpool,2,1,H,16,20,7,4,3.8,3.8,1.9
4234,2025/26,2025-09-27,Leeds,Bournemouth,2,2,D,19,12,8,5,3.1,3.25,2.38
4235,2025/26,2025-09-27,Man City,Burnley,5,1,H,21,9,8,2,1.17,7.5,15.0
4236,2025/26,2025-09-27,Nott'm Forest,Sunderland,0,1,A,22,11,6,3,1.75,3.75,4.5
4237,2025/26,2025-09-27,Tottenham,Wolves,1,1,D,10,9,3,3,1.5,4.5,6.0
4238,2025/26,2025-09-28,Aston Villa,Fulham,3,1,H,9,11,4,4,2.3,3.1,3.4
4239,2025/26,2025-09-28,Newcastle,Arsenal,1,2,A,8,20,3,7,3.6,3.4,2.1
4240,2025/26,2025-09-29,Everton,West Ham,1,1,D,12,14,6,3,1.7,3.75,5.0
4241,2025/26,2025-10-03,Bournemouth,Fulham,3,1,H,11,12,6,4,1.95,3.5,3.9
4242,2025/26,2025-10-04,Arsenal,West Ham,2,0,H,21,4,5,0,1.18,6.5,17.0
4243,2025/26,2025-10-04,Chelsea,Liverpool,2,1,H,12,12,6,2,2.8,3.75,2.3
4244,2025/26,2025-10-04,Leeds,Tottenham,1,2,A,16,9,4,3,2.7,3.5,2.5
4245,2025/26,2025-10-04,Man United,Sunderland,2,0,H,15,8,6,3,1.5,4.75,5.75
4246,2025/26,2025-10-05,Aston Villa,Burnley,2,1,H,15,5,7,2,1.6,4.0,5.75
4247,2025/26,2025-10-05,Brentford,Man City,0,1,A,6,10,1,4,4.75,4.5,1.62
4248,2025/26,2025-10-05,Everton,Crystal Palace,2,1,H,14,15,7,8,2.45,3.25,3.0
4249,2025/26,2025-10-05,Newcastle,Nott'm Forest,2,0,H,18,5,9,4,1.57,4.2,5.5
4250,2025/26,2025-10-05,Wolves,Brighton,1,1,D,6,17,3,6,3.6,3.7,2.0
4251,2025/26,2025-10-18,Brighton,Newcastle,2,1,H,13,16,5,3,2.63,3.4,2.6
4252,2025/26,2025-10-18,Burnley,Leeds,2,0,H,4,19,3,4,3.25,3.25,2.25
4253,2025/26,2025-10-18,Crystal Palace,Bournemouth,3,3,D,20,8,7,5,2.2,3.4,3.25
4254,2025/26,2025-10-18,Fulham,Arsenal,0,1,A,9,16,0,5,5.75,4.1,1.55
4255,2025/26,2025-10-18,Man City,Everton,2,0,H,19,5,7,1,1.4,5.0,7.0
4256,2025/26,2025-10-18,Nott'm Forest,Chelsea,0,3,A,12,17,2,6,3.7,3.8,1.95
4257,2025/26,2025-10-18,Sunderland,Wolves,2,0,H,8,16,2,3,2.5,3.0,3.1
4258,2025/26,2025-10-19,Liverpool,Man United,1,2,A,19,12,6,4,1.6,4.5,5.0
4259,2025/26,2025-10-19,Tottenham,Aston Villa,1,2,A,9,8,3,2,2.05,3.5,3.5
4260,2025/26,2025-10-20,West Ham,Brentford,0,2,A,7,22,1,7,2.5,3.25,2.88
4261,2025/26,2025-10-24,Leeds,West Ham,2,1,H,13,9,5,3,1.8,3.5,4.75
4262,2025/26,2025-10-25,Brentford,Liverpool,3,2,H,17,18,8,5,4.1,4.2,1.75
4263,2025/26,2025-10-25,Chelsea,Sunderland,1,2,A,16,10,7,4,1.36,4.75,9.0
4264,2025/26,2025-10-25,Man United,Brighton,4,2,H,13,17,9,5,1.95,3.8,3.5
4265,2025/26,2025-10-25,Newcastle,Fulham,2,1,H,18,12,7,5,1.62,3.9,5.5
4266,2025/26,2025-10-26,Arsenal,Crystal Palace,1,0,H,10,7,3,1,1.4,4.75,7.5
4267,2025/26,2025-10-26,Aston Villa,Man City,1,0,H,9,18,3,4,4.33,3.8,1.8
4268,2025/26,2025-10-26,Bournemouth,Nott'm Forest,2,0,H,13,8,5,4,1.8,3.8,4.33
4269,2025/26,2025-10-26,Everton,Tottenham,0,3,A,12,7,2,4,2.35,3.4,3.0
4270,2025/26,2025-10-26,Wolves,Burnley,2,3,A,15,11,7,7,1.95,3.3,4.2
4271,2025/26,2025-11-01,Brighton,Leeds,3,0,H,14,5,7,2,1.85,3.75,4.0
4272,2025/26,2025-11-01,Burnley,Arsenal,0,2,A,3,12,0,8,10.0,6.0,1.27
4273,2025/26,2025-11-01,Crystal Palace,Brentford,2,0,H,9,6,2,2,1.91,3.6,3.9
4274,2025/26,2025-11-01,Fulham,Wolves,3,0,H,19,5,6,2,1.83,3.5,4.5
4275,2025/26,2025-11-01,Liverpool,Aston Villa,2,0,H,16,10,4,3,1.65,4.33,4.5
4276,2025/26,2025-11-01,Nott'm Forest,Man United,2,2,D,17,18,3,7,3.3,3.75,2.05
4277,2025/26,2025-11-01,Tottenham,Chelsea,0,1,A,3,15,1,9,2.7,3.5,2.5
4278,2025/26,2025-11-02,Man City,Bournemouth,3,1,H,15,8,8,5,1.5,4.75,5.75
4279,2025/26,2025-11-02,West Ham,Newcastle,3,1,H,15,12,9,4,5.25,4.0,1.62
4280,2025/26,2025-11-03,Sunderland,Everton,1,1,D,17,8,3,2,2.7,3.2,2.7
4281,2025/26,2025-11-08,Chelsea,Wolves,3,0,H,20,3,8,0,1.36,4.75,8.5
4282,2025/26,2025-11-08,Everton,Fulham,2,0,H,14,8,5,4,2.2,3.3,3.4
4283,2025/26,2025-11-08,Sunderland,Arsenal,2,2,D,6,17,2,7,7.5,5.0,1.38
4284,2025/26,2025-11-08,Tottenham,Man United,2,2,D,10,5,4,2,2.63,3.6,2.5
4285,2025/26,2025-11-08,West Ham,Burnley,3,2,H,15,16,6,7,1.91,3.5,4.0
4286,2025/26,2025-11-09,Aston Villa,Bournemouth,4,0,H,16,13,8,4,2.2,3.4,3.25
4287,2025/26,2025-11-09,Brentford,Newcastle,3,1,H,15,5,7,1,2.8,3.5,2.45
4288,2025/26,2025-11-09,Crystal Palace,Brighton,0,0,D,10,7,2,3,2.25,3.5,3.1
4289,2025/26,2025-11-09,Man City,Liverpool,3,0,H,14,7,6,1,1.9,3.9,3.7
4290,2025/26,2025-11-09,Nott'm Forest,Leeds,3,1,H,14,10,6,3,2.25,3.25,3.3
4291,2025/26,2025-11-22,Bournemouth,West Ham,2,2,D,28,5,10,2,1.62,4.2,4.75
4292,2025/26,2025-11-22,Brighton,Brentford,2,1,H,14,10,5,4,1.91,3.6,4.0
4293,2025/26,2025-11-22,Burnley,Chelsea,0,2,A,8,15,2,5,6.25,4.5,1.48
4294,2025/26,2025-11-22,Fulham,Sunderland,1,0,H,24,4,6,2,2.1,3.25,3.75
4295,2025/26,2025-11-22,Liverpool,Nott'm Forest,0,3,A,21,15,4,7,1.44,5.0,6.25
4296,2025/26,2025-11-22,Newcastle,Man City,2,1,H,9,17,5,4,3.6,3.8,1.95
4297,2025/26,2025-11-22,Wolves,Crystal Palace,0,2,A,8,10,1,4,3.8,3.6,1.95
4298,2025/26,2025-11-23,Arsenal,Tottenham,4,1,H,17,3,8,2,1.42,4.75,7.5
4299,2025/26,2025-11-23,Leeds,Aston Villa,1,2,A,14,14,5,3,3.0,3.3,2.4
4300,2025/26,2025-11-24,Man United,Everton,0,1,A,25,3,6,1,1.75,4.0,4.33
4301,2025/26,2025-11-29,Brentford,Burnley,3,1,H,14,6,4,2,1.45,4.5,7.0
4302,2025/26,2025-11-29,Everton,Newcastle,1,4,A,10,13,2,8,2.8,3.25,2.63
4303,2025/26,2025-11-29,Man City,Leeds,3,2,H,18,9,9,4,1.22,6.5,12.0
4304,2025/26,2025-11-29,Sunderland,Bournemouth,3,2,H,12,18,6,6,3.2,3.3,2.3
4305,2025/26,2025-11-29,Tottenham,Fulham,1,2,A,14,7,2,3,2.2,3.3,3.3
4306,2025/26,2025-11-30,Aston Villa,Wolves,1,0,H,16,9,6,4,1.5,4.33,6.5
4307,2025/26,2025-11-30,Chelsea,Arsenal,1,1,D,11,8,4,4,3.4,3.3,2.2
4308,2025/26,2025-11-30,Crystal Palace,Man United,1,2,A,14,14,3,6,2.3,3.4,3.1
4309,2025/26,2025-11-30,Nott'm Forest,Brighton,0,2,A,19,17,3,6,2.75,3.3,2.63
4310,2025/26,2025-11-30,West Ham,Liverpool,0,2,A,7,9,0,5,4.33,4.33,1.67
4311,2025/26,2025-12-02,Bournemouth,Everton,0,1,A,5,13,2,3,2.2,3.25,3.3
4312,2025/26,2025-12-02,Fulham,Man City,4,5,A,12,11,6,4,4.33,4.1,1.73
4313,2025/26,2025-12-02,Newcastle,Tottenham,2,2,D,19,8,7,2,1.83,3.8,4.1
4314,2025/26,2025-12-03,Arsenal,Brentford,2,0,H,15,6,7,1,1.36,5.0,8.5
4315,2025/26,2025-12-03,Brighton,Aston Villa,3,4,A,16,14,7,10,2.15,3.5,3.4
4316,2025/26,2025-12-03,Burnley,Crystal Palace,0,1,A,11,3,4,3,4.5,3.8,1.75
4317,2025/26,2025-12-03,Leeds,Chelsea,3,1,H,17,14,5,2,4.1,4.1,1.8
4318,2025/26,2025-12-03,Liverpool,Sunderland,1,1,D,23,9,4,6,1.36,5.25,7.0
4319,2025/26,2025-12-03,Wolves,Nott'm Forest,0,1,A,5,10,1,3,3.25,3.4,2.25
4320,2025/26,2025-12-04,Man United,West Ham,1,1,D,17,11,4,3,1.45,5.0,6.0
4321,2025/26,2025-12-06,Aston Villa,Arsenal,2,1,H,15,15,6,9,4.2,3.5,1.9
4322,2025/26,2025-12-06,Bournemouth,Chelsea,0,0,D,13,11,5,4,3.1,3.75,2.15
4323,2025/26,2025-12-06,Everton,Nott'm Forest,3,0,H,11,7,5,3,2.2,3.2,3.5
4324,2025/26,2025-12-06,Leeds,Liverpool,3,3,D,12,16,5,7,3.8,4.0,1.85
4325,2025/26,2025-12-06,Man City,Sunderland,3,0,H,18,8,6,1,1.25,6.5,10.0
4326,2025/26,2025-12-06,Newcastle,Burnley,2,1,H,17,9,7,3,1.27,6.0,9.5
4327,2025/26,2025-12-06,Tottenham,Brentford,2,0,H,15,4,7,1,2.3,3.5,3.0
4328,2025/26,2025-12-07,Brighton,West Ham,1,1,D,22,14,4,5,1.55,4.33,5.75
4329,2025/26,2025-12-07,Fulham,Crystal Palace,1,2,A,12,11,4,5,2.55,3.3,2.8
4330,2025/26,2025-12-08,Wolves,Man United,1,4,A,8,27,2,10,4.2,4.0,1.75
4331,2025/26,2025-12-13,Arsenal,Wolves,2,1,H,16,3,2,2,1.13,8.5,21.0
4332,2025/26,2025-12-13,Burnley,Fulham,2,3,A,16,6,8,4,4.0,3.5,1.91
4333,2025/26,2025-12-13,Chelsea,Everton,2,0,H,17,11,5,2,1.67,3.8,5.25
4334,2025/26,2025-12-13,Liverpool,Brighton,2,0,H,18,14,4,1,1.67,4.0,4.75
4335,2025/26,2025-12-14,Brentford,Leeds,1,1,D,7,18,2,4,1.91,3.6,4.0
4336,2025/26,2025-12-14,Crystal Palace,Man City,0,3,A,16,7,4,6,3.9,3.9,1.85
4337,2025/26,2025-12-14,Nott'm Forest,Tottenham,3,0,H,15,6,6,1,2.55,3.3,2.8
4338,2025/26,2025-12-14,Sunderland,Newcastle,1,0,H,5,6,1,2,3.3,3.3,2.25
4339,2025/26,2025-12-14,West Ham,Aston Villa,2,3,A,10,7,3,4,3.75,3.5,2.0
4340,2025/26,2025-12-15,Man United,Bournemouth,4,4,D,25,14,9,9,1.83,4.0,3.8
4341,2025/26,2025-12-20,Bournemouth,Burnley,1,1,D,16,4,1,1,1.48,4.33,6.5
4342,2025/26,2025-12-20,Brighton,Sunderland,0,0,D,16,14,4,6,1.67,4.0,5.25
4343,2025/26,2025-12-20,Everton,Arsenal,0,1,A,5,13,1,2,5.75,4.1,1.57
4344,2025/26,2025-12-20,Leeds,Crystal Palace,4,1,H,20,9,8,3,2.6,3.3,2.75
4345,2025/26,2025-12-20,Man City,West Ham,3,0,H,17,7,8,3,1.22,8.0,10.0
4346,2025/26,2025-12-20,Newcastle,Chelsea,2,2,D,11,13,5,4,2.75,3.6,2.45
4347,2025/26,2025-12-20,Tottenham,Liverpool,1,2,A,15,8,4,4,3.5,3.75,2.0
4348,2025/26,2025-12-20,Wolves,Brentford,0,2,A,9,7,2,6,3.5,3.6,2.05
4349,2025/26,2025-12-21,Aston Villa,Man United,2,1,H,12,15,4,6,2.1,3.6,3.3
4350,2025/26,2025-12-22,Fulham,Nott'm Forest,1,0,H,11,12,1,2,2.4,3.25,3.0
4351,2025/26,2025-12-26,Man United,Newcastle,1,0,H,10,16,4,3,2.55,3.6,2.6
4352,2025/26,2025-12-27,Arsenal,Brighton,2,1,H,24,8,6,3,1.42,4.75,7.0
4353,2025/26,2025-12-27,Brentford,Bournemouth,4,1,H,15,20,7,10,2.25,3.6,3.0
4354,2025/26,2025-12-27,Burnley,Everton,0,0,D,16,15,0,6,4.1,3.4,1.95
4355,2025/26,2025-12-27,Chelsea,Aston Villa,1,2,A,14,11,3,8,1.83,3.9,4.0
4356,2025/26,2025-12-27,Liverpool,Wolves,2,1,H,14,9,4,4,1.25,6.5,10.0
4357,2025/26,2025-12-27,Nott'm Forest,Man City,1,2,A,7,16,2,5,5.0,4.33,1.6
4358,2025/26,2025-12-27,West Ham,Fulham,0,1,A,11,15,2,4,2.63,3.4,2.6
4359,2025/26,2025-12-28,Crystal Palace,Tottenham,0,1,A,15,8,2,4,2.25,3.25,3.2
4360,2025/26,2025-12-28,Sunderland,Leeds,1,1,D,8,17,3,6,2.5,3.1,2.88
4361,2025/26,2025-12-30,Arsenal,Aston Villa,4,1,H,22,11,7,3,1.42,4.75,7.0
4362,2025/26,2025-12-30,Burnley,Newcastle,1,3,A,15,20,4,9,5.25,4.2,1.6
4363,2025/26,2025-12-30,Chelsea,Bournemouth,2,2,D,17,17,3,6,1.5,4.75,5.75
4364,2025/26,2025-12-30,Man United,Wolves,1,1,D,15,11,6,4,1.36,5.25,8.0
4365,2025/26,2025-12-30,Nott'm Forest,Everton,0,2,A,21,11,6,3,2.1,3.25,3.7
4366,2025/26,2025-12-30,West Ham,Brighton,2,2,D,10,16,4,6,3.4,3.75,2.0
4367,2025/26,2026-01-01,Brentford,Tottenham,0,0,D,7,9,2,3,2.1,3.6,3.2
4368,2025/26,2026-01-01,Crystal Palace,Fulham,1,1,D,11,17,2,5,2.15,3.3,3.4
4369,2025/26,2026-01-01,Liverpool,Leeds,0,0,D,19,4,4,2,1.55,4.5,5.5
4370,2025/26,2026-01-01,Sunderland,Man City,0,0,D,10,14,4,4,7.5,4.75,1.38
4371,2025/26,2026-01-03,Aston Villa,Nott'm Forest,3,1,H,11,10,4,5,1.75,3.9,4.5
4372,2025/26,2026-01-03,Bournemouth,Arsenal,2,3,A,15,12,3,5,6.5,4.75,1.44
4373,2025/26,2026-01-03,Brighton,Burnley,2,0,H,15,5,4,3,1.48,4.33,7.0
4374,2025/26,2026-01-03,Wolves,West Ham,3,0,H,11,6,8,0,2.5,3.3,2.88
4375,2025/26,2026-01-04,Everton,Brentford,2,4,A,14,11,6,7,2.35,3.25,3.1
4376,2025/26,2026-01-04,Fulham,Liverpool,2,2,D,8,10,2,2,3.8,3.75,1.91
4377,2025/26,2026-01-04,Leeds,Man United,1,1,D,11,15,3,2,2.7,3.3,2.63
4378,2025/26,2026-01-04,Man City,Chelsea,1,1,D,14,8,3,3,1.6,4.75,4.5
4379,2025/26,2026-01-04,Newcastle,Crystal Palace,2,0,H,12,11,7,1,1.7,3.9,4.75
4380,2025/26,2026-01-04,Tottenham,Sunderland,1,1,D,13,10,5,3,1.8,3.6,4.5
4381,2025/26,2026-01-06,West Ham,Nott'm Forest,1,2,A,14,13,3,5,2.88,3.25,2.2
4382,2025/26,2026-01-07,Bournemouth,Tottenham,3,2,H,11,16,3,4,2.1,3.6,3.3
4383,2025/26,2026-01-07,Brentford,Sunderland,3,0,H,18,11,6,3,1.85,3.5,4.33
4384,2025/26,2026-01-07,Burnley,Man United,2,2,D,7,30,1,10,4.75,4.0,1.7
4385,2025/26,2026-01-07,Crystal Palace,Aston Villa,0,0,D,11,15,5,3,3.1,3.3,2.3
4386,2025/26,2026-01-07,Everton,Wolves,1,1,D,13,13,2,4,1.75,3.5,5.0
4387,2025/26,2026-01-07,Fulham,Chelsea,2,1,H,16,14,5,6,3.4,3.6,2.05
4388,2025/26,2026-01-07,Man City,Brighton,1,1,D,22,6,6,3,1.4,5.25,6.5
4389,2025/26,2026-01-07,Newcastle,Leeds,4,3,H,18,14,8,6,1.67,3.8,5.0
4390,2025/26,2026-01-08,Arsenal,Liverpool,0,0,D,9,8,4,0,1.6,4.1,5.0
4391,2025/26,2026-01-17,Chelsea,Brentford,2,0,H,6,15,2,5,1.73,4.0,4.75
4392,2025/26,2026-01-17,Leeds,Fulham,1,0,H,14,8,5,1,2.15,3.3,3.5
4393,2025/26,2026-01-17,Liverpool,Burnley,1,1,D,32,7,11,1,1.22,6.5,11.0
4394,2025/26,2026-01-17,Man United,Man City,2,0,H,11,7,7,1,3.7,3.8,1.91
4395,2025/26,2026-01-17,Nott'm Forest,Arsenal,0,0,D,6,15,0,3,6.0,4.33,1.53
4396,2025/26,2026-01-17,Sunderland,Crystal Palace,2,1,H,13,6,7,2,2.75,3.1,2.75
4397,2025/26,2026-01-17,Tottenham,West Ham,1,2,A,21,17,6,4,1.73,4.0,4.5
4398,2025/26,2026-01-18,Aston Villa,Everton,0,1,A,18,9,5,3,1.67,3.9,5.25
4399,2025/26,2026-01-18,Wolves,Newcastle,0,0,D,6,12,2,2,4.75,4.0,1.7
4400,2025/26,2026-01-19,Brighton,Bournemouth,1,1,D,17,11,5,2,1.85,3.9,3.8
4401,2025/26,2026-01-24,Bournemouth,Liverpool,3,2,H,12,14,5,4,3.75,3.8,1.9
4402,2025/26,2026-01-24,Burnley,Tottenham,2,2,D,9,18,4,11,3.7,3.5,2.05
4403,2025/26,2026-01-24,Fulham,Brighton,2,1,H,12,13,4,5,2.6,3.4,2.7
4404,2025/26,2026-01-24,Man City,Wolves,2,0,H,11,11,4,1,1.2,7.0,11.0
4405,2025/26,2026-01-24,West Ham,Sunderland,3,1,H,13,7,5,2,2.5,3.2,2.88
4406,2025/26,2026-01-25,Arsenal,Man United,2,3,A,15,10,4,3,1.55,4.2,6.0
4407,2025/26,2026-01-25,Brentford,Nott'm Forest,0,2,A,10,7,1,2,1.91,3.5,4.1
4408,2025/26,2026-01-25,Crystal Palace,Chelsea,1,3,A,13,10,7,6,3.5,3.8,2.0
4409,2025/26,2026-01-25,Newcastle,Aston Villa,0,2,A,15,14,4,8,1.95,3.7,3.7
4410,2025/26,2026-01-26,Everton,Leeds,1,1,D,10,14,3,4,2.5,3.25,2.9
4411,2025/26,2026-01-31,Brighton,Everton,1,1,D,11,7,2,4,1.85,3.6,4.1
4412,2025/26,2026-01-31,Chelsea,West Ham,3,2,H,14,11,6,6,1.5,4.5,6.0
4413,2025/26,2026-01-31,Leeds,Arsenal,0,4,A,3,14,1,8,5.75,4.2,1.55
4414,2025/26,2026-01-31,Liverpool,Newcastle,4,1,H,17,8,7,2,1.8,3.9,4.1
4415,2025/26,2026-01-31,Wolves,Bournemouth,0,2,A,17,9,7,4,2.9,3.5,2.3
4416,2025/26,2026-02-01,Aston Villa,Brentford,0,1,A,27,6,5,2,2.1,3.5,3.4
4417,2025/26,2026-02-01,Man United,Fulham,3,2,H,13,14,6,6,1.57,4.5,5.0
4418,2025/26,2026-02-01,Nott'm Forest,Crystal Palace,1,1,D,9,14,1,3,1.95,3.5,3.9
4419,2025/26,2026-02-01,Tottenham,Man City,2,2,D,12,15,6,3,4.5,4.1,1.73
4420,2025/26,2026-02-02,Sunderland,Burnley,3,0,H,14,5,5,0,1.8,3.5,4.75
4421,2025/26,2026-02-06,Leeds,Nott'm Forest,3,1,H,14,16,5,6,2.2,3.3,3.4
4422,2025/26,2026-02-07,Arsenal,Sunderland,3,0,H,16,5,5,3,1.22,6.25,12.0
4423,2025/26,2026-02-07,Bournemouth,Aston Villa,1,1,D,20,7,9,4,2.7,3.5,2.5
4424,2025/26,2026-02-07,Burnley,West Ham,0,2,A,18,6,5,4,3.3,3.5,2.15
4425,2025/26,2026-02-07,Fulham,Everton,1,2,A,13,16,3,3,2.1,3.25,3.75
4426,2025/26,2026-02-07,Man United,Tottenham,2,0,H,23,7,10,1,1.57,4.5,5.0
4427,2025/26,2026-02-07,Newcastle,Brentford,2,3,A,16,11,4,5,2.1,3.5,3.5
4428,2025/26,2026-02-07,Wolves,Chelsea,1,3,A,11,15,3,6,5.0,4.0,1.67
4429,2025/26,2026-02-08,Brighton,Crystal Palace,0,1,A,7,7,2,4,1.95,3.5,3.9
4430,2025/26,2026-02-08,Liverpool,Man City,1,2,A,15,17,4,7,2.38,3.7,2.75
4431,2025/26,2026-02-10,Chelsea,Leeds,2,2,D,19,4,4,2,1.55,4.33,5.5
4432,2025/26,2026-02-10,Everton,Bournemouth,1,2,A,16,11,6,4,2.38,3.4,3.0
4433,2025/26,2026-02-10,Tottenham,Newcastle,1,2,A,16,21,2,5,3.2,3.6,2.2
4434,2025/26,2026-02-10,West Ham,Man United,1,1,D,7,9,3,3,4.5,4.2,1.7
4435,2025/26,2026-02-11,Aston Villa,Brighton,1,0,H,15,9,1,3,1.91,3.7,3.8
4436,2025/26,2026-02-11,Crystal Palace,Burnley,2,3,A,21,8,3,3,1.57,4.0,6.25
4437,2025/26,2026-02-11,Man City,Fulham,3,0,H,13,14,5,3,1.36,5.5,7.0
4438,2025/26,2026-02-11,Nott'm Forest,Wolves,0,0,D,35,7,10,3,1.7,3.8,5.0
4439,2025/26,2026-02-11,Sunderland,Liverpool,0,1,A,11,23,2,3,4.75,3.8,1.73
4440,2025/26,2026-02-12,Brentford,Arsenal,1,1,D,12,7,3,2,4.75,3.9,1.7
4441,2025/26,2026-02-18,Wolves,Arsenal,2,2,D,5,10,2,4,11.0,5.25,1.29
4442,2025/26,2026-02-21,Aston Villa,Leeds,1,1,D,16,14,4,4,1.85,3.6,4.33
4443,2025/26,2026-02-21,Brentford,Brighton,0,2,A,13,11,3,7,2.0,3.7,3.5
4444,2025/26,2026-02-21,Chelsea,Burnley,1,1,D,12,12,2,4,1.22,6.5,12.0
4445,2025/26,2026-02-21,Man City,Newcastle,2,1,H,15,13,7,7,1.45,5.0,5.5
4446,2025/26,2026-02-21,West Ham,Bournemouth,0,0,D,20,10,3,5,2.5,3.7,2.63
4447,2025/26,2026-02-22,Crystal Palace,Wolves,1,0,H,14,12,3,7,1.65,4.0,5.0
4448,2025/26,2026-02-22,Nott'm Forest,Liverpool,0,1,A,18,10,2,4,4.1,3.9,1.8
4449,2025/26,2026-02-22,Sunderland,Fulham,1,3,A,12,12,2,4,2.7,3.25,2.7
4450,2025/26,2026-02-22,Tottenham,Arsenal,1,4,A,6,20,5,7,6.0,4.0,1.57
4451,2025/26,2026-02-23,Everton,Man United,0,1,A,12,11,4,3,3.7,3.75,1.91
4452,2025/26,2026-02-27,Wolves,Aston Villa,2,0,H,9,14,2,5,4.1,3.7,1.85
4453,2025/26,2026-02-28,Bournemouth,Sunderland,1,1,D,21,8,5,4,1.8,3.75,4.33
4454,2025/26,2026-02-28,Burnley,Brentford,3,4,A,12,16,3,7,4.5,3.9,1.73
4455,2025/26,2026-02-28,Leeds,Man City,0,1,A,14,14,2,5,4.75,4.33,1.62
4456,2025/26,2026-02-28,Liverpool,West Ham,5,2,H,18,11,7,4,1.42,4.75,6.5
4457,2025/26,2026-02-28,Newcastle,Everton,2,3,A,17,9,7,5,1.7,4.0,4.75
4458,2025/26,2026-03-01,Arsenal,Chelsea,2,1,H,12,9,5,3,1.6,3.8,5.5
4459,2025/26,2026-03-01,Brighton,Nott'm Forest,2,1,H,14,13,7,4,2.0,3.6,3.5
4460,2025/26,2026-03-01,Fulham,Tottenham,2,1,H,18,13,4,1,2.1,3.6,3.3
4461,2025/26,2026-03-01,Man United,Crystal Palace,2,1,H,20,8,11,3,1.53,4.5,5.5
4462,2025/26,2026-03-03,Bournemouth,Brentford,0,0,D,13,5,2,2,2.5,3.6,2.63
4463,2025/26,2026-03-03,Everton,Burnley,2,0,H,14,5,5,2,1.57,4.0,6.0
4464,2025/26,2026-03-03,Leeds,Sunderland,0,1,A,18,3,4,1,1.85,3.4,4.33
4465,2025/26,2026-03-03,Wolves,Liverpool,2,1,H,4,19,3,7,5.5,4.5,1.5
4466,2025/26,2026-03-04,Aston Villa,Chelsea,1,4,A,9,15,4,8,2.7,3.4,2.55
4467,2025/26,2026-03-04,Brighton,Arsenal,0,1,A,11,7,3,2,4.75,4.1,1.65
4468,2025/26,2026-03-04,Fulham,West Ham,0,1,A,13,9,5,3,2.0,3.5,3.7
4469,2025/26,2026-03-04,Man City,Nott'm Forest,2,2,D,21,9,7,4,1.38,5.0,7.5
4470,2025/26,2026-03-04,Newcastle,Man United,2,1,H,12,14,5,5,2.63,3.5,2.6
4471,2025/26,2026-03-05,Tottenham,Crystal Palace,1,3,A,12,9,4,4,2.35,3.25,3.1
4472,2025/26,2026-03-14,Arsenal,Everton,2,0,H,25,9,7,3,1.38,4.75,8.5
4473,2025/26,2026-03-14,Burnley,Bournemouth,0,0,D,15,22,2,3,4.1,3.8,1.83
4474,2025/26,2026-03-14,Chelsea,Newcastle,0,1,A,22,7,3,5,1.8,4.2,3.8
4475,2025/26,2026-03-14,Sunderland,Brighton,0,1,A,14,12,4,4,3.3,3.3,2.25
4476,2025/26,2026-03-14,West Ham,Man City,1,1,D,1,24,1,6,4.33,4.33,1.7
4477,2025/26,2026-03-15,Crystal Palace,Leeds,0,0,D,12,10,0,3,2.55,3.3,2.88
4478,2025/26,2026-03-15,Liverpool,Tottenham,1,1,D,17,13,4,7,1.3,6.25,8.0
4479,2025/26,2026-03-15,Man United,Aston Villa,3,1,H,16,9,6,2,1.73,4.0,4.5
4480,2025/26,2026-03-15,Nott'm Forest,Fulham,0,0,D,11,5,2,0,2.2,3.4,3.3
4481,2025/26,2026-03-16,Brentford,Wolves,2,2,D,10,13,3,4,1.55,4.2,5.75
4482,2025/26,2026-03-20,Bournemouth,Man United,2,2,D,16,14,5,5,3.2,3.8,2.1
4483,2025/26,2026-03-21,Brighton,Liverpool,2,1,H,16,12,7,5,3.1,3.5,2.2
4484,2025/26,2026-03-21,Everton,Chelsea,3,0,H,10,12,9,4,3.5,3.4,2.1
4485,2025/26,2026-03-21,Fulham,Burnley,3,1,H,22,9,6,5,1.53,4.1,6.25
4486,2025/26,2026-03-21,Leeds,Brentford,0,0,D,14,6,4,2,2.45,3.5,2.88
4487,2025/26,2026-03-22,Aston Villa,West Ham,2,0,H,23,9,7,1,1.95,3.6,3.8
4488,2025/26,2026-03-22,Newcastle,Sunderland,1,2,A,16,17,4,7,1.67,4.0,5.0
4489,2025/26,2026-03-22,Tottenham,Nott'm Forest,0,3,A,14,8,3,7,2.25,3.4,3.2
4490,2025/26,2026-04-10,West Ham,Wolves,4,0,H,18,14,7,3,1.8,3.8,4.33
4491,2025/26,2026-04-11,Arsenal,Bournemouth,1,2,A,15,8,3,3,1.44,4.5,7.5
4492,2025/26,2026-04-11,Brentford,Everton,2,2,D,17,14,4,7,2.15,3.3,3.5
4493,2025/26,2026-04-11,Burnley,Brighton,0,2,A,10,13,5,6,4.5,4.0,1.73
4494,2025/26,2026-04-11,Liverpool,Fulham,2,0,H,18,19,5,4,1.65,4.2,4.75
4495,2025/26,2026-04-12,Chelsea,Man City,0,3,A,12,18,3,8,3.1,3.8,2.15
4496,2025/26,2026-04-12,Crystal Palace,Newcastle,2,1,H,11,7,5,3,3.0,3.6,2.2
4497,2025/26,2026-04-12,Nott'm Forest,Aston Villa,1,1,D,15,12,4,5,2.63,3.3,2.7
4498,2025/26,2026-04-12,Sunderland,Tottenham,1,0,H,13,11,2,7,2.7,3.2,2.7
4499,2025/26,2026-04-13,Man United,Leeds,1,2,A,20,15,9,6,1.62,4.1,5.0
4500,2025/26,2026-04-18,Brentford,Fulham,0,0,D,13,11,4,0,2.1,3.75,3.25
4501,2025/26,2026-04-18,Chelsea,Man United,0,1,A,21,4,3,1,2.2,3.5,3.2
4502,2025/26,2026-04-18,Leeds,Wolves,3,0,H,17,7,6,2,1.62,3.9,5.75
4503,2025/26,2026-04-18,Newcastle,Bournemouth,1,2,A,12,12,3,3,2.0,3.75,3.5
4504,2025/26,2026-04-18,Tottenham,Brighton,2,2,D,13,10,6,3,2.7,3.75,2.4
4505,2025/26,2026-04-19,Aston Villa,Sunderland,4,3,H,15,10,7,7,1.67,3.75,5.5
4506,2025/26,2026-04-19,Everton,Liverpool,1,2,A,10,14,4,6,3.1,3.4,2.3
4507,2025/26,2026-04-19,Man City,Arsenal,2,1,H,15,9,5,3,1.83,3.7,4.2
4508,2025/26,2026-04-19,Nott'm Forest,Burnley,4,1,H,10,4,4,3,1.5,4.2,7.0
4509,2025/26,2026-04-20,Crystal Palace,West Ham,0,0,D,9,9,1,4,2.38,3.2,3.1
4510,2025/26,2026-04-21,Brighton,Chelsea,3,0,H,15,6,9,0,2.5,3.5,2.7
4511,2025/26,2026-04-22,Bournemouth,Leeds,2,2,D,17,10,7,3,2.0,3.5,3.6
4512,2025/26,2026-04-22,Burnley,Man City,0,1,A,9,28,1,9,19.0,9.0,1.13
4513,2025/26,2026-04-24,Sunderland,Nott'm Forest,0,5,A,14,10,4,6,2.7,3.2,2.7
4514,2025/26,2026-04-25,Arsenal,Newcastle,1,0,H,11,13,4,3,1.45,4.75,6.25
4515,2025/26,2026-04-25,Fulham,Aston Villa,1,0,H,13,10,6,1,2.75,3.6,2.45
4516,2025/26,2026-04-25,Liverpool,Crystal Palace,3,1,H,9,14,3,7,1.44,5.0,6.25
4517,2025/26,2026-04-25,West Ham,Everton,2,1,H,10,11,3,3,2.4,3.4,2.9
4518,2025/26,2026-04-25,Wolves,Tottenham,0,1,A,11,11,2,2,4.5,4.33,1.67
4519,2025/26,2026-04-27,Man United,Brentford,2,1,H,11,12,6,4,1.85,3.8,4.0
4520,2025/26,2026-05-01,Leeds,Burnley,3,1,H,18,9,8,3,1.33,5.0,9.5
4521,2025/26,2026-05-02,Arsenal,Fulham,3,0,H,18,10,9,1,1.44,4.33,7.0
4522,2025/26,2026-05-02,Brentford,West Ham,3,0,H,14,13,6,4,1.91,3.75,3.75
4523,2025/26,2026-05-02,Newcastle,Brighton,3,1,H,13,13,6,4,2.5,3.75,2.6
4524,2025/26,2026-05-02,Wolves,Sunderland,1,1,D,20,10,7,2,3.1,3.2,2.1
4525,2025/26,2026-05-03,Aston Villa,Tottenham,1,2,A,5,10,1,5,2.15,3.6,3.2
4526,2025/26,2026-05-03,Bournemouth,Crystal Palace,3,0,H,16,7,5,1,1.57,4.33,5.25
4527,2025/26,2026-05-03,Man United,Liverpool,3,2,H,18,13,6,5,2.3,3.8,2.75
4528,2025/26,2026-05-04,Chelsea,Nott'm Forest,1,3,A,21,6,5,4,1.7,4.0,4.75
4529,2025/26,2026-05-04,Everton,Man City,3,3,D,14,21,6,4,6.5,4.75,1.44
4530,2025/26,2026-05-09,Brighton,Wolves,3,0,H,14,5,6,1,1.27,6.25,9.5
4531,2025/26,2026-05-09,Fulham,Bournemouth,0,1,A,14,10,2,5,2.75,3.6,2.4
4532,2025/26,2026-05-09,Liverpool,Chelsea,1,1,D,8,6,3,3,1.83,4.0,3.9
4533,2025/26,2026-05-09,Man City,Brentford,3,0,H,25,4,10,2,1.36,5.75,7.0
4534,2025/26,2026-05-09,Sunderland,Man United,0,0,D,15,11,4,1,3.9,3.75,1.85
4535,2025/26,2026-05-10,Burnley,Aston Villa,2,2,D,15,18,6,7,5.0,4.33,1.6
4536,2025/26,2026-05-10,Crystal Palace,Everton,2,2,D,21,13,8,6,2.7,3.3,2.63
4537,2025/26,2026-05-10,Nott'm Forest,Newcastle,1,1,D,17,16,6,6,2.6,3.6,2.6
4538,2025/26,2026-05-10,West Ham,Arsenal,0,1,A,9,15,3,4,5.5,4.2,1.57
4539,2025/26,2026-05-11,Tottenham,Leeds,1,1,D,16,11,3,4,1.83,4.1,3.75
4540,2025/26,2026-05-13,Man City,Crystal Palace,3,0,H,15,6,4,2,1.2,7.5,12.0
4541,2025/26,2026-05-15,Aston Villa,Liverpool,4,2,H,14,16,9,5,2.75,3.5,2.4
4542,2025/26,2026-05-17,Brentford,Crystal Palace,2,2,D,14,16,3,5,1.73,4.2,4.33
4543,2025/26,2026-05-17,Everton,Sunderland,1,3,A,10,7,4,3,1.8,3.75,4.33
4544,2025/26,2026-05-17,Leeds,Brighton,1,0,H,7,19,1,8,3.2,3.6,2.15
4545,2025/26,2026-05-17,Man United,Nott'm Forest,3,2,H,29,11,8,4,1.6,4.2,5.25
4546,2025/26,2026-05-17,Newcastle,West Ham,3,1,H,15,15,7,8,2.1,3.8,3.2
4547,2025/26,2026-05-17,Wolves,Fulham,1,1,D,11,13,3,5,3.8,3.8,1.9
4548,2025/26,2026-05-18,Arsenal,Burnley,1,0,H,13,5,3,0,1.09,11.0,23.0
4549,2025/26,2026-05-19,Bournemouth,Man City,1,1,D,10,14,2,5,4.5,4.33,1.67
4550,2025/26,2026-05-19,Chelsea,Tottenham,2,1,H,9,9,4,3,1.91,3.7,3.9
4551,2025/26,2026-05-24,Brighton,Man United,0,3,A,13,11,2,7,1.85,4.2,3.6
4552,2025/26,2026-05-24,Burnley,Wolves,1,1,D,16,16,8,4,2.35,3.5,2.9
4553,2025/26,2026-05-24,Crystal Palace,Arsenal,1,2,A,8,17,3,7,4.2,4.0,1.75
4554,2025/26,2026-05-24,Fulham,Newcastle,2,0,H,21,7,6,2,2.88,3.8,2.25
4555,2025/26,2026-05-24,Liverpool,Brentford,1,1,D,24,11,8,2,1.8,4.2,3.8
4556,2025/26,2026-05-24,Man City,Aston Villa,1,2,A,16,12,3,5,1.29,6.0,9.0
4557,2025/26,2026-05-24,Nott'm Forest,Bournemouth,1,1,D,15,17,5,4,3.3,3.75,2.05
4558,2025/26,2026-05-24,Sunderland,Chelsea,2,1,H,20,10,2,1,3.6,3.6,2.0
4559,2025/26,2026-05-24,Tottenham,Everton,1,0,H,21,8,6,3,1.91,3.75,3.8
4560,2025/26,2026-05-24,West Ham,Leeds,3,0,H,16,13,9,3,1.85,4.0,3.75
