match_id,season,date,home_team,away_team,home_goals,away_goals,result,home_shots,away_shots,home_shots_on_target,away_shots_on_target,odds_home,odds_draw,odds_away,understat_id,home_xg,away_xg,home_manager,away_manager
229,2014/15,2015-02-01,Arsenal,Aston Villa,5,0,H,13,9,8,2,1.25,6.5,15.0,4513,2.35805,0.714521,Arsène Wenger,Paul Lambert
91,2014/15,2014-11-01,Arsenal,Burnley,3,0,H,32,6,13,2,1.25,6.5,14.0,4652,4.3298,0.684259,Arsène Wenger,Sean Dyche
336,2014/15,2015-04-26,Arsenal,Chelsea,0,0,D,12,7,1,3,2.4,3.3,3.3,4477,1.07482,0.853305,Arsène Wenger,José Mourinho
1,2014/15,2014-08-16,Arsenal,Crystal Palace,2,1,H,14,4,6,2,1.25,6.5,15.0,4755,1.55411,0.158151,Arsène Wenger,Keith Millen
267,2014/15,2015-03-01,Arsenal,Everton,2,0,H,17,8,4,2,1.57,4.5,6.0,4481,1.39298,0.367813,Arsène Wenger,Roberto Martínez
71,2014/15,2014-10-18,Arsenal,Hull,2,2,D,25,4,9,4,1.4,5.0,9.0,4705,2.14845,0.552062,Arsène Wenger,Steve Bruce
241,2014/15,2015-02-10,Arsenal,Leicester,2,1,H,17,11,7,4,1.29,6.0,12.0,4525,1.77095,0.799802,Arsène Wenger,Nigel Pearson
300,2014/15,2015-04-04,Arsenal,Liverpool,4,1,H,16,13,10,2,1.83,3.75,4.2,4440,1.45672,1.21414,Arsène Wenger,Brendan Rodgers
31,2014/15,2014-09-13,Arsenal,Man City,2,2,D,15,15,6,8,3.0,3.4,2.5,4719,2.07804,2.30834,Arsène Wenger,Manuel Pellegrini
111,2014/15,2014-11-22,Arsenal,Man United,1,2,A,23,12,9,2,2.15,3.6,3.5,4675,2.00193,1.2791,Arsène Wenger,Louis van Gaal
151,2014/15,2014-12-13,Arsenal,Newcastle,4,1,H,17,10,4,4,1.44,4.75,8.0,4615,2.38819,0.938764,Arsène Wenger,Alan Pardew
171,2014/15,2014-12-26,Arsenal,QPR,2,1,H,15,16,5,2,1.29,6.0,13.0,4638,2.13888,1.21752,Arsène Wenger,Harry Redknapp
137,2014/15,2014-12-03,Arsenal,Southampton,1,0,H,19,6,8,1,1.8,3.75,5.0,4598,2.37332,0.570955,Arsène Wenger,Ronald Koeman
209,2014/15,2015-01-11,Arsenal,Stoke,3,0,H,14,7,6,2,1.44,4.75,8.0,4569,2.26889,0.39839,Arsène Wenger,Mark Hughes
370,2014/15,2015-05-20,Arsenal,Sunderland,0,0,D,28,7,8,3,1.3,6.0,11.0,4429,1.68909,1.50177,Arsène Wenger,Dick Advocaat
359,2014/15,2015-05-11,Arsenal,Swansea,0,1,A,23,8,9,3,1.3,6.0,11.0,4418,1.88364,0.347185,Arsène Wenger,Garry Monk
51,2014/15,2014-09-27,Arsenal,Tottenham,1,1,D,16,6,6,4,1.75,3.9,5.0,4746,1.2647,0.673535,Arsène Wenger,Mauricio Pochettino
371,2014/15,2015-05-24,Arsenal,West Brom,4,1,H,24,14,13,5,1.4,5.25,8.5,4433,3.16614,0.569092,Arsène Wenger,Tony Pulis
280,2014/15,2015-03-14,Arsenal,West Ham,3,0,H,19,7,9,1,1.4,5.0,9.0,4494,3.19619,0.478172,Arsène Wenger,Sam Allardyce
41,2014/15,2014-09-20,Aston Villa,Arsenal,0,3,A,6,9,2,3,4.75,3.6,1.85,4731,0.649013,1.36224,Paul Lambert,Arsène Wenger
372,2014/15,2015-05-24,Aston Villa,Burnley,0,1,A,16,6,5,3,2.1,3.6,3.75,4430,0.654751,0.66113,Tim Sherwood,Sean Dyche
231,2014/15,2015-02-07,Aston Villa,Chelsea,1,2,A,8,12,1,5,10.0,5.25,1.36,4516,0.707847,1.11662,Paul Lambert,José Mourinho
191,2014/15,2015-01-01,Aston Villa,Crystal Palace,0,0,D,14,6,3,0,2.4,3.3,3.3,4557,1.38709,0.575995,Paul Lambert,Keith Millen
340,2014/15,2015-05-02,Aston Villa,Everton,3,2,H,11,9,4,5,2.75,3.3,2.8,4401,1.56179,1.4049,Tim Sherwood,Roberto Martínez
28,2014/15,2014-08-31,Aston Villa,Hull,2,1,H,11,9,4,3,2.3,3.3,3.5,4776,0.639316,0.28888,Paul Lambert,Steve Bruce
148,2014/15,2014-12-07,Aston Villa,Leicester,2,1,H,16,10,7,4,2.4,3.4,3.2,4607,1.97697,1.0083,Paul Lambert,Nigel Pearson
211,2014/15,2015-01-17,Aston Villa,Liverpool,0,2,A,15,12,4,5,4.5,3.6,1.91,4571,0.845309,1.54424,Paul Lambert,Brendan Rodgers
61,2014/15,2014-10-04,Aston Villa,Man City,0,2,A,6,27,1,7,7.5,4.5,1.5,4694,0.690283,2.30634,Paul Lambert,Manuel Pellegrini
161,2014/15,2014-12-20,Aston Villa,Man United,1,1,D,10,16,4,9,6.25,4.0,1.62,4624,0.575806,1.06851,Paul Lambert,Louis van Gaal
11,2014/15,2014-08-23,Aston Villa,Newcastle,0,0,D,9,11,0,4,2.5,3.4,3.0,4759,0.507525,0.699295,Paul Lambert,Alan Pardew
310,2014/15,2015-04-07,Aston Villa,QPR,3,3,D,21,11,7,5,2.15,3.4,3.8,4450,1.86698,1.43061,Tim Sherwood,Chris Ramsey
120,2014/15,2014-11-24,Aston Villa,Southampton,1,1,D,7,15,1,4,5.25,3.75,1.75,4678,1.13228,0.863156,Paul Lambert,Ronald Koeman
251,2014/15,2015-02-21,Aston Villa,Stoke,1,2,A,3,11,2,6,2.7,3.2,2.9,4535,0.234004,1.11955,Tim Sherwood,Mark Hughes
181,2014/15,2014-12-28,Aston Villa,Sunderland,0,0,D,14,15,3,3,2.35,3.3,3.4,4644,0.650993,0.845626,Paul Lambert,Gustavo Poyet
290,2014/15,2015-03-21,Aston Villa,Swansea,0,1,A,12,9,3,6,2.5,3.25,2.8,4504,0.762371,1.90437,Tim Sherwood,Garry Monk
98,2014/15,2014-11-02,Aston Villa,Tottenham,1,2,A,12,18,1,7,3.75,3.6,2.1,4657,0.872267,2.54173,Paul Lambert,Mauricio Pochettino
269,2014/15,2015-03-03,Aston Villa,West Brom,2,1,H,16,3,8,1,2.88,3.1,2.88,4482,1.9201,0.905628,Tim Sherwood,Tony Pulis
350,2014/15,2015-05-09,Aston Villa,West Ham,1,0,H,15,5,5,1,1.91,3.7,4.33,4411,1.26585,0.149381,Tim Sherwood,Sam Allardyce
311,2014/15,2015-04-11,Burnley,Arsenal,0,1,A,8,17,4,5,6.5,4.33,1.57,4457,0.65718,1.21096,Sean Dyche,Arsène Wenger
121,2014/15,2014-11-29,Burnley,Aston Villa,1,1,D,11,18,4,7,2.15,3.4,3.75,4685,2.3058,1.0873,Sean Dyche,Paul Lambert
10,2014/15,2014-08-18,Burnley,Chelsea,1,3,A,9,11,2,3,9.0,5.0,1.4,4758,0.371141,2.12996,Sean Dyche,José Mourinho
212,2014/15,2015-01-17,Burnley,Crystal Palace,2,3,A,7,11,4,4,2.55,3.25,3.1,4572,1.08428,0.528431,Sean Dyche,Alan Pardew
87,2014/15,2014-10-26,Burnley,Everton,1,3,A,14,15,3,6,4.75,3.75,1.83,4716,1.55564,1.32187,Sean Dyche,Roberto Martínez
101,2014/15,2014-11-08,Burnley,Hull,1,0,H,14,12,3,1,2.5,3.4,3.0,4660,1.10315,0.526656,Sean Dyche,Steve Bruce
328,2014/15,2015-04-25,Burnley,Leicester,0,1,A,12,8,4,4,2.63,3.3,2.9,4473,1.98975,1.21926,Sean Dyche,Nigel Pearson
172,2014/15,2014-12-26,Burnley,Liverpool,0,1,A,16,10,0,3,4.75,3.8,1.8,4630,0.61207,1.06708,Sean Dyche,Brendan Rodgers
281,2014/15,2015-03-14,Burnley,Man City,1,0,H,10,21,4,5,7.5,5.0,1.44,4498,0.242058,1.2576,Sean Dyche,Manuel Pellegrini
21,2014/15,2014-08-30,Burnley,Man United,0,0,D,9,7,3,2,6.0,4.2,1.62,4769,0.513746,0.467281,Sean Dyche,Louis van Gaal
131,2014/15,2014-12-02,Burnley,Newcastle,1,1,D,12,11,2,4,2.8,3.3,2.75,4589,0.678486,1.0006,Sean Dyche,Alan Pardew
201,2014/15,2015-01-10,Burnley,QPR,2,1,H,18,17,7,7,2.2,3.4,3.6,4564,2.19126,1.69555,Sean Dyche,Harry Redknapp
152,2014/15,2014-12-13,Burnley,Southampton,1,0,H,7,15,2,4,5.5,3.75,1.73,4609,0.396158,1.713,Sean Dyche,Ronald Koeman
360,2014/15,2015-05-16,Burnley,Stoke,0,0,D,11,11,4,3,2.7,3.3,2.88,4424,0.909845,1.76276,Sean Dyche,Mark Hughes
42,2014/15,2014-09-20,Burnley,Sunderland,0,0,D,17,14,6,6,2.5,3.3,3.1,4732,0.710673,0.643512,Sean Dyche,Gustavo Poyet
261,2014/15,2015-02-28,Burnley,Swansea,0,1,A,13,8,6,2,2.63,3.3,2.9,4549,0.898885,1.41451,Sean Dyche,Garry Monk
307,2014/15,2015-04-05,Burnley,Tottenham,0,0,D,15,12,4,2,3.5,3.4,2.1,4447,1.51355,0.377376,Sean Dyche,Mauricio Pochettino
238,2014/15,2015-02-08,Burnley,West Brom,2,2,D,12,12,5,5,2.6,3.25,3.0,4522,1.09795,2.55442,Sean Dyche,Tony Pulis
72,2014/15,2014-10-18,Burnley,West Ham,1,3,A,17,22,3,6,2.8,3.4,2.7,4701,1.74404,2.84138,Sean Dyche,Sam Allardyce
67,2014/15,2014-10-05,Chelsea,Arsenal,2,0,H,5,10,3,0,1.67,4.2,5.25,4697,1.40263,0.330699,José Mourinho,Arsène Wenger
52,2014/15,2014-09-27,Chelsea,Aston Villa,3,0,H,17,7,8,1,1.22,7.0,16.0,4742,3.14218,0.228896,José Mourinho,Paul Lambert
252,2014/15,2015-02-21,Chelsea,Burnley,1,1,D,14,10,5,5,1.2,7.5,17.0,4536,1.53973,0.513251,José Mourinho,Sean Dyche
347,2014/15,2015-05-03,Chelsea,Crystal Palace,1,0,H,17,8,7,1,1.36,5.25,10.0,4406,1.5619,0.41646,José Mourinho,Alan Pardew
245,2014/15,2015-02-11,Chelsea,Everton,1,0,H,21,7,7,4,1.33,5.5,11.0,4529,0.89846,0.706994,José Mourinho,Roberto Martínez
153,2014/15,2014-12-13,Chelsea,Hull,2,0,H,12,8,3,0,1.18,8.0,18.0,4610,1.21862,0.435091,José Mourinho,Steve Bruce
12,2014/15,2014-08-23,Chelsea,Leicester,2,0,H,27,6,10,4,1.2,7.5,17.0,4760,2.02939,0.550894,José Mourinho,Nigel Pearson
357,2014/15,2015-05-10,Chelsea,Liverpool,1,1,D,8,15,3,4,2.1,3.5,3.8,4417,0.535272,1.33324,José Mourinho,Brendan Rodgers
221,2014/15,2015-01-31,Chelsea,Man City,1,1,D,3,10,2,5,2.15,3.5,3.6,4588,0.708923,0.907151,José Mourinho,Manuel Pellegrini
321,2014/15,2015-04-18,Chelsea,Man United,1,0,H,7,15,2,2,2.0,3.4,4.33,4465,1.1493,0.744613,José Mourinho,Louis van Gaal
202,2014/15,2015-01-10,Chelsea,Newcastle,2,0,H,9,11,5,5,1.2,7.5,17.0,4565,1.08131,0.394837,José Mourinho,John Carver
92,2014/15,2014-11-01,Chelsea,QPR,2,1,H,18,7,8,1,1.17,8.5,21.0,4653,2.23703,0.510067,José Mourinho,Harry Redknapp
286,2014/15,2015-03-15,Chelsea,Southampton,1,1,D,22,12,7,5,1.62,4.0,6.5,4499,3.19317,1.82802,José Mourinho,Ronald Koeman
301,2014/15,2015-04-04,Chelsea,Stoke,2,1,H,19,7,10,2,1.29,5.5,11.0,4446,3.28546,0.277288,José Mourinho,Mark Hughes
373,2014/15,2015-05-24,Chelsea,Sunderland,3,1,H,24,17,8,9,1.36,5.25,9.5,4431,2.52912,1.39272,José Mourinho,Dick Advocaat
32,2014/15,2014-09-13,Chelsea,Swansea,4,2,H,29,11,9,2,1.3,5.75,12.0,4720,3.56581,1.02153,José Mourinho,Garry Monk
138,2014/15,2014-12-03,Chelsea,Tottenham,3,0,H,12,10,8,2,1.4,5.0,9.0,4595,1.71947,0.289204,José Mourinho,Mauricio Pochettino
112,2014/15,2014-11-22,Chelsea,West Brom,2,0,H,21,5,8,1,1.25,6.5,15.0,4674,4.36607,0.0930471,José Mourinho,Alan Irvine
173,2014/15,2014-12-26,Chelsea,West Ham,2,0,H,28,6,9,0,1.33,5.75,10.0,4629,3.56764,0.45944,José Mourinho,Sam Allardyce
253,2014/15,2015-02-21,Crystal Palace,Arsenal,1,2,A,22,12,3,4,4.75,3.75,1.83,4537,2.26395,2.08054,Alan Pardew,Arsène Wenger
132,2014/15,2014-12-02,Crystal Palace,Aston Villa,0,1,A,17,5,5,3,2.1,3.4,4.0,4593,0.801741,0.192439,Neil Warnock,Paul Lambert
33,2014/15,2014-09-13,Crystal Palace,Burnley,0,0,D,14,11,3,3,2.25,3.3,3.6,4721,0.780534,1.2493,Neil Warnock,Sean Dyche
73,2014/15,2014-10-18,Crystal Palace,Chelsea,1,2,A,7,14,4,5,8.5,4.75,1.44,4702,1.16779,1.01515,Neil Warnock,José Mourinho
222,2014/15,2015-01-31,Crystal Palace,Everton,0,1,A,13,14,3,2,2.8,3.3,2.75,4587,1.21034,1.35977,Alan Pardew,Roberto Martínez
329,2014/15,2015-04-25,Crystal Palace,Hull,0,2,A,7,21,3,7,2.05,3.3,4.2,4474,0.913865,2.37709,Alan Pardew,Steve Bruce
53,2014/15,2014-09-27,Crystal Palace,Leicester,2,0,H,16,7,6,1,2.63,3.4,2.88,4743,2.1144,0.453547,Neil Warnock,Nigel Pearson
118,2014/15,2014-11-23,Crystal Palace,Liverpool,3,1,H,15,12,5,1,4.33,3.7,1.91,4676,1.47309,0.952958,Neil Warnock,Brendan Rodgers
309,2014/15,2015-04-06,Crystal Palace,Man City,2,1,H,5,22,3,4,5.0,4.0,1.67,4449,1.32783,1.1129,Alan Pardew,Manuel Pellegrini
351,2014/15,2015-05-09,Crystal Palace,Man United,1,2,A,13,13,4,4,4.5,3.6,1.91,4415,1.04344,2.29775,Alan Pardew,Louis van Gaal
246,2014/15,2015-02-11,Crystal Palace,Newcastle,1,1,D,7,5,3,1,2.38,3.3,3.3,4533,0.932684,0.444535,Alan Pardew,John Carver
282,2014/15,2015-03-14,Crystal Palace,QPR,3,1,H,15,11,4,4,1.83,3.75,4.75,4493,2.20095,0.266048,Alan Pardew,Chris Ramsey
174,2014/15,2014-12-26,Crystal Palace,Southampton,1,3,A,11,13,4,6,3.75,3.4,2.15,4635,0.379447,1.30288,Neil Warnock,Ronald Koeman
154,2014/15,2014-12-13,Crystal Palace,Stoke,1,1,D,10,7,3,3,2.6,3.25,3.0,4611,0.498092,0.898532,Neil Warnock,Mark Hughes
100,2014/15,2014-11-03,Crystal Palace,Sunderland,1,3,A,9,8,1,7,2.1,3.5,3.8,4658,0.766023,0.727981,Neil Warnock,Gustavo Poyet
374,2014/15,2015-05-24,Crystal Palace,Swansea,1,0,H,13,5,7,2,2.25,3.6,3.3,4432,1.07504,0.118613,Alan Pardew,Garry Monk
203,2014/15,2015-01-10,Crystal Palace,Tottenham,2,1,H,21,9,7,5,3.5,3.5,2.2,4568,2.85997,0.919178,Alan Pardew,Mauricio Pochettino
322,2014/15,2015-04-18,Crystal Palace,West Brom,0,2,A,19,8,4,4,1.95,3.5,4.5,4462,2.0561,0.698022,Alan Pardew,Tony Pulis
13,2014/15,2014-08-23,Crystal Palace,West Ham,1,3,A,9,17,4,8,2.5,3.3,3.1,4761,0.617283,1.33957,Keith Millen,Sam Allardyce
14,2014/15,2014-08-23,Everton,Arsenal,2,2,D,8,13,2,3,2.8,3.4,2.7,4764,1.33429,1.43355,Roberto Martínez,Arsène Wenger
74,2014/15,2014-10-18,Everton,Aston Villa,3,0,H,15,10,6,2,1.6,4.0,6.5,4700,1.67016,0.37205,Roberto Martínez,Paul Lambert
323,2014/15,2015-04-18,Everton,Burnley,1,0,H,21,10,8,1,1.73,3.8,5.5,4461,2.36114,1.06159,Roberto Martínez,Sean Dyche
22,2014/15,2014-08-30,Everton,Chelsea,3,6,A,17,12,7,8,3.75,3.3,2.2,4775,1.4491,2.02665,Roberto Martínez,José Mourinho
47,2014/15,2014-09-21,Everton,Crystal Palace,2,3,A,17,10,6,3,1.4,5.0,9.0,4738,2.56122,1.62886,Roberto Martínez,Neil Warnock
139,2014/15,2014-12-03,Everton,Hull,1,1,D,13,8,5,1,1.53,4.33,7.0,4596,1.27965,0.29547,Roberto Martínez,Steve Bruce
258,2014/15,2015-02-22,Everton,Leicester,2,2,D,18,15,3,4,1.83,3.6,5.0,4543,2.05032,1.99519,Roberto Martínez,Nigel Pearson
232,2014/15,2015-02-07,Everton,Liverpool,0,0,D,6,17,1,6,3.4,3.4,2.3,4521,0.227711,1.03601,Roberto Martínez,Brendan Rodgers
204,2014/15,2015-01-10,Everton,Man City,1,1,D,11,18,4,2,4.5,3.75,1.85,4566,0.95041,1.50724,Roberto Martínez,Manuel Pellegrini
337,2014/15,2015-04-26,Everton,Man United,3,0,H,9,17,7,4,3.75,3.4,2.15,4476,1.07922,0.750462,Roberto Martínez,Louis van Gaal
287,2014/15,2015-03-15,Everton,Newcastle,3,0,H,15,12,9,4,1.83,3.75,4.75,4500,2.25807,0.809194,Roberto Martínez,John Carver
160,2014/15,2014-12-15,Everton,QPR,3,1,H,13,17,5,4,1.45,4.5,8.5,4618,0.747708,0.972265,Roberto Martínez,Harry Redknapp
302,2014/15,2015-04-04,Everton,Southampton,1,0,H,11,11,1,2,2.63,3.2,2.8,4441,1.02048,0.533646,Roberto Martínez,Ronald Koeman
175,2014/15,2014-12-26,Everton,Stoke,0,1,A,16,12,5,2,1.83,3.6,5.0,4634,1.00929,1.39552,Roberto Martínez,Mark Hughes
352,2014/15,2015-05-09,Everton,Sunderland,0,2,A,22,10,4,3,1.8,3.75,5.0,4409,1.14341,1.19799,Roberto Martínez,Dick Advocaat
93,2014/15,2014-11-01,Everton,Swansea,0,0,D,17,8,3,0,1.75,3.8,5.25,4654,1.14779,0.694419,Roberto Martínez,Garry Monk
375,2014/15,2015-05-24,Everton,Tottenham,0,1,A,9,16,1,3,2.4,3.6,3.0,4434,0.646215,1.39049,Roberto Martínez,Mauricio Pochettino
220,2014/15,2015-01-19,Everton,West Brom,0,0,D,17,5,4,0,1.85,3.6,4.75,4580,1.4927,0.196316,Roberto Martínez,Tony Pulis
113,2014/15,2014-11-22,Everton,West Ham,2,1,H,14,14,4,3,1.85,3.8,4.5,4673,1.82651,1.11958,Roberto Martínez,Sam Allardyce
349,2014/15,2015-05-04,Hull,Arsenal,1,3,A,8,22,1,9,5.5,4.0,1.7,4408,0.474706,2.94938,Steve Bruce,Arsène Wenger
242,2014/15,2015-02-10,Hull,Aston Villa,2,0,H,10,11,4,4,2.38,3.1,3.5,4527,0.985975,0.423817,Steve Bruce,Paul Lambert
353,2014/15,2015-05-09,Hull,Burnley,0,1,A,21,8,3,2,1.95,3.5,4.5,4410,1.12811,1.21303,Steve Bruce,Sean Dyche
297,2014/15,2015-03-22,Hull,Chelsea,2,3,A,19,8,8,3,7.0,4.33,1.44,4511,1.32415,0.758601,Steve Bruce,José Mourinho
62,2014/15,2014-10-04,Hull,Crystal Palace,2,0,H,15,11,2,2,2.1,3.5,3.8,4689,1.07209,0.616109,Steve Bruce,Neil Warnock
192,2014/15,2015-01-01,Hull,Everton,2,0,H,14,9,5,3,3.4,3.4,2.3,4558,1.95682,0.957698,Steve Bruce,Roberto Martínez
182,2014/15,2014-12-28,Hull,Leicester,0,1,A,18,4,5,2,2.25,3.4,3.5,4642,1.72314,0.180127,Steve Bruce,Nigel Pearson
338,2014/15,2015-04-28,Hull,Liverpool,1,0,H,7,12,4,9,4.33,3.4,2.0,4478,0.730978,0.523697,Steve Bruce,Brendan Rodgers
54,2014/15,2014-09-27,Hull,Man City,2,4,A,10,20,5,6,6.5,4.2,1.57,4744,1.12374,1.78953,Steve Bruce,Manuel Pellegrini
376,2014/15,2015-05-24,Hull,Man United,0,0,D,16,7,6,1,3.2,3.75,2.25,4435,0.984196,0.399522,Steve Bruce,Louis van Gaal
223,2014/15,2015-01-31,Hull,Newcastle,0,3,A,13,12,8,5,2.7,3.25,2.88,4581,0.989377,0.50926,Steve Bruce,John Carver
254,2014/15,2015-02-21,Hull,QPR,2,1,H,16,8,6,3,2.05,3.3,4.2,4540,1.09259,0.190631,Steve Bruce,Chris Ramsey
94,2014/15,2014-11-01,Hull,Southampton,0,1,A,8,10,1,3,3.8,3.6,2.05,4655,0.256678,1.90484,Steve Bruce,Ronald Koeman
17,2014/15,2014-08-24,Hull,Stoke,1,1,D,9,19,2,3,2.5,3.25,3.2,4765,0.870175,1.60916,Steve Bruce,Mark Hughes
270,2014/15,2015-03-03,Hull,Sunderland,1,1,D,15,9,5,3,2.15,3.3,3.9,4483,1.3938,1.23136,Steve Bruce,Gustavo Poyet
162,2014/15,2014-12-20,Hull,Swansea,0,1,A,11,13,3,3,3.1,3.3,2.5,4625,0.825885,1.45331,Steve Bruce,Garry Monk
119,2014/15,2014-11-23,Hull,Tottenham,1,2,A,10,23,2,6,3.6,3.4,2.2,4677,0.94244,2.16438,Steve Bruce,Mauricio Pochettino
141,2014/15,2014-12-06,Hull,West Brom,0,0,D,12,6,2,3,2.45,3.3,3.2,4603,0.586305,1.06151,Steve Bruce,Alan Irvine
40,2014/15,2014-09-15,Hull,West Ham,2,2,D,11,16,6,4,2.15,3.4,3.75,4728,0.439084,0.661678,Steve Bruce,Sam Allardyce
29,2014/15,2014-08-31,Leicester,Arsenal,1,1,D,9,24,3,6,4.75,3.75,1.83,4778,0.809743,2.29649,Nigel Pearson,Arsène Wenger
205,2014/15,2015-01-10,Leicester,Aston Villa,1,0,H,11,12,3,1,2.2,3.4,3.6,4567,2.36522,0.606149,Nigel Pearson,Paul Lambert
63,2014/15,2014-10-04,Leicester,Burnley,2,2,D,15,10,6,4,1.8,3.75,5.0,4690,1.57773,0.957718,Nigel Pearson,Sean Dyche
339,2014/15,2015-04-29,Leicester,Chelsea,1,3,A,8,11,2,4,5.75,3.8,1.7,4479,0.600074,1.51717,Nigel Pearson,José Mourinho
233,2014/15,2015-02-07,Leicester,Crystal Palace,0,1,A,19,14,5,2,2.4,3.3,3.25,4518,0.7797,1.00613,Nigel Pearson,Alan Pardew
2,2014/15,2014-08-16,Leicester,Everton,2,2,D,11,13,3,3,3.2,3.4,2.4,4750,1.2783,0.613273,Nigel Pearson,Roberto Martínez
283,2014/15,2015-03-14,Leicester,Hull,0,0,D,15,12,3,5,2.2,3.3,3.75,4495,0.53913,1.0475,Nigel Pearson,Steve Bruce
133,2014/15,2014-12-02,Leicester,Liverpool,1,3,A,20,11,4,3,3.8,3.6,2.05,4590,1.23928,1.3012,Nigel Pearson,Brendan Rodgers
155,2014/15,2014-12-13,Leicester,Man City,0,1,A,7,9,1,4,7.0,4.75,1.5,4614,0.360608,1.13411,Nigel Pearson,Manuel Pellegrini
48,2014/15,2014-09-21,Leicester,Man United,5,3,H,15,16,5,5,5.5,4.2,1.67,4736,2.5422,1.71191,Nigel Pearson,Louis van Gaal
341,2014/15,2015-05-02,Leicester,Newcastle,3,0,H,19,12,7,3,1.91,3.7,4.33,4399,4.02694,0.485003,Nigel Pearson,John Carver
377,2014/15,2015-05-24,Leicester,QPR,5,1,H,22,18,7,2,1.6,4.33,6.0,4436,2.17428,1.26755,Nigel Pearson,Chris Ramsey
354,2014/15,2015-05-09,Leicester,Southampton,2,0,H,10,10,3,3,2.6,3.4,2.9,4412,1.64129,0.348109,Nigel Pearson,Ronald Koeman
213,2014/15,2015-01-17,Leicester,Stoke,0,1,A,7,13,3,3,2.63,3.3,2.9,4573,0.382481,0.715634,Nigel Pearson,Mark Hughes
114,2014/15,2014-11-22,Leicester,Sunderland,0,0,D,13,10,4,5,2.1,3.5,3.8,4672,0.685893,0.889971,Nigel Pearson,Gustavo Poyet
324,2014/15,2015-04-18,Leicester,Swansea,2,0,H,18,10,6,6,2.15,3.4,3.75,4463,2.57043,0.87346,Nigel Pearson,Garry Monk
176,2014/15,2014-12-26,Leicester,Tottenham,1,2,A,22,8,6,3,3.8,3.6,2.05,4637,1.47301,1.35719,Nigel Pearson,Mauricio Pochettino
95,2014/15,2014-11-01,Leicester,West Brom,0,1,A,14,8,5,3,2.3,3.5,3.3,4651,1.41001,0.562442,Nigel Pearson,Alan Irvine
303,2014/15,2015-04-04,Leicester,West Ham,2,1,H,20,14,7,7,2.38,3.3,3.1,4442,3.43561,1.93553,Nigel Pearson,Sam Allardyce
168,2014/15,2014-12-21,Liverpool,Arsenal,2,2,D,27,7,10,3,2.8,3.5,2.6,4627,1.31858,0.754219,Brendan Rodgers,Arsène Wenger
34,2014/15,2014-09-13,Liverpool,Aston Villa,0,1,A,18,5,1,1,1.3,6.0,11.0,4726,0.728097,0.701676,Brendan Rodgers,Paul Lambert
272,2014/15,2015-03-04,Liverpool,Burnley,2,0,H,20,9,8,1,1.36,5.25,10.0,4491,1.30453,0.319239,Brendan Rodgers,Sean Dyche
102,2014/15,2014-11-08,Liverpool,Chelsea,1,2,A,12,15,4,5,3.4,3.4,2.3,4659,0.531905,1.97201,Brendan Rodgers,José Mourinho
361,2014/15,2015-05-16,Liverpool,Crystal Palace,1,3,A,18,15,3,6,1.45,4.75,8.0,4425,1.11415,1.99504,Brendan Rodgers,Alan Pardew
55,2014/15,2014-09-27,Liverpool,Everton,1,1,D,24,11,8,5,1.91,3.75,4.33,4739,1.5286,0.475885,Brendan Rodgers,Roberto Martínez
81,2014/15,2014-10-25,Liverpool,Hull,0,0,D,17,6,4,3,1.44,4.75,8.0,4713,0.678924,0.222999,Brendan Rodgers,Steve Bruce
193,2014/15,2015-01-01,Liverpool,Leicester,2,2,D,18,16,6,3,1.4,5.0,9.0,4559,2.38944,1.09438,Brendan Rodgers,Nigel Pearson
268,2014/15,2015-03-01,Liverpool,Man City,2,1,H,11,8,5,1,3.1,3.6,2.38,4480,0.769022,1.12846,Brendan Rodgers,Manuel Pellegrini
298,2014/15,2015-03-22,Liverpool,Man United,1,2,A,7,6,1,4,2.05,3.4,3.6,4510,0.557648,1.22632,Brendan Rodgers,Louis van Gaal
320,2014/15,2015-04-13,Liverpool,Newcastle,2,0,H,14,10,6,3,1.4,5.0,9.0,4460,1.26534,0.363343,Brendan Rodgers,John Carver
342,2014/15,2015-05-02,Liverpool,QPR,2,1,H,25,10,8,2,1.36,5.25,10.0,4400,2.28745,0.386314,Brendan Rodgers,Chris Ramsey
8,2014/15,2014-08-17,Liverpool,Southampton,2,1,H,12,12,5,6,1.33,5.75,10.0,4756,1.33192,1.55248,Brendan Rodgers,Ronald Koeman
122,2014/15,2014-11-29,Liverpool,Stoke,1,0,H,16,13,3,4,1.73,4.0,5.0,4682,1.71025,0.875424,Brendan Rodgers,Mark Hughes
142,2014/15,2014-12-06,Liverpool,Sunderland,0,0,D,15,7,2,1,1.5,4.5,7.5,4604,0.663875,0.268395,Brendan Rodgers,Gustavo Poyet
190,2014/15,2014-12-29,Liverpool,Swansea,4,1,H,21,11,11,4,1.7,4.0,5.5,4648,3.27658,1.00374,Brendan Rodgers,Garry Monk
243,2014/15,2015-02-10,Liverpool,Tottenham,3,2,H,16,14,7,5,1.91,3.8,4.2,4528,2.76444,1.71247,Brendan Rodgers,Mauricio Pochettino
64,2014/15,2014-10-04,Liverpool,West Brom,2,1,H,19,8,7,4,1.44,5.0,7.5,4691,1.56163,1.4384,Brendan Rodgers,Alan Irvine
224,2014/15,2015-01-31,Liverpool,West Ham,2,0,H,21,7,7,2,1.67,4.0,5.75,4582,2.28203,0.383092,Brendan Rodgers,Sam Allardyce
218,2014/15,2015-01-18,Man City,Arsenal,0,2,A,12,9,4,3,1.8,4.0,4.5,4579,0.561966,1.49476,Manuel Pellegrini,Arsène Wenger
330,2014/15,2015-04-25,Man City,Aston Villa,3,2,H,11,13,4,4,1.29,6.0,12.0,4475,1.1892,0.901376,Manuel Pellegrini,Tim Sherwood
183,2014/15,2014-12-28,Man City,Burnley,2,2,D,17,12,6,3,1.18,8.0,19.0,4643,1.38586,0.962215,Manuel Pellegrini,Sean Dyche
49,2014/15,2014-09-21,Man City,Chelsea,1,1,D,16,6,4,2,2.38,3.5,3.1,4737,1.05592,1.02093,Manuel Pellegrini,José Mourinho
163,2014/15,2014-12-20,Man City,Crystal Palace,3,0,H,15,6,3,1,1.29,6.0,12.0,4619,1.41484,0.760531,Manuel Pellegrini,Neil Warnock
143,2014/15,2014-12-06,Man City,Everton,1,0,H,19,9,3,2,1.5,4.75,7.0,4605,2.2487,0.385845,Manuel Pellegrini,Roberto Martínez
234,2014/15,2015-02-07,Man City,Hull,1,1,D,18,7,5,3,1.18,8.0,19.0,4519,0.992526,1.13348,Manuel Pellegrini,Steve Bruce
273,2014/15,2015-03-04,Man City,Leicester,2,0,H,22,6,9,2,1.25,7.0,13.0,4486,2.91599,0.217043,Manuel Pellegrini,Nigel Pearson
20,2014/15,2014-08-25,Man City,Liverpool,3,1,H,9,11,4,3,1.85,4.0,4.33,4768,1.31375,0.901889,Manuel Pellegrini,Brendan Rodgers
99,2014/15,2014-11-02,Man City,Man United,1,0,H,16,9,6,2,1.91,3.75,4.33,4656,2.56723,0.727924,Manuel Pellegrini,Louis van Gaal
255,2014/15,2015-02-21,Man City,Newcastle,5,0,H,16,8,9,1,1.3,6.0,11.0,4541,3.12533,0.166685,Manuel Pellegrini,John Carver
358,2014/15,2015-05-10,Man City,QPR,6,0,H,23,9,11,3,1.22,7.5,13.0,4416,5.35103,0.872314,Manuel Pellegrini,Chris Ramsey
378,2014/15,2015-05-24,Man City,Southampton,2,0,H,15,13,6,4,1.57,4.5,6.0,4437,2.44073,0.775853,Manuel Pellegrini,Ronald Koeman
23,2014/15,2014-08-30,Man City,Stoke,0,1,A,16,7,2,2,1.18,8.0,18.0,4770,0.891768,0.299792,Manuel Pellegrini,Mark Hughes
194,2014/15,2015-01-01,Man City,Sunderland,3,2,H,32,4,12,4,1.22,7.0,15.0,4552,3.63333,0.979558,Manuel Pellegrini,Gustavo Poyet
115,2014/15,2014-11-22,Man City,Swansea,2,1,H,23,8,10,3,1.4,5.25,8.5,4671,2.26312,0.957011,Manuel Pellegrini,Garry Monk
75,2014/15,2014-10-18,Man City,Tottenham,4,1,H,20,19,12,7,1.45,4.75,8.0,4699,3.75041,2.32314,Manuel Pellegrini,Mauricio Pochettino
291,2014/15,2015-03-21,Man City,West Brom,3,0,H,43,3,16,0,1.3,5.5,8.5,4503,4.90913,0.775158,Manuel Pellegrini,Tony Pulis
326,2014/15,2015-04-19,Man City,West Ham,2,0,H,18,9,3,3,1.25,6.5,11.0,4466,2.05138,0.738105,Manuel Pellegrini,Sam Allardyce
367,2014/15,2015-05-17,Man United,Arsenal,1,1,D,12,5,4,3,2.45,3.5,3.0,4427,0.715214,1.06814,Louis van Gaal,Arsène Wenger
304,2014/15,2015-04-04,Man United,Aston Villa,3,1,H,19,4,7,2,1.3,5.5,10.0,4443,1.9836,0.311787,Louis van Gaal,Tim Sherwood
247,2014/15,2015-02-11,Man United,Burnley,3,1,H,11,13,7,3,1.29,6.0,12.0,4531,1.62116,1.85067,Louis van Gaal,Sean Dyche
88,2014/15,2014-10-26,Man United,Chelsea,1,1,D,19,9,7,4,2.88,3.6,2.5,4717,1.84074,0.989916,Louis van Gaal,José Mourinho
103,2014/15,2014-11-08,Man United,Crystal Palace,1,0,H,23,6,5,1,1.3,6.0,11.0,4661,0.956776,0.400837,Louis van Gaal,Neil Warnock
68,2014/15,2014-10-05,Man United,Everton,2,1,H,15,10,4,6,1.67,4.2,5.25,4695,1.6239,2.13558,Louis van Gaal,Roberto Martínez
123,2014/15,2014-11-29,Man United,Hull,3,0,H,12,4,6,2,1.33,5.75,10.0,4683,1.76885,0.230407,Louis van Gaal,Steve Bruce
225,2014/15,2015-01-31,Man United,Leicester,3,1,H,12,4,5,1,1.36,5.5,9.5,4583,1.7369,0.380882,Louis van Gaal,Nigel Pearson
158,2014/15,2014-12-14,Man United,Liverpool,3,0,H,11,19,6,9,1.8,3.8,4.75,4616,1.79543,1.87114,Louis van Gaal,Brendan Rodgers
318,2014/15,2015-04-12,Man United,Man City,4,2,H,11,10,7,3,2.63,3.4,2.88,4459,2.66017,1.75844,Louis van Gaal,Manuel Pellegrini
177,2014/15,2014-12-26,Man United,Newcastle,3,1,H,9,8,4,4,1.4,5.0,9.0,4636,1.86147,1.03151,Louis van Gaal,Alan Pardew
39,2014/15,2014-09-14,Man United,QPR,4,0,H,19,9,9,2,1.29,6.25,12.0,4727,2.20911,0.563524,Louis van Gaal,Harry Redknapp
210,2014/15,2015-01-11,Man United,Southampton,0,1,A,10,9,0,1,1.83,3.75,4.75,4570,1.19228,1.15706,Louis van Gaal,Ronald Koeman
134,2014/15,2014-12-02,Man United,Stoke,2,1,H,10,5,3,4,1.45,4.5,8.5,4591,1.91104,1.29092,Louis van Gaal,Mark Hughes
262,2014/15,2015-02-28,Man United,Sunderland,2,0,H,30,5,10,3,1.36,5.25,10.0,4550,3.03534,0.272806,Louis van Gaal,Gustavo Poyet
3,2014/15,2014-08-16,Man United,Swansea,1,2,A,14,5,5,4,1.36,5.0,11.0,4749,1.16635,0.278076,Louis van Gaal,Garry Monk
288,2014/15,2015-03-15,Man United,Tottenham,3,0,H,11,5,3,1,1.91,3.75,4.33,4501,1.02781,0.206431,Louis van Gaal,Mauricio Pochettino
343,2014/15,2015-05-02,Man United,West Brom,0,1,A,26,6,9,3,1.36,5.25,10.0,4405,2.10841,0.317533,Louis van Gaal,Tony Pulis
56,2014/15,2014-09-27,Man United,West Ham,2,1,H,8,13,3,4,1.4,5.5,8.0,4740,0.520246,1.27452,Louis van Gaal,Sam Allardyce
292,2014/15,2015-03-21,Newcastle,Arsenal,1,2,A,16,7,4,3,6.0,3.8,1.57,4508,1.0068,0.754782,John Carver,Arsène Wenger
263,2014/15,2015-02-28,Newcastle,Aston Villa,1,0,H,14,13,5,3,1.95,3.5,4.5,4548,0.93198,0.773437,John Carver,Tim Sherwood
195,2014/15,2015-01-01,Newcastle,Burnley,3,3,D,10,15,4,4,1.83,3.75,4.75,4553,1.24639,1.65582,John Carver,Sean Dyche
144,2014/15,2014-12-06,Newcastle,Chelsea,2,1,H,9,26,3,8,7.0,4.33,1.53,4599,1.48574,2.16232,Alan Pardew,José Mourinho
24,2014/15,2014-08-30,Newcastle,Crystal Palace,3,3,D,18,12,4,7,1.75,3.75,5.25,4771,1.69776,1.66056,Alan Pardew,Neil Warnock
184,2014/15,2014-12-28,Newcastle,Everton,3,2,H,13,9,6,2,2.9,3.4,2.6,4647,1.71345,1.07321,Alan Pardew,Roberto Martínez
43,2014/15,2014-09-20,Newcastle,Hull,2,2,D,25,10,7,3,2.2,3.3,3.75,4733,1.91632,0.854291,Alan Pardew,Steve Bruce
76,2014/15,2014-10-18,Newcastle,Leicester,1,0,H,19,7,6,2,2.25,3.6,3.3,4704,2.1929,0.650379,Alan Pardew,Nigel Pearson
96,2014/15,2014-11-01,Newcastle,Liverpool,1,0,H,14,6,3,3,3.8,3.75,2.0,4649,1.56863,0.258953,Alan Pardew,Brendan Rodgers
9,2014/15,2014-08-17,Newcastle,Man City,0,2,A,12,13,0,5,5.25,4.33,1.67,4757,0.965583,1.48053,Alan Pardew,Manuel Pellegrini
274,2014/15,2015-03-04,Newcastle,Man United,0,1,A,9,11,2,5,4.2,3.5,2.0,4487,1.19246,1.68865,John Carver,Louis van Gaal
116,2014/15,2014-11-22,Newcastle,QPR,1,0,H,14,13,6,4,1.83,3.75,4.75,4670,1.47871,0.402285,Alan Pardew,Harry Redknapp
214,2014/15,2015-01-17,Newcastle,Southampton,1,2,A,16,5,3,3,3.3,3.3,2.38,4577,0.856732,0.432026,John Carver,Ronald Koeman
239,2014/15,2015-02-08,Newcastle,Stoke,1,1,D,9,7,3,3,2.3,3.4,3.4,4523,0.789943,0.220357,John Carver,Mark Hughes
169,2014/15,2014-12-21,Newcastle,Sunderland,0,1,A,15,16,7,3,2.05,3.5,4.0,4626,0.900259,2.18418,Alan Pardew,Gustavo Poyet
331,2014/15,2015-04-25,Newcastle,Swansea,2,3,A,12,11,4,6,2.45,3.25,3.25,4470,1.54939,1.58825,John Carver,Garry Monk
327,2014/15,2015-04-19,Newcastle,Tottenham,1,3,A,11,14,5,8,3.3,3.5,2.3,4467,0.938886,1.99862,John Carver,Mauricio Pochettino
355,2014/15,2015-05-09,Newcastle,West Brom,1,1,D,15,8,5,3,2.55,3.3,3.0,4413,1.23706,1.21081,John Carver,Tony Pulis
379,2014/15,2015-05-24,Newcastle,West Ham,2,0,H,17,4,4,1,1.83,4.0,4.33,4438,1.64216,0.416396,John Carver,Sam Allardyce
275,2014/15,2015-03-04,QPR,Arsenal,1,2,A,10,20,3,9,7.0,4.33,1.53,4490,0.318849,2.1651,Chris Ramsey,Arsène Wenger
90,2014/15,2014-10-27,QPR,Aston Villa,2,0,H,11,15,4,6,2.38,3.25,3.4,4718,0.81667,1.18709,Harry Redknapp,Paul Lambert
145,2014/15,2014-12-06,QPR,Burnley,2,0,H,11,15,6,3,2.05,3.5,4.0,4600,1.63744,1.2646,Harry Redknapp,Sean Dyche
319,2014/15,2015-04-12,QPR,Chelsea,0,1,A,15,9,4,1,9.0,5.0,1.4,4458,0.780982,0.920984,Chris Ramsey,José Mourinho
185,2014/15,2014-12-28,QPR,Crystal Palace,0,0,D,11,10,3,3,2.38,3.4,3.25,4641,0.405679,0.328577,Harry Redknapp,Keith Millen
299,2014/15,2015-03-22,QPR,Everton,1,2,A,14,8,1,3,3.3,3.4,2.15,4512,1.39318,0.839996,Chris Ramsey,Roberto Martínez
4,2014/15,2014-08-16,QPR,Hull,0,1,A,19,11,6,4,2.5,3.3,3.1,4751,1.90067,1.11757,Harry Redknapp,Steve Bruce
124,2014/15,2014-11-29,QPR,Leicester,3,2,H,32,19,6,5,2.38,3.4,3.25,4684,2.98194,2.10013,Harry Redknapp,Nigel Pearson
78,2014/15,2014-10-19,QPR,Liverpool,2,3,A,15,15,6,5,6.0,4.2,1.6,4706,2.60852,1.51813,Harry Redknapp,Brendan Rodgers
104,2014/15,2014-11-08,QPR,Man City,2,2,D,17,23,4,6,7.0,4.75,1.5,4664,1.86489,1.70189,Harry Redknapp,Manuel Pellegrini
215,2014/15,2015-01-17,QPR,Man United,0,2,A,18,12,4,7,6.0,4.2,1.62,4574,0.929623,1.55645,Harry Redknapp,Louis van Gaal
362,2014/15,2015-05-16,QPR,Newcastle,2,1,H,8,22,4,8,3.1,3.5,2.4,4420,0.470106,2.11207,Chris Ramsey,John Carver
235,2014/15,2015-02-07,QPR,Southampton,0,1,A,12,16,3,5,4.75,3.6,1.85,4520,1.03037,0.963892,Chris Ramsey,Ronald Koeman
44,2014/15,2014-09-20,QPR,Stoke,2,2,D,21,8,5,4,2.8,3.25,2.8,4729,1.05642,1.45847,Harry Redknapp,Mark Hughes
25,2014/15,2014-08-30,QPR,Sunderland,1,0,H,18,16,5,6,2.4,3.25,3.3,4772,1.27277,0.964343,Harry Redknapp,Gustavo Poyet
196,2014/15,2015-01-01,QPR,Swansea,1,1,D,24,25,6,6,3.0,3.4,2.5,4554,3.16214,1.69725,Harry Redknapp,Garry Monk
279,2014/15,2015-03-07,QPR,Tottenham,1,2,A,17,13,6,6,4.75,3.9,1.8,4492,1.49775,2.62405,Chris Ramsey,Mauricio Pochettino
164,2014/15,2014-12-20,QPR,West Brom,3,2,H,17,16,7,6,2.45,3.3,3.2,4622,2.92864,1.30117,Harry Redknapp,Alan Irvine
332,2014/15,2015-04-25,QPR,West Ham,0,0,D,18,8,7,2,2.38,3.4,3.25,4469,2.28143,0.824309,Chris Ramsey,Sam Allardyce
197,2014/15,2015-01-01,Southampton,Arsenal,2,0,H,13,11,6,6,2.9,3.4,2.6,4555,2.41442,0.849285,Ronald Koeman,Arsène Wenger
363,2014/15,2015-05-16,Southampton,Aston Villa,6,1,H,18,9,11,4,1.75,3.8,5.25,4419,3.59558,1.18593,Ronald Koeman,Tim Sherwood
293,2014/15,2015-03-21,Southampton,Burnley,2,0,H,20,15,3,3,1.4,4.5,7.5,4506,1.92097,1.05022,Ronald Koeman,Sean Dyche
186,2014/15,2014-12-28,Southampton,Chelsea,1,1,D,9,7,1,1,4.75,3.75,1.83,4640,0.528455,0.521788,Ronald Koeman,José Mourinho
271,2014/15,2015-03-03,Southampton,Crystal Palace,1,0,H,23,9,3,3,1.7,3.8,5.75,4484,2.22869,0.392674,Ronald Koeman,Alan Pardew
165,2014/15,2014-12-20,Southampton,Everton,3,0,H,11,13,3,4,2.45,3.5,3.0,4623,2.21266,0.597999,Ronald Koeman,Roberto Martínez
312,2014/15,2015-04-11,Southampton,Hull,2,0,H,9,15,4,4,1.53,4.2,7.5,4453,2.37369,0.737337,Ronald Koeman,Steve Bruce
105,2014/15,2014-11-08,Southampton,Leicester,2,0,H,18,5,6,0,1.44,4.75,8.0,4663,1.00528,0.540434,Ronald Koeman,Nigel Pearson
259,2014/15,2015-02-22,Southampton,Liverpool,0,2,A,13,6,5,4,2.63,3.3,2.9,4544,0.869183,0.695778,Ronald Koeman,Brendan Rodgers
129,2014/15,2014-11-30,Southampton,Man City,0,3,A,13,15,4,6,3.2,3.6,2.3,4687,0.804381,2.13214,Ronald Koeman,Manuel Pellegrini
150,2014/15,2014-12-08,Southampton,Man United,1,2,A,15,3,4,2,2.8,3.4,2.7,4608,1.8287,0.799261,Ronald Koeman,Louis van Gaal
35,2014/15,2014-09-13,Southampton,Newcastle,4,0,H,10,9,7,4,1.8,3.75,5.0,4722,2.11739,1.15026,Ronald Koeman,Alan Pardew
57,2014/15,2014-09-27,Southampton,QPR,2,1,H,19,10,9,2,1.44,4.6,8.5,4741,2.34463,0.456323,Ronald Koeman,Harry Redknapp
82,2014/15,2014-10-25,Southampton,Stoke,1,0,H,20,8,2,1,1.65,4.0,6.0,4710,1.3758,0.867568,Ronald Koeman,Mark Hughes
77,2014/15,2014-10-18,Southampton,Sunderland,8,0,H,20,12,11,1,1.57,4.0,7.0,4703,3.71097,0.92175,Ronald Koeman,Gustavo Poyet
230,2014/15,2015-02-01,Southampton,Swansea,0,1,A,15,6,6,1,1.6,4.0,6.5,4514,1.62682,0.262557,Ronald Koeman,Garry Monk
333,2014/15,2015-04-25,Southampton,Tottenham,2,2,D,13,7,4,2,2.1,3.5,3.8,4468,1.39327,0.531276,Ronald Koeman,Mauricio Pochettino
15,2014/15,2014-08-23,Southampton,West Brom,0,0,D,8,8,2,2,1.85,3.7,4.75,4762,0.665853,0.665791,Ronald Koeman,Alan Irvine
248,2014/15,2015-02-11,Southampton,West Ham,0,0,D,21,4,7,1,1.73,3.9,5.25,4532,1.68446,0.125464,Ronald Koeman,Sam Allardyce
146,2014/15,2014-12-06,Stoke,Arsenal,3,2,H,13,15,4,6,4.0,3.6,2.0,4601,2.50357,2.02073,Mark Hughes,Arsène Wenger
5,2014/15,2014-08-16,Stoke,Aston Villa,0,1,A,12,7,2,2,1.95,3.5,4.5,4752,0.423368,0.909774,Mark Hughes,Paul Lambert
117,2014/15,2014-11-22,Stoke,Burnley,1,2,A,25,5,4,4,1.7,3.8,5.75,4669,1.94307,1.27532,Mark Hughes,Sean Dyche
170,2014/15,2014-12-22,Stoke,Chelsea,0,2,A,13,15,2,6,6.25,4.0,1.62,4628,0.411669,1.45482,Mark Hughes,José Mourinho
294,2014/15,2015-03-21,Stoke,Crystal Palace,1,2,A,17,12,4,3,2.1,3.3,3.5,4507,2.07851,2.14974,Mark Hughes,Alan Pardew
276,2014/15,2015-03-04,Stoke,Everton,2,0,H,11,10,3,5,2.5,3.3,3.1,4488,1.03921,0.418315,Mark Hughes,Roberto Martínez
264,2014/15,2015-02-28,Stoke,Hull,1,0,H,17,1,2,0,1.91,3.5,4.75,4547,0.895577,0.344489,Mark Hughes,Steve Bruce
36,2014/15,2014-09-13,Stoke,Leicester,0,1,A,24,8,4,1,2.1,3.4,4.0,4723,1.64782,0.598313,Mark Hughes,Nigel Pearson
380,2014/15,2015-05-24,Stoke,Liverpool,6,1,H,15,13,9,4,3.5,3.6,2.15,4439,2.15707,1.02292,Mark Hughes,Brendan Rodgers
249,2014/15,2015-02-11,Stoke,Man City,1,4,A,17,14,5,8,5.75,3.8,1.7,4530,0.745602,2.13611,Mark Hughes,Manuel Pellegrini
198,2014/15,2015-01-01,Stoke,Man United,1,1,D,11,6,2,2,4.2,3.5,2.0,4551,1.4082,0.932262,Mark Hughes,Louis van Gaal
60,2014/15,2014-09-29,Stoke,Newcastle,1,0,H,12,16,3,1,2.15,3.4,3.8,4748,1.56203,1.13994,Mark Hughes,Alan Pardew
226,2014/15,2015-01-31,Stoke,QPR,3,1,H,15,14,3,4,1.65,4.0,6.0,4584,0.782569,1.11577,Mark Hughes,Harry Redknapp
325,2014/15,2015-04-18,Stoke,Southampton,2,1,H,15,12,2,6,3.5,3.25,2.3,4464,2.26451,1.36108,Mark Hughes,Ronald Koeman
334,2014/15,2015-04-25,Stoke,Sunderland,1,1,D,23,15,8,5,1.91,3.5,4.75,4472,2.15079,2.17523,Mark Hughes,Dick Advocaat
79,2014/15,2014-10-19,Stoke,Swansea,2,1,H,17,13,3,5,2.5,3.3,3.1,4707,1.75841,2.26827,Mark Hughes,Garry Monk
356,2014/15,2015-05-09,Stoke,Tottenham,3,0,H,17,9,9,3,2.9,3.4,2.6,4414,2.138,0.298008,Mark Hughes,Mauricio Pochettino
187,2014/15,2014-12-28,Stoke,West Brom,2,0,H,13,15,3,4,1.91,3.6,4.5,4646,1.25399,1.35813,Mark Hughes,Alan Irvine
97,2014/15,2014-11-01,Stoke,West Ham,2,2,D,21,10,6,2,2.38,3.4,3.25,4650,3.06954,0.528668,Mark Hughes,Sam Allardyce
83,2014/15,2014-10-25,Sunderland,Arsenal,0,2,A,11,15,3,5,5.5,3.8,1.73,4711,0.441491,1.47081,Gustavo Poyet,Arsène Wenger
284,2014/15,2015-03-14,Sunderland,Aston Villa,0,4,A,12,14,2,8,2.38,3.25,3.4,4497,0.472898,1.50195,Gustavo Poyet,Tim Sherwood
227,2014/15,2015-01-31,Sunderland,Burnley,2,0,H,8,13,3,4,2.25,3.3,3.6,4585,1.89994,1.34786,Gustavo Poyet,Sean Dyche
125,2014/15,2014-11-29,Sunderland,Chelsea,0,0,D,12,24,3,6,9.0,5.0,1.4,4686,1.03133,0.761171,Gustavo Poyet,José Mourinho
313,2014/15,2015-04-11,Sunderland,Crystal Palace,1,4,A,12,14,3,5,2.9,3.2,2.7,4452,0.617079,2.34787,Dick Advocaat,Alan Pardew
107,2014/15,2014-11-09,Sunderland,Everton,1,1,D,10,16,3,7,4.0,3.5,2.05,4665,0.508326,1.31898,Gustavo Poyet,Roberto Martínez
178,2014/15,2014-12-26,Sunderland,Hull,1,3,A,12,13,3,5,2.05,3.4,4.2,4632,1.35551,0.85573,Gustavo Poyet,Steve Bruce
364,2014/15,2015-05-16,Sunderland,Leicester,0,0,D,13,11,3,0,2.8,3.3,2.75,4421,0.935248,0.682972,Dick Advocaat,Nigel Pearson
206,2014/15,2015-01-10,Sunderland,Liverpool,0,1,A,5,21,1,4,4.5,3.6,1.91,4561,0.250077,2.16251,Gustavo Poyet,Brendan Rodgers
140,2014/15,2014-12-03,Sunderland,Man City,1,4,A,8,15,2,4,7.5,4.5,1.5,4597,0.412004,1.0386,Gustavo Poyet,Manuel Pellegrini
18,2014/15,2014-08-24,Sunderland,Man United,1,1,D,11,10,3,3,5.0,4.0,1.75,4767,0.666489,0.941557,Gustavo Poyet,Louis van Gaal
308,2014/15,2015-04-05,Sunderland,Newcastle,1,0,H,16,10,4,1,2.5,3.1,3.1,4448,0.829443,0.798234,Dick Advocaat,John Carver
244,2014/15,2015-02-10,Sunderland,QPR,0,2,A,16,19,5,4,1.91,3.6,4.5,4526,1.80831,1.26883,Gustavo Poyet,Chris Ramsey
344,2014/15,2015-05-02,Sunderland,Southampton,2,1,H,12,11,6,2,4.2,3.4,2.05,4402,1.97694,0.906357,Dick Advocaat,Ronald Koeman
65,2014/15,2014-10-04,Sunderland,Stoke,3,1,H,8,11,3,5,2.55,3.25,3.1,4692,1.40551,0.478187,Gustavo Poyet,Mark Hughes
58,2014/15,2014-09-27,Sunderland,Swansea,0,0,D,15,7,3,1,2.9,3.3,2.63,4745,1.39649,0.156398,Gustavo Poyet,Garry Monk
37,2014/15,2014-09-13,Sunderland,Tottenham,2,2,D,6,15,1,6,3.6,3.5,2.15,4724,0.338966,2.03694,Gustavo Poyet,Mauricio Pochettino
256,2014/15,2015-02-21,Sunderland,West Brom,0,0,D,13,5,2,1,2.7,3.2,2.9,4538,0.699828,0.107318,Gustavo Poyet,Tony Pulis
156,2014/15,2014-12-13,Sunderland,West Ham,1,1,D,13,19,4,8,2.95,3.4,2.55,4613,1.33557,0.870324,Gustavo Poyet,Sam Allardyce
108,2014/15,2014-11-09,Swansea,Arsenal,2,1,H,11,12,5,4,3.75,3.5,2.1,4668,0.520487,1.77699,Garry Monk,Arsène Wenger
179,2014/15,2014-12-26,Swansea,Aston Villa,1,0,H,7,11,2,3,1.75,3.75,5.25,4631,0.601468,1.41578,Garry Monk,Paul Lambert
16,2014/15,2014-08-23,Swansea,Burnley,1,0,H,10,12,5,1,1.65,4.0,6.0,4763,0.914215,0.843331,Garry Monk,Sean Dyche
216,2014/15,2015-01-17,Swansea,Chelsea,0,5,A,11,21,0,11,7.0,4.2,1.55,4575,0.214209,3.19733,Garry Monk,José Mourinho
126,2014/15,2014-11-29,Swansea,Crystal Palace,1,1,D,18,11,4,5,1.8,3.75,5.0,4681,1.4626,1.50956,Garry Monk,Neil Warnock
314,2014/15,2015-04-11,Swansea,Everton,1,1,D,11,12,3,8,2.5,3.3,3.1,4451,1.09678,0.842056,Garry Monk,Roberto Martínez
305,2014/15,2015-04-04,Swansea,Hull,3,1,H,9,10,4,1,1.91,3.5,4.2,4444,1.49943,0.919329,Garry Monk,Steve Bruce
84,2014/15,2014-10-25,Swansea,Leicester,2,0,H,7,9,3,4,1.95,3.7,4.2,4714,1.05601,0.773436,Garry Monk,Nigel Pearson
289,2014/15,2015-03-16,Swansea,Liverpool,0,1,A,10,16,3,5,4.0,3.6,2.0,4502,0.438751,1.69506,Garry Monk,Brendan Rodgers
368,2014/15,2015-05-17,Swansea,Man City,2,4,A,13,22,9,11,4.75,4.2,1.75,4426,1.06125,2.28119,Garry Monk,Manuel Pellegrini
257,2014/15,2015-02-21,Swansea,Man United,2,1,H,11,18,6,3,4.2,3.5,2.0,4539,1.04218,1.47171,Garry Monk,Louis van Gaal
66,2014/15,2014-10-04,Swansea,Newcastle,2,2,D,11,9,5,4,1.91,3.7,4.33,4693,1.55242,1.18603,Garry Monk,Alan Pardew
135,2014/15,2014-12-02,Swansea,QPR,2,0,H,18,5,7,1,1.73,3.8,5.5,4592,1.54207,0.789519,Garry Monk,Harry Redknapp
45,2014/15,2014-09-20,Swansea,Southampton,0,1,A,5,11,2,4,2.5,3.3,3.1,4730,0.520262,0.750244,Garry Monk,Ronald Koeman
345,2014/15,2015-05-02,Swansea,Stoke,2,0,H,16,9,4,3,2.3,3.4,3.4,4403,2.07645,0.324134,Garry Monk,Mark Hughes
236,2014/15,2015-02-07,Swansea,Sunderland,1,1,D,16,4,7,1,1.91,3.5,4.6,4517,1.86428,0.143279,Garry Monk,Gustavo Poyet
159,2014/15,2014-12-14,Swansea,Tottenham,1,2,A,15,10,3,4,2.5,3.4,3.0,4617,1.67826,0.731022,Garry Monk,Mauricio Pochettino
26,2014/15,2014-08-30,Swansea,West Brom,3,0,H,15,16,8,2,1.85,3.6,4.75,4773,2.02641,0.696665,Garry Monk,Alan Irvine
207,2014/15,2015-01-10,Swansea,West Ham,1,1,D,19,11,3,5,2.25,3.5,3.4,4562,1.54943,0.731228,Garry Monk,Sam Allardyce
237,2014/15,2015-02-07,Tottenham,Arsenal,2,1,H,23,7,8,3,3.25,3.5,2.3,4515,1.2754,0.834136,Mauricio Pochettino,Arsène Wenger
315,2014/15,2015-04-11,Tottenham,Aston Villa,0,1,A,14,10,3,3,1.62,4.2,6.0,4455,0.621738,0.860976,Mauricio Pochettino,Tim Sherwood
166,2014/15,2014-12-20,Tottenham,Burnley,2,1,H,23,9,6,5,1.5,4.5,7.5,4621,1.77346,0.655135,Mauricio Pochettino,Sean Dyche
199,2014/15,2015-01-01,Tottenham,Chelsea,5,3,H,11,19,8,7,5.0,3.75,1.8,4560,1.82436,3.03274,Mauricio Pochettino,José Mourinho
147,2014/15,2014-12-06,Tottenham,Crystal Palace,0,0,D,14,16,3,4,1.6,4.2,6.0,4602,0.958788,1.17369,Mauricio Pochettino,Neil Warnock
130,2014/15,2014-11-30,Tottenham,Everton,2,1,H,13,10,6,5,2.25,3.6,3.25,4688,1.13109,0.934335,Mauricio Pochettino,Roberto Martínez
365,2014/15,2015-05-16,Tottenham,Hull,2,0,H,10,14,3,2,1.8,3.8,4.75,4422,1.70119,1.13285,Mauricio Pochettino,Steve Bruce
295,2014/15,2015-03-21,Tottenham,Leicester,4,3,H,10,14,4,5,1.53,4.0,6.0,4505,2.82935,2.722,Mauricio Pochettino,Nigel Pearson
30,2014/15,2014-08-31,Tottenham,Liverpool,0,3,A,7,17,1,8,2.7,3.5,2.7,4777,0.48592,2.74317,Mauricio Pochettino,Brendan Rodgers
348,2014/15,2015-05-03,Tottenham,Man City,0,1,A,21,15,5,4,3.75,3.75,2.05,4407,2.07027,1.80612,Mauricio Pochettino,Manuel Pellegrini
188,2014/15,2014-12-28,Tottenham,Man United,0,0,D,9,9,4,5,3.25,3.6,2.3,4639,0.888,2.2613,Mauricio Pochettino,Louis van Gaal
89,2014/15,2014-10-26,Tottenham,Newcastle,1,2,A,17,8,2,2,1.75,3.9,5.0,4715,2.03729,0.73967,Mauricio Pochettino,Alan Pardew
19,2014/15,2014-08-24,Tottenham,QPR,4,0,H,18,9,5,1,1.45,4.75,8.0,4766,2.38894,1.07617,Mauricio Pochettino,Harry Redknapp
69,2014/15,2014-10-05,Tottenham,Southampton,1,0,H,9,7,4,3,2.2,3.5,3.5,4696,0.898735,1.14587,Mauricio Pochettino,Ronald Koeman
109,2014/15,2014-11-09,Tottenham,Stoke,1,2,A,14,11,4,4,1.7,4.0,5.5,4666,1.28384,1.24867,Mauricio Pochettino,Mark Hughes
217,2014/15,2015-01-17,Tottenham,Sunderland,2,1,H,25,8,8,4,1.62,4.2,6.0,4576,0.931537,1.19577,Mauricio Pochettino,Gustavo Poyet
277,2014/15,2015-03-04,Tottenham,Swansea,3,2,H,20,10,7,5,1.75,3.8,5.25,4489,2.13485,0.708217,Mauricio Pochettino,Garry Monk
50,2014/15,2014-09-21,Tottenham,West Brom,0,1,A,7,10,1,4,1.53,4.33,7.0,4735,0.438596,1.08401,Mauricio Pochettino,Alan Irvine
260,2014/15,2015-02-22,Tottenham,West Ham,2,2,D,27,12,8,5,1.8,3.8,4.75,4542,2.17554,2.20831,Mauricio Pochettino,Sam Allardyce
127,2014/15,2014-11-29,West Brom,Arsenal,0,1,A,9,17,1,5,4.5,3.8,1.85,4679,0.31526,1.05603,Alan Irvine,Arsène Wenger
157,2014/15,2014-12-13,West Brom,Aston Villa,1,0,H,13,7,5,2,2.15,3.4,3.8,4612,1.4373,0.266303,Alan Irvine,Paul Lambert
59,2014/15,2014-09-28,West Brom,Burnley,4,0,H,20,10,6,2,2.0,3.5,4.2,4747,1.81127,0.473814,Alan Irvine,Sean Dyche
369,2014/15,2015-05-18,West Brom,Chelsea,3,0,H,9,12,5,3,4.1,3.5,2.0,4428,1.22743,1.07679,Tony Pulis,José Mourinho
85,2014/15,2014-10-25,West Brom,Crystal Palace,2,2,D,17,8,4,6,1.91,3.6,4.5,4712,1.45724,1.77354,Alan Irvine,Neil Warnock
38,2014/15,2014-09-13,West Brom,Everton,0,2,A,11,11,1,4,3.5,3.5,2.2,4725,0.602059,0.807492,Alan Irvine,Roberto Martínez
208,2014/15,2015-01-10,West Brom,Hull,1,0,H,9,12,3,2,2.05,3.4,4.2,4563,0.784159,0.395844,Tony Pulis,Steve Bruce
316,2014/15,2015-04-11,West Brom,Leicester,2,3,A,8,12,5,4,2.3,3.4,3.4,4456,0.968439,1.6874,Tony Pulis,Nigel Pearson
335,2014/15,2015-04-25,West Brom,Liverpool,0,0,D,10,22,4,5,4.0,3.6,2.0,4471,0.507754,1.41235,Tony Pulis,Brendan Rodgers
180,2014/15,2014-12-26,West Brom,Man City,1,3,A,18,9,6,5,6.5,4.5,1.53,4633,2.64442,2.10224,Alan Irvine,Manuel Pellegrini
80,2014/15,2014-10-20,West Brom,Man United,2,2,D,8,22,2,7,5.0,4.0,1.75,4708,0.61662,0.934042,Alan Irvine,Louis van Gaal
110,2014/15,2014-11-09,West Brom,Newcastle,0,2,A,10,8,2,3,2.3,3.5,3.3,4667,0.765208,0.694441,Alan Irvine,Alan Pardew
306,2014/15,2015-04-04,West Brom,QPR,1,4,A,21,12,6,7,1.8,3.5,4.5,4445,2.13361,1.20939,Tony Pulis,Chris Ramsey
265,2014/15,2015-02-28,West Brom,Southampton,1,0,H,7,12,3,2,3.4,3.2,2.38,4546,1.08916,0.579867,Tony Pulis,Ronald Koeman
285,2014/15,2015-03-14,West Brom,Stoke,1,0,H,14,9,5,2,2.38,3.25,3.4,4496,0.958807,0.198751,Tony Pulis,Mark Hughes
6,2014/15,2014-08-16,West Brom,Sunderland,2,2,D,10,7,5,2,2.25,3.4,3.5,4753,1.68343,0.991901,Alan Irvine,Gustavo Poyet
250,2014/15,2015-02-11,West Brom,Swansea,2,0,H,11,10,4,3,2.55,3.25,3.1,4534,0.685986,0.438959,Tony Pulis,Garry Monk
228,2014/15,2015-01-31,West Brom,Tottenham,0,3,A,13,14,4,4,2.9,3.3,2.63,4586,0.808495,1.34429,Tony Pulis,Mauricio Pochettino
136,2014/15,2014-12-02,West Brom,West Ham,1,2,A,23,11,5,6,2.5,3.4,3.0,4594,1.41302,1.24431,Alan Irvine,Sam Allardyce
189,2014/15,2014-12-28,West Ham,Arsenal,1,2,A,14,21,4,7,3.5,3.5,2.2,4645,1.1084,3.35886,Sam Allardyce,Arsène Wenger
106,2014/15,2014-11-08,West Ham,Aston Villa,0,0,D,21,12,5,4,1.75,3.75,5.5,4662,1.47873,0.560875,Sam Allardyce,Paul Lambert
346,2014/15,2015-05-02,West Ham,Burnley,1,0,H,29,8,7,2,2.25,3.5,3.4,4404,3.23925,0.758485,Sam Allardyce,Sean Dyche
278,2014/15,2015-03-04,West Ham,Chelsea,0,1,A,18,12,5,3,6.25,4.0,1.62,4485,1.46324,2.38358,Sam Allardyce,José Mourinho
266,2014/15,2015-02-28,West Ham,Crystal Palace,1,3,A,22,12,5,5,2.15,3.4,3.75,4545,1.28506,0.851359,Sam Allardyce,Alan Pardew
366,2014/15,2015-05-16,West Ham,Everton,1,2,A,13,21,3,5,2.9,3.4,2.6,4423,0.813296,2.07078,Sam Allardyce,Roberto Martínez
219,2014/15,2015-01-18,West Ham,Hull,3,0,H,17,9,6,3,1.75,3.75,5.25,4578,2.68629,0.423719,Sam Allardyce,Steve Bruce
167,2014/15,2014-12-20,West Ham,Leicester,2,0,H,10,10,2,4,1.75,3.9,5.0,4620,1.45134,0.659983,Sam Allardyce,Nigel Pearson
46,2014/15,2014-09-20,West Ham,Liverpool,3,1,H,13,11,7,5,4.5,3.8,1.85,4734,1.26032,0.37835,Sam Allardyce,Brendan Rodgers
86,2014/15,2014-10-25,West Ham,Man City,2,1,H,12,21,4,5,6.5,4.5,1.55,4709,2.62631,1.8643,Sam Allardyce,Manuel Pellegrini
240,2014/15,2015-02-08,West Ham,Man United,1,1,D,13,18,6,6,4.2,3.6,1.95,4524,0.86518,1.21344,Sam Allardyce,Louis van Gaal
128,2014/15,2014-11-29,West Ham,Newcastle,1,0,H,12,7,3,1,2.15,3.5,3.6,4680,1.09981,0.246562,Sam Allardyce,Alan Pardew
70,2014/15,2014-10-05,West Ham,QPR,2,0,H,11,10,3,3,1.91,3.6,4.5,4698,1.64038,0.697342,Sam Allardyce,Harry Redknapp
27,2014/15,2014-08-30,West Ham,Southampton,1,3,A,4,18,2,8,2.8,3.4,2.7,4774,0.635223,1.57513,Sam Allardyce,Ronald Koeman
317,2014/15,2015-04-11,West Ham,Stoke,1,1,D,11,18,3,2,2.3,3.4,3.4,4454,0.604708,0.587985,Sam Allardyce,Mark Hughes
296,2014/15,2015-03-21,West Ham,Sunderland,1,0,H,15,7,4,3,1.8,3.5,4.5,4509,0.99619,0.536562,Sam Allardyce,Dick Advocaat
149,2014/15,2014-12-07,West Ham,Swansea,3,1,H,15,11,7,2,2.35,3.4,3.25,4606,2.11509,0.998148,Sam Allardyce,Garry Monk
7,2014/15,2014-08-16,West Ham,Tottenham,0,1,A,18,10,4,4,3.8,3.6,2.05,4754,1.8531,1.01706,Sam Allardyce,Mauricio Pochettino
200,2014/15,2015-01-01,West Ham,West Brom,1,1,D,8,14,3,3,1.85,3.75,4.5,4556,1.13586,1.1226,Sam Allardyce,Rob Kelly
751,2015/16,2016-05-15,Arsenal,Aston Villa,4,0,H,16,5,7,2,1.17,9.0,17.0,451,3.40207,0.222731,Arsène Wenger,Eric Black
561,2015/16,2015-12-28,Arsenal,Bournemouth,2,0,H,13,10,6,3,1.44,4.75,8.0,266,3.12958,0.343752,Arsène Wenger,Eddie Howe
609,2015/16,2016-01-24,Arsenal,Chelsea,0,1,A,9,12,1,6,2.1,3.5,3.9,310,1.10907,1.48778,Arsène Wenger,Guus Hiddink
711,2015/16,2016-04-17,Arsenal,Crystal Palace,1,1,D,21,7,6,2,1.33,5.75,9.5,413,1.73461,0.275806,Arsène Wenger,Alan Pardew
471,2015/16,2015-10-24,Arsenal,Everton,2,1,H,20,10,5,5,1.44,4.75,8.0,176,2.55754,0.373025,Arsène Wenger,Roberto Martínez
638,2015/16,2016-02-14,Arsenal,Leicester,2,1,H,24,7,6,3,1.75,4.0,5.0,338,2.36319,1.31246,Arsène Wenger,Claudio Ranieri
410,2015/16,2015-08-24,Arsenal,Liverpool,0,0,D,19,15,5,8,1.75,4.0,5.0,110,1.83755,1.29206,Arsène Wenger,Brendan Rodgers
550,2015/16,2015-12-21,Arsenal,Man City,2,1,H,8,20,5,6,2.45,3.5,3.0,250,1.50109,0.769378,Arsène Wenger,Manuel Pellegrini
458,2015/16,2015-10-04,Arsenal,Man United,3,0,H,12,9,5,5,2.0,3.8,3.8,160,2.16952,1.03953,Arsène Wenger,Louis van Gaal
571,2015/16,2016-01-02,Arsenal,Newcastle,1,0,H,16,15,3,6,1.29,6.5,11.0,273,1.93025,1.15339,Arsène Wenger,Steve McClaren
727,2015/16,2016-04-30,Arsenal,Norwich,1,0,H,14,12,3,3,1.29,6.5,11.0,432,0.781508,0.578781,Arsène Wenger,Alex Neil
611,2015/16,2016-02-02,Arsenal,Southampton,0,0,D,21,14,11,3,1.75,3.75,5.25,311,3.38487,0.93405,Arsène Wenger,Ronald Koeman
421,2015/16,2015-09-12,Arsenal,Stoke,2,0,H,29,9,12,4,1.29,6.0,12.0,122,4.42684,0.191277,Arsène Wenger,Mark Hughes
521,2015/16,2015-12-05,Arsenal,Sunderland,3,1,H,16,11,7,4,1.29,6.0,13.0,225,2.29559,1.5228,Arsène Wenger,Sam Allardyce
654,2015/16,2016-03-02,Arsenal,Swansea,1,2,A,18,11,4,2,1.36,5.25,10.0,355,1.4928,1.69788,Arsène Wenger,Alan Curtis
498,2015/16,2015-11-08,Arsenal,Tottenham,1,1,D,10,14,4,4,1.73,4.0,5.0,199,2.01767,0.90585,Arsène Wenger,Mauricio Pochettino
684,2015/16,2016-04-02,Arsenal,Watford,4,0,H,19,6,12,2,1.36,5.25,10.0,385,3.00742,0.290619,Arsène Wenger,Quique Sánchez Flores
719,2015/16,2016-04-21,Arsenal,West Brom,2,0,H,16,8,7,1,1.29,6.0,13.0,419,1.37348,0.839742,Arsène Wenger,Tony Pulis
387,2015/16,2015-08-09,Arsenal,West Ham,0,2,A,22,8,6,4,1.29,6.0,12.0,88,1.33166,0.535961,Arsène Wenger,Slaven Bilic
537,2015/16,2015-12-13,Aston Villa,Arsenal,0,2,A,18,8,2,4,6.5,4.2,1.57,237,1.00876,1.68498,Rémi Garde,Arsène Wenger
694,2015/16,2016-04-09,Aston Villa,Bournemouth,1,2,A,6,12,1,3,3.4,3.2,2.2,398,0.220872,1.0038,Eric Black,Eddie Howe
685,2015/16,2016-04-02,Aston Villa,Chelsea,0,4,A,15,11,4,8,6.5,4.33,1.57,384,0.72512,2.49358,Eric Black,Guus Hiddink
581,2015/16,2016-01-12,Aston Villa,Crystal Palace,1,0,H,13,9,3,1,3.2,3.25,2.45,282,0.551973,0.547913,Rémi Garde,Alan Pardew
649,2015/16,2016-03-01,Aston Villa,Everton,1,3,A,14,10,5,7,4.5,3.6,1.91,349,0.60177,2.63668,Rémi Garde,Roberto Martínez
591,2015/16,2016-01-16,Aston Villa,Leicester,1,1,D,14,12,5,5,3.6,3.4,2.2,297,0.665386,2.21525,Rémi Garde,Claudio Ranieri
639,2015/16,2016-02-14,Aston Villa,Liverpool,0,6,A,6,11,1,9,4.75,3.6,1.85,339,0.174868,2.00756,Rémi Garde,Jürgen Klopp
499,2015/16,2015-11-08,Aston Villa,Man City,0,0,D,3,13,0,3,7.5,5.0,1.44,198,0.182741,1.53281,Rémi Garde,Manuel Pellegrini
391,2015/16,2015-08-14,Aston Villa,Man United,0,1,A,5,9,1,2,5.5,3.8,1.73,91,0.219118,0.660404,Tim Sherwood,Louis van Gaal
737,2015/16,2016-05-07,Aston Villa,Newcastle,0,0,D,2,9,0,3,5.75,4.2,1.65,440,0.0312154,1.09626,Eric Black,Rafael Benítez
621,2015/16,2016-02-06,Aston Villa,Norwich,2,0,H,10,12,3,4,2.45,3.2,3.3,326,0.918291,1.1413,Rémi Garde,Alex Neil
720,2015/16,2016-04-23,Aston Villa,Southampton,2,4,A,16,17,7,7,7.5,4.2,1.53,421,1.47192,3.6648,Eric Black,Ronald Koeman
451,2015/16,2015-10-03,Aston Villa,Stoke,0,1,A,13,12,2,5,2.5,3.3,3.1,152,0.839028,1.03499,Tim Sherwood,Mark Hughes
411,2015/16,2015-08-29,Aston Villa,Sunderland,2,2,D,21,7,6,3,1.91,3.5,4.75,113,2.27406,0.368848,Tim Sherwood,Dick Advocaat
472,2015/16,2015-10-24,Aston Villa,Swansea,1,2,A,9,11,3,4,3.0,3.3,2.6,171,1.09516,1.74353,Tim Sherwood,Garry Monk
672,2015/16,2016-03-13,Aston Villa,Tottenham,0,2,A,11,19,2,8,7.5,4.5,1.5,372,1.84022,2.00141,Rémi Garde,Mauricio Pochettino
511,2015/16,2015-11-28,Aston Villa,Watford,2,3,A,12,14,6,6,2.75,3.3,2.8,212,1.48969,1.45176,Rémi Garde,Quique Sánchez Flores
431,2015/16,2015-09-19,Aston Villa,West Brom,0,1,A,13,11,3,6,2.3,3.25,3.5,133,0.876719,0.632761,Tim Sherwood,Tony Pulis
551,2015/16,2015-12-26,Aston Villa,West Ham,1,1,D,15,10,8,4,2.63,3.25,2.75,254,1.61235,0.836027,Rémi Garde,Slaven Bilic
629,2015/16,2016-02-07,Bournemouth,Arsenal,0,2,A,17,10,4,5,3.8,3.5,2.1,329,0.584316,1.13957,Eddie Howe,Arsène Wenger
381,2015/16,2015-08-08,Bournemouth,Aston Villa,0,1,A,11,7,2,3,2.0,3.6,4.0,82,0.876106,0.782253,Eddie Howe,Tim Sherwood
721,2015/16,2016-04-23,Bournemouth,Chelsea,1,4,A,13,16,4,4,3.1,3.5,2.4,422,0.575087,2.07192,Eddie Howe,Guus Hiddink
552,2015/16,2015-12-26,Bournemouth,Crystal Palace,0,0,D,10,8,4,0,2.4,3.3,3.0,255,0.871395,0.405181,Eddie Howe,Alan Pardew
512,2015/16,2015-11-28,Bournemouth,Everton,3,3,D,19,11,10,6,2.9,3.6,2.5,213,1.69105,0.729005,Eddie Howe,Roberto Martínez
412,2015/16,2015-08-29,Bournemouth,Leicester,1,1,D,5,4,2,2,2.2,3.6,3.4,114,0.321432,0.919097,Eddie Howe,Claudio Ranieri
712,2015/16,2016-04-17,Bournemouth,Liverpool,1,2,A,18,19,5,6,3.6,3.5,2.15,412,0.85914,1.81443,Eddie Howe,Jürgen Klopp
686,2015/16,2016-04-02,Bournemouth,Man City,0,4,A,11,15,2,7,3.75,3.6,2.1,386,1.3239,0.868303,Eddie Howe,Manuel Pellegrini
531,2015/16,2015-12-12,Bournemouth,Man United,2,1,H,11,11,5,5,3.4,3.4,2.3,236,1.05032,1.96768,Eddie Howe,Louis van Gaal
491,2015/16,2015-11-07,Bournemouth,Newcastle,0,1,A,20,2,5,1,2.25,3.5,3.4,191,1.00427,0.504409,Eddie Howe,Steve McClaren
592,2015/16,2016-01-16,Bournemouth,Norwich,3,0,H,15,10,8,3,1.91,3.6,4.5,296,2.53086,0.595472,Eddie Howe,Alex Neil
650,2015/16,2016-03-01,Bournemouth,Southampton,2,0,H,9,6,4,1,2.9,3.25,2.7,350,1.41228,0.954161,Eddie Howe,Ronald Koeman
631,2015/16,2016-02-13,Bournemouth,Stoke,1,3,A,11,11,2,6,2.05,3.4,4.1,336,1.19427,0.927348,Eddie Howe,Mark Hughes
432,2015/16,2015-09-19,Bournemouth,Sunderland,2,0,H,15,9,5,2,1.7,4.0,5.5,134,0.644335,0.854867,Eddie Howe,Dick Advocaat
669,2015/16,2016-03-12,Bournemouth,Swansea,3,2,H,12,12,4,4,1.95,3.5,4.33,371,0.70756,1.09562,Eddie Howe,Alan Curtis
477,2015/16,2015-10-25,Bournemouth,Tottenham,1,5,A,11,14,3,9,3.4,3.5,2.25,178,0.490581,3.43313,Eddie Howe,Mauricio Pochettino
452,2015/16,2015-10-03,Bournemouth,Watford,1,1,D,12,11,6,2,2.1,3.5,3.8,153,1.50268,0.913291,Eddie Howe,Quique Sánchez Flores
738,2015/16,2016-05-07,Bournemouth,West Brom,1,1,D,12,12,4,4,1.95,3.6,4.2,441,0.814964,1.34282,Eddie Howe,Tony Pulis
582,2015/16,2016-01-12,Bournemouth,West Ham,1,3,A,11,10,4,5,2.0,3.6,4.0,283,0.729546,1.18455,Eddie Howe,Slaven Bilic
433,2015/16,2015-09-19,Chelsea,Arsenal,2,0,H,22,9,7,2,2.45,3.5,3.0,131,2.0687,0.775312,José Mourinho,Arsène Wenger
461,2015/16,2015-10-17,Chelsea,Aston Villa,2,0,H,9,8,3,1,1.33,5.75,10.0,164,1.22875,0.795846,José Mourinho,Tim Sherwood
522,2015/16,2015-12-05,Chelsea,Bournemouth,0,1,A,19,15,6,5,1.36,5.25,9.5,228,1.66952,1.25911,José Mourinho,Eddie Howe
413,2015/16,2015-08-29,Chelsea,Crystal Palace,1,2,A,26,13,9,6,1.36,5.0,11.0,115,1.27906,2.19283,José Mourinho,Alan Pardew
593,2015/16,2016-01-16,Chelsea,Everton,3,3,D,14,9,7,4,1.83,3.75,4.75,295,2.44864,1.5891,Guus Hiddink,Roberto Martínez
752,2015/16,2016-05-15,Chelsea,Leicester,1,1,D,17,18,4,5,2.3,3.75,3.1,452,1.86065,1.23491,Guus Hiddink,Claudio Ranieri
481,2015/16,2015-10-31,Chelsea,Liverpool,1,3,A,8,16,2,7,2.1,3.5,3.75,181,0.735762,0.839342,José Mourinho,Jürgen Klopp
705,2015/16,2016-04-16,Chelsea,Man City,0,3,A,11,11,4,8,2.75,3.4,2.7,410,0.487715,2.62768,Guus Hiddink,Manuel Pellegrini
630,2015/16,2016-02-07,Chelsea,Man United,1,1,D,16,17,5,7,2.15,3.3,3.9,330,1.61554,0.780475,Guus Hiddink,Louis van Gaal
632,2015/16,2016-02-13,Chelsea,Newcastle,5,1,H,15,10,5,4,1.44,4.75,8.0,337,2.0858,0.430664,Guus Hiddink,Steve McClaren
501,2015/16,2015-11-21,Chelsea,Norwich,1,0,H,21,4,7,2,1.4,5.0,9.0,207,2.16487,0.202798,José Mourinho,Alex Neil
453,2015/16,2015-10-03,Chelsea,Southampton,1,3,A,10,13,3,5,1.83,3.7,4.8,157,0.520175,1.58246,José Mourinho,Ronald Koeman
659,2015/16,2016-03-05,Chelsea,Stoke,1,1,D,20,16,7,5,1.5,4.5,7.5,362,1.0615,1.60285,Guus Hiddink,Mark Hughes
541,2015/16,2015-12-19,Chelsea,Sunderland,3,1,H,17,11,7,3,1.33,5.25,12.0,244,3.02023,1.23573,Steve Holland,Sam Allardyce
382,2015/16,2015-08-08,Chelsea,Swansea,2,2,D,11,18,3,10,1.36,5.0,11.0,86,0.64396,2.59203,José Mourinho,Garry Monk
736,2015/16,2016-05-02,Chelsea,Tottenham,2,2,D,13,16,5,5,2.75,3.6,2.63,436,0.81661,1.90407,Guus Hiddink,Mauricio Pochettino
553,2015/16,2015-12-26,Chelsea,Watford,2,2,D,17,12,2,3,1.44,4.5,7.5,256,2.09356,1.667,Guus Hiddink,Quique Sánchez Flores
584,2015/16,2016-01-13,Chelsea,West Brom,2,2,D,14,13,2,6,1.44,4.5,9.0,287,1.38532,0.704263,Guus Hiddink,Tony Pulis
674,2015/16,2016-03-19,Chelsea,West Ham,2,2,D,22,13,5,6,1.75,3.8,5.25,376,2.1406,0.862828,Guus Hiddink,Slaven Bilic
398,2015/16,2015-08-16,Crystal Palace,Arsenal,1,2,A,11,20,4,7,5.25,3.9,1.73,98,0.964134,2.05542,Alan Pardew,Arsène Wenger
401,2015/16,2015-08-22,Crystal Palace,Aston Villa,2,1,H,16,11,6,2,1.85,3.6,4.75,104,1.23807,0.765278,Alan Pardew,Tim Sherwood
612,2015/16,2016-02-02,Crystal Palace,Bournemouth,1,2,A,14,8,3,4,2.45,3.3,3.2,316,1.62395,1.17427,Alan Pardew,Eddie Howe
579,2015/16,2016-01-03,Crystal Palace,Chelsea,0,3,A,8,10,4,4,3.8,3.5,2.1,279,0.546499,2.3747,Alan Pardew,Guus Hiddink
704,2015/16,2016-04-13,Crystal Palace,Everton,0,0,D,18,9,6,5,2.9,3.4,2.6,404,1.59025,0.759269,Alan Pardew,Roberto Martínez
675,2015/16,2016-03-19,Crystal Palace,Leicester,0,1,A,12,8,4,3,3.0,3.4,2.5,375,0.784339,1.20315,Alan Pardew,Claudio Ranieri
667,2015/16,2016-03-06,Crystal Palace,Liverpool,1,2,A,14,19,4,5,3.8,3.5,2.1,367,1.43901,2.27087,Alan Pardew,Jürgen Klopp
422,2015/16,2015-09-12,Crystal Palace,Man City,0,1,A,10,21,2,7,5.5,4.2,1.67,123,0.743193,3.08883,Alan Pardew,Manuel Pellegrini
482,2015/16,2015-10-31,Crystal Palace,Man United,0,0,D,10,5,5,1,3.8,3.5,2.1,182,0.939118,0.394404,Alan Pardew,Louis van Gaal
513,2015/16,2015-11-28,Crystal Palace,Newcastle,5,1,H,19,7,8,2,1.7,3.9,5.5,214,1.67836,0.791299,Alan Pardew,Steve McClaren
695,2015/16,2016-04-09,Crystal Palace,Norwich,1,0,H,13,13,6,4,2.05,3.4,3.6,399,1.45029,0.675663,Alan Pardew,Alex Neil
532,2015/16,2015-12-12,Crystal Palace,Southampton,1,0,H,12,15,5,3,2.6,3.3,3.0,234,1.31177,0.890411,Alan Pardew,Ronald Koeman
739,2015/16,2016-05-07,Crystal Palace,Stoke,2,1,H,17,12,4,3,2.05,3.5,3.9,438,1.31448,1.27766,Alan Pardew,Mark Hughes
510,2015/16,2015-11-23,Crystal Palace,Sunderland,0,1,A,19,12,7,4,1.57,4.0,7.0,210,0.696183,1.30739,Alan Pardew,Sam Allardyce
562,2015/16,2015-12-28,Crystal Palace,Swansea,0,0,D,10,5,2,3,2.1,3.4,4.0,264,0.735185,0.169425,Alan Pardew,Alan Curtis
601,2015/16,2016-01-23,Crystal Palace,Tottenham,1,3,A,11,24,3,11,3.6,3.5,2.15,302,0.930792,1.74368,Alan Pardew,Mauricio Pochettino
633,2015/16,2016-02-13,Crystal Palace,Watford,1,2,A,14,10,7,3,2.25,3.3,3.6,335,0.983946,1.99728,Alan Pardew,Quique Sánchez Flores
454,2015/16,2015-10-03,Crystal Palace,West Brom,2,0,H,21,7,8,2,1.83,3.6,5.0,151,1.99083,0.255528,Alan Pardew,Tony Pulis
462,2015/16,2015-10-17,Crystal Palace,West Ham,1,3,A,6,24,1,4,2.0,3.6,4.0,165,1.08391,2.76356,Alan Pardew,Slaven Bilic
676,2015/16,2016-03-19,Everton,Arsenal,0,2,A,8,11,2,3,2.7,3.5,2.7,374,0.58617,1.92384,Roberto Martínez,Arsène Wenger
502,2015/16,2015-11-21,Everton,Aston Villa,4,0,H,16,10,9,3,1.57,4.2,6.5,206,2.83068,0.322061,Roberto Martínez,Rémi Garde
728,2015/16,2016-04-30,Everton,Bournemouth,2,1,H,12,16,5,2,2.0,3.8,3.8,429,0.95281,1.42599,Roberto Martínez,Eddie Howe
423,2015/16,2015-09-12,Everton,Chelsea,3,1,H,14,15,9,2,4.0,3.6,2.0,121,1.18026,0.656048,Roberto Martínez,José Mourinho
530,2015/16,2015-12-07,Everton,Crystal Palace,1,1,D,19,14,4,5,2.1,3.6,3.75,230,1.69774,1.1905,Roberto Martínez,Alan Pardew
542,2015/16,2015-12-19,Everton,Leicester,2,3,A,13,10,5,5,2.1,3.75,3.6,245,1.48982,2.02911,Roberto Martínez,Claudio Ranieri
459,2015/16,2015-10-04,Everton,Liverpool,1,1,D,14,13,4,4,2.7,3.4,2.8,158,1.20063,1.30844,Roberto Martínez,Brendan Rodgers
407,2015/16,2015-08-23,Everton,Man City,0,2,A,10,16,1,9,5.0,4.0,1.73,108,0.579338,1.57983,Roberto Martínez,Manuel Pellegrini
463,2015/16,2015-10-17,Everton,Man United,0,3,A,12,10,3,7,3.25,3.4,2.38,166,0.653457,1.47853,Roberto Martínez,Louis van Gaal
619,2015/16,2016-02-03,Everton,Newcastle,3,0,H,18,7,7,3,1.65,4.2,5.5,319,2.48447,0.626239,Roberto Martínez,Steve McClaren
753,2015/16,2016-05-15,Everton,Norwich,3,0,H,15,10,8,2,1.8,4.0,4.5,453,2.40775,0.43016,David Unsworth,Alex Neil
706,2015/16,2016-04-16,Everton,Southampton,1,1,D,7,18,2,4,2.7,3.4,2.8,407,0.318721,1.38323,Roberto Martínez,Ronald Koeman
563,2015/16,2015-12-28,Everton,Stoke,3,4,A,15,8,3,5,1.95,3.6,4.2,265,2.2472,1.58159,Roberto Martínez,Mark Hughes
488,2015/16,2015-11-01,Everton,Sunderland,6,2,H,15,17,8,9,1.5,4.5,7.5,188,2.34852,1.21834,Roberto Martínez,Sam Allardyce
610,2015/16,2016-01-24,Everton,Swansea,1,2,A,20,7,2,5,1.73,3.8,5.5,309,1.94094,1.08055,Roberto Martínez,Francesco Guidolin
580,2015/16,2016-01-03,Everton,Tottenham,1,1,D,12,19,3,4,2.8,3.5,2.63,280,0.721603,0.75907,Roberto Martínez,Mauricio Pochettino
383,2015/16,2015-08-08,Everton,Watford,2,2,D,10,11,5,5,1.7,3.9,5.5,83,0.604226,0.557892,Roberto Martínez,Quique Sánchez Flores
634,2015/16,2016-02-13,Everton,West Brom,0,1,A,34,5,6,1,1.53,4.2,7.5,334,1.82912,1.1974,Roberto Martínez,Tony Pulis
660,2015/16,2016-03-05,Everton,West Ham,2,3,A,15,17,8,5,1.73,4.0,5.0,363,2.09025,2.72091,Roberto Martínez,Slaven Bilic
441,2015/16,2015-09-26,Leicester,Arsenal,2,5,A,16,26,7,12,4.5,4.0,1.8,144,1.38516,3.89623,Claudio Ranieri,Arsène Wenger
428,2015/16,2015-09-13,Leicester,Aston Villa,3,2,H,21,11,6,4,1.91,3.75,4.33,129,1.34987,0.953181,Claudio Ranieri,Tim Sherwood
572,2015/16,2016-01-02,Leicester,Bournemouth,0,0,D,16,9,2,0,1.91,3.75,4.33,274,2.28506,1.2593,Claudio Ranieri,Eddie Howe
540,2015/16,2015-12-14,Leicester,Chelsea,2,1,H,9,11,5,5,3.2,3.5,2.35,240,0.708846,2.26887,Claudio Ranieri,José Mourinho
473,2015/16,2015-10-24,Leicester,Crystal Palace,1,0,H,12,9,3,4,2.2,3.6,3.4,172,1.33502,0.240008,Claudio Ranieri,Alan Pardew
740,2015/16,2016-05-07,Leicester,Everton,3,1,H,32,9,8,5,1.91,4.0,4.0,443,4.50525,1.30184,Claudio Ranieri,Roberto Martínez
613,2015/16,2016-02-02,Leicester,Liverpool,2,0,H,13,14,6,2,2.63,3.4,2.88,312,1.34566,0.580791,Claudio Ranieri,Jürgen Klopp
569,2015/16,2015-12-29,Leicester,Man City,0,0,D,11,21,4,5,4.33,4.0,1.85,269,0.810377,1.66777,Claudio Ranieri,Manuel Pellegrini
514,2015/16,2015-11-28,Leicester,Man United,1,1,D,7,10,3,2,3.1,3.5,2.4,216,0.876256,1.05613,Claudio Ranieri,Louis van Gaal
673,2015/16,2016-03-14,Leicester,Newcastle,1,0,H,10,13,1,2,1.57,4.33,6.25,373,0.846771,0.518715,Claudio Ranieri,Rafael Benítez
641,2015/16,2016-02-27,Leicester,Norwich,1,0,H,13,9,3,1,1.5,4.33,6.0,343,1.7645,0.814784,Claudio Ranieri,Alex Neil
692,2015/16,2016-04-03,Leicester,Southampton,1,0,H,11,10,4,2,2.25,3.4,3.5,392,1.38701,0.670068,Claudio Ranieri,Ronald Koeman
602,2015/16,2016-01-23,Leicester,Stoke,3,0,H,15,3,5,2,2.1,3.5,3.8,304,2.25906,0.340483,Claudio Ranieri,Mark Hughes
384,2015/16,2015-08-08,Leicester,Sunderland,4,2,H,19,10,8,5,1.95,3.5,4.33,84,2.56803,1.45946,Claudio Ranieri,Dick Advocaat
724,2015/16,2016-04-24,Leicester,Swansea,4,0,H,18,9,9,1,1.75,3.7,5.5,425,3.31579,0.576457,Claudio Ranieri,Francesco Guidolin
402,2015/16,2015-08-22,Leicester,Tottenham,1,1,D,13,19,2,6,2.63,3.6,2.75,105,0.829012,1.89437,Claudio Ranieri,Mauricio Pochettino
492,2015/16,2015-11-07,Leicester,Watford,2,1,H,12,8,6,4,1.85,3.8,4.5,192,1.56389,1.00531,Claudio Ranieri,Quique Sánchez Flores
651,2015/16,2016-03-01,Leicester,West Brom,2,2,D,22,11,5,3,1.73,3.8,5.5,351,3.04626,1.29485,Claudio Ranieri,Tony Pulis
713,2015/16,2016-04-17,Leicester,West Ham,2,2,D,6,19,2,4,1.95,3.6,4.2,411,1.95296,1.56819,Claudio Ranieri,Slaven Bilic
585,2015/16,2016-01-13,Liverpool,Arsenal,3,3,D,22,14,6,5,2.88,3.4,2.6,289,1.16222,2.22912,Jürgen Klopp,Arsène Wenger
442,2015/16,2015-09-26,Liverpool,Aston Villa,3,2,H,21,10,12,4,1.53,4.33,7.0,145,1.78331,0.892054,Brendan Rodgers,Tim Sherwood
400,2015/16,2015-08-17,Liverpool,Bournemouth,1,0,H,18,13,2,2,1.45,4.75,8.0,100,2.15062,0.460805,Brendan Rodgers,Eddie Howe
748,2015/16,2016-05-11,Liverpool,Chelsea,1,1,D,28,13,9,7,2.0,3.8,3.8,450,1.83934,0.812268,Jürgen Klopp,Guus Hiddink
500,2015/16,2015-11-08,Liverpool,Crystal Palace,1,2,A,22,9,4,4,1.67,3.8,6.0,200,2.15673,0.849281,Jürgen Klopp,Alan Pardew
716,2015/16,2016-04-20,Liverpool,Everton,4,0,H,37,3,13,0,1.73,4.0,5.0,418,3.24472,0.0886329,Jürgen Klopp,Roberto Martínez
554,2015/16,2015-12-26,Liverpool,Leicester,1,0,H,25,7,4,3,1.91,3.8,3.8,257,1.37933,0.505167,Jürgen Klopp,Claudio Ranieri
655,2015/16,2016-03-02,Liverpool,Man City,3,0,H,11,4,7,2,2.63,3.4,2.88,357,1.16781,0.180318,Jürgen Klopp,Manuel Pellegrini
598,2015/16,2016-01-17,Liverpool,Man United,0,1,A,19,7,4,1,2.3,3.25,3.5,298,0.952974,0.715703,Jürgen Klopp,Louis van Gaal
722,2015/16,2016-04-23,Liverpool,Newcastle,2,2,D,13,6,4,3,1.57,4.5,6.0,423,0.712881,0.253033,Jürgen Klopp,Rafael Benítez
438,2015/16,2015-09-20,Liverpool,Norwich,1,1,D,23,7,7,2,1.67,4.0,5.75,140,1.90447,0.556271,Brendan Rodgers,Alex Neil
478,2015/16,2015-10-25,Liverpool,Southampton,1,1,D,15,8,2,3,2.05,3.6,3.8,180,0.682823,1.56383,Jürgen Klopp,Ronald Koeman
701,2015/16,2016-04-10,Liverpool,Stoke,4,1,H,14,10,6,3,1.55,4.0,5.75,403,2.21484,0.85508,Jürgen Klopp,Mark Hughes
622,2015/16,2016-02-06,Liverpool,Sunderland,2,2,D,16,7,5,2,1.44,4.75,8.5,327,1.57712,0.491843,Jürgen Klopp,Sam Allardyce
517,2015/16,2015-11-29,Liverpool,Swansea,1,0,H,10,8,2,0,1.44,4.75,8.0,219,1.19358,0.367517,Jürgen Klopp,Garry Monk
687,2015/16,2016-04-02,Liverpool,Tottenham,1,1,D,15,18,7,5,2.5,3.4,3.0,391,1.37954,1.23579,Jürgen Klopp,Mauricio Pochettino
744,2015/16,2016-05-08,Liverpool,Watford,2,0,H,19,14,5,3,1.5,4.5,7.5,445,2.38919,0.930803,Jürgen Klopp,Quique Sánchez Flores
538,2015/16,2015-12-13,Liverpool,West Brom,2,2,D,28,4,8,2,1.4,4.75,10.0,238,2.12583,0.835885,Jürgen Klopp,Tony Pulis
414,2015/16,2015-08-29,Liverpool,West Ham,0,3,A,13,12,1,5,1.36,5.5,9.0,116,0.561737,0.97217,Brendan Rodgers,Slaven Bilic
745,2015/16,2016-05-08,Man City,Arsenal,2,2,D,14,5,3,2,2.5,3.6,2.9,446,0.75375,1.08084,Manuel Pellegrini,Arsène Wenger
661,2015/16,2016-03-05,Man City,Aston Villa,4,0,H,22,2,9,1,1.22,7.0,15.0,364,2.83271,0.121136,Manuel Pellegrini,Rémi Garde
464,2015/16,2015-10-17,Man City,Bournemouth,5,1,H,15,5,11,1,1.33,5.75,10.0,167,4.71274,0.173025,Manuel Pellegrini,Eddie Howe
399,2015/16,2015-08-16,Man City,Chelsea,3,0,H,18,10,8,3,2.1,3.5,3.75,99,2.18579,0.482423,Manuel Pellegrini,José Mourinho
594,2015/16,2016-01-16,Man City,Crystal Palace,4,0,H,17,9,4,3,1.4,5.25,8.5,292,1.74025,0.613339,Manuel Pellegrini,Alan Pardew
586,2015/16,2016-01-13,Man City,Everton,0,0,D,22,7,5,2,1.53,4.75,6.0,288,1.44957,0.369548,Manuel Pellegrini,Roberto Martínez
623,2015/16,2016-02-06,Man City,Leicester,1,3,A,22,14,4,7,1.62,4.2,6.0,321,1.70719,2.50168,Manuel Pellegrini,Claudio Ranieri
503,2015/16,2015-11-21,Man City,Liverpool,1,4,A,11,14,3,9,1.7,4.0,5.5,208,1.08612,2.61697,Manuel Pellegrini,Jürgen Klopp
680,2015/16,2016-03-20,Man City,Man United,0,1,A,26,5,2,3,1.83,3.75,4.75,382,1.86249,0.900312,Manuel Pellegrini,Louis van Gaal
455,2015/16,2015-10-03,Man City,Newcastle,6,1,H,23,6,11,4,1.25,7.0,13.0,154,3.3346,0.980279,Manuel Pellegrini,Steve McClaren
483,2015/16,2015-10-31,Man City,Norwich,2,1,H,21,5,5,3,1.29,6.0,12.0,183,2.83557,1.17497,Manuel Pellegrini,Alex Neil
515,2015/16,2015-11-28,Man City,Southampton,3,1,H,16,12,9,8,1.6,4.33,6.0,215,2.12331,1.24478,Manuel Pellegrini,Ronald Koeman
723,2015/16,2016-04-23,Man City,Stoke,4,0,H,11,14,6,2,1.3,6.0,11.0,420,2.22482,1.09174,Manuel Pellegrini,Mark Hughes
555,2015/16,2015-12-26,Man City,Sunderland,4,1,H,19,11,9,3,1.2,7.0,13.0,258,3.51848,1.08103,Manuel Pellegrini,Sam Allardyce
533,2015/16,2015-12-12,Man City,Swansea,2,1,H,13,13,5,7,1.3,6.0,11.0,232,1.34338,0.962789,Manuel Pellegrini,Alan Curtis
640,2015/16,2016-02-14,Man City,Tottenham,1,2,A,19,6,4,3,2.1,3.75,3.6,340,1.97876,1.23517,Manuel Pellegrini,Mauricio Pochettino
415,2015/16,2015-08-29,Man City,Watford,2,0,H,18,7,5,0,1.2,8.0,15.0,117,1.52895,0.363603,Manuel Pellegrini,Quique Sánchez Flores
696,2015/16,2016-04-09,Man City,West Brom,2,1,H,13,13,4,2,1.33,5.0,9.0,400,2.07325,1.09413,Manuel Pellegrini,Tony Pulis
434,2015/16,2015-09-19,Man City,West Ham,1,2,A,27,6,8,3,1.29,6.5,11.0,137,2.98465,0.995273,Manuel Pellegrini,Slaven Bilic
647,2015/16,2016-02-28,Man United,Arsenal,3,2,H,7,13,5,5,3.0,3.25,2.38,348,1.09522,1.5435,Louis van Gaal,Arsène Wenger
707,2015/16,2016-04-16,Man United,Aston Villa,1,0,H,13,7,4,1,1.22,7.0,17.0,406,1.09127,0.262427,Louis van Gaal,Eric Black
760,2015/16,2016-05-17,Man United,Bournemouth,3,1,H,12,7,5,0,1.67,4.2,5.25,460,1.72109,0.503471,Louis van Gaal,Eddie Howe
564,2015/16,2015-12-28,Man United,Chelsea,0,0,D,12,8,2,3,2.6,3.3,3.0,267,1.35213,0.900029,Louis van Gaal,Guus Hiddink
717,2015/16,2016-04-20,Man United,Crystal Palace,2,0,H,16,5,10,0,1.53,4.33,7.0,417,1.46607,0.137416,Louis van Gaal,Alan Pardew
693,2015/16,2016-04-03,Man United,Everton,1,0,H,10,7,2,1,2.1,3.5,3.75,393,0.998692,0.755625,Louis van Gaal,Roberto Martínez
733,2015/16,2016-05-01,Man United,Leicester,1,1,D,21,14,6,3,2.1,3.4,3.9,434,1.18462,1.16622,Louis van Gaal,Claudio Ranieri
424,2015/16,2015-09-12,Man United,Liverpool,3,1,H,9,8,3,4,2.0,3.4,4.33,127,1.46206,1.02572,Louis van Gaal,Brendan Rodgers
479,2015/16,2015-10-25,Man United,Man City,0,0,D,6,6,1,1,2.6,3.5,2.8,179,0.391754,0.310718,Louis van Gaal,Manuel Pellegrini
403,2015/16,2015-08-22,Man United,Newcastle,0,0,D,20,7,8,0,1.36,5.25,10.0,101,1.2491,0.4384,Louis van Gaal,Steve McClaren
543,2015/16,2015-12-19,Man United,Norwich,1,2,A,11,6,2,4,1.45,4.5,8.5,246,1.01394,0.556897,Louis van Gaal,Alex Neil
603,2015/16,2016-01-23,Man United,Southampton,0,1,A,8,7,1,2,1.91,3.5,4.75,303,0.187217,0.83591,Louis van Gaal,Ronald Koeman
614,2015/16,2016-02-02,Man United,Stoke,3,0,H,15,10,5,0,1.7,3.75,5.75,317,2.45272,0.350909,Louis van Gaal,Mark Hughes
443,2015/16,2015-09-26,Man United,Sunderland,3,0,H,12,9,7,4,1.2,7.5,16.0,146,2.8971,0.832139,Louis van Gaal,Dick Advocaat
573,2015/16,2016-01-02,Man United,Swansea,2,1,H,19,9,6,4,1.55,4.2,7.0,275,1.74266,0.542907,Louis van Gaal,Alan Curtis
385,2015/16,2015-08-08,Man United,Tottenham,1,0,H,9,9,1,4,1.65,4.0,6.0,81,0.627539,0.6746,Louis van Gaal,Mauricio Pochettino
656,2015/16,2016-03-02,Man United,Watford,1,0,H,14,13,3,3,1.67,3.8,6.0,358,0.786278,2.16484,Louis van Gaal,Quique Sánchez Flores
493,2015/16,2015-11-07,Man United,West Brom,2,0,H,13,4,3,0,1.33,5.25,12.0,193,1.2779,0.594031,Louis van Gaal,Tony Pulis
523,2015/16,2015-12-05,Man United,West Ham,0,0,D,21,9,1,2,1.44,4.5,9.0,226,1.76061,1.10206,Louis van Gaal,Slaven Bilic
416,2015/16,2015-08-29,Newcastle,Arsenal,0,1,A,1,22,0,9,6.0,4.2,1.62,111,0.0319694,2.33948,Steve McClaren,Arsène Wenger
544,2015/16,2015-12-19,Newcastle,Aston Villa,1,1,D,8,10,4,7,2.05,3.5,4.0,247,1.28189,0.404373,Steve McClaren,Rémi Garde
662,2015/16,2016-03-05,Newcastle,Bournemouth,1,3,A,14,16,3,5,2.63,3.4,2.88,365,0.833931,1.26853,Steve McClaren,Eddie Howe
444,2015/16,2015-09-26,Newcastle,Chelsea,2,2,D,11,16,5,4,6.0,4.2,1.62,148,0.702109,1.30593,Steve McClaren,José Mourinho
729,2015/16,2016-04-30,Newcastle,Crystal Palace,1,0,H,10,9,4,3,2.0,3.6,4.0,428,0.53407,1.05079,Rafael Benítez,Alan Pardew
556,2015/16,2015-12-26,Newcastle,Everton,0,1,A,10,20,1,7,3.2,3.5,2.2,259,1.35711,1.69923,Steve McClaren,Roberto Martínez
504,2015/16,2015-11-21,Newcastle,Leicester,0,3,A,9,18,1,7,2.88,3.6,2.5,205,0.372387,3.27478,Steve McClaren,Claudio Ranieri
529,2015/16,2015-12-06,Newcastle,Liverpool,2,0,H,6,10,1,1,5.75,4.33,1.62,229,0.646346,0.999043,Steve McClaren,Jürgen Klopp
715,2015/16,2016-04-19,Newcastle,Man City,1,1,D,5,9,3,5,6.0,4.5,1.57,415,0.455246,0.522043,Rafael Benítez,Manuel Pellegrini
583,2015/16,2016-01-12,Newcastle,Man United,3,3,D,14,12,6,4,5.0,3.7,1.8,281,1.81304,2.36216,Steve McClaren,Louis van Gaal
469,2015/16,2015-10-18,Newcastle,Norwich,6,2,H,11,18,6,6,2.6,3.4,2.88,169,2.24896,1.34395,Steve McClaren,Alex Neil
388,2015/16,2015-08-09,Newcastle,Southampton,2,2,D,9,15,4,5,2.88,3.3,2.7,87,1.54613,1.2529,Steve McClaren,Ronald Koeman
484,2015/16,2015-10-31,Newcastle,Stoke,0,0,D,15,9,6,2,2.4,3.4,3.2,184,1.26075,1.38017,Steve McClaren,Mark Hughes
681,2015/16,2016-03-20,Newcastle,Sunderland,1,1,D,17,14,8,4,2.1,3.5,3.8,381,0.940593,0.785017,Rafael Benítez,Sam Allardyce
708,2015/16,2016-04-16,Newcastle,Swansea,3,0,H,12,11,7,1,2.3,3.4,3.4,408,1.5024,0.787081,Rafael Benítez,Francesco Guidolin
754,2015/16,2016-05-15,Newcastle,Tottenham,5,1,H,19,17,10,5,4.5,4.0,1.8,454,2.42808,0.869082,Rafael Benítez,Mauricio Pochettino
435,2015/16,2015-09-19,Newcastle,Watford,1,2,A,15,13,5,4,2.5,3.3,3.1,132,1.15114,1.33961,Steve McClaren,Quique Sánchez Flores
624,2015/16,2016-02-06,Newcastle,West Brom,1,0,H,19,7,7,0,2.15,3.4,3.8,322,2.41057,0.472556,Steve McClaren,Tony Pulis
595,2015/16,2016-01-16,Newcastle,West Ham,2,1,H,23,10,10,3,2.5,3.4,3.0,293,1.84261,1.08248,Steve McClaren,Slaven Bilic
518,2015/16,2015-11-29,Norwich,Arsenal,1,1,D,7,12,2,3,6.0,4.2,1.62,220,1.01025,1.65699,Alex Neil,Arsène Wenger
565,2015/16,2015-12-28,Norwich,Aston Villa,2,0,H,9,6,4,3,2.05,3.6,3.8,263,1.10319,0.235874,Alex Neil,Rémi Garde
425,2015/16,2015-09-12,Norwich,Bournemouth,3,1,H,12,7,4,2,2.4,3.4,3.2,126,1.33151,0.389495,Alex Neil,Eddie Howe
652,2015/16,2016-03-01,Norwich,Chelsea,1,2,A,13,10,2,2,5.25,4.0,1.7,353,1.24159,0.980988,Alex Neil,Guus Hiddink
386,2015/16,2015-08-08,Norwich,Crystal Palace,1,3,A,17,11,6,7,2.55,3.3,3.0,85,1.13076,2.10975,Alex Neil,Alan Pardew
534,2015/16,2015-12-12,Norwich,Everton,1,1,D,9,15,2,3,2.9,3.5,2.55,231,1.49283,2.43558,Alex Neil,Roberto Martínez
456,2015/16,2015-10-03,Norwich,Leicester,1,2,A,17,16,2,5,2.3,3.5,3.3,155,1.18074,3.00282,Alex Neil,Claudio Ranieri
604,2015/16,2016-01-23,Norwich,Liverpool,4,5,A,6,13,5,7,4.33,3.5,1.95,301,1.03432,1.44943,Alex Neil,Jürgen Klopp
670,2015/16,2016-03-12,Norwich,Man City,0,0,D,5,15,0,3,6.0,4.2,1.6,369,0.139743,0.557373,Alex Neil,Manuel Pellegrini
741,2015/16,2016-05-07,Norwich,Man United,0,1,A,8,15,2,2,4.5,3.6,1.91,437,1.36825,1.48344,Alex Neil,Louis van Gaal
688,2015/16,2016-04-02,Norwich,Newcastle,3,2,H,13,13,6,5,2.2,3.4,3.6,387,1.65216,1.46835,Alex Neil,Rafael Benítez
574,2015/16,2016-01-02,Norwich,Southampton,1,0,H,10,10,1,4,3.2,3.4,2.4,276,1.50509,0.932294,Alex Neil,Ronald Koeman
404,2015/16,2015-08-22,Norwich,Stoke,1,1,D,21,6,7,1,2.3,3.3,3.5,102,3.14888,0.698228,Alex Neil,Mark Hughes
709,2015/16,2016-04-16,Norwich,Sunderland,0,3,A,19,8,6,3,2.4,3.3,3.25,405,1.09006,1.99748,Alex Neil,Sam Allardyce
494,2015/16,2015-11-07,Norwich,Swansea,1,0,H,9,8,5,0,2.45,3.4,3.1,194,1.19517,0.402284,Alex Neil,Garry Monk
615,2015/16,2016-02-02,Norwich,Tottenham,0,3,A,10,17,2,6,4.5,3.75,1.85,313,0.929319,2.75469,Alex Neil,Mauricio Pochettino
749,2015/16,2016-05-11,Norwich,Watford,4,2,H,18,12,6,7,1.83,3.75,4.75,448,2.41871,1.7686,Alex Neil,Quique Sánchez Flores
474,2015/16,2015-10-24,Norwich,West Brom,0,1,A,16,7,3,4,2.0,3.5,4.2,174,1.03228,1.45436,Alex Neil,Tony Pulis
635,2015/16,2016-02-13,Norwich,West Ham,2,2,D,13,11,3,6,2.38,3.4,3.25,333,1.03362,0.741428,Alex Neil,Slaven Bilic
557,2015/16,2015-12-26,Southampton,Arsenal,4,0,H,15,7,5,4,3.6,3.5,2.05,260,2.4303,0.83106,Ronald Koeman,Arsène Wenger
524,2015/16,2015-12-05,Southampton,Aston Villa,1,1,D,23,9,5,2,1.5,4.5,7.5,227,2.86051,1.058,Ronald Koeman,Rémi Garde
489,2015/16,2015-11-01,Southampton,Bournemouth,2,0,H,11,16,2,2,1.55,4.33,6.5,189,1.15966,0.712132,Ronald Koeman,Eddie Howe
642,2015/16,2016-02-27,Southampton,Chelsea,1,2,A,7,16,2,4,2.8,3.25,2.5,344,1.01074,0.631036,Ronald Koeman,Guus Hiddink
755,2015/16,2016-05-15,Southampton,Crystal Palace,4,1,H,18,16,5,4,1.36,5.5,9.0,455,2.32278,1.24857,Ronald Koeman,Alan Pardew
392,2015/16,2015-08-15,Southampton,Everton,0,3,A,17,10,4,4,1.95,3.6,4.33,92,1.06214,1.39628,Ronald Koeman,Roberto Martínez
465,2015/16,2015-10-17,Southampton,Leicester,2,2,D,14,26,6,7,1.75,4.0,5.0,162,1.46668,2.78648,Ronald Koeman,Claudio Ranieri
682,2015/16,2016-03-20,Southampton,Liverpool,3,2,H,16,18,5,9,2.63,3.4,2.88,380,1.56873,1.29046,Ronald Koeman,Jürgen Klopp
734,2015/16,2016-05-01,Southampton,Man City,4,2,H,14,6,7,5,2.8,3.4,2.7,435,2.84362,1.12719,Ronald Koeman,Manuel Pellegrini
439,2015/16,2015-09-20,Southampton,Man United,2,3,A,15,10,8,3,3.1,3.3,2.5,139,1.83663,1.65119,Ronald Koeman,Louis van Gaal
697,2015/16,2016-04-09,Southampton,Newcastle,3,1,H,20,5,6,3,1.53,4.0,6.0,396,1.78477,0.165982,Ronald Koeman,Rafael Benítez
419,2015/16,2015-08-30,Southampton,Norwich,3,0,H,23,6,8,1,2.05,3.5,4.0,119,2.85501,0.639434,Ronald Koeman,Alex Neil
505,2015/16,2015-11-21,Southampton,Stoke,0,1,A,16,16,1,4,1.57,4.0,7.0,203,0.709485,1.19495,Ronald Koeman,Mark Hughes
663,2015/16,2016-03-05,Southampton,Sunderland,1,1,D,16,11,5,3,1.6,4.0,6.5,360,1.54587,1.31562,Ronald Koeman,Sam Allardyce
445,2015/16,2015-09-26,Southampton,Swansea,3,1,H,18,11,7,4,2.05,3.4,4.2,142,1.55418,1.41962,Ronald Koeman,Garry Monk
545,2015/16,2015-12-19,Southampton,Tottenham,0,2,A,11,13,4,6,2.7,3.4,2.8,242,0.83385,1.47453,Ronald Koeman,Mauricio Pochettino
587,2015/16,2016-01-13,Southampton,Watford,2,0,H,15,4,7,1,1.95,3.5,4.33,284,1.7224,0.11543,Ronald Koeman,Quique Sánchez Flores
596,2015/16,2016-01-16,Southampton,West Brom,3,0,H,9,9,5,0,1.73,3.75,5.5,294,1.42623,0.410757,Ronald Koeman,Tony Pulis
625,2015/16,2016-02-06,Southampton,West Ham,1,0,H,8,18,2,2,1.73,3.8,5.5,328,1.06493,0.970583,Ronald Koeman,Slaven Bilic
599,2015/16,2016-01-17,Stoke,Arsenal,0,0,D,14,8,6,3,4.33,3.6,1.95,299,0.546879,0.585841,Mark Hughes,Arsène Wenger
643,2015/16,2016-02-27,Stoke,Aston Villa,2,1,H,11,5,3,1,1.62,3.75,5.5,345,2.04047,0.414343,Mark Hughes,Rémi Garde
446,2015/16,2015-09-26,Stoke,Bournemouth,2,1,H,8,11,5,6,2.55,3.3,3.0,143,1.94483,0.871678,Mark Hughes,Eddie Howe
495,2015/16,2015-11-07,Stoke,Chelsea,1,0,H,8,19,2,4,3.8,3.6,2.05,197,0.825418,1.02642,Mark Hughes,José Mourinho
546,2015/16,2015-12-19,Stoke,Crystal Palace,1,2,A,26,12,5,3,2.5,3.2,3.2,243,2.41499,1.95347,Mark Hughes,Alan Pardew
626,2015/16,2016-02-06,Stoke,Everton,0,3,A,11,14,3,6,2.7,3.4,2.8,323,0.693548,3.05913,Mark Hughes,Roberto Martínez
436,2015/16,2015-09-19,Stoke,Leicester,2,2,D,11,12,4,5,2.5,3.4,3.0,135,1.14717,1.22582,Mark Hughes,Claudio Ranieri
389,2015/16,2015-08-09,Stoke,Liverpool,0,1,A,7,8,1,3,3.4,3.4,2.3,89,0.381274,0.329873,Mark Hughes,Brendan Rodgers
525,2015/16,2015-12-05,Stoke,Man City,2,0,H,7,11,4,4,5.25,4.0,1.7,221,2.01436,0.483752,Mark Hughes,Manuel Pellegrini
558,2015/16,2015-12-26,Stoke,Man United,2,0,H,13,11,3,6,3.25,3.2,2.3,251,1.18211,1.28961,Mark Hughes,Louis van Gaal
657,2015/16,2016-03-02,Stoke,Newcastle,1,0,H,9,5,2,3,2.0,3.5,4.2,356,0.298318,0.270782,Mark Hughes,Steve McClaren
588,2015/16,2016-01-13,Stoke,Norwich,3,1,H,14,5,4,2,2.05,3.3,4.2,285,1.24456,0.193728,Mark Hughes,Alex Neil
671,2015/16,2016-03-12,Stoke,Southampton,1,2,A,13,11,2,4,2.7,3.2,2.9,370,1.06676,0.874966,Mark Hughes,Ronald Koeman
730,2015/16,2016-04-30,Stoke,Sunderland,1,1,D,11,14,3,5,2.75,3.3,2.8,427,0.68487,1.43105,Mark Hughes,Sam Allardyce
689,2015/16,2016-04-02,Stoke,Swansea,2,2,D,12,12,5,3,2.2,3.4,3.6,388,1.17598,0.4319,Mark Hughes,Francesco Guidolin
714,2015/16,2016-04-18,Stoke,Tottenham,0,4,A,12,23,2,6,4.5,3.75,1.85,414,0.458376,2.89775,Mark Hughes,Mauricio Pochettino
475,2015/16,2015-10-24,Stoke,Watford,0,2,A,12,13,1,3,2.1,3.3,4.0,175,0.848432,1.0403,Mark Hughes,Quique Sánchez Flores
417,2015/16,2015-08-29,Stoke,West Brom,0,1,A,13,15,5,5,1.95,3.4,4.5,112,1.21771,0.881194,Mark Hughes,Tony Pulis
756,2015/16,2016-05-15,Stoke,West Ham,2,1,H,7,20,4,7,3.5,3.6,2.15,456,0.288737,2.94489,Mark Hughes,Slaven Bilic
725,2015/16,2016-04-24,Sunderland,Arsenal,0,0,D,12,20,3,7,4.5,4.0,1.8,424,0.617149,0.97303,Sam Allardyce,Arsène Wenger
575,2015/16,2016-01-02,Sunderland,Aston Villa,3,1,H,13,8,6,3,2.5,3.25,3.2,277,0.761225,0.27956,Sam Allardyce,Rémi Garde
605,2015/16,2016-01-23,Sunderland,Bournemouth,1,1,D,10,15,5,5,3.0,3.4,2.5,306,0.612134,1.26851,Sam Allardyce,Eddie Howe
742,2015/16,2016-05-07,Sunderland,Chelsea,3,2,H,15,9,4,8,3.0,3.5,2.45,442,0.773876,1.77677,Sam Allardyce,Guus Hiddink
653,2015/16,2016-03-01,Sunderland,Crystal Palace,2,2,D,17,13,6,5,2.5,3.3,3.1,352,0.93375,0.887448,Sam Allardyce,Alan Pardew
750,2015/16,2016-05-11,Sunderland,Everton,3,0,H,14,17,8,6,1.75,4.0,5.0,449,2.44887,1.16563,Sam Allardyce,Roberto Martínez
702,2015/16,2016-04-10,Sunderland,Leicester,0,2,A,15,17,1,7,3.4,3.4,2.1,401,0.872232,2.60072,Sam Allardyce,Claudio Ranieri
570,2015/16,2015-12-30,Sunderland,Liverpool,0,1,A,8,17,3,6,5.5,3.9,1.7,270,0.481551,1.80743,Sam Allardyce,Jürgen Klopp
616,2015/16,2016-02-02,Sunderland,Man City,0,1,A,11,6,2,2,8.0,4.75,1.45,314,0.888437,0.638461,Sam Allardyce,Manuel Pellegrini
636,2015/16,2016-02-13,Sunderland,Man United,2,1,H,21,12,5,6,5.25,3.75,1.75,331,1.48186,0.908296,Sam Allardyce,Louis van Gaal
480,2015/16,2015-10-25,Sunderland,Newcastle,3,0,H,9,21,3,8,2.6,3.4,2.9,177,2.37969,1.41744,Sam Allardyce,Steve McClaren
393,2015/16,2015-08-15,Sunderland,Norwich,1,3,A,6,19,2,6,2.5,3.3,3.1,93,0.329128,1.71686,Dick Advocaat,Alex Neil
496,2015/16,2015-11-07,Sunderland,Southampton,0,1,A,9,11,3,4,4.75,3.8,1.8,196,0.299104,1.79578,Sam Allardyce,Ronald Koeman
516,2015/16,2015-11-28,Sunderland,Stoke,2,0,H,18,7,5,3,3.2,3.3,2.45,211,0.863466,0.79464,Sam Allardyce,Mark Hughes
405,2015/16,2015-08-22,Sunderland,Swansea,1,1,D,10,20,2,9,4.0,3.4,2.1,103,0.569426,1.56064,Dick Advocaat,Garry Monk
429,2015/16,2015-09-13,Sunderland,Tottenham,0,1,A,12,15,2,4,4.33,3.6,1.95,128,1.0407,1.45615,Dick Advocaat,Mauricio Pochettino
535,2015/16,2015-12-12,Sunderland,Watford,0,1,A,14,13,2,6,2.9,3.3,2.63,233,0.879474,2.0562,Sam Allardyce,Quique Sánchez Flores
690,2015/16,2016-04-02,Sunderland,West Brom,0,0,D,22,3,7,0,2.1,3.3,4.0,389,1.54544,0.0635563,Sam Allardyce,Tony Pulis
457,2015/16,2015-10-03,Sunderland,West Ham,2,2,D,12,20,3,6,3.2,3.4,2.4,156,1.08401,1.93656,Dick Advocaat,Slaven Bilic
485,2015/16,2015-10-31,Swansea,Arsenal,0,3,A,8,15,3,5,5.0,4.0,1.75,185,0.264441,2.17657,Garry Monk,Arsène Wenger
677,2015/16,2016-03-19,Swansea,Aston Villa,1,0,H,10,12,1,2,1.67,3.8,6.0,379,0.490469,0.730828,Francesco Guidolin,Rémi Garde
506,2015/16,2015-11-21,Swansea,Bournemouth,2,2,D,11,16,4,4,1.91,3.6,4.5,202,1.88526,1.58509,Garry Monk,Eddie Howe
698,2015/16,2016-04-09,Swansea,Chelsea,1,0,H,12,8,6,2,3.75,3.4,2.0,397,1.9071,1.3003,Francesco Guidolin,Guus Hiddink
627,2015/16,2016-02-06,Swansea,Crystal Palace,1,1,D,19,12,3,2,2.25,3.3,3.6,325,1.32136,1.01465,Francesco Guidolin,Alan Pardew
437,2015/16,2015-09-19,Swansea,Everton,0,0,D,12,17,3,2,2.3,3.4,3.4,136,0.864868,1.77458,Garry Monk,Roberto Martínez
526,2015/16,2015-12-05,Swansea,Leicester,0,3,A,10,16,2,5,2.7,3.4,2.75,222,0.780602,2.20962,Garry Monk,Claudio Ranieri
735,2015/16,2016-05-01,Swansea,Liverpool,3,1,H,18,11,9,3,3.1,3.5,2.4,433,2.31862,0.776186,Francesco Guidolin,Jürgen Klopp
757,2015/16,2016-05-15,Swansea,Man City,1,1,D,4,18,1,5,6.0,4.75,1.53,457,0.115604,2.04003,Francesco Guidolin,Manuel Pellegrini
420,2015/16,2015-08-30,Swansea,Man United,2,1,H,9,11,4,4,3.6,3.3,2.25,120,0.971183,1.28089,Garry Monk,Louis van Gaal
394,2015/16,2015-08-15,Swansea,Newcastle,2,0,H,19,4,6,2,1.95,3.6,4.33,94,1.97424,0.113109,Garry Monk,Steve McClaren
664,2015/16,2016-03-05,Swansea,Norwich,1,0,H,10,8,3,3,2.05,3.5,4.0,361,0.545937,0.580126,Alan Curtis,Alex Neil
637,2015/16,2016-02-13,Swansea,Southampton,0,1,A,13,13,2,5,3.2,3.25,2.5,332,0.699012,1.19353,Francesco Guidolin,Ronald Koeman
470,2015/16,2015-10-19,Swansea,Stoke,0,1,A,14,9,2,2,2.05,3.4,4.2,170,0.485489,1.64894,Garry Monk,Mark Hughes
589,2015/16,2016-01-13,Swansea,Sunderland,2,4,A,10,7,5,5,1.8,3.6,5.25,286,1.06526,2.49057,Alan Curtis,Sam Allardyce
460,2015/16,2015-10-04,Swansea,Tottenham,2,2,D,11,19,2,11,2.75,3.25,2.8,159,0.774806,1.18142,Garry Monk,Mauricio Pochettino
600,2015/16,2016-01-18,Swansea,Watford,1,0,H,10,13,2,2,2.38,3.25,3.4,300,0.474035,0.525478,Alan Curtis,Quique Sánchez Flores
559,2015/16,2015-12-26,Swansea,West Brom,1,0,H,7,9,2,3,1.91,3.4,4.5,252,1.21243,0.554583,Alan Curtis,Tony Pulis
548,2015/16,2015-12-20,Swansea,West Ham,0,0,D,21,11,2,2,2.1,3.4,3.9,249,0.973378,0.401988,Alan Curtis,Slaven Bilic
665,2015/16,2016-03-05,Tottenham,Arsenal,2,2,D,26,10,11,4,2.38,3.4,3.25,359,1.88378,0.543157,Mauricio Pochettino,Arsène Wenger
490,2015/16,2015-11-02,Tottenham,Aston Villa,3,1,H,17,13,6,2,1.44,4.75,8.0,190,1.14374,0.325711,Mauricio Pochettino,Kevin MacDonald
683,2015/16,2016-03-20,Tottenham,Bournemouth,3,0,H,17,2,8,0,1.53,4.33,7.0,383,2.02694,0.120366,Mauricio Pochettino,Eddie Howe
519,2015/16,2015-11-29,Tottenham,Chelsea,0,0,D,9,5,4,1,2.6,3.4,2.9,217,0.333494,0.283375,Mauricio Pochettino,José Mourinho
440,2015/16,2015-09-20,Tottenham,Crystal Palace,1,0,H,22,12,6,4,2.0,3.6,4.0,138,1.01573,0.538439,Mauricio Pochettino,Alan Pardew
418,2015/16,2015-08-29,Tottenham,Everton,0,0,D,20,8,6,3,2.0,3.5,4.2,118,1.99917,0.694692,Mauricio Pochettino,Roberto Martínez
590,2015/16,2016-01-13,Tottenham,Leicester,0,1,A,21,10,5,2,1.75,3.8,5.25,290,1.2301,0.588708,Mauricio Pochettino,Claudio Ranieri
466,2015/16,2015-10-17,Tottenham,Liverpool,0,0,D,13,12,4,3,2.5,3.5,3.0,161,0.586228,0.715892,Mauricio Pochettino,Jürgen Klopp
447,2015/16,2015-09-26,Tottenham,Man City,4,1,H,15,22,8,8,4.2,3.8,1.91,141,2.30799,1.57842,Mauricio Pochettino,Manuel Pellegrini
703,2015/16,2016-04-10,Tottenham,Man United,3,0,H,16,5,8,1,1.91,3.5,4.0,402,1.79647,0.341238,Mauricio Pochettino,Louis van Gaal
539,2015/16,2015-12-13,Tottenham,Newcastle,1,2,A,20,8,8,4,1.36,5.5,9.0,239,1.03317,1.55252,Mauricio Pochettino,Steve McClaren
560,2015/16,2015-12-26,Tottenham,Norwich,3,0,H,15,11,10,3,1.4,4.75,8.0,253,2.40666,0.452019,Mauricio Pochettino,Alex Neil
746,2015/16,2016-05-08,Tottenham,Southampton,1,2,A,20,10,6,2,2.05,3.6,3.9,444,2.55547,1.30812,Mauricio Pochettino,Ronald Koeman
395,2015/16,2015-08-15,Tottenham,Stoke,2,2,D,13,16,7,7,1.8,3.75,5.0,95,1.70614,2.80956,Mauricio Pochettino,Mark Hughes
597,2015/16,2016-01-16,Tottenham,Sunderland,4,1,H,26,5,11,2,1.36,5.25,9.5,291,2.02579,0.617306,Mauricio Pochettino,Sam Allardyce
648,2015/16,2016-02-28,Tottenham,Swansea,2,1,H,34,10,14,4,1.4,4.2,9.0,347,3.57325,1.24938,Mauricio Pochettino,Francesco Guidolin
628,2015/16,2016-02-06,Tottenham,Watford,1,0,H,26,3,9,0,1.5,4.33,8.0,324,2.00475,0.149839,Mauricio Pochettino,Quique Sánchez Flores
726,2015/16,2016-04-25,Tottenham,West Brom,1,1,D,19,16,2,3,1.22,7.0,15.0,426,1.26346,0.894413,Mauricio Pochettino,Tony Pulis
509,2015/16,2015-11-22,Tottenham,West Ham,4,1,H,22,10,12,4,1.57,4.2,6.5,209,3.22353,0.818937,Mauricio Pochettino,Slaven Bilic
467,2015/16,2015-10-17,Watford,Arsenal,0,3,A,8,17,1,6,6.0,4.2,1.62,168,0.254791,2.69046,Quique Sánchez Flores,Arsène Wenger
731,2015/16,2016-04-30,Watford,Aston Villa,3,2,H,18,7,6,2,1.7,3.8,5.75,430,1.36255,0.491793,Quique Sánchez Flores,Eric Black
644,2015/16,2016-02-27,Watford,Bournemouth,0,0,D,14,11,1,3,2.38,3.25,3.0,342,1.00481,0.955252,Quique Sánchez Flores,Eddie Howe
620,2015/16,2016-02-03,Watford,Chelsea,0,0,D,12,12,3,4,4.33,3.5,1.95,320,0.531415,1.13694,Quique Sánchez Flores,Guus Hiddink
449,2015/16,2015-09-27,Watford,Crystal Palace,0,1,A,15,16,2,3,2.5,3.3,3.1,149,0.685939,2.33566,Quique Sánchez Flores,Alan Pardew
699,2015/16,2016-04-09,Watford,Everton,1,1,D,13,12,5,7,3.4,3.3,2.15,395,0.408379,1.59979,Quique Sánchez Flores,Roberto Martínez
666,2015/16,2016-03-05,Watford,Leicester,0,1,A,11,14,4,7,3.0,3.4,2.55,366,0.829318,1.47042,Quique Sánchez Flores,Claudio Ranieri
549,2015/16,2015-12-20,Watford,Liverpool,3,0,H,6,12,5,4,4.2,3.6,1.95,248,1.99336,0.376313,Quique Sánchez Flores,Jürgen Klopp
576,2015/16,2016-01-02,Watford,Man City,1,2,A,11,16,3,5,5.0,4.0,1.75,278,0.985368,0.692054,Quique Sánchez Flores,Manuel Pellegrini
507,2015/16,2015-11-21,Watford,Man United,1,2,A,10,13,5,6,4.33,3.4,2.0,201,1.47077,1.30264,Quique Sánchez Flores,Louis van Gaal
606,2015/16,2016-01-23,Watford,Newcastle,2,1,H,13,11,5,2,2.05,3.5,4.0,307,2.58707,1.29267,Quique Sánchez Flores,Steve McClaren
527,2015/16,2015-12-05,Watford,Norwich,2,0,H,14,6,7,1,2.15,3.5,3.6,223,2.07199,0.310524,Quique Sánchez Flores,Alex Neil
408,2015/16,2015-08-23,Watford,Southampton,0,0,D,13,14,0,5,2.8,3.3,2.75,109,1.17588,0.68359,Quique Sánchez Flores,Ronald Koeman
678,2015/16,2016-03-19,Watford,Stoke,1,2,A,9,9,4,6,2.4,3.25,3.3,377,0.879462,1.58145,Quique Sánchez Flores,Mark Hughes
758,2015/16,2016-05-15,Watford,Sunderland,2,2,D,21,6,6,4,2.05,3.75,3.7,458,1.95277,0.908817,Quique Sánchez Flores,Sam Allardyce
426,2015/16,2015-09-12,Watford,Swansea,1,0,H,17,8,6,3,2.75,3.4,2.75,124,1.57333,0.503008,Quique Sánchez Flores,Garry Monk
566,2015/16,2015-12-28,Watford,Tottenham,1,2,A,9,10,1,3,3.75,3.5,2.1,262,1.13011,0.527248,Quique Sánchez Flores,Mauricio Pochettino
396,2015/16,2015-08-15,Watford,West Brom,0,0,D,16,6,5,0,2.3,3.4,3.4,96,0.760848,0.684036,Quique Sánchez Flores,Tony Pulis
486,2015/16,2015-10-31,Watford,West Ham,2,0,H,20,8,5,3,2.6,3.4,2.9,186,1.61544,0.605625,Quique Sánchez Flores,Slaven Bilic
508,2015/16,2015-11-21,West Brom,Arsenal,2,1,H,4,11,1,3,7.0,4.33,1.53,204,0.332888,2.08956,Tony Pulis,Arsène Wenger
607,2015/16,2016-01-23,West Brom,Aston Villa,0,0,D,4,15,0,4,2.1,3.3,4.0,305,0.23184,0.562461,Tony Pulis,Rémi Garde
547,2015/16,2015-12-19,West Brom,Bournemouth,1,2,A,6,16,2,7,2.55,3.3,3.0,241,0.698255,1.89177,Tony Pulis,Eddie Howe
409,2015/16,2015-08-23,West Brom,Chelsea,2,3,A,15,15,6,5,6.5,4.0,1.62,107,1.42622,2.02778,Tony Pulis,José Mourinho
645,2015/16,2016-02-27,West Brom,Crystal Palace,3,2,H,11,15,5,2,2.6,3.1,2.8,346,2.07488,1.21638,Tony Pulis,Alan Pardew
450,2015/16,2015-09-28,West Brom,Everton,2,3,A,9,12,4,4,3.1,3.3,2.5,150,1.27511,2.30159,Tony Pulis,Roberto Martínez
487,2015/16,2015-10-31,West Brom,Leicester,2,3,A,14,13,6,5,2.9,3.4,2.6,187,1.50447,2.22545,Tony Pulis,Claudio Ranieri
759,2015/16,2016-05-15,West Brom,Liverpool,1,1,D,13,7,1,3,2.4,3.6,3.0,459,1.86869,0.419877,Tony Pulis,Jürgen Klopp
390,2015/16,2015-08-10,West Brom,Man City,0,3,A,9,19,2,7,5.75,4.0,1.67,90,0.435238,1.9242,Tony Pulis,Manuel Pellegrini
668,2015/16,2016-03-06,West Brom,Man United,1,0,H,9,7,2,1,4.33,3.4,2.0,368,0.565787,0.417622,Tony Pulis,Louis van Gaal
567,2015/16,2015-12-28,West Brom,Newcastle,1,0,H,22,7,5,2,2.2,3.25,3.75,261,2.1039,0.456189,Tony Pulis,Steve McClaren
679,2015/16,2016-03-19,West Brom,Norwich,0,1,A,10,7,0,1,2.25,3.3,3.6,378,0.332789,0.799255,Tony Pulis,Alex Neil
427,2015/16,2015-09-12,West Brom,Southampton,0,0,D,8,14,1,4,3.2,3.2,2.5,125,0.409143,1.00731,Tony Pulis,Ronald Koeman
577,2015/16,2016-01-02,West Brom,Stoke,2,1,H,16,10,5,3,2.8,3.2,2.8,272,1.72318,0.917526,Tony Pulis,Mark Hughes
468,2015/16,2015-10-17,West Brom,Sunderland,1,0,H,8,9,1,2,2.05,3.4,4.2,163,2.07781,0.658473,Tony Pulis,Sam Allardyce
617,2015/16,2016-02-02,West Brom,Swansea,1,1,D,17,18,7,4,2.63,3.1,3.1,318,2.30645,1.17928,Tony Pulis,Francesco Guidolin
528,2015/16,2015-12-05,West Brom,Tottenham,1,1,D,11,9,4,3,4.75,3.6,1.85,224,1.48695,1.12876,Tony Pulis,Mauricio Pochettino
710,2015/16,2016-04-16,West Brom,Watford,0,1,A,16,11,4,4,2.4,3.2,3.4,409,2.2915,0.364852,Tony Pulis,Quique Sánchez Flores
732,2015/16,2016-04-30,West Brom,West Ham,0,3,A,15,8,5,4,4.0,3.4,2.1,431,1.5346,1.27183,Tony Pulis,Slaven Bilic
700,2015/16,2016-04-09,West Ham,Arsenal,3,3,D,19,11,7,6,3.6,3.5,2.0,394,1.10973,1.46966,Slaven Bilic,Arsène Wenger
618,2015/16,2016-02-02,West Ham,Aston Villa,2,0,H,25,6,6,2,1.91,3.5,4.75,315,2.34619,0.107888,Slaven Bilic,Rémi Garde
406,2015/16,2015-08-22,West Ham,Bournemouth,3,4,A,10,15,4,7,2.38,3.4,3.2,106,1.50203,2.8554,Slaven Bilic,Eddie Howe
476,2015/16,2015-10-24,West Ham,Chelsea,2,1,H,12,8,5,4,4.0,3.8,1.95,173,0.77284,1.1356,Slaven Bilic,José Mourinho
691,2015/16,2016-04-02,West Ham,Crystal Palace,2,2,D,18,12,6,5,1.95,3.6,4.2,390,1.71369,1.65593,Slaven Bilic,Alan Pardew
497,2015/16,2015-11-07,West Ham,Everton,1,1,D,16,13,5,4,2.6,3.5,2.8,195,0.589567,1.08814,Slaven Bilic,Roberto Martínez
397,2015/16,2015-08-15,West Ham,Leicester,1,2,A,10,11,3,6,2.25,3.5,3.4,97,0.513491,1.80939,Slaven Bilic,Claudio Ranieri
578,2015/16,2016-01-02,West Ham,Liverpool,2,0,H,18,23,10,2,4.0,3.5,2.05,271,2.06737,1.86591,Slaven Bilic,Jürgen Klopp
608,2015/16,2016-01-23,West Ham,Man City,2,2,D,10,16,3,3,5.0,4.0,1.73,308,1.01267,1.73182,Slaven Bilic,Manuel Pellegrini
747,2015/16,2016-05-10,West Ham,Man United,3,2,H,20,3,6,2,3.0,3.5,2.45,447,2.13311,0.635987,Slaven Bilic,Louis van Gaal
430,2015/16,2015-09-14,West Ham,Newcastle,2,0,H,17,14,3,4,2.25,3.5,3.4,130,1.71282,0.716599,Slaven Bilic,Steve McClaren
448,2015/16,2015-09-26,West Ham,Norwich,2,2,D,19,16,7,7,2.25,3.5,3.4,147,2.60407,1.38603,Slaven Bilic,Alex Neil
568,2015/16,2015-12-28,West Ham,Southampton,2,1,H,13,15,5,4,3.6,3.4,2.2,268,1.79562,1.3709,Slaven Bilic,Ronald Koeman
536,2015/16,2015-12-12,West Ham,Stoke,0,0,D,22,12,9,3,2.63,3.3,2.9,235,1.13181,1.87239,Slaven Bilic,Mark Hughes
646,2015/16,2016-02-27,West Ham,Sunderland,1,0,H,9,13,3,4,1.8,3.5,4.5,341,0.52387,1.07887,Slaven Bilic,Sam Allardyce
743,2015/16,2016-05-07,West Ham,Swansea,1,4,A,25,13,7,6,1.44,4.75,8.0,439,2.39454,2.47265,Slaven Bilic,Francesco Guidolin
658,2015/16,2016-03-02,West Ham,Tottenham,1,0,H,14,9,3,2,4.0,3.6,2.0,354,0.784319,1.22673,Slaven Bilic,Mauricio Pochettino
718,2015/16,2016-04-20,West Ham,Watford,3,1,H,18,7,7,4,1.57,4.33,6.5,416,3.96294,1.22333,Slaven Bilic,Quique Sánchez Flores
520,2015/16,2015-11-29,West Ham,West Brom,1,1,D,17,7,6,3,2.05,3.5,4.0,218,1.41404,0.866305,Slaven Bilic,Tony Pulis
887,2016/17,2016-11-27,Arsenal,Bournemouth,3,1,H,16,9,3,3,1.4,5.0,9.0,2714,2.8697,2.0491,Arsène Wenger,Eddie Howe
978,2016/17,2017-01-22,Arsenal,Burnley,2,1,H,24,13,8,7,1.2,7.5,17.0,3358,1.86443,1.29948,Arsène Wenger,Sean Dyche
811,2016/17,2016-09-24,Arsenal,Chelsea,3,0,H,14,9,5,2,2.4,3.5,3.1,518,1.66224,0.613553,Arsène Wenger,Antonio Conte
949,2016/17,2017-01-01,Arsenal,Crystal Palace,2,0,H,22,7,7,4,1.29,5.5,9.5,3329,1.67138,0.221469,Arsène Wenger,Sam Allardyce
1131,2016/17,2017-05-21,Arsenal,Everton,3,1,H,17,22,9,7,1.45,5.0,7.5,3510,3.35075,1.8831,Arsène Wenger,Ronald Koeman
1001,2016/17,2017-02-11,Arsenal,Hull,2,0,H,17,9,7,4,1.29,6.0,13.0,3380,3.1235,0.466403,Arsène Wenger,Marco Silva
1091,2016/17,2017-04-26,Arsenal,Leicester,1,0,H,12,7,5,3,1.6,4.5,5.75,3410,0.410203,0.595173,Arsène Wenger,Craig Shakespeare
768,2016/17,2016-08-14,Arsenal,Liverpool,3,4,A,9,16,5,7,2.4,3.5,3.1,469,1.18197,1.6591,Arsène Wenger,Jürgen Klopp
1052,2016/17,2017-04-02,Arsenal,Man City,2,2,D,8,14,3,5,3.1,3.75,2.3,3430,0.738497,1.40021,Arsène Wenger,Pep Guardiola
1112,2016/17,2017-05-07,Arsenal,Man United,2,0,H,9,10,4,4,1.91,3.7,4.33,3490,1.03986,0.576173,Arsène Wenger,José Mourinho
841,2016/17,2016-10-22,Arsenal,Middlesbrough,0,0,D,9,11,5,4,1.25,6.5,15.0,547,0.711811,1.55581,Arsène Wenger,Aitor Karanka
791,2016/17,2016-09-10,Arsenal,Southampton,2,1,H,17,11,2,5,1.57,4.2,6.5,494,1.89219,1.17522,Arsène Wenger,Claude Puel
901,2016/17,2016-12-10,Arsenal,Stoke,3,1,H,21,12,6,5,1.35,5.5,9.5,3118,1.58027,1.29401,Arsène Wenger,Mark Hughes
1127,2016/17,2017-05-16,Arsenal,Sunderland,2,0,H,36,6,13,2,1.09,13.0,29.0,3470,3.83905,0.271744,Arsène Wenger,David Moyes
831,2016/17,2016-10-15,Arsenal,Swansea,3,2,H,16,13,6,6,1.29,6.5,11.0,532,3.50519,1.74979,Arsène Wenger,Bob Bradley
866,2016/17,2016-11-06,Arsenal,Tottenham,1,1,D,15,10,2,3,1.95,3.6,4.2,2692,0.675745,1.19585,Arsène Wenger,Mauricio Pochettino
981,2016/17,2017-01-31,Arsenal,Watford,1,2,A,20,10,5,6,1.22,7.0,15.0,3360,1.07765,0.918309,Arsène Wenger,Walter Mazzarri
931,2016/17,2016-12-26,Arsenal,West Brom,1,0,H,26,3,11,1,1.33,5.5,8.5,3149,1.97881,0.687502,Arsène Wenger,Tony Pulis
1058,2016/17,2017-04-05,Arsenal,West Ham,3,0,H,21,7,8,2,1.4,5.25,8.0,3440,2.16023,0.303905,Arsène Wenger,Slaven Bilic
957,2016/17,2017-01-03,Bournemouth,Arsenal,3,3,D,12,14,6,4,4.33,3.4,1.85,3336,1.55859,1.12629,Eddie Howe,Arsène Wenger
1118,2016/17,2017-05-13,Bournemouth,Burnley,2,1,H,18,14,6,3,1.91,3.75,4.2,3500,1.5499,1.1511,Eddie Howe,Sean Dyche
1064,2016/17,2017-04-08,Bournemouth,Chelsea,1,3,A,12,15,1,5,6.5,4.0,1.6,3450,0.384152,1.52126,Eddie Howe,Antonio Conte
982,2016/17,2017-01-31,Bournemouth,Crystal Palace,0,2,A,10,11,2,4,2.05,3.5,3.9,3361,0.32099,1.60667,Eddie Howe,Sam Allardyce
812,2016/17,2016-09-24,Bournemouth,Everton,1,0,H,12,13,1,2,3.6,3.5,2.15,517,0.693594,1.15724,Eddie Howe,Ronald Koeman
832,2016/17,2016-10-15,Bournemouth,Hull,6,1,H,22,11,10,4,1.85,3.5,5.0,533,2.92532,0.388589,Eddie Howe,Mike Phelan
911,2016/17,2016-12-13,Bournemouth,Leicester,1,0,H,9,12,3,4,2.4,3.4,3.2,3125,0.64118,1.6751,Eddie Howe,Claudio Ranieri
898,2016/17,2016-12-04,Bournemouth,Liverpool,4,3,H,12,10,8,3,5.0,4.0,1.75,3112,2.54396,1.26532,Eddie Howe,Jürgen Klopp
1010,2016/17,2017-02-13,Bournemouth,Man City,0,2,A,5,17,1,5,7.5,5.0,1.44,3389,0.152385,2.953,Eddie Howe,Pep Guardiola
769,2016/17,2016-08-14,Bournemouth,Man United,1,3,A,9,11,3,7,4.75,3.6,1.85,468,0.522847,1.91105,Eddie Howe,José Mourinho
1084,2016/17,2017-04-22,Bournemouth,Middlesbrough,4,0,H,20,5,10,2,1.85,3.75,4.5,3471,3.27712,0.2072,Eddie Howe,Steve Agnew
927,2016/17,2016-12-18,Bournemouth,Southampton,1,3,A,10,14,5,8,3.0,3.3,2.6,3141,0.492912,1.69451,Eddie Howe,Claude Puel
1106,2016/17,2017-05-06,Bournemouth,Stoke,2,2,D,12,14,2,3,2.25,3.6,3.3,3491,1.30668,2.3019,Eddie Howe,Mark Hughes
861,2016/17,2016-11-05,Bournemouth,Sunderland,1,2,A,22,9,7,4,1.65,4.2,5.5,2687,2.6457,1.13672,Eddie Howe,David Moyes
1034,2016/17,2017-03-18,Bournemouth,Swansea,2,0,H,12,10,6,1,2.15,3.5,3.6,3429,1.00816,0.37687,Eddie Howe,Paul Clement
842,2016/17,2016-10-22,Bournemouth,Tottenham,0,0,D,8,16,1,4,4.2,3.6,1.95,541,0.523371,0.74529,Eddie Howe,Mauricio Pochettino
971,2016/17,2017-01-21,Bournemouth,Watford,2,2,D,15,10,5,3,1.83,3.75,4.75,3352,1.14791,1.08731,Eddie Howe,Walter Mazzarri
792,2016/17,2016-09-10,Bournemouth,West Brom,1,0,H,12,12,5,2,2.05,3.25,4.33,495,0.986511,1.48347,Eddie Howe,Tony Pulis
1030,2016/17,2017-03-11,Bournemouth,West Ham,3,2,H,21,15,9,7,2.6,3.5,2.8,3411,3.68186,1.25315,Eddie Howe,Slaven Bilic
827,2016/17,2016-10-02,Burnley,Arsenal,0,1,A,10,18,1,3,9.0,5.0,1.4,530,0.608783,1.85433,Sean Dyche,Arsène Wenger
902,2016/17,2016-12-10,Burnley,Bournemouth,3,2,H,16,17,7,4,3.5,3.5,2.2,3119,2.15178,1.00194,Sean Dyche,Eddie Howe
1008,2016/17,2017-02-12,Burnley,Chelsea,1,1,D,6,13,4,2,9.0,5.0,1.4,3387,0.906366,0.800222,Sean Dyche,Antonio Conte
862,2016/17,2016-11-05,Burnley,Crystal Palace,3,2,H,14,16,7,5,3.3,3.3,2.38,2688,2.25738,2.05902,Sean Dyche,Alan Pardew
843,2016/17,2016-10-22,Burnley,Everton,2,1,H,9,20,3,8,6.0,3.8,1.67,546,0.905579,0.752795,Sean Dyche,Ronald Koeman
793,2016/17,2016-09-10,Burnley,Hull,1,1,D,13,11,2,3,2.45,3.1,3.4,496,0.453149,0.907116,Sean Dyche,Mike Phelan
983,2016/17,2017-01-31,Burnley,Leicester,1,0,H,24,13,3,5,2.9,3.25,2.7,3362,1.82995,0.775645,Sean Dyche,Claudio Ranieri
772,2016/17,2016-08-20,Burnley,Liverpool,2,0,H,3,26,2,5,6.5,4.2,1.57,473,0.197536,0.939025,Sean Dyche,Jürgen Klopp
881,2016/17,2016-11-26,Burnley,Man City,1,2,A,10,21,5,5,9.0,6.0,1.33,2707,0.475642,2.25698,Sean Dyche,Pep Guardiola
1088,2016/17,2017-04-23,Burnley,Man United,0,2,A,8,12,0,6,5.75,4.0,1.67,3472,0.342829,2.24747,Sean Dyche,José Mourinho
932,2016/17,2016-12-26,Burnley,Middlesbrough,1,0,H,6,8,4,2,2.9,3.1,2.6,3150,0.275704,0.698814,Sean Dyche,Aitor Karanka
961,2016/17,2017-01-14,Burnley,Southampton,1,0,H,9,20,3,5,3.6,3.4,2.2,3345,0.464555,0.962065,Sean Dyche,Claude Puel
1054,2016/17,2017-04-04,Burnley,Stoke,1,0,H,7,15,3,2,2.5,3.1,3.3,3441,0.348885,1.17275,Sean Dyche,Mark Hughes
942,2016/17,2016-12-31,Burnley,Sunderland,4,1,H,16,11,6,3,2.4,3.25,3.3,3157,2.72471,0.465701,Sean Dyche,David Moyes
761,2016/17,2016-08-13,Burnley,Swansea,0,1,A,10,17,3,9,2.4,3.3,3.25,464,1.04903,1.72089,Sean Dyche,Francesco Guidolin
1044,2016/17,2017-04-01,Burnley,Tottenham,0,2,A,13,19,2,7,5.75,3.8,1.7,3431,0.44677,2.36346,Sean Dyche,Mauricio Pochettino
820,2016/17,2016-09-26,Burnley,Watford,2,0,H,13,12,4,3,2.9,3.2,2.7,520,0.569734,0.776105,Sean Dyche,Walter Mazzarri
1107,2016/17,2017-05-06,Burnley,West Brom,2,2,D,14,11,4,3,2.25,3.3,3.6,3492,1.08649,0.82853,Sean Dyche,Tony Pulis
1132,2016/17,2017-05-21,Burnley,West Ham,1,2,A,9,14,1,4,2.45,3.5,3.0,3511,1.70802,1.67299,Sean Dyche,Slaven Bilic
991,2016/17,2017-02-04,Chelsea,Arsenal,3,1,H,13,9,6,5,1.95,3.6,4.2,3370,1.95451,0.950035,Antonio Conte,Arsène Wenger
933,2016/17,2016-12-26,Chelsea,Bournemouth,3,0,H,14,7,4,3,1.36,5.0,8.5,3151,1.71303,0.650942,Antonio Conte,Eddie Howe
781,2016/17,2016-08-27,Chelsea,Burnley,3,0,H,22,6,10,0,1.25,5.5,15.0,485,2.65838,0.18449,Antonio Conte,Sean Dyche
1045,2016/17,2017-04-01,Chelsea,Crystal Palace,1,2,A,24,8,11,3,1.3,5.75,12.0,3432,3.16805,1.57423,Antonio Conte,Sam Allardyce
863,2016/17,2016-11-05,Chelsea,Everton,5,0,H,21,1,9,0,1.53,4.33,7.0,2691,1.94078,0.0131321,Antonio Conte,Ronald Koeman
979,2016/17,2017-01-22,Chelsea,Hull,2,0,H,9,9,5,4,1.18,8.0,19.0,3359,1.47165,0.314532,Antonio Conte,Marco Silva
833,2016/17,2016-10-15,Chelsea,Leicester,3,0,H,16,5,6,0,1.57,4.5,6.0,531,3.11573,0.182549,Antonio Conte,Claudio Ranieri
801,2016/17,2016-09-16,Chelsea,Liverpool,1,2,A,12,13,4,5,2.25,3.5,3.4,501,1.16415,1.41642,Antonio Conte,Jürgen Klopp
1059,2016/17,2017-04-05,Chelsea,Man City,2,1,H,10,17,4,7,2.4,3.5,3.1,3448,1.36933,2.2614,Antonio Conte,Pep Guardiola
849,2016/17,2016-10-23,Chelsea,Man United,4,0,H,14,16,6,5,2.15,3.4,3.8,550,2.25192,0.742805,Antonio Conte,José Mourinho
1114,2016/17,2017-05-08,Chelsea,Middlesbrough,3,0,H,21,2,7,1,1.17,9.0,19.0,3493,2.28046,0.0718773,Antonio Conte,Steve Agnew
1090,2016/17,2017-04-25,Chelsea,Southampton,4,2,H,17,12,7,4,1.45,4.6,8.5,3473,1.4438,1.32952,Antonio Conte,Claude Puel
943,2016/17,2016-12-31,Chelsea,Stoke,4,2,H,18,5,7,2,1.25,6.5,14.0,3158,1.94737,0.858417,Antonio Conte,Mark Hughes
1133,2016/17,2017-05-21,Chelsea,Sunderland,5,1,H,28,7,8,3,1.14,9.0,23.0,3512,2.73947,0.693994,Antonio Conte,David Moyes
1011,2016/17,2017-02-25,Chelsea,Swansea,3,1,H,16,3,5,2,1.25,6.5,15.0,3391,1.22573,0.280172,Antonio Conte,Paul Clement
882,2016/17,2016-11-26,Chelsea,Tottenham,2,1,H,9,12,5,6,1.75,3.8,5.25,2712,1.24948,0.422568,Antonio Conte,Mauricio Pochettino
1126,2016/17,2017-05-15,Chelsea,Watford,4,3,H,24,9,9,3,1.25,6.75,13.0,3414,2.65315,0.883368,Antonio Conte,Walter Mazzarri
907,2016/17,2016-12-11,Chelsea,West Brom,1,0,H,12,6,2,1,1.25,6.25,15.0,3121,0.551109,0.212574,Antonio Conte,Tony Pulis
770,2016/17,2016-08-15,Chelsea,West Ham,2,1,H,16,7,6,3,1.65,4.0,6.0,470,1.4603,0.445604,Antonio Conte,Slaven Bilic
1073,2016/17,2017-04-10,Crystal Palace,Arsenal,3,0,H,17,11,6,3,4.5,3.9,1.83,3459,2.15968,0.44226,Sam Allardyce,Arsène Wenger
782,2016/17,2016-08-27,Crystal Palace,Bournemouth,1,1,D,24,10,5,3,2.3,3.2,3.3,486,2.659,0.974014,Alan Pardew,Eddie Howe
1095,2016/17,2017-04-29,Crystal Palace,Burnley,0,2,A,15,9,5,3,1.75,3.5,4.75,3480,0.633469,1.38569,Sam Allardyce,Sean Dyche
921,2016/17,2016-12-17,Crystal Palace,Chelsea,0,1,A,6,13,2,6,6.5,4.2,1.57,3135,0.356331,0.81444,Alan Pardew,Antonio Conte
972,2016/17,2017-01-21,Crystal Palace,Everton,0,1,A,8,16,2,8,3.25,3.4,2.38,3353,0.463733,0.949561,Sam Allardyce,Ronald Koeman
1123,2016/17,2017-05-14,Crystal Palace,Hull,4,0,H,12,9,4,0,2.1,3.6,3.75,3501,2.73274,0.518148,Sam Allardyce,Marco Silva
1074,2016/17,2017-04-15,Crystal Palace,Leicester,2,2,D,15,6,4,2,1.73,3.6,4.75,3468,1.67894,0.467725,Sam Allardyce,Craig Shakespeare
851,2016/17,2016-10-29,Crystal Palace,Liverpool,2,4,A,7,17,6,10,5.25,4.0,1.7,2683,0.496044,2.26056,Alan Pardew,Jürgen Klopp
871,2016/17,2016-11-19,Crystal Palace,Man City,1,2,A,9,10,2,4,6.5,4.5,1.53,2703,0.431559,1.39421,Alan Pardew,Pep Guardiola
913,2016/17,2016-12-14,Crystal Palace,Man United,1,2,A,6,16,3,6,5.25,4.0,1.7,3130,0.710324,1.27306,Alan Pardew,José Mourinho
1012,2016/17,2017-02-25,Crystal Palace,Middlesbrough,1,0,H,15,11,3,4,2.1,3.2,4.2,3392,0.808522,0.82885,Sam Allardyce,Aitor Karanka
891,2016/17,2016-12-03,Crystal Palace,Southampton,3,0,H,9,17,4,3,3.5,3.3,2.3,3106,2.20073,0.764357,Alan Pardew,Claude Puel
807,2016/17,2016-09-18,Crystal Palace,Stoke,4,1,H,14,11,8,4,2.0,3.5,4.2,508,1.31366,1.20308,Alan Pardew,Mark Hughes
992,2016/17,2017-02-04,Crystal Palace,Sunderland,0,4,A,21,10,9,7,1.7,3.9,5.5,3371,2.45994,0.837361,Sam Allardyce,David Moyes
958,2016/17,2017-01-03,Crystal Palace,Swansea,1,2,A,7,11,3,4,1.75,3.5,4.75,3337,0.331276,1.18905,Sam Allardyce,Alan Curtis
1092,2016/17,2017-04-26,Crystal Palace,Tottenham,0,1,A,6,18,1,4,5.5,4.2,1.65,3415,0.321722,1.00589,Sam Allardyce,Mauricio Pochettino
1035,2016/17,2017-03-18,Crystal Palace,Watford,1,0,H,7,6,0,2,1.91,3.5,4.75,3428,0.376326,0.190648,Sam Allardyce,Walter Mazzarri
762,2016/17,2016-08-13,Crystal Palace,West Brom,0,1,A,14,13,4,3,2.0,3.3,4.5,462,0.990062,0.684593,Alan Pardew,Tony Pulis
834,2016/17,2016-10-15,Crystal Palace,West Ham,0,1,A,12,12,3,4,2.15,3.5,3.6,537,1.94599,0.874219,Alan Pardew,Slaven Bilic
912,2016/17,2016-12-13,Everton,Arsenal,2,1,H,14,9,4,3,4.2,3.75,1.91,3126,1.46034,1.3508,Ronald Koeman,Arsène Wenger
993,2016/17,2017-02-04,Everton,Bournemouth,6,3,H,15,18,10,8,1.7,4.0,5.25,3372,2.75981,2.1501,Ronald Koeman,Eddie Howe
1075,2016/17,2017-04-15,Everton,Burnley,3,1,H,29,13,7,6,1.4,4.5,8.0,3467,1.67352,1.1469,Ronald Koeman,Sean Dyche
1100,2016/17,2017-04-30,Everton,Chelsea,0,3,A,12,11,4,5,3.5,3.6,2.0,3481,0.684516,1.81945,Ronald Koeman,Antonio Conte
821,2016/17,2016-09-30,Everton,Crystal Palace,1,1,D,13,10,3,2,1.73,4.0,5.0,521,1.1542,0.47692,Ronald Koeman,Alan Pardew
1036,2016/17,2017-03-18,Everton,Hull,4,0,H,14,6,8,0,1.53,4.33,7.0,3427,2.63141,0.528692,Ronald Koeman,Marco Silva
1071,2016/17,2017-04-09,Everton,Leicester,4,2,H,12,6,7,4,1.75,3.9,5.0,3458,2.64597,0.836095,Ronald Koeman,Craig Shakespeare
930,2016/17,2016-12-19,Everton,Liverpool,0,1,A,6,11,1,4,4.2,3.6,1.95,3144,0.456788,1.87823,Ronald Koeman,Jürgen Klopp
969,2016/17,2017-01-15,Everton,Man City,4,0,H,6,13,4,5,4.5,4.0,1.8,3348,0.572528,0.569286,Ronald Koeman,Pep Guardiola
899,2016/17,2016-12-04,Everton,Man United,1,1,D,13,10,6,2,3.6,3.5,2.15,3113,1.64985,0.541299,Ronald Koeman,José Mourinho
802,2016/17,2016-09-17,Everton,Middlesbrough,3,1,H,11,7,6,0,1.67,3.8,6.0,506,1.17467,0.178081,Ronald Koeman,Aitor Karanka
951,2016/17,2017-01-02,Everton,Southampton,3,0,H,17,12,6,3,2.2,3.4,3.6,3331,2.34997,1.01083,Ronald Koeman,Claude Puel
783,2016/17,2016-08-27,Everton,Stoke,1,0,H,21,8,9,1,1.73,3.6,5.25,487,2.31835,0.187415,Ronald Koeman,Mark Hughes
1013,2016/17,2017-02-25,Everton,Sunderland,2,0,H,20,10,8,1,1.4,5.25,8.5,3393,1.70366,0.505952,Ronald Koeman,David Moyes
872,2016/17,2016-11-19,Everton,Swansea,1,1,D,14,5,6,3,1.6,4.33,6.0,2702,1.54877,1.07471,Ronald Koeman,Bob Bradley
763,2016/17,2016-08-13,Everton,Tottenham,1,1,D,12,13,6,4,3.2,3.4,2.4,463,0.790063,1.12348,Ronald Koeman,Mauricio Pochettino
1116,2016/17,2017-05-12,Everton,Watford,1,0,H,15,14,6,2,1.5,4.5,7.5,3502,1.12984,1.54861,Ronald Koeman,Walter Mazzarri
1031,2016/17,2017-03-11,Everton,West Brom,3,0,H,16,5,5,2,1.67,3.8,6.0,3416,2.17521,0.127321,Ronald Koeman,Tony Pulis
858,2016/17,2016-10-30,Everton,West Ham,2,0,H,17,13,6,3,1.8,3.8,4.75,2684,2.0087,0.944816,Ronald Koeman,Slaven Bilic
803,2016/17,2016-09-17,Hull,Arsenal,1,4,A,6,24,2,9,6.0,4.2,1.6,502,0.969693,3.63453,Mike Phelan,Arsène Wenger
962,2016/17,2017-01-14,Hull,Bournemouth,3,1,H,14,8,3,6,3.3,3.5,2.3,3344,1.18904,1.43455,Marco Silva,Eddie Howe
1014,2016/17,2017-02-25,Hull,Burnley,1,1,D,15,10,1,3,2.15,3.3,3.9,3394,1.59037,0.473058,Marco Silva,Sean Dyche
822,2016/17,2016-10-01,Hull,Chelsea,0,2,A,8,22,3,9,7.5,4.5,1.5,524,0.27266,1.99155,Mike Phelan,Antonio Conte
903,2016/17,2016-12-10,Hull,Crystal Palace,3,3,D,15,14,6,6,3.5,3.3,2.3,3116,2.16649,1.50059,Mike Phelan,Alan Pardew
941,2016/17,2016-12-30,Hull,Everton,2,2,D,13,20,4,7,4.33,3.5,1.95,3155,0.852585,1.27757,Mike Phelan,Ronald Koeman
764,2016/17,2016-08-13,Hull,Leicester,2,1,H,14,18,5,5,4.5,3.6,1.91,461,0.740018,2.45631,Mike Phelan,Claudio Ranieri
994,2016/17,2017-02-04,Hull,Liverpool,2,0,H,7,22,4,5,8.0,4.75,1.45,3373,1.88587,1.12538,Marco Silva,Jürgen Klopp
934,2016/17,2016-12-26,Hull,Man City,0,3,A,10,16,3,6,10.0,5.5,1.3,3152,0.350069,2.22237,Mike Phelan,Pep Guardiola
784,2016/17,2016-08-27,Hull,Man United,0,1,A,8,29,2,9,8.0,4.1,1.44,488,0.268815,2.47208,Mike Phelan,José Mourinho
1060,2016/17,2017-04-05,Hull,Middlesbrough,4,2,H,17,12,5,4,2.05,3.3,4.2,3442,2.23261,1.30673,Marco Silva,Steve Agnew
867,2016/17,2016-11-06,Hull,Southampton,2,1,H,6,19,2,7,5.75,3.8,1.7,2694,0.561215,2.03046,Mike Phelan,Claude Puel
844,2016/17,2016-10-22,Hull,Stoke,0,2,A,9,12,2,6,3.1,3.3,2.5,545,0.701606,1.04273,Mike Phelan,Mark Hughes
1108,2016/17,2017-05-06,Hull,Sunderland,0,2,A,16,12,6,5,1.44,4.75,8.0,3494,1.21734,1.95502,Marco Silva,David Moyes
1032,2016/17,2017-03-11,Hull,Swansea,2,1,H,15,11,7,3,2.55,3.3,3.0,3417,1.98818,1.44148,Marco Silva,Paul Clement
1134,2016/17,2017-05-21,Hull,Tottenham,1,7,A,10,19,4,14,7.0,4.75,1.5,3513,0.812723,3.89027,Marco Silva,Mauricio Pochettino
1085,2016/17,2017-04-22,Hull,Watford,2,0,H,8,13,3,2,1.91,3.7,4.33,3474,1.42309,1.15869,Marco Silva,Walter Mazzarri
883,2016/17,2016-11-26,Hull,West Brom,1,1,D,10,11,4,2,3.1,3.2,2.6,2708,0.424457,1.40213,Mike Phelan,Tony Pulis
1046,2016/17,2017-04-01,Hull,West Ham,2,1,H,7,12,3,4,2.45,3.4,3.1,3433,0.778704,1.24571,Marco Silva,Slaven Bilic
773,2016/17,2016-08-20,Leicester,Arsenal,0,0,D,8,13,1,4,2.88,3.6,2.5,478,0.553693,0.521509,Claudio Ranieri,Arsène Wenger
1135,2016/17,2017-05-21,Leicester,Bournemouth,1,1,D,21,10,5,4,2.0,3.6,4.0,3514,2.45308,0.87072,Craig Shakespeare,Eddie Howe
804,2016/17,2016-09-17,Leicester,Burnley,3,0,H,14,7,6,2,1.5,4.33,8.0,503,1.98503,0.464523,Claudio Ranieri,Sean Dyche
963,2016/17,2017-01-14,Leicester,Chelsea,0,3,A,7,8,2,3,6.0,4.1,1.62,3347,0.179144,0.738826,Claudio Ranieri,Antonio Conte
845,2016/17,2016-10-22,Leicester,Crystal Palace,3,1,H,17,23,4,7,2.05,3.5,3.9,544,1.7041,1.656,Claudio Ranieri,Alan Pardew
935,2016/17,2016-12-26,Leicester,Everton,0,2,A,7,8,2,3,2.5,3.3,2.9,3148,0.377464,1.25512,Claudio Ranieri,Ronald Koeman
1019,2016/17,2017-03-04,Leicester,Hull,3,1,H,17,10,5,4,1.85,3.6,4.75,3400,1.81255,1.1216,Craig Shakespeare,Marco Silva
1018,2016/17,2017-02-27,Leicester,Liverpool,3,1,H,13,17,7,7,5.5,4.2,1.65,3399,1.54732,0.789939,Craig Shakespeare,Jürgen Klopp
904,2016/17,2016-12-10,Leicester,Man City,4,2,H,10,19,6,4,5.25,4.0,1.7,3120,2.60583,0.970372,Claudio Ranieri,Pep Guardiola
999,2016/17,2017-02-05,Leicester,Man United,0,3,A,11,15,1,9,5.75,4.0,1.65,3379,0.492009,1.98688,Claudio Ranieri,José Mourinho
884,2016/17,2016-11-26,Leicester,Middlesbrough,2,2,D,11,6,3,2,1.91,3.6,4.5,2711,2.0478,0.425252,Claudio Ranieri,Aitor Karanka
828,2016/17,2016-10-02,Leicester,Southampton,0,0,D,9,11,1,5,2.25,3.4,3.5,528,0.446309,0.920963,Claudio Ranieri,Claude Puel
1047,2016/17,2017-04-01,Leicester,Stoke,2,0,H,23,10,10,2,2.05,3.5,4.0,3434,1.97444,1.36671,Craig Shakespeare,Mark Hughes
1055,2016/17,2017-04-04,Leicester,Sunderland,2,0,H,19,15,8,3,1.45,4.5,8.5,3445,0.929134,0.7012,Craig Shakespeare,David Moyes
785,2016/17,2016-08-27,Leicester,Swansea,2,1,H,13,9,6,3,1.73,3.6,5.25,483,2.47977,0.32818,Claudio Ranieri,Francesco Guidolin
1130,2016/17,2017-05-18,Leicester,Tottenham,1,6,A,12,26,5,12,4.5,3.8,1.85,3475,0.725721,2.64912,Craig Shakespeare,Mauricio Pochettino
1109,2016/17,2017-05-06,Leicester,Watford,3,0,H,11,14,5,7,1.57,4.2,6.5,3495,1.00566,0.512433,Craig Shakespeare,Walter Mazzarri
868,2016/17,2016-11-06,Leicester,West Brom,1,2,A,5,11,2,5,1.8,3.6,5.25,2696,0.629678,0.78196,Claudio Ranieri,Tony Pulis
944,2016/17,2016-12-31,Leicester,West Ham,1,0,H,12,25,4,5,2.1,3.6,3.7,3156,1.10842,1.58333,Claudio Ranieri,Slaven Bilic
1020,2016/17,2017-03-04,Liverpool,Arsenal,3,1,H,18,7,7,3,2.15,3.6,3.6,3401,2.70435,0.729203,Jürgen Klopp,Arsène Wenger
1061,2016/17,2017-04-05,Liverpool,Bournemouth,2,2,D,20,7,8,2,1.36,5.25,9.5,3449,2.17263,1.31233,Jürgen Klopp,Eddie Howe
1033,2016/17,2017-03-12,Liverpool,Burnley,2,1,H,10,11,3,1,1.25,6.5,14.0,3419,0.966335,0.83474,Jürgen Klopp,Sean Dyche
984,2016/17,2017-01-31,Liverpool,Chelsea,1,1,D,7,8,3,2,2.65,3.25,2.9,3366,1.20485,1.0666,Jürgen Klopp,Antonio Conte
1089,2016/17,2017-04-23,Liverpool,Crystal Palace,1,2,A,14,7,1,3,1.5,4.75,7.0,3476,0.89449,1.21741,Jürgen Klopp,Sam Allardyce
1048,2016/17,2017-04-01,Liverpool,Everton,3,1,H,10,9,6,4,1.73,3.9,5.25,3435,0.625343,1.44152,Jürgen Klopp,Ronald Koeman
813,2016/17,2016-09-24,Liverpool,Hull,5,1,H,32,2,12,1,1.22,7.0,15.0,516,4.64913,0.157549,Jürgen Klopp,Mike Phelan
794,2016/17,2016-09-10,Liverpool,Leicester,4,1,H,17,12,11,3,1.7,4.0,5.5,498,2.76916,1.22508,Jürgen Klopp,Claudio Ranieri
945,2016/17,2016-12-31,Liverpool,Man City,1,0,H,5,9,1,2,2.35,3.6,3.1,3162,0.256825,0.352445,Jürgen Klopp,Pep Guardiola
840,2016/17,2016-10-17,Liverpool,Man United,0,0,D,9,7,3,1,2.2,3.5,3.5,540,0.270441,0.537762,Jürgen Klopp,José Mourinho
1136,2016/17,2017-05-21,Liverpool,Middlesbrough,3,0,H,25,9,10,3,1.14,9.0,23.0,3515,2.16957,0.899691,Jürgen Klopp,Steve Agnew
1113,2016/17,2017-05-07,Liverpool,Southampton,0,0,D,17,4,8,0,1.62,4.2,6.0,3496,1.35967,0.182082,Jürgen Klopp,Claude Puel
939,2016/17,2016-12-27,Liverpool,Stoke,4,1,H,20,6,6,2,1.3,5.5,10.0,3153,1.66669,0.389104,Jürgen Klopp,Mark Hughes
885,2016/17,2016-11-26,Liverpool,Sunderland,2,0,H,27,6,7,1,1.17,8.5,19.0,2710,2.02461,0.291073,Jürgen Klopp,David Moyes
973,2016/17,2017-01-21,Liverpool,Swansea,2,3,A,16,6,5,3,1.22,7.0,15.0,3350,1.24037,1.60482,Jürgen Klopp,Paul Clement
1002,2016/17,2017-02-11,Liverpool,Tottenham,2,0,H,17,7,9,2,2.3,3.4,3.4,3386,2.38009,0.622104,Jürgen Klopp,Mauricio Pochettino
869,2016/17,2016-11-06,Liverpool,Watford,6,1,H,28,11,17,8,1.29,6.0,12.0,2693,4.18366,0.771133,Jürgen Klopp,Walter Mazzarri
846,2016/17,2016-10-22,Liverpool,West Brom,2,1,H,21,6,7,1,1.29,6.0,13.0,548,2.2952,0.685982,Jürgen Klopp,Tony Pulis
908,2016/17,2016-12-11,Liverpool,West Ham,2,2,D,18,7,3,3,1.3,6.0,11.0,3124,1.79134,0.64998,Jürgen Klopp,Slaven Bilic
928,2016/17,2016-12-18,Man City,Arsenal,2,1,H,14,6,5,1,2.15,3.6,3.5,3142,1.5186,0.609893,Pep Guardiola,Arsène Wenger
805,2016/17,2016-09-17,Man City,Bournemouth,4,0,H,20,6,12,2,1.29,6.0,12.0,504,3.38733,0.389672,Pep Guardiola,Eddie Howe
952,2016/17,2017-01-02,Man City,Burnley,2,1,H,14,11,3,3,1.17,8.5,19.0,3332,0.617412,0.642111,Pep Guardiola,Sean Dyche
892,2016/17,2016-12-03,Man City,Chelsea,1,3,A,14,10,5,4,2.15,3.6,3.6,3105,2.24061,1.2848,Pep Guardiola,Antonio Conte
1110,2016/17,2017-05-06,Man City,Crystal Palace,5,0,H,26,5,12,2,1.29,6.5,11.0,3497,2.69837,0.241571,Pep Guardiola,Sam Allardyce
835,2016/17,2016-10-15,Man City,Everton,1,1,D,19,3,8,2,1.5,4.75,7.0,534,2.69208,0.144498,Pep Guardiola,Ronald Koeman
1065,2016/17,2017-04-08,Man City,Hull,3,1,H,23,6,7,1,1.2,7.5,17.0,3457,2.33731,0.358364,Pep Guardiola,Marco Silva
1119,2016/17,2017-05-13,Man City,Leicester,2,1,H,17,9,5,4,1.25,7.0,12.0,3503,1.98776,1.62503,Pep Guardiola,Craig Shakespeare
1041,2016/17,2017-03-19,Man City,Liverpool,1,1,D,13,13,3,4,2.0,3.75,3.8,3426,2.55464,1.94116,Pep Guardiola,Jürgen Klopp
1094,2016/17,2017-04-27,Man City,Man United,0,0,D,19,3,6,1,1.91,3.75,4.2,3398,1.41537,0.421251,Pep Guardiola,José Mourinho
864,2016/17,2016-11-05,Man City,Middlesbrough,1,1,D,25,5,7,3,1.22,7.0,15.0,2689,2.49606,0.208762,Pep Guardiola,Aitor Karanka
850,2016/17,2016-10-23,Man City,Southampton,1,1,D,14,6,3,2,1.5,4.5,7.5,549,1.15321,0.563752,Pep Guardiola,Claude Puel
1029,2016/17,2017-03-08,Man City,Stoke,0,0,D,12,5,1,2,1.25,6.5,15.0,3418,1.3049,0.337194,Pep Guardiola,Mark Hughes
765,2016/17,2016-08-13,Man City,Sunderland,2,1,H,16,7,4,3,1.25,6.5,15.0,467,1.95479,1.09877,Pep Guardiola,David Moyes
1000,2016/17,2017-02-05,Man City,Swansea,2,1,H,17,4,5,2,1.22,7.0,15.0,3378,2.87972,0.11445,Pep Guardiola,Paul Clement
974,2016/17,2017-01-21,Man City,Tottenham,2,2,D,17,6,7,2,2.15,3.5,3.6,3356,2.52702,1.12391,Pep Guardiola,Mauricio Pochettino
914,2016/17,2016-12-14,Man City,Watford,2,0,H,13,5,7,2,1.29,6.5,11.0,3132,1.62359,0.497462,Pep Guardiola,Walter Mazzarri
1128,2016/17,2017-05-16,Man City,West Brom,3,1,H,21,5,10,2,1.14,9.0,23.0,3477,2.58035,0.387741,Pep Guardiola,Tony Pulis
789,2016/17,2016-08-28,Man City,West Ham,3,1,H,22,9,5,2,1.25,6.0,11.0,490,3.21624,1.08385,Pep Guardiola,Slaven Bilic
873,2016/17,2016-11-19,Man United,Arsenal,1,1,D,12,5,5,1,2.6,3.4,2.9,2697,0.511462,0.575813,José Mourinho,Arsène Wenger
1021,2016/17,2017-03-04,Man United,Bournemouth,1,1,D,20,3,7,1,1.25,6.5,15.0,3402,2.5377,0.816172,José Mourinho,Eddie Howe
852,2016/17,2016-10-29,Man United,Burnley,0,0,D,37,7,11,1,1.2,7.0,19.0,2682,2.72391,0.327957,José Mourinho,Sean Dyche
1081,2016/17,2017-04-16,Man United,Chelsea,2,0,H,9,5,3,0,2.55,3.2,2.8,3460,0.807128,0.132913,José Mourinho,Antonio Conte
1137,2016/17,2017-05-21,Man United,Crystal Palace,2,0,H,9,6,2,1,2.5,3.3,3.1,3516,1.0386,0.3016,José Mourinho,Sam Allardyce
1056,2016/17,2017-04-04,Man United,Everton,1,1,D,18,11,3,4,1.57,4.2,6.5,3446,1.67424,0.589122,José Mourinho,Ronald Koeman
988,2016/17,2017-02-01,Man United,Hull,0,0,D,15,6,6,2,1.2,7.5,17.0,3368,1.48151,0.395896,José Mourinho,Marco Silva
814,2016/17,2016-09-24,Man United,Leicester,4,1,H,16,10,7,3,1.73,3.9,5.25,511,2.45604,0.286966,José Mourinho,Claudio Ranieri
970,2016/17,2017-01-15,Man United,Liverpool,1,1,D,9,13,3,4,2.15,3.4,3.75,3349,1.03178,1.46058,José Mourinho,Jürgen Klopp
795,2016/17,2016-09-10,Man United,Man City,1,2,A,14,18,3,6,2.38,3.25,3.4,491,1.01013,1.88688,José Mourinho,Pep Guardiola
946,2016/17,2016-12-31,Man United,Middlesbrough,2,1,H,32,9,12,2,1.25,6.0,16.0,3159,2.53996,0.64492,José Mourinho,Aitor Karanka
771,2016/17,2016-08-19,Man United,Southampton,2,0,H,12,13,5,1,1.53,4.2,7.5,471,1.36553,0.613233,José Mourinho,Claude Puel
829,2016/17,2016-10-02,Man United,Stoke,1,1,D,24,7,9,6,1.33,5.75,10.0,527,2.80988,1.20043,José Mourinho,Mark Hughes
936,2016/17,2016-12-26,Man United,Sunderland,3,1,H,26,7,9,4,1.22,6.5,13.0,3147,2.32117,0.488541,José Mourinho,David Moyes
1101,2016/17,2017-04-30,Man United,Swansea,1,1,D,12,12,6,4,1.36,4.75,8.0,3482,1.99224,0.775713,José Mourinho,Paul Clement
909,2016/17,2016-12-11,Man United,Tottenham,1,0,H,15,12,5,4,2.2,3.4,3.6,3122,1.04894,0.720341,José Mourinho,Mauricio Pochettino
1003,2016/17,2017-02-11,Man United,Watford,2,0,H,22,9,11,3,1.25,6.5,14.0,3381,2.627,0.641058,José Mourinho,Walter Mazzarri
1049,2016/17,2017-04-01,Man United,West Brom,0,0,D,18,3,3,1,1.36,5.0,11.0,3436,0.986683,0.200297,José Mourinho,Tony Pulis
888,2016/17,2016-11-27,Man United,West Ham,1,1,D,17,6,8,2,1.45,4.75,8.0,2716,1.44452,0.749388,José Mourinho,Slaven Bilic
1083,2016/17,2017-04-17,Middlesbrough,Arsenal,1,2,A,13,12,5,4,7.0,4.0,1.5,3461,1.72075,1.0689,Steve Agnew,Arsène Wenger
853,2016/17,2016-10-29,Middlesbrough,Bournemouth,2,0,H,10,15,3,3,2.5,3.2,3.2,2681,1.44317,1.54599,Aitor Karanka,Eddie Howe
1066,2016/17,2017-04-08,Middlesbrough,Burnley,0,0,D,12,7,5,2,2.45,3.1,3.4,3456,0.684683,0.809899,Steve Agnew,Sean Dyche
879,2016/17,2016-11-20,Middlesbrough,Chelsea,0,1,A,12,13,1,3,7.0,4.0,1.57,2705,0.55976,1.68738,Aitor Karanka,Antonio Conte
796,2016/17,2016-09-10,Middlesbrough,Crystal Palace,1,2,A,12,12,4,4,2.3,3.2,3.6,492,0.611959,1.12437,Aitor Karanka,Alan Pardew
1004,2016/17,2017-02-11,Middlesbrough,Everton,0,0,D,9,7,3,3,3.9,3.3,2.15,3382,0.651056,0.831644,Aitor Karanka,Ronald Koeman
900,2016/17,2016-12-05,Middlesbrough,Hull,1,0,H,16,6,4,2,1.83,3.5,5.25,3114,1.94961,0.221339,Aitor Karanka,Mike Phelan
953,2016/17,2017-01-02,Middlesbrough,Leicester,0,0,D,9,10,1,4,2.75,3.2,2.88,3330,0.697108,0.477078,Aitor Karanka,Claudio Ranieri
915,2016/17,2016-12-14,Middlesbrough,Liverpool,0,3,A,8,15,3,4,6.0,4.33,1.6,3127,0.161583,2.13526,Aitor Karanka,Jürgen Klopp
1102,2016/17,2017-04-30,Middlesbrough,Man City,2,2,D,14,22,6,4,13.0,5.25,1.25,3483,1.17715,3.10725,Steve Agnew,Pep Guardiola
1042,2016/17,2017-03-19,Middlesbrough,Man United,1,3,A,10,14,3,6,6.0,3.7,1.7,3425,1.09037,2.47484,Steve Agnew,José Mourinho
1120,2016/17,2017-05-13,Middlesbrough,Southampton,1,2,A,14,14,3,4,4.0,3.6,2.0,3504,1.32885,1.52569,Steve Agnew,Claude Puel
766,2016/17,2016-08-13,Middlesbrough,Stoke,1,1,D,12,12,2,1,2.38,3.2,3.4,465,1.80523,0.485626,Aitor Karanka,Mark Hughes
1093,2016/17,2017-04-26,Middlesbrough,Sunderland,1,0,H,6,10,2,4,2.3,3.4,3.4,3413,0.825839,0.445766,Steve Agnew,David Moyes
922,2016/17,2016-12-17,Middlesbrough,Swansea,3,0,H,10,14,4,2,2.1,3.4,4.0,3136,1.71549,0.602249,Aitor Karanka,Bob Bradley
815,2016/17,2016-09-24,Middlesbrough,Tottenham,1,2,A,6,19,2,5,3.75,3.5,2.1,512,0.361508,1.4158,Aitor Karanka,Mauricio Pochettino
838,2016/17,2016-10-16,Middlesbrough,Watford,0,1,A,10,4,3,2,2.25,3.3,3.6,538,0.528576,0.0893749,Aitor Karanka,Walter Mazzarri
985,2016/17,2017-01-31,Middlesbrough,West Brom,1,1,D,11,16,3,5,2.7,3.1,3.0,3363,1.18135,1.25288,Aitor Karanka,Tony Pulis
975,2016/17,2017-01-21,Middlesbrough,West Ham,1,3,A,11,13,2,5,2.5,3.2,3.25,3351,0.958825,2.6558,Aitor Karanka,Slaven Bilic
1115,2016/17,2017-05-10,Southampton,Arsenal,0,2,A,14,11,3,4,3.6,3.8,2.05,3390,1.25259,1.35954,Claude Puel,Arsène Wenger
1050,2016/17,2017-04-01,Southampton,Bournemouth,0,0,D,14,12,4,3,1.65,4.0,6.0,3437,1.00252,2.06307,Claude Puel,Eddie Howe
839,2016/17,2016-10-16,Southampton,Burnley,3,1,H,34,6,14,1,1.4,4.8,9.5,539,4.21181,1.03126,Claude Puel,Sean Dyche
859,2016/17,2016-10-30,Southampton,Chelsea,0,2,A,9,13,1,7,3.2,3.4,2.4,2685,0.422364,1.14759,Claude Puel,Antonio Conte
1062,2016/17,2017-04-05,Southampton,Crystal Palace,3,1,H,25,17,9,3,1.83,3.7,4.75,3447,3.34327,1.73055,Claude Puel,Sam Allardyce
889,2016/17,2016-11-27,Southampton,Everton,1,0,H,17,13,7,1,2.2,3.4,3.6,2715,2.80562,0.615174,Claude Puel,Ronald Koeman
1096,2016/17,2017-04-29,Southampton,Hull,0,0,D,11,9,2,1,1.6,3.75,5.75,3484,1.24844,0.472435,Claude Puel,Marco Silva
980,2016/17,2017-01-22,Southampton,Leicester,3,0,H,20,11,7,2,1.83,3.5,5.25,3357,2.49923,0.935866,Claude Puel,Claudio Ranieri
874,2016/17,2016-11-19,Southampton,Liverpool,0,0,D,3,15,0,2,3.4,3.6,2.2,2698,0.0942055,1.68802,Claude Puel,Jürgen Klopp
1076,2016/17,2017-04-15,Southampton,Man City,0,3,A,8,18,1,5,4.33,4.0,1.73,3462,0.616753,2.74188,Claude Puel,Pep Guardiola
1129,2016/17,2017-05-17,Southampton,Man United,0,0,D,17,11,6,1,2.75,3.3,2.8,3412,1.66533,0.45805,Claude Puel,José Mourinho
910,2016/17,2016-12-11,Southampton,Middlesbrough,1,0,H,14,6,3,2,1.7,3.7,6.0,3123,1.72919,0.493941,Claude Puel,Aitor Karanka
1138,2016/17,2017-05-21,Southampton,Stoke,0,1,A,14,14,6,3,1.8,3.8,4.75,3517,1.3554,0.983464,Claude Puel,Mark Hughes
786,2016/17,2016-08-27,Southampton,Sunderland,1,1,D,16,5,7,2,1.57,3.6,6.5,484,0.613743,1.39142,Claude Puel,David Moyes
808,2016/17,2016-09-18,Southampton,Swansea,1,0,H,19,9,6,3,1.7,3.8,5.75,509,2.15218,0.490661,Claude Puel,Francesco Guidolin
940,2016/17,2016-12-28,Southampton,Tottenham,1,4,A,9,17,2,5,2.8,3.25,2.6,3154,0.403743,1.61035,Claude Puel,Mauricio Pochettino
767,2016/17,2016-08-13,Southampton,Watford,1,1,D,24,5,6,1,1.8,3.75,5.0,466,0.937328,0.180046,Claude Puel,Walter Mazzarri
947,2016/17,2016-12-31,Southampton,West Brom,1,2,A,10,7,1,3,1.75,3.7,5.5,3160,0.371668,0.6675,Claude Puel,Tony Pulis
995,2016/17,2017-02-04,Southampton,West Ham,1,3,A,21,6,7,4,1.85,3.75,4.5,3376,1.06276,0.91785,Claude Puel,Slaven Bilic
1121,2016/17,2017-05-13,Stoke,Arsenal,1,4,A,10,10,4,6,4.75,4.1,1.75,3505,1.30239,2.63639,Mark Hughes,Arsène Wenger
875,2016/17,2016-11-19,Stoke,Bournemouth,0,1,A,14,9,6,2,2.3,3.4,3.4,2699,1.60429,1.24012,Mark Hughes,Eddie Howe
893,2016/17,2016-12-03,Stoke,Burnley,2,0,H,10,14,4,4,1.62,4.0,6.5,3107,1.12929,0.773995,Mark Hughes,Sean Dyche
1037,2016/17,2017-03-18,Stoke,Chelsea,1,2,A,5,20,1,7,6.5,4.0,1.62,3424,0.952053,1.95538,Mark Hughes,Antonio Conte
1005,2016/17,2017-02-11,Stoke,Crystal Palace,1,0,H,7,6,4,1,2.15,3.3,3.9,3383,0.720883,0.202159,Mark Hughes,Sam Allardyce
989,2016/17,2017-02-01,Stoke,Everton,1,1,D,14,14,7,5,2.88,3.4,2.63,3369,1.7362,0.870158,Mark Hughes,Ronald Koeman
1077,2016/17,2017-04-15,Stoke,Hull,3,1,H,14,14,4,3,1.95,3.3,4.0,3463,2.01829,1.17696,Mark Hughes,Marco Silva
923,2016/17,2016-12-17,Stoke,Leicester,2,2,D,16,14,7,8,2.6,3.4,2.9,3138,2.518,1.25572,Mark Hughes,Claudio Ranieri
1067,2016/17,2017-04-08,Stoke,Liverpool,1,2,A,9,14,4,4,4.0,3.75,1.95,3451,2.13972,1.02225,Mark Hughes,Jürgen Klopp
774,2016/17,2016-08-20,Stoke,Man City,1,4,A,8,12,3,6,5.5,3.8,1.73,472,1.31066,2.17198,Mark Hughes,Pep Guardiola
976,2016/17,2017-01-21,Stoke,Man United,1,1,D,6,25,1,8,6.0,4.2,1.6,3354,0.353777,1.74295,Mark Hughes,José Mourinho
1022,2016/17,2017-03-04,Stoke,Middlesbrough,2,0,H,13,8,8,2,1.95,3.4,4.5,3403,2.97584,0.274611,Mark Hughes,Aitor Karanka
916,2016/17,2016-12-14,Stoke,Southampton,0,0,D,5,15,3,4,3.1,3.3,2.5,3133,0.333754,0.723114,Mark Hughes,Claude Puel
836,2016/17,2016-10-15,Stoke,Sunderland,2,0,H,18,11,6,1,2.0,3.6,4.0,535,2.29543,0.587572,Mark Hughes,David Moyes
860,2016/17,2016-10-31,Stoke,Swansea,3,1,H,17,14,4,6,2.05,3.6,3.8,2686,2.16407,1.10058,Mark Hughes,Bob Bradley
797,2016/17,2016-09-10,Stoke,Tottenham,0,4,A,15,20,2,8,4.6,3.75,1.85,493,1.01771,2.77025,Mark Hughes,Mauricio Pochettino
959,2016/17,2017-01-03,Stoke,Watford,2,0,H,17,9,5,2,1.8,3.5,4.5,3338,1.85359,0.510395,Mark Hughes,Walter Mazzarri
816,2016/17,2016-09-24,Stoke,West Brom,1,1,D,12,9,2,3,2.38,3.3,3.3,513,0.979673,0.270862,Mark Hughes,Tony Pulis
1097,2016/17,2017-04-29,Stoke,West Ham,0,0,D,19,12,4,4,2.0,3.5,3.6,3485,1.35509,0.65149,Mark Hughes,Slaven Bilic
854,2016/17,2016-10-29,Sunderland,Arsenal,1,4,A,3,21,1,7,9.0,5.0,1.4,2677,0.853434,2.48348,David Moyes,Arsène Wenger
1098,2016/17,2017-04-29,Sunderland,Bournemouth,0,1,A,17,15,5,7,3.0,3.4,2.3,3486,1.6667,1.53094,David Moyes,Eddie Howe
1038,2016/17,2017-03-18,Sunderland,Burnley,0,0,D,14,17,5,3,2.55,3.3,3.0,3423,1.03287,1.18742,David Moyes,Sean Dyche
917,2016/17,2016-12-14,Sunderland,Chelsea,0,1,A,8,19,3,6,10.0,5.75,1.33,3128,0.473979,1.22459,David Moyes,Antonio Conte
817,2016/17,2016-09-24,Sunderland,Crystal Palace,2,3,A,11,20,4,4,2.88,3.25,2.7,514,1.51457,1.7887,David Moyes,Alan Pardew
800,2016/17,2016-09-12,Sunderland,Everton,0,3,A,11,20,2,9,3.8,3.5,2.1,500,1.0404,2.84526,David Moyes,Ronald Koeman
876,2016/17,2016-11-19,Sunderland,Hull,3,0,H,11,17,4,7,2.15,3.4,3.8,2700,0.951511,1.25065,David Moyes,Mike Phelan
894,2016/17,2016-12-03,Sunderland,Leicester,2,1,H,22,17,6,5,3.4,3.4,2.3,3108,1.4282,1.13791,David Moyes,Claudio Ranieri
954,2016/17,2017-01-02,Sunderland,Liverpool,2,2,D,10,21,5,15,11.0,5.5,1.33,3334,1.91057,2.332,David Moyes,Jürgen Klopp
1026,2016/17,2017-03-05,Sunderland,Man City,0,2,A,11,14,3,7,11.0,6.5,1.29,3404,0.737758,2.48022,David Moyes,Pep Guardiola
1072,2016/17,2017-04-09,Sunderland,Man United,0,3,A,9,18,4,9,10.0,5.25,1.36,3452,0.977316,1.6943,David Moyes,José Mourinho
779,2016/17,2016-08-21,Sunderland,Middlesbrough,1,2,A,18,8,5,3,2.55,3.2,3.1,479,1.4645,0.854908,David Moyes,Aitor Karanka
1006,2016/17,2017-02-11,Sunderland,Southampton,0,4,A,6,15,1,8,3.9,3.4,2.1,3384,0.197925,1.72717,David Moyes,Claude Puel
964,2016/17,2017-01-14,Sunderland,Stoke,1,3,A,14,14,3,6,3.1,3.3,2.5,3342,1.1365,1.22897,David Moyes,Mark Hughes
1122,2016/17,2017-05-13,Sunderland,Swansea,0,2,A,13,3,4,3,4.2,3.8,1.91,3506,1.03765,0.344096,David Moyes,Paul Clement
986,2016/17,2017-01-31,Sunderland,Tottenham,0,0,D,3,14,1,3,9.5,5.25,1.36,3364,0.228009,0.682758,David Moyes,Mauricio Pochettino
924,2016/17,2016-12-17,Sunderland,Watford,1,0,H,12,9,4,4,2.63,3.3,2.9,3139,1.13526,1.07552,David Moyes,Walter Mazzarri
823,2016/17,2016-10-01,Sunderland,West Brom,1,1,D,7,17,2,7,2.5,3.25,3.2,523,1.19268,0.88211,David Moyes,Tony Pulis
1078,2016/17,2017-04-15,Sunderland,West Ham,2,2,D,14,7,4,3,3.3,3.25,2.2,3464,1.14121,1.42815,David Moyes,Slaven Bilic
965,2016/17,2017-01-14,Swansea,Arsenal,0,4,A,12,14,3,6,7.0,4.75,1.5,3343,0.488485,2.31811,Paul Clement,Arsène Wenger
948,2016/17,2016-12-31,Swansea,Bournemouth,0,3,A,14,11,5,6,2.9,3.4,2.6,3161,0.515218,2.43608,Alan Curtis,Eddie Howe
1023,2016/17,2017-03-04,Swansea,Burnley,3,2,H,23,6,10,4,2.0,3.5,4.2,3405,1.44545,0.933851,Paul Clement,Sean Dyche
799,2016/17,2016-09-11,Swansea,Chelsea,2,2,D,6,28,2,7,5.75,4.0,1.67,499,1.2304,2.19035,Francesco Guidolin,Antonio Conte
886,2016/17,2016-11-26,Swansea,Crystal Palace,5,4,H,18,12,9,4,2.63,3.4,2.88,2709,3.3955,2.28156,Bob Bradley,Alan Pardew
1111,2016/17,2017-05-06,Swansea,Everton,1,0,H,9,8,4,2,2.8,3.5,2.63,3498,2.09244,0.270186,Paul Clement,Ronald Koeman
775,2016/17,2016-08-20,Swansea,Hull,0,2,A,13,12,3,4,1.8,3.6,5.25,474,1.14134,2.18655,Francesco Guidolin,Mike Phelan
1009,2016/17,2017-02-12,Swansea,Leicester,2,0,H,10,9,4,1,2.4,3.3,3.25,3388,0.693376,0.672883,Paul Clement,Claudio Ranieri
824,2016/17,2016-10-01,Swansea,Liverpool,1,2,A,8,18,3,6,8.0,4.75,1.45,522,2.65842,2.02239,Francesco Guidolin,Jürgen Klopp
818,2016/17,2016-09-24,Swansea,Man City,1,3,A,13,18,5,4,9.0,5.5,1.36,515,1.11096,2.57704,Francesco Guidolin,Pep Guardiola
870,2016/17,2016-11-06,Swansea,Man United,1,3,A,6,9,1,3,5.0,4.0,1.73,2695,0.51266,1.00006,Bob Bradley,José Mourinho
1053,2016/17,2017-04-02,Swansea,Middlesbrough,0,0,D,15,8,3,1,2.0,3.4,4.33,3438,0.64382,0.748206,Paul Clement,Steve Agnew
987,2016/17,2017-01-31,Swansea,Southampton,2,1,H,11,10,5,2,3.4,3.4,2.3,3365,0.760046,0.907103,Paul Clement,Claude Puel
1086,2016/17,2017-04-22,Swansea,Stoke,2,0,H,10,9,6,3,2.2,3.4,3.6,3478,0.475636,1.69454,Paul Clement,Mark Hughes
905,2016/17,2016-12-10,Swansea,Sunderland,3,0,H,14,11,5,2,2.15,3.5,3.6,3117,2.18185,0.672058,Bob Bradley,David Moyes
1063,2016/17,2017-04-05,Swansea,Tottenham,1,3,A,4,18,1,8,5.0,4.0,1.73,3444,0.872579,2.2242,Paul Clement,Mauricio Pochettino
847,2016/17,2016-10-22,Swansea,Watford,0,0,D,11,10,5,2,2.38,3.3,3.3,543,1.33215,0.478578,Bob Bradley,Walter Mazzarri
1139,2016/17,2017-05-21,Swansea,West Brom,2,1,H,12,16,2,5,2.1,3.5,3.75,3518,1.74555,1.60674,Paul Clement,Tony Pulis
937,2016/17,2016-12-26,Swansea,West Ham,1,4,A,14,14,7,7,2.63,3.2,2.8,3146,0.954864,3.40585,Bob Bradley,Slaven Bilic
1103,2016/17,2017-04-30,Tottenham,Arsenal,2,0,H,20,12,11,4,1.85,3.75,4.0,3487,3.46042,0.589537,Mauricio Pochettino,Arsène Wenger
1079,2016/17,2017-04-15,Tottenham,Bournemouth,4,0,H,24,5,14,1,1.25,6.0,10.0,3465,3.28588,0.211502,Mauricio Pochettino,Eddie Howe
929,2016/17,2016-12-18,Tottenham,Burnley,2,1,H,30,5,9,2,1.22,7.0,15.0,3143,1.50755,1.17031,Mauricio Pochettino,Sean Dyche
960,2016/17,2017-01-04,Tottenham,Chelsea,2,0,H,9,11,2,2,2.63,3.25,2.63,3339,1.00945,0.912754,Mauricio Pochettino,Antonio Conte
776,2016/17,2016-08-20,Tottenham,Crystal Palace,1,0,H,20,10,5,2,1.45,4.75,8.0,475,2.25623,0.357943,Mauricio Pochettino,Alan Pardew
1027,2016/17,2017-03-05,Tottenham,Everton,3,2,H,20,8,7,4,1.67,4.2,5.25,3406,1.70225,0.808013,Mauricio Pochettino,Ronald Koeman
918,2016/17,2016-12-14,Tottenham,Hull,3,0,H,27,10,9,5,1.22,7.0,15.0,3134,2.83077,0.570636,Mauricio Pochettino,Mike Phelan
855,2016/17,2016-10-29,Tottenham,Leicester,1,1,D,22,6,5,1,1.62,4.2,6.0,2678,1.69833,0.740987,Mauricio Pochettino,Claudio Ranieri
787,2016/17,2016-08-27,Tottenham,Liverpool,1,1,D,11,13,4,3,2.38,3.4,3.0,481,0.590511,1.92569,Mauricio Pochettino,Jürgen Klopp
830,2016/17,2016-10-02,Tottenham,Man City,2,0,H,13,12,7,6,3.0,3.5,2.5,529,1.69975,0.909513,Mauricio Pochettino,Pep Guardiola
1124,2016/17,2017-05-14,Tottenham,Man United,2,1,H,14,8,7,2,1.73,3.9,5.25,3507,2.10698,1.03696,Mauricio Pochettino,José Mourinho
996,2016/17,2017-02-04,Tottenham,Middlesbrough,1,0,H,17,8,5,0,1.29,6.0,13.0,3377,2.10053,0.50484,Mauricio Pochettino,Aitor Karanka
1043,2016/17,2017-03-19,Tottenham,Southampton,2,1,H,12,8,6,3,1.73,3.8,5.5,3422,1.64328,0.839989,Mauricio Pochettino,Claude Puel
1017,2016/17,2017-02-26,Tottenham,Stoke,4,0,H,21,5,9,3,1.44,5.0,7.5,3397,1.89002,0.743596,Mauricio Pochettino,Mark Hughes
809,2016/17,2016-09-18,Tottenham,Sunderland,1,0,H,31,6,9,2,1.33,5.5,11.0,510,2.52591,0.960821,Mauricio Pochettino,David Moyes
895,2016/17,2016-12-03,Tottenham,Swansea,5,0,H,28,1,15,0,1.36,5.5,9.0,3109,3.9767,0.0342109,Mauricio Pochettino,Bob Bradley
1068,2016/17,2017-04-08,Tottenham,Watford,4,0,H,19,8,6,2,1.25,6.5,15.0,3453,1.18779,0.369968,Mauricio Pochettino,Walter Mazzarri
966,2016/17,2017-01-14,Tottenham,West Brom,4,0,H,21,3,11,0,1.33,5.5,11.0,3340,2.65474,0.165019,Mauricio Pochettino,Tony Pulis
877,2016/17,2016-11-19,Tottenham,West Ham,3,2,H,14,11,6,3,1.5,4.5,7.5,2704,2.53396,1.76706,Mauricio Pochettino,Slaven Bilic
788,2016/17,2016-08-27,Watford,Arsenal,1,3,A,14,10,6,7,5.0,3.75,1.73,482,1.07775,2.03271,Walter Mazzarri,Arsène Wenger
825,2016/17,2016-10-01,Watford,Bournemouth,2,2,D,17,11,7,2,2.38,3.3,3.3,525,1.23419,1.35487,Walter Mazzarri,Eddie Howe
997,2016/17,2017-02-04,Watford,Burnley,2,1,H,16,11,7,7,2.15,3.3,3.9,3374,1.66308,1.4777,Walter Mazzarri,Sean Dyche
777,2016/17,2016-08-20,Watford,Chelsea,1,2,A,6,13,2,4,5.5,3.8,1.73,476,0.804549,1.75595,Walter Mazzarri,Antonio Conte
938,2016/17,2016-12-26,Watford,Crystal Palace,1,1,D,9,10,3,4,2.5,3.3,2.9,3145,0.959496,1.53834,Walter Mazzarri,Sam Allardyce
906,2016/17,2016-12-10,Watford,Everton,3,2,H,11,11,6,4,3.1,3.4,2.45,3115,1.49271,1.09675,Walter Mazzarri,Ronald Koeman
856,2016/17,2016-10-29,Watford,Hull,1,0,H,22,8,0,2,1.75,3.75,5.25,2679,1.14991,0.251367,Walter Mazzarri,Mike Phelan
878,2016/17,2016-11-19,Watford,Leicester,2,1,H,10,10,3,2,2.8,3.3,2.75,2701,0.7197,1.19686,Walter Mazzarri,Claudio Ranieri
1104,2016/17,2017-05-01,Watford,Liverpool,0,1,A,9,12,2,8,5.75,4.5,1.5,3488,0.436648,0.55669,Walter Mazzarri,Jürgen Klopp
1140,2016/17,2017-05-21,Watford,Man City,0,5,A,6,15,3,9,11.0,6.0,1.3,3519,0.826124,3.26614,Walter Mazzarri,Pep Guardiola
810,2016/17,2016-09-18,Watford,Man United,3,1,H,10,15,5,2,6.0,4.2,1.62,507,1.74506,1.41359,Walter Mazzarri,José Mourinho
967,2016/17,2017-01-14,Watford,Middlesbrough,0,0,D,12,5,5,1,2.5,3.2,3.2,3341,0.835827,0.325347,Walter Mazzarri,Aitor Karanka
1024,2016/17,2017-03-04,Watford,Southampton,3,4,A,16,20,4,11,3.6,3.4,2.2,3407,1.40104,1.33681,Walter Mazzarri,Claude Puel
890,2016/17,2016-11-27,Watford,Stoke,0,1,A,11,14,2,1,2.4,3.3,3.3,2713,0.541915,0.704736,Walter Mazzarri,Mark Hughes
1051,2016/17,2017-04-01,Watford,Sunderland,1,0,H,23,11,10,3,1.85,3.6,4.75,3439,1.95828,0.349699,Walter Mazzarri,David Moyes
1080,2016/17,2017-04-15,Watford,Swansea,1,0,H,15,13,7,4,2.4,3.3,2.9,3466,1.22039,0.641001,Walter Mazzarri,Paul Clement
950,2016/17,2017-01-01,Watford,Tottenham,1,4,A,6,19,2,6,5.5,3.75,1.62,3328,1.26331,3.06509,Walter Mazzarri,Mauricio Pochettino
1057,2016/17,2017-04-04,Watford,West Brom,2,0,H,9,18,2,2,2.5,3.2,3.2,3443,0.691991,1.48109,Walter Mazzarri,Tony Pulis
1015,2016/17,2017-02-25,Watford,West Ham,1,1,D,9,13,1,2,2.63,3.3,2.9,3396,1.21279,1.48144,Walter Mazzarri,Slaven Bilic
1039,2016/17,2017-03-18,West Brom,Arsenal,3,1,H,12,11,8,2,5.25,4.0,1.73,3420,2.11737,0.995221,Tony Pulis,Arsène Wenger
1016,2016/17,2017-02-25,West Brom,Bournemouth,2,1,H,13,12,4,4,2.1,3.4,4.0,3395,1.6124,1.22747,Tony Pulis,Eddie Howe
880,2016/17,2016-11-21,West Brom,Burnley,4,0,H,16,5,6,2,1.95,3.4,4.5,2706,1.40512,0.571005,Tony Pulis,Sean Dyche
1117,2016/17,2017-05-12,West Brom,Chelsea,0,1,A,7,24,2,5,10.0,5.25,1.36,3508,0.529155,1.76954,Tony Pulis,Antonio Conte
1025,2016/17,2017-03-04,West Brom,Crystal Palace,0,2,A,11,10,1,4,2.2,3.3,3.8,3408,0.3746,1.39171,Tony Pulis,Sam Allardyce
778,2016/17,2016-08-20,West Brom,Everton,1,2,A,11,13,4,7,3.0,3.25,2.6,477,2.01885,1.83897,Tony Pulis,Ronald Koeman
955,2016/17,2017-01-02,West Brom,Hull,3,1,H,8,17,5,6,1.75,3.7,5.5,3333,0.883566,0.992341,Tony Pulis,Mike Phelan
1099,2016/17,2017-04-29,West Brom,Leicester,0,1,A,16,6,4,1,2.4,3.5,2.75,3489,0.809101,0.570664,Tony Pulis,Craig Shakespeare
1082,2016/17,2017-04-16,West Brom,Liverpool,0,1,A,7,15,2,2,4.0,3.8,1.8,3469,0.590375,1.30017,Tony Pulis,Jürgen Klopp
857,2016/17,2016-10-29,West Brom,Man City,0,4,A,9,21,1,8,8.0,4.75,1.44,2680,0.596605,2.48018,Tony Pulis,Pep Guardiola
925,2016/17,2016-12-17,West Brom,Man United,0,2,A,10,10,1,5,5.75,3.8,1.7,3140,0.600426,0.983306,Tony Pulis,José Mourinho
790,2016/17,2016-08-28,West Brom,Middlesbrough,0,0,D,13,7,2,2,2.6,3.1,2.9,489,0.696845,0.396816,Tony Pulis,Aitor Karanka
1069,2016/17,2017-04-08,West Brom,Southampton,0,1,A,17,10,6,3,3.0,3.3,2.55,3454,2.01721,0.910339,Tony Pulis,Claude Puel
998,2016/17,2017-02-04,West Brom,Stoke,1,0,H,16,12,4,2,2.3,3.25,3.5,3375,1.84983,1.10818,Tony Pulis,Mark Hughes
977,2016/17,2017-01-21,West Brom,Sunderland,2,0,H,14,9,5,3,1.7,3.8,5.75,3355,1.3279,0.440887,Tony Pulis,David Moyes
919,2016/17,2016-12-14,West Brom,Swansea,3,1,H,13,8,4,4,2.05,3.5,4.0,3131,1.78268,1.07221,Tony Pulis,Bob Bradley
837,2016/17,2016-10-15,West Brom,Tottenham,1,1,D,8,20,4,8,5.5,3.8,1.73,536,1.30365,1.32318,Tony Pulis,Mauricio Pochettino
896,2016/17,2016-12-03,West Brom,Watford,3,1,H,11,17,3,5,2.2,3.3,3.75,3110,1.17737,1.476,Tony Pulis,Walter Mazzarri
806,2016/17,2016-09-17,West Brom,West Ham,4,2,H,8,23,6,5,2.8,3.2,2.8,505,1.94229,2.37422,Tony Pulis,Slaven Bilic
897,2016/17,2016-12-03,West Ham,Arsenal,1,5,A,10,19,3,10,4.75,4.2,1.75,3111,0.882486,2.96923,Slaven Bilic,Arsène Wenger
780,2016/17,2016-08-21,West Ham,Bournemouth,1,0,H,15,8,2,5,1.95,3.75,4.0,480,1.69288,0.39341,Slaven Bilic,Eddie Howe
920,2016/17,2016-12-14,West Ham,Burnley,1,0,H,20,8,7,2,1.67,4.0,5.75,3129,1.67016,0.923353,Slaven Bilic,Sean Dyche
1028,2016/17,2017-03-06,West Ham,Chelsea,1,2,A,11,9,2,4,6.0,4.1,1.62,3409,0.450583,2.01134,Slaven Bilic,Antonio Conte
968,2016/17,2017-01-14,West Ham,Crystal Palace,3,0,H,14,10,3,1,2.38,3.4,3.2,3346,1.72338,1.06181,Slaven Bilic,Sam Allardyce
1087,2016/17,2017-04-22,West Ham,Everton,0,0,D,15,4,3,0,3.3,3.6,2.25,3479,0.668323,0.104476,Slaven Bilic,Ronald Koeman
926,2016/17,2016-12-17,West Ham,Hull,1,0,H,18,16,6,5,1.62,4.1,6.0,3137,1.92151,1.13479,Slaven Bilic,Mike Phelan
1040,2016/17,2017-03-18,West Ham,Leicester,2,3,A,20,11,7,5,2.3,3.5,3.3,3421,2.32174,2.17004,Slaven Bilic,Craig Shakespeare
1125,2016/17,2017-05-14,West Ham,Liverpool,0,4,A,10,26,3,11,5.25,4.0,1.7,3509,1.03963,3.28962,Slaven Bilic,Jürgen Klopp
990,2016/17,2017-02-01,West Ham,Man City,0,4,A,6,11,1,4,6.0,4.5,1.57,3367,0.49472,2.66472,Slaven Bilic,Pep Guardiola
956,2016/17,2017-01-02,West Ham,Man United,0,2,A,8,13,2,6,6.0,4.0,1.65,3335,0.799911,1.64905,Slaven Bilic,José Mourinho
826,2016/17,2016-10-01,West Ham,Middlesbrough,1,1,D,19,9,2,3,2.25,3.4,3.5,526,0.883385,0.852603,Slaven Bilic,Aitor Karanka
819,2016/17,2016-09-25,West Ham,Southampton,0,3,A,13,18,1,9,2.8,3.3,2.75,519,0.693818,2.97877,Slaven Bilic,Claude Puel
865,2016/17,2016-11-05,West Ham,Stoke,1,1,D,9,12,2,4,2.0,3.6,4.0,2690,0.404528,0.81046,Slaven Bilic,Mark Hughes
848,2016/17,2016-10-22,West Ham,Sunderland,1,0,H,20,10,3,2,1.67,4.0,5.75,542,1.19585,0.808339,Slaven Bilic,David Moyes
1070,2016/17,2017-04-08,West Ham,Swansea,1,0,H,14,4,6,1,2.1,3.6,3.7,3455,1.20573,0.307666,Slaven Bilic,Paul Clement
1105,2016/17,2017-05-05,West Ham,Tottenham,1,0,H,13,11,5,5,8.5,5.25,1.4,3499,2.21043,0.451017,Slaven Bilic,Mauricio Pochettino
798,2016/17,2016-09-10,West Ham,Watford,2,4,A,19,13,4,8,1.91,3.6,4.5,497,1.32216,1.85479,Slaven Bilic,Walter Mazzarri
1007,2016/17,2017-02-11,West Ham,West Brom,2,2,D,16,8,4,3,2.25,3.3,3.6,3385,1.17553,0.769974,Slaven Bilic,Tony Pulis
1171,2017/18,2017-09-09,Arsenal,Bournemouth,3,0,H,17,7,9,2,1.36,5.5,9.0,7152,2.48732,0.577291,Arsène Wenger,Eddie Howe
1208,2017/18,2017-10-01,Arsenal,Brighton,2,0,H,25,9,12,1,1.2,6.5,13.0,7186,2.47818,0.386343,Arsène Wenger,Chris Hughton
1502,2017/18,2018-05-06,Arsenal,Burnley,5,0,H,16,6,8,2,1.57,4.2,6.5,7487,2.92408,0.21671,Arsène Wenger,Sean Dyche
1359,2017/18,2018-01-03,Arsenal,Chelsea,2,2,D,14,19,6,6,2.6,3.39,2.6,7330,1.23205,3.0768,Arsène Wenger,Antonio Conte
1371,2017/18,2018-01-20,Arsenal,Crystal Palace,4,1,H,16,9,10,5,1.5,4.75,7.0,7349,3.56519,0.501202,Arsène Wenger,Roy Hodgson
1391,2017/18,2018-02-03,Arsenal,Everton,5,1,H,15,11,7,2,1.3,5.75,12.0,7369,3.19622,1.49065,Arsène Wenger,Sam Allardyce
1275,2017/18,2017-11-29,Arsenal,Huddersfield,5,0,H,21,7,7,2,1.19,7.5,17.0,7254,4.47889,0.475716,Arsène Wenger,David Wagner
1141,2017/18,2017-08-11,Arsenal,Leicester,4,3,H,27,6,10,3,1.53,4.5,6.5,7119,2.54329,1.46495,Arsène Wenger,Craig Shakespeare
1321,2017/18,2017-12-22,Arsenal,Liverpool,3,3,D,11,14,4,9,2.54,3.6,2.79,7301,1.13104,2.05947,Arsène Wenger,Jürgen Klopp
1420,2017/18,2018-03-01,Arsenal,Man City,0,3,A,10,9,5,5,4.5,4.0,1.72,7389,1.30172,1.92605,Arsène Wenger,Pep Guardiola
1281,2017/18,2017-12-02,Arsenal,Man United,1,3,A,33,8,15,4,2.5,3.39,3.0,7266,4.24057,2.06831,Arsène Wenger,José Mourinho
1311,2017/18,2017-12-16,Arsenal,Newcastle,1,0,H,23,10,5,2,1.25,6.5,14.0,7289,2.02472,0.286547,Arsène Wenger,Rafael Benítez
1463,2017/18,2018-04-08,Arsenal,Southampton,3,2,H,13,15,7,8,1.57,4.5,6.0,7439,1.58895,2.16699,Arsène Wenger,Mark Hughes
1453,2017/18,2018-04-01,Arsenal,Stoke,3,0,H,24,8,11,2,1.28,5.5,10.0,7429,3.56649,0.342516,Arsène Wenger,Paul Lambert
1231,2017/18,2017-10-28,Arsenal,Swansea,2,1,H,17,4,5,2,1.25,7.0,12.0,7209,2.37777,0.8355,Arsène Wenger,Paul Clement
1251,2017/18,2017-11-18,Arsenal,Tottenham,2,0,H,14,14,5,4,2.5,3.6,2.89,7236,2.24246,0.591192,Arsène Wenger,Mauricio Pochettino
1438,2017/18,2018-03-11,Arsenal,Watford,3,0,H,11,11,7,4,1.44,5.0,7.5,7409,2.38263,1.54676,Arsène Wenger,Javi Gracia
1200,2017/18,2017-09-25,Arsenal,West Brom,2,0,H,16,7,6,3,1.33,5.5,11.0,7178,2.39316,0.766652,Arsène Wenger,Tony Pulis
1481,2017/18,2018-04-22,Arsenal,West Ham,4,1,H,20,11,8,4,1.55,4.59,6.0,7459,2.07299,0.623161,Arsène Wenger,David Moyes
1368,2017/18,2018-01-14,Bournemouth,Arsenal,2,1,H,13,12,5,3,4.75,4.2,1.75,7339,0.822285,1.00956,Eddie Howe,Arsène Wenger
1181,2017/18,2017-09-15,Bournemouth,Brighton,2,1,H,15,9,3,2,2.15,3.4,3.8,7159,1.39529,0.874276,Eddie Howe,Chris Hughton
1276,2017/18,2017-11-29,Bournemouth,Burnley,1,2,A,10,10,2,4,2.0,3.39,4.33,7253,0.915088,1.08519,Eddie Howe,Sean Dyche
1232,2017/18,2017-10-28,Bournemouth,Chelsea,0,1,A,7,18,1,5,6.0,4.2,1.61,7210,0.455055,1.78362,Eddie Howe,Antonio Conte
1455,2017/18,2018-04-07,Bournemouth,Crystal Palace,2,2,D,20,13,5,6,2.5,3.39,3.0,7440,2.09227,1.14558,Eddie Howe,Roy Hodgson
1341,2017/18,2017-12-30,Bournemouth,Everton,2,1,H,19,6,7,1,2.37,3.29,3.29,7319,1.39955,0.599608,Eddie Howe,Sam Allardyce
1252,2017/18,2017-11-18,Bournemouth,Huddersfield,4,0,H,11,20,5,3,1.83,3.5,5.25,7237,1.38782,1.1633,Eddie Howe,David Wagner
1201,2017/18,2017-09-30,Bournemouth,Leicester,0,0,D,19,8,4,1,2.8,3.25,2.5,7184,1.39901,0.594808,Eddie Howe,Craig Shakespeare
1318,2017/18,2017-12-17,Bournemouth,Liverpool,0,4,A,6,21,2,7,6.5,4.5,1.53,7290,0.539178,3.25041,Eddie Howe,Jürgen Klopp
1161,2017/18,2017-08-26,Bournemouth,Man City,1,2,A,9,19,3,8,11.0,6.0,1.3,7139,0.415402,1.76626,Eddie Howe,Pep Guardiola
1476,2017/18,2018-04-18,Bournemouth,Man United,0,2,A,13,13,2,4,5.0,3.89,1.75,7463,1.18301,1.61597,Eddie Howe,José Mourinho
1411,2017/18,2018-02-24,Bournemouth,Newcastle,2,2,D,18,15,5,4,2.1,3.5,3.79,7390,1.20646,4.23567,Eddie Howe,Rafael Benítez
1289,2017/18,2017-12-03,Bournemouth,Southampton,1,1,D,16,15,5,4,2.89,3.25,2.39,7267,1.11195,1.00264,Eddie Howe,Mauricio Pellegrino
1392,2017/18,2018-02-03,Bournemouth,Stoke,2,1,H,15,13,8,4,1.9,3.7,4.33,7370,1.91091,0.721222,Eddie Howe,Paul Lambert
1496,2017/18,2018-05-05,Bournemouth,Swansea,1,0,H,13,12,5,3,2.1,3.6,3.7,7488,1.69618,1.0138,Eddie Howe,Carlos Carvalhal
1439,2017/18,2018-03-11,Bournemouth,Tottenham,1,4,A,14,12,3,8,6.5,4.5,1.55,7410,1.17387,2.53124,Eddie Howe,Mauricio Pochettino
1151,2017/18,2017-08-19,Bournemouth,Watford,0,2,A,6,19,2,7,2.0,3.6,4.0,7131,0.766694,2.17717,Eddie Howe,Marco Silva
1441,2017/18,2018-03-17,Bournemouth,West Brom,2,1,H,17,11,5,6,1.83,3.6,5.0,7419,0.685329,1.74488,Eddie Howe,Alan Pardew
1331,2017/18,2017-12-26,Bournemouth,West Ham,3,3,D,26,10,10,5,2.79,3.29,2.75,7309,2.84928,1.87596,Eddie Howe,David Moyes
1428,2017/18,2018-03-04,Brighton,Arsenal,2,1,H,13,15,6,7,4.2,3.79,1.9,7399,1.48498,0.801513,Chris Hughton,Arsène Wenger
1350,2017/18,2018-01-01,Brighton,Bournemouth,2,2,D,15,26,6,8,2.37,3.2,3.39,7331,2.37332,1.28248,Chris Hughton,Eddie Howe
1312,2017/18,2017-12-16,Brighton,Burnley,0,0,D,12,11,2,6,2.62,3.0,3.2,7291,1.49029,1.32536,Chris Hughton,Sean Dyche
1372,2017/18,2018-01-20,Brighton,Chelsea,0,4,A,10,14,3,10,6.5,3.89,1.61,7350,0.881174,1.52008,Chris Hughton,Antonio Conte
1271,2017/18,2017-11-28,Brighton,Crystal Palace,0,0,D,10,10,4,4,2.7,3.1,3.0,7250,0.475162,0.584296,Chris Hughton,Roy Hodgson
1218,2017/18,2017-10-15,Brighton,Everton,1,1,D,12,13,3,6,3.25,3.3,2.4,7189,1.05884,1.45518,Chris Hughton,Ronald Koeman
1456,2017/18,2018-04-07,Brighton,Huddersfield,1,1,D,13,14,4,5,1.85,3.5,5.0,7441,1.53244,1.48964,Chris Hughton,David Wagner
1445,2017/18,2018-03-31,Brighton,Leicester,0,2,A,15,6,3,4,2.7,3.2,2.62,7430,1.60322,1.26582,Chris Hughton,Claude Puel
1282,2017/18,2017-12-02,Brighton,Liverpool,1,5,A,6,12,2,6,7.5,4.5,1.5,7268,1.65878,1.77566,Chris Hughton,Jürgen Klopp
1142,2017/18,2017-08-12,Brighton,Man City,0,2,A,6,14,2,4,11.0,5.5,1.33,7126,0.276343,1.86751,Chris Hughton,Pep Guardiola
1495,2017/18,2018-05-04,Brighton,Man United,1,0,H,11,16,4,3,4.75,3.6,1.85,7484,0.922771,0.652444,Chris Hughton,José Mourinho
1199,2017/18,2017-09-24,Brighton,Newcastle,1,0,H,7,17,3,5,2.8,3.1,2.9,7177,0.507341,1.37001,Chris Hughton,Rafael Benítez
1238,2017/18,2017-10-29,Brighton,Southampton,1,1,D,7,6,2,1,3.29,3.2,2.45,7211,1.50533,0.54364,Chris Hughton,Mauricio Pellegrino
1260,2017/18,2017-11-20,Brighton,Stoke,2,2,D,9,13,3,6,2.39,3.2,3.39,7238,0.490058,1.20507,Chris Hughton,Mark Hughes
1412,2017/18,2018-02-24,Brighton,Swansea,4,1,H,16,11,5,1,2.14,3.25,4.0,7391,3.2913,0.443169,Chris Hughton,Carlos Carvalhal
1475,2017/18,2018-04-17,Brighton,Tottenham,1,1,D,8,16,5,6,6.5,4.33,1.55,7462,0.988099,1.36248,Chris Hughton,Mauricio Pochettino
1322,2017/18,2017-12-23,Brighton,Watford,1,0,H,14,13,3,1,2.62,3.2,3.0,7305,1.40139,1.30044,Chris Hughton,Marco Silva
1172,2017/18,2017-09-09,Brighton,West Brom,3,1,H,12,12,6,3,2.7,3.1,3.0,7153,0.396771,0.866679,Chris Hughton,Tony Pulis
1393,2017/18,2018-02-03,Brighton,West Ham,3,1,H,21,4,5,1,2.35,3.0,3.7,7371,1.64227,0.443751,Chris Hughton,David Moyes
1268,2017/18,2017-11-26,Burnley,Arsenal,0,1,A,8,17,2,2,6.5,4.5,1.53,7248,0.402745,1.75184,Sean Dyche,Arsène Wenger
1511,2017/18,2018-05-13,Burnley,Bournemouth,1,2,A,12,16,4,5,2.14,3.5,3.6,7492,1.16179,1.38551,Sean Dyche,Eddie Howe
1485,2017/18,2018-04-28,Burnley,Brighton,0,0,D,10,9,4,1,2.25,3.2,3.7,7469,1.54596,0.378409,Sean Dyche,Chris Hughton
1477,2017/18,2018-04-19,Burnley,Chelsea,1,2,A,5,16,2,5,4.0,3.39,1.9,7420,0.221642,1.7717,Sean Dyche,Antonio Conte
1178,2017/18,2017-09-10,Burnley,Crystal Palace,1,0,H,4,23,2,5,2.3,3.25,3.5,7156,0.429329,1.72996,Sean Dyche,Frank de Boer
1421,2017/18,2018-03-03,Burnley,Everton,2,1,H,21,10,8,4,2.5,3.1,3.29,7400,2.33524,1.79993,Sean Dyche,Sam Allardyce
1191,2017/18,2017-09-23,Burnley,Huddersfield,0,0,D,5,9,3,2,2.15,3.25,3.9,7174,0.369454,0.312561,Sean Dyche,David Wagner
1465,2017/18,2018-04-14,Burnley,Leicester,2,1,H,8,15,3,6,2.62,3.2,3.0,7449,1.05951,1.99812,Sean Dyche,Claude Puel
1351,2017/18,2018-01-01,Burnley,Liverpool,1,2,A,13,19,4,5,7.5,4.5,1.5,7332,0.900466,1.62514,Sean Dyche,Jürgen Klopp
1394,2017/18,2018-02-03,Burnley,Man City,1,1,D,8,20,3,7,13.0,6.0,1.28,7372,0.795971,2.24914,Sean Dyche,Pep Guardiola
1373,2017/18,2018-01-20,Burnley,Man United,0,1,A,13,12,2,2,7.5,3.89,1.57,7351,0.568215,0.860828,Sean Dyche,José Mourinho
1240,2017/18,2017-10-30,Burnley,Newcastle,1,0,H,12,12,5,5,2.89,3.2,2.7,7212,1.0271,0.516369,Sean Dyche,Rafael Benítez
1413,2017/18,2018-02-24,Burnley,Southampton,1,1,D,9,13,3,6,2.89,3.1,2.79,7398,1.28178,0.65898,Sean Dyche,Mauricio Pellegrino
1301,2017/18,2017-12-12,Burnley,Stoke,1,0,H,10,14,2,7,2.29,3.2,3.6,7279,0.360081,0.916344,Sean Dyche,Mark Hughes
1253,2017/18,2017-11-18,Burnley,Swansea,2,0,H,16,13,7,1,2.14,3.2,4.0,7233,1.5427,0.431402,Sean Dyche,Paul Clement
1323,2017/18,2017-12-23,Burnley,Tottenham,0,3,A,5,18,2,8,7.0,4.2,1.55,7304,0.159735,3.30947,Sean Dyche,Mauricio Pochettino
1291,2017/18,2017-12-09,Burnley,Watford,1,0,H,8,11,5,2,2.6,3.25,3.0,7272,0.485632,0.819233,Sean Dyche,Marco Silva
1152,2017/18,2017-08-19,Burnley,West Brom,0,1,A,20,8,0,1,2.63,3.2,3.0,7132,1.37242,0.653058,Sean Dyche,Tony Pulis
1211,2017/18,2017-10-14,Burnley,West Ham,1,1,D,20,8,5,6,2.75,3.25,2.8,7190,0.70219,0.835192,Sean Dyche,Slaven Bilic
1189,2017/18,2017-09-17,Chelsea,Arsenal,0,0,D,13,11,4,2,1.8,4.0,4.5,7167,0.762129,1.42208,Antonio Conte,Arsène Wenger
1384,2017/18,2018-01-31,Chelsea,Bournemouth,0,3,A,21,11,5,5,1.28,6.5,11.0,7362,1.14795,1.42447,Antonio Conte,Eddie Howe
1332,2017/18,2017-12-26,Chelsea,Brighton,2,0,H,25,8,8,1,1.19,7.5,17.0,7310,2.16934,0.452601,Antonio Conte,Chris Hughton
1143,2017/18,2017-08-12,Chelsea,Burnley,2,3,A,19,10,6,5,1.25,6.5,15.0,7123,1.35651,0.564237,Antonio Conte,Sean Dyche
1431,2017/18,2018-03-10,Chelsea,Crystal Palace,2,1,H,27,9,11,2,1.3,5.75,12.0,7411,3.87829,1.13893,Antonio Conte,Roy Hodgson
1167,2017/18,2017-08-27,Chelsea,Everton,2,0,H,18,7,7,0,1.45,4.5,8.5,7140,1.16991,0.326655,Antonio Conte,Ronald Koeman
1506,2017/18,2018-05-09,Chelsea,Huddersfield,1,1,D,22,3,5,2,1.16,8.5,19.0,7460,2.25256,0.631021,Antonio Conte,David Wagner
1361,2017/18,2018-01-13,Chelsea,Leicester,0,0,D,17,14,7,1,1.3,5.75,12.0,7340,0.622946,1.36341,Antonio Conte,Claude Puel
1503,2017/18,2018-05-06,Chelsea,Liverpool,1,0,H,12,10,4,5,2.25,3.6,3.29,7485,0.806168,0.427002,Antonio Conte,Jürgen Klopp
1202,2017/18,2017-09-30,Chelsea,Man City,0,1,A,4,17,2,6,2.75,3.3,2.5,7185,0.911532,1.23068,Antonio Conte,Pep Guardiola
1247,2017/18,2017-11-05,Chelsea,Man United,1,0,H,18,10,8,2,2.5,3.2,3.2,7219,1.8417,0.773586,Antonio Conte,José Mourinho
1283,2017/18,2017-12-02,Chelsea,Newcastle,3,1,H,23,8,9,2,1.25,6.5,15.0,7259,3.07794,0.519549,Antonio Conte,Rafael Benítez
1313,2017/18,2017-12-16,Chelsea,Southampton,1,0,H,24,6,8,2,1.39,5.0,9.0,7292,1.29018,0.587081,Antonio Conte,Mauricio Pellegrino
1342,2017/18,2017-12-30,Chelsea,Stoke,5,0,H,21,1,12,1,1.16,8.5,19.0,7320,3.09527,0.28218,Antonio Conte,Mark Hughes
1277,2017/18,2017-11-29,Chelsea,Swansea,1,0,H,21,2,10,0,1.18,8.0,17.0,7255,2.30012,0.0411427,Antonio Conte,Paul Clement
1454,2017/18,2018-04-01,Chelsea,Tottenham,1,3,A,14,12,4,7,2.29,3.29,3.1,7431,1.209,1.3895,Antonio Conte,Mauricio Pochettino
1222,2017/18,2017-10-21,Chelsea,Watford,4,2,H,14,16,8,5,1.36,5.25,10.0,7199,1.78315,1.79693,Antonio Conte,Marco Silva
1410,2017/18,2018-02-12,Chelsea,West Brom,3,0,H,20,8,8,1,1.36,4.75,8.0,7379,2.37995,0.628806,Antonio Conte,Alan Pardew
1464,2017/18,2018-04-08,Chelsea,West Ham,1,1,D,23,5,6,2,1.28,6.0,12.0,7442,2.12073,0.302554,Antonio Conte,David Moyes
1340,2017/18,2017-12-28,Crystal Palace,Arsenal,2,3,A,16,16,2,9,4.5,4.0,1.8,7311,1.14522,1.84104,Roy Hodgson,Arsène Wenger
1292,2017/18,2017-12-09,Crystal Palace,Bournemouth,2,2,D,24,11,8,5,2.04,3.5,4.0,7273,4.61208,0.962374,Roy Hodgson,Eddie Howe
1466,2017/18,2018-04-14,Crystal Palace,Brighton,3,2,H,15,12,8,3,1.9,3.5,4.75,7450,2.49925,1.54485,Roy Hodgson,Chris Hughton
1362,2017/18,2018-01-13,Crystal Palace,Burnley,1,0,H,17,8,2,2,2.0,3.29,4.5,7341,1.80971,0.907849,Roy Hodgson,Sean Dyche
1212,2017/18,2017-10-14,Crystal Palace,Chelsea,2,1,H,14,15,5,5,9.0,5.0,1.4,7191,1.51873,0.651919,Roy Hodgson,Antonio Conte
1254,2017/18,2017-11-18,Crystal Palace,Everton,2,2,D,16,8,7,5,2.39,3.25,3.29,7234,2.02983,1.68728,Roy Hodgson,David Unsworth
1144,2017/18,2017-08-12,Crystal Palace,Huddersfield,0,3,A,14,8,4,6,1.83,3.6,5.0,7124,0.988934,1.73657,Frank de Boer,David Wagner
1486,2017/18,2018-04-28,Crystal Palace,Leicester,5,0,H,15,6,9,1,2.04,3.6,3.79,7470,2.7876,0.941395,Roy Hodgson,Claude Puel
1446,2017/18,2018-03-31,Crystal Palace,Liverpool,1,2,A,6,16,3,6,7.0,4.33,1.44,7432,1.90868,1.72037,Roy Hodgson,Jürgen Klopp
1348,2017/18,2017-12-31,Crystal Palace,Man City,0,0,D,10,15,1,4,11.0,6.5,1.28,7321,1.72153,1.09586,Roy Hodgson,Pep Guardiola
1430,2017/18,2018-03-05,Crystal Palace,Man United,2,3,A,10,17,4,8,7.0,4.0,1.57,7401,0.74138,1.25439,Roy Hodgson,José Mourinho
1398,2017/18,2018-02-04,Crystal Palace,Newcastle,1,1,D,21,11,6,8,2.04,3.39,4.2,7373,3.00238,1.14408,Roy Hodgson,Rafael Benítez
1182,2017/18,2017-09-16,Crystal Palace,Southampton,0,1,A,14,13,3,4,3.0,3.3,2.6,7160,2.03243,1.11428,Roy Hodgson,Mauricio Pellegrino
1262,2017/18,2017-11-25,Crystal Palace,Stoke,2,1,H,10,9,5,3,2.04,3.5,4.0,7246,1.48339,0.628292,Roy Hodgson,Mark Hughes
1162,2017/18,2017-08-26,Crystal Palace,Swansea,0,2,A,16,7,3,3,1.95,3.5,4.33,7141,0.818951,0.966783,Frank de Boer,Paul Clement
1418,2017/18,2018-02-25,Crystal Palace,Tottenham,0,1,A,5,14,3,4,7.5,4.5,1.5,7397,0.184958,1.65074,Roy Hodgson,Mauricio Pochettino
1302,2017/18,2017-12-12,Crystal Palace,Watford,2,1,H,14,7,4,2,2.29,3.5,3.25,7282,1.10545,1.40441,Roy Hodgson,Marco Silva
1512,2017/18,2018-05-13,Crystal Palace,West Brom,2,0,H,11,7,5,1,1.8,3.79,4.75,7493,2.36491,0.216004,Roy Hodgson,Darren Moore
1233,2017/18,2017-10-28,Crystal Palace,West Ham,2,2,D,19,6,9,2,2.39,3.29,3.29,7213,2.91672,0.742845,Roy Hodgson,Slaven Bilic
1229,2017/18,2017-10-22,Everton,Arsenal,2,5,A,8,30,3,14,3.79,3.6,2.04,7200,0.810989,3.86029,Ronald Koeman,Arsène Wenger
1192,2017/18,2017-09-23,Everton,Bournemouth,2,1,H,12,8,4,4,1.65,4.0,5.75,7175,2.21092,0.384728,Ronald Koeman,Eddie Howe
1432,2017/18,2018-03-10,Everton,Brighton,2,0,H,13,10,3,4,2.2,3.2,3.89,7412,1.68868,0.321797,Sam Allardyce,Chris Hughton
1209,2017/18,2017-10-01,Everton,Burnley,0,1,A,23,5,4,2,1.67,3.6,5.75,7187,0.93376,0.383977,Ronald Koeman,Sean Dyche
1324,2017/18,2017-12-23,Everton,Chelsea,0,0,D,5,25,0,8,6.0,3.89,1.66,7303,0.342403,1.84971,Sam Allardyce,Antonio Conte
1401,2017/18,2018-02-10,Everton,Crystal Palace,3,1,H,11,16,5,4,2.25,3.25,3.2,7380,1.48792,1.65713,Sam Allardyce,Roy Hodgson
1284,2017/18,2017-12-02,Everton,Huddersfield,2,0,H,6,5,4,3,1.72,3.79,5.5,7260,0.820024,0.223429,Sam Allardyce,David Wagner
1385,2017/18,2018-01-31,Everton,Leicester,2,1,H,9,8,4,1,3.0,3.2,2.62,7365,1.53072,2.65018,Sam Allardyce,Claude Puel
1457,2017/18,2018-04-07,Everton,Liverpool,0,0,D,6,10,1,3,4.2,3.75,1.9,7443,0.723427,0.947321,Sam Allardyce,Jürgen Klopp
1447,2017/18,2018-03-31,Everton,Man City,1,3,A,6,18,2,4,9.0,5.0,1.33,7433,0.859628,1.91312,Sam Allardyce,Pep Guardiola
1352,2017/18,2018-01-01,Everton,Man United,0,2,A,12,21,0,6,5.5,3.5,1.8,7333,1.23952,1.26247,Sam Allardyce,José Mourinho
1484,2017/18,2018-04-23,Everton,Newcastle,1,0,H,9,9,1,2,2.29,3.39,3.39,7461,0.948534,0.480957,Sam Allardyce,Rafael Benítez
1497,2017/18,2018-05-05,Everton,Southampton,1,1,D,9,11,3,5,2.89,3.29,2.62,7486,0.420891,0.634996,Sam Allardyce,Mark Hughes
1145,2017/18,2017-08-12,Everton,Stoke,1,0,H,9,9,4,1,1.7,3.8,5.75,7125,0.720574,0.27644,Ronald Koeman,Mark Hughes
1320,2017/18,2017-12-18,Everton,Swansea,3,1,H,12,8,7,3,1.72,3.75,5.5,7293,2.01756,0.766224,Sam Allardyce,Paul Clement
1173,2017/18,2017-09-09,Everton,Tottenham,0,3,A,12,15,1,6,3.8,3.5,2.1,7154,1.15144,2.17535,Ronald Koeman,Mauricio Pochettino
1248,2017/18,2017-11-05,Everton,Watford,3,2,H,10,11,5,3,2.2,3.39,3.6,7220,2.5796,2.05534,David Unsworth,Marco Silva
1374,2017/18,2018-01-20,Everton,West Brom,1,1,D,9,15,4,5,2.14,3.2,4.0,7352,0.92355,1.34998,Sam Allardyce,Alan Pardew
1278,2017/18,2017-11-29,Everton,West Ham,4,0,H,8,7,5,3,2.37,3.29,3.29,7256,1.76497,1.03658,David Unsworth,David Moyes
1513,2017/18,2018-05-13,Huddersfield,Arsenal,0,1,A,18,9,3,4,6.0,4.33,1.6,7494,1.31031,2.3322,David Wagner,Arsène Wenger
1407,2017/18,2018-02-11,Huddersfield,Bournemouth,4,1,H,15,7,4,2,3.25,3.2,2.25,7381,2.56699,0.433555,David Wagner,Eddie Howe
1293,2017/18,2017-12-09,Huddersfield,Brighton,2,0,H,19,7,6,2,2.7,3.1,3.0,7274,2.68125,0.273809,David Wagner,Chris Hughton
1343,2017/18,2017-12-30,Huddersfield,Burnley,0,0,D,3,11,1,4,2.37,3.1,3.5,7322,0.049118,1.20923,David Wagner,Sean Dyche
1303,2017/18,2017-12-12,Huddersfield,Chelsea,1,3,A,7,12,2,5,9.0,4.5,1.44,7280,0.476748,1.8707,David Wagner,Antonio Conte
1442,2017/18,2018-03-17,Huddersfield,Crystal Palace,0,2,A,6,17,2,6,3.0,3.1,2.7,7421,0.220381,2.74705,David Wagner,Roy Hodgson
1487,2017/18,2018-04-28,Huddersfield,Everton,0,2,A,9,7,2,5,2.62,3.1,3.1,7471,0.56538,0.943754,David Wagner,Sam Allardyce
1183,2017/18,2017-09-16,Huddersfield,Leicester,1,1,D,15,10,3,1,3.5,3.4,2.25,7161,0.700349,1.24181,David Wagner,Craig Shakespeare
1381,2017/18,2018-01-30,Huddersfield,Liverpool,0,3,A,5,14,1,7,12.0,5.75,1.3,7359,0.288048,2.05148,David Wagner,Jürgen Klopp
1269,2017/18,2017-11-26,Huddersfield,Man City,1,2,A,4,14,0,5,17.0,8.0,1.18,7245,0.537698,2.66178,David Wagner,Pep Guardiola
1223,2017/18,2017-10-21,Huddersfield,Man United,2,1,H,5,9,3,3,11.0,5.0,1.36,7201,1.26744,0.807135,David Wagner,José Mourinho
1158,2017/18,2017-08-20,Huddersfield,Newcastle,1,0,H,7,13,3,5,2.5,3.25,3.2,7136,0.267008,0.973322,David Wagner,Rafael Benítez
1163,2017/18,2017-08-26,Huddersfield,Southampton,0,0,D,16,6,6,3,3.9,3.4,2.1,7144,1.51605,0.795911,David Wagner,Mauricio Pellegrino
1333,2017/18,2017-12-26,Huddersfield,Stoke,1,1,D,18,15,8,7,2.5,3.2,3.2,7312,1.8756,1.19984,David Wagner,Mark Hughes
1433,2017/18,2018-03-10,Huddersfield,Swansea,0,0,D,30,0,4,0,2.54,3.1,3.2,7413,1.39381,0.0,David Wagner,Carlos Carvalhal
1203,2017/18,2017-09-30,Huddersfield,Tottenham,0,4,A,6,14,1,7,8.5,4.75,1.36,7179,0.196648,1.56089,David Wagner,Mauricio Pochettino
1467,2017/18,2018-04-14,Huddersfield,Watford,1,0,H,9,4,1,2,2.62,3.25,3.0,7451,0.929512,0.306273,David Wagner,Javi Gracia
1241,2017/18,2017-11-04,Huddersfield,West Brom,1,0,H,7,9,3,3,2.79,3.0,3.0,7221,0.260436,0.382005,David Wagner,Tony Pulis
1363,2017/18,2018-01-13,Huddersfield,West Ham,1,4,A,8,8,2,6,2.62,3.1,3.1,7342,0.681,0.986853,David Wagner,David Moyes
1507,2017/18,2018-05-09,Leicester,Arsenal,3,1,H,19,14,10,7,3.75,3.79,2.0,7422,2.19801,1.54443,Claude Puel,Arsène Wenger
1422,2017/18,2018-03-03,Leicester,Bournemouth,1,1,D,23,8,4,3,1.85,3.75,4.5,7402,2.97799,1.4035,Claude Puel,Eddie Howe
1153,2017/18,2017-08-19,Leicester,Brighton,2,0,H,14,5,4,2,1.73,3.8,5.5,7133,1.88355,0.123075,Craig Shakespeare,Chris Hughton
1285,2017/18,2017-12-02,Leicester,Burnley,1,0,H,16,14,3,4,1.83,3.6,5.0,7261,1.61269,0.789388,Claude Puel,Sean Dyche
1174,2017/18,2017-09-09,Leicester,Chelsea,1,2,A,8,16,2,6,4.75,3.9,1.8,7151,1.34903,1.03943,Craig Shakespeare,Antonio Conte
1314,2017/18,2017-12-16,Leicester,Crystal Palace,0,3,A,11,13,2,6,1.89,3.6,4.5,7294,0.758241,2.25889,Claude Puel,Roy Hodgson
1239,2017/18,2017-10-29,Leicester,Everton,2,0,H,9,16,3,2,2.14,3.39,3.75,7214,1.36768,0.575236,Claude Puel,David Unsworth
1353,2017/18,2018-01-01,Leicester,Huddersfield,3,0,H,11,6,5,1,1.66,3.79,6.0,7334,1.45074,0.226625,Claude Puel,David Wagner
1193,2017/18,2017-09-23,Leicester,Liverpool,2,3,A,12,23,7,6,4.1,3.9,1.91,7176,2.88766,1.92902,Craig Shakespeare,Jürgen Klopp
1255,2017/18,2017-11-18,Leicester,Man City,0,2,A,2,12,0,4,9.5,5.75,1.33,7235,0.0970457,2.40056,Claude Puel,Pep Guardiola
1325,2017/18,2017-12-23,Leicester,Man United,2,2,D,11,19,3,6,4.5,3.6,1.9,7302,1.56465,2.15281,Claude Puel,José Mourinho
1458,2017/18,2018-04-07,Leicester,Newcastle,1,2,A,8,8,1,4,1.95,3.6,4.2,7444,1.09224,0.285116,Claude Puel,Rafael Benítez
1478,2017/18,2018-04-19,Leicester,Southampton,0,0,D,11,6,3,2,2.25,3.29,3.2,7464,0.515248,0.651171,Claude Puel,Mark Hughes
1414,2017/18,2018-02-24,Leicester,Stoke,1,1,D,19,6,9,2,1.72,3.89,5.25,7396,1.12487,0.166078,Claude Puel,Paul Lambert
1395,2017/18,2018-02-03,Leicester,Swansea,1,1,D,13,3,5,1,1.8,3.6,5.25,7374,1.48466,0.569943,Claude Puel,Carlos Carvalhal
1272,2017/18,2017-11-28,Leicester,Tottenham,2,1,H,7,18,4,6,5.0,3.89,1.75,7249,0.924575,2.50552,Claude Puel,Mauricio Pochettino
1375,2017/18,2018-01-20,Leicester,Watford,2,0,H,9,11,5,3,1.85,3.89,4.33,7353,1.51932,0.740795,Claude Puel,Marco Silva
1220,2017/18,2017-10-16,Leicester,West Brom,1,1,D,11,5,3,1,2.05,3.4,4.2,7192,0.964277,0.155254,Craig Shakespeare,Tony Pulis
1498,2017/18,2018-05-05,Leicester,West Ham,0,2,A,13,13,2,3,2.25,3.5,3.39,7479,0.391738,1.43027,Claude Puel,David Moyes
1168,2017/18,2017-08-27,Liverpool,Arsenal,4,0,H,18,8,10,0,2.15,3.7,3.5,7148,3.45998,0.484816,Jürgen Klopp,Arsène Wenger
1468,2017/18,2018-04-14,Liverpool,Bournemouth,3,0,H,20,6,7,1,1.25,7.0,12.0,7452,2.6402,0.540593,Jürgen Klopp,Eddie Howe
1514,2017/18,2018-05-13,Liverpool,Brighton,4,0,H,22,2,11,1,1.19,8.0,15.0,7495,3.50981,0.0408165,Jürgen Klopp,Chris Hughton
1184,2017/18,2017-09-16,Liverpool,Burnley,1,1,D,35,5,9,4,1.29,6.0,13.0,7162,2.18727,0.334402,Jürgen Klopp,Sean Dyche
1263,2017/18,2017-11-25,Liverpool,Chelsea,1,1,D,16,11,4,3,2.14,3.6,3.5,7244,1.50368,0.739983,Jürgen Klopp,Antonio Conte
1154,2017/18,2017-08-19,Liverpool,Crystal Palace,1,0,H,23,4,13,1,1.36,5.25,9.5,7134,2.84978,0.727364,Jürgen Klopp,Frank de Boer
1298,2017/18,2017-12-10,Liverpool,Everton,1,1,D,23,3,3,2,1.3,6.0,11.0,7275,1.89569,0.823217,Jürgen Klopp,Sam Allardyce
1234,2017/18,2017-10-28,Liverpool,Huddersfield,3,0,H,16,1,8,0,1.25,6.75,13.0,7217,2.14257,0.0554802,Jürgen Klopp,David Wagner
1344,2017/18,2017-12-30,Liverpool,Leicester,2,1,H,17,7,6,1,1.3,6.0,11.0,7323,2.56607,0.789667,Jürgen Klopp,Claude Puel
1369,2017/18,2018-01-14,Liverpool,Man City,4,3,H,16,11,7,4,3.1,3.75,2.29,7343,1.01595,0.722959,Jürgen Klopp,Pep Guardiola
1213,2017/18,2017-10-14,Liverpool,Man United,0,0,D,19,6,5,1,2.8,3.25,2.8,7193,1.92702,0.230358,Jürgen Klopp,José Mourinho
1423,2017/18,2018-03-03,Liverpool,Newcastle,2,0,H,14,7,3,2,1.22,7.0,15.0,7403,1.56935,0.255322,Jürgen Klopp,Rafael Benítez
1256,2017/18,2017-11-18,Liverpool,Southampton,3,0,H,21,5,8,0,1.39,5.0,9.0,7231,2.06277,0.563886,Jürgen Klopp,Mauricio Pellegrino
1488,2017/18,2018-04-28,Liverpool,Stoke,0,0,D,20,5,2,1,1.33,5.75,10.0,7472,2.11658,0.777827,Jürgen Klopp,Paul Lambert
1334,2017/18,2017-12-26,Liverpool,Swansea,5,0,H,22,7,9,4,1.16,9.0,19.0,7313,3.06422,0.2719,Jürgen Klopp,Leon Britton
1399,2017/18,2018-02-04,Liverpool,Tottenham,2,2,D,9,13,3,6,2.1,3.75,3.6,7375,1.28962,2.54392,Jürgen Klopp,Mauricio Pochettino
1443,2017/18,2018-03-17,Liverpool,Watford,5,0,H,13,4,10,1,1.19,8.0,15.0,7423,1.81208,0.35476,Jürgen Klopp,Javi Gracia
1304,2017/18,2017-12-13,Liverpool,West Brom,0,0,D,14,6,5,1,1.22,7.0,15.0,7287,2.13915,0.520382,Jürgen Klopp,Alan Pardew
1415,2017/18,2018-02-24,Liverpool,West Ham,4,1,H,21,7,12,4,1.22,7.5,13.0,7395,3.9205,0.33527,Jürgen Klopp,David Moyes
1249,2017/18,2017-11-05,Man City,Arsenal,3,1,H,9,6,5,3,1.39,5.5,7.5,7228,2.15028,0.340407,Pep Guardiola,Arsène Wenger
1326,2017/18,2017-12-23,Man City,Bournemouth,4,0,H,14,5,5,1,1.12,11.0,23.0,7308,1.55724,0.334896,Pep Guardiola,Eddie Howe
1508,2017/18,2018-05-09,Man City,Brighton,3,1,H,19,6,7,3,1.12,10.0,27.0,7424,1.64765,1.00939,Pep Guardiola,Chris Hughton
1224,2017/18,2017-10-21,Man City,Burnley,3,0,H,15,6,10,0,1.11,12.0,26.0,7202,3.71812,0.14859,Pep Guardiola,Sean Dyche
1429,2017/18,2018-03-04,Man City,Chelsea,1,0,H,13,3,3,0,1.61,4.2,6.0,7404,0.953312,0.118301,Pep Guardiola,Antonio Conte
1194,2017/18,2017-09-23,Man City,Crystal Palace,5,0,H,25,5,9,0,1.14,10.0,21.0,7173,5.72543,0.611018,Pep Guardiola,Roy Hodgson
1160,2017/18,2017-08-21,Man City,Everton,1,1,D,19,7,6,2,1.33,5.75,10.0,7138,1.14216,0.59971,Pep Guardiola,Ronald Koeman
1504,2017/18,2018-05-06,Man City,Huddersfield,0,0,D,15,5,2,3,1.08,13.0,34.0,7480,0.78641,0.54565,Pep Guardiola,David Wagner
1402,2017/18,2018-02-10,Man City,Leicester,5,1,H,19,2,11,2,1.19,6.5,13.0,7382,2.59121,0.109716,Pep Guardiola,Claude Puel
1175,2017/18,2017-09-09,Man City,Liverpool,5,0,H,13,10,7,3,1.85,4.0,4.2,7149,3.14589,0.665186,Pep Guardiola,Jürgen Klopp
1459,2017/18,2018-04-07,Man City,Man United,2,3,A,20,5,6,4,1.89,3.79,4.2,7445,3.42967,1.21683,Pep Guardiola,José Mourinho
1376,2017/18,2018-01-20,Man City,Newcastle,3,1,H,21,6,9,4,1.12,10.0,26.0,7354,2.5505,0.992018,Pep Guardiola,Rafael Benítez
1279,2017/18,2017-11-29,Man City,Southampton,2,1,H,26,7,12,2,1.19,8.0,15.0,7257,1.64952,1.7066,Pep Guardiola,Mauricio Pellegrino
1214,2017/18,2017-10-14,Man City,Stoke,7,2,H,20,5,11,1,1.14,9.5,21.0,7194,4.45388,0.681236,Pep Guardiola,Mark Hughes
1482,2017/18,2018-04-22,Man City,Swansea,5,0,H,19,4,12,1,1.14,9.0,23.0,7465,3.41675,0.297493,Pep Guardiola,Carlos Carvalhal
1315,2017/18,2017-12-16,Man City,Tottenham,4,1,H,20,7,11,2,1.55,4.59,6.0,7298,4.14588,0.182456,Pep Guardiola,Mauricio Pochettino
1355,2017/18,2018-01-02,Man City,Watford,3,1,H,17,7,7,4,1.12,8.5,19.0,7335,2.77398,0.965283,Pep Guardiola,Marco Silva
1386,2017/18,2018-01-31,Man City,West Brom,3,0,H,19,3,10,1,1.14,10.0,21.0,7366,2.68955,0.118043,Pep Guardiola,Alan Pardew
1290,2017/18,2017-12-03,Man City,West Ham,2,1,H,24,7,8,4,1.08,11.0,21.0,7262,2.45603,0.474483,Pep Guardiola,David Moyes
1492,2017/18,2018-04-29,Man United,Arsenal,2,1,H,17,8,3,3,1.44,4.75,8.0,7473,1.54667,0.651541,José Mourinho,Arsène Wenger
1305,2017/18,2017-12-13,Man United,Bournemouth,1,0,H,9,14,2,7,1.28,6.0,12.0,7283,1.24043,0.815792,José Mourinho,Eddie Howe
1264,2017/18,2017-11-25,Man United,Brighton,1,0,H,15,8,4,2,1.19,7.0,19.0,7243,1.50148,0.565072,José Mourinho,Chris Hughton
1335,2017/18,2017-12-26,Man United,Burnley,2,2,D,23,3,6,2,1.25,6.5,15.0,7314,1.80763,0.786214,José Mourinho,Sean Dyche
1419,2017/18,2018-02-25,Man United,Chelsea,2,1,H,10,14,5,7,2.29,3.25,3.5,7393,1.30036,1.68958,José Mourinho,Antonio Conte
1204,2017/18,2017-09-30,Man United,Crystal Palace,4,0,H,18,6,7,1,1.17,7.0,15.0,7180,3.47508,0.244321,José Mourinho,Roy Hodgson
1190,2017/18,2017-09-17,Man United,Everton,4,0,H,16,7,7,3,1.36,5.25,10.0,7168,3.28722,1.06298,José Mourinho,Ronald Koeman
1396,2017/18,2018-02-03,Man United,Huddersfield,2,0,H,16,4,7,0,1.16,8.5,19.0,7376,1.63389,0.13049,José Mourinho,David Wagner
1164,2017/18,2017-08-26,Man United,Leicester,2,0,H,22,11,7,4,1.33,5.5,11.0,7145,2.73725,0.670573,José Mourinho,Craig Shakespeare
1434,2017/18,2018-03-10,Man United,Liverpool,2,1,H,5,14,2,2,2.75,3.39,2.75,7414,0.845051,0.777089,José Mourinho,Jürgen Klopp
1299,2017/18,2017-12-10,Man United,Man City,1,2,A,8,14,5,7,3.39,3.5,2.25,7276,1.43756,2.03041,José Mourinho,Pep Guardiola
1257,2017/18,2017-11-18,Man United,Newcastle,4,1,H,16,12,7,5,1.28,5.75,13.0,7232,2.57424,1.08708,José Mourinho,Rafael Benítez
1345,2017/18,2017-12-30,Man United,Southampton,0,0,D,15,8,3,3,1.36,5.5,9.0,7324,1.87247,0.85013,José Mourinho,Mauricio Pellegrino
1370,2017/18,2018-01-15,Man United,Stoke,3,0,H,20,11,9,5,1.22,7.0,15.0,7344,1.9485,1.47603,José Mourinho,Eddie Niedzwiecki
1448,2017/18,2018-03-31,Man United,Swansea,2,0,H,11,3,5,2,1.25,6.0,10.0,7435,2.14368,0.138813,José Mourinho,Carlos Carvalhal
1235,2017/18,2017-10-28,Man United,Tottenham,1,0,H,11,13,3,4,2.14,3.39,3.79,7218,0.943496,1.08708,José Mourinho,Mauricio Pochettino
1515,2017/18,2018-05-13,Man United,Watford,1,0,H,7,7,1,3,1.39,5.25,8.5,7496,0.45805,0.654288,José Mourinho,Javi Gracia
1472,2017/18,2018-04-15,Man United,West Brom,0,1,A,14,10,4,4,1.18,8.0,19.0,7453,0.639748,0.824508,José Mourinho,Darren Moore
1149,2017/18,2017-08-13,Man United,West Ham,4,0,H,22,9,6,1,1.3,5.75,12.0,7128,2.63853,0.62654,José Mourinho,Slaven Bilic
1473,2017/18,2018-04-15,Newcastle,Arsenal,2,1,H,8,15,4,3,3.29,3.6,2.25,7454,0.888452,1.41538,Rafael Benítez,Arsène Wenger
1242,2017/18,2017-11-04,Newcastle,Bournemouth,0,1,A,16,16,4,6,2.0,3.5,4.2,7222,0.676091,1.28703,Rafael Benítez,Eddie Howe
1346,2017/18,2017-12-30,Newcastle,Brighton,0,0,D,11,10,2,3,2.14,3.2,4.0,7325,0.504379,0.630058,Rafael Benítez,Chris Hughton
1387,2017/18,2018-01-31,Newcastle,Burnley,1,1,D,14,11,4,2,2.2,3.2,3.89,7364,2.52275,1.22828,Rafael Benítez,Sean Dyche
1516,2017/18,2018-05-13,Newcastle,Chelsea,3,0,H,16,6,6,2,6.5,4.2,1.6,7497,2.24197,0.843284,Rafael Benítez,Antonio Conte
1225,2017/18,2017-10-21,Newcastle,Crystal Palace,1,0,H,7,10,3,0,2.0,3.5,4.2,7203,0.270313,0.566845,Rafael Benítez,Roy Hodgson
1306,2017/18,2017-12-13,Newcastle,Everton,0,1,A,16,7,4,4,2.39,3.29,3.25,7284,0.570658,1.38719,Rafael Benítez,Sam Allardyce
1449,2017/18,2018-03-31,Newcastle,Huddersfield,1,0,H,18,4,3,0,1.75,3.39,5.0,7436,2.53617,0.280847,Rafael Benítez,David Wagner
1294,2017/18,2017-12-09,Newcastle,Leicester,2,3,A,10,13,4,5,2.62,3.29,2.89,7277,0.964657,0.444099,Rafael Benítez,Claude Puel
1210,2017/18,2017-10-01,Newcastle,Liverpool,1,1,D,8,17,5,2,5.0,3.8,1.67,7188,0.280437,1.64475,Rafael Benítez,Jürgen Klopp
1339,2017/18,2017-12-27,Newcastle,Man City,0,1,A,6,22,2,6,13.0,6.75,1.25,7315,0.174705,1.93187,Rafael Benítez,Pep Guardiola
1408,2017/18,2018-02-11,Newcastle,Man United,1,0,H,10,13,3,6,5.5,3.75,1.61,7383,0.676656,1.71995,Rafael Benítez,José Mourinho
1435,2017/18,2018-03-10,Newcastle,Southampton,3,0,H,7,6,5,2,2.79,3.2,2.79,7415,1.35847,0.496723,Rafael Benítez,Mauricio Pellegrino
1185,2017/18,2017-09-16,Newcastle,Stoke,2,1,H,14,13,3,4,2.38,3.25,3.4,7163,2.6598,0.675783,Rafael Benítez,Mark Hughes
1364,2017/18,2018-01-13,Newcastle,Swansea,1,1,D,12,8,4,5,1.95,3.39,4.5,7345,1.8273,0.895774,Rafael Benítez,Carlos Carvalhal
1150,2017/18,2017-08-13,Newcastle,Tottenham,0,2,A,6,18,3,6,5.5,4.0,1.7,7127,0.634633,2.34418,Rafael Benítez,Mauricio Pochettino
1265,2017/18,2017-11-25,Newcastle,Watford,0,3,A,12,12,2,4,2.2,3.5,3.5,7242,0.86002,2.05844,Rafael Benítez,Marco Silva
1489,2017/18,2018-04-28,Newcastle,West Brom,0,1,A,17,9,2,2,1.85,3.6,4.75,7474,1.58397,0.703096,Rafael Benítez,Darren Moore
1165,2017/18,2017-08-26,Newcastle,West Ham,3,0,H,16,8,8,3,2.3,3.4,3.4,7142,2.76107,0.558484,Rafael Benítez,Slaven Bilic
1300,2017/18,2017-12-10,Southampton,Arsenal,1,1,D,6,11,3,6,4.0,3.75,1.95,7278,1.21942,0.608352,Mauricio Pellegrino,Arsène Wenger
1490,2017/18,2018-04-28,Southampton,Bournemouth,2,1,H,14,14,6,7,1.72,4.0,5.0,7475,1.72584,1.01741,Mark Hughes,Eddie Howe
1388,2017/18,2018-01-31,Southampton,Brighton,1,1,D,18,9,3,2,1.75,3.5,6.0,7363,1.27393,1.07907,Mauricio Pellegrino,Chris Hughton
1243,2017/18,2017-11-04,Southampton,Burnley,0,1,A,13,5,3,1,1.66,3.75,6.5,7223,0.789259,0.137743,Mauricio Pellegrino,Sean Dyche
1469,2017/18,2018-04-14,Southampton,Chelsea,2,3,A,10,17,7,5,4.5,3.75,1.85,7455,1.2922,0.663817,Mark Hughes,Antonio Conte
1356,2017/18,2018-01-02,Southampton,Crystal Palace,1,2,A,10,11,3,4,1.9,3.39,4.0,7336,0.445301,1.34294,Mauricio Pellegrino,Roy Hodgson
1270,2017/18,2017-11-26,Southampton,Everton,4,1,H,17,5,5,2,1.9,3.39,4.75,7241,1.97034,0.147724,Mauricio Pellegrino,David Unsworth
1327,2017/18,2017-12-23,Southampton,Huddersfield,1,1,D,12,10,6,3,1.61,3.89,6.5,7307,1.73805,1.09381,Mauricio Pellegrino,David Wagner
1307,2017/18,2017-12-13,Southampton,Leicester,1,4,A,12,16,4,11,2.1,3.39,3.89,7285,1.11749,2.24579,Mauricio Pellegrino,Claude Puel
1409,2017/18,2018-02-11,Southampton,Liverpool,0,2,A,6,16,4,4,4.2,3.79,1.8,7384,0.854343,2.35575,Mauricio Pellegrino,Jürgen Klopp
1517,2017/18,2018-05-13,Southampton,Man City,0,1,A,8,13,3,2,9.0,5.0,1.39,7498,0.506624,0.765614,Mark Hughes,Pep Guardiola
1195,2017/18,2017-09-23,Southampton,Man United,0,1,A,14,9,4,4,5.5,3.8,1.73,7172,0.802062,1.07247,Mauricio Pellegrino,José Mourinho
1219,2017/18,2017-10-15,Southampton,Newcastle,2,2,D,12,19,2,5,1.91,3.6,4.5,7195,1.71445,0.950997,Mauricio Pellegrino,Rafael Benítez
1424,2017/18,2018-03-03,Southampton,Stoke,0,0,D,18,12,6,3,1.75,3.75,5.25,7405,0.982895,0.385303,Mauricio Pellegrino,Paul Lambert
1146,2017/18,2017-08-12,Southampton,Swansea,0,0,D,29,4,2,0,1.62,4.0,6.5,7122,2.21748,0.406196,Mauricio Pellegrino,Paul Clement
1379,2017/18,2018-01-21,Southampton,Tottenham,1,1,D,10,17,4,2,5.75,4.09,1.64,7355,1.15209,1.30653,Mauricio Pellegrino,Mauricio Pochettino
1176,2017/18,2017-09-09,Southampton,Watford,0,2,A,9,12,1,3,1.65,4.0,6.0,7150,0.331259,0.57794,Mauricio Pellegrino,Marco Silva
1226,2017/18,2017-10-21,Southampton,West Brom,1,0,H,20,7,6,2,1.85,3.39,5.25,7204,2.02288,0.504128,Mauricio Pellegrino,Tony Pulis
1155,2017/18,2017-08-19,Southampton,West Ham,3,2,H,14,16,5,8,1.75,3.8,5.25,7130,2.1424,1.53269,Mauricio Pellegrino,Slaven Bilic
1156,2017/18,2017-08-19,Stoke,Arsenal,1,0,H,11,18,4,6,4.5,3.8,1.85,7135,0.692644,1.40658,Mark Hughes,Arsène Wenger
1227,2017/18,2017-10-21,Stoke,Bournemouth,1,2,A,10,7,2,3,2.14,3.5,3.6,7205,1.60117,1.11834,Mark Hughes,Eddie Howe
1403,2017/18,2018-02-10,Stoke,Brighton,1,1,D,15,14,3,6,2.2,3.2,3.39,7385,1.39547,0.897856,Paul Lambert,Chris Hughton
1483,2017/18,2018-04-22,Stoke,Burnley,1,1,D,8,16,3,7,2.29,3.29,3.5,7466,0.356095,1.61309,Paul Lambert,Sean Dyche
1196,2017/18,2017-09-23,Stoke,Chelsea,0,4,A,13,7,2,4,6.0,4.1,1.62,7170,0.600959,1.59815,Mark Hughes,Antonio Conte
1499,2017/18,2018-05-05,Stoke,Crystal Palace,1,2,A,7,13,2,2,2.7,3.39,2.79,7481,0.750175,1.31471,Paul Lambert,Roy Hodgson
1444,2017/18,2018-03-17,Stoke,Everton,1,2,A,9,17,4,9,2.5,3.29,3.1,7425,0.894266,2.97881,Paul Lambert,Sam Allardyce
1377,2017/18,2018-01-20,Stoke,Huddersfield,2,0,H,11,6,6,3,2.04,3.39,4.09,7356,0.987799,0.238458,Paul Lambert,David Wagner
1244,2017/18,2017-11-04,Stoke,Leicester,2,2,D,11,14,7,4,2.7,3.29,2.87,7224,1.22988,1.39563,Mark Hughes,Claude Puel
1280,2017/18,2017-11-29,Stoke,Liverpool,0,3,A,10,14,1,7,6.5,4.5,1.55,7258,0.846748,2.58757,Mark Hughes,Jürgen Klopp
1440,2017/18,2018-03-12,Stoke,Man City,0,2,A,3,17,0,6,15.0,6.5,1.25,7416,0.157023,1.64562,Paul Lambert,Pep Guardiola
1177,2017/18,2017-09-09,Stoke,Man United,2,2,D,10,18,5,8,7.5,4.5,1.5,7155,1.49928,1.96635,Mark Hughes,José Mourinho
1354,2017/18,2018-01-01,Stoke,Newcastle,0,1,A,11,14,4,6,2.29,3.29,3.5,7337,1.50029,2.02028,Mark Hughes,Rafael Benítez
1205,2017/18,2017-09-30,Stoke,Southampton,2,1,H,17,21,6,3,2.88,3.2,2.45,7181,2.68136,1.42781,Mark Hughes,Mauricio Pellegrino
1286,2017/18,2017-12-02,Stoke,Swansea,2,1,H,10,10,3,3,1.95,3.39,4.5,7263,1.24743,0.320601,Mark Hughes,Paul Clement
1460,2017/18,2018-04-07,Stoke,Tottenham,1,2,A,10,15,4,4,11.0,5.5,1.33,7446,1.40115,1.79894,Paul Lambert,Mauricio Pochettino
1389,2017/18,2018-01-31,Stoke,Watford,0,0,D,11,12,4,2,2.25,3.5,3.39,7368,0.722172,0.740773,Paul Lambert,Javi Gracia
1328,2017/18,2017-12-23,Stoke,West Brom,3,1,H,9,17,5,7,2.29,3.25,3.5,7306,1.7986,2.0544,Mark Hughes,Alan Pardew
1316,2017/18,2017-12-16,Stoke,West Ham,0,3,A,17,14,0,7,2.29,3.29,3.5,7297,0.983293,3.08244,Mark Hughes,David Moyes
1382,2017/18,2018-01-30,Swansea,Arsenal,3,1,H,12,9,4,4,7.0,4.59,1.5,7361,2.37911,1.15616,Carlos Carvalhal,Arsène Wenger
1266,2017/18,2017-11-25,Swansea,Bournemouth,0,0,D,10,9,1,5,2.79,3.25,2.79,7240,0.879594,0.449075,Paul Clement,Eddie Howe
1245,2017/18,2017-11-04,Swansea,Brighton,0,1,A,12,5,2,2,2.39,3.2,3.39,7225,1.24557,0.874927,Paul Clement,Chris Hughton
1404,2017/18,2018-02-10,Swansea,Burnley,1,0,H,12,13,4,1,2.37,3.0,3.25,7386,0.843332,0.430729,Carlos Carvalhal,Sean Dyche
1491,2017/18,2018-04-28,Swansea,Chelsea,0,1,A,10,11,3,3,7.0,4.33,1.53,7476,0.502964,1.45426,Carlos Carvalhal,Antonio Conte
1329,2017/18,2017-12-23,Swansea,Crystal Palace,1,1,D,7,13,2,5,3.29,3.2,2.45,7299,0.546613,1.25546,Leon Britton,Roy Hodgson
1470,2017/18,2018-04-14,Swansea,Everton,1,1,D,17,12,7,3,2.54,3.25,3.1,7456,1.19751,1.61456,Carlos Carvalhal,Sam Allardyce
1215,2017/18,2017-10-14,Swansea,Huddersfield,2,0,H,7,7,3,2,2.2,3.25,3.75,7196,1.65446,0.596086,Paul Clement,David Wagner
1228,2017/18,2017-10-21,Swansea,Leicester,1,2,A,19,11,4,6,2.79,3.25,2.75,7206,0.559618,1.80814,Paul Clement,Michael Appleton
1380,2017/18,2018-01-22,Swansea,Liverpool,1,0,H,3,21,2,4,12.0,5.75,1.3,7357,0.498742,2.19675,Carlos Carvalhal,Jürgen Klopp
1308,2017/18,2017-12-13,Swansea,Man City,0,4,A,7,23,3,10,15.0,6.5,1.25,7281,0.589496,3.56828,Paul Clement,Pep Guardiola
1157,2017/18,2017-08-19,Swansea,Man United,0,4,A,6,17,1,8,11.0,5.0,1.36,7129,0.304164,3.41021,Paul Clement,José Mourinho
1179,2017/18,2017-09-10,Swansea,Newcastle,0,1,A,10,16,4,8,2.4,3.25,3.3,7157,1.48574,1.03177,Paul Clement,Rafael Benítez
1505,2017/18,2018-05-08,Swansea,Southampton,0,1,A,11,13,3,8,3.1,3.25,2.54,7426,0.389621,1.48865,Carlos Carvalhal,Mark Hughes
1518,2017/18,2018-05-13,Swansea,Stoke,1,2,A,26,8,11,5,1.9,3.79,4.2,7491,1.70936,1.75436,Carlos Carvalhal,Paul Lambert
1357,2017/18,2018-01-02,Swansea,Tottenham,0,2,A,8,12,1,5,12.0,4.75,1.3,7338,0.397789,1.61843,Carlos Carvalhal,Mauricio Pochettino
1197,2017/18,2017-09-23,Swansea,Watford,1,2,A,10,8,3,4,2.4,3.3,3.25,7171,1.50811,1.25817,Paul Clement,Marco Silva
1295,2017/18,2017-12-09,Swansea,West Brom,1,0,H,18,7,3,1,2.7,3.1,3.0,7271,1.01101,0.25228,Paul Clement,Alan Pardew
1425,2017/18,2018-03-03,Swansea,West Ham,4,1,H,9,7,8,2,2.6,3.25,3.0,7406,2.30838,0.497211,Carlos Carvalhal,David Moyes
1405,2017/18,2018-02-10,Tottenham,Arsenal,1,0,H,18,6,6,1,2.0,3.6,3.5,7387,2.63564,0.487297,Mauricio Pochettino,Arsène Wenger
1216,2017/18,2017-10-14,Tottenham,Bournemouth,1,0,H,18,5,6,1,1.2,8.0,15.0,7197,1.95684,0.17504,Mauricio Pochettino,Eddie Howe
1309,2017/18,2017-12-13,Tottenham,Brighton,2,0,H,25,7,8,4,1.25,6.5,15.0,7288,1.87344,0.315616,Mauricio Pochettino,Chris Hughton
1169,2017/18,2017-08-27,Tottenham,Burnley,1,1,D,28,13,5,3,1.25,6.5,15.0,7147,2.3497,0.670943,Mauricio Pochettino,Sean Dyche
1159,2017/18,2017-08-20,Tottenham,Chelsea,1,2,A,18,9,6,2,2.1,3.6,3.75,7137,0.72428,0.834423,Mauricio Pochettino,Antonio Conte
1250,2017/18,2017-11-05,Tottenham,Crystal Palace,1,0,H,12,11,2,3,1.28,6.0,12.0,7226,0.991813,1.10222,Mauricio Pochettino,Roy Hodgson
1365,2017/18,2018-01-13,Tottenham,Everton,4,0,H,20,7,10,0,1.28,6.0,13.0,7346,4.21366,0.290345,Mauricio Pochettino,Sam Allardyce
1426,2017/18,2018-03-03,Tottenham,Huddersfield,2,0,H,15,3,7,3,1.19,7.5,17.0,7407,1.63794,0.138106,Mauricio Pochettino,David Wagner
1519,2017/18,2018-05-13,Tottenham,Leicester,5,4,H,14,16,6,9,1.33,6.0,9.0,7490,1.83248,1.27359,Mauricio Pochettino,Claude Puel
1230,2017/18,2017-10-22,Tottenham,Liverpool,4,1,H,14,12,6,7,2.25,3.5,3.39,7207,2.62043,0.667771,Mauricio Pochettino,Jürgen Klopp
1471,2017/18,2018-04-14,Tottenham,Man City,1,3,A,8,17,3,6,2.62,3.6,2.7,7457,0.445014,3.61987,Mauricio Pochettino,Pep Guardiola
1390,2017/18,2018-01-31,Tottenham,Man United,2,0,H,22,6,6,3,2.35,3.29,3.39,7367,2.0117,0.817997,Mauricio Pochettino,José Mourinho
1509,2017/18,2018-05-09,Tottenham,Newcastle,1,0,H,11,14,7,3,1.18,8.5,17.0,7427,0.835241,0.829699,Mauricio Pochettino,Rafael Benítez
1336,2017/18,2017-12-26,Tottenham,Southampton,5,2,H,16,16,7,6,1.36,5.25,10.0,7316,3.08413,0.591118,Mauricio Pochettino,Mauricio Pellegrino
1296,2017/18,2017-12-09,Tottenham,Stoke,5,1,H,20,4,11,3,1.28,6.5,11.0,7270,4.01925,0.749296,Mauricio Pochettino,Mark Hughes
1186,2017/18,2017-09-16,Tottenham,Swansea,0,0,D,26,4,8,0,1.22,7.0,15.0,7166,1.17894,0.154074,Mauricio Pochettino,Paul Clement
1494,2017/18,2018-04-30,Tottenham,Watford,2,0,H,13,13,3,5,1.16,8.5,21.0,7477,1.76757,1.36928,Mauricio Pochettino,Javi Gracia
1267,2017/18,2017-11-25,Tottenham,West Brom,1,1,D,24,5,5,2,1.25,6.0,16.0,7239,1.91526,0.71711,Mauricio Pochettino,Gary Megson
1360,2017/18,2018-01-04,Tottenham,West Ham,1,1,D,31,3,8,1,1.25,6.0,10.0,7326,1.64908,0.612933,Mauricio Pochettino,David Moyes
1217,2017/18,2017-10-14,Watford,Arsenal,2,1,H,11,9,2,6,5.25,4.33,1.65,7198,1.63418,0.988468,Marco Silva,Arsène Wenger
1450,2017/18,2018-03-31,Watford,Bournemouth,2,2,D,16,13,5,6,2.29,3.29,3.1,7437,0.76133,2.1146,Javi Gracia,Eddie Howe
1166,2017/18,2017-08-26,Watford,Brighton,0,0,D,8,16,0,2,1.91,3.4,4.0,7143,0.281459,0.952357,Marco Silva,Chris Hughton
1461,2017/18,2018-04-07,Watford,Burnley,1,2,A,14,7,5,4,2.39,3.2,3.39,7447,1.36685,1.38319,Javi Gracia,Sean Dyche
1400,2017/18,2018-02-05,Watford,Chelsea,4,1,H,21,7,8,3,6.25,4.0,1.61,7377,2.12696,0.573557,Javi Gracia,Antonio Conte
1479,2017/18,2018-04-21,Watford,Crystal Palace,0,0,D,14,6,4,1,2.89,3.39,2.54,7467,0.59455,0.182325,Javi Gracia,Roy Hodgson
1416,2017/18,2018-02-24,Watford,Everton,1,0,H,13,7,5,2,2.25,3.39,3.5,7392,0.606929,0.665127,Javi Gracia,Sam Allardyce
1317,2017/18,2017-12-16,Watford,Huddersfield,1,4,A,13,15,3,9,1.8,3.75,5.0,7296,0.589103,3.49193,Marco Silva,David Wagner
1337,2017/18,2017-12-26,Watford,Leicester,2,1,H,11,11,1,5,2.54,3.5,2.87,7317,1.43009,1.54771,Marco Silva,Claude Puel
1147,2017/18,2017-08-12,Watford,Liverpool,3,3,D,9,14,4,5,6.0,4.2,1.62,7120,2.17647,2.61549,Marco Silva,Jürgen Klopp
1187,2017/18,2017-09-16,Watford,Man City,0,6,A,7,28,1,10,9.0,6.0,1.33,7164,0.803933,3.99349,Marco Silva,Pep Guardiola
1273,2017/18,2017-11-28,Watford,Man United,2,4,A,12,15,3,7,5.25,3.89,1.72,7251,1.29277,1.63491,Marco Silva,José Mourinho
1500,2017/18,2018-05-05,Watford,Newcastle,2,1,H,11,9,8,1,2.37,3.39,3.2,7482,2.81246,0.613901,Javi Gracia,Rafael Benítez
1366,2017/18,2018-01-13,Watford,Southampton,2,2,D,16,10,4,4,2.5,3.39,3.0,7347,1.67369,0.857637,Marco Silva,Mauricio Pellegrino
1236,2017/18,2017-10-28,Watford,Stoke,0,1,A,13,6,0,2,2.04,3.6,3.79,7216,1.13448,0.778883,Marco Silva,Mark Hughes
1347,2017/18,2017-12-30,Watford,Swansea,1,2,A,9,9,4,4,1.66,3.79,6.0,7327,1.17794,1.31479,Marco Silva,Carlos Carvalhal
1287,2017/18,2017-12-02,Watford,Tottenham,1,1,D,6,8,2,2,5.0,4.0,1.72,7264,0.352672,0.788817,Marco Silva,Mauricio Pochettino
1427,2017/18,2018-03-03,Watford,West Brom,1,0,H,15,9,4,2,2.14,3.29,3.89,7408,1.23526,1.09115,Javi Gracia,Alan Pardew
1259,2017/18,2017-11-19,Watford,West Ham,2,0,H,17,10,7,6,2.1,3.5,3.75,7230,1.24547,1.43369,Marco Silva,David Moyes
1349,2017/18,2017-12-31,West Brom,Arsenal,1,1,D,14,14,3,4,5.0,4.0,1.72,7328,1.39429,0.917801,Alan Pardew,Arsène Wenger
1148,2017/18,2017-08-12,West Brom,Bournemouth,1,0,H,16,9,6,2,2.4,3.3,3.3,7121,1.18399,0.378659,Tony Pulis,Eddie Howe
1367,2017/18,2018-01-13,West Brom,Brighton,2,0,H,15,13,4,1,2.14,3.0,4.33,7348,1.38478,0.530765,Alan Pardew,Chris Hughton
1451,2017/18,2018-03-31,West Brom,Burnley,1,2,A,8,11,3,4,2.5,3.0,3.1,7438,0.394723,1.41534,Alan Pardew,Sean Dyche
1258,2017/18,2017-11-18,West Brom,Chelsea,0,4,A,7,11,2,7,6.5,4.0,1.61,7229,0.590655,1.71709,Tony Pulis,Antonio Conte
1288,2017/18,2017-12-02,West Brom,Crystal Palace,0,0,D,20,10,6,2,2.5,3.2,3.2,7265,1.65178,0.80924,Alan Pardew,Roy Hodgson
1338,2017/18,2017-12-26,West Brom,Everton,0,0,D,17,7,3,3,2.54,3.2,3.1,7318,1.18168,0.405775,Alan Pardew,Sam Allardyce
1417,2017/18,2018-02-24,West Brom,Huddersfield,1,2,A,10,16,3,7,1.95,3.29,4.75,7394,1.50162,1.18101,Alan Pardew,David Wagner
1436,2017/18,2018-03-10,West Brom,Leicester,1,4,A,6,14,2,6,3.0,3.25,2.6,7417,0.360925,1.86524,Alan Pardew,Claude Puel
1480,2017/18,2018-04-21,West Brom,Liverpool,2,2,D,13,9,6,3,7.5,4.5,1.5,7468,1.39669,1.6393,Darren Moore,Jürgen Klopp
1237,2017/18,2017-10-28,West Brom,Man City,2,3,A,6,15,4,5,11.0,6.5,1.28,7215,1.11852,2.77085,Tony Pulis,Pep Guardiola
1319,2017/18,2017-12-17,West Brom,Man United,1,2,A,12,8,5,3,6.5,4.0,1.6,7295,1.076,0.898984,Alan Pardew,José Mourinho
1274,2017/18,2017-11-28,West Brom,Newcastle,2,2,D,8,14,4,4,2.37,3.1,3.5,7252,0.845327,1.1342,Gary Megson,Rafael Benítez
1397,2017/18,2018-02-03,West Brom,Southampton,2,3,A,9,13,3,5,2.54,3.2,3.1,7378,0.876603,0.99695,Alan Pardew,Mauricio Pellegrino
1170,2017/18,2017-08-27,West Brom,Stoke,1,1,D,10,16,2,2,2.4,3.1,3.5,7146,0.875132,0.980905,Tony Pulis,Mark Hughes
1462,2017/18,2018-04-07,West Brom,Swansea,1,1,D,15,7,3,1,2.37,3.2,3.39,7448,1.22912,0.655729,Darren Moore,Carlos Carvalhal
1501,2017/18,2018-05-05,West Brom,Tottenham,1,0,H,9,18,1,5,8.0,4.75,1.44,7483,1.21792,0.969481,Darren Moore,Mauricio Pochettino
1206,2017/18,2017-09-30,West Brom,Watford,2,2,D,9,15,4,3,2.15,3.2,3.5,7182,1.93896,1.62462,Tony Pulis,Marco Silva
1188,2017/18,2017-09-16,West Brom,West Ham,0,0,D,6,9,1,1,2.38,3.25,3.4,7165,0.781891,0.266344,Tony Pulis,Slaven Bilic
1310,2017/18,2017-12-13,West Ham,Arsenal,0,0,D,6,22,0,3,5.25,4.2,1.66,7286,0.405172,1.02186,David Moyes,Arsène Wenger
1378,2017/18,2018-01-20,West Ham,Bournemouth,1,1,D,12,8,4,3,2.0,3.6,4.0,7358,0.980241,0.501886,David Moyes,Eddie Howe
1221,2017/18,2017-10-20,West Ham,Brighton,0,3,A,16,7,2,5,1.83,3.5,5.25,7208,0.569111,1.98345,Slaven Bilic,Chris Hughton
1437,2017/18,2018-03-10,West Ham,Burnley,0,3,A,13,7,4,4,2.29,3.2,3.6,7418,0.72673,1.41929,David Moyes,Sean Dyche
1297,2017/18,2017-12-09,West Ham,Chelsea,1,0,H,5,19,2,2,7.5,4.5,1.5,7269,0.418127,1.18891,David Moyes,Antonio Conte
1383,2017/18,2018-01-30,West Ham,Crystal Palace,1,1,D,8,9,3,3,3.1,3.25,2.54,7360,1.11632,1.15809,David Moyes,Roy Hodgson
1520,2017/18,2018-05-13,West Ham,Everton,3,1,H,15,14,4,7,2.45,3.5,3.0,7489,1.18299,1.67867,David Moyes,Sam Allardyce
1180,2017/18,2017-09-11,West Ham,Huddersfield,2,0,H,19,10,3,2,1.95,3.5,4.5,7158,1.94969,0.339338,Slaven Bilic,David Wagner
1261,2017/18,2017-11-24,West Ham,Leicester,1,1,D,8,7,4,2,2.7,3.39,2.75,7247,0.775297,0.453851,David Moyes,Claude Puel
1246,2017/18,2017-11-04,West Ham,Liverpool,1,4,A,6,15,1,7,5.25,4.33,1.66,7227,1.13045,2.8773,Slaven Bilic,Jürgen Klopp
1493,2017/18,2018-04-29,West Ham,Man City,1,4,A,4,19,1,7,10.0,5.75,1.33,7478,0.228917,2.29076,David Moyes,Pep Guardiola
1510,2017/18,2018-05-10,West Ham,Man United,0,0,D,9,16,2,6,4.75,3.79,1.8,7428,0.783043,0.596075,David Moyes,José Mourinho
1330,2017/18,2017-12-23,West Ham,Newcastle,2,3,A,19,11,6,4,2.1,3.39,3.89,7300,2.31898,1.90622,David Moyes,Rafael Benítez
1452,2017/18,2018-03-31,West Ham,Southampton,3,0,H,13,9,5,0,2.7,3.25,2.6,7434,1.44971,0.446641,David Moyes,Mark Hughes
1474,2017/18,2018-04-16,West Ham,Stoke,1,1,D,18,11,6,7,2.0,3.6,4.0,7458,0.807456,1.41085,David Moyes,Paul Lambert
1207,2017/18,2017-09-30,West Ham,Swansea,1,0,H,9,6,4,1,1.8,3.5,4.5,7183,0.692185,0.178568,Slaven Bilic,Paul Clement
1198,2017/18,2017-09-23,West Ham,Tottenham,2,3,A,10,15,4,5,6.0,4.33,1.6,7169,0.67667,1.45327,Slaven Bilic,Mauricio Pochettino
1406,2017/18,2018-02-10,West Ham,Watford,2,0,H,8,11,4,4,2.5,3.29,2.79,7388,1.83359,0.799928,David Moyes,Javi Gracia
1358,2017/18,2018-01-02,West Ham,West Brom,2,1,H,13,10,5,3,1.9,3.39,4.09,7329,1.0594,0.63538,David Moyes,Alan Pardew
1794,2018/19,2019-02-27,Arsenal,Bournemouth,5,1,H,16,13,6,5,1.44,5.0,7.5,9470,3.18716,0.88618,Unai Emery,Eddie Howe
1887,2018/19,2019-05-05,Arsenal,Brighton,1,1,D,20,11,8,5,1.4,5.0,9.0,9566,2.36178,1.90585,Unai Emery,Chris Hughton
1692,2018/19,2018-12-22,Arsenal,Burnley,3,1,H,10,7,6,2,1.25,6.5,15.0,9376,1.4656,1.03237,Unai Emery,Sean Dyche
1751,2018/19,2019-01-29,Arsenal,Cardiff,2,1,H,15,19,4,2,1.22,7.0,15.0,9431,2.69339,0.597893,Unai Emery,Neil Warnock
1741,2018/19,2019-01-19,Arsenal,Chelsea,2,0,H,13,13,5,1,3.1,3.6,2.37,9426,2.09412,0.755304,Unai Emery,Maurizio Sarri
1863,2018/19,2019-04-21,Arsenal,Crystal Palace,2,3,A,12,16,5,7,1.53,4.6,6.5,9546,1.54245,2.56216,Unai Emery,Roy Hodgson
1579,2018/19,2018-09-23,Arsenal,Everton,2,0,H,9,9,5,6,1.44,5.0,7.5,9256,0.930544,1.06523,Unai Emery,Marco Silva
1721,2018/19,2019-01-01,Arsenal,Fulham,4,1,H,16,9,9,4,1.33,5.75,9.5,9406,4.43325,1.71312,Unai Emery,Claudio Ranieri
1671,2018/19,2018-12-08,Arsenal,Huddersfield,1,0,H,14,6,2,0,1.28,6.0,12.0,9356,2.02156,0.308361,Unai Emery,David Wagner
1610,2018/19,2018-10-22,Arsenal,Leicester,3,1,H,19,8,6,2,1.53,4.5,6.5,9286,2.91637,0.932491,Unai Emery,Claude Puel
1621,2018/19,2018-11-03,Arsenal,Liverpool,1,1,D,12,13,4,4,3.9,3.9,1.95,9303,1.62321,1.19558,Unai Emery,Jürgen Klopp
1528,2018/19,2018-08-12,Arsenal,Man City,0,2,A,9,17,3,8,4.0,3.8,1.95,9206,0.445187,2.0178,Unai Emery,Pep Guardiola
1817,2018/19,2019-03-10,Arsenal,Man United,2,0,H,14,14,3,4,2.4,3.6,3.0,9496,1.52723,2.3703,Unai Emery,Ole Gunnar Solskjær
1834,2018/19,2019-04-01,Arsenal,Newcastle,2,0,H,7,3,4,1,1.36,5.25,9.5,9507,1.04458,0.0441445,Unai Emery,Rafael Benítez
1788,2018/19,2019-02-24,Arsenal,Southampton,2,0,H,12,10,4,4,1.5,4.75,7.0,9466,2.35088,0.613167,Unai Emery,Ralph Hasenhüttl
1658,2018/19,2018-12-02,Arsenal,Tottenham,4,2,H,22,11,7,6,2.62,3.6,2.75,9336,2.71421,1.0926,Unai Emery,Mauricio Pochettino
1581,2018/19,2018-09-29,Arsenal,Watford,2,0,H,9,13,2,4,1.44,5.1,7.0,9263,1.57061,2.62141,Unai Emery,Javi Gracia
1541,2018/19,2018-08-25,Arsenal,West Ham,3,1,H,17,13,10,5,1.36,5.5,9.0,9222,1.7852,1.17924,Unai Emery,Manuel Pellegrini
1637,2018/19,2018-11-11,Arsenal,Wolves,1,1,D,10,12,3,5,1.66,4.2,5.25,9316,0.965843,1.86549,Unai Emery,Nuno Espírito Santo
1648,2018/19,2018-11-25,Bournemouth,Arsenal,1,2,A,11,20,5,4,3.5,3.75,1.95,9324,0.650884,1.71044,Eddie Howe,Unai Emery
1693,2018/19,2018-12-22,Bournemouth,Brighton,2,0,H,14,10,3,5,1.9,3.7,4.33,9375,0.892502,0.825478,Eddie Howe,Chris Hughton
1841,2018/19,2019-04-06,Bournemouth,Burnley,1,3,A,10,11,2,3,2.1,3.6,3.75,9526,1.20888,1.38919,Eddie Howe,Sean Dyche
1522,2018/19,2018-08-11,Bournemouth,Cardiff,2,0,H,12,10,4,1,1.9,3.6,4.5,9202,2.60022,1.50693,Eddie Howe,Neil Warnock
1757,2018/19,2019-01-30,Bournemouth,Chelsea,4,0,H,12,11,7,7,5.25,4.2,1.66,9430,2.15094,0.718873,Eddie Howe,Maurizio Sarri
1590,2018/19,2018-10-01,Bournemouth,Crystal Palace,2,1,H,11,10,5,2,2.25,3.5,3.4,9266,1.97143,0.385841,Eddie Howe,Roy Hodgson
1542,2018/19,2018-08-25,Bournemouth,Everton,2,2,D,17,11,5,3,2.62,3.6,2.75,9221,2.5887,0.543665,Eddie Howe,Marco Silva
1857,2018/19,2019-04-20,Bournemouth,Fulham,0,1,A,15,17,5,5,1.65,4.4,5.25,9545,2.83739,2.61689,Eddie Howe,Scott Parker
1661,2018/19,2018-12-04,Bournemouth,Huddersfield,2,1,H,6,23,2,6,1.66,3.8,6.0,9338,1.07393,1.5631,Eddie Howe,David Wagner
1561,2018/19,2018-09-15,Bournemouth,Leicester,4,2,H,10,14,5,8,2.45,3.5,3.0,9242,2.22726,1.82502,Eddie Howe,Claude Puel
1672,2018/19,2018-12-08,Bournemouth,Liverpool,0,4,A,8,10,2,4,5.75,4.5,1.6,9355,0.279142,1.80619,Eddie Howe,Jürgen Klopp
1800,2018/19,2019-03-02,Bournemouth,Man City,0,1,A,0,23,0,7,13.0,7.5,1.22,9486,0.0,1.59515,Eddie Howe,Pep Guardiola
1622,2018/19,2018-11-03,Bournemouth,Man United,1,2,A,18,18,7,8,3.6,3.7,2.1,9297,1.928,3.29249,Eddie Howe,José Mourinho
1820,2018/19,2019-03-16,Bournemouth,Newcastle,2,2,D,10,12,3,4,2.05,3.6,3.8,9506,1.61666,1.02847,Eddie Howe,Rafael Benítez
1601,2018/19,2018-10-20,Bournemouth,Southampton,0,0,D,10,8,2,4,2.04,3.7,3.75,9283,0.840403,0.589633,Eddie Howe,Mark Hughes
1882,2018/19,2019-05-04,Bournemouth,Tottenham,1,0,H,20,11,6,5,4.0,4.0,1.9,9565,2.22622,0.713362,Eddie Howe,Mauricio Pochettino
1724,2018/19,2019-01-02,Bournemouth,Watford,3,3,D,25,11,12,3,2.6,3.6,2.75,9405,2.84828,0.977046,Eddie Howe,Javi Gracia
1742,2018/19,2019-01-19,Bournemouth,West Ham,2,0,H,10,9,4,1,2.37,3.7,3.0,9425,1.24835,0.971813,Eddie Howe,Manuel Pellegrini
1784,2018/19,2019-02-23,Bournemouth,Wolves,1,1,D,10,10,3,2,2.87,3.4,2.62,9465,2.13291,1.20286,Eddie Howe,Nuno Espírito Santo
1701,2018/19,2018-12-26,Brighton,Arsenal,1,1,D,12,7,3,4,5.25,3.9,1.72,9386,1.38502,0.789138,Chris Hughton,Unai Emery
1847,2018/19,2019-04-13,Brighton,Bournemouth,0,5,A,8,14,1,7,2.3,3.4,3.4,9536,0.206731,2.76885,Chris Hughton,Eddie Howe
1772,2018/19,2019-02-09,Brighton,Burnley,1,3,A,16,9,6,5,2.05,3.3,4.2,9449,1.31614,1.83041,Chris Hughton,Sean Dyche
1856,2018/19,2019-04-16,Brighton,Cardiff,0,2,A,14,10,2,3,2.0,3.3,4.5,9505,0.588539,0.819472,Chris Hughton,Neil Warnock
1688,2018/19,2018-12-16,Brighton,Chelsea,1,2,A,6,10,2,3,7.5,4.5,1.5,9366,0.26126,1.6111,Chris Hughton,Maurizio Sarri
1662,2018/19,2018-12-04,Brighton,Crystal Palace,3,1,H,9,18,3,5,3.0,3.1,2.7,9337,1.2521,1.5329,Chris Hughton,Roy Hodgson
1711,2018/19,2018-12-29,Brighton,Everton,1,0,H,11,13,3,4,3.25,3.4,2.14,9396,1.60311,0.655851,Chris Hughton,Marco Silva
1551,2018/19,2018-09-01,Brighton,Fulham,2,2,D,15,10,5,5,2.3,3.4,3.4,9233,2.68216,1.51555,Chris Hughton,Slavisa Jokanovic
1801,2018/19,2019-03-02,Brighton,Huddersfield,1,0,H,13,6,4,4,1.85,3.4,5.25,9485,1.39896,0.2014,Chris Hughton,Jan Siewert
1641,2018/19,2018-11-24,Brighton,Leicester,1,1,D,14,8,3,3,2.9,3.4,2.6,9322,0.862315,1.12521,Chris Hughton,Claude Puel
1731,2018/19,2019-01-12,Brighton,Liverpool,0,1,A,7,10,0,3,11.0,6.0,1.3,9416,0.384198,2.2665,Chris Hughton,Jürgen Klopp
1891,2018/19,2019-05-12,Brighton,Man City,1,4,A,6,20,2,9,19.0,8.5,1.16,9576,0.595313,2.22234,Chris Hughton,Pep Guardiola
1537,2018/19,2018-08-19,Brighton,Man United,3,2,H,6,9,3,3,5.5,3.6,1.75,9215,1.63672,1.56579,Chris Hughton,José Mourinho
1872,2018/19,2019-04-27,Brighton,Newcastle,1,1,D,9,9,2,1,2.3,3.2,3.6,9556,1.20482,0.43797,Chris Hughton,Rafael Benítez
1825,2018/19,2019-03-30,Brighton,Southampton,0,1,A,14,8,1,2,2.55,3.2,3.1,9516,0.560521,0.857436,Chris Hughton,Ralph Hasenhüttl
1571,2018/19,2018-09-22,Brighton,Tottenham,1,2,A,8,16,4,7,5.0,4.0,1.75,9254,0.817174,2.11655,Chris Hughton,Mauricio Pochettino
1761,2018/19,2019-02-02,Brighton,Watford,0,0,D,21,5,4,0,2.55,3.3,3.0,9446,1.83528,0.279297,Chris Hughton,Javi Gracia
1591,2018/19,2018-10-05,Brighton,West Ham,1,0,H,9,17,4,4,2.7,3.3,2.87,9267,1.02566,1.43652,Chris Hughton,Manuel Pellegrini
1611,2018/19,2018-10-27,Brighton,Wolves,1,0,H,2,25,1,7,3.2,3.2,2.5,9290,1.01337,1.38027,Chris Hughton,Nuno Espírito Santo
1892,2018/19,2019-05-12,Burnley,Arsenal,1,3,A,14,17,5,6,3.25,3.8,2.2,9575,1.72939,2.87276,Sean Dyche,Unai Emery
1572,2018/19,2018-09-22,Burnley,Bournemouth,4,0,H,12,19,5,5,3.0,3.4,2.5,9253,2.29417,0.976413,Sean Dyche,Eddie Howe
1673,2018/19,2018-12-08,Burnley,Brighton,1,0,H,14,14,4,1,2.9,3.2,2.75,9354,1.81251,0.951507,Sean Dyche,Chris Hughton
1848,2018/19,2019-04-13,Burnley,Cardiff,2,0,H,14,14,7,2,1.9,3.6,4.5,9535,2.84358,0.872224,Sean Dyche,Neil Warnock
1617,2018/19,2018-10-28,Burnley,Chelsea,0,4,A,7,24,1,8,11.0,5.0,1.36,9295,0.269828,3.01621,Sean Dyche,Maurizio Sarri
1802,2018/19,2019-03-02,Burnley,Crystal Palace,1,3,A,18,10,4,4,2.8,3.3,2.75,9484,1.90872,0.706284,Sean Dyche,Roy Hodgson
1702,2018/19,2018-12-26,Burnley,Everton,1,5,A,11,13,4,6,4.33,3.5,1.95,9385,1.88646,1.8875,Sean Dyche,Marco Silva
1732,2018/19,2019-01-12,Burnley,Fulham,2,1,H,11,12,0,4,2.4,3.3,3.25,9415,0.809801,0.903255,Sean Dyche,Claudio Ranieri
1592,2018/19,2018-10-06,Burnley,Huddersfield,1,1,D,6,19,3,2,2.14,3.1,4.2,9272,0.353128,1.02549,Sean Dyche,David Wagner
1821,2018/19,2019-03-16,Burnley,Leicester,1,2,A,13,9,2,4,3.1,3.4,2.45,9504,1.17008,0.608954,Sean Dyche,Brendan Rodgers
1665,2018/19,2018-12-05,Burnley,Liverpool,1,3,A,10,18,6,12,14.0,5.75,1.28,9343,1.05809,2.73897,Sean Dyche,Jürgen Klopp
1878,2018/19,2019-04-28,Burnley,Man City,0,1,A,2,25,0,7,23.0,9.0,1.14,9555,0.0899809,2.34878,Sean Dyche,Pep Guardiola
1558,2018/19,2018-09-02,Burnley,Man United,0,2,A,9,21,2,9,6.0,3.75,1.7,9232,1.09923,2.90359,Sean Dyche,José Mourinho
1650,2018/19,2018-11-26,Burnley,Newcastle,1,2,A,14,17,4,3,2.9,3.2,2.75,9326,1.49487,1.67701,Sean Dyche,Rafael Benítez
1762,2018/19,2019-02-02,Burnley,Southampton,1,1,D,15,10,6,4,2.55,3.5,2.87,9445,2.00175,0.787747,Sean Dyche,Ralph Hasenhüttl
1785,2018/19,2019-02-23,Burnley,Tottenham,2,1,H,10,17,4,6,5.75,3.8,1.7,9464,1.08514,0.845211,Sean Dyche,Mauricio Pochettino
1538,2018/19,2018-08-19,Burnley,Watford,1,3,A,8,9,3,6,2.45,3.1,3.4,9214,0.392642,1.9171,Sean Dyche,Javi Gracia
1717,2018/19,2018-12-30,Burnley,West Ham,2,0,H,17,11,5,4,3.3,3.2,2.25,9395,2.89884,0.656044,Sean Dyche,Manuel Pellegrini
1826,2018/19,2019-03-30,Burnley,Wolves,2,0,H,5,8,1,1,3.2,3.25,2.45,9515,0.572695,0.397928,Sean Dyche,Nuno Espírito Santo
1559,2018/19,2018-09-02,Cardiff,Arsenal,2,3,A,14,17,3,11,6.5,4.33,1.57,9235,0.77426,1.41005,Neil Warnock,Unai Emery
1763,2018/19,2019-02-02,Cardiff,Bournemouth,2,0,H,12,9,5,2,3.25,3.5,2.3,9444,2.53093,0.35199,Neil Warnock,Eddie Howe
1631,2018/19,2018-11-10,Cardiff,Brighton,2,1,H,20,7,6,3,2.6,3.1,3.1,9307,1.94297,0.767044,Neil Warnock,Chris Hughton
1589,2018/19,2018-09-30,Cardiff,Burnley,1,2,A,19,3,5,2,2.62,3.0,3.2,9265,1.56707,0.111527,Neil Warnock,Sean Dyche
1832,2018/19,2019-03-31,Cardiff,Chelsea,1,2,A,8,21,3,3,9.0,4.5,1.44,9514,0.446122,2.07834,Neil Warnock,Maurizio Sarri
1883,2018/19,2019-05-04,Cardiff,Crystal Palace,2,3,A,18,21,8,7,2.6,3.75,2.7,9564,1.4996,1.80991,Neil Warnock,Roy Hodgson
1790,2018/19,2019-02-26,Cardiff,Everton,0,3,A,6,12,0,4,3.75,3.4,2.15,9469,0.219359,1.14212,Neil Warnock,Marco Silva
1602,2018/19,2018-10-20,Cardiff,Fulham,4,2,H,22,9,5,4,2.5,3.5,2.95,9282,1.7562,0.947712,Neil Warnock,Slavisa Jokanovic
1733,2018/19,2019-01-12,Cardiff,Huddersfield,0,0,D,3,14,0,2,2.25,3.25,3.6,9414,0.124558,0.39468,Neil Warnock,David Wagner
1623,2018/19,2018-11-03,Cardiff,Leicester,0,1,A,11,13,2,5,3.8,3.4,2.14,9302,0.922262,2.18288,Neil Warnock,Claude Puel
1864,2018/19,2019-04-21,Cardiff,Liverpool,0,2,A,7,17,2,6,17.0,7.5,1.2,9544,1.1187,2.42404,Neil Warnock,Jürgen Klopp
1573,2018/19,2018-09-22,Cardiff,Man City,0,5,A,2,21,2,10,23.0,8.0,1.16,9252,0.0980726,3.08415,Neil Warnock,Pep Guardiola
1694,2018/19,2018-12-22,Cardiff,Man United,1,5,A,9,17,3,9,6.5,4.2,1.57,9374,1.27173,2.72523,Neil Warnock,Ole Gunnar Solskjær
1531,2018/19,2018-08-18,Cardiff,Newcastle,0,0,D,12,12,1,6,3.25,3.1,2.54,9207,1.15521,1.55405,Neil Warnock,Rafael Benítez
1674,2018/19,2018-12-08,Cardiff,Southampton,1,0,H,13,12,4,1,2.9,3.25,2.7,9353,1.55832,0.501128,Neil Warnock,Ralph Hasenhüttl
1722,2018/19,2019-01-01,Cardiff,Tottenham,0,3,A,6,13,3,4,7.5,4.5,1.5,9404,1.0789,1.38282,Neil Warnock,Mauricio Pochettino
1782,2018/19,2019-02-22,Cardiff,Watford,1,5,A,15,12,6,7,3.1,3.4,2.45,9463,1.90045,2.75798,Neil Warnock,Javi Gracia
1810,2018/19,2019-03-09,Cardiff,West Ham,2,0,H,16,9,7,2,3.6,3.5,2.15,9495,3.49275,0.295869,Neil Warnock,Manuel Pellegrini
1651,2018/19,2018-11-30,Cardiff,Wolves,2,1,H,17,15,3,4,3.8,3.25,2.2,9335,1.09264,0.987623,Neil Warnock,Nuno Espírito Santo
1532,2018/19,2018-08-18,Chelsea,Arsenal,3,2,H,24,15,11,6,1.8,4.0,4.5,9212,1.71799,2.45798,Maurizio Sarri,Unai Emery
1552,2018/19,2018-09-01,Chelsea,Bournemouth,2,0,H,24,8,6,1,1.3,6.0,11.0,9231,1.16408,0.950959,Maurizio Sarri,Eddie Howe
1837,2018/19,2019-04-03,Chelsea,Brighton,3,0,H,17,3,4,1,1.25,6.5,15.0,9462,3.12416,0.440898,Maurizio Sarri,Chris Hughton
1866,2018/19,2019-04-22,Chelsea,Burnley,2,2,D,22,6,9,3,1.25,6.25,15.0,9543,1.28197,0.788788,Maurizio Sarri,Sean Dyche
1562,2018/19,2018-09-15,Chelsea,Cardiff,4,1,H,18,6,7,2,1.18,8.0,19.0,9241,2.67145,0.8276,Maurizio Sarri,Neil Warnock
1628,2018/19,2018-11-04,Chelsea,Crystal Palace,3,1,H,15,7,6,2,1.25,6.75,13.0,9305,1.88741,0.454547,Maurizio Sarri,Roy Hodgson
1638,2018/19,2018-11-11,Chelsea,Everton,0,0,D,15,6,4,1,1.4,5.25,8.5,9314,1.16298,0.198027,Maurizio Sarri,Marco Silva
1659,2018/19,2018-12-02,Chelsea,Fulham,2,0,H,16,9,9,4,1.18,8.0,17.0,9334,2.17105,0.285256,Maurizio Sarri,Claudio Ranieri
1764,2018/19,2019-02-02,Chelsea,Huddersfield,5,0,H,23,5,7,2,1.2,7.5,19.0,9443,2.94236,0.260391,Maurizio Sarri,Jan Siewert
1695,2018/19,2018-12-22,Chelsea,Leicester,0,1,A,17,8,5,3,1.33,5.5,11.0,9373,2.40458,0.456492,Maurizio Sarri,Claude Puel
1582,2018/19,2018-09-29,Chelsea,Liverpool,1,1,D,10,13,4,6,2.8,3.6,2.54,9264,1.77638,1.74071,Maurizio Sarri,Jürgen Klopp
1675,2018/19,2018-12-08,Chelsea,Man City,2,0,H,8,14,5,4,4.0,3.8,1.95,9352,0.526329,0.740048,Maurizio Sarri,Pep Guardiola
1603,2018/19,2018-10-20,Chelsea,Man United,2,2,D,21,7,6,4,1.75,3.8,5.25,9277,2.21163,1.11454,Maurizio Sarri,José Mourinho
1734,2018/19,2019-01-12,Chelsea,Newcastle,2,1,H,10,9,6,2,1.22,7.0,15.0,9413,1.32355,0.395148,Maurizio Sarri,Rafael Benítez
1725,2018/19,2019-01-02,Chelsea,Southampton,0,0,D,17,6,6,2,1.28,6.5,11.0,9403,0.850791,0.158168,Maurizio Sarri,Ralph Hasenhüttl
1795,2018/19,2019-02-27,Chelsea,Tottenham,2,0,H,11,9,1,0,2.3,3.5,3.25,9474,0.625978,0.722229,Maurizio Sarri,Mauricio Pochettino
1888,2018/19,2019-05-05,Chelsea,Watford,3,0,H,19,15,9,3,1.4,5.25,8.0,9563,2.96478,1.2712,Maurizio Sarri,Javi Gracia
1845,2018/19,2019-04-08,Chelsea,West Ham,2,0,H,16,9,7,2,1.33,5.75,9.5,9525,2.23287,0.471195,Maurizio Sarri,Manuel Pellegrini
1818,2018/19,2019-03-10,Chelsea,Wolves,1,1,D,22,2,6,1,1.55,4.2,7.0,9494,1.0471,0.609079,Maurizio Sarri,Nuno Espírito Santo
1618,2018/19,2018-10-28,Crystal Palace,Arsenal,2,2,D,16,7,3,2,4.75,4.1,1.75,9294,2.38115,0.845197,Roy Hodgson,Unai Emery
1893,2018/19,2019-05-12,Crystal Palace,Bournemouth,5,3,H,17,16,8,8,1.9,4.2,3.8,9574,2.85899,1.8981,Roy Hodgson,Eddie Howe
1811,2018/19,2019-03-09,Crystal Palace,Brighton,1,2,A,15,4,3,3,1.83,3.6,5.0,9493,1.44291,0.129312,Roy Hodgson,Chris Hughton
1652,2018/19,2018-12-01,Crystal Palace,Burnley,2,0,H,29,4,9,0,1.61,3.9,6.5,9333,2.03785,0.302477,Roy Hodgson,Sean Dyche
1703,2018/19,2018-12-26,Crystal Palace,Cardiff,0,0,D,31,9,5,4,1.66,4.0,5.75,9384,2.43202,1.05926,Roy Hodgson,Neil Warnock
1718,2018/19,2018-12-30,Crystal Palace,Chelsea,0,1,A,4,12,0,4,4.75,4.0,1.66,9394,0.199002,0.741471,Roy Hodgson,Maurizio Sarri
1873,2018/19,2019-04-27,Crystal Palace,Everton,0,0,D,8,22,0,3,2.62,3.5,2.8,9554,0.261344,1.15217,Roy Hodgson,Marco Silva
1765,2018/19,2019-02-02,Crystal Palace,Fulham,2,0,H,17,8,6,0,2.05,3.5,4.0,9442,2.19582,0.560836,Roy Hodgson,Claudio Ranieri
1827,2018/19,2019-03-30,Crystal Palace,Huddersfield,2,0,H,19,15,5,5,1.45,4.4,9.0,9513,2.84701,0.926991,Roy Hodgson,Jan Siewert
1681,2018/19,2018-12-15,Crystal Palace,Leicester,1,0,H,8,12,1,2,2.62,3.2,3.0,9365,0.39698,0.895305,Roy Hodgson,Claude Puel
1540,2018/19,2018-08-20,Crystal Palace,Liverpool,0,2,A,8,16,2,6,7.0,5.0,1.44,9216,0.368608,2.82183,Roy Hodgson,Jürgen Klopp
1853,2018/19,2019-04-14,Crystal Palace,Man City,1,3,A,7,20,3,6,11.0,6.0,1.3,9534,0.318169,2.86236,Roy Hodgson,Pep Guardiola
1796,2018/19,2019-02-27,Crystal Palace,Man United,1,3,A,17,13,2,4,3.25,3.5,2.3,9471,1.69334,1.54089,Roy Hodgson,Ole Gunnar Solskjær
1574,2018/19,2018-09-22,Crystal Palace,Newcastle,0,0,D,16,6,4,3,2.14,3.4,3.75,9251,0.930793,0.229309,Roy Hodgson,Rafael Benítez
1553,2018/19,2018-09-01,Crystal Palace,Southampton,0,2,A,20,19,6,6,2.0,3.5,4.2,9230,2.35193,3.13612,Roy Hodgson,Mark Hughes
1632,2018/19,2018-11-10,Crystal Palace,Tottenham,0,1,A,11,11,4,2,4.5,3.75,1.85,9312,0.688016,1.55381,Roy Hodgson,Mauricio Pochettino
1735,2018/19,2019-01-12,Crystal Palace,Watford,1,2,A,15,16,6,2,2.25,3.4,3.5,9412,1.1617,1.56262,Roy Hodgson,Javi Gracia
1773,2018/19,2019-02-09,Crystal Palace,West Ham,1,1,D,25,6,5,4,2.1,3.5,3.75,9448,2.68412,1.74711,Roy Hodgson,Manuel Pellegrini
1593,2018/19,2018-10-06,Crystal Palace,Wolves,0,1,A,11,7,4,2,3.0,3.2,2.62,9271,1.03714,0.755654,Roy Hodgson,Nuno Espírito Santo
1844,2018/19,2019-04-07,Everton,Arsenal,1,0,H,23,7,6,2,3.0,3.75,2.35,9524,2.69396,0.201885,Marco Silva,Unai Emery
1738,2018/19,2019-01-13,Everton,Bournemouth,2,0,H,15,16,3,7,1.75,4.0,4.8,9411,1.7814,1.52828,Marco Silva,Eddie Howe
1624,2018/19,2018-11-03,Everton,Brighton,3,1,H,14,5,3,3,1.61,4.0,6.5,9301,2.59305,0.676348,Marco Silva,Chris Hughton
1881,2018/19,2019-05-03,Everton,Burnley,2,0,H,20,5,6,1,1.66,4.0,5.75,9562,1.76461,0.473292,Marco Silva,Sean Dyche
1642,2018/19,2018-11-24,Everton,Cardiff,1,0,H,16,7,8,1,1.4,5.0,9.0,9321,2.48066,0.879108,Marco Silva,Neil Warnock
1823,2018/19,2019-03-17,Everton,Chelsea,2,0,H,15,16,8,5,4.0,3.8,1.95,9503,2.24031,1.24394,Marco Silva,Maurizio Sarri
1609,2018/19,2018-10-21,Everton,Crystal Palace,2,0,H,20,7,4,3,1.85,3.6,4.75,9285,1.92794,1.50174,Marco Silva,Roy Hodgson
1583,2018/19,2018-09-29,Everton,Fulham,3,0,H,19,6,6,0,1.75,4.2,4.75,9262,2.31538,0.536317,Marco Silva,Slavisa Jokanovic
1554,2018/19,2018-09-01,Everton,Huddersfield,1,1,D,11,9,1,6,1.53,4.2,7.5,9229,0.616013,0.660035,Marco Silva,David Wagner
1723,2018/19,2019-01-01,Everton,Leicester,0,1,A,17,8,2,4,2.0,3.5,4.2,9402,0.871304,0.644144,Marco Silva,Claude Puel
1807,2018/19,2019-03-03,Everton,Liverpool,0,0,D,7,10,3,3,6.0,4.2,1.61,9483,0.241879,0.811272,Marco Silva,Jürgen Klopp
1771,2018/19,2019-02-06,Everton,Man City,0,2,A,4,15,1,4,10.0,6.25,1.3,9461,0.111559,2.60922,Marco Silva,Pep Guardiola
1865,2018/19,2019-04-21,Everton,Man United,4,0,H,15,7,8,1,3.25,3.5,2.3,9542,1.5204,0.305982,Marco Silva,Ole Gunnar Solskjær
1666,2018/19,2018-12-05,Everton,Newcastle,1,1,D,19,8,3,5,1.6,4.0,6.5,9345,2.10943,1.52214,Marco Silva,Rafael Benítez
1533,2018/19,2018-08-18,Everton,Southampton,2,1,H,13,15,7,4,1.9,3.5,4.75,9211,2.02004,1.77471,Marco Silva,Mark Hughes
1700,2018/19,2018-12-23,Everton,Tottenham,2,6,A,10,17,3,8,3.25,3.5,2.3,9372,1.00121,2.55514,Marco Silva,Mauricio Pochettino
1680,2018/19,2018-12-10,Everton,Watford,2,2,D,12,15,5,3,1.8,3.75,5.0,9351,1.72686,1.63043,Marco Silva,Javi Gracia
1568,2018/19,2018-09-16,Everton,West Ham,1,3,A,16,9,4,4,2.0,3.75,3.9,9245,1.26774,1.52437,Marco Silva,Manuel Pellegrini
1766,2018/19,2019-02-02,Everton,Wolves,1,3,A,13,8,4,4,2.37,3.4,3.25,9441,1.36252,1.85729,Marco Silva,Nuno Espírito Santo
1598,2018/19,2018-10-07,Fulham,Arsenal,1,5,A,21,9,4,7,5.25,4.33,1.66,9274,1.31588,1.13706,Slavisa Jokanovic,Unai Emery
1612,2018/19,2018-10-27,Fulham,Bournemouth,0,3,A,11,12,1,5,2.9,3.75,2.4,9289,0.383833,2.10555,Slavisa Jokanovic,Eddie Howe
1752,2018/19,2019-01-29,Fulham,Brighton,4,2,H,24,15,7,6,2.37,3.3,3.3,9429,3.46113,2.36867,Claudio Ranieri,Chris Hughton
1547,2018/19,2018-08-26,Fulham,Burnley,4,2,H,25,12,12,2,2.0,3.4,4.33,9220,1.92459,1.56882,Slavisa Jokanovic,Sean Dyche
1874,2018/19,2019-04-27,Fulham,Cardiff,1,0,H,8,13,2,8,2.4,3.6,3.0,9553,0.519072,1.11322,Scott Parker,Neil Warnock
1808,2018/19,2019-03-03,Fulham,Chelsea,1,2,A,12,20,5,7,6.5,4.5,1.53,9482,0.898469,1.53632,Scott Parker,Maurizio Sarri
1523,2018/19,2018-08-11,Fulham,Crystal Palace,0,2,A,15,10,6,9,2.5,3.4,3.0,9201,0.638076,1.07816,Slavisa Jokanovic,Roy Hodgson
1849,2018/19,2019-04-13,Fulham,Everton,2,0,H,12,8,5,1,5.0,4.0,1.75,9533,1.66303,1.29107,Scott Parker,Marco Silva
1712,2018/19,2018-12-29,Fulham,Huddersfield,1,0,H,14,9,5,5,2.0,3.4,3.75,9393,1.72386,0.276791,Claudio Ranieri,David Wagner
1667,2018/19,2018-12-05,Fulham,Leicester,1,1,D,25,13,7,5,3.0,3.5,2.45,9342,1.47593,1.21575,Claudio Ranieri,Claude Puel
1824,2018/19,2019-03-17,Fulham,Liverpool,1,2,A,7,16,2,6,12.0,7.0,1.25,9502,0.915765,2.73437,Scott Parker,Jürgen Klopp
1828,2018/19,2019-03-30,Fulham,Man City,0,2,A,5,24,0,7,21.0,11.0,1.12,9512,0.661491,2.31513,Scott Parker,Pep Guardiola
1774,2018/19,2019-02-09,Fulham,Man United,0,3,A,15,15,3,7,5.5,4.4,1.61,9447,2.18741,2.13209,Claudio Ranieri,Ole Gunnar Solskjær
1894,2018/19,2019-05-12,Fulham,Newcastle,0,4,A,16,13,2,6,2.5,3.6,2.9,9573,0.569845,1.95921,Scott Parker,Rafael Benítez
1643,2018/19,2018-11-24,Fulham,Southampton,3,2,H,10,19,5,8,2.62,3.5,2.8,9320,1.3875,1.67163,Claudio Ranieri,Mark Hughes
1749,2018/19,2019-01-20,Fulham,Tottenham,1,2,A,12,14,4,5,5.25,3.8,1.75,9424,0.937902,1.93316,Claudio Ranieri,Mauricio Pochettino
1575,2018/19,2018-09-22,Fulham,Watford,1,1,D,15,11,3,6,2.54,3.5,2.9,9247,1.77245,1.76133,Slavisa Jokanovic,Javi Gracia
1682,2018/19,2018-12-15,Fulham,West Ham,0,2,A,16,6,4,3,2.9,3.6,2.5,9364,1.03424,0.75325,Claudio Ranieri,Manuel Pellegrini
1704,2018/19,2018-12-26,Fulham,Wolves,1,1,D,11,14,9,5,3.25,3.4,2.37,9383,1.2769,1.35896,Claudio Ranieri,Nuno Espírito Santo
1775,2018/19,2019-02-09,Huddersfield,Arsenal,1,2,A,15,9,6,4,5.75,4.4,1.6,9456,1.96816,1.46751,Jan Siewert,Unai Emery
1812,2018/19,2019-03-09,Huddersfield,Bournemouth,0,2,A,8,8,1,5,3.4,3.3,2.35,9492,0.339087,2.16389,Jan Siewert,Eddie Howe
1653,2018/19,2018-12-01,Huddersfield,Brighton,1,2,A,7,14,2,6,2.5,3.0,3.4,9332,0.558083,1.67998,David Wagner,Chris Hughton
1726,2018/19,2019-01-02,Huddersfield,Burnley,1,2,A,9,16,2,8,2.14,3.1,4.2,9401,0.621818,2.66309,David Wagner,Sean Dyche
1543,2018/19,2018-08-25,Huddersfield,Cardiff,0,0,D,5,14,1,4,2.37,3.0,3.7,9219,0.203453,1.06351,David Wagner,Neil Warnock
1524,2018/19,2018-08-11,Huddersfield,Chelsea,0,3,A,6,13,1,4,6.5,4.0,1.61,9200,0.396115,2.31427,David Wagner,Maurizio Sarri
1563,2018/19,2018-09-15,Huddersfield,Crystal Palace,0,1,A,15,7,2,2,3.3,3.1,2.5,9240,0.87744,0.746631,David Wagner,Roy Hodgson
1753,2018/19,2019-01-29,Huddersfield,Everton,0,1,A,10,10,2,5,4.0,3.3,2.1,9428,0.73078,1.05995,Jan Siewert,Marco Silva
1630,2018/19,2018-11-05,Huddersfield,Fulham,1,0,H,10,7,2,1,2.3,3.5,3.3,9306,0.51433,0.354166,David Wagner,Slavisa Jokanovic
1842,2018/19,2019-04-06,Huddersfield,Leicester,1,4,A,10,18,4,9,5.0,4.0,1.72,9523,1.62301,3.61876,Jan Siewert,Brendan Rodgers
1604,2018/19,2018-10-20,Huddersfield,Liverpool,0,1,A,13,11,1,2,11.0,5.5,1.33,9284,0.638341,0.663819,David Wagner,Jürgen Klopp
1750,2018/19,2019-01-20,Huddersfield,Man City,0,3,A,5,12,2,4,21.0,8.5,1.16,9423,0.764264,2.01376,Mark Hudson,Pep Guardiola
1889,2018/19,2019-05-05,Huddersfield,Man United,1,1,D,7,23,3,7,11.0,6.0,1.3,9561,0.73663,1.88049,Jan Siewert,Ole Gunnar Solskjær
1683,2018/19,2018-12-15,Huddersfield,Newcastle,0,1,A,15,8,5,5,2.6,3.1,3.1,9363,0.671382,0.931041,David Wagner,Rafael Benítez
1696,2018/19,2018-12-22,Huddersfield,Southampton,1,3,A,16,13,5,6,3.1,3.1,2.6,9371,1.0038,2.60172,David Wagner,Ralph Hasenhüttl
1584,2018/19,2018-09-29,Huddersfield,Tottenham,0,2,A,9,10,5,6,8.5,4.5,1.44,9261,0.339245,2.33733,David Wagner,Mauricio Pochettino
1858,2018/19,2019-04-20,Huddersfield,Watford,1,2,A,13,11,3,6,4.4,3.9,1.85,9541,1.09072,1.08462,Jan Siewert,Javi Gracia
1633,2018/19,2018-11-10,Huddersfield,West Ham,1,1,D,15,12,7,5,3.4,3.25,2.35,9311,1.17524,1.44113,David Wagner,Manuel Pellegrini
1791,2018/19,2019-02-26,Huddersfield,Wolves,1,0,H,15,7,3,0,5.0,3.5,1.85,9468,1.46224,0.573166,Jan Siewert,Nuno Espírito Santo
1879,2018/19,2019-04-28,Leicester,Arsenal,3,0,H,24,6,12,1,2.75,3.6,2.6,9552,3.6797,0.600697,Brendan Rodgers,Unai Emery
1829,2018/19,2019-03-30,Leicester,Bournemouth,2,0,H,18,8,4,2,1.85,3.8,4.5,9511,1.8935,0.790333,Brendan Rodgers,Eddie Howe
1792,2018/19,2019-02-26,Leicester,Brighton,2,1,H,19,15,3,3,1.9,3.5,4.6,9467,1.92171,1.20566,Mike Stowell,Chris Hughton
1634,2018/19,2018-11-10,Leicester,Burnley,0,0,D,22,6,5,1,1.5,4.33,8.0,9310,1.5091,0.368393,Claude Puel,Sean Dyche
1713,2018/19,2018-12-29,Leicester,Cardiff,0,1,A,16,12,7,3,1.55,4.0,6.0,9392,1.51648,0.493212,Claude Puel,Neil Warnock
1895,2018/19,2019-05-12,Leicester,Chelsea,0,0,D,9,14,3,4,2.4,3.75,2.9,9572,0.345306,1.26735,Brendan Rodgers,Maurizio Sarri
1786,2018/19,2019-02-23,Leicester,Crystal Palace,1,4,A,27,7,5,5,2.25,3.4,3.5,9460,0.946697,1.57739,Claude Puel,Roy Hodgson
1594,2018/19,2018-10-06,Leicester,Everton,1,2,A,8,17,2,8,2.2,3.4,3.6,9270,1.10472,1.14952,Claude Puel,Marco Silva
1813,2018/19,2019-03-09,Leicester,Fulham,3,1,H,18,6,8,3,1.57,4.5,6.0,9491,2.13494,0.15103,Brendan Rodgers,Scott Parker
1576,2018/19,2018-09-22,Leicester,Huddersfield,3,1,H,18,9,8,2,1.61,4.0,6.5,9250,1.80404,0.688176,Claude Puel,David Wagner
1555,2018/19,2018-09-01,Leicester,Liverpool,1,2,A,12,10,5,4,7.5,5.0,1.44,9227,0.981217,1.22722,Claude Puel,Jürgen Klopp
1705,2018/19,2018-12-26,Leicester,Man City,2,1,H,10,11,5,4,9.5,5.25,1.36,9382,1.55714,1.34781,Claude Puel,Pep Guardiola
1768,2018/19,2019-02-03,Leicester,Man United,0,1,A,17,10,6,6,3.6,3.5,2.15,9440,1.40067,1.49717,Claude Puel,Ole Gunnar Solskjær
1846,2018/19,2019-04-12,Leicester,Newcastle,0,1,A,12,11,5,5,1.66,4.0,5.75,9532,0.877377,0.945804,Brendan Rodgers,Rafael Benítez
1736,2018/19,2019-01-12,Leicester,Southampton,1,2,A,23,8,6,3,1.95,3.5,4.33,9410,1.75983,1.41659,Claude Puel,Ralph Hasenhüttl
1676,2018/19,2018-12-08,Leicester,Tottenham,0,2,A,11,7,3,2,3.8,3.75,2.0,9350,0.357742,0.917968,Claude Puel,Mauricio Pochettino
1654,2018/19,2018-12-01,Leicester,Watford,2,0,H,7,8,3,0,2.25,3.3,3.6,9331,1.41758,1.19923,Claude Puel,Javi Gracia
1613,2018/19,2018-10-27,Leicester,West Ham,1,1,D,21,11,7,3,2.1,3.5,3.8,9293,1.95344,1.56009,Claude Puel,Manuel Pellegrini
1534,2018/19,2018-08-18,Leicester,Wolves,2,0,H,6,11,2,3,2.04,3.5,3.9,9210,0.222843,1.09349,Claude Puel,Nuno Espírito Santo
1714,2018/19,2018-12-29,Liverpool,Arsenal,5,1,H,15,8,10,2,1.5,4.5,5.75,9391,3.7053,1.08186,Jürgen Klopp,Unai Emery
1776,2018/19,2019-02-09,Liverpool,Bournemouth,3,0,H,20,12,9,2,1.22,7.5,14.0,9455,2.53003,0.390995,Jürgen Klopp,Eddie Howe
1544,2018/19,2018-08-25,Liverpool,Brighton,1,0,H,22,6,8,2,1.16,8.5,19.0,9223,1.81412,0.535616,Jürgen Klopp,Chris Hughton
1819,2018/19,2019-03-10,Liverpool,Burnley,4,2,H,23,3,5,2,1.16,8.5,21.0,9490,4.12341,0.471571,Jürgen Klopp,Sean Dyche
1614,2018/19,2018-10-27,Liverpool,Cardiff,4,1,H,19,2,7,1,1.11,11.0,26.0,9288,2.30176,0.643117,Jürgen Klopp,Neil Warnock
1854,2018/19,2019-04-14,Liverpool,Chelsea,2,0,H,15,6,7,3,1.66,4.2,5.25,9531,1.30839,0.873177,Jürgen Klopp,Maurizio Sarri
1743,2018/19,2019-01-19,Liverpool,Crystal Palace,4,3,H,19,9,9,3,1.2,7.5,17.0,9422,2.8299,0.695213,Jürgen Klopp,Roy Hodgson
1660,2018/19,2018-12-02,Liverpool,Everton,1,0,H,16,9,3,3,1.4,5.0,9.0,9330,3.07574,1.23014,Jürgen Klopp,Marco Silva
1639,2018/19,2018-11-11,Liverpool,Fulham,2,0,H,20,8,7,3,1.11,11.0,26.0,9313,2.22417,0.571301,Jürgen Klopp,Slavisa Jokanovic
1871,2018/19,2019-04-26,Liverpool,Huddersfield,5,0,H,21,5,7,1,1.07,15.0,41.0,9551,3.58922,0.1624,Jürgen Klopp,Jan Siewert
1758,2018/19,2019-01-30,Liverpool,Leicester,1,1,D,10,5,3,2,1.22,7.0,15.0,9436,0.576336,1.1272,Jürgen Klopp,Claude Puel
1599,2018/19,2018-10-07,Liverpool,Man City,0,0,D,7,6,2,2,2.54,3.6,2.8,9276,0.433994,1.07481,Jürgen Klopp,Pep Guardiola
1689,2018/19,2018-12-16,Liverpool,Man United,3,1,H,36,6,11,2,1.57,4.5,6.0,9362,2.60435,0.658049,Jürgen Klopp,José Mourinho
1706,2018/19,2018-12-26,Liverpool,Newcastle,4,0,H,16,6,8,2,1.16,8.5,19.0,9381,3.24988,0.456309,Jürgen Klopp,Rafael Benítez
1577,2018/19,2018-09-22,Liverpool,Southampton,3,0,H,12,7,4,1,1.2,7.5,17.0,9249,1.77893,0.310467,Jürgen Klopp,Mark Hughes
1833,2018/19,2019-03-31,Liverpool,Tottenham,2,1,H,14,11,3,2,1.61,4.2,6.0,9510,1.0931,1.04822,Jürgen Klopp,Mauricio Pochettino
1797,2018/19,2019-02-27,Liverpool,Watford,5,0,H,19,5,10,3,1.28,6.0,12.0,9476,2.74266,0.630423,Jürgen Klopp,Javi Gracia
1529,2018/19,2018-08-12,Liverpool,West Ham,4,0,H,18,5,8,2,1.25,6.5,14.0,9205,4.34421,0.404253,Jürgen Klopp,Manuel Pellegrini
1896,2018/19,2019-05-12,Liverpool,Wolves,2,0,H,13,7,5,2,1.3,6.0,11.0,9571,1.70197,0.883861,Jürgen Klopp,Nuno Espírito Santo
1769,2018/19,2019-02-03,Man City,Arsenal,3,1,H,19,4,12,2,1.33,6.0,9.0,9439,3.03102,0.703542,Pep Guardiola,Unai Emery
1655,2018/19,2018-12-01,Man City,Bournemouth,3,1,H,16,4,6,1,1.11,11.0,26.0,9329,2.83557,0.715009,Pep Guardiola,Eddie Howe
1585,2018/19,2018-09-29,Man City,Brighton,2,0,H,28,4,8,1,1.1,12.0,34.0,9260,2.90697,0.23023,Pep Guardiola,Chris Hughton
1605,2018/19,2018-10-20,Man City,Burnley,5,0,H,24,5,10,0,1.08,13.0,34.0,9281,4.48577,0.370236,Pep Guardiola,Sean Dyche
1838,2018/19,2019-04-03,Man City,Cardiff,2,0,H,27,4,11,1,1.06,17.0,34.0,9522,3.53913,0.135788,Pep Guardiola,Neil Warnock
1779,2018/19,2019-02-10,Man City,Chelsea,6,0,H,15,12,9,4,1.5,4.75,7.0,9454,4.04218,0.901867,Pep Guardiola,Maurizio Sarri
1697,2018/19,2018-12-22,Man City,Crystal Palace,2,3,A,19,5,5,3,1.14,10.0,21.0,9370,1.27118,1.14609,Pep Guardiola,Roy Hodgson
1684,2018/19,2018-12-15,Man City,Everton,3,1,H,13,9,5,2,1.22,7.5,13.0,9361,1.79848,1.6235,Pep Guardiola,Marco Silva
1564,2018/19,2018-09-15,Man City,Fulham,3,0,H,28,9,9,3,1.12,10.0,26.0,9239,4.91621,0.342698,Pep Guardiola,Slavisa Jokanovic
1539,2018/19,2018-08-19,Man City,Huddersfield,6,1,H,32,5,14,1,1.1,13.0,26.0,9213,4.60356,0.663731,Pep Guardiola,David Wagner
1890,2018/19,2019-05-06,Man City,Leicester,1,0,H,19,7,5,2,1.12,8.5,17.0,9560,1.08617,0.537307,Pep Guardiola,Brendan Rodgers
1730,2018/19,2019-01-03,Man City,Liverpool,2,1,H,9,7,4,5,2.04,3.8,3.6,9400,1.00357,1.3801,Pep Guardiola,Jürgen Klopp
1640,2018/19,2018-11-11,Man City,Man United,3,1,H,17,6,5,1,1.4,5.25,8.5,9315,2.02764,0.97089,Pep Guardiola,José Mourinho
1556,2018/19,2018-09-01,Man City,Newcastle,2,1,H,24,3,8,2,1.11,11.0,26.0,9234,2.46904,0.554763,Pep Guardiola,Rafael Benítez
1629,2018/19,2018-11-04,Man City,Southampton,6,1,H,18,12,8,6,1.11,11.0,29.0,9300,2.76272,1.81466,Pep Guardiola,Mark Hughes
1859,2018/19,2019-04-20,Man City,Tottenham,1,0,H,15,10,4,4,1.3,6.0,11.0,9540,2.06185,1.19894,Pep Guardiola,Mauricio Pochettino
1814,2018/19,2019-03-09,Man City,Watford,3,1,H,19,2,9,1,1.16,9.0,19.0,9489,3.75714,0.407168,Pep Guardiola,Javi Gracia
1798,2018/19,2019-02-27,Man City,West Ham,1,0,H,20,2,7,1,1.16,9.0,19.0,9475,3.67741,0.400125,Pep Guardiola,Manuel Pellegrini
1740,2018/19,2019-01-14,Man City,Wolves,3,0,H,24,3,9,0,1.18,8.0,17.0,9409,3.11947,0.0985446,Pep Guardiola,Nuno Espírito Santo
1668,2018/19,2018-12-05,Man United,Arsenal,2,2,D,10,9,7,4,2.45,3.5,3.0,9344,1.33679,1.73226,José Mourinho,Unai Emery
1719,2018/19,2018-12-30,Man United,Bournemouth,4,1,H,11,7,8,3,1.33,4.75,10.0,9390,3.41874,0.705549,Ole Gunnar Solskjær,Eddie Howe
1744,2018/19,2019-01-19,Man United,Brighton,2,1,H,20,7,5,3,1.3,5.75,12.0,9421,2.64005,0.635111,Ole Gunnar Solskjær,Chris Hughton
1754,2018/19,2019-01-29,Man United,Burnley,2,2,D,28,6,9,4,1.28,6.0,12.0,9432,3.23417,0.934603,Ole Gunnar Solskjær,Sean Dyche
1897,2018/19,2019-05-12,Man United,Cardiff,0,2,A,26,13,10,4,1.28,6.5,11.0,9570,1.89555,1.71095,Ole Gunnar Solskjær,Neil Warnock
1880,2018/19,2019-04-28,Man United,Chelsea,1,1,D,7,16,5,3,2.7,3.5,2.7,9550,1.12483,1.6298,Ole Gunnar Solskjær,Maurizio Sarri
1644,2018/19,2018-11-24,Man United,Crystal Palace,0,0,D,12,13,5,2,1.4,5.25,8.0,9319,1.34245,1.05292,José Mourinho,Roy Hodgson
1619,2018/19,2018-10-28,Man United,Everton,2,1,H,14,14,10,6,1.72,3.9,5.25,9287,2.51393,1.67348,José Mourinho,Marco Silva
1677,2018/19,2018-12-08,Man United,Fulham,4,1,H,20,10,11,4,1.33,5.75,10.0,9349,3.15444,1.23251,José Mourinho,Claudio Ranieri
1707,2018/19,2018-12-26,Man United,Huddersfield,3,1,H,16,10,10,2,1.25,6.5,15.0,9380,1.79848,1.40594,Ole Gunnar Solskjær,David Wagner
1521,2018/19,2018-08-10,Man United,Leicester,2,1,H,8,13,6,4,1.57,3.9,7.5,9197,1.5137,1.73813,José Mourinho,Claude Puel
1789,2018/19,2019-02-24,Man United,Liverpool,0,0,D,6,7,3,1,3.1,3.5,2.37,9459,0.474869,0.380519,Ole Gunnar Solskjær,Jürgen Klopp
1869,2018/19,2019-04-24,Man United,Man City,0,2,A,12,8,1,5,7.5,5.0,1.44,9501,0.514509,0.530481,Ole Gunnar Solskjær,Pep Guardiola
1595,2018/19,2018-10-06,Man United,Newcastle,3,2,H,18,13,10,8,1.44,4.5,9.0,9273,2.40631,1.55962,José Mourinho,Rafael Benítez
1803,2018/19,2019-03-02,Man United,Southampton,3,2,H,16,6,6,3,1.45,4.5,8.5,9481,2.54216,0.578485,Ole Gunnar Solskjær,Ralph Hasenhüttl
1550,2018/19,2018-08-27,Man United,Tottenham,0,3,A,23,9,5,5,2.62,3.3,2.9,9226,1.40321,1.80811,José Mourinho,Mauricio Pochettino
1830,2018/19,2019-03-30,Man United,Watford,2,1,H,8,20,5,8,1.44,4.75,8.0,9509,1.98052,1.35208,Ole Gunnar Solskjær,Javi Gracia
1850,2018/19,2019-04-13,Man United,West Ham,2,1,H,14,18,4,4,1.4,5.25,8.5,9530,2.65125,1.42817,Ole Gunnar Solskjær,Manuel Pellegrini
1578,2018/19,2018-09-22,Man United,Wolves,1,1,D,15,11,6,8,1.57,4.33,6.5,9248,0.62283,1.1185,José Mourinho,Nuno Espírito Santo
1565,2018/19,2018-09-15,Newcastle,Arsenal,1,2,A,4,12,2,2,4.2,3.8,1.9,9238,0.412121,0.90461,Rafael Benítez,Unai Emery
1635,2018/19,2018-11-10,Newcastle,Bournemouth,2,1,H,18,14,6,4,2.9,3.4,2.6,9309,2.57545,1.91687,Rafael Benítez,Eddie Howe
1606,2018/19,2018-10-20,Newcastle,Brighton,0,1,A,27,8,6,2,2.2,3.25,3.8,9280,1.71169,0.675798,Rafael Benítez,Chris Hughton
1793,2018/19,2019-02-26,Newcastle,Burnley,2,0,H,12,12,3,2,2.15,3.3,3.9,9473,1.70312,1.74201,Rafael Benítez,Sean Dyche
1745,2018/19,2019-01-19,Newcastle,Cardiff,3,0,H,16,9,6,1,1.95,3.4,4.5,9420,2.518,0.255727,Rafael Benítez,Neil Warnock
1548,2018/19,2018-08-26,Newcastle,Chelsea,1,2,A,6,15,2,3,5.75,4.0,1.66,9225,0.209337,1.49669,Rafael Benítez,Maurizio Sarri
1843,2018/19,2019-04-06,Newcastle,Crystal Palace,0,1,A,18,3,5,1,2.6,3.25,3.0,9521,0.943175,0.907988,Rafael Benítez,Roy Hodgson
1815,2018/19,2019-03-09,Newcastle,Everton,3,2,H,19,7,7,3,2.8,3.25,2.8,9488,2.37896,1.15114,Rafael Benítez,Marco Silva
1698,2018/19,2018-12-22,Newcastle,Fulham,0,0,D,9,4,0,2,2.0,3.6,4.0,9369,0.289508,0.245408,Rafael Benítez,Claudio Ranieri
1787,2018/19,2019-02-23,Newcastle,Huddersfield,2,0,H,29,3,12,1,1.83,3.5,5.25,9458,3.03313,0.133934,Rafael Benítez,Jan Siewert
1586,2018/19,2018-09-29,Newcastle,Leicester,0,2,A,6,12,1,5,2.6,3.3,3.0,9259,0.397301,1.34341,Rafael Benítez,Claude Puel
1884,2018/19,2019-05-04,Newcastle,Liverpool,2,3,A,14,11,7,4,9.5,5.25,1.36,9559,1.29707,1.48081,Rafael Benítez,Jürgen Klopp
1755,2018/19,2019-01-29,Newcastle,Man City,2,1,H,6,12,2,4,19.0,8.0,1.18,9434,0.992326,1.33896,Rafael Benítez,Pep Guardiola
1727,2018/19,2019-01-02,Newcastle,Man United,0,2,A,14,16,3,7,6.0,4.2,1.61,9399,0.691878,2.6754,Rafael Benítez,Ole Gunnar Solskjær
1860,2018/19,2019-04-20,Newcastle,Southampton,3,1,H,15,15,6,3,2.55,3.2,3.1,9539,1.23033,1.27102,Rafael Benítez,Ralph Hasenhüttl
1525,2018/19,2018-08-11,Newcastle,Tottenham,1,2,A,15,15,2,5,3.9,3.5,2.04,9198,0.974497,2.58097,Rafael Benítez,Mauricio Pochettino
1625,2018/19,2018-11-03,Newcastle,Watford,1,0,H,10,16,2,1,2.75,3.25,2.8,9299,0.691575,2.5452,Rafael Benítez,Javi Gracia
1656,2018/19,2018-12-01,Newcastle,West Ham,0,3,A,16,7,4,4,2.5,3.3,3.1,9328,1.12583,2.62697,Rafael Benítez,Manuel Pellegrini
1679,2018/19,2018-12-09,Newcastle,Wolves,1,2,A,12,13,4,6,2.9,3.2,2.7,9348,0.4601,1.57799,Rafael Benítez,Nuno Espírito Santo
1690,2018/19,2018-12-16,Southampton,Arsenal,3,2,H,12,13,7,4,4.1,3.9,1.9,9360,1.21163,1.85763,Ralph Hasenhüttl,Unai Emery
1875,2018/19,2019-04-27,Southampton,Bournemouth,3,3,D,22,9,7,5,1.9,3.9,4.1,9549,2.73537,2.62214,Ralph Hasenhüttl,Eddie Howe
1570,2018/19,2018-09-17,Southampton,Brighton,2,2,D,14,12,5,4,2.1,3.4,3.9,9246,2.19521,1.97094,Mark Hughes,Chris Hughton
1530,2018/19,2018-08-12,Southampton,Burnley,0,0,D,18,16,3,6,1.85,3.5,5.0,9204,1.01994,1.40827,Mark Hughes,Sean Dyche
1777,2018/19,2019-02-09,Southampton,Cardiff,1,2,A,14,6,7,3,1.75,3.9,5.0,9453,1.70666,0.980673,Ralph Hasenhüttl,Neil Warnock
1600,2018/19,2018-10-07,Southampton,Chelsea,0,3,A,15,21,6,6,6.0,4.1,1.61,9275,1.487,3.54699,Mark Hughes,Maurizio Sarri
1759,2018/19,2019-01-30,Southampton,Crystal Palace,1,1,D,13,15,4,3,2.4,3.4,3.2,9433,1.33257,1.53294,Ralph Hasenhüttl,Roy Hodgson
1746,2018/19,2019-01-19,Southampton,Everton,2,1,H,11,7,4,2,2.75,3.4,2.7,9419,1.06009,1.31169,Ralph Hasenhüttl,Marco Silva
1799,2018/19,2019-02-27,Southampton,Fulham,2,0,H,14,14,4,4,1.9,3.7,4.33,9472,1.15823,0.798715,Ralph Hasenhüttl,Claudio Ranieri
1898,2018/19,2019-05-12,Southampton,Huddersfield,1,1,D,10,10,3,3,1.44,4.75,8.5,9569,0.941018,0.857152,Ralph Hasenhüttl,Jan Siewert
1545,2018/19,2018-08-25,Southampton,Leicester,1,2,A,11,8,5,5,2.45,3.2,3.25,9218,0.542494,0.517935,Mark Hughes,Claude Puel
1840,2018/19,2019-04-05,Southampton,Liverpool,1,3,A,11,17,1,5,9.0,5.0,1.4,9520,0.718394,2.00654,Ralph Hasenhüttl,Jürgen Klopp
1720,2018/19,2018-12-30,Southampton,Man City,1,3,A,5,14,4,6,10.0,5.25,1.3,9389,0.221381,2.96802,Ralph Hasenhüttl,Pep Guardiola
1657,2018/19,2018-12-01,Southampton,Man United,2,2,D,16,11,6,5,4.33,3.6,1.95,9327,0.623954,0.904803,Mark Hughes,José Mourinho
1615,2018/19,2018-10-27,Southampton,Newcastle,0,0,D,22,6,4,0,2.1,3.4,3.9,9292,1.19216,0.297646,Mark Hughes,Rafael Benítez
1816,2018/19,2019-03-09,Southampton,Tottenham,2,1,H,12,16,4,5,4.5,3.8,1.85,9487,2.07772,1.26876,Ralph Hasenhüttl,Mauricio Pochettino
1636,2018/19,2018-11-10,Southampton,Watford,1,1,D,14,12,4,6,2.5,3.3,3.1,9308,1.20211,1.07573,Mark Hughes,Javi Gracia
1710,2018/19,2018-12-27,Southampton,West Ham,1,2,A,11,16,5,5,2.3,3.5,3.3,9379,1.28665,1.26973,Ralph Hasenhüttl,Manuel Pellegrini
1851,2018/19,2019-04-13,Southampton,Wolves,3,1,H,13,17,6,2,2.6,3.25,3.0,9529,3.80842,0.642825,Ralph Hasenhüttl,Nuno Espírito Santo
1804,2018/19,2019-03-02,Tottenham,Arsenal,1,1,D,10,9,3,4,2.05,3.7,3.75,9480,1.76818,3.45713,Mauricio Pochettino,Unai Emery
1708,2018/19,2018-12-26,Tottenham,Bournemouth,5,0,H,10,14,7,4,1.36,5.5,9.0,9378,2.23457,1.21736,Mauricio Pochettino,Eddie Howe
1867,2018/19,2019-04-23,Tottenham,Brighton,1,0,H,29,6,5,1,1.28,6.0,13.0,9519,1.0032,0.143138,Mauricio Pochettino,Chris Hughton
1685,2018/19,2018-12-15,Tottenham,Burnley,1,0,H,15,4,3,0,1.18,8.0,19.0,9359,1.74625,0.451196,Mauricio Pochettino,Sean Dyche
1596,2018/19,2018-10-06,Tottenham,Cardiff,1,0,H,19,8,7,6,1.22,7.0,15.0,9269,2.6517,1.13843,Mauricio Pochettino,Neil Warnock
1645,2018/19,2018-11-24,Tottenham,Chelsea,3,1,H,18,13,9,2,2.8,3.5,2.6,9323,3.34649,0.962804,Mauricio Pochettino,Maurizio Sarri
1839,2018/19,2019-04-03,Tottenham,Crystal Palace,2,0,H,26,5,10,1,1.45,5.0,7.5,9500,2.57376,0.564317,Mauricio Pochettino,Roy Hodgson
1899,2018/19,2019-05-12,Tottenham,Everton,2,2,D,11,17,3,9,2.2,3.5,3.5,9568,0.882608,2.06851,Mauricio Pochettino,Marco Silva
1535,2018/19,2018-08-18,Tottenham,Fulham,3,1,H,25,10,11,3,1.28,6.0,12.0,9209,3.26713,1.44253,Mauricio Pochettino,Slavisa Jokanovic
1852,2018/19,2019-04-13,Tottenham,Huddersfield,4,0,H,22,7,5,1,1.22,7.0,15.0,9528,2.78596,0.983527,Mauricio Pochettino,Jan Siewert
1780,2018/19,2019-02-10,Tottenham,Leicester,3,1,H,12,20,5,9,1.7,3.9,5.5,9452,1.21144,3.02164,Mauricio Pochettino,Claude Puel
1566,2018/19,2018-09-15,Tottenham,Liverpool,1,2,A,11,17,3,10,3.0,3.6,2.4,9237,0.788168,3.01015,Mauricio Pochettino,Jürgen Klopp
1620,2018/19,2018-10-29,Tottenham,Man City,0,1,A,4,13,1,6,4.75,4.1,1.75,9296,0.442436,1.93588,Mauricio Pochettino,Pep Guardiola
1739,2018/19,2019-01-13,Tottenham,Man United,0,1,A,21,13,11,8,2.05,3.7,3.75,9408,1.80359,0.957777,Mauricio Pochettino,Ole Gunnar Solskjær
1767,2018/19,2019-02-02,Tottenham,Newcastle,1,0,H,21,8,4,2,1.44,4.5,9.0,9438,3.10409,0.400152,Mauricio Pochettino,Rafael Benítez
1669,2018/19,2018-12-05,Tottenham,Southampton,3,1,H,13,18,8,5,1.36,5.25,9.5,9346,1.73642,1.82434,Mauricio Pochettino,Kelvin Davis
1760,2018/19,2019-01-30,Tottenham,Watford,2,1,H,17,9,3,1,1.66,4.0,5.75,9435,1.36248,0.479838,Mauricio Pochettino,Javi Gracia
1876,2018/19,2019-04-27,Tottenham,West Ham,0,1,A,14,16,4,7,1.4,5.5,7.5,9548,1.35378,0.991558,Mauricio Pochettino,Manuel Pellegrini
1715,2018/19,2018-12-29,Tottenham,Wolves,1,3,A,10,11,3,4,1.33,5.0,8.5,9388,0.277704,1.20867,Mauricio Pochettino,Nuno Espírito Santo
1855,2018/19,2019-04-15,Watford,Arsenal,0,1,A,11,19,3,6,3.2,3.75,2.25,9527,1.12595,2.2668,Javi Gracia,Unai Emery
1597,2018/19,2018-10-06,Watford,Bournemouth,0,4,A,14,10,2,7,2.14,3.6,3.5,9268,1.06613,3.28471,Javi Gracia,Eddie Howe
1526,2018/19,2018-08-11,Watford,Brighton,2,0,H,19,6,5,0,2.37,3.2,3.4,9199,1.42372,0.45504,Javi Gracia,Chris Hughton
1747,2018/19,2019-01-19,Watford,Burnley,0,0,D,9,11,4,3,1.65,4.0,5.75,9418,1.06981,1.97256,Javi Gracia,Sean Dyche
1686,2018/19,2018-12-15,Watford,Cardiff,3,2,H,17,10,8,3,1.64,3.9,6.0,9358,1.64998,0.485768,Javi Gracia,Neil Warnock
1709,2018/19,2018-12-26,Watford,Chelsea,1,2,A,10,10,2,4,5.25,3.8,1.75,9377,1.24414,2.1956,Javi Gracia,Maurizio Sarri
1549,2018/19,2018-08-26,Watford,Crystal Palace,2,1,H,13,9,5,3,2.6,3.25,3.0,9224,1.14596,1.21905,Javi Gracia,Roy Hodgson
1778,2018/19,2019-02-09,Watford,Everton,1,0,H,7,9,2,4,2.35,3.5,3.2,9451,1.53311,0.641094,Javi Gracia,Marco Silva
1835,2018/19,2019-04-02,Watford,Fulham,4,1,H,15,17,7,7,1.72,4.0,5.0,9518,1.59338,1.90917,Javi Gracia,Scott Parker
1616,2018/19,2018-10-27,Watford,Huddersfield,3,0,H,12,13,6,7,1.75,3.75,5.25,9291,2.29622,0.479655,Javi Gracia,David Wagner
1809,2018/19,2019-03-03,Watford,Leicester,2,1,H,6,14,5,2,2.55,3.3,3.0,9479,1.36515,0.794683,Javi Gracia,Brendan Rodgers
1646,2018/19,2018-11-24,Watford,Liverpool,0,3,A,5,10,1,7,6.5,4.33,1.55,9318,0.673382,1.45314,Javi Gracia,Jürgen Klopp
1663,2018/19,2018-12-04,Watford,Man City,1,2,A,11,15,7,7,11.0,6.0,1.3,9341,1.672,2.51933,Javi Gracia,Pep Guardiola
1567,2018/19,2018-09-15,Watford,Man United,1,2,A,14,9,5,6,4.33,3.6,1.95,9243,1.17523,1.64902,Javi Gracia,José Mourinho
1716,2018/19,2018-12-29,Watford,Newcastle,1,1,D,12,8,5,2,1.85,3.6,4.0,9387,1.05566,0.661713,Javi Gracia,Rafael Benítez
1868,2018/19,2019-04-23,Watford,Southampton,1,1,D,15,8,4,4,2.25,3.5,3.4,9499,1.27253,2.11999,Javi Gracia,Ralph Hasenhüttl
1560,2018/19,2018-09-02,Watford,Tottenham,2,1,H,7,11,3,2,5.5,4.2,1.64,9236,0.454309,0.582521,Javi Gracia,Mauricio Pochettino
1900,2018/19,2019-05-12,Watford,West Ham,1,4,A,17,16,8,9,2.25,3.75,3.2,9567,2.06986,3.20094,Javi Gracia,Manuel Pellegrini
1877,2018/19,2019-04-27,Watford,Wolves,1,2,A,10,11,1,4,2.62,3.3,2.9,9547,0.896093,2.44357,Javi Gracia,Nuno Espírito Santo
1737,2018/19,2019-01-12,West Ham,Arsenal,1,0,H,11,11,3,2,3.5,4.0,2.05,9407,0.669394,0.685895,Manuel Pellegrini,Unai Emery
1536,2018/19,2018-08-18,West Ham,Bournemouth,1,2,A,11,12,5,5,2.1,3.6,3.7,9208,1.10275,1.69077,Manuel Pellegrini,Eddie Howe
1728,2018/19,2019-01-02,West Ham,Brighton,2,2,D,13,13,6,6,1.95,3.75,4.0,9398,0.639356,0.686806,Manuel Pellegrini,Chris Hughton
1626,2018/19,2018-11-03,West Ham,Burnley,4,2,H,22,6,10,3,1.75,3.75,5.25,9298,2.55739,0.882514,Manuel Pellegrini,Sean Dyche
1664,2018/19,2018-12-04,West Ham,Cardiff,3,1,H,17,9,11,5,1.66,4.0,5.75,9340,1.57488,1.93448,Manuel Pellegrini,Neil Warnock
1580,2018/19,2018-09-23,West Ham,Chelsea,0,0,D,6,17,1,6,6.0,4.5,1.57,9255,1.0177,1.88344,Manuel Pellegrini,Maurizio Sarri
1678,2018/19,2018-12-08,West Ham,Crystal Palace,3,2,H,13,8,6,4,2.3,3.4,3.4,9347,1.53635,0.934613,Manuel Pellegrini,Roy Hodgson
1831,2018/19,2019-03-30,West Ham,Everton,0,2,A,3,17,1,9,2.55,3.5,2.9,9508,0.0891639,2.65983,Manuel Pellegrini,Marco Silva
1783,2018/19,2019-02-22,West Ham,Fulham,3,1,H,21,8,7,5,1.95,3.8,4.0,9457,2.72871,1.23555,Manuel Pellegrini,Claudio Ranieri
1822,2018/19,2019-03-16,West Ham,Huddersfield,4,3,H,16,15,5,5,1.55,4.2,7.0,9498,1.88114,1.66909,Manuel Pellegrini,Jan Siewert
1861,2018/19,2019-04-20,West Ham,Leicester,2,2,D,11,11,3,5,3.3,3.5,2.3,9538,1.36558,0.8065,Manuel Pellegrini,Brendan Rodgers
1770,2018/19,2019-02-04,West Ham,Liverpool,1,1,D,13,11,2,6,8.0,5.25,1.4,9437,0.791319,1.12475,Manuel Pellegrini,Jürgen Klopp
1647,2018/19,2018-11-24,West Ham,Man City,0,4,A,9,9,1,6,13.0,6.5,1.25,9317,0.829504,2.95852,Manuel Pellegrini,Pep Guardiola
1587,2018/19,2018-09-29,West Ham,Man United,3,1,H,8,9,3,4,4.5,3.8,1.85,9257,1.3029,0.865739,Manuel Pellegrini,José Mourinho
1805,2018/19,2019-03-02,West Ham,Newcastle,2,0,H,10,17,4,2,2.15,3.5,3.6,9478,1.88895,1.18549,Manuel Pellegrini,Rafael Benítez
1885,2018/19,2019-05-04,West Ham,Southampton,3,0,H,17,11,6,1,2.3,3.75,3.1,9558,1.99866,0.443686,Manuel Pellegrini,Ralph Hasenhüttl
1607,2018/19,2018-10-20,West Ham,Tottenham,0,1,A,13,10,4,2,4.1,3.9,1.9,9279,0.544268,1.11777,Manuel Pellegrini,Mauricio Pochettino
1699,2018/19,2018-12-22,West Ham,Watford,0,2,A,18,11,7,5,2.37,3.5,3.1,9368,2.06507,2.32983,Manuel Pellegrini,Javi Gracia
1557,2018/19,2018-09-01,West Ham,Wolves,0,1,A,13,15,3,6,2.6,3.4,2.87,9228,0.888887,1.22301,Manuel Pellegrini,Nuno Espírito Santo
1870,2018/19,2019-04-24,Wolves,Arsenal,3,1,H,11,11,3,1,2.9,3.5,2.55,9497,0.982018,0.939754,Nuno Espírito Santo,Unai Emery
1687,2018/19,2018-12-15,Wolves,Bournemouth,2,0,H,9,13,3,3,1.95,3.6,4.33,9357,2.02223,0.52685,Nuno Espírito Santo,Eddie Howe
1862,2018/19,2019-04-20,Wolves,Brighton,0,0,D,22,5,5,0,1.75,3.5,6.0,9537,2.60447,0.115051,Nuno Espírito Santo,Chris Hughton
1569,2018/19,2018-09-16,Wolves,Burnley,1,0,H,30,7,7,2,1.75,3.6,5.75,9244,3.3916,0.208994,Nuno Espírito Santo,Sean Dyche
1806,2018/19,2019-03-02,Wolves,Cardiff,2,0,H,13,12,6,4,1.5,4.33,8.0,9477,3.2075,0.702261,Nuno Espírito Santo,Neil Warnock
1670,2018/19,2018-12-05,Wolves,Chelsea,2,1,H,6,17,2,3,5.0,3.75,1.8,9339,0.682893,1.10702,Nuno Espírito Santo,Maurizio Sarri
1729,2018/19,2019-01-02,Wolves,Crystal Palace,0,2,A,9,17,1,4,2.0,3.4,4.33,9397,0.656255,1.94658,Nuno Espírito Santo,Roy Hodgson
1527,2018/19,2018-08-11,Wolves,Everton,2,2,D,11,6,4,5,2.37,3.3,3.3,9203,0.891038,0.715382,Nuno Espírito Santo,Marco Silva
1886,2018/19,2019-05-04,Wolves,Fulham,1,0,H,19,6,6,2,1.53,4.2,7.5,9557,2.09397,0.512477,Nuno Espírito Santo,Scott Parker
1649,2018/19,2018-11-25,Wolves,Huddersfield,0,2,A,12,14,3,6,1.5,4.33,8.0,9325,0.701036,0.627281,Nuno Espírito Santo,David Wagner
1748,2018/19,2019-01-19,Wolves,Leicester,4,3,H,12,16,7,6,2.37,3.2,3.4,9417,2.21719,1.33831,Nuno Espírito Santo,Claude Puel
1691,2018/19,2018-12-21,Wolves,Liverpool,0,2,A,11,15,5,6,7.0,4.0,1.57,9367,0.763821,2.16356,Nuno Espírito Santo,Jürgen Klopp
1546,2018/19,2018-08-25,Wolves,Man City,1,1,D,11,18,2,6,11.0,6.5,1.28,9217,1.26376,1.84293,Nuno Espírito Santo,Pep Guardiola
1836,2018/19,2019-04-02,Wolves,Man United,2,1,H,9,18,2,4,4.0,3.6,2.0,9517,1.65044,2.03847,Nuno Espírito Santo,Ole Gunnar Solskjær
1781,2018/19,2019-02-11,Wolves,Newcastle,1,1,D,22,9,6,3,1.7,3.75,5.75,9450,2.30998,0.435263,Nuno Espírito Santo,Rafael Benítez
1588,2018/19,2018-09-29,Wolves,Southampton,2,0,H,14,17,6,6,1.8,3.6,5.25,9258,1.42507,0.679627,Nuno Espírito Santo,Mark Hughes
1627,2018/19,2018-11-03,Wolves,Tottenham,2,3,A,16,10,7,8,3.1,3.4,2.45,9304,2.40643,1.63123,Nuno Espírito Santo,Mauricio Pochettino
1608,2018/19,2018-10-20,Wolves,Watford,0,2,A,10,9,1,3,1.75,3.75,5.25,9278,0.47391,1.0684,Nuno Espírito Santo,Javi Gracia
1756,2018/19,2019-01-29,Wolves,West Ham,3,0,H,20,4,9,0,2.1,3.5,3.75,9427,2.0363,0.130179,Nuno Espírito Santo,Manuel Pellegrini
1957,2019/20,2019-09-22,Arsenal,Aston Villa,3,2,H,21,14,6,9,1.4,4.75,8.0,11702,2.53209,1.71546,Unai Emery,Dean Smith
1977,2019/20,2019-10-06,Arsenal,Bournemouth,1,0,H,12,10,2,2,1.44,4.75,7.0,11722,1.24109,0.683967,Unai Emery,Eddie Howe
2049,2019/20,2019-12-05,Arsenal,Brighton,1,2,A,12,20,5,9,1.57,4.33,5.5,11783,0.965377,1.53446,Freddie Ljungberg,Graham Potter
1911,2019/20,2019-08-17,Arsenal,Burnley,2,1,H,16,18,9,5,1.3,5.5,10.0,11653,1.1644,1.39172,Unai Emery,Sean Dyche
2097,2019/20,2019-12-29,Arsenal,Chelsea,1,2,A,7,13,2,4,2.87,3.75,2.3,11833,0.785214,1.49666,Mikel Arteta,Frank Lampard
1997,2019/20,2019-10-27,Arsenal,Crystal Palace,2,2,D,15,10,6,4,1.45,4.75,6.5,11733,1.54014,1.77892,Unai Emery,Roy Hodgson
2167,2019/20,2020-02-23,Arsenal,Everton,3,2,H,9,17,4,5,2.0,3.6,3.7,11903,1.33567,2.65691,Mikel Arteta,Carlo Ancelotti
2231,2019/20,2020-07-07,Arsenal,Leicester,1,1,D,11,13,7,5,2.3,3.5,3.0,11973,1.29023,1.00238,Mikel Arteta,Brendan Rodgers
2252,2019/20,2020-07-15,Arsenal,Liverpool,2,1,H,3,24,2,8,3.8,3.8,1.9,11993,1.31516,2.2233,Mikel Arteta,Jürgen Klopp
2067,2019/20,2019-12-15,Arsenal,Man City,0,3,A,6,14,1,7,6.0,5.25,1.44,11803,0.28161,1.69553,Freddie Ljungberg,Pep Guardiola
2100,2019/20,2020-01-01,Arsenal,Man United,2,0,H,10,10,4,4,2.55,3.6,2.62,11844,1.90747,0.715563,Mikel Arteta,Ole Gunnar Solskjær
2157,2019/20,2020-02-16,Arsenal,Newcastle,4,0,H,15,10,7,2,1.4,4.75,8.0,11893,3.02257,1.16662,Mikel Arteta,Steve Bruce
2215,2019/20,2020-07-01,Arsenal,Norwich,4,0,H,13,8,8,2,1.44,4.75,7.0,11953,1.76496,0.153871,Mikel Arteta,Daniel Farke
2120,2019/20,2020-01-18,Arsenal,Sheffield United,1,1,D,11,12,4,4,1.83,3.6,4.33,11863,1.22882,1.18444,Mikel Arteta,Chris Wilder
2021,2019/20,2019-11-23,Arsenal,Southampton,2,2,D,12,21,5,6,1.45,4.75,6.5,11763,1.60823,2.60312,Unai Emery,Ralph Hasenhüttl
1939,2019/20,2019-09-01,Arsenal,Tottenham,2,2,D,26,13,8,9,2.37,3.6,2.8,11682,1.92509,1.95514,Unai Emery,Mauricio Pochettino
2271,2019/20,2020-07-26,Arsenal,Watford,3,2,H,13,19,5,6,1.9,3.8,3.8,12014,1.95282,3.9197,Mikel Arteta,Hayden Mullins
2179,2019/20,2020-03-07,Arsenal,West Ham,1,0,H,9,14,2,6,1.57,4.4,5.5,11923,1.55974,1.61615,Mikel Arteta,David Moyes
2001,2019/20,2019-11-02,Arsenal,Wolves,1,1,D,10,25,4,8,1.75,3.75,4.75,11743,1.02552,1.5103,Unai Emery,Nuno Espírito Santo
2267,2019/20,2020-07-21,Aston Villa,Arsenal,1,0,H,8,7,3,0,3.3,3.6,2.1,12003,0.57408,0.737137,Dean Smith,Mikel Arteta
1912,2019/20,2019-08-17,Aston Villa,Bournemouth,1,2,A,22,12,7,4,2.3,3.4,3.1,11654,1.65069,1.62777,Dean Smith,Eddie Howe
1981,2019/20,2019-10-19,Aston Villa,Brighton,2,1,H,24,20,8,5,2.35,3.4,3.0,11723,2.96692,1.32184,Dean Smith,Graham Potter
1961,2019/20,2019-09-28,Aston Villa,Burnley,2,2,D,16,10,3,3,2.3,3.4,3.1,11706,0.914266,1.66919,Dean Smith,Sean Dyche
2197,2019/20,2020-06-21,Aston Villa,Chelsea,1,2,A,8,19,4,5,6.0,4.5,1.5,11933,1.57223,1.14011,Dean Smith,Frank Lampard
2246,2019/20,2020-07-12,Aston Villa,Crystal Palace,2,0,H,12,9,9,5,2.25,3.3,3.3,11983,1.6977,0.974181,Dean Smith,Roy Hodgson
1921,2019/20,2019-08-23,Aston Villa,Everton,2,0,H,7,12,3,1,3.25,3.5,2.15,11663,0.855926,1.25668,Dean Smith,Marco Silva
2056,2019/20,2019-12-08,Aston Villa,Leicester,1,4,A,15,23,2,8,4.33,3.8,1.8,11793,1.24141,4.03286,Dean Smith,Brendan Rodgers
2002,2019/20,2019-11-02,Aston Villa,Liverpool,1,2,A,5,25,2,6,9.0,5.0,1.33,11744,0.741615,2.38824,Dean Smith,Jürgen Klopp
2118,2019/20,2020-01-12,Aston Villa,Man City,1,6,A,7,22,1,12,13.0,8.5,1.16,11856,1.12565,3.75131,Dean Smith,Pep Guardiola
2238,2019/20,2020-07-09,Aston Villa,Man United,0,3,A,9,14,1,6,9.0,5.25,1.33,11974,0.598873,2.86531,Dean Smith,Ole Gunnar Solskjær
2030,2019/20,2019-11-25,Aston Villa,Newcastle,2,0,H,17,11,8,5,2.05,3.4,3.7,11764,2.6985,0.69784,Dean Smith,Steve Bruce
2080,2019/20,2019-12-26,Aston Villa,Norwich,1,0,H,11,16,2,6,2.1,3.75,3.3,11823,0.654194,1.45005,Dean Smith,Daniel Farke
2189,2019/20,2020-06-17,Aston Villa,Sheffield United,0,0,D,14,5,6,1,3.2,3.4,2.25,11913,1.00877,0.235909,Dean Smith,Chris Wilder
2071,2019/20,2019-12-21,Aston Villa,Southampton,1,3,A,19,17,6,8,2.4,3.6,2.8,11813,0.921054,2.63444,Dean Smith,Ralph Hasenhüttl
2158,2019/20,2020-02-16,Aston Villa,Tottenham,2,3,A,18,23,4,10,4.0,3.8,1.85,11894,1.71313,3.86024,Dean Smith,José Mourinho
2130,2019/20,2020-01-21,Aston Villa,Watford,2,1,H,16,8,5,2,2.8,3.5,2.45,11873,1.06739,1.81101,Dean Smith,Nigel Pearson
1950,2019/20,2019-09-16,Aston Villa,West Ham,0,0,D,10,13,5,1,2.62,3.5,2.6,11692,1.40502,0.535279,Dean Smith,Manuel Pellegrini
2211,2019/20,2020-06-27,Aston Villa,Wolves,0,1,A,11,9,1,2,4.6,3.7,1.75,11954,0.403418,0.703549,Dean Smith,Nuno Espírito Santo
2081,2019/20,2019-12-26,Bournemouth,Arsenal,1,1,D,12,17,4,2,3.5,3.9,1.95,11824,1.55463,1.42464,Eddie Howe,Mikel Arteta
2141,2019/20,2020-02-01,Bournemouth,Aston Villa,2,1,H,16,18,6,5,2.1,3.6,3.3,11883,2.72236,1.40955,Eddie Howe,Dean Smith
2131,2019/20,2020-01-21,Bournemouth,Brighton,3,1,H,11,21,3,8,2.87,3.4,2.45,11878,1.92315,1.97227,Eddie Howe,Graham Potter
2072,2019/20,2019-12-21,Bournemouth,Burnley,0,1,A,3,2,0,1,2.4,3.4,2.9,11814,0.138532,0.144318,Eddie Howe,Sean Dyche
2172,2019/20,2020-02-29,Bournemouth,Chelsea,2,2,D,9,23,5,6,4.75,3.8,1.72,11914,1.58495,1.98271,Eddie Howe,Frank Lampard
2193,2019/20,2020-06-20,Bournemouth,Crystal Palace,0,2,A,12,7,1,2,2.45,3.2,3.0,11942,0.363637,0.788453,Eddie Howe,Roy Hodgson
1948,2019/20,2019-09-15,Bournemouth,Everton,3,1,H,13,14,6,5,2.9,3.5,2.4,11690,1.41542,1.50641,Eddie Howe,Marco Silva
2247,2019/20,2020-07-12,Bournemouth,Leicester,4,1,H,10,13,4,5,5.25,3.8,1.66,11984,2.54311,1.66084,Eddie Howe,Brendan Rodgers
2051,2019/20,2019-12-07,Bournemouth,Liverpool,0,3,A,3,21,0,9,7.0,5.25,1.4,11794,0.154608,3.04446,Eddie Howe,Jürgen Klopp
1928,2019/20,2019-08-25,Bournemouth,Man City,1,3,A,10,19,7,5,15.0,7.5,1.16,11671,1.89345,3.12856,Eddie Howe,Pep Guardiola
2003,2019/20,2019-11-02,Bournemouth,Man United,1,0,H,12,15,6,4,3.25,3.6,2.15,11745,1.86862,0.641129,Eddie Howe,Ole Gunnar Solskjær
2216,2019/20,2020-07-01,Bournemouth,Newcastle,1,4,A,12,12,1,7,2.4,3.1,3.2,11955,1.27503,2.23457,Eddie Howe,Steve Bruce
1982,2019/20,2019-10-19,Bournemouth,Norwich,0,0,D,11,10,2,1,1.72,4.2,4.2,11724,0.675554,0.402873,Eddie Howe,Daniel Farke
1902,2019/20,2019-08-10,Bournemouth,Sheffield United,1,1,D,13,8,3,3,1.95,3.6,3.6,11645,1.34099,1.59864,Eddie Howe,Chris Wilder
2262,2019/20,2020-07-19,Bournemouth,Southampton,0,2,A,11,16,3,8,2.4,3.6,2.8,12004,0.583117,2.24527,Eddie Howe,Ralph Hasenhüttl
2239,2019/20,2020-07-09,Bournemouth,Tottenham,0,0,D,9,9,2,0,5.25,3.8,1.66,11975,0.960349,0.479274,Eddie Howe,José Mourinho
2119,2019/20,2020-01-12,Bournemouth,Watford,0,3,A,10,18,1,6,2.6,3.3,2.7,11857,0.320447,2.29827,Eddie Howe,Nigel Pearson
1962,2019/20,2019-09-28,Bournemouth,West Ham,2,2,D,13,17,5,6,2.5,3.5,2.75,11707,2.31957,1.29546,Eddie Howe,Manuel Pellegrini
2022,2019/20,2019-11-23,Bournemouth,Wolves,1,2,A,9,17,2,7,2.75,3.3,2.6,11765,0.849789,1.2765,Eddie Howe,Nuno Espírito Santo
2194,2019/20,2020-06-20,Brighton,Arsenal,2,1,H,9,13,5,6,3.1,3.25,2.37,11941,0.670973,0.69627,Graham Potter,Mikel Arteta
2121,2019/20,2020-01-18,Brighton,Aston Villa,1,1,D,10,8,2,3,1.66,4.0,5.0,11867,1.30028,1.02045,Graham Potter,Dean Smith
2090,2019/20,2019-12-28,Brighton,Bournemouth,2,0,H,16,10,6,2,1.75,3.9,4.33,11834,1.05876,0.500726,Graham Potter,Eddie Howe
1941,2019/20,2019-09-14,Brighton,Burnley,1,1,D,14,7,5,1,2.15,3.3,3.5,11685,1.68545,0.341654,Graham Potter,Sean Dyche
2101,2019/20,2020-01-01,Brighton,Chelsea,1,1,D,16,16,5,5,3.6,3.6,1.95,11845,1.56978,1.57497,Graham Potter,Frank Lampard
2173,2019/20,2020-02-29,Brighton,Crystal Palace,0,1,A,24,12,8,3,2.05,3.25,3.9,11915,1.78712,2.17159,Graham Potter,Roy Hodgson
1992,2019/20,2019-10-26,Brighton,Everton,3,2,H,8,10,4,6,2.9,3.25,2.5,11734,1.15279,1.04723,Graham Potter,Marco Silva
2023,2019/20,2019-11-23,Brighton,Leicester,0,2,A,7,19,0,9,3.75,3.5,2.0,11766,0.784706,3.50917,Graham Potter,Brendan Rodgers
2234,2019/20,2020-07-08,Brighton,Liverpool,1,3,A,12,19,2,8,6.0,4.33,1.53,11976,2.3646,2.61624,Graham Potter,Jürgen Klopp
2241,2019/20,2020-07-11,Brighton,Man City,0,5,A,3,26,0,8,10.0,5.5,1.28,11985,0.149588,5.51767,Graham Potter,Pep Guardiola
2214,2019/20,2020-06-30,Brighton,Man United,0,3,A,8,12,2,6,6.0,3.8,1.61,11956,0.31013,1.20903,Graham Potter,Ole Gunnar Solskjær
2264,2019/20,2020-07-20,Brighton,Newcastle,0,0,D,11,12,3,1,1.9,3.4,4.33,12005,0.855896,0.929091,Graham Potter,Steve Bruce
2004,2019/20,2019-11-02,Brighton,Norwich,2,0,H,21,7,5,0,1.72,4.2,4.33,11746,2.65496,0.455082,Graham Potter,Daniel Farke
2073,2019/20,2019-12-21,Brighton,Sheffield United,0,1,A,9,7,2,2,2.2,3.25,3.5,11815,0.428371,1.65933,Graham Potter,Chris Wilder
1922,2019/20,2019-08-24,Brighton,Southampton,0,2,A,12,12,3,4,2.4,3.3,3.0,11666,0.997711,2.07795,Graham Potter,Ralph Hasenhüttl
1971,2019/20,2019-10-05,Brighton,Tottenham,3,0,H,17,8,6,3,3.9,3.6,1.9,11713,2.60017,0.478504,Graham Potter,Mauricio Pochettino
2151,2019/20,2020-02-08,Brighton,Watford,1,1,D,10,5,2,2,2.1,3.4,3.6,11895,0.76201,0.280048,Graham Potter,Nigel Pearson
1913,2019/20,2019-08-17,Brighton,West Ham,1,1,D,16,8,4,3,2.55,3.25,2.87,11655,2.40461,1.00856,Graham Potter,Manuel Pellegrini
2057,2019/20,2019-12-08,Brighton,Wolves,2,2,D,13,13,4,5,2.62,3.1,2.87,11795,0.951621,1.87208,Graham Potter,Nuno Espírito Santo
2149,2019/20,2020-02-02,Burnley,Arsenal,0,0,D,15,13,2,2,3.6,3.6,2.0,11884,2.24562,1.48025,Sean Dyche,Mikel Arteta
2102,2019/20,2020-01-01,Burnley,Aston Villa,1,2,A,20,11,1,6,1.75,3.8,4.33,11846,2.34418,1.74824,Sean Dyche,Dean Smith
2161,2019/20,2020-02-22,Burnley,Bournemouth,3,0,H,16,12,10,4,2.1,3.3,3.7,11907,3.09935,1.75718,Sean Dyche,Eddie Howe
2272,2019/20,2020-07-26,Burnley,Brighton,1,2,A,13,14,2,4,2.37,3.4,3.0,12022,1.44244,1.3696,Sean Dyche,Graham Potter
1993,2019/20,2019-10-26,Burnley,Chelsea,2,4,A,13,16,5,7,4.5,4.0,1.72,11735,2.23494,0.988321,Sean Dyche,Frank Lampard
2031,2019/20,2019-11-30,Burnley,Crystal Palace,0,2,A,15,7,4,2,2.25,3.25,3.3,11773,1.8509,0.936732,Sean Dyche,Roy Hodgson
1972,2019/20,2019-10-05,Burnley,Everton,1,0,H,9,11,3,2,2.87,3.3,2.5,11714,0.558912,1.30723,Sean Dyche,Marco Silva
2128,2019/20,2020-01-19,Burnley,Leicester,2,1,H,8,18,5,8,4.33,3.75,1.83,11866,1.50886,2.33415,Sean Dyche,Brendan Rodgers
1931,2019/20,2019-08-31,Burnley,Liverpool,0,3,A,7,15,2,7,9.5,5.5,1.3,11680,0.61739,1.20057,Sean Dyche,Jürgen Klopp
2041,2019/20,2019-12-03,Burnley,Man City,1,4,A,4,17,2,8,11.0,7.0,1.22,11784,0.486548,2.56057,Sean Dyche,Pep Guardiola
2091,2019/20,2019-12-28,Burnley,Man United,0,2,A,8,14,1,5,4.33,3.75,1.8,11835,0.386662,2.10542,Sean Dyche,Ole Gunnar Solskjær
2061,2019/20,2019-12-14,Burnley,Newcastle,1,0,H,7,9,4,0,1.95,3.4,4.0,11804,1.43602,1.08726,Sean Dyche,Steve Bruce
1952,2019/20,2019-09-21,Burnley,Norwich,2,0,H,13,11,6,2,2.0,3.8,3.5,11696,2.39312,0.801428,Sean Dyche,Daniel Farke
2226,2019/20,2020-07-05,Burnley,Sheffield United,1,1,D,9,10,4,3,2.9,3.0,2.7,11963,1.31966,1.63343,Sean Dyche,Chris Wilder
1903,2019/20,2019-08-10,Burnley,Southampton,3,0,H,10,11,4,3,2.62,3.2,2.75,11646,0.909241,1.08752,Sean Dyche,Ralph Hasenhüttl
2180,2019/20,2020-03-07,Burnley,Tottenham,1,1,D,21,13,8,2,2.7,3.3,2.62,11924,3.33302,1.13669,Sean Dyche,José Mourinho
2208,2019/20,2020-06-25,Burnley,Watford,1,0,H,9,10,5,4,3.0,3.25,2.45,11943,0.964774,0.495542,Sean Dyche,Nigel Pearson
2012,2019/20,2019-11-09,Burnley,West Ham,3,0,H,14,7,12,4,2.25,3.5,3.1,11753,2.4158,0.474281,Sean Dyche,Manuel Pellegrini
2253,2019/20,2020-07-15,Burnley,Wolves,1,1,D,9,14,1,5,4.5,3.3,1.9,11994,1.53435,1.2857,Sean Dyche,Nuno Espírito Santo
2132,2019/20,2020-01-21,Chelsea,Arsenal,2,2,D,19,2,8,2,1.72,3.9,4.5,11881,3.38612,0.568077,Frank Lampard,Mikel Arteta
2043,2019/20,2019-12-04,Chelsea,Aston Villa,2,1,H,25,9,9,3,1.28,5.75,10.0,11789,1.9774,0.86086,Frank Lampard,Dean Smith
2062,2019/20,2019-12-14,Chelsea,Bournemouth,0,1,A,18,11,5,2,1.25,6.0,12.0,11805,2.02119,1.20777,Frank Lampard,Eddie Howe
1963,2019/20,2019-09-28,Chelsea,Brighton,2,0,H,24,8,10,1,1.4,4.75,8.0,11708,4.26443,0.616263,Frank Lampard,Graham Potter
2111,2019/20,2020-01-11,Chelsea,Burnley,3,0,H,18,7,8,2,1.28,5.5,11.0,11858,2.87633,0.717407,Frank Lampard,Sean Dyche
2013,2019/20,2019-11-09,Chelsea,Crystal Palace,2,0,H,23,3,5,1,1.33,5.0,10.0,11754,3.28903,0.479488,Frank Lampard,Roy Hodgson
2186,2019/20,2020-03-08,Chelsea,Everton,4,0,H,17,3,11,1,1.8,3.9,4.2,11925,2.02883,0.445922,Frank Lampard,Carlo Ancelotti
1918,2019/20,2019-08-18,Chelsea,Leicester,1,1,D,14,12,5,3,1.7,3.75,5.0,11661,1.22629,0.947941,Frank Lampard,Brendan Rodgers
1958,2019/20,2019-09-22,Chelsea,Liverpool,1,2,A,13,6,2,3,3.5,3.75,2.0,11701,1.23321,1.03003,Frank Lampard,Jürgen Klopp
2209,2019/20,2020-06-25,Chelsea,Man City,2,1,H,15,11,10,2,4.0,4.0,1.8,11946,4.206,0.690594,Frank Lampard,Pep Guardiola
2159,2019/20,2020-02-17,Chelsea,Man United,0,2,A,17,9,1,3,1.85,3.5,4.5,11896,0.940204,0.681814,Frank Lampard,Ole Gunnar Solskjær
1983,2019/20,2019-10-19,Chelsea,Newcastle,1,0,H,16,5,8,0,1.3,5.5,10.0,11725,2.30068,0.197082,Frank Lampard,Steve Bruce
2251,2019/20,2020-07-14,Chelsea,Norwich,1,0,H,22,2,6,0,1.12,9.5,17.0,11995,3.05119,0.0631109,Frank Lampard,Daniel Farke
1932,2019/20,2019-08-31,Chelsea,Sheffield United,2,2,D,13,8,5,2,1.36,4.75,9.0,11675,2.30579,1.04649,Frank Lampard,Chris Wilder
2082,2019/20,2019-12-26,Chelsea,Southampton,0,2,A,10,5,3,3,1.33,5.25,9.0,11825,0.859973,0.981321,Frank Lampard,Ralph Hasenhüttl
2162,2019/20,2020-02-22,Chelsea,Tottenham,2,1,H,17,5,7,3,1.72,4.0,4.5,11906,1.78193,0.265879,Frank Lampard,José Mourinho
2221,2019/20,2020-07-04,Chelsea,Watford,3,0,H,21,7,9,3,1.4,4.75,8.0,11964,2.78877,0.608971,Frank Lampard,Nigel Pearson
2032,2019/20,2019-11-30,Chelsea,West Ham,0,1,A,19,5,6,4,1.28,6.0,9.0,11774,2.73185,1.12034,Frank Lampard,Manuel Pellegrini
2273,2019/20,2020-07-26,Chelsea,Wolves,2,0,H,11,5,3,1,1.85,3.8,4.0,12021,1.15938,0.164561,Frank Lampard,Nuno Espírito Santo
2112,2019/20,2020-01-11,Crystal Palace,Arsenal,1,1,D,6,7,3,4,4.1,3.9,1.8,11859,0.317862,1.43924,Roy Hodgson,Mikel Arteta
1933,2019/20,2019-08-31,Crystal Palace,Aston Villa,1,0,H,22,10,5,2,2.15,3.3,3.5,11676,1.41394,0.30354,Roy Hodgson,Dean Smith
2042,2019/20,2019-12-03,Crystal Palace,Bournemouth,1,0,H,7,6,2,3,2.2,3.4,3.25,11791,0.383763,0.342799,Roy Hodgson,Eddie Howe
2070,2019/20,2019-12-16,Crystal Palace,Brighton,1,1,D,11,15,4,10,2.55,3.25,2.87,11806,0.484859,2.48355,Roy Hodgson,Graham Potter
2213,2019/20,2020-06-29,Crystal Palace,Burnley,0,1,A,17,8,4,4,2.25,3.2,3.4,11957,1.06533,0.359906,Roy Hodgson,Sean Dyche
2232,2019/20,2020-07-07,Crystal Palace,Chelsea,2,3,A,13,14,4,6,8.5,4.5,1.4,11977,1.2882,2.65753,Roy Hodgson,Frank Lampard
1904,2019/20,2019-08-10,Crystal Palace,Everton,0,0,D,6,10,2,3,3.0,3.25,2.37,11647,0.87159,1.2246,Roy Hodgson,Marco Silva
2009,2019/20,2019-11-03,Crystal Palace,Leicester,0,2,A,12,14,3,5,3.5,3.4,2.1,11747,0.44291,0.981167,Roy Hodgson,Brendan Rodgers
2024,2019/20,2019-11-23,Crystal Palace,Liverpool,1,2,A,16,12,6,4,7.5,4.75,1.4,11767,1.02306,1.64291,Roy Hodgson,Jürgen Klopp
1984,2019/20,2019-10-19,Crystal Palace,Man City,0,2,A,7,21,2,10,12.0,7.0,1.22,11726,0.616864,4.02104,Roy Hodgson,Pep Guardiola
2256,2019/20,2020-07-16,Crystal Palace,Man United,0,2,A,13,17,5,5,9.5,4.75,1.36,11996,0.572141,1.90448,Roy Hodgson,Ole Gunnar Solskjær
2163,2019/20,2020-02-22,Crystal Palace,Newcastle,1,0,H,18,8,9,2,1.95,3.4,4.2,11905,1.75552,0.164495,Roy Hodgson,Steve Bruce
1964,2019/20,2019-09-28,Crystal Palace,Norwich,2,0,H,15,10,3,3,1.9,3.75,3.75,11709,1.80497,0.712129,Roy Hodgson,Daniel Farke
2142,2019/20,2020-02-01,Crystal Palace,Sheffield United,0,1,A,13,10,3,3,3.1,3.1,2.5,11885,0.970063,0.860755,Roy Hodgson,Chris Wilder
2133,2019/20,2020-01-21,Crystal Palace,Southampton,0,2,A,6,15,0,6,2.7,3.25,2.7,11882,0.674589,1.1306,Roy Hodgson,Ralph Hasenhüttl
2274,2019/20,2020-07-26,Crystal Palace,Tottenham,1,1,D,13,7,2,2,6.0,4.2,1.55,12020,0.988534,0.310302,Roy Hodgson,José Mourinho
2181,2019/20,2020-03-07,Crystal Palace,Watford,1,0,H,10,10,3,4,2.55,3.2,2.9,11926,0.856107,0.449161,Roy Hodgson,Nigel Pearson
2083,2019/20,2019-12-26,Crystal Palace,West Ham,2,1,H,13,10,4,2,2.3,3.4,3.1,11826,2.14195,0.796338,Roy Hodgson,Manuel Pellegrini
1959,2019/20,2019-09-22,Crystal Palace,Wolves,1,1,D,13,14,4,4,2.62,3.1,2.87,11697,0.984777,1.75572,Roy Hodgson,Nuno Espírito Santo
2074,2019/20,2019-12-21,Everton,Arsenal,0,0,D,9,6,0,2,2.3,3.8,2.87,11816,0.486523,0.881818,Duncan Ferguson,Freddie Ljungberg
2257,2019/20,2020-07-16,Everton,Aston Villa,1,1,D,9,15,1,1,2.0,3.5,3.75,11997,0.944434,1.52021,Carlo Ancelotti,Dean Smith
2275,2019/20,2020-07-26,Everton,Bournemouth,1,3,A,13,13,5,7,2.25,3.7,3.0,12019,1.74699,1.46461,Carlo Ancelotti,Eddie Howe
2113,2019/20,2020-01-11,Everton,Brighton,1,0,H,14,9,6,2,1.85,3.8,4.0,11860,2.02533,1.53324,Carlo Ancelotti,Graham Potter
2084,2019/20,2019-12-26,Everton,Burnley,1,0,H,21,6,5,0,1.7,3.75,5.0,11827,1.47521,0.565252,Carlo Ancelotti,Sean Dyche
2052,2019/20,2019-12-07,Everton,Chelsea,3,1,H,13,15,7,4,3.5,3.75,2.0,11796,2.03892,1.25734,Duncan Ferguson,Frank Lampard
2152,2019/20,2020-02-08,Everton,Crystal Palace,3,1,H,14,10,8,2,1.61,3.8,6.0,11897,2.79103,0.865323,Carlo Ancelotti,Roy Hodgson
2217,2019/20,2020-07-01,Everton,Leicester,2,1,H,7,15,2,3,2.5,3.3,2.9,11958,1.17592,1.80384,Carlo Ancelotti,Brendan Rodgers
2198,2019/20,2020-06-21,Everton,Liverpool,0,0,D,9,10,3,3,6.0,4.2,1.55,11940,0.621456,0.659123,Carlo Ancelotti,Jürgen Klopp
1965,2019/20,2019-09-28,Everton,Man City,1,3,A,12,20,8,9,10.0,5.5,1.3,11711,2.35854,3.1082,Marco Silva,Pep Guardiola
2177,2019/20,2020-03-01,Everton,Man United,1,1,D,16,14,5,5,2.5,3.25,2.9,11916,2.41259,1.12561,Carlo Ancelotti,Ole Gunnar Solskjær
2134,2019/20,2020-01-21,Everton,Newcastle,2,2,D,17,8,8,2,1.55,4.1,6.0,11877,2.05254,0.570931,Carlo Ancelotti,Steve Bruce
2025,2019/20,2019-11-23,Everton,Norwich,0,2,A,18,13,7,5,1.36,5.1,8.0,11768,0.812693,1.80849,Marco Silva,Daniel Farke
1953,2019/20,2019-09-21,Everton,Sheffield United,0,2,A,16,2,3,1,1.61,3.75,6.0,11698,1.26041,0.508011,Marco Silva,Chris Wilder
2240,2019/20,2020-07-09,Everton,Southampton,1,1,D,11,17,4,4,2.05,3.5,3.6,11978,0.671442,2.29684,Carlo Ancelotti,Ralph Hasenhüttl
2010,2019/20,2019-11-03,Everton,Tottenham,1,1,D,7,4,3,2,2.7,3.4,2.6,11748,1.15532,0.243393,Marco Silva,Mauricio Pochettino
1914,2019/20,2019-08-17,Everton,Watford,1,0,H,12,8,2,2,1.72,3.8,4.75,11656,0.832913,1.17279,Marco Silva,Javi Gracia
1985,2019/20,2019-10-19,Everton,West Ham,2,0,H,19,8,10,4,1.95,3.75,3.75,11727,2.23324,0.459112,Marco Silva,Manuel Pellegrini
1940,2019/20,2019-09-01,Everton,Wolves,3,2,H,15,8,6,5,2.2,3.25,3.5,11681,1.48842,2.00172,Marco Silva,Nuno Espírito Santo
2014,2019/20,2019-11-09,Leicester,Arsenal,2,0,H,19,8,7,1,2.0,3.75,3.5,11762,1.37055,0.961339,Brendan Rodgers,Unai Emery
2188,2019/20,2020-03-09,Leicester,Aston Villa,4,0,H,15,4,7,1,1.36,5.25,8.0,11927,2.41239,0.672448,Brendan Rodgers,Dean Smith
1934,2019/20,2019-08-31,Leicester,Bournemouth,3,1,H,13,8,5,2,1.7,4.0,4.75,11677,2.23766,0.554726,Brendan Rodgers,Eddie Howe
2201,2019/20,2020-06-23,Leicester,Brighton,0,0,D,11,10,2,2,1.6,4.0,5.75,11945,0.505486,1.10227,Brendan Rodgers,Graham Potter
1986,2019/20,2019-10-19,Leicester,Burnley,2,1,H,19,13,3,4,1.57,4.0,6.0,11728,0.8291,1.79569,Brendan Rodgers,Sean Dyche
2143,2019/20,2020-02-01,Leicester,Chelsea,2,2,D,14,7,4,3,2.5,3.6,2.7,11886,1.65956,0.806995,Brendan Rodgers,Frank Lampard
2222,2019/20,2020-07-04,Leicester,Crystal Palace,3,0,H,15,7,4,1,1.66,3.6,5.75,11965,2.20683,0.507537,Brendan Rodgers,Roy Hodgson
2037,2019/20,2019-12-01,Leicester,Everton,2,1,H,16,11,6,3,1.61,4.0,5.25,11775,2.24348,1.24986,Brendan Rodgers,Marco Silva
2085,2019/20,2019-12-26,Leicester,Liverpool,0,4,A,3,15,0,6,3.4,3.75,2.05,11828,0.120994,3.76973,Brendan Rodgers,Jürgen Klopp
2164,2019/20,2020-02-22,Leicester,Man City,0,1,A,10,18,3,7,4.5,4.2,1.7,11904,0.723269,2.42749,Brendan Rodgers,Pep Guardiola
2276,2019/20,2020-07-26,Leicester,Man United,0,2,A,14,7,3,3,3.25,3.5,2.2,12018,0.754668,1.41019,Brendan Rodgers,Ole Gunnar Solskjær
1969,2019/20,2019-09-29,Leicester,Newcastle,5,0,H,13,3,5,0,1.5,4.0,7.5,11710,1.82438,0.054134,Brendan Rodgers,Steve Bruce
2063,2019/20,2019-12-14,Leicester,Norwich,1,1,D,18,10,5,3,1.22,6.5,13.0,11807,1.06421,1.16408,Brendan Rodgers,Daniel Farke
2258,2019/20,2020-07-16,Leicester,Sheffield United,2,0,H,15,5,7,1,2.05,3.25,3.9,11998,3.05752,0.660214,Brendan Rodgers,Chris Wilder
2114,2019/20,2020-01-11,Leicester,Southampton,1,2,A,5,16,5,10,1.6,4.0,5.5,11861,0.780114,2.40601,Brendan Rodgers,Ralph Hasenhüttl
1954,2019/20,2019-09-21,Leicester,Tottenham,2,1,H,16,11,7,4,2.87,3.5,2.37,11694,1.28752,1.33735,Brendan Rodgers,Mauricio Pochettino
2044,2019/20,2019-12-04,Leicester,Watford,2,0,H,12,4,6,1,1.33,5.5,8.0,11785,2.28735,0.199733,Brendan Rodgers,Hayden Mullins
2136,2019/20,2020-01-22,Leicester,West Ham,4,1,H,19,6,8,2,1.53,4.33,6.0,11876,2.91302,1.16254,Brendan Rodgers,David Moyes
1908,2019/20,2019-08-11,Leicester,Wolves,0,0,D,15,8,1,2,2.2,3.2,3.4,11651,0.543759,0.812949,Brendan Rodgers,Nuno Espírito Santo
1923,2019/20,2019-08-24,Liverpool,Arsenal,3,1,H,25,9,5,3,1.5,4.6,6.0,11670,2.78821,0.985542,Jürgen Klopp,Unai Emery
2227,2019/20,2020-07-05,Liverpool,Aston Villa,2,0,H,6,9,4,3,1.33,5.5,8.5,11966,1.0837,0.689775,Jürgen Klopp,Dean Smith
2182,2019/20,2020-03-07,Liverpool,Bournemouth,2,1,H,14,6,6,4,1.22,6.5,13.0,11928,1.89453,1.29544,Jürgen Klopp,Eddie Howe
2033,2019/20,2019-11-30,Liverpool,Brighton,2,1,H,15,12,7,5,1.18,7.0,15.0,11776,1.36832,0.867601,Jürgen Klopp,Graham Potter
2242,2019/20,2020-07-11,Liverpool,Burnley,1,1,D,23,6,9,2,1.22,6.5,12.0,11986,2.17649,0.452331,Jürgen Klopp,Sean Dyche
2269,2019/20,2020-07-22,Liverpool,Chelsea,5,3,H,10,10,7,5,2.0,3.75,3.5,12006,1.45179,2.38205,Jürgen Klopp,Frank Lampard
2203,2019/20,2020-06-24,Liverpool,Crystal Palace,4,0,H,21,3,7,0,1.22,6.5,13.0,11951,2.56729,0.0645285,Jürgen Klopp,Roy Hodgson
2045,2019/20,2019-12-04,Liverpool,Everton,5,2,H,11,12,5,4,1.36,5.0,8.5,11792,2.41397,1.76453,Jürgen Klopp,Marco Silva
1973,2019/20,2019-10-05,Liverpool,Leicester,2,1,H,18,2,8,1,1.44,4.75,7.0,11715,3.74867,0.0982107,Jürgen Klopp,Brendan Rodgers
2018,2019/20,2019-11-10,Liverpool,Man City,3,1,H,12,18,5,3,2.5,3.6,2.62,11755,1.3319,1.48104,Jürgen Klopp,Pep Guardiola
2129,2019/20,2020-01-19,Liverpool,Man United,2,0,H,16,9,5,4,1.36,5.25,8.0,11865,2.00655,1.4185,Jürgen Klopp,Ole Gunnar Solskjær
1942,2019/20,2019-09-14,Liverpool,Newcastle,3,1,H,21,8,9,1,1.14,8.5,17.0,11683,2.93281,0.291073,Jürgen Klopp,Steve Bruce
1901,2019/20,2019-08-09,Liverpool,Norwich,4,1,H,15,12,7,5,1.14,10.0,19.0,11643,2.23456,0.842407,Jürgen Klopp,Daniel Farke
2109,2019/20,2020-01-02,Liverpool,Sheffield United,2,0,H,19,3,7,2,1.2,6.5,13.0,11847,3.0465,0.634607,Jürgen Klopp,Chris Wilder
2144,2019/20,2020-02-01,Liverpool,Southampton,4,0,H,16,17,9,4,1.25,6.0,12.0,11887,3.7195,0.716298,Jürgen Klopp,Ralph Hasenhüttl
1998,2019/20,2019-10-27,Liverpool,Tottenham,2,1,H,21,11,13,4,1.5,4.33,6.5,11736,2.18851,1.35143,Jürgen Klopp,Mauricio Pochettino
2064,2019/20,2019-12-14,Liverpool,Watford,2,0,H,16,8,6,2,1.16,7.5,17.0,11808,1.56674,1.01166,Jürgen Klopp,Nigel Pearson
2170,2019/20,2020-02-24,Liverpool,West Ham,3,2,H,25,7,7,4,1.16,8.0,15.0,11911,2.48209,0.638236,Jürgen Klopp,David Moyes
2098,2019/20,2019-12-29,Liverpool,Wolves,1,0,H,10,10,3,2,1.25,5.75,12.0,11836,1.49124,0.363764,Jürgen Klopp,Nuno Espírito Santo
2190,2019/20,2020-06-17,Man City,Arsenal,3,0,H,20,3,12,0,1.36,5.25,7.5,11917,2.73725,0.496759,Pep Guardiola,Mikel Arteta
1994,2019/20,2019-10-26,Man City,Aston Villa,3,0,H,25,11,9,5,1.08,11.0,26.0,11737,3.19004,0.980145,Pep Guardiola,Dean Smith
2254,2019/20,2020-07-15,Man City,Bournemouth,2,1,H,8,15,4,3,1.14,8.5,17.0,11999,0.82755,1.66635,Pep Guardiola,Eddie Howe
1935,2019/20,2019-08-31,Man City,Brighton,4,0,H,15,6,6,2,1.08,10.0,26.0,11678,2.30818,0.861035,Pep Guardiola,Graham Potter
2200,2019/20,2020-06-22,Man City,Burnley,5,0,H,19,1,7,0,1.12,9.0,15.0,11939,2.71096,0.0303408,Pep Guardiola,Sean Dyche
2026,2019/20,2019-11-23,Man City,Chelsea,2,1,H,15,11,4,2,1.44,5.0,6.5,11769,1.23596,0.820474,Pep Guardiola,Frank Lampard
2122,2019/20,2020-01-18,Man City,Crystal Palace,2,2,D,25,5,6,3,1.1,11.0,19.0,11864,2.47314,0.586716,Pep Guardiola,Roy Hodgson
2103,2019/20,2020-01-01,Man City,Everton,2,1,H,16,7,7,2,1.25,6.5,10.0,11848,1.79757,0.848942,Pep Guardiola,Carlo Ancelotti
2075,2019/20,2019-12-21,Man City,Leicester,3,1,H,23,5,12,2,1.36,5.25,7.5,11817,3.59139,1.01388,Pep Guardiola,Brendan Rodgers
2219,2019/20,2020-07-02,Man City,Liverpool,4,0,H,14,11,6,3,2.05,3.9,3.3,11959,2.65433,0.819606,Pep Guardiola,Jürgen Klopp
2053,2019/20,2019-12-07,Man City,Man United,1,2,A,22,11,5,7,1.3,5.5,10.0,11797,2.07108,1.63385,Pep Guardiola,Ole Gunnar Solskjær
2235,2019/20,2020-07-08,Man City,Newcastle,5,0,H,23,6,9,1,1.12,9.0,21.0,11979,3.28662,0.21643,Pep Guardiola,Steve Bruce
2277,2019/20,2020-07-26,Man City,Norwich,5,0,H,31,5,10,4,1.08,11.0,26.0,12017,3.56749,0.786563,Pep Guardiola,Daniel Farke
2099,2019/20,2019-12-29,Man City,Sheffield United,2,0,H,16,8,4,0,1.16,7.5,16.0,11837,1.08628,1.23346,Pep Guardiola,Chris Wilder
2005,2019/20,2019-11-02,Man City,Southampton,2,1,H,26,3,4,3,1.07,13.0,23.0,11749,3.36132,0.893889,Pep Guardiola,Ralph Hasenhüttl
1915,2019/20,2019-08-17,Man City,Tottenham,2,2,D,30,3,10,2,1.36,5.25,8.0,11659,3.20076,0.074542,Pep Guardiola,Mauricio Pochettino
1955,2019/20,2019-09-21,Man City,Watford,8,0,H,28,5,11,4,1.1,11.0,21.0,11695,6.63049,0.344718,Pep Guardiola,Quique Sánchez Flores
2160,2019/20,2020-02-19,Man City,West Ham,2,0,H,20,3,7,0,1.12,9.5,17.0,11898,2.13777,0.0895892,Pep Guardiola,David Moyes
1978,2019/20,2019-10-06,Man City,Wolves,0,2,A,18,7,2,2,1.12,9.0,21.0,11716,1.61884,1.18825,Pep Guardiola,Nuno Espírito Santo
1970,2019/20,2019-09-30,Man United,Arsenal,1,1,D,16,10,4,5,2.37,3.5,2.9,11712,1.1335,1.70399,Ole Gunnar Solskjær,Unai Emery
2038,2019/20,2019-12-01,Man United,Aston Villa,2,2,D,16,9,6,3,1.45,4.5,7.0,11782,1.84804,1.29701,Ole Gunnar Solskjær,Dean Smith
2223,2019/20,2020-07-04,Man United,Bournemouth,5,2,H,19,7,10,3,1.16,7.5,17.0,11967,2.63259,1.52161,Ole Gunnar Solskjær,Eddie Howe
2019,2019/20,2019-11-10,Man United,Brighton,3,1,H,21,6,11,2,1.6,3.75,6.5,11761,3.65299,1.1342,Ole Gunnar Solskjær,Graham Potter
2137,2019/20,2020-01-22,Man United,Burnley,0,2,A,24,5,7,2,1.36,4.75,9.0,11879,1.416,0.717284,Ole Gunnar Solskjær,Sean Dyche
1909,2019/20,2019-08-11,Man United,Chelsea,4,0,H,11,18,5,7,2.1,3.3,3.5,11652,2.37442,1.09534,Ole Gunnar Solskjær,Frank Lampard
1924,2019/20,2019-08-24,Man United,Crystal Palace,1,2,A,22,5,3,3,1.33,5.25,9.0,11669,2.23561,0.676993,Ole Gunnar Solskjær,Roy Hodgson
2068,2019/20,2019-12-15,Man United,Everton,1,1,D,24,8,8,3,1.8,3.7,4.5,11809,1.48327,0.276759,Ole Gunnar Solskjær,Duncan Ferguson
1943,2019/20,2019-09-14,Man United,Leicester,1,0,H,10,9,5,3,1.95,3.5,4.0,11684,1.10019,0.459141,Ole Gunnar Solskjær,Brendan Rodgers
1989,2019/20,2019-10-20,Man United,Liverpool,1,1,D,7,10,2,4,5.25,3.8,1.65,11729,0.791862,1.03212,Ole Gunnar Solskjær,Jürgen Klopp
2187,2019/20,2020-03-08,Man United,Man City,2,0,H,12,7,6,2,5.0,4.33,1.6,11932,1.7389,0.585469,Ole Gunnar Solskjær,Pep Guardiola
2086,2019/20,2019-12-26,Man United,Newcastle,4,1,H,22,7,10,2,1.33,5.25,9.0,11829,1.99638,1.05018,Ole Gunnar Solskjær,Steve Bruce
2115,2019/20,2020-01-11,Man United,Norwich,4,0,H,13,8,6,3,1.33,5.25,8.5,11862,3.13456,0.275987,Ole Gunnar Solskjær,Daniel Farke
2204,2019/20,2020-06-24,Man United,Sheffield United,3,0,H,15,4,6,1,1.4,4.5,8.5,11950,2.8416,0.108082,Ole Gunnar Solskjær,Chris Wilder
2250,2019/20,2020-07-13,Man United,Southampton,2,2,D,8,9,4,5,1.3,5.5,10.0,11987,1.5033,1.8051,Ole Gunnar Solskjær,Ralph Hasenhüttl
2046,2019/20,2019-12-04,Man United,Tottenham,2,1,H,12,8,7,5,2.75,3.4,2.55,11788,1.47683,0.542315,Ole Gunnar Solskjær,José Mourinho
2168,2019/20,2020-02-23,Man United,Watford,3,0,H,21,7,9,2,1.6,3.9,6.0,11910,2.5042,0.294956,Ole Gunnar Solskjær,Nigel Pearson
2270,2019/20,2020-07-22,Man United,West Ham,1,1,D,11,12,4,3,1.22,6.5,11.0,12007,0.984161,1.29009,Ole Gunnar Solskjær,David Moyes
2145,2019/20,2020-02-01,Man United,Wolves,0,0,D,15,14,5,3,2.25,3.25,3.4,11888,1.18608,1.54211,Ole Gunnar Solskjær,Nuno Espírito Santo
1910,2019/20,2019-08-11,Newcastle,Arsenal,0,1,A,9,8,2,2,4.5,3.75,1.72,11650,0.380551,1.13309,Steve Bruce,Unai Emery
2205,2019/20,2020-06-24,Newcastle,Aston Villa,1,1,D,13,14,3,2,2.3,3.3,3.2,11949,0.661808,1.22985,Steve Bruce,Dean Smith
2015,2019/20,2019-11-09,Newcastle,Bournemouth,2,1,H,20,16,9,3,2.55,3.25,2.8,11756,2.3306,1.9213,Steve Bruce,Eddie Howe
1956,2019/20,2019-09-21,Newcastle,Brighton,0,0,D,11,16,4,3,2.5,3.2,3.0,11699,1.09807,1.21592,Steve Bruce,Graham Potter
2174,2019/20,2020-02-29,Newcastle,Burnley,0,0,D,21,8,4,1,2.62,3.1,2.9,11918,1.11713,0.617612,Steve Bruce,Sean Dyche
2123,2019/20,2020-01-18,Newcastle,Chelsea,1,0,H,7,19,2,4,6.0,4.5,1.5,11868,0.892988,2.05436,Steve Bruce,Frank Lampard
2076,2019/20,2019-12-21,Newcastle,Crystal Palace,1,0,H,8,16,3,4,2.37,3.1,3.25,11818,0.714368,0.985368,Steve Bruce,Roy Hodgson
2092,2019/20,2019-12-28,Newcastle,Everton,1,2,A,20,22,5,9,3.6,3.4,2.05,11838,1.63211,2.82576,Steve Bruce,Carlo Ancelotti
2104,2019/20,2020-01-01,Newcastle,Leicester,0,3,A,5,17,2,10,5.0,3.8,1.66,11849,0.780118,2.43642,Steve Bruce,Brendan Rodgers
2278,2019/20,2020-07-26,Newcastle,Liverpool,1,3,A,3,14,2,6,7.5,5.25,1.36,12016,0.339294,0.56818,Steve Bruce,Jürgen Klopp
2034,2019/20,2019-11-30,Newcastle,Man City,2,2,D,6,24,3,9,13.0,8.0,1.16,11777,0.208252,2.44389,Steve Bruce,Pep Guardiola
1979,2019/20,2019-10-06,Newcastle,Man United,1,0,H,12,12,2,3,4.5,3.5,1.85,11721,0.650296,0.969204,Steve Bruce,Ole Gunnar Solskjær
2146,2019/20,2020-02-01,Newcastle,Norwich,0,0,D,15,19,5,4,2.2,3.4,3.3,11889,0.937293,2.39985,Steve Bruce,Daniel Farke
2199,2019/20,2020-06-21,Newcastle,Sheffield United,3,0,H,12,7,8,1,3.3,3.1,2.37,11938,2.15148,0.57107,Steve Bruce,Chris Wilder
2058,2019/20,2019-12-08,Newcastle,Southampton,2,1,H,12,19,6,4,2.5,3.2,2.9,11798,1.10449,1.89255,Steve Bruce,Ralph Hasenhüttl
2255,2019/20,2020-07-15,Newcastle,Tottenham,1,3,A,22,8,6,5,4.6,3.8,1.75,12000,1.05748,1.7498,Steve Bruce,José Mourinho
1936,2019/20,2019-08-31,Newcastle,Watford,1,1,D,13,13,5,3,2.5,3.25,2.87,11679,1.04131,1.1068,Steve Bruce,Javi Gracia
2228,2019/20,2020-07-05,Newcastle,West Ham,2,2,D,11,17,4,7,2.6,3.3,2.75,11968,1.49121,2.03065,Steve Bruce,David Moyes
1999,2019/20,2019-10-27,Newcastle,Wolves,1,1,D,13,13,2,5,3.0,3.1,2.55,11738,0.603104,1.93255,Steve Bruce,Nuno Espírito Santo
2039,2019/20,2019-12-01,Norwich,Arsenal,2,2,D,15,16,8,7,4.0,4.33,1.75,11781,0.810596,1.96157,Daniel Farke,Freddie Ljungberg
1974,2019/20,2019-10-05,Norwich,Aston Villa,1,5,A,21,22,5,12,2.37,3.6,2.8,11717,1.84838,3.67827,Daniel Farke,Dean Smith
2124,2019/20,2020-01-18,Norwich,Bournemouth,1,0,H,16,6,5,3,2.2,3.5,3.25,11869,1.76046,0.558298,Daniel Farke,Eddie Howe
2224,2019/20,2020-07-04,Norwich,Brighton,0,1,A,12,8,1,2,3.3,3.4,2.2,11969,0.545069,0.903046,Daniel Farke,Graham Potter
2261,2019/20,2020-07-18,Norwich,Burnley,0,2,A,6,23,2,8,3.2,3.4,2.25,12008,0.576602,1.8233,Daniel Farke,Sean Dyche
1925,2019/20,2019-08-24,Norwich,Chelsea,2,3,A,6,23,5,8,4.33,3.75,1.8,11664,1.07904,1.89428,Daniel Farke,Frank Lampard
2105,2019/20,2020-01-01,Norwich,Crystal Palace,1,1,D,15,12,4,3,2.5,3.4,2.75,11850,1.66454,1.29896,Daniel Farke,Roy Hodgson
2206,2019/20,2020-06-24,Norwich,Everton,0,1,A,9,12,1,5,3.9,3.6,1.9,11948,0.382813,0.654912,Daniel Farke,Carlo Ancelotti
2171,2019/20,2020-02-28,Norwich,Leicester,1,0,H,11,19,6,4,4.33,4.1,1.72,11919,0.591716,1.42581,Daniel Farke,Brendan Rodgers
2155,2019/20,2020-02-15,Norwich,Liverpool,0,1,A,5,17,1,6,11.0,6.25,1.25,11899,0.383495,2.07331,Daniel Farke,Jürgen Klopp
1944,2019/20,2019-09-14,Norwich,Man City,3,2,H,7,25,3,8,15.0,9.0,1.14,11689,1.7413,2.34436,Daniel Farke,Pep Guardiola
2000,2019/20,2019-10-27,Norwich,Man United,1,3,A,10,21,3,11,4.33,4.0,1.75,11739,0.8924,4.51232,Daniel Farke,Ole Gunnar Solskjær
1916,2019/20,2019-08-17,Norwich,Newcastle,3,1,H,15,10,8,3,2.25,3.3,3.3,11657,2.09572,0.920429,Daniel Farke,Steve Bruce
2059,2019/20,2019-12-08,Norwich,Sheffield United,1,2,A,14,9,4,3,2.9,3.5,2.37,11799,0.585805,0.712899,Daniel Farke,Chris Wilder
2191,2019/20,2020-06-19,Norwich,Southampton,0,3,A,9,22,1,9,2.8,3.5,2.45,11937,0.654932,1.87099,Daniel Farke,Ralph Hasenhüttl
2093,2019/20,2019-12-28,Norwich,Tottenham,2,2,D,5,15,2,7,5.0,4.0,1.66,11839,0.268052,1.82189,Daniel Farke,José Mourinho
2011,2019/20,2019-11-08,Norwich,Watford,0,2,A,17,12,5,2,2.7,3.5,2.55,11757,0.62104,1.36017,Daniel Farke,Quique Sánchez Flores
2243,2019/20,2020-07-11,Norwich,West Ham,0,4,A,11,19,2,7,3.75,3.75,1.95,11988,0.613251,3.81088,Daniel Farke,David Moyes
2077,2019/20,2019-12-21,Norwich,Wolves,1,2,A,13,14,7,4,3.75,3.8,1.9,11819,1.26536,1.65224,Daniel Farke,Nuno Espírito Santo
1990,2019/20,2019-10-21,Sheffield United,Arsenal,1,0,H,8,9,2,3,3.9,3.75,1.9,11730,0.895722,0.949735,Chris Wilder,Unai Emery
2065,2019/20,2019-12-14,Sheffield United,Aston Villa,2,0,H,7,8,3,0,1.85,3.75,4.2,11810,1.888,0.97258,Chris Wilder,Dean Smith
2153,2019/20,2020-02-09,Sheffield United,Bournemouth,2,1,H,16,10,6,2,1.66,3.6,5.75,11900,2.04467,1.07183,Chris Wilder,Eddie Howe
2165,2019/20,2020-02-22,Sheffield United,Brighton,1,1,D,14,8,3,2,1.95,3.4,4.2,11909,1.6597,1.06035,Chris Wilder,Graham Potter
2006,2019/20,2019-11-02,Sheffield United,Burnley,3,0,H,13,6,6,0,2.25,3.2,3.4,11750,2.58392,0.716613,Chris Wilder,Sean Dyche
2244,2019/20,2020-07-11,Sheffield United,Chelsea,3,0,H,9,15,4,4,6.0,3.8,1.6,11989,2.00632,1.17509,Chris Wilder,Frank Lampard
1919,2019/20,2019-08-18,Sheffield United,Crystal Palace,1,0,H,15,6,3,4,2.55,3.1,2.9,11660,1.84778,0.241912,Chris Wilder,Roy Hodgson
2265,2019/20,2020-07-20,Sheffield United,Everton,0,1,A,8,5,0,2,2.2,3.25,3.5,12009,0.468461,0.624814,Chris Wilder,Carlo Ancelotti
1926,2019/20,2019-08-24,Sheffield United,Leicester,1,2,A,8,10,3,2,3.3,3.3,2.25,11665,0.654318,0.704879,Chris Wilder,Brendan Rodgers
1966,2019/20,2019-09-28,Sheffield United,Liverpool,0,1,A,12,16,2,4,9.0,5.25,1.33,11703,1.17022,1.97079,Chris Wilder,Jürgen Klopp
2135,2019/20,2020-01-21,Sheffield United,Man City,0,1,A,4,18,1,5,7.0,5.0,1.4,11875,0.774943,2.873,Chris Wilder,Pep Guardiola
2029,2019/20,2019-11-24,Sheffield United,Man United,3,3,D,12,11,8,5,3.5,3.4,2.1,11770,1.56025,1.33065,Chris Wilder,Ole Gunnar Solskjær
2050,2019/20,2019-12-05,Sheffield United,Newcastle,0,2,A,13,6,6,4,1.83,3.4,4.6,11786,1.09175,0.533775,Chris Wilder,Steve Bruce
2183,2019/20,2020-03-07,Sheffield United,Norwich,1,0,H,10,12,4,5,1.65,3.75,5.75,11929,1.17263,2.55449,Chris Wilder,Daniel Farke
1945,2019/20,2019-09-14,Sheffield United,Southampton,0,1,A,17,11,4,7,2.45,3.2,3.0,11686,1.88034,1.57659,Chris Wilder,Ralph Hasenhüttl
2220,2019/20,2020-07-02,Sheffield United,Tottenham,3,1,H,7,9,5,2,4.2,3.4,1.95,11960,1.59994,1.01524,Chris Wilder,José Mourinho
2087,2019/20,2019-12-26,Sheffield United,Watford,1,1,D,16,5,4,2,1.83,3.6,4.33,11830,2.04481,0.596611,Chris Wilder,Nigel Pearson
2110,2019/20,2020-01-10,Sheffield United,West Ham,1,0,H,13,7,3,2,1.95,3.4,4.0,11855,2.02768,0.90477,Chris Wilder,David Moyes
2236,2019/20,2020-07-08,Sheffield United,Wolves,1,0,H,7,6,3,1,3.8,3.2,2.1,11980,0.470483,0.326909,Chris Wilder,Nuno Espírito Santo
2210,2019/20,2020-06-25,Southampton,Arsenal,0,2,A,12,10,3,5,2.6,3.5,2.62,11952,0.738305,2.18595,Ralph Hasenhüttl,Mikel Arteta
2166,2019/20,2020-02-22,Southampton,Aston Villa,2,0,H,28,4,9,1,1.61,4.33,5.0,11908,3.02926,0.47235,Ralph Hasenhüttl,Dean Smith
1951,2019/20,2019-09-20,Southampton,Bournemouth,1,3,A,25,6,6,3,2.05,3.6,3.5,11693,2.18021,1.29773,Ralph Hasenhüttl,Eddie Howe
2259,2019/20,2020-07-16,Southampton,Brighton,1,1,D,21,10,6,2,2.15,3.3,3.5,12002,2.33745,0.67264,Ralph Hasenhüttl,Graham Potter
2156,2019/20,2020-02-15,Southampton,Burnley,1,2,A,10,9,2,6,1.75,3.8,4.75,11901,0.694025,0.892699,Ralph Hasenhüttl,Sean Dyche
1980,2019/20,2019-10-06,Southampton,Chelsea,1,4,A,10,13,3,7,4.0,3.8,1.85,11718,1.27044,2.15201,Ralph Hasenhüttl,Frank Lampard
2094,2019/20,2019-12-28,Southampton,Crystal Palace,1,1,D,14,5,5,2,1.95,3.6,3.8,11840,1.47937,0.137837,Ralph Hasenhüttl,Roy Hodgson
2016,2019/20,2019-11-09,Southampton,Everton,1,2,A,4,24,3,5,2.9,3.3,2.45,11758,0.742281,2.08883,Ralph Hasenhüttl,Marco Silva
1991,2019/20,2019-10-25,Southampton,Leicester,0,9,A,6,25,3,15,3.1,3.4,2.3,11740,0.457334,4.38046,Ralph Hasenhüttl,Brendan Rodgers
1917,2019/20,2019-08-17,Southampton,Liverpool,1,2,A,14,15,3,6,6.5,4.75,1.44,11658,2.14047,1.52022,Ralph Hasenhüttl,Jürgen Klopp
2229,2019/20,2020-07-05,Southampton,Man City,1,0,H,8,26,4,6,8.5,6.0,1.3,11970,0.628765,3.39575,Ralph Hasenhüttl,Pep Guardiola
1937,2019/20,2019-08-31,Southampton,Man United,1,1,D,10,21,2,8,3.8,3.3,2.05,11673,0.769616,1.90356,Ralph Hasenhüttl,Ole Gunnar Solskjær
2184,2019/20,2020-03-07,Southampton,Newcastle,0,1,A,6,14,3,7,1.61,4.1,5.25,11930,0.348871,3.06384,Ralph Hasenhüttl,Steve Bruce
2047,2019/20,2019-12-04,Southampton,Norwich,2,1,H,14,10,5,3,1.72,4.0,4.2,11790,2.00232,0.896647,Ralph Hasenhüttl,Daniel Farke
2279,2019/20,2020-07-26,Southampton,Sheffield United,3,1,H,13,5,4,3,2.15,3.5,3.3,12015,1.64306,1.41051,Ralph Hasenhüttl,Chris Wilder
2106,2019/20,2020-01-01,Southampton,Tottenham,1,0,H,12,11,3,5,3.3,3.5,2.1,11851,1.51192,1.078,Ralph Hasenhüttl,José Mourinho
2035,2019/20,2019-11-30,Southampton,Watford,2,1,H,11,6,6,3,2.1,3.4,3.5,11778,1.9671,0.504005,Ralph Hasenhüttl,Quique Sánchez Flores
2066,2019/20,2019-12-14,Southampton,West Ham,0,1,A,11,11,2,4,1.9,3.8,3.8,11811,0.805884,0.90324,Ralph Hasenhüttl,Manuel Pellegrini
2125,2019/20,2020-01-18,Southampton,Wolves,2,3,A,11,8,5,4,2.4,3.4,3.0,11870,0.786974,2.1772,Ralph Hasenhüttl,Nuno Espírito Santo
2248,2019/20,2020-07-12,Tottenham,Arsenal,2,1,H,15,13,9,4,2.62,3.4,2.7,11990,1.81846,0.68991,José Mourinho,Mikel Arteta
1905,2019/20,2019-08-10,Tottenham,Aston Villa,3,1,H,31,7,7,4,1.3,5.25,10.0,11649,2.57262,0.639599,Mauricio Pochettino,Dean Smith
2036,2019/20,2019-11-30,Tottenham,Bournemouth,3,2,H,15,20,5,6,1.36,5.5,7.5,11779,2.93189,1.02949,José Mourinho,Eddie Howe
2088,2019/20,2019-12-26,Tottenham,Brighton,2,1,H,11,11,5,5,1.53,4.33,6.0,11831,1.02645,1.09007,José Mourinho,Graham Potter
2054,2019/20,2019-12-07,Tottenham,Burnley,5,0,H,13,7,7,1,1.4,4.75,8.0,11800,2.39684,1.08645,José Mourinho,Sean Dyche
2078,2019/20,2019-12-22,Tottenham,Chelsea,0,2,A,5,13,1,3,2.37,3.75,2.75,11820,0.276667,1.49374,José Mourinho,Frank Lampard
1946,2019/20,2019-09-14,Tottenham,Crystal Palace,4,0,H,13,11,5,6,1.36,5.25,8.0,11687,1.04944,0.577323,Mauricio Pochettino,Roy Hodgson
2230,2019/20,2020-07-06,Tottenham,Everton,1,0,H,12,11,2,3,2.1,3.5,3.4,11971,0.511828,0.403762,José Mourinho,Carlo Ancelotti
2263,2019/20,2020-07-19,Tottenham,Leicester,3,0,H,7,24,3,6,2.25,3.3,3.25,12010,0.766922,1.20085,José Mourinho,Brendan Rodgers
2116,2019/20,2020-01-11,Tottenham,Liverpool,0,1,A,14,13,4,7,4.5,4.33,1.66,11854,1.10584,1.74564,José Mourinho,Jürgen Klopp
2150,2019/20,2020-02-02,Tottenham,Man City,2,0,H,3,18,3,5,5.5,4.6,1.53,11890,0.420293,3.25139,José Mourinho,Pep Guardiola
2192,2019/20,2020-06-19,Tottenham,Man United,1,1,D,10,12,3,6,3.0,3.4,2.37,11936,0.534852,1.77307,José Mourinho,Ole Gunnar Solskjær
1929,2019/20,2019-08-25,Tottenham,Newcastle,0,1,A,17,8,2,3,1.2,6.5,14.0,11672,1.25927,0.51428,Mauricio Pochettino,Steve Bruce
2138,2019/20,2020-01-22,Tottenham,Norwich,2,1,H,14,12,3,2,1.4,5.0,7.5,11880,2.22282,1.42472,José Mourinho,Daniel Farke
2017,2019/20,2019-11-09,Tottenham,Sheffield United,1,1,D,17,14,5,4,1.57,4.0,6.0,11759,1.5104,0.923443,Mauricio Pochettino,Chris Wilder
1967,2019/20,2019-09-28,Tottenham,Southampton,2,1,H,9,14,4,6,1.4,4.75,8.0,11704,1.19008,1.16256,Mauricio Pochettino,Ralph Hasenhüttl
1987,2019/20,2019-10-19,Tottenham,Watford,1,1,D,12,7,2,2,1.4,5.0,7.5,11731,0.891617,0.846851,Mauricio Pochettino,Quique Sánchez Flores
2202,2019/20,2020-06-23,Tottenham,West Ham,2,0,H,15,10,4,2,1.66,4.0,5.0,11944,2.24125,0.83104,José Mourinho,David Moyes
2178,2019/20,2020-03-01,Tottenham,Wolves,2,3,A,13,14,5,4,2.45,3.2,3.0,11920,1.63079,2.62251,José Mourinho,Nuno Espírito Santo
1949,2019/20,2019-09-15,Watford,Arsenal,2,2,D,31,10,7,4,3.6,3.6,2.0,11691,2.83209,1.00616,Quique Sánchez Flores,Unai Emery
2095,2019/20,2019-12-28,Watford,Aston Villa,3,0,H,20,11,6,2,1.95,3.8,3.6,11841,3.25314,0.610997,Nigel Pearson,Dean Smith
1995,2019/20,2019-10-26,Watford,Bournemouth,0,0,D,7,15,3,5,2.15,3.6,3.25,11741,0.674903,0.899526,Quique Sánchez Flores,Eddie Howe
1906,2019/20,2019-08-10,Watford,Brighton,0,3,A,11,5,3,3,1.9,3.4,4.0,11648,0.670022,0.855516,Javi Gracia,Graham Potter
2027,2019/20,2019-11-23,Watford,Burnley,0,3,A,15,11,4,5,2.3,3.4,3.1,11771,0.902384,2.66281,Quique Sánchez Flores,Sean Dyche
2007,2019/20,2019-11-02,Watford,Chelsea,1,2,A,12,16,3,10,5.0,4.33,1.61,11751,1.4744,2.18313,Quique Sánchez Flores,Frank Lampard
2055,2019/20,2019-12-07,Watford,Crystal Palace,0,0,D,13,3,3,0,2.37,3.3,3.1,11801,1.57132,0.210746,Hayden Mullins,Roy Hodgson
2147,2019/20,2020-02-01,Watford,Everton,2,3,A,11,12,2,5,2.75,3.3,2.62,11891,0.919248,2.70178,Nigel Pearson,Carlo Ancelotti
2195,2019/20,2020-06-20,Watford,Leicester,1,1,D,8,15,4,2,3.6,3.5,2.05,11935,1.00765,1.05245,Nigel Pearson,Brendan Rodgers
2175,2019/20,2020-02-29,Watford,Liverpool,3,0,H,14,7,5,1,8.0,4.75,1.4,11921,2.71351,0.206031,Nigel Pearson,Jürgen Klopp
2268,2019/20,2020-07-21,Watford,Man City,0,4,A,2,26,0,10,8.5,5.5,1.33,12011,0.131868,3.73814,Hayden Mullins,Pep Guardiola
2079,2019/20,2019-12-22,Watford,Man United,2,0,H,11,17,3,8,4.33,4.0,1.75,11821,1.59291,1.5309,Nigel Pearson,Ole Gunnar Solskjær
2245,2019/20,2020-07-11,Watford,Newcastle,2,1,H,17,8,5,4,1.8,3.6,4.5,11991,3.12855,1.49134,Nigel Pearson,Steve Bruce
2233,2019/20,2020-07-07,Watford,Norwich,2,1,H,9,12,4,3,1.7,3.75,5.0,11981,0.725199,1.13378,Nigel Pearson,Daniel Farke
1975,2019/20,2019-10-05,Watford,Sheffield United,0,0,D,8,9,2,3,2.05,3.4,3.6,11719,1.44318,0.353724,Quique Sánchez Flores,Chris Wilder
2212,2019/20,2020-06-28,Watford,Southampton,1,3,A,8,11,0,7,2.5,3.3,2.87,11961,0.365347,1.3364,Nigel Pearson,Ralph Hasenhüttl
2126,2019/20,2020-01-18,Watford,Tottenham,0,0,D,15,17,2,5,3.25,3.5,2.2,11871,2.39174,1.76697,Nigel Pearson,José Mourinho
1927,2019/20,2019-08-24,Watford,West Ham,1,3,A,23,16,3,10,2.05,3.5,3.5,11667,2.29348,3.45768,Javi Gracia,Manuel Pellegrini
2107,2019/20,2020-01-01,Watford,Wolves,2,1,H,9,16,3,4,3.0,3.4,2.3,11852,1.07053,1.23252,Nigel Pearson,Nuno Espírito Santo
2060,2019/20,2019-12-09,West Ham,Arsenal,1,3,A,11,10,4,3,3.3,4.0,2.0,11802,0.521847,1.79181,Manuel Pellegrini,Freddie Ljungberg
2280,2019/20,2020-07-26,West Ham,Aston Villa,1,1,D,10,13,1,4,3.0,3.6,2.3,12013,0.781465,0.983594,David Moyes,Dean Smith
2108,2019/20,2020-01-01,West Ham,Bournemouth,4,0,H,14,3,7,2,1.9,3.75,3.8,11843,2.32825,0.720709,David Moyes,Eddie Howe
2148,2019/20,2020-02-01,West Ham,Brighton,3,3,D,12,19,6,6,2.6,3.3,2.75,11892,1.30774,2.03179,David Moyes,Graham Potter
2237,2019/20,2020-07-08,West Ham,Burnley,0,1,A,21,8,5,4,2.0,3.4,3.9,11982,1.99821,1.05291,David Moyes,Sean Dyche
2218,2019/20,2020-07-01,West Ham,Chelsea,3,2,H,10,17,4,6,5.5,4.33,1.57,11962,2.10497,1.57609,David Moyes,Frank Lampard
1976,2019/20,2019-10-05,West Ham,Crystal Palace,1,2,A,9,7,4,4,1.95,3.6,3.8,11720,1.23577,2.0682,Manuel Pellegrini,Roy Hodgson
2127,2019/20,2020-01-18,West Ham,Everton,1,1,D,12,11,6,3,2.9,3.5,2.37,11872,1.68436,1.95473,David Moyes,Carlo Ancelotti
2096,2019/20,2019-12-28,West Ham,Leicester,1,2,A,14,13,4,8,4.0,3.9,1.83,11842,0.782104,2.62349,Manuel Pellegrini,Brendan Rodgers
2140,2019/20,2020-01-29,West Ham,Liverpool,0,2,A,7,13,4,5,8.5,5.5,1.33,11822,0.878341,2.59926,David Moyes,Jürgen Klopp
1907,2019/20,2019-08-10,West Ham,Man City,0,5,A,5,14,3,9,12.0,6.5,1.22,11644,1.2003,3.18377,Manuel Pellegrini,Pep Guardiola
1960,2019/20,2019-09-22,West Ham,Man United,2,0,H,8,9,6,3,3.1,3.6,2.2,11700,0.51376,1.27826,Manuel Pellegrini,Ole Gunnar Solskjær
2008,2019/20,2019-11-02,West Ham,Newcastle,2,3,A,16,12,6,9,1.75,3.8,4.5,11752,1.53597,1.93192,Manuel Pellegrini,Steve Bruce
1938,2019/20,2019-08-31,West Ham,Norwich,2,0,H,18,8,8,3,1.85,3.9,3.9,11674,2.20657,1.1674,Manuel Pellegrini,Daniel Farke
1996,2019/20,2019-10-26,West Ham,Sheffield United,1,1,D,12,10,4,4,2.1,3.5,3.5,11742,2.33891,1.16171,Manuel Pellegrini,Chris Wilder
2176,2019/20,2020-02-29,West Ham,Southampton,3,1,H,14,10,7,2,2.65,3.6,2.5,11922,2.78682,0.868573,David Moyes,Ralph Hasenhüttl
2028,2019/20,2019-11-23,West Ham,Tottenham,2,3,A,11,15,4,6,4.2,4.33,1.7,11772,0.661449,2.20681,Manuel Pellegrini,José Mourinho
2260,2019/20,2020-07-17,West Ham,Watford,3,1,H,10,14,4,3,2.4,3.0,3.3,12001,0.833995,1.03402,David Moyes,Nigel Pearson
2196,2019/20,2020-06-20,West Ham,Wolves,0,2,A,7,10,2,6,3.6,3.4,2.1,11934,0.44207,1.06433,David Moyes,Nuno Espírito Santo
2225,2019/20,2020-07-04,Wolves,Arsenal,0,2,A,10,8,1,5,2.25,3.4,3.25,11972,0.985166,1.28273,Nuno Espírito Santo,Mikel Arteta
2020,2019/20,2019-11-10,Wolves,Aston Villa,2,1,H,17,13,5,4,1.9,3.5,4.2,11760,2.09891,0.473225,Nuno Espírito Santo,Dean Smith
2207,2019/20,2020-06-24,Wolves,Bournemouth,1,0,H,10,4,2,0,1.55,4.0,6.0,11947,0.715002,0.0619009,Nuno Espírito Santo,Eddie Howe
2185,2019/20,2020-03-07,Wolves,Brighton,0,0,D,11,7,1,1,1.61,3.9,5.75,11931,0.898221,0.308874,Nuno Espírito Santo,Graham Potter
1930,2019/20,2019-08-25,Wolves,Burnley,1,1,D,17,13,2,4,1.85,3.4,4.5,11668,1.32793,1.22762,Nuno Espírito Santo,Sean Dyche
1947,2019/20,2019-09-14,Wolves,Chelsea,2,5,A,11,15,4,6,2.9,3.3,2.5,11688,1.49359,3.06799,Nuno Espírito Santo,Frank Lampard
2266,2019/20,2020-07-20,Wolves,Crystal Palace,2,0,H,11,7,5,3,1.5,4.0,7.5,12012,1.48696,0.440119,Nuno Espírito Santo,Roy Hodgson
2249,2019/20,2020-07-12,Wolves,Everton,3,0,H,14,6,7,2,2.05,3.3,3.8,11992,2.86724,0.286561,Nuno Espírito Santo,Carlo Ancelotti
2154,2019/20,2020-02-14,Wolves,Leicester,0,0,D,15,9,3,3,2.5,3.3,2.87,11902,1.14491,0.527366,Nuno Espírito Santo,Brendan Rodgers
2139,2019/20,2020-01-23,Wolves,Liverpool,1,2,A,10,13,3,6,5.75,3.8,1.61,11874,1.85442,1.59024,Nuno Espírito Santo,Jürgen Klopp
2089,2019/20,2019-12-27,Wolves,Man City,3,2,H,20,7,8,3,8.5,5.0,1.36,11832,2.39405,1.52044,Nuno Espírito Santo,Pep Guardiola
1920,2019/20,2019-08-19,Wolves,Man United,1,1,D,6,9,2,2,3.3,3.3,2.25,11662,0.307356,1.14332,Nuno Espírito Santo,Ole Gunnar Solskjær
2117,2019/20,2020-01-11,Wolves,Newcastle,1,1,D,9,5,4,1,1.44,4.5,7.5,11853,2.04805,0.184495,Nuno Espírito Santo,Steve Bruce
2169,2019/20,2020-02-23,Wolves,Norwich,3,0,H,19,6,6,4,1.5,4.2,7.0,11912,3.25033,0.360646,Nuno Espírito Santo,Daniel Farke
2040,2019/20,2019-12-01,Wolves,Sheffield United,1,1,D,13,9,3,4,1.9,3.5,4.2,11780,1.27422,1.47296,Nuno Espírito Santo,Chris Wilder
1988,2019/20,2019-10-19,Wolves,Southampton,1,1,D,4,14,1,5,1.8,3.6,4.5,11732,0.887495,1.37695,Nuno Espírito Santo,Ralph Hasenhüttl
2069,2019/20,2019-12-15,Wolves,Tottenham,1,2,A,18,9,5,5,3.25,3.4,2.25,11812,0.718669,0.989205,Nuno Espírito Santo,José Mourinho
1968,2019/20,2019-09-28,Wolves,Watford,2,0,H,6,14,2,5,1.85,3.4,4.5,11705,1.16363,1.06615,Nuno Espírito Santo,Quique Sánchez Flores
2048,2019/20,2019-12-04,Wolves,West Ham,2,0,H,13,6,7,3,1.75,3.7,4.75,11787,1.82237,0.501977,Nuno Espírito Santo,Manuel Pellegrini
2355,2020/21,2020-11-08,Arsenal,Aston Villa,0,3,A,13,15,2,6,1.65,4.1,5.0,14505,1.39037,1.98553,Mikel Arteta,Dean Smith
2651,2020/21,2021-05-23,Arsenal,Brighton,2,0,H,16,5,5,1,1.57,4.33,5.25,14805,0.772904,0.193968,Mikel Arteta,Graham Potter
2393,2020/21,2020-12-13,Arsenal,Burnley,0,1,A,18,10,6,2,1.53,4.2,6.25,14554,1.85362,0.815375,Mikel Arteta,Sean Dyche
2418,2020/21,2020-12-26,Arsenal,Chelsea,3,1,H,15,19,7,3,4.0,3.6,1.9,14575,1.94485,2.25414,Mikel Arteta,Frank Lampard
2450,2020/21,2021-01-14,Arsenal,Crystal Palace,0,0,D,11,12,4,2,1.53,4.0,6.5,14605,0.368554,0.709634,Mikel Arteta,Roy Hodgson
2601,2020/21,2021-04-23,Arsenal,Everton,0,1,A,14,8,3,1,2.0,3.5,3.75,14755,0.735767,0.529676,Mikel Arteta,Carlo Ancelotti
2594,2020/21,2021-04-18,Arsenal,Fulham,1,1,D,18,3,5,1,1.7,3.8,4.8,14745,2.85573,0.839128,Mikel Arteta,Scott Parker
2510,2020/21,2021-02-14,Arsenal,Leeds,4,2,H,13,9,5,5,1.83,3.8,4.0,14665,2.50614,0.77074,Mikel Arteta,Marcelo Bielsa
2334,2020/21,2020-10-25,Arsenal,Leicester,0,1,A,12,6,4,2,1.9,3.75,3.8,14485,0.73944,0.736172,Mikel Arteta,Brendan Rodgers
2571,2020/21,2021-04-03,Arsenal,Liverpool,0,3,A,3,16,2,7,3.1,3.7,2.15,14725,0.161161,2.43732,Mikel Arteta,Jürgen Klopp
2523,2020/21,2021-02-21,Arsenal,Man City,0,1,A,7,15,1,3,6.5,4.33,1.5,14675,0.331188,2.08868,Mikel Arteta,Pep Guardiola
2476,2020/21,2021-01-30,Arsenal,Man United,0,0,D,17,14,3,3,2.8,3.5,2.45,14635,0.747166,1.51332,Mikel Arteta,Ole Gunnar Solskjær
2459,2020/21,2021-01-18,Arsenal,Newcastle,3,0,H,20,4,6,1,1.4,4.5,8.0,14615,2.30744,0.168796,Mikel Arteta,Steve Bruce
2313,2020/21,2020-10-04,Arsenal,Sheffield United,2,1,H,6,6,5,2,1.57,4.0,6.0,14465,0.667131,0.144994,Mikel Arteta,Chris Wilder
2400,2020/21,2020-12-16,Arsenal,Southampton,1,1,D,9,13,4,3,2.25,3.5,3.1,14555,0.661135,1.11296,Mikel Arteta,Ralph Hasenhüttl
2562,2020/21,2021-03-14,Arsenal,Tottenham,2,1,H,13,6,3,3,2.55,3.4,2.75,14705,1.56529,0.705566,Mikel Arteta,José Mourinho
2623,2020/21,2021-05-09,Arsenal,West Brom,3,1,H,15,12,7,1,1.44,4.5,7.0,14775,1.07042,1.83076,Mikel Arteta,Sam Allardyce
2289,2020/21,2020-09-19,Arsenal,West Ham,2,1,H,7,14,3,3,1.53,4.5,5.5,14099,1.32902,2.06377,Mikel Arteta,David Moyes
2374,2020/21,2020-11-29,Arsenal,Wolves,1,2,A,13,11,2,5,2.05,3.4,3.75,14525,1.1185,2.0069,Mikel Arteta,Nuno Espírito Santo
2496,2020/21,2021-02-06,Aston Villa,Arsenal,1,0,H,12,14,8,3,2.62,3.5,2.6,14655,1.19792,0.679649,Dean Smith,Mikel Arteta
2359,2020/21,2020-11-21,Aston Villa,Brighton,1,2,A,15,7,4,3,2.15,3.6,3.2,14515,1.76514,1.50038,Dean Smith,Graham Potter
2406,2020/21,2020-12-17,Aston Villa,Burnley,0,0,D,27,6,7,4,1.75,3.8,4.5,14556,1.81142,0.316737,Dean Smith,Sean Dyche
2652,2020/21,2021-05-23,Aston Villa,Chelsea,2,1,H,6,23,3,7,6.5,4.6,1.45,14806,0.980413,3.43414,Dean Smith,Thomas Tuchel
2419,2020/21,2020-12-26,Aston Villa,Crystal Palace,3,0,H,21,13,10,6,1.9,3.75,3.8,14576,4.58214,0.849086,Dean Smith,Roy Hodgson
2631,2020/21,2021-05-13,Aston Villa,Everton,0,0,D,13,15,2,5,2.7,3.4,2.6,14616,0.558976,0.975408,Dean Smith,Carlo Ancelotti
2575,2020/21,2021-04-04,Aston Villa,Fulham,3,1,H,14,15,4,7,2.25,3.3,3.3,14726,1.52229,1.52172,Dean Smith,Scott Parker
2329,2020/21,2020-10-23,Aston Villa,Leeds,0,3,A,12,27,4,9,2.05,3.75,3.3,14486,1.50125,2.37695,Dean Smith,Marcelo Bielsa
2524,2020/21,2021-02-21,Aston Villa,Leicester,1,2,A,11,16,2,7,2.87,3.5,2.4,14676,1.7084,1.23852,Dean Smith,Brendan Rodgers
2314,2020/21,2020-10-04,Aston Villa,Liverpool,7,2,H,18,14,11,8,10.0,5.5,1.3,14466,3.07626,1.65705,Dean Smith,Jürgen Klopp
2598,2020/21,2021-04-21,Aston Villa,Man City,1,2,A,8,13,3,3,9.0,4.75,1.36,14746,0.801733,1.5634,Dean Smith,Pep Guardiola
2624,2020/21,2021-05-09,Aston Villa,Man United,1,3,A,11,18,5,7,4.2,3.8,1.8,14776,0.565472,1.88793,Dean Smith,Ole Gunnar Solskjær
2465,2020/21,2021-01-23,Aston Villa,Newcastle,2,0,H,14,7,5,1,1.45,4.75,6.5,14535,2.6026,0.400364,Dean Smith,Steve Bruce
2297,2020/21,2020-09-21,Aston Villa,Sheffield United,1,0,H,18,4,2,1,2.7,3.1,2.75,14104,0.80527,0.849709,Dean Smith,Chris Wilder
2343,2020/21,2020-11-01,Aston Villa,Southampton,3,4,A,19,9,10,4,2.45,3.5,2.8,14495,2.44855,1.00333,Dean Smith,Ralph Hasenhüttl
2569,2020/21,2021-03-21,Aston Villa,Tottenham,0,2,A,8,9,1,3,2.9,3.3,2.45,14606,0.439681,1.72011,Dean Smith,José Mourinho
2605,2020/21,2021-04-25,Aston Villa,West Brom,2,2,D,24,10,11,4,1.85,3.6,4.2,14756,2.65394,1.56764,Dean Smith,Sam Allardyce
2490,2020/21,2021-02-03,Aston Villa,West Ham,1,3,A,9,20,2,10,2.2,3.4,3.25,14645,0.741154,1.79064,Dean Smith,David Moyes
2546,2020/21,2021-03-06,Aston Villa,Wolves,0,0,D,9,10,1,2,2.37,3.25,3.1,14695,0.956392,2.15087,Dean Smith,Nuno Espírito Santo
2430,2020/21,2020-12-29,Brighton,Arsenal,0,1,A,13,11,2,3,3.25,3.5,2.2,14585,0.799368,1.31394,Graham Potter,Mikel Arteta
2506,2020/21,2021-02-13,Brighton,Aston Villa,0,0,D,26,4,9,1,2.7,3.5,2.5,14666,2.33232,0.144036,Graham Potter,Dean Smith
2349,2020/21,2020-11-06,Brighton,Burnley,0,0,D,19,4,3,1,1.85,3.5,4.33,14506,1.59022,0.326933,Graham Potter,Sean Dyche
2287,2020/21,2020-09-14,Brighton,Chelsea,1,3,A,13,10,3,5,5.0,4.33,1.61,14095,1.44281,1.27062,Graham Potter,Frank Lampard
2527,2020/21,2021-02-22,Brighton,Crystal Palace,1,2,A,25,3,5,2,1.7,3.5,5.5,14677,2.59204,0.179886,Graham Potter,Roy Hodgson
2589,2020/21,2021-04-12,Brighton,Everton,0,0,D,23,8,3,1,2.25,3.3,3.3,14735,1.16465,0.306287,Graham Potter,Carlo Ancelotti
2470,2020/21,2021-01-27,Brighton,Fulham,0,0,D,16,10,5,3,2.05,3.4,3.75,14625,2.29129,0.513226,Graham Potter,Scott Parker
2610,2020/21,2021-05-01,Brighton,Leeds,2,0,H,17,11,5,2,2.05,3.5,3.5,14765,2.52542,0.510874,Graham Potter,Marcelo Bielsa
2547,2020/21,2021-03-06,Brighton,Leicester,1,2,A,7,8,2,4,2.55,3.25,2.8,14696,0.75471,1.03801,Graham Potter,Brendan Rodgers
2370,2020/21,2020-11-28,Brighton,Liverpool,1,1,D,11,6,3,2,5.5,4.2,1.57,14528,2.30722,0.28109,Graham Potter,Jürgen Klopp
2641,2020/21,2021-05-18,Brighton,Man City,3,2,H,19,8,6,4,7.0,4.5,1.45,14795,1.22824,1.07139,Graham Potter,Pep Guardiola
2299,2020/21,2020-09-26,Brighton,Man United,2,3,A,18,7,5,3,4.75,3.75,1.72,14106,2.97659,1.57583,Graham Potter,Ole Gunnar Solskjær
2568,2020/21,2021-03-20,Brighton,Newcastle,3,0,H,11,3,6,1,1.66,3.5,6.0,14715,0.951921,0.100945,Graham Potter,Steve Bruce
2412,2020/21,2020-12-20,Brighton,Sheffield United,1,1,D,21,5,5,3,1.65,3.75,5.5,14565,2.90097,1.03713,Graham Potter,Chris Wilder
2387,2020/21,2020-12-07,Brighton,Southampton,1,2,A,12,10,4,3,2.45,3.4,2.9,14536,2.03376,1.34801,Graham Potter,Ralph Hasenhüttl
2482,2020/21,2021-01-31,Brighton,Tottenham,1,0,H,16,8,5,4,3.2,3.4,2.25,14636,1.77386,0.372524,Graham Potter,José Mourinho
2337,2020/21,2020-10-26,Brighton,West Brom,1,1,D,5,9,3,3,1.7,4.0,4.75,14487,0.546807,0.295654,Graham Potter,Slaven Bilic
2634,2020/21,2021-05-15,Brighton,West Ham,1,1,D,10,15,2,3,2.9,3.6,2.3,14785,0.922587,1.92378,Graham Potter,David Moyes
2438,2020/21,2021-01-02,Brighton,Wolves,3,3,D,13,11,4,4,2.62,3.25,2.75,14601,2.4228,1.81856,Graham Potter,Nuno Espírito Santo
2548,2020/21,2021-03-06,Burnley,Arsenal,1,1,D,9,15,5,3,5.5,4.0,1.61,14697,1.10374,2.53692,Sean Dyche,Mikel Arteta
2471,2020/21,2021-01-27,Burnley,Aston Villa,3,2,H,10,18,5,10,3.8,3.5,1.95,14626,0.717681,2.70718,Sean Dyche,Dean Smith
2497,2020/21,2021-02-06,Burnley,Brighton,1,1,D,20,10,7,2,3.6,3.1,2.2,14656,1.88934,0.612682,Sean Dyche,Graham Potter
2340,2020/21,2020-10-31,Burnley,Chelsea,0,3,A,5,14,0,9,6.0,4.5,1.5,14496,0.407341,1.23077,Sean Dyche,Frank Lampard
2367,2020/21,2020-11-23,Burnley,Crystal Palace,1,0,H,10,15,4,5,2.75,3.1,2.75,14516,1.75343,1.28331,Sean Dyche,Roy Hodgson
2379,2020/21,2020-12-05,Burnley,Everton,1,1,D,8,13,3,6,4.0,3.5,1.9,14537,0.730434,2.28139,Sean Dyche,Carlo Ancelotti
2516,2020/21,2021-02-17,Burnley,Fulham,1,1,D,8,8,3,3,2.75,3.2,2.7,14602,1.20642,0.594471,Sean Dyche,Scott Parker
2635,2020/21,2021-05-15,Burnley,Leeds,0,4,A,16,16,4,6,3.2,3.75,2.1,14786,1.41338,1.85654,Sean Dyche,Marcelo Bielsa
2540,2020/21,2021-03-03,Burnley,Leicester,1,1,D,12,15,7,4,4.0,3.25,2.0,14716,1.26793,1.24109,Sean Dyche,Brendan Rodgers
2645,2020/21,2021-05-19,Burnley,Liverpool,0,3,A,10,20,4,3,11.0,7.0,1.22,14796,0.837048,2.73316,Sean Dyche,Jürgen Klopp
2491,2020/21,2021-02-03,Burnley,Man City,0,2,A,2,17,0,6,13.0,7.0,1.2,14646,0.0489155,2.12153,Sean Dyche,Pep Guardiola
2445,2020/21,2021-01-12,Burnley,Man United,0,1,A,11,13,0,7,7.0,4.5,1.45,14088,0.648582,1.23996,Sean Dyche,Ole Gunnar Solskjær
2585,2020/21,2021-04-11,Burnley,Newcastle,1,2,A,24,10,4,5,2.3,3.1,3.4,14736,1.84262,1.34279,Sean Dyche,Steve Bruce
2431,2020/21,2020-12-29,Burnley,Sheffield United,1,0,H,5,7,3,3,2.37,3.1,3.25,14587,0.973831,0.492578,Sean Dyche,Chris Wilder
2300,2020/21,2020-09-26,Burnley,Southampton,0,1,A,10,5,2,1,3.2,3.3,2.3,14109,0.347136,0.706632,Sean Dyche,Ralph Hasenhüttl
2338,2020/21,2020-10-26,Burnley,Tottenham,0,1,A,13,9,4,3,5.75,4.0,1.6,14488,0.95045,0.797344,Sean Dyche,José Mourinho
2519,2020/21,2021-02-20,Burnley,West Brom,0,0,D,6,10,1,3,2.0,3.3,4.0,14678,0.535153,1.71922,Sean Dyche,Sam Allardyce
2616,2020/21,2021-05-03,Burnley,West Ham,1,2,A,8,22,3,4,3.1,3.6,2.2,14766,1.68312,2.42477,Sean Dyche,David Moyes
2416,2020/21,2020-12-21,Burnley,Wolves,2,1,H,10,15,4,3,3.5,3.25,2.2,14566,1.20465,1.45722,Sean Dyche,Nuno Espírito Santo
2630,2020/21,2021-05-12,Chelsea,Arsenal,0,1,A,19,5,5,2,1.65,4.0,5.0,14790,1.56786,0.692043,Thomas Tuchel,Mikel Arteta
2428,2020/21,2020-12-28,Chelsea,Aston Villa,1,1,D,16,10,5,2,1.61,4.2,5.0,14586,1.53701,0.730859,Frank Lampard,Dean Smith
2597,2020/21,2021-04-20,Chelsea,Brighton,0,0,D,7,11,4,2,1.57,4.0,6.0,14747,0.807348,0.459568,Thomas Tuchel,Graham Potter
2483,2020/21,2021-01-31,Chelsea,Burnley,2,0,H,19,1,8,0,1.33,5.0,9.5,14637,1.4405,0.390714,Thomas Tuchel,Sean Dyche
2309,2020/21,2020-10-03,Chelsea,Crystal Palace,4,0,H,17,4,6,0,1.4,4.75,8.0,14467,2.51433,0.103249,Frank Lampard,Roy Hodgson
2554,2020/21,2021-03-08,Chelsea,Everton,2,0,H,19,7,9,1,1.53,4.0,6.5,14698,2.57224,0.270757,Thomas Tuchel,Carlo Ancelotti
2611,2020/21,2021-05-01,Chelsea,Fulham,2,0,H,9,10,5,3,1.44,4.4,7.5,14767,1.8433,0.290042,Thomas Tuchel,Scott Parker
2380,2020/21,2020-12-05,Chelsea,Leeds,3,1,H,23,8,11,3,1.5,4.5,6.0,14538,4.89472,1.0277,Frank Lampard,Marcelo Bielsa
2642,2020/21,2021-05-18,Chelsea,Leicester,2,1,H,17,7,6,3,1.7,3.75,5.0,14797,2.86149,0.832596,Thomas Tuchel,Brendan Rodgers
2293,2020/21,2020-09-20,Chelsea,Liverpool,0,2,A,5,18,3,6,3.1,3.6,2.2,14102,0.904183,2.25211,Frank Lampard,Jürgen Klopp
2442,2020/21,2021-01-03,Chelsea,Man City,1,3,A,9,18,2,6,3.0,3.7,2.2,14603,0.691013,3.18063,Frank Lampard,Pep Guardiola
2533,2020/21,2021-02-28,Chelsea,Man United,0,0,D,18,11,6,4,2.15,3.4,3.4,14685,1.17294,0.35954,Thomas Tuchel,Ole Gunnar Solskjær
2514,2020/21,2021-02-15,Chelsea,Newcastle,2,0,H,18,10,5,4,1.22,6.5,12.0,14667,2.5428,0.432603,Thomas Tuchel,Steve Bruce
2351,2020/21,2020-11-07,Chelsea,Sheffield United,4,1,H,20,6,9,3,1.36,5.0,8.5,14507,2.87622,0.743967,Frank Lampard,Chris Wilder
2319,2020/21,2020-10-17,Chelsea,Southampton,3,3,D,11,13,5,6,1.45,4.75,6.5,14475,1.98708,1.42348,Frank Lampard,Ralph Hasenhüttl
2375,2020/21,2020-11-29,Chelsea,Tottenham,0,0,D,13,5,3,1,2.05,3.5,3.6,14529,0.974755,0.22689,Frank Lampard,José Mourinho
2572,2020/21,2021-04-03,Chelsea,West Brom,2,5,A,18,14,8,7,1.22,6.0,15.0,14727,2.55917,1.38315,Thomas Tuchel,Sam Allardyce
2417,2020/21,2020-12-21,Chelsea,West Ham,3,0,H,11,6,7,0,1.44,5.0,6.25,14567,2.41157,0.277737,Frank Lampard,David Moyes
2472,2020/21,2021-01-27,Chelsea,Wolves,0,0,D,14,4,5,0,1.6,4.2,5.25,14630,0.663324,0.63192,Thomas Tuchel,Nuno Espírito Santo
2646,2020/21,2021-05-19,Crystal Palace,Arsenal,1,3,A,12,6,6,3,6.0,4.5,1.5,14798,0.998377,1.7945,Roy Hodgson,Mikel Arteta
2637,2020/21,2021-05-16,Crystal Palace,Aston Villa,3,2,H,23,19,8,5,3.0,3.6,2.25,14794,1.95285,1.2303,Roy Hodgson,Dean Smith
2323,2020/21,2020-10-18,Crystal Palace,Brighton,1,1,D,1,20,1,3,2.62,3.3,2.7,14476,0.761169,1.0935,Roy Hodgson,Graham Potter
2507,2020/21,2021-02-13,Crystal Palace,Burnley,0,3,A,13,16,3,4,2.37,3.1,3.2,14668,0.645616,1.95502,Roy Hodgson,Sean Dyche
2582,2020/21,2021-04-10,Crystal Palace,Chelsea,1,4,A,1,23,1,10,7.0,3.8,1.53,14737,0.602167,3.85472,Roy Hodgson,Thomas Tuchel
2301,2020/21,2020-09-26,Crystal Palace,Everton,1,2,A,8,10,1,5,3.75,3.25,2.1,14107,0.443115,2.27189,Roy Hodgson,Carlo Ancelotti
2534,2020/21,2021-02-28,Crystal Palace,Fulham,0,0,D,3,16,0,4,3.5,3.2,2.2,14687,0.0880148,0.813134,Roy Hodgson,Scott Parker
2352,2020/21,2020-11-07,Crystal Palace,Leeds,4,1,H,10,9,6,3,2.87,3.4,2.45,14508,1.30169,0.847913,Roy Hodgson,Marcelo Bielsa
2429,2020/21,2020-12-28,Crystal Palace,Leicester,1,1,D,4,17,1,3,3.75,3.5,2.0,14594,0.321348,1.72132,Roy Hodgson,Brendan Rodgers
2408,2020/21,2020-12-19,Crystal Palace,Liverpool,0,7,A,5,14,3,8,6.5,4.33,1.5,14568,0.489318,2.86902,Roy Hodgson,Jürgen Klopp
2612,2020/21,2021-05-01,Crystal Palace,Man City,0,2,A,9,20,4,3,10.0,5.0,1.33,14768,0.361866,2.04443,Roy Hodgson,Pep Guardiola
2541,2020/21,2021-03-03,Crystal Palace,Man United,0,0,D,8,11,2,1,8.0,4.75,1.4,14717,0.742397,0.584016,Roy Hodgson,Ole Gunnar Solskjær
2369,2020/21,2020-11-27,Crystal Palace,Newcastle,0,2,A,12,14,3,7,2.05,3.25,3.75,14530,0.534893,1.27929,Roy Hodgson,Steve Bruce
2439,2020/21,2021-01-02,Crystal Palace,Sheffield United,2,0,H,9,7,4,2,1.95,3.5,3.9,14604,0.598888,0.323158,Roy Hodgson,Chris Wilder
2281,2020/21,2020-09-12,Crystal Palace,Southampton,1,0,H,5,9,3,5,3.1,3.25,2.37,14087,1.39569,1.26267,Roy Hodgson,Ralph Hasenhüttl
2394,2020/21,2020-12-13,Crystal Palace,Tottenham,1,1,D,16,14,5,6,4.5,3.9,1.72,14545,1.84443,1.40792,Roy Hodgson,José Mourinho
2558,2020/21,2021-03-13,Crystal Palace,West Brom,1,0,H,6,12,4,1,2.15,3.2,3.6,14706,1.30694,0.513439,Roy Hodgson,Sam Allardyce
2466,2020/21,2021-01-26,Crystal Palace,West Ham,2,3,A,6,17,3,7,3.1,3.25,2.37,14634,0.629033,3.30321,Roy Hodgson,David Moyes
2477,2020/21,2021-01-30,Crystal Palace,Wolves,1,0,H,11,6,2,4,2.87,3.2,2.55,14638,1.36877,0.450907,Roy Hodgson,Nuno Espírito Santo
2409,2020/21,2020-12-19,Everton,Arsenal,2,1,H,9,13,2,2,2.45,3.5,2.8,14569,0.661744,1.25206,Carlo Ancelotti,Mikel Arteta
2613,2020/21,2021-05-01,Everton,Aston Villa,1,2,A,16,13,3,5,1.95,3.6,3.8,14769,1.223,1.58811,Carlo Ancelotti,Dean Smith
2310,2020/21,2020-10-03,Everton,Brighton,4,2,H,11,11,6,3,1.72,3.75,4.8,14468,2.34034,1.16568,Carlo Ancelotti,Graham Potter
2559,2020/21,2021-03-13,Everton,Burnley,1,2,A,14,14,4,5,1.83,3.5,4.5,14707,1.69849,0.74852,Carlo Ancelotti,Sean Dyche
2389,2020/21,2020-12-12,Everton,Chelsea,1,0,H,9,10,4,3,4.33,4.2,1.7,14546,1.2216,1.00627,Carlo Ancelotti,Frank Lampard
2579,2020/21,2021-04-05,Everton,Crystal Palace,1,1,D,15,13,7,6,1.75,3.5,5.0,14728,2.53386,0.603749,Carlo Ancelotti,Roy Hodgson
2511,2020/21,2021-02-14,Everton,Fulham,0,2,A,7,12,2,3,1.85,3.6,4.2,14669,0.314075,2.55085,Carlo Ancelotti,Scott Parker
2371,2020/21,2020-11-28,Everton,Leeds,0,1,A,15,23,8,7,1.95,3.8,3.6,14531,1.29229,3.11324,Carlo Ancelotti,Marcelo Bielsa
2473,2020/21,2021-01-27,Everton,Leicester,1,1,D,8,19,2,6,2.8,3.3,2.55,14627,0.474981,0.792045,Carlo Ancelotti,Brendan Rodgers
2320,2020/21,2020-10-17,Everton,Liverpool,2,2,D,11,22,5,8,3.75,4.2,1.83,14477,1.35998,2.49492,Carlo Ancelotti,Jürgen Klopp
2517,2020/21,2021-02-17,Everton,Man City,1,3,A,3,16,2,7,8.5,5.5,1.33,14593,1.04664,1.23218,Carlo Ancelotti,Pep Guardiola
2353,2020/21,2020-11-07,Everton,Man United,1,3,A,7,13,1,5,2.9,3.5,2.37,14509,0.376464,1.59642,Carlo Ancelotti,Ole Gunnar Solskjær
2478,2020/21,2021-01-30,Everton,Newcastle,0,2,A,11,13,3,3,1.55,4.0,6.5,14644,0.966012,2.08832,Carlo Ancelotti,Steve Bruce
2638,2020/21,2021-05-16,Everton,Sheffield United,0,1,A,16,10,6,3,1.36,4.75,8.5,14787,1.24609,1.391,Carlo Ancelotti,Paul Heckingbottom
2538,2020/21,2021-03-01,Everton,Southampton,1,0,H,7,9,1,1,2.15,3.5,3.3,14686,1.42054,0.665743,Carlo Ancelotti,Ralph Hasenhüttl
2591,2020/21,2021-04-16,Everton,Tottenham,2,2,D,18,12,7,3,3.4,3.5,2.1,14748,2.26022,1.4815,Carlo Ancelotti,José Mourinho
2290,2020/21,2020-09-19,Everton,West Brom,5,2,H,17,6,7,4,1.5,4.2,6.5,14096,4.16254,0.315347,Carlo Ancelotti,Slaven Bilic
2436,2020/21,2021-01-01,Everton,West Ham,0,1,A,10,11,2,5,2.1,3.5,3.5,14595,0.371045,1.19713,Carlo Ancelotti,David Moyes
2647,2020/21,2021-05-19,Everton,Wolves,1,0,H,14,9,4,3,1.85,3.6,4.2,14799,0.670997,0.265526,Carlo Ancelotti,Nuno Espírito Santo
2282,2020/21,2020-09-12,Fulham,Arsenal,0,3,A,5,13,2,6,6.0,4.33,1.53,14086,0.126327,2.16287,Scott Parker,Mikel Arteta
2307,2020/21,2020-09-28,Fulham,Aston Villa,0,3,A,16,12,3,5,2.9,3.25,2.5,14114,0.534675,2.03222,Scott Parker,Dean Smith
2401,2020/21,2020-12-16,Fulham,Brighton,0,0,D,9,9,4,4,2.87,3.3,2.5,14557,1.00448,0.462456,Scott Parker,Graham Potter
2627,2020/21,2021-05-10,Fulham,Burnley,0,2,A,21,14,3,5,2.2,3.4,3.3,14777,0.778074,1.65831,Scott Parker,Sean Dyche
2451,2020/21,2021-01-16,Fulham,Chelsea,0,1,A,10,21,3,6,6.5,4.33,1.5,14617,0.46126,1.37939,Scott Parker,Frank Lampard
2330,2020/21,2020-10-24,Fulham,Crystal Palace,1,2,A,16,14,3,10,2.75,3.1,2.7,14489,1.05258,2.81049,Scott Parker,Roy Hodgson
2363,2020/21,2020-11-22,Fulham,Everton,2,3,A,14,9,6,7,3.9,3.9,1.85,14517,1.87028,2.2508,Scott Parker,Carlo Ancelotti
2567,2020/21,2021-03-19,Fulham,Leeds,1,2,A,13,13,6,4,2.37,3.4,3.0,14718,1.47498,1.40706,Scott Parker,Marcelo Bielsa
2492,2020/21,2021-02-03,Fulham,Leicester,0,2,A,8,9,1,5,4.0,3.5,1.9,14647,0.731288,1.71299,Scott Parker,Brendan Rodgers
2395,2020/21,2020-12-13,Fulham,Liverpool,1,1,D,10,12,5,6,9.0,5.5,1.3,14547,1.72509,1.82445,Scott Parker,Jürgen Klopp
2560,2020/21,2021-03-13,Fulham,Man City,0,3,A,3,8,0,7,10.0,5.0,1.33,14708,0.449499,2.72578,Scott Parker,Pep Guardiola
2462,2020/21,2021-01-20,Fulham,Man United,1,2,A,12,15,5,5,6.0,4.33,1.53,14607,0.753669,1.68401,Scott Parker,Ole Gunnar Solskjær
2653,2020/21,2021-05-23,Fulham,Newcastle,0,2,A,14,10,0,4,2.05,3.8,3.3,14807,0.98902,1.60157,Scott Parker,Steve Bruce
2520,2020/21,2021-02-20,Fulham,Sheffield United,1,0,H,15,4,7,2,2.15,3.2,3.6,14679,1.21006,0.977747,Scott Parker,Chris Wilder
2420,2020/21,2020-12-26,Fulham,Southampton,0,0,D,10,3,1,2,3.2,3.3,2.3,14577,0.781855,0.119709,Scott Parker,Ralph Hasenhüttl
2543,2020/21,2021-03-04,Fulham,Tottenham,0,1,A,11,9,3,2,4.0,3.6,1.9,14757,1.1715,1.5519,Scott Parker,José Mourinho
2347,2020/21,2020-11-02,Fulham,West Brom,2,0,H,13,10,6,1,2.4,3.3,3.0,14497,1.62247,0.482685,Scott Parker,Slaven Bilic
2498,2020/21,2021-02-06,Fulham,West Ham,0,0,D,20,8,2,1,3.6,3.5,2.05,14657,1.60884,0.943539,Scott Parker,David Moyes
2581,2020/21,2021-04-09,Fulham,Wolves,0,1,A,14,7,3,3,2.5,3.0,3.1,14738,0.733154,0.428134,Scott Parker,Nuno Espírito Santo
2364,2020/21,2020-11-22,Leeds,Arsenal,0,0,D,25,9,4,2,3.0,3.75,2.2,14518,1.9617,0.710778,Marcelo Bielsa,Mikel Arteta
2529,2020/21,2021-02-27,Leeds,Aston Villa,0,1,A,13,9,3,4,2.15,3.6,3.2,14691,1.00106,0.876255,Marcelo Bielsa,Dean Smith
2452,2020/21,2021-01-16,Leeds,Brighton,0,1,A,7,7,2,2,2.1,3.5,3.4,14618,0.245193,1.14424,Marcelo Bielsa,Graham Potter
2424,2020/21,2020-12-27,Leeds,Burnley,1,0,H,11,14,4,6,1.72,4.0,4.33,14578,2.13271,1.54591,Marcelo Bielsa,Sean Dyche
2561,2020/21,2021-03-13,Leeds,Chelsea,0,0,D,7,15,4,8,4.75,4.0,1.7,14709,0.382957,0.971054,Marcelo Bielsa,Thomas Tuchel
2505,2020/21,2021-02-08,Leeds,Crystal Palace,2,0,H,17,8,7,3,1.8,3.8,4.2,14658,2.64769,0.370278,Marcelo Bielsa,Roy Hodgson
2493,2020/21,2021-02-03,Leeds,Everton,1,2,A,16,10,7,6,2.5,3.5,2.7,14648,1.14303,1.91539,Marcelo Bielsa,Carlo Ancelotti
2291,2020/21,2020-09-19,Leeds,Fulham,4,3,H,10,14,7,6,1.61,3.9,5.75,14097,1.45254,1.55503,Marcelo Bielsa,Scott Parker
2348,2020/21,2020-11-02,Leeds,Leicester,1,4,A,11,10,4,8,2.5,3.6,2.62,14498,1.74822,3.07657,Marcelo Bielsa,Brendan Rodgers
2596,2020/21,2021-04-19,Leeds,Liverpool,1,1,D,12,17,5,7,4.5,4.33,1.66,14749,2.59719,1.60043,Marcelo Bielsa,Jürgen Klopp
2311,2020/21,2020-10-03,Leeds,Man City,1,1,D,12,23,7,2,7.5,5.25,1.36,14469,2.56662,1.41533,Marcelo Bielsa,Pep Guardiola
2606,2020/21,2021-04-25,Leeds,Man United,0,0,D,6,16,3,4,4.0,4.2,1.75,14758,0.216834,1.11635,Marcelo Bielsa,Ole Gunnar Solskjær
2402,2020/21,2020-12-16,Leeds,Newcastle,5,2,H,25,10,10,4,1.75,4.0,4.33,14558,2.95137,1.44437,Marcelo Bielsa,Steve Bruce
2573,2020/21,2021-04-03,Leeds,Sheffield United,2,1,H,23,9,8,1,1.5,4.33,6.5,14729,2.50597,0.867652,Marcelo Bielsa,Paul Heckingbottom
2528,2020/21,2021-02-23,Leeds,Southampton,3,0,H,11,13,7,5,2.25,3.5,3.1,14608,1.84753,1.47981,Marcelo Bielsa,Ralph Hasenhüttl
2619,2020/21,2021-05-08,Leeds,Tottenham,3,1,H,16,11,7,3,3.4,3.8,2.0,14778,2.55216,1.03384,Marcelo Bielsa,Ryan Mason
2654,2020/21,2021-05-23,Leeds,West Brom,3,1,H,17,14,9,5,1.4,5.25,6.5,14808,2.49009,1.02209,Marcelo Bielsa,Sam Allardyce
2388,2020/21,2020-12-11,Leeds,West Ham,1,2,A,13,19,7,8,2.15,3.7,3.1,14548,1.56644,1.7851,Marcelo Bielsa,David Moyes
2327,2020/21,2020-10-19,Leeds,Wolves,0,1,A,13,7,2,3,2.5,3.3,2.87,14478,1.08332,0.618191,Marcelo Bielsa,Nuno Espírito Santo
2535,2020/21,2021-02-28,Leicester,Arsenal,1,3,A,8,12,3,4,2.5,3.4,2.8,14690,0.533575,2.1065,Brendan Rodgers,Mikel Arteta
2324,2020/21,2020-10-18,Leicester,Aston Villa,0,1,A,11,10,5,4,1.83,3.8,4.1,14479,0.671595,0.873776,Brendan Rodgers,Dean Smith
2396,2020/21,2020-12-13,Leicester,Brighton,3,0,H,15,12,6,4,2.0,3.5,3.8,14553,1.64351,0.791673,Brendan Rodgers,Graham Potter
2294,2020/21,2020-09-20,Leicester,Burnley,4,2,H,14,16,6,5,1.61,4.0,5.5,14103,0.987365,1.52404,Brendan Rodgers,Sean Dyche
2460,2020/21,2021-01-19,Leicester,Chelsea,2,0,H,8,9,6,5,2.87,3.4,2.45,14609,1.1449,0.615727,Brendan Rodgers,Frank Lampard
2608,2020/21,2021-04-26,Leicester,Crystal Palace,2,1,H,13,4,5,2,1.4,4.33,8.5,14759,1.23419,0.723112,Brendan Rodgers,Roy Hodgson
2403,2020/21,2020-12-16,Leicester,Everton,0,2,A,14,11,2,6,2.15,3.6,3.25,14559,0.83883,1.51486,Brendan Rodgers,Carlo Ancelotti
2377,2020/21,2020-11-30,Leicester,Fulham,1,2,A,16,10,3,5,1.5,4.33,6.5,14532,1.27814,2.03719,Brendan Rodgers,Scott Parker
2484,2020/21,2021-01-31,Leicester,Leeds,1,3,A,18,8,8,7,1.8,4.0,4.2,14643,1.73432,1.8141,Brendan Rodgers,Marcelo Bielsa
2508,2020/21,2021-02-13,Leicester,Liverpool,3,1,H,11,15,6,4,3.5,3.4,2.1,14670,2.07383,1.68325,Brendan Rodgers,Jürgen Klopp
2574,2020/21,2021-04-03,Leicester,Man City,0,2,A,5,11,2,4,6.0,4.2,1.53,14730,0.284781,1.98438,Brendan Rodgers,Pep Guardiola
2421,2020/21,2020-12-26,Leicester,Man United,2,2,D,10,9,2,4,2.9,3.6,2.3,14579,1.0396,2.08423,Brendan Rodgers,Ole Gunnar Solskjær
2618,2020/21,2021-05-07,Leicester,Newcastle,2,4,A,25,14,9,6,1.4,4.75,8.0,14779,2.315,2.87261,Brendan Rodgers,Steve Bruce
2563,2020/21,2021-03-14,Leicester,Sheffield United,5,0,H,19,1,10,0,1.5,4.2,6.5,14710,4.54571,0.0934777,Brendan Rodgers,Paul Heckingbottom
2453,2020/21,2021-01-16,Leicester,Southampton,2,0,H,16,8,5,3,1.8,3.75,4.5,14619,2.12019,0.378147,Brendan Rodgers,Ralph Hasenhüttl
2655,2020/21,2021-05-23,Leicester,Tottenham,2,4,A,10,11,6,4,2.0,4.0,3.3,14809,1.82554,1.85229,Brendan Rodgers,Ryan Mason
2600,2020/21,2021-04-22,Leicester,West Brom,3,0,H,17,4,7,1,1.53,3.8,6.0,14750,2.6712,0.277126,Brendan Rodgers,Sam Allardyce
2315,2020/21,2020-10-04,Leicester,West Ham,0,3,A,4,14,0,6,1.61,4.2,5.25,14470,0.456022,2.03227,Brendan Rodgers,David Moyes
2356,2020/21,2020-11-08,Leicester,Wolves,1,0,H,10,7,3,2,2.3,3.2,3.25,14510,2.0545,0.57936,Brendan Rodgers,Nuno Espírito Santo
2308,2020/21,2020-09-28,Liverpool,Arsenal,3,1,H,21,4,8,3,1.45,4.75,6.5,14115,2.73834,1.17817,Jürgen Klopp,Mikel Arteta
2583,2020/21,2021-04-10,Liverpool,Aston Villa,2,1,H,23,9,10,5,1.5,4.33,6.5,14739,2.14592,0.760621,Jürgen Klopp,Dean Smith
2494,2020/21,2021-02-03,Liverpool,Brighton,0,1,A,11,13,1,4,1.33,5.25,9.0,14654,1.09518,1.18977,Jürgen Klopp,Graham Potter
2464,2020/21,2021-01-21,Liverpool,Burnley,0,1,A,27,6,6,4,1.18,7.5,15.0,14613,1.64907,1.08059,Jürgen Klopp,Sean Dyche
2544,2020/21,2021-03-04,Liverpool,Chelsea,0,1,A,7,11,1,5,2.25,3.6,3.0,14719,0.247034,1.22635,Jürgen Klopp,Thomas Tuchel
2656,2020/21,2021-05-23,Liverpool,Crystal Palace,2,0,H,19,5,5,4,1.14,8.5,15.0,14810,2.20348,0.772317,Jürgen Klopp,Roy Hodgson
2521,2020/21,2021-02-20,Liverpool,Everton,0,2,A,15,9,6,6,1.44,4.5,7.0,14680,1.54046,2.01468,Jürgen Klopp,Carlo Ancelotti
2550,2020/21,2021-03-07,Liverpool,Fulham,0,1,A,16,10,3,3,1.36,5.0,8.5,14699,0.701764,1.37047,Jürgen Klopp,Scott Parker
2283,2020/21,2020-09-12,Liverpool,Leeds,4,3,H,22,6,6,3,1.28,6.0,9.5,14090,3.15412,0.269813,Jürgen Klopp,Marcelo Bielsa
2365,2020/21,2020-11-22,Liverpool,Leicester,3,0,H,24,11,13,4,1.85,4.0,3.8,14519,3.77245,1.98397,Jürgen Klopp,Brendan Rodgers
2501,2020/21,2021-02-07,Liverpool,Man City,1,4,A,8,8,3,5,3.4,3.6,2.05,14659,1.17728,3.55196,Jürgen Klopp,Pep Guardiola
2456,2020/21,2021-01-17,Liverpool,Man United,0,0,D,17,8,3,4,1.95,3.8,3.6,14620,1.20205,1.18929,Jürgen Klopp,Ole Gunnar Solskjær
2602,2020/21,2021-04-24,Liverpool,Newcastle,1,1,D,22,7,9,4,1.22,6.5,12.0,14760,2.84708,0.860694,Jürgen Klopp,Steve Bruce
2331,2020/21,2020-10-24,Liverpool,Sheffield United,2,1,H,17,13,5,2,1.22,6.5,12.0,14490,2.40286,1.39788,Jürgen Klopp,Chris Wilder
2620,2020/21,2021-05-08,Liverpool,Southampton,2,0,H,14,12,6,6,1.25,6.0,11.0,14780,2.26367,1.2289,Jürgen Klopp,Ralph Hasenhüttl
2404,2020/21,2020-12-16,Liverpool,Tottenham,2,1,H,17,8,11,2,1.75,3.8,4.5,14563,1.21783,1.5161,Jürgen Klopp,José Mourinho
2425,2020/21,2020-12-27,Liverpool,West Brom,1,1,D,17,5,2,3,1.11,10.0,19.0,14580,1.45485,0.739845,Jürgen Klopp,Sam Allardyce
2341,2020/21,2020-10-31,Liverpool,West Ham,2,1,H,9,4,5,3,1.36,5.25,7.5,14499,1.56302,0.269048,Jürgen Klopp,David Moyes
2383,2020/21,2020-12-06,Liverpool,Wolves,4,0,H,11,9,6,3,1.5,4.33,6.5,14539,1.59454,0.357753,Jürgen Klopp,Nuno Espírito Santo
2321,2020/21,2020-10-17,Man City,Arsenal,1,0,H,13,11,5,3,1.44,5.0,6.5,14480,1.43023,0.838322,Pep Guardiola,Mikel Arteta
2463,2020/21,2021-01-20,Man City,Aston Villa,2,0,H,28,11,9,4,1.22,6.5,12.0,14089,3.34385,0.601768,Pep Guardiola,Dean Smith
2448,2020/21,2021-01-13,Man City,Brighton,1,0,H,16,5,6,1,1.14,8.5,16.0,14614,2.90855,0.177084,Pep Guardiola,Graham Potter
2372,2020/21,2020-11-28,Man City,Burnley,5,0,H,19,9,6,1,1.16,7.5,16.0,14533,2.26129,0.419877,Pep Guardiola,Sean Dyche
2621,2020/21,2021-05-08,Man City,Chelsea,1,2,A,16,12,4,5,1.9,3.4,4.2,14781,1.79168,0.619724,Pep Guardiola,Thomas Tuchel
2457,2020/21,2021-01-17,Man City,Crystal Palace,4,0,H,13,2,6,0,1.14,8.5,17.0,14621,0.961088,0.0515836,Pep Guardiola,Roy Hodgson
2657,2020/21,2021-05-23,Man City,Everton,5,0,H,21,8,11,3,1.44,5.0,6.5,14811,2.88355,1.07258,Pep Guardiola,Carlo Ancelotti
2381,2020/21,2020-12-05,Man City,Fulham,2,0,H,16,6,6,1,1.1,11.0,19.0,14540,3.26328,0.287444,Pep Guardiola,Scott Parker
2584,2020/21,2021-04-10,Man City,Leeds,1,2,A,29,2,7,2,1.28,5.75,10.0,14740,1.98825,0.17525,Pep Guardiola,Marcelo Bielsa
2303,2020/21,2020-09-27,Man City,Leicester,2,5,A,16,7,5,7,1.28,6.0,9.5,14112,1.44633,2.86721,Pep Guardiola,Brendan Rodgers
2357,2020/21,2020-11-08,Man City,Liverpool,1,1,D,7,10,2,3,1.95,4.2,3.4,14511,1.58487,1.18789,Pep Guardiola,Jürgen Klopp
2551,2020/21,2021-03-07,Man City,Man United,0,2,A,23,8,6,6,1.45,4.5,7.0,14700,1.27561,2.11411,Pep Guardiola,Ole Gunnar Solskjær
2422,2020/21,2020-12-26,Man City,Newcastle,2,0,H,11,7,6,2,1.11,10.0,19.0,14581,3.19575,0.200953,Pep Guardiola,Steve Bruce
2479,2020/21,2021-01-30,Man City,Sheffield United,1,0,H,10,4,5,1,1.12,9.0,18.0,14642,1.53116,0.154537,Pep Guardiola,Chris Wilder
2556,2020/21,2021-03-10,Man City,Southampton,5,2,H,17,11,10,6,1.18,7.5,15.0,14761,3.10503,1.60561,Pep Guardiola,Ralph Hasenhüttl
2509,2020/21,2021-02-13,Man City,Tottenham,3,0,H,15,7,6,3,1.28,5.75,9.5,14671,2.46219,0.4235,Pep Guardiola,José Mourinho
2398,2020/21,2020-12-15,Man City,West Brom,1,1,D,26,5,7,1,1.09,11.0,21.0,14564,2.58593,0.210243,Pep Guardiola,Slaven Bilic
2530,2020/21,2021-02-27,Man City,West Ham,2,1,H,10,9,3,3,1.22,6.5,12.0,14689,0.760574,1.92892,Pep Guardiola,David Moyes
2539,2020/21,2021-03-02,Man City,Wolves,4,1,H,22,6,10,1,1.18,7.0,15.0,14720,3.26196,0.318824,Pep Guardiola,Nuno Espírito Santo
2344,2020/21,2020-11-01,Man United,Arsenal,0,1,A,8,7,2,2,2.0,3.6,3.6,14500,0.394113,0.998072,Ole Gunnar Solskjær,Mikel Arteta
2437,2020/21,2021-01-01,Man United,Aston Villa,2,1,H,19,5,9,5,1.72,4.2,4.2,14596,2.46473,1.56434,Ole Gunnar Solskjær,Dean Smith
2576,2020/21,2021-04-04,Man United,Brighton,2,1,H,15,5,7,3,1.61,4.0,5.5,14731,1.73474,1.41071,Ole Gunnar Solskjær,Graham Potter
2595,2020/21,2021-04-18,Man United,Burnley,3,1,H,17,10,9,3,1.33,5.25,9.0,14751,2.87455,0.959804,Ole Gunnar Solskjær,Sean Dyche
2332,2020/21,2020-10-24,Man United,Chelsea,0,0,D,14,6,4,1,2.37,3.6,2.8,14491,0.648427,0.219906,Ole Gunnar Solskjær,Frank Lampard
2292,2020/21,2020-09-19,Man United,Crystal Palace,1,3,A,13,14,4,5,1.3,5.5,9.5,14098,1.09737,1.91456,Ole Gunnar Solskjær,Roy Hodgson
2499,2020/21,2021-02-06,Man United,Everton,3,3,D,14,6,5,3,1.53,4.2,6.0,14660,1.71769,1.5571,Ole Gunnar Solskjær,Carlo Ancelotti
2643,2020/21,2021-05-18,Man United,Fulham,1,1,D,13,8,6,5,1.28,6.0,9.0,14800,0.92243,0.872643,Ole Gunnar Solskjær,Scott Parker
2413,2020/21,2020-12-20,Man United,Leeds,6,2,H,26,17,14,3,1.66,4.33,4.5,14570,4.77743,1.63467,Ole Gunnar Solskjær,Marcelo Bielsa
2628,2020/21,2021-05-11,Man United,Leicester,1,2,A,4,12,1,3,2.5,3.4,2.8,14788,0.212874,0.991522,Ole Gunnar Solskjær,Brendan Rodgers
2632,2020/21,2021-05-13,Man United,Liverpool,2,4,A,18,17,3,8,3.0,3.75,2.2,14770,1.71328,2.938,Ole Gunnar Solskjær,Jürgen Klopp
2390,2020/21,2020-12-12,Man United,Man City,0,0,D,11,9,2,2,4.33,4.2,1.72,14549,0.591617,1.28434,Ole Gunnar Solskjær,Pep Guardiola
2525,2020/21,2021-02-21,Man United,Newcastle,3,1,H,15,10,7,6,1.28,5.5,10.0,14681,1.7256,0.341778,Ole Gunnar Solskjær,Steve Bruce
2474,2020/21,2021-01-27,Man United,Sheffield United,1,2,A,16,5,4,3,1.25,6.0,11.0,14628,0.9931,0.689548,Ole Gunnar Solskjær,Chris Wilder
2486,2020/21,2021-02-02,Man United,Southampton,9,0,H,24,3,14,1,1.4,4.75,7.0,14651,5.0325,0.507893,Ole Gunnar Solskjær,Ralph Hasenhüttl
2316,2020/21,2020-10-04,Man United,Tottenham,1,6,A,5,22,2,8,1.85,3.8,4.0,14471,0.873435,3.3017,Ole Gunnar Solskjær,José Mourinho
2360,2020/21,2020-11-21,Man United,West Brom,1,0,H,17,7,7,2,1.3,5.5,9.5,14520,2.42994,0.438646,Ole Gunnar Solskjær,Slaven Bilic
2564,2020/21,2021-03-14,Man United,West Ham,1,0,H,15,7,4,0,1.83,3.6,4.33,14711,1.70128,0.463737,Ole Gunnar Solskjær,David Moyes
2432,2020/21,2020-12-29,Man United,Wolves,1,0,H,11,9,3,5,1.53,4.2,6.25,14592,1.48207,0.411046,Ole Gunnar Solskjær,Nuno Espírito Santo
2614,2020/21,2021-05-02,Newcastle,Arsenal,0,2,A,5,19,1,5,3.6,3.6,2.0,14771,0.172988,1.78751,Steve Bruce,Mikel Arteta
2557,2020/21,2021-03-12,Newcastle,Aston Villa,1,1,D,12,15,3,6,3.8,3.3,2.05,14712,0.873171,0.748665,Steve Bruce,Dean Smith
2295,2020/21,2020-09-20,Newcastle,Brighton,0,3,A,6,13,0,6,2.6,3.1,2.87,14101,0.520678,1.8766,Steve Bruce,Graham Potter
2312,2020/21,2020-10-03,Newcastle,Burnley,3,1,H,10,7,5,3,2.4,3.2,3.1,14472,1.95629,0.438849,Steve Bruce,Sean Dyche
2361,2020/21,2020-11-21,Newcastle,Chelsea,0,2,A,8,14,1,3,6.5,4.75,1.45,14521,0.368286,1.81923,Steve Bruce,Frank Lampard
2487,2020/21,2021-02-02,Newcastle,Crystal Palace,1,2,A,21,6,5,3,2.8,3.2,2.6,14652,1.90755,0.809312,Steve Bruce,Roy Hodgson
2345,2020/21,2020-11-01,Newcastle,Everton,2,1,H,11,15,4,4,3.7,3.4,2.05,14501,2.6311,1.21805,Steve Bruce,Carlo Ancelotti
2410,2020/21,2020-12-19,Newcastle,Fulham,1,1,D,12,11,5,4,2.5,3.25,2.9,14571,1.26725,1.10645,Steve Bruce,Scott Parker
2467,2020/21,2021-01-26,Newcastle,Leeds,1,2,A,22,9,5,2,3.9,3.8,1.85,14631,1.1364,0.785914,Steve Bruce,Marcelo Bielsa
2443,2020/21,2021-01-03,Newcastle,Leicester,1,2,A,8,9,2,3,5.25,4.2,1.61,14597,0.264584,0.702081,Steve Bruce,Brendan Rodgers
2435,2020/21,2020-12-30,Newcastle,Liverpool,0,0,D,8,11,2,4,12.0,6.0,1.25,14591,0.817935,1.32047,Steve Bruce,Jürgen Klopp
2633,2020/21,2021-05-14,Newcastle,Man City,3,4,A,11,15,5,6,11.0,6.0,1.25,14791,2.18312,1.477,Steve Bruce,Pep Guardiola
2322,2020/21,2020-10-17,Newcastle,Man United,1,4,A,7,28,4,14,4.75,4.0,1.66,14481,0.867496,2.21729,Steve Bruce,Ole Gunnar Solskjær
2648,2020/21,2021-05-19,Newcastle,Sheffield United,1,0,H,16,11,5,1,1.72,3.8,4.75,14801,1.82508,0.882242,Steve Bruce,Paul Heckingbottom
2500,2020/21,2021-02-06,Newcastle,Southampton,3,2,H,6,14,4,5,3.0,3.3,2.4,14661,0.910553,1.43445,Steve Bruce,Ralph Hasenhüttl
2577,2020/21,2021-04-04,Newcastle,Tottenham,2,2,D,22,11,6,5,5.5,4.0,1.6,14732,3.30098,2.43683,Steve Bruce,José Mourinho
2391,2020/21,2020-12-12,Newcastle,West Brom,2,1,H,12,13,7,3,2.45,3.2,3.0,14550,0.904163,0.57319,Steve Bruce,Slaven Bilic
2592,2020/21,2021-04-17,Newcastle,West Ham,3,2,H,16,16,8,6,3.5,3.5,2.05,14752,2.4314,2.06741,Steve Bruce,David Moyes
2531,2020/21,2021-02-27,Newcastle,Wolves,1,1,D,19,14,7,4,3.5,3.2,2.2,14688,1.9519,1.27827,Steve Bruce,Nuno Espírito Santo
2586,2020/21,2021-04-11,Sheffield United,Arsenal,0,3,A,7,14,2,5,6.5,3.75,1.57,14741,0.315121,1.93838,Paul Heckingbottom,Mikel Arteta
2542,2020/21,2021-03-03,Sheffield United,Aston Villa,1,0,H,9,16,2,4,3.75,3.4,2.05,14721,0.716254,1.44176,Chris Wilder,Dean Smith
2603,2020/21,2021-04-24,Sheffield United,Brighton,1,0,H,7,17,3,4,5.25,3.4,1.75,14762,0.786324,2.06038,Paul Heckingbottom,Graham Potter
2658,2020/21,2021-05-23,Sheffield United,Burnley,1,0,H,12,10,3,3,2.8,3.6,2.4,14812,0.420006,0.558508,Paul Heckingbottom,Sean Dyche
2502,2020/21,2021-02-07,Sheffield United,Chelsea,1,2,A,8,9,3,3,7.0,4.5,1.45,14662,0.623045,1.64144,Chris Wilder,Thomas Tuchel
2622,2020/21,2021-05-08,Sheffield United,Crystal Palace,0,2,A,7,21,0,8,3.0,3.2,2.45,14782,0.639325,2.25382,Paul Heckingbottom,Roy Hodgson
2423,2020/21,2020-12-26,Sheffield United,Everton,0,1,A,10,7,2,3,4.2,3.6,1.85,14582,1.25106,0.568803,Chris Wilder,Carlo Ancelotti
2325,2020/21,2020-10-18,Sheffield United,Fulham,1,1,D,10,15,6,6,2.1,3.3,3.7,14482,1.66363,1.35611,Chris Wilder,Scott Parker
2304,2020/21,2020-09-27,Sheffield United,Leeds,0,1,A,14,17,4,9,2.7,3.3,2.62,14110,1.53278,1.46641,Chris Wilder,Marcelo Bielsa
2384,2020/21,2020-12-06,Sheffield United,Leicester,1,2,A,4,13,1,4,3.8,3.5,1.95,14541,0.290743,1.3904,Chris Wilder,Brendan Rodgers
2536,2020/21,2021-02-28,Sheffield United,Liverpool,0,2,A,8,16,2,8,8.0,5.0,1.36,14694,0.777149,2.80551,Chris Wilder,Jürgen Klopp
2342,2020/21,2020-10-31,Sheffield United,Man City,0,1,A,5,16,1,8,9.5,6.0,1.28,14502,0.687544,1.89643,Chris Wilder,Pep Guardiola
2407,2020/21,2020-12-17,Sheffield United,Man United,2,3,A,12,14,6,8,7.0,4.6,1.44,14560,1.23525,1.78667,Chris Wilder,Ole Gunnar Solskjær
2446,2020/21,2021-01-12,Sheffield United,Newcastle,1,0,H,17,7,4,3,2.45,3.1,3.1,14610,2.01315,1.04745,Chris Wilder,Steve Bruce
2549,2020/21,2021-03-06,Sheffield United,Southampton,0,2,A,8,15,2,5,3.6,3.5,2.0,14701,0.908155,2.37386,Chris Wilder,Ralph Hasenhüttl
2458,2020/21,2021-01-17,Sheffield United,Tottenham,1,3,A,15,14,5,5,6.25,3.75,1.6,14622,0.978133,1.28385,Chris Wilder,José Mourinho
2488,2020/21,2021-02-02,Sheffield United,West Brom,2,1,H,14,8,6,4,2.0,3.3,4.0,14649,1.35804,1.61871,Chris Wilder,Sam Allardyce
2366,2020/21,2020-11-22,Sheffield United,West Ham,0,1,A,9,15,5,3,3.0,3.25,2.4,14522,0.692374,2.1142,Chris Wilder,David Moyes
2288,2020/21,2020-09-14,Sheffield United,Wolves,0,2,A,9,11,2,4,3.25,3.1,2.37,14094,0.949316,1.61307,Chris Wilder,Nuno Espírito Santo
2468,2020/21,2021-01-26,Southampton,Arsenal,1,3,A,13,9,5,5,3.5,3.6,2.05,14632,0.99504,2.4339,Ralph Hasenhüttl,Mikel Arteta
2480,2020/21,2021-01-30,Southampton,Aston Villa,0,1,A,20,8,5,4,2.8,3.6,2.37,14641,2.22557,0.795508,Ralph Hasenhüttl,Dean Smith
2565,2020/21,2021-03-14,Southampton,Brighton,1,2,A,9,8,4,6,2.9,3.1,2.5,14713,1.03495,0.895967,Ralph Hasenhüttl,Graham Potter
2578,2020/21,2021-04-04,Southampton,Burnley,3,2,H,24,7,9,5,2.05,3.3,3.8,14733,2.40272,1.50285,Ralph Hasenhüttl,Sean Dyche
2522,2020/21,2021-02-20,Southampton,Chelsea,1,1,D,4,9,1,3,5.0,3.8,1.7,14682,0.496603,1.44849,Ralph Hasenhüttl,Thomas Tuchel
2629,2020/21,2021-05-11,Southampton,Crystal Palace,3,1,H,13,11,6,4,2.05,3.6,3.5,14753,1.58872,1.32586,Ralph Hasenhüttl,Roy Hodgson
2335,2020/21,2020-10-25,Southampton,Everton,2,0,H,12,6,6,2,2.75,3.4,2.55,14492,0.74151,0.287054,Ralph Hasenhüttl,Carlo Ancelotti
2636,2020/21,2021-05-15,Southampton,Fulham,3,1,H,11,10,7,3,2.0,3.6,3.6,14792,2.29146,0.875957,Ralph Hasenhüttl,Scott Parker
2644,2020/21,2021-05-18,Southampton,Leeds,0,2,A,18,15,3,7,2.55,3.9,2.5,14802,1.3084,1.58132,Ralph Hasenhüttl,Marcelo Bielsa
2609,2020/21,2021-04-30,Southampton,Leicester,1,1,D,5,23,3,9,3.8,3.8,1.9,14772,0.954057,2.51518,Ralph Hasenhüttl,Brendan Rodgers
2444,2020/21,2021-01-04,Southampton,Liverpool,1,0,H,7,17,3,1,5.0,4.33,1.61,14598,0.500436,1.37204,Ralph Hasenhüttl,Jürgen Klopp
2411,2020/21,2020-12-19,Southampton,Man City,0,1,A,9,11,3,5,7.0,4.5,1.44,14572,0.586972,1.15599,Ralph Hasenhüttl,Pep Guardiola
2376,2020/21,2020-11-29,Southampton,Man United,2,3,A,10,15,5,6,4.0,3.5,1.95,14534,0.498783,2.47547,Ralph Hasenhüttl,Ole Gunnar Solskjær
2350,2020/21,2020-11-06,Southampton,Newcastle,2,0,H,15,4,8,2,2.0,3.6,3.7,14512,0.985828,0.175633,Ralph Hasenhüttl,Steve Bruce
2397,2020/21,2020-12-13,Southampton,Sheffield United,3,0,H,16,3,6,0,1.7,3.75,5.0,14551,2.27973,0.219115,Ralph Hasenhüttl,Chris Wilder
2296,2020/21,2020-09-20,Southampton,Tottenham,2,5,A,14,9,7,6,3.0,3.3,2.37,14100,2.27708,2.28004,Ralph Hasenhüttl,José Mourinho
2317,2020/21,2020-10-04,Southampton,West Brom,2,0,H,13,5,7,2,1.72,3.8,4.75,14473,0.949079,0.161283,Ralph Hasenhüttl,Slaven Bilic
2433,2020/21,2020-12-29,Southampton,West Ham,0,0,D,8,8,3,3,2.1,3.6,3.4,14588,0.670996,1.07246,Ralph Hasenhüttl,David Moyes
2512,2020/21,2021-02-14,Southampton,Wolves,1,2,A,7,10,3,4,2.37,3.2,3.1,14672,0.8536,1.09361,Ralph Hasenhüttl,Nuno Espírito Santo
2385,2020/21,2020-12-06,Tottenham,Arsenal,2,0,H,6,11,3,2,1.95,3.6,3.8,14542,0.390629,0.595216,José Mourinho,Mikel Arteta
2649,2020/21,2021-05-19,Tottenham,Aston Villa,1,2,A,10,20,4,4,1.5,4.5,6.0,14803,0.89279,1.63669,Ryan Mason,Dean Smith
2346,2020/21,2020-11-01,Tottenham,Brighton,2,1,H,9,6,3,2,1.61,4.0,5.5,14503,1.97236,0.324457,José Mourinho,Graham Potter
2537,2020/21,2021-02-28,Tottenham,Burnley,4,0,H,16,10,7,3,1.53,4.0,6.5,14693,2.35788,0.603212,José Mourinho,Sean Dyche
2495,2020/21,2021-02-04,Tottenham,Chelsea,0,1,A,7,18,2,2,3.5,3.4,2.1,14653,0.569446,2.393,José Mourinho,Thomas Tuchel
2552,2020/21,2021-03-07,Tottenham,Crystal Palace,4,1,H,12,5,5,1,1.45,4.5,7.0,14702,2.24159,0.559383,José Mourinho,Roy Hodgson
2285,2020/21,2020-09-13,Tottenham,Everton,0,1,A,9,15,5,4,1.83,3.6,4.33,14093,0.822944,1.26793,José Mourinho,Carlo Ancelotti
2449,2020/21,2021-01-13,Tottenham,Fulham,1,1,D,15,15,6,4,1.36,5.0,8.5,14589,3.14372,1.05329,José Mourinho,Scott Parker
2440,2020/21,2021-01-02,Tottenham,Leeds,3,0,H,20,18,7,5,1.75,4.1,4.2,14599,2.5286,1.15626,José Mourinho,Marcelo Bielsa
2414,2020/21,2020-12-20,Tottenham,Leicester,0,2,A,8,17,3,4,2.05,3.5,3.6,14573,0.945932,1.74772,José Mourinho,Brendan Rodgers
2475,2020/21,2021-01-28,Tottenham,Liverpool,1,3,A,3,14,2,7,3.2,3.6,2.2,14633,0.104586,2.58798,José Mourinho,Jürgen Klopp
2362,2020/21,2020-11-21,Tottenham,Man City,2,0,H,4,22,2,5,4.0,4.0,1.8,14523,0.761142,1.66325,José Mourinho,Pep Guardiola
2587,2020/21,2021-04-11,Tottenham,Man United,1,3,A,12,12,3,7,2.87,3.4,2.45,14742,0.921801,2.09737,José Mourinho,Ole Gunnar Solskjær
2305,2020/21,2020-09-27,Tottenham,Newcastle,1,1,D,23,6,12,1,1.45,4.5,7.0,14111,3.18765,0.942726,José Mourinho,Steve Bruce
2615,2020/21,2021-05-02,Tottenham,Sheffield United,4,0,H,20,8,11,1,1.25,6.0,12.0,14773,2.26016,0.469026,Ryan Mason,Paul Heckingbottom
2599,2020/21,2021-04-21,Tottenham,Southampton,2,1,H,12,10,3,5,1.75,3.8,4.5,14722,1.28824,1.06134,Ryan Mason,Ralph Hasenhüttl
2503,2020/21,2021-02-07,Tottenham,West Brom,2,0,H,13,4,6,1,1.45,4.5,7.0,14663,1.92997,0.698686,José Mourinho,Sam Allardyce
2326,2020/21,2020-10-18,Tottenham,West Ham,3,3,D,11,13,6,4,1.57,4.33,5.5,14483,1.77602,1.49992,José Mourinho,David Moyes
2639,2020/21,2021-05-16,Tottenham,Wolves,2,0,H,24,15,13,3,1.5,4.33,6.5,14793,3.13947,1.09206,Ryan Mason,Nuno Espírito Santo
2441,2020/21,2021-01-02,West Brom,Arsenal,0,4,A,7,21,3,12,5.75,4.0,1.57,14600,0.869874,4.03429,Sam Allardyce,Mikel Arteta
2415,2020/21,2020-12-20,West Brom,Aston Villa,0,3,A,1,19,1,10,3.6,3.8,1.95,14574,0.0388442,2.61964,Sam Allardyce,Dean Smith
2532,2020/21,2021-02-27,West Brom,Brighton,1,0,H,6,15,2,6,4.2,3.3,1.95,14692,0.687091,3.12111,Sam Allardyce,Graham Potter
2328,2020/21,2020-10-19,West Brom,Burnley,0,0,D,13,9,6,4,2.45,3.3,2.9,14484,0.731692,1.08532,Slaven Bilic,Sean Dyche
2302,2020/21,2020-09-26,West Brom,Chelsea,3,3,D,9,22,3,10,9.0,4.75,1.36,14108,0.911185,2.36046,Slaven Bilic,Frank Lampard
2386,2020/21,2020-12-06,West Brom,Crystal Palace,1,5,A,9,18,4,6,2.87,3.2,2.55,14543,0.567234,1.68656,Slaven Bilic,Roy Hodgson
2545,2020/21,2021-03-04,West Brom,Everton,0,1,A,11,11,3,3,4.33,3.6,1.83,14723,1.02038,1.40789,Sam Allardyce,Carlo Ancelotti
2481,2020/21,2021-01-30,West Brom,Fulham,2,2,D,5,12,3,7,3.3,3.2,2.3,14640,0.994664,1.52044,Sam Allardyce,Scott Parker
2434,2020/21,2020-12-29,West Brom,Leeds,0,5,A,4,14,1,6,3.6,3.6,2.0,14590,0.43551,1.54225,Sam Allardyce,Marcelo Bielsa
2286,2020/21,2020-09-13,West Brom,Leicester,0,3,A,7,13,1,7,3.8,3.6,1.95,14092,0.352997,2.95581,Slaven Bilic,Brendan Rodgers
2640,2020/21,2021-05-16,West Brom,Liverpool,1,2,A,10,26,3,6,12.0,6.5,1.22,14789,1.14202,2.07854,Sam Allardyce,Jürgen Klopp
2469,2020/21,2021-01-26,West Brom,Man City,0,5,A,4,18,1,7,15.0,7.5,1.18,14629,0.568258,2.24838,Sam Allardyce,Pep Guardiola
2513,2020/21,2021-02-14,West Brom,Man United,1,1,D,7,10,3,7,10.0,5.5,1.3,14673,0.945964,0.423885,Sam Allardyce,Ole Gunnar Solskjær
2553,2020/21,2021-03-07,West Brom,Newcastle,0,0,D,13,9,3,5,2.37,3.2,3.1,14703,1.46503,0.454577,Sam Allardyce,Steve Bruce
2373,2020/21,2020-11-28,West Brom,Sheffield United,1,0,H,17,21,6,5,2.6,3.2,2.8,14527,1.71644,3.36544,Slaven Bilic,Chris Wilder
2590,2020/21,2021-04-12,West Brom,Southampton,3,0,H,15,14,6,4,3.6,3.3,2.1,14743,2.77089,1.5002,Sam Allardyce,Ralph Hasenhüttl
2358,2020/21,2020-11-08,West Brom,Tottenham,0,1,A,12,19,2,5,7.0,4.33,1.45,14513,0.799352,1.87063,Slaven Bilic,José Mourinho
2650,2020/21,2021-05-19,West Brom,West Ham,1,3,A,14,21,4,9,5.0,4.33,1.6,14804,1.10741,3.56991,Sam Allardyce,David Moyes
2617,2020/21,2021-05-03,West Brom,Wolves,1,1,D,10,20,4,10,2.9,3.2,2.5,14774,1.07133,0.844138,Sam Allardyce,Nuno Espírito Santo
2570,2020/21,2021-03-21,West Ham,Arsenal,3,3,D,15,16,5,7,2.8,3.5,2.45,14724,2.50629,1.35217,David Moyes,Mikel Arteta
2378,2020/21,2020-11-30,West Ham,Aston Villa,2,1,H,6,16,2,6,2.25,3.6,3.0,14526,0.571633,2.39051,David Moyes,Dean Smith
2426,2020/21,2020-12-27,West Ham,Brighton,2,2,D,11,13,4,4,2.3,3.4,3.1,14583,1.38877,1.50551,David Moyes,Graham Potter
2454,2020/21,2021-01-16,West Ham,Burnley,1,0,H,15,10,4,2,1.8,3.5,4.75,14623,1.73397,0.395668,David Moyes,Sean Dyche
2604,2020/21,2021-04-24,West Ham,Chelsea,0,1,A,9,17,2,6,4.75,3.6,1.75,14763,0.267123,2.52059,David Moyes,Thomas Tuchel
2405,2020/21,2020-12-16,West Ham,Crystal Palace,1,1,D,9,8,2,2,2.05,3.4,3.6,14561,0.449469,1.09108,David Moyes,Roy Hodgson
2625,2020/21,2021-05-09,West Ham,Everton,0,1,A,11,9,0,3,2.2,3.5,3.2,14783,1.09704,1.56222,David Moyes,Carlo Ancelotti
2354,2020/21,2020-11-07,West Ham,Fulham,1,0,H,16,13,7,3,1.83,3.75,4.2,14514,1.42614,1.84922,David Moyes,Scott Parker
2555,2020/21,2021-03-08,West Ham,Leeds,2,0,H,16,17,5,2,2.05,3.6,3.5,14704,2.37556,1.34971,David Moyes,Marcelo Bielsa
2588,2020/21,2021-04-11,West Ham,Leicester,3,2,H,4,15,4,5,3.0,3.3,2.37,14744,1.02408,1.17188,David Moyes,Brendan Rodgers
2485,2020/21,2021-01-31,West Ham,Liverpool,1,3,A,8,14,2,5,4.33,4.0,1.75,14639,0.883061,2.05809,David Moyes,Jürgen Klopp
2333,2020/21,2020-10-24,West Ham,Man City,1,1,D,6,14,2,7,8.0,5.25,1.36,14493,0.263739,0.892456,David Moyes,Pep Guardiola
2382,2020/21,2020-12-05,West Ham,Man United,1,3,A,19,15,6,6,3.6,3.6,2.0,14544,2.53006,1.78708,David Moyes,Ole Gunnar Solskjær
2284,2020/21,2020-09-12,West Ham,Newcastle,0,2,A,15,15,3,2,2.15,3.4,3.4,14091,0.861445,1.65911,David Moyes,Steve Bruce
2515,2020/21,2021-02-15,West Ham,Sheffield United,3,0,H,13,8,9,5,1.66,3.75,5.25,14674,2.32735,0.926652,David Moyes,Chris Wilder
2659,2020/21,2021-05-23,West Ham,Southampton,3,0,H,14,17,7,5,1.65,4.0,5.0,14813,1.98344,1.35179,David Moyes,Ralph Hasenhüttl
2526,2020/21,2021-02-21,West Ham,Tottenham,2,1,H,4,20,4,4,2.62,3.4,2.7,14683,1.09246,0.770706,David Moyes,José Mourinho
2461,2020/21,2021-01-19,West Ham,West Brom,2,1,H,14,6,6,2,1.57,4.2,5.5,14611,2.17512,0.464091,David Moyes,Sam Allardyce
2306,2020/21,2020-09-27,West Ham,Wolves,4,0,H,15,11,7,2,3.6,3.5,2.05,14113,3.05703,0.385152,David Moyes,Nuno Espírito Santo
2489,2020/21,2021-02-02,Wolves,Arsenal,2,1,H,11,9,7,3,3.6,3.3,2.1,14650,1.56162,0.716265,Nuno Espírito Santo,Mikel Arteta
2392,2020/21,2020-12-12,Wolves,Aston Villa,0,1,A,16,13,7,2,2.25,3.25,3.25,14552,1.1356,1.26872,Nuno Espírito Santo,Dean Smith
2626,2020/21,2021-05-09,Wolves,Brighton,2,1,H,16,5,6,3,3.3,3.3,2.2,14784,1.1199,0.27571,Nuno Espírito Santo,Graham Potter
2607,2020/21,2021-04-25,Wolves,Burnley,0,4,A,12,14,2,7,2.0,3.4,3.9,14764,0.351673,2.24049,Nuno Espírito Santo,Sean Dyche
2399,2020/21,2020-12-15,Wolves,Chelsea,2,1,H,12,13,4,3,5.25,3.8,1.66,14562,0.683783,1.56772,Nuno Espírito Santo,Frank Lampard
2339,2020/21,2020-10-30,Wolves,Crystal Palace,2,0,H,15,11,5,2,2.0,3.2,4.33,14504,1.34895,0.802767,Nuno Espírito Santo,Roy Hodgson
2447,2020/21,2021-01-12,Wolves,Everton,1,2,A,12,5,3,3,2.45,3.1,3.1,14612,0.852495,0.323445,Nuno Espírito Santo,Carlo Ancelotti
2318,2020/21,2020-10-04,Wolves,Fulham,1,0,H,14,10,5,2,1.5,4.0,7.5,14474,0.89359,0.969393,Nuno Espírito Santo,Scott Parker
2518,2020/21,2021-02-19,Wolves,Leeds,1,0,H,15,18,5,7,2.37,3.3,3.0,14684,0.592049,2.4793,Nuno Espírito Santo,Marcelo Bielsa
2504,2020/21,2021-02-07,Wolves,Leicester,0,0,D,13,13,1,3,3.5,3.4,2.1,14664,1.35506,0.632232,Nuno Espírito Santo,Brendan Rodgers
2566,2020/21,2021-03-15,Wolves,Liverpool,0,1,A,10,12,5,4,4.75,3.75,1.72,14714,1.29175,1.0552,Nuno Espírito Santo,Jürgen Klopp
2298,2020/21,2020-09-21,Wolves,Man City,1,3,A,10,14,1,9,6.5,4.33,1.5,14105,0.727677,2.07651,Nuno Espírito Santo,Pep Guardiola
2660,2020/21,2021-05-23,Wolves,Man United,1,2,A,14,9,4,4,2.5,3.5,2.7,14814,0.701256,2.05229,Nuno Espírito Santo,Ole Gunnar Solskjær
2336,2020/21,2020-10-25,Wolves,Newcastle,1,1,D,16,5,3,2,1.75,3.5,5.25,14494,0.758626,0.253685,Nuno Espírito Santo,Steve Bruce
2593,2020/21,2021-04-17,Wolves,Sheffield United,1,0,H,10,8,5,2,1.66,3.5,5.75,14754,1.22604,0.295925,Nuno Espírito Santo,Paul Heckingbottom
2368,2020/21,2020-11-23,Wolves,Southampton,1,1,D,20,7,9,2,2.3,3.25,3.25,14524,1.57479,1.0785,Nuno Espírito Santo,Ralph Hasenhüttl
2427,2020/21,2020-12-27,Wolves,Tottenham,1,1,D,11,6,6,3,3.6,3.25,2.15,14584,0.742598,0.408109,Nuno Espírito Santo,José Mourinho
2455,2020/21,2021-01-16,Wolves,West Brom,2,3,A,23,12,6,5,1.6,3.5,7.0,14624,1.94358,2.46332,Nuno Espírito Santo,Sam Allardyce
2580,2020/21,2021-04-05,Wolves,West Ham,2,3,A,20,9,5,6,2.87,3.2,2.55,14734,1.95649,1.59694,Nuno Espírito Santo,David Moyes
2741,2021/22,2021-10-22,Arsenal,Aston Villa,3,1,H,22,10,9,4,1.83,3.75,4.2,16456,3.4984,1.41088,Mikel Arteta,Dean Smith
2895,2021/22,2022-02-19,Arsenal,Brentford,2,1,H,24,6,8,2,1.44,4.2,8.0,16626,1.52247,0.640726,Mikel Arteta,Thomas Frank
2961,2021/22,2022-04-09,Arsenal,Brighton,1,2,A,20,8,4,3,1.61,3.8,5.75,16695,2.35153,0.596106,Mikel Arteta,Graham Potter
2871,2021/22,2022-01-23,Arsenal,Burnley,0,0,D,20,10,5,1,1.36,4.75,9.0,16596,1.35507,0.388963,Mikel Arteta,Sean Dyche
2677,2021/22,2021-08-22,Arsenal,Chelsea,0,2,A,6,22,3,5,4.75,3.75,1.72,16394,0.630099,3.64132,Mikel Arteta,Thomas Tuchel
2740,2021/22,2021-10-18,Arsenal,Crystal Palace,2,2,D,17,9,6,6,1.6,3.8,6.0,16446,1.7436,0.492239,Mikel Arteta,Patrick Vieira
3031,2021/22,2022-05-22,Arsenal,Everton,5,1,H,26,6,9,2,1.36,4.75,9.0,16746,4.35597,1.08601,Mikel Arteta,Frank Lampard
3009,2021/22,2022-05-08,Arsenal,Leeds,2,1,H,19,3,9,2,1.45,4.5,7.0,16735,2.7227,0.696785,Mikel Arteta,Jesse Marsch
2935,2021/22,2022-03-13,Arsenal,Leicester,2,0,H,21,6,8,3,1.5,4.5,6.0,16656,2.93665,0.54911,Mikel Arteta,Brendan Rodgers
2942,2021/22,2022-03-16,Arsenal,Liverpool,0,2,A,9,9,2,3,3.5,4.0,1.9,16636,0.534265,1.27681,Mikel Arteta,Jürgen Klopp
2844,2021/22,2022-01-01,Arsenal,Man City,1,2,A,7,15,2,2,5.75,4.75,1.5,16576,0.836949,1.94623,Albert Stuivenberg,Pep Guardiola
2982,2021/22,2022-04-23,Arsenal,Man United,3,1,H,14,14,7,5,2.05,3.5,3.5,16715,2.54173,2.04244,Mikel Arteta,Ralf Rangnick
2781,2021/22,2021-11-27,Arsenal,Newcastle,2,0,H,24,9,6,5,1.44,4.75,7.0,16496,2.84493,0.185383,Mikel Arteta,Eddie Howe
2691,2021/22,2021-09-11,Arsenal,Norwich,1,0,H,30,10,7,1,1.5,4.6,6.0,16407,2.68515,0.577292,Mikel Arteta,Daniel Farke
2811,2021/22,2021-12-11,Arsenal,Southampton,3,0,H,15,11,5,6,1.61,4.0,5.5,16526,2.08429,0.502215,Mikel Arteta,Ralph Hasenhüttl
2718,2021/22,2021-09-26,Arsenal,Tottenham,3,1,H,12,10,7,4,2.15,3.3,3.5,16434,1.44499,0.980166,Mikel Arteta,Nuno Espírito Santo
2767,2021/22,2021-11-07,Arsenal,Watford,1,0,H,14,7,6,1,1.36,4.75,8.5,16476,1.49208,0.491659,Mikel Arteta,Claudio Ranieri
2821,2021/22,2021-12-15,Arsenal,West Ham,2,0,H,21,7,8,1,2.1,3.6,3.3,16536,2.81482,0.338855,Mikel Arteta,David Moyes
2908,2021/22,2022-02-24,Arsenal,Wolves,2,1,H,26,6,5,2,1.65,3.8,5.5,16566,2.50961,1.10934,Mikel Arteta,Bruno Lage
2946,2021/22,2022-03-19,Aston Villa,Arsenal,0,1,A,8,10,1,3,3.0,3.3,2.4,16666,0.309375,1.14522,Steven Gerrard,Mikel Arteta
2681,2021/22,2021-08-28,Aston Villa,Brentford,1,1,D,7,9,5,2,1.95,3.6,3.8,16399,0.431464,1.13312,Dean Smith,Thomas Frank
2771,2021/22,2021-11-20,Aston Villa,Brighton,2,0,H,9,6,5,2,2.45,3.3,2.9,16486,1.06946,0.582787,Steven Gerrard,Graham Potter
3028,2021/22,2022-05-19,Aston Villa,Burnley,1,1,D,22,10,9,5,2.05,3.5,3.6,16546,0.996403,1.63117,Steven Gerrard,Mike Jackson
2830,2021/22,2021-12-26,Aston Villa,Chelsea,1,3,A,8,10,1,4,5.25,3.8,1.65,16556,0.474029,2.8285,Steven Gerrard,Thomas Tuchel
3019,2021/22,2022-05-15,Aston Villa,Crystal Palace,1,1,D,13,16,4,4,2.0,3.5,3.75,16745,0.799443,1.39009,Steven Gerrard,Patrick Vieira
2702,2021/22,2021-09-18,Aston Villa,Everton,3,0,H,15,11,3,1,2.4,3.3,3.0,16422,0.777716,0.755035,Dean Smith,Rafael Benítez
2879,2021/22,2022-02-09,Aston Villa,Leeds,3,3,D,12,16,4,8,1.8,3.8,4.2,16606,1.5013,2.52914,Steven Gerrard,Marcelo Bielsa
2805,2021/22,2021-12-05,Aston Villa,Leicester,2,1,H,13,12,4,5,2.37,3.4,3.0,16516,1.84818,0.982614,Steven Gerrard,Brendan Rodgers
3013,2021/22,2022-05-10,Aston Villa,Liverpool,1,2,A,9,17,4,6,7.5,4.75,1.4,16705,1.44726,1.75417,Steven Gerrard,Jürgen Klopp
2792,2021/22,2021-12-01,Aston Villa,Man City,1,2,A,9,17,3,7,9.0,5.25,1.33,16506,0.772083,1.01897,Steven Gerrard,Pep Guardiola
2855,2021/22,2022-01-15,Aston Villa,Man United,2,2,D,13,13,9,6,2.87,3.5,2.4,16586,1.82784,1.35378,Steven Gerrard,Ralf Rangnick
2671,2021/22,2021-08-21,Aston Villa,Newcastle,2,0,H,10,9,2,1,1.8,3.75,4.33,16388,1.18426,0.63163,Dean Smith,Steve Bruce
2993,2021/22,2022-04-30,Aston Villa,Norwich,2,0,H,21,9,6,3,1.4,4.5,9.0,16725,2.31192,0.352212,Steven Gerrard,Dean Smith
2918,2021/22,2022-03-05,Aston Villa,Southampton,4,0,H,14,11,9,1,2.3,3.5,3.0,16646,2.85379,1.32947,Steven Gerrard,Ralph Hasenhüttl
2962,2021/22,2022-04-09,Aston Villa,Tottenham,0,4,A,9,11,8,5,3.2,3.4,2.25,16694,1.48712,0.983601,Steven Gerrard,Antonio Conte
2896,2021/22,2022-02-19,Aston Villa,Watford,0,1,A,20,8,1,4,1.65,3.6,5.75,16627,1.0267,1.82051,Steven Gerrard,Roy Hodgson
2758,2021/22,2021-10-31,Aston Villa,West Ham,1,4,A,9,21,3,9,2.8,3.5,2.45,16466,0.687551,2.66391,Dean Smith,David Moyes
2731,2021/22,2021-10-16,Aston Villa,Wolves,2,3,A,14,9,5,4,2.15,3.25,3.5,16447,1.21276,2.19633,Dean Smith,Bruno Lage
2661,2021/22,2021-08-13,Brentford,Arsenal,2,0,H,8,22,3,4,4.0,3.4,1.95,16376,1.88818,1.02385,Thomas Frank,Mikel Arteta
2847,2021/22,2022-01-02,Brentford,Aston Villa,2,1,H,10,16,4,5,3.0,3.3,2.4,16577,0.501329,1.13821,Thomas Frank,Steven Gerrard
2692,2021/22,2021-09-11,Brentford,Brighton,0,1,A,7,4,1,2,2.8,3.2,2.62,16408,0.729786,0.287902,Thomas Frank,Graham Potter
2932,2021/22,2022-03-12,Brentford,Burnley,2,0,H,13,7,4,1,2.15,3.2,3.6,16657,1.82002,0.825311,Thomas Frank,Sean Dyche
2732,2021/22,2021-10-16,Brentford,Chelsea,0,1,A,17,5,7,1,6.5,3.8,1.57,16448,1.62169,0.248256,Thomas Frank,Thomas Tuchel
2885,2021/22,2022-02-12,Brentford,Crystal Palace,0,0,D,9,6,2,3,2.55,3.1,3.0,16616,1.97576,0.49802,Thomas Frank,Patrick Vieira
2786,2021/22,2021-11-28,Brentford,Everton,1,0,H,6,14,4,5,2.25,3.2,3.4,16497,1.19813,0.968075,Thomas Frank,Rafael Benítez
3032,2021/22,2022-05-22,Brentford,Leeds,1,2,A,14,14,5,6,2.45,3.8,2.62,16747,0.844985,1.47786,Thomas Frank,Jesse Marsch
2748,2021/22,2021-10-24,Brentford,Leicester,1,2,A,15,10,5,6,2.62,3.3,2.7,16457,1.16789,1.00254,Thomas Frank,Brendan Rodgers
2711,2021/22,2021-09-25,Brentford,Liverpool,3,3,D,12,16,4,6,7.0,4.5,1.45,16432,2.94058,2.25736,Thomas Frank,Jürgen Klopp
2841,2021/22,2021-12-29,Brentford,Man City,0,1,A,6,12,2,3,19.0,8.0,1.14,16567,0.238829,1.01763,Thomas Frank,Pep Guardiola
2863,2021/22,2022-01-19,Brentford,Man United,1,3,A,18,13,8,5,4.5,3.7,1.8,16537,2.081,2.05969,Thomas Frank,Ralf Rangnick
2910,2021/22,2022-02-26,Brentford,Newcastle,0,2,A,6,26,1,11,2.5,3.2,3.0,16637,0.494232,2.25373,Thomas Frank,Eddie Howe
2762,2021/22,2021-11-06,Brentford,Norwich,1,2,A,19,9,7,5,1.6,4.0,5.75,16477,2.79229,1.15797,Thomas Frank,Daniel Farke
3003,2021/22,2022-05-07,Brentford,Southampton,3,0,H,18,19,5,4,2.15,3.5,3.3,16734,3.68223,0.988574,Thomas Frank,Ralph Hasenhüttl
2983,2021/22,2022-04-23,Brentford,Tottenham,0,0,D,15,9,2,0,4.33,3.5,1.85,16714,1.3153,0.517755,Thomas Frank,Antonio Conte
2810,2021/22,2021-12-10,Brentford,Watford,2,1,H,14,6,5,2,2.25,3.3,3.3,16527,1.82799,0.561554,Thomas Frank,Claudio Ranieri
2966,2021/22,2022-04-10,Brentford,West Ham,2,0,H,15,5,7,1,2.62,3.3,2.62,16693,1.85534,0.244824,Thomas Frank,David Moyes
2866,2021/22,2022-01-22,Brentford,Wolves,1,2,A,11,7,1,2,3.2,2.8,2.6,16597,0.742573,0.218211,Thomas Frank,Bruno Lage
2721,2021/22,2021-10-02,Brighton,Arsenal,0,0,D,21,8,2,2,3.0,3.25,2.4,16436,1.11551,0.36431,Graham Potter,Mikel Arteta
2911,2021/22,2022-02-26,Brighton,Aston Villa,0,2,A,12,9,1,4,2.2,3.3,3.5,16638,0.627107,1.3027,Graham Potter,Steven Gerrard
2831,2021/22,2021-12-26,Brighton,Brentford,2,0,H,15,16,5,6,1.9,3.4,4.2,16557,0.943363,1.10342,Graham Potter,Thomas Frank
2897,2021/22,2022-02-19,Brighton,Burnley,0,3,A,11,10,1,4,1.66,3.5,6.0,16628,0.44587,0.821228,Graham Potter,Sean Dyche
2862,2021/22,2022-01-18,Brighton,Chelsea,1,1,D,10,15,2,3,4.75,3.75,1.72,16607,0.747557,0.572994,Graham Potter,Thomas Tuchel
2854,2021/22,2022-01-14,Brighton,Crystal Palace,1,1,D,19,3,4,1,2.05,3.3,3.8,16587,2.18053,0.509681,Graham Potter,Patrick Vieira
2682,2021/22,2021-08-28,Brighton,Everton,0,2,A,14,14,3,5,2.3,3.2,3.3,16400,0.701622,1.54868,Graham Potter,Rafael Benítez
2782,2021/22,2021-11-27,Brighton,Leeds,0,0,D,20,11,4,4,2.05,3.4,3.75,16498,1.90498,0.864829,Graham Potter,Marcelo Bielsa
2708,2021/22,2021-09-19,Brighton,Leicester,2,1,H,12,14,5,3,2.7,3.2,2.75,16423,1.47438,1.25373,Graham Potter,Brendan Rodgers
2933,2021/22,2022-03-12,Brighton,Liverpool,0,2,A,8,18,3,9,6.0,4.33,1.5,16658,0.629316,2.48312,Graham Potter,Jürgen Klopp
2742,2021/22,2021-10-23,Brighton,Man City,1,4,A,10,23,5,14,8.0,4.75,1.4,16458,1.1695,3.57376,Graham Potter,Pep Guardiola
3004,2021/22,2022-05-07,Brighton,Man United,4,0,H,17,15,6,5,2.8,3.5,2.45,16733,2.82636,0.930715,Graham Potter,Ralf Rangnick
2763,2021/22,2021-11-06,Brighton,Newcastle,1,1,D,14,6,5,1,1.57,3.9,6.0,16478,1.43123,0.227321,Graham Potter,Graeme Jones
2949,2021/22,2022-04-02,Brighton,Norwich,0,0,D,31,6,4,0,1.5,4.0,7.0,16685,2.38297,0.494112,Graham Potter,Dean Smith
2987,2021/22,2022-04-24,Brighton,Southampton,2,2,D,8,18,5,5,2.1,3.4,3.6,16713,1.87343,0.926764,Graham Potter,Ralph Hasenhüttl
2943,2021/22,2022-03-16,Brighton,Tottenham,0,2,A,15,17,0,7,3.3,3.3,2.25,16528,1.04171,2.05196,Graham Potter,Antonio Conte
2672,2021/22,2021-08-21,Brighton,Watford,2,0,H,13,10,3,1,1.7,3.5,5.75,16391,1.77896,0.407224,Graham Potter,Xisco Muñoz
3033,2021/22,2022-05-22,Brighton,West Ham,3,1,H,18,7,7,2,2.37,3.5,2.9,16748,1.67774,0.268845,Graham Potter,David Moyes
2822,2021/22,2021-12-15,Brighton,Wolves,0,1,A,12,8,2,5,2.25,3.1,3.5,16538,1.20118,1.11736,Graham Potter,Bruno Lage
2703,2021/22,2021-09-18,Burnley,Arsenal,0,1,A,18,13,3,3,3.8,3.6,1.95,16419,0.775574,1.09928,Sean Dyche,Mikel Arteta
3005,2021/22,2022-05-07,Burnley,Aston Villa,1,3,A,14,12,6,7,3.0,3.3,2.4,16732,1.31028,1.81256,Mike Jackson,Steven Gerrard
2751,2021/22,2021-10-30,Burnley,Brentford,3,1,H,15,12,6,5,2.6,3.3,2.75,16467,2.72901,0.834312,Sean Dyche,Thomas Frank
2662,2021/22,2021-08-14,Burnley,Brighton,1,2,A,14,14,3,8,3.1,3.1,2.45,16378,1.79548,1.6853,Sean Dyche,Graham Potter
2919,2021/22,2022-03-05,Burnley,Chelsea,0,4,A,6,11,1,5,6.5,4.33,1.5,16647,0.849232,2.2868,Sean Dyche,Thomas Tuchel
2772,2021/22,2021-11-20,Burnley,Crystal Palace,3,3,D,15,18,9,8,2.7,3.2,2.7,16487,1.04224,1.74839,Sean Dyche,Patrick Vieira
2959,2021/22,2022-04-06,Burnley,Everton,3,2,H,13,16,4,4,2.62,3.1,2.87,16558,2.24439,2.31574,Sean Dyche,Frank Lampard
2688,2021/22,2021-08-29,Burnley,Leeds,1,1,D,12,12,3,2,3.1,3.5,2.25,16403,1.71102,1.52078,Sean Dyche,Marcelo Bielsa
2917,2021/22,2022-03-01,Burnley,Leicester,0,2,A,9,22,2,6,2.9,3.4,2.4,16588,1.04214,1.79558,Sean Dyche,Brendan Rodgers
2890,2021/22,2022-02-13,Burnley,Liverpool,0,1,A,8,12,5,4,10.0,5.25,1.28,16617,1.16081,1.95722,Sean Dyche,Jürgen Klopp
2950,2021/22,2022-04-02,Burnley,Man City,0,2,A,3,18,1,6,15.0,6.5,1.2,16684,0.0591223,1.62008,Sean Dyche,Pep Guardiola
2876,2021/22,2022-02-08,Burnley,Man United,1,1,D,9,22,3,5,5.5,4.0,1.61,16608,0.772721,1.83387,Sean Dyche,Ralf Rangnick
3034,2021/22,2022-05-22,Burnley,Newcastle,1,2,A,12,8,5,6,2.25,3.4,3.2,16749,1.49164,1.74291,Mike Jackson,Eddie Howe
2722,2021/22,2021-10-02,Burnley,Norwich,0,0,D,14,10,4,2,1.85,3.6,4.33,16437,0.584725,0.673617,Sean Dyche,Daniel Farke
2981,2021/22,2022-04-21,Burnley,Southampton,2,0,H,16,11,6,3,2.75,3.25,2.62,16667,2.14743,1.31837,Mike Jackson,Ralph Hasenhüttl
2905,2021/22,2022-02-23,Burnley,Tottenham,1,0,H,15,12,4,2,4.6,3.8,1.75,16499,1.55576,0.691655,Sean Dyche,Antonio Conte
2875,2021/22,2022-02-05,Burnley,Watford,0,0,D,13,11,2,5,2.2,3.25,3.5,16539,0.765905,0.933965,Sean Dyche,Roy Hodgson
2816,2021/22,2021-12-12,Burnley,West Ham,0,0,D,9,16,1,3,3.6,3.6,2.0,16529,0.54801,0.998813,Sean Dyche,David Moyes
2988,2021/22,2022-04-24,Burnley,Wolves,1,0,H,14,10,5,4,2.7,3.0,2.87,16712,1.27298,0.592902,Mike Jackson,Bruno Lage
2977,2021/22,2022-04-20,Chelsea,Arsenal,2,4,A,11,14,2,4,1.83,3.6,4.33,16618,0.593801,1.87331,Thomas Tuchel,Mikel Arteta
2693,2021/22,2021-09-11,Chelsea,Aston Villa,3,0,H,12,18,4,6,1.28,5.5,11.0,16413,1.22153,1.17349,Thomas Tuchel,Dean Smith
2951,2021/22,2022-04-02,Chelsea,Brentford,1,4,A,21,17,8,6,1.33,5.0,10.0,16683,1.29014,2.43422,Thomas Tuchel,Thomas Frank
2842,2021/22,2021-12-29,Chelsea,Brighton,1,1,D,11,18,5,6,1.4,4.5,7.5,16568,0.763458,0.78663,Thomas Tuchel,Graham Potter
2764,2021/22,2021-11-06,Chelsea,Burnley,1,1,D,25,5,4,2,1.25,6.0,12.0,16479,3.00585,0.674072,Thomas Tuchel,Sean Dyche
2663,2021/22,2021-08-14,Chelsea,Crystal Palace,3,0,H,13,4,6,1,1.25,5.75,13.0,16379,1.18709,0.321701,Thomas Tuchel,Patrick Vieira
2824,2021/22,2021-12-16,Chelsea,Everton,1,1,D,23,5,10,3,1.22,6.5,13.0,16543,3.20239,0.627528,Thomas Tuchel,Rafael Benítez
2812,2021/22,2021-12-11,Chelsea,Leeds,3,2,H,16,12,6,5,1.25,5.75,12.0,16530,2.74844,1.72934,Thomas Tuchel,Marcelo Bielsa
3029,2021/22,2022-05-19,Chelsea,Leicester,1,1,D,20,2,7,1,1.4,4.75,8.0,16639,1.61996,0.0417972,Thomas Tuchel,Brendan Rodgers
2848,2021/22,2022-01-02,Chelsea,Liverpool,2,2,D,15,10,6,6,3.1,3.5,2.25,16578,1.389,1.78897,Thomas Tuchel,Jürgen Klopp
2712,2021/22,2021-09-25,Chelsea,Man City,0,1,A,5,15,0,4,2.62,3.2,2.75,16426,0.194202,1.69244,Thomas Tuchel,Pep Guardiola
2787,2021/22,2021-11-28,Chelsea,Man United,1,1,D,24,3,6,2,1.57,4.0,6.0,16500,2.34525,0.563367,Thomas Tuchel,Michael Carrick
2936,2021/22,2022-03-13,Chelsea,Newcastle,1,0,H,8,7,3,2,1.3,5.25,11.0,16659,1.07072,0.246037,Thomas Tuchel,Eddie Howe
2743,2021/22,2021-10-23,Chelsea,Norwich,7,0,H,23,3,13,1,1.18,7.0,15.0,16459,3.10509,0.267429,Thomas Tuchel,Daniel Farke
2723,2021/22,2021-10-02,Chelsea,Southampton,3,1,H,20,6,9,2,1.36,4.75,9.0,16438,3.79243,1.52634,Thomas Tuchel,Ralph Hasenhüttl
2872,2021/22,2022-01-23,Chelsea,Tottenham,2,0,H,15,6,7,3,1.61,4.2,5.0,16598,1.04212,0.328818,Thomas Tuchel,Antonio Conte
3035,2021/22,2022-05-22,Chelsea,Watford,2,1,H,19,8,8,3,1.18,7.5,15.0,16750,2.59231,0.575755,Thomas Tuchel,Roy Hodgson
2989,2021/22,2022-04-24,Chelsea,West Ham,1,0,H,26,6,5,2,1.5,4.33,6.5,16711,2.34959,0.388975,Thomas Tuchel,David Moyes
3006,2021/22,2022-05-07,Chelsea,Wolves,2,2,D,19,14,6,4,1.33,5.0,9.5,16731,1.82098,1.6842,Thomas Tuchel,Bruno Lage
2958,2021/22,2022-04-04,Crystal Palace,Arsenal,3,0,H,6,12,5,3,4.0,3.4,1.95,16682,1.39707,1.05199,Patrick Vieira,Mikel Arteta
2783,2021/22,2021-11-27,Crystal Palace,Aston Villa,1,2,A,8,10,3,3,2.2,3.4,3.3,16501,0.962129,0.454305,Patrick Vieira,Steven Gerrard
2673,2021/22,2021-08-21,Crystal Palace,Brentford,0,0,D,7,14,2,3,2.55,3.2,2.87,16389,0.606313,0.712439,Patrick Vieira,Thomas Frank
2720,2021/22,2021-09-27,Crystal Palace,Brighton,1,1,D,8,8,3,4,3.1,3.2,2.45,16435,1.36836,0.649566,Patrick Vieira,Graham Potter
2912,2021/22,2022-02-26,Crystal Palace,Burnley,1,1,D,11,5,4,1,1.9,3.6,4.0,16640,1.03765,0.255988,Patrick Vieira,Sean Dyche
2898,2021/22,2022-02-19,Crystal Palace,Chelsea,0,1,A,7,9,0,3,5.5,3.8,1.65,16629,0.624023,1.12339,Patrick Vieira,Thomas Tuchel
2817,2021/22,2021-12-12,Crystal Palace,Everton,3,1,H,17,12,6,6,2.3,3.2,3.3,16531,2.09864,1.27556,Patrick Vieira,Rafael Benítez
2991,2021/22,2022-04-25,Crystal Palace,Leeds,0,0,D,17,9,7,2,2.05,3.5,3.5,16710,1.61656,0.374044,Patrick Vieira,Jesse Marsch
2727,2021/22,2021-10-03,Crystal Palace,Leicester,2,2,D,18,9,4,5,3.1,3.4,2.3,16439,1.1703,1.04322,Patrick Vieira,Brendan Rodgers
2873,2021/22,2022-01-23,Crystal Palace,Liverpool,1,3,A,8,15,5,7,6.0,4.2,1.53,16599,1.62615,1.49697,Patrick Vieira,Jürgen Klopp
2941,2021/22,2022-03-14,Crystal Palace,Man City,0,0,D,7,18,1,4,10.0,5.0,1.33,16660,0.474002,2.04021,Patrick Vieira,Pep Guardiola
3036,2021/22,2022-05-22,Crystal Palace,Man United,1,0,H,6,10,3,4,3.0,3.6,2.25,16751,0.354618,0.782005,Patrick Vieira,Ralf Rangnick
2744,2021/22,2021-10-23,Crystal Palace,Newcastle,1,1,D,15,6,3,2,1.9,3.6,4.0,16460,2.25588,0.721813,Patrick Vieira,Graeme Jones
2837,2021/22,2021-12-28,Crystal Palace,Norwich,3,0,H,19,12,6,3,1.65,3.75,5.5,16570,2.38978,0.594134,Patrick Vieira,Dean Smith
2823,2021/22,2021-12-15,Crystal Palace,Southampton,2,2,D,9,15,6,4,2.15,3.3,3.5,16542,1.49244,0.625183,Patrick Vieira,Ralph Hasenhüttl
2694,2021/22,2021-09-11,Crystal Palace,Tottenham,3,0,H,18,2,4,1,4.2,3.5,1.9,16406,2.89372,0.0775646,Patrick Vieira,Nuno Espírito Santo
3007,2021/22,2022-05-07,Crystal Palace,Watford,1,0,H,15,6,7,1,1.65,4.0,5.0,16730,2.49142,0.255373,Patrick Vieira,Roy Hodgson
2845,2021/22,2022-01-01,Crystal Palace,West Ham,2,3,A,22,10,6,5,3.1,3.4,2.3,16579,2.69204,2.23146,Patrick Vieira,David Moyes
2765,2021/22,2021-11-06,Crystal Palace,Wolves,2,0,H,13,4,6,2,2.45,3.2,3.0,16480,2.65161,0.25416,Patrick Vieira,Bruno Lage
2809,2021/22,2021-12-06,Everton,Arsenal,2,1,H,11,10,5,3,3.4,3.5,2.1,16517,1.06108,1.05723,Rafael Benítez,Mikel Arteta
2867,2021/22,2022-01-22,Everton,Aston Villa,0,1,A,15,8,1,3,2.75,3.25,2.62,16600,1.2384,0.860245,Duncan Ferguson,Steven Gerrard
3020,2021/22,2022-05-15,Everton,Brentford,2,3,A,10,18,5,7,2.05,3.6,3.5,16744,2.69589,1.81626,Frank Lampard,Thomas Frank
2849,2021/22,2022-01-02,Everton,Brighton,2,3,A,17,12,6,5,2.75,3.2,2.62,16580,1.82698,1.48397,Rafael Benítez,Graham Potter
2700,2021/22,2021-09-13,Everton,Burnley,3,1,H,14,11,6,6,1.7,3.75,5.0,16415,1.80386,1.82061,Rafael Benítez,Sean Dyche
2999,2021/22,2022-05-01,Everton,Chelsea,1,0,H,9,17,4,5,5.0,3.6,1.75,16724,1.11712,1.21141,Frank Lampard,Thomas Tuchel
3030,2021/22,2022-05-19,Everton,Crystal Palace,3,2,H,12,7,6,5,1.9,3.4,4.33,16704,0.813157,1.6023,Frank Lampard,Patrick Vieira
2886,2021/22,2022-02-12,Everton,Leeds,3,0,H,21,7,10,0,2.25,3.5,3.0,16619,2.58561,0.242668,Frank Lampard,Marcelo Bielsa
2978,2021/22,2022-04-20,Everton,Leicester,1,1,D,13,11,3,3,2.25,3.4,3.25,16547,1.68819,0.786333,Frank Lampard,Brendan Rodgers
2793,2021/22,2021-12-01,Everton,Liverpool,1,4,A,8,16,2,7,7.5,5.25,1.36,16507,0.512263,2.86067,Rafael Benítez,Jürgen Klopp
2913,2021/22,2022-02-26,Everton,Man City,0,1,A,6,13,2,8,10.0,5.75,1.28,16641,0.770819,1.93422,Frank Lampard,Pep Guardiola
2963,2021/22,2022-04-09,Everton,Man United,1,0,H,7,12,3,4,4.6,3.75,1.75,16692,0.357295,0.762357,Frank Lampard,Ralf Rangnick
2944,2021/22,2022-03-17,Everton,Newcastle,1,0,H,9,17,3,6,2.4,3.25,3.1,16571,0.708809,0.75803,Frank Lampard,Eddie Howe
2713,2021/22,2021-09-25,Everton,Norwich,2,0,H,11,10,4,2,1.61,3.8,5.75,16428,2.26681,0.800903,Rafael Benítez,Daniel Farke
2664,2021/22,2021-08-14,Everton,Southampton,3,1,H,14,6,6,3,1.9,3.5,4.0,16380,2.38863,0.580601,Rafael Benítez,Ralph Hasenhüttl
2768,2021/22,2021-11-07,Everton,Tottenham,0,0,D,12,8,2,0,3.1,3.25,2.37,16481,0.597906,0.801798,Rafael Benítez,Antonio Conte
2745,2021/22,2021-10-23,Everton,Watford,2,5,A,15,20,4,8,1.65,3.8,5.5,16461,1.84089,3.10344,Rafael Benítez,Claudio Ranieri
2738,2021/22,2021-10-17,Everton,West Ham,0,1,A,15,16,2,4,2.5,3.4,2.8,16449,0.854165,2.03034,Rafael Benítez,David Moyes
2937,2021/22,2022-03-13,Everton,Wolves,0,1,A,8,14,2,3,2.3,3.2,3.3,16661,0.397268,0.712135,Frank Lampard,Bruno Lage
2826,2021/22,2021-12-18,Leeds,Arsenal,1,4,A,9,21,2,12,3.9,3.8,1.83,16548,1.31408,3.69008,Marcelo Bielsa,Mikel Arteta
2928,2021/22,2022-03-10,Leeds,Aston Villa,0,3,A,4,15,1,9,2.7,3.5,2.5,16572,0.194028,1.2729,Jesse Marsch,Steven Gerrard
2806,2021/22,2021-12-05,Leeds,Brentford,2,2,D,13,9,6,3,1.95,3.6,3.8,16518,1.41896,1.19959,Marcelo Bielsa,Thomas Frank
3021,2021/22,2022-05-15,Leeds,Brighton,1,1,D,19,16,5,6,2.62,3.5,2.62,16743,2.22282,2.25898,Jesse Marsch,Graham Potter
2850,2021/22,2022-01-02,Leeds,Burnley,3,1,H,22,8,7,2,2.05,3.5,3.5,16581,2.04186,0.960493,Marcelo Bielsa,Sean Dyche
3014,2021/22,2022-05-11,Leeds,Chelsea,0,3,A,5,17,0,4,4.75,4.2,1.65,16703,0.499789,1.46853,Jesse Marsch,Thomas Tuchel
2790,2021/22,2021-11-30,Leeds,Crystal Palace,1,0,H,15,9,3,1,2.4,3.3,3.0,16508,1.9818,0.707328,Marcelo Bielsa,Patrick Vieira
2674,2021/22,2021-08-21,Leeds,Everton,2,2,D,17,17,4,8,2.37,3.4,3.0,16390,0.966093,1.85713,Marcelo Bielsa,Rafael Benítez
2769,2021/22,2021-11-07,Leeds,Leicester,1,1,D,18,9,5,3,2.8,3.5,2.45,16482,1.96551,0.795292,Marcelo Bielsa,Brendan Rodgers
2699,2021/22,2021-09-12,Leeds,Liverpool,0,3,A,9,30,4,9,4.33,4.0,1.75,16414,0.652514,4.4016,Marcelo Bielsa,Jürgen Klopp
2994,2021/22,2022-04-30,Leeds,Man City,0,4,A,7,19,2,6,8.5,6.0,1.3,16723,1.03608,3.01431,Jesse Marsch,Pep Guardiola
2903,2021/22,2022-02-20,Leeds,Man United,2,4,A,16,15,6,9,3.9,3.8,1.85,16630,1.74476,2.60999,Marcelo Bielsa,Ralf Rangnick
2868,2021/22,2022-01-22,Leeds,Newcastle,0,1,A,13,15,4,3,2.0,3.5,3.75,16601,1.12992,1.15904,Marcelo Bielsa,Eddie Howe
2938,2021/22,2022-03-13,Leeds,Norwich,2,1,H,13,12,7,4,1.55,4.2,5.75,16662,3.11755,1.40148,Jesse Marsch,Dean Smith
2952,2021/22,2022-04-02,Leeds,Southampton,1,1,D,12,14,3,6,2.37,3.75,2.75,16681,1.50715,2.06387,Jesse Marsch,Ralph Hasenhüttl
2914,2021/22,2022-02-26,Leeds,Tottenham,0,4,A,19,15,3,11,4.2,3.6,1.85,16642,1.89569,2.47025,Marcelo Bielsa,Antonio Conte
2724,2021/22,2021-10-02,Leeds,Watford,1,0,H,20,5,4,1,1.7,4.0,4.75,16440,1.57388,0.192794,Marcelo Bielsa,Xisco Muñoz
2714,2021/22,2021-09-25,Leeds,West Ham,1,2,A,15,20,5,7,3.0,3.6,2.25,16429,1.1967,1.98962,Marcelo Bielsa,David Moyes
2746,2021/22,2021-10-23,Leeds,Wolves,1,1,D,18,8,4,4,2.4,3.4,2.87,16462,1.71313,0.858644,Marcelo Bielsa,Bruno Lage
2752,2021/22,2021-10-30,Leicester,Arsenal,0,2,A,16,9,8,5,2.4,3.5,2.87,16468,1.98801,1.10288,Brendan Rodgers,Mikel Arteta
2984,2021/22,2022-04-23,Leicester,Aston Villa,0,0,D,5,11,2,3,2.8,3.4,2.5,16709,0.235635,0.593202,Brendan Rodgers,Steven Gerrard
2947,2021/22,2022-03-20,Leicester,Brentford,2,1,H,12,15,4,6,2.15,3.4,3.4,16668,1.27865,1.72466,Brendan Rodgers,Thomas Frank
2874,2021/22,2022-01-23,Leicester,Brighton,1,1,D,15,14,5,5,2.5,3.25,2.9,16602,1.70979,1.19738,Brendan Rodgers,Björn Hamberg
2715,2021/22,2021-09-25,Leicester,Burnley,2,2,D,22,9,5,3,1.57,4.0,6.0,16430,2.16233,0.428866,Brendan Rodgers,Sean Dyche
2773,2021/22,2021-11-20,Leicester,Chelsea,0,3,A,4,16,3,7,4.75,3.75,1.75,16488,0.499504,2.57178,Brendan Rodgers,Thomas Tuchel
2967,2021/22,2022-04-10,Leicester,Crystal Palace,2,1,H,12,11,3,3,2.37,3.3,2.9,16691,0.879235,1.52767,Brendan Rodgers,Patrick Vieira
3010,2021/22,2022-05-08,Leicester,Everton,1,2,A,16,10,9,4,2.6,3.3,2.75,16729,1.47479,1.55635,Brendan Rodgers,Frank Lampard
2920,2021/22,2022-03-05,Leicester,Leeds,1,0,H,7,19,4,4,1.75,4.0,4.2,16648,0.359129,2.14389,Brendan Rodgers,Jesse Marsch
2838,2021/22,2021-12-28,Leicester,Liverpool,1,0,H,6,21,1,4,8.0,5.5,1.33,16573,0.615892,2.72682,Brendan Rodgers,Jürgen Klopp
2695,2021/22,2021-09-11,Leicester,Man City,0,1,A,6,25,1,8,6.0,4.0,1.57,16409,0.8001,2.75058,Brendan Rodgers,Pep Guardiola
2733,2021/22,2021-10-16,Leicester,Man United,4,2,H,22,18,11,6,3.5,3.6,2.05,16450,2.96611,1.02494,Brendan Rodgers,Ole Gunnar Solskjær
2818,2021/22,2021-12-12,Leicester,Newcastle,4,0,H,8,12,5,3,1.66,4.1,4.75,16532,2.05771,0.511934,Brendan Rodgers,Eddie Howe
3015,2021/22,2022-05-11,Leicester,Norwich,3,0,H,20,9,8,5,1.44,4.75,7.0,16582,2.57058,1.21966,Brendan Rodgers,Dean Smith
3037,2021/22,2022-05-22,Leicester,Southampton,4,1,H,12,7,6,2,1.85,4.0,3.8,16752,3.42058,1.05141,Brendan Rodgers,Ralph Hasenhüttl
2864,2021/22,2022-01-19,Leicester,Tottenham,2,3,A,14,27,4,10,3.0,3.5,2.3,16540,1.95031,4.24711,Brendan Rodgers,Antonio Conte
2788,2021/22,2021-11-28,Leicester,Watford,4,2,H,18,16,8,5,1.61,4.0,5.5,16502,2.16027,2.38383,Brendan Rodgers,Claudio Ranieri
2891,2021/22,2022-02-13,Leicester,West Ham,2,2,D,13,8,2,3,2.9,3.5,2.3,16620,1.40693,0.745068,Brendan Rodgers,David Moyes
2665,2021/22,2021-08-14,Leicester,Wolves,1,0,H,9,17,5,3,1.66,3.8,5.25,16381,0.668082,1.32714,Brendan Rodgers,Bruno Lage
2774,2021/22,2021-11-20,Liverpool,Arsenal,4,0,H,19,5,9,3,1.45,4.75,6.5,16489,3.97374,0.268025,Jürgen Klopp,Mikel Arteta
2813,2021/22,2021-12-11,Liverpool,Aston Villa,1,0,H,20,4,5,0,1.2,7.0,13.0,16533,2.71181,0.140573,Jürgen Klopp,Steven Gerrard
2860,2021/22,2022-01-16,Liverpool,Brentford,3,0,H,27,6,13,1,1.3,5.5,10.0,16589,3.49099,0.376656,Jürgen Klopp,Thomas Frank
2753,2021/22,2021-10-30,Liverpool,Brighton,2,2,D,14,9,3,6,1.22,6.5,13.0,16469,1.39778,1.51032,Jürgen Klopp,Graham Potter
2675,2021/22,2021-08-21,Liverpool,Burnley,2,0,H,27,9,9,3,1.18,7.5,13.0,16386,2.63945,0.690464,Jürgen Klopp,Sean Dyche
2683,2021/22,2021-08-28,Liverpool,Chelsea,1,1,D,24,6,7,3,2.45,3.3,2.9,16402,2.08462,0.573638,Jürgen Klopp,Thomas Tuchel
2704,2021/22,2021-09-18,Liverpool,Crystal Palace,3,0,H,25,13,10,2,1.2,7.0,13.0,16420,2.76793,0.644168,Jürgen Klopp,Patrick Vieira
2990,2021/22,2022-04-24,Liverpool,Everton,2,0,H,18,9,4,1,1.18,7.0,15.0,16708,1.70397,0.424961,Jürgen Klopp,Frank Lampard
2906,2021/22,2022-02-23,Liverpool,Leeds,6,0,H,23,3,15,2,1.16,8.0,15.0,16559,5.3303,0.141547,Jürgen Klopp,Marcelo Bielsa
2883,2021/22,2022-02-10,Liverpool,Leicester,2,0,H,22,5,11,1,1.25,6.5,10.0,16614,2.72997,0.544954,Jürgen Klopp,Brendan Rodgers
2728,2021/22,2021-10-03,Liverpool,Man City,2,2,D,6,12,4,3,2.87,3.5,2.4,16441,0.949368,1.04319,Jürgen Klopp,Pep Guardiola
2976,2021/22,2022-04-19,Liverpool,Man United,4,0,H,14,2,5,1,1.4,5.0,7.0,16669,2.25967,0.110227,Jürgen Klopp,Ralf Rangnick
2825,2021/22,2021-12-16,Liverpool,Newcastle,3,1,H,23,4,8,2,1.12,9.0,19.0,16544,2.93912,0.2064,Jürgen Klopp,Eddie Howe
2899,2021/22,2022-02-19,Liverpool,Norwich,3,1,H,29,6,8,1,1.1,9.0,23.0,16631,3.15449,0.66975,Jürgen Klopp,Dean Smith
2784,2021/22,2021-11-27,Liverpool,Southampton,4,0,H,20,7,6,3,1.28,6.0,9.0,16503,3.07278,0.966132,Jürgen Klopp,Ralph Hasenhüttl
3008,2021/22,2022-05-07,Liverpool,Tottenham,1,1,D,22,8,3,3,1.4,5.0,7.0,16728,1.0481,0.982635,Jürgen Klopp,Antonio Conte
2953,2021/22,2022-04-02,Liverpool,Watford,2,0,H,20,5,3,2,1.12,9.5,17.0,16680,2.23651,0.753307,Jürgen Klopp,Roy Hodgson
2921,2021/22,2022-03-05,Liverpool,West Ham,1,0,H,22,13,5,5,1.28,5.75,9.5,16649,2.18865,1.33829,Jürgen Klopp,David Moyes
3038,2021/22,2022-05-22,Liverpool,Wolves,3,1,H,29,7,8,5,1.14,8.5,15.0,16753,3.19385,1.11708,Jürgen Klopp,Bruno Lage
2684,2021/22,2021-08-28,Man City,Arsenal,5,0,H,25,1,10,0,1.25,6.0,12.0,16396,4.47273,0.116805,Pep Guardiola,Mikel Arteta
3039,2021/22,2022-05-22,Man City,Aston Villa,3,2,H,24,4,5,2,1.16,8.0,17.0,16754,3.3209,0.247841,Pep Guardiola,Steven Gerrard
2880,2021/22,2022-02-09,Man City,Brentford,2,0,H,15,6,7,2,1.1,9.5,23.0,16615,1.98246,0.461305,Pep Guardiola,Thomas Frank
2979,2021/22,2022-04-20,Man City,Brighton,3,0,H,17,2,5,1,1.16,7.0,17.0,16670,1.52844,0.117354,Pep Guardiola,Graham Potter
2734,2021/22,2021-10-16,Man City,Burnley,2,0,H,15,7,6,2,1.12,9.0,19.0,16451,2.15712,1.07719,Pep Guardiola,Sean Dyche
2856,2021/22,2022-01-15,Man City,Chelsea,1,0,H,11,4,6,1,1.65,4.0,5.0,16590,0.901703,0.613757,Pep Guardiola,Thomas Tuchel
2754,2021/22,2021-10-30,Man City,Crystal Palace,0,2,A,14,8,3,3,1.14,8.0,19.0,16470,0.65739,1.05029,Pep Guardiola,Patrick Vieira
2779,2021/22,2021-11-21,Man City,Everton,3,0,H,17,4,7,1,1.14,8.0,19.0,16490,2.61302,0.266894,Pep Guardiola,Rafael Benítez
2819,2021/22,2021-12-14,Man City,Leeds,7,0,H,31,6,15,3,1.14,8.5,15.0,16545,3.31349,0.227498,Pep Guardiola,Marcelo Bielsa
2832,2021/22,2021-12-26,Man City,Leicester,6,3,H,17,14,9,8,1.18,7.5,13.0,16560,3.82869,2.43425,Pep Guardiola,Brendan Rodgers
2968,2021/22,2022-04-10,Man City,Liverpool,2,2,D,11,6,5,4,2.0,3.75,3.5,16690,1.34647,1.29983,Pep Guardiola,Jürgen Klopp
2925,2021/22,2022-03-06,Man City,Man United,4,1,H,24,5,10,2,1.4,4.75,7.5,16650,2.74434,0.361782,Pep Guardiola,Ralf Rangnick
3011,2021/22,2022-05-08,Man City,Newcastle,5,0,H,21,7,9,3,1.16,7.0,17.0,16727,4.05613,0.995099,Pep Guardiola,Eddie Howe
2676,2021/22,2021-08-21,Man City,Norwich,5,0,H,16,1,4,0,1.08,11.0,26.0,16387,2.43928,0.0250088,Pep Guardiola,Daniel Farke
2705,2021/22,2021-09-18,Man City,Southampton,0,0,D,18,10,1,2,1.12,9.5,17.0,16421,1.22451,0.490923,Pep Guardiola,Ralph Hasenhüttl
2900,2021/22,2022-02-19,Man City,Tottenham,2,3,A,21,6,4,5,1.28,6.0,10.0,16632,2.31773,2.00235,Pep Guardiola,Antonio Conte
2985,2021/22,2022-04-23,Man City,Watford,5,1,H,21,5,8,2,1.1,10.0,26.0,16707,3.68,0.42632,Pep Guardiola,Roy Hodgson
2789,2021/22,2021-11-28,Man City,West Ham,2,1,H,19,5,9,3,1.28,5.75,10.0,16504,2.72187,0.171763,Pep Guardiola,David Moyes
2814,2021/22,2021-12-11,Man City,Wolves,1,0,H,24,2,10,1,1.14,8.0,19.0,16534,2.99915,0.0762839,Pep Guardiola,Bruno Lage
2798,2021/22,2021-12-02,Man United,Arsenal,3,2,H,14,17,10,8,1.95,3.75,3.75,16512,1.85597,1.16638,Michael Carrick,Mikel Arteta
2716,2021/22,2021-09-25,Man United,Aston Villa,0,1,A,28,7,4,3,1.36,5.25,8.0,16431,1.9251,1.57249,Ole Gunnar Solskjær,Dean Smith
3002,2021/22,2022-05-02,Man United,Brentford,3,0,H,9,12,5,4,1.72,4.0,4.5,16722,1.84111,0.681425,Ralf Rangnick,Thomas Frank
2894,2021/22,2022-02-15,Man United,Brighton,2,0,H,19,10,7,3,1.72,3.75,4.75,16549,2.74936,1.26179,Ralf Rangnick,Graham Potter
2843,2021/22,2021-12-30,Man United,Burnley,3,1,H,18,10,6,3,1.36,5.0,9.0,16574,1.80776,0.871738,Ralf Rangnick,Sean Dyche
2992,2021/22,2022-04-28,Man United,Chelsea,1,1,D,6,21,3,6,3.2,3.4,2.25,16742,0.618456,2.46868,Ralf Rangnick,Thomas Tuchel
2807,2021/22,2021-12-05,Man United,Crystal Palace,1,0,H,16,8,3,2,1.5,4.33,6.5,16519,0.870376,0.520593,Ralf Rangnick,Patrick Vieira
2725,2021/22,2021-10-02,Man United,Everton,1,1,D,13,12,6,2,1.45,4.33,7.5,16442,1.0496,1.32211,Ole Gunnar Solskjær,Rafael Benítez
2666,2021/22,2021-08-14,Man United,Leeds,5,1,H,16,10,8,3,1.53,4.5,5.75,16377,1.64248,0.568342,Ole Gunnar Solskjær,Marcelo Bielsa
2954,2021/22,2022-04-02,Man United,Leicester,1,1,D,11,11,5,3,1.5,4.5,6.0,16679,0.902127,1.07638,Ralf Rangnick,Brendan Rodgers
2749,2021/22,2021-10-24,Man United,Liverpool,0,5,A,12,19,4,8,3.1,3.6,2.2,16463,1.35584,4.04765,Ole Gunnar Solskjær,Jürgen Klopp
2766,2021/22,2021-11-06,Man United,Man City,0,2,A,5,16,1,5,4.75,4.0,1.7,16483,0.759561,2.04202,Ole Gunnar Solskjær,Pep Guardiola
2696,2021/22,2021-09-11,Man United,Newcastle,4,1,H,21,12,7,3,1.18,7.5,15.0,16410,2.77326,0.622042,Ole Gunnar Solskjær,Steve Bruce
2970,2021/22,2022-04-16,Man United,Norwich,3,2,H,20,15,9,4,1.25,6.5,10.0,16702,1.66737,1.79754,Ralf Rangnick,Dean Smith
2887,2021/22,2022-02-12,Man United,Southampton,1,1,D,12,13,8,4,1.6,4.0,5.5,16621,2.99207,0.677386,Ralf Rangnick,Ralph Hasenhüttl
2934,2021/22,2022-03-12,Man United,Tottenham,3,2,H,10,10,6,3,2.2,3.4,3.25,16663,1.0181,1.62374,Ralf Rangnick,Antonio Conte
2915,2021/22,2022-02-26,Man United,Watford,0,0,D,22,10,3,2,1.3,5.5,9.5,16643,2.41457,0.437185,Ralf Rangnick,Roy Hodgson
2869,2021/22,2022-01-22,Man United,West Ham,1,0,H,18,6,3,1,1.85,3.8,4.0,16603,1.75857,0.238027,Ralf Rangnick,David Moyes
2851,2021/22,2022-01-03,Man United,Wolves,0,1,A,9,19,2,6,1.53,4.33,6.0,16583,0.768752,0.840925,Ralf Rangnick,Bruno Lage
3026,2021/22,2022-05-16,Newcastle,Arsenal,2,0,H,16,11,4,2,4.33,3.6,1.83,16741,1.68299,0.492454,Eddie Howe,Mikel Arteta
2892,2021/22,2022-02-13,Newcastle,Aston Villa,1,0,H,10,11,2,1,2.7,3.3,2.62,16622,0.527571,0.455206,Eddie Howe,Steven Gerrard
2775,2021/22,2021-11-20,Newcastle,Brentford,3,3,D,23,10,9,4,2.62,3.4,2.7,16491,2.18388,1.23275,Eddie Howe,Thomas Frank
2922,2021/22,2022-03-05,Newcastle,Brighton,2,1,H,10,15,4,4,2.75,3.2,2.62,16651,1.58028,1.64995,Eddie Howe,Graham Potter
2800,2021/22,2021-12-04,Newcastle,Burnley,1,0,H,19,10,4,1,2.3,3.3,3.2,16520,1.70609,0.604599,Eddie Howe,Sean Dyche
2755,2021/22,2021-10-30,Newcastle,Chelsea,0,3,A,6,19,1,6,8.5,5.0,1.36,16471,0.157616,2.16608,Graeme Jones,Thomas Tuchel
2980,2021/22,2022-04-20,Newcastle,Crystal Palace,1,0,H,13,10,4,2,2.25,3.4,3.25,16671,0.767855,0.432788,Eddie Howe,Patrick Vieira
2877,2021/22,2022-02-08,Newcastle,Everton,3,1,H,20,11,9,3,2.5,3.25,2.87,16612,2.68732,0.823607,Eddie Howe,Frank Lampard
2701,2021/22,2021-09-17,Newcastle,Leeds,1,1,D,17,22,7,9,3.0,3.6,2.3,16416,1.17668,1.42995,Steve Bruce,Marcelo Bielsa
2974,2021/22,2022-04-17,Newcastle,Leicester,2,1,H,16,8,7,2,2.2,3.4,3.3,16701,2.54294,0.541084,Eddie Howe,Brendan Rodgers
2995,2021/22,2022-04-30,Newcastle,Liverpool,0,1,A,4,24,2,10,8.5,5.0,1.36,16721,0.115353,2.73435,Eddie Howe,Jürgen Klopp
2827,2021/22,2021-12-19,Newcastle,Man City,0,4,A,5,18,1,7,13.0,7.5,1.18,16550,0.174208,3.64686,Eddie Howe,Pep Guardiola
2836,2021/22,2021-12-27,Newcastle,Man United,1,1,D,13,13,8,4,6.5,4.75,1.44,16561,1.26586,1.75587,Eddie Howe,Ralf Rangnick
2791,2021/22,2021-11-30,Newcastle,Norwich,1,1,D,9,16,1,6,1.95,3.5,3.9,16513,1.15636,1.51084,Eddie Howe,Dean Smith
2685,2021/22,2021-08-28,Newcastle,Southampton,2,2,D,10,22,5,6,2.5,3.4,2.8,16397,1.19077,3.46036,Steve Bruce,Ralph Hasenhüttl
2739,2021/22,2021-10-17,Newcastle,Tottenham,2,3,A,7,14,1,4,3.5,3.6,2.05,16452,0.645658,1.55008,Steve Bruce,Nuno Espírito Santo
2857,2021/22,2022-01-15,Newcastle,Watford,1,1,D,12,18,1,5,2.0,3.6,3.6,16591,1.03855,1.49623,Eddie Howe,Claudio Ranieri
2669,2021/22,2021-08-15,Newcastle,West Ham,2,4,A,17,8,3,9,3.2,3.5,2.2,16384,1.67926,3.00939,Steve Bruce,David Moyes
2960,2021/22,2022-04-08,Newcastle,Wolves,1,0,H,12,5,4,2,2.25,3.1,3.4,16689,1.43878,0.306867,Eddie Howe,Bruno Lage
2833,2021/22,2021-12-26,Norwich,Arsenal,0,5,A,4,16,2,6,8.0,4.75,1.4,16562,0.154212,2.87539,Dean Smith,Mikel Arteta
2820,2021/22,2021-12-14,Norwich,Aston Villa,0,2,A,7,17,3,6,3.3,3.3,2.25,16541,0.502647,1.96261,Dean Smith,Steven Gerrard
2923,2021/22,2022-03-05,Norwich,Brentford,1,3,A,15,10,7,6,2.9,3.1,2.5,16652,0.77334,2.22064,Dean Smith,Thomas Frank
2735,2021/22,2021-10-16,Norwich,Brighton,0,0,D,15,11,3,3,3.6,3.4,2.1,16453,1.16088,1.17572,Daniel Farke,Graham Potter
2969,2021/22,2022-04-10,Norwich,Burnley,2,0,H,17,18,6,4,2.87,3.2,2.55,16688,1.6723,1.44652,Dean Smith,Sean Dyche
2929,2021/22,2022-03-10,Norwich,Chelsea,1,3,A,9,15,3,7,11.0,4.75,1.3,16672,0.965723,2.1308,Dean Smith,Thomas Tuchel
2881,2021/22,2022-02-09,Norwich,Crystal Palace,1,1,D,5,13,1,5,3.5,3.25,2.15,16609,0.296411,1.22883,Dean Smith,Patrick Vieira
2858,2021/22,2022-01-15,Norwich,Everton,2,1,H,14,12,3,5,3.75,3.5,2.0,16592,1.00153,0.541027,Dean Smith,Rafael Benítez
2759,2021/22,2021-10-31,Norwich,Leeds,1,2,A,14,13,3,6,3.4,3.5,2.1,16472,0.661887,1.16855,Daniel Farke,Marcelo Bielsa
2686,2021/22,2021-08-28,Norwich,Leicester,1,2,A,14,9,4,3,4.5,3.5,1.85,16398,1.44084,1.27371,Daniel Farke,Brendan Rodgers
2667,2021/22,2021-08-14,Norwich,Liverpool,0,3,A,14,19,3,8,9.0,5.75,1.3,16383,1.3333,1.78728,Daniel Farke,Jürgen Klopp
2888,2021/22,2022-02-12,Norwich,Man City,0,4,A,8,22,3,9,15.0,8.0,1.16,16623,0.356755,4.44653,Dean Smith,Pep Guardiola
2815,2021/22,2021-12-11,Norwich,Man United,0,1,A,11,13,5,5,7.0,4.5,1.45,16535,0.986107,2.09817,Dean Smith,Ralf Rangnick
2986,2021/22,2022-04-23,Norwich,Newcastle,0,3,A,5,13,2,7,3.5,3.3,2.15,16706,0.657661,1.87558,Dean Smith,Eddie Howe
2776,2021/22,2021-11-20,Norwich,Southampton,2,1,H,8,17,4,5,3.6,3.5,2.05,16492,0.43778,1.13118,Dean Smith,Ralph Hasenhüttl
3040,2021/22,2022-05-22,Norwich,Tottenham,0,5,A,9,19,0,13,9.5,6.5,1.25,16755,0.310789,3.815,Dean Smith,Antonio Conte
2706,2021/22,2021-09-18,Norwich,Watford,1,3,A,12,12,5,8,2.15,3.3,3.5,16418,0.782665,2.42487,Daniel Farke,Xisco Muñoz
3012,2021/22,2022-05-08,Norwich,West Ham,0,4,A,8,13,2,5,4.5,3.8,1.75,16726,0.77895,3.25894,Dean Smith,David Moyes
2785,2021/22,2021-11-27,Norwich,Wolves,0,0,D,14,5,4,2,3.5,3.3,2.15,16505,1.4047,0.297157,Dean Smith,Bruno Lage
2971,2021/22,2022-04-16,Southampton,Arsenal,1,0,H,9,23,3,6,3.8,3.6,1.95,16700,1.04007,1.35002,Ralph Hasenhüttl,Mikel Arteta
2761,2021/22,2021-11-05,Southampton,Aston Villa,1,0,H,9,14,3,3,1.95,3.6,3.75,16484,0.89818,0.536077,Ralph Hasenhüttl,Dean Smith
2852,2021/22,2022-01-11,Southampton,Brentford,4,1,H,12,5,6,4,2.05,3.4,3.6,16551,1.59306,0.621466,Ralph Hasenhüttl,Thomas Frank
2801,2021/22,2021-12-04,Southampton,Brighton,1,1,D,14,14,4,4,2.45,3.2,3.0,16521,1.34236,1.4872,Ralph Hasenhüttl,Graham Potter
2747,2021/22,2021-10-23,Southampton,Burnley,2,2,D,16,9,4,5,1.95,3.5,3.9,16464,1.42567,0.673195,Ralph Hasenhüttl,Sean Dyche
2964,2021/22,2022-04-09,Southampton,Chelsea,0,6,A,4,24,1,14,3.8,3.6,1.95,16687,0.564726,4.39683,Ralph Hasenhüttl,Thomas Tuchel
2996,2021/22,2022-04-30,Southampton,Crystal Palace,1,2,A,8,14,3,5,2.4,3.3,3.1,16720,0.650256,0.756217,Ralph Hasenhüttl,Patrick Vieira
2901,2021/22,2022-02-19,Southampton,Everton,2,0,H,19,9,11,0,2.1,3.5,3.5,16633,2.72851,0.19991,Ralph Hasenhüttl,Frank Lampard
2736,2021/22,2021-10-16,Southampton,Leeds,1,0,H,19,3,5,0,2.3,3.5,3.0,16454,1.83082,0.446173,Ralph Hasenhüttl,Marcelo Bielsa
2794,2021/22,2021-12-01,Southampton,Leicester,2,2,D,15,15,7,6,2.37,3.5,2.87,16514,1.91169,1.4401,Ralph Hasenhüttl,Brendan Rodgers
3027,2021/22,2022-05-17,Southampton,Liverpool,1,2,A,4,24,2,5,7.5,5.5,1.33,16740,0.121506,1.19178,Ralph Hasenhüttl,Jürgen Klopp
2870,2021/22,2022-01-22,Southampton,Man City,1,1,D,7,20,3,5,10.0,6.5,1.25,16604,1.00222,1.62907,Ralph Hasenhüttl,Pep Guardiola
2678,2021/22,2021-08-22,Southampton,Man United,1,1,D,8,15,3,4,5.5,4.2,1.57,16392,0.587526,2.26173,Ralph Hasenhüttl,Ole Gunnar Solskjær
2930,2021/22,2022-03-10,Southampton,Newcastle,1,2,A,14,8,5,4,2.0,3.75,3.5,16584,1.79835,0.812233,Ralph Hasenhüttl,Eddie Howe
2909,2021/22,2022-02-25,Southampton,Norwich,2,0,H,27,8,9,1,1.53,4.33,6.0,16644,3.08863,0.424877,Ralph Hasenhüttl,Dean Smith
2839,2021/22,2021-12-28,Southampton,Tottenham,1,1,D,9,21,2,11,3.75,3.5,2.0,16575,0.353043,2.80917,Ralph Hasenhüttl,Antonio Conte
2939,2021/22,2022-03-13,Southampton,Watford,1,2,A,13,9,7,5,1.6,4.2,5.25,16664,1.25696,1.29385,Ralph Hasenhüttl,Roy Hodgson
2697,2021/22,2021-09-11,Southampton,West Ham,0,0,D,11,13,3,3,2.9,3.5,2.4,16411,0.692135,0.725407,Ralph Hasenhüttl,David Moyes
2719,2021/22,2021-09-26,Southampton,Wolves,0,1,A,18,5,6,3,2.62,3.2,2.8,16433,0.909342,0.909833,Ralph Hasenhüttl,Bruno Lage
3018,2021/22,2022-05-12,Tottenham,Arsenal,3,0,H,16,8,6,4,2.05,3.75,3.5,16593,3.42522,0.387446,Antonio Conte,Mikel Arteta
2729,2021/22,2021-10-03,Tottenham,Aston Villa,2,1,H,17,14,8,3,2.1,3.6,3.4,16443,1.78187,1.07395,Nuno Espírito Santo,Dean Smith
2799,2021/22,2021-12-02,Tottenham,Brentford,2,0,H,11,6,6,2,1.6,4.2,5.25,16515,2.07248,0.225492,Antonio Conte,Thomas Frank
2972,2021/22,2022-04-16,Tottenham,Brighton,0,1,A,5,12,0,5,1.53,4.0,6.5,16699,0.58624,0.711155,Antonio Conte,Graham Potter
3022,2021/22,2022-05-15,Tottenham,Burnley,1,0,H,21,8,8,1,1.33,5.25,9.0,16739,2.39449,0.629888,Antonio Conte,Mike Jackson
2709,2021/22,2021-09-19,Tottenham,Chelsea,0,3,A,8,20,2,10,5.0,3.8,1.7,16425,0.70567,2.5869,Nuno Espírito Santo,Thomas Tuchel
2834,2021/22,2021-12-26,Tottenham,Crystal Palace,3,0,H,17,4,6,0,1.72,3.8,4.75,16563,2.82148,0.178324,Antonio Conte,Patrick Vieira
2927,2021/22,2022-03-07,Tottenham,Everton,5,0,H,14,6,7,0,1.57,3.8,5.75,16653,3.24279,0.208263,Antonio Conte,Frank Lampard
2780,2021/22,2021-11-21,Tottenham,Leeds,2,1,H,13,18,4,7,1.7,4.2,4.5,16493,2.31744,1.46689,Antonio Conte,Marcelo Bielsa
3000,2021/22,2022-05-01,Tottenham,Leicester,3,1,H,13,6,7,2,1.44,4.75,7.0,16719,1.65338,0.274133,Antonio Conte,Brendan Rodgers
2828,2021/22,2021-12-19,Tottenham,Liverpool,2,2,D,10,18,5,6,5.25,4.75,1.53,16552,2.79777,1.54944,Antonio Conte,Jürgen Klopp
2670,2021/22,2021-08-15,Tottenham,Man City,1,0,H,13,18,3,4,5.5,4.2,1.6,16385,1.06014,2.10585,Nuno Espírito Santo,Pep Guardiola
2756,2021/22,2021-10-30,Tottenham,Man United,0,3,A,9,10,0,4,2.87,3.6,2.37,16473,1.15787,1.38612,Nuno Espírito Santo,Ole Gunnar Solskjær
2956,2021/22,2022-04-03,Tottenham,Newcastle,5,1,H,19,8,6,1,1.5,4.33,6.5,16678,3.6081,0.538152,Antonio Conte,Eddie Howe
2808,2021/22,2021-12-05,Tottenham,Norwich,3,0,H,17,10,7,1,1.36,5.0,8.5,16522,2.00668,1.06562,Antonio Conte,Dean Smith
2882,2021/22,2022-02-09,Tottenham,Southampton,2,3,A,8,23,3,10,1.6,4.0,5.5,16613,1.74286,1.73293,Antonio Conte,Ralph Hasenhüttl
2689,2021/22,2021-08-29,Tottenham,Watford,1,0,H,15,9,8,2,1.36,4.75,9.0,16404,0.920963,0.596016,Nuno Espírito Santo,Xisco Muñoz
2948,2021/22,2022-03-20,Tottenham,West Ham,3,1,H,17,6,4,1,1.72,3.8,4.75,16673,2.54795,0.644964,Antonio Conte,David Moyes
2893,2021/22,2022-02-13,Tottenham,Wolves,0,2,A,17,11,7,7,1.7,3.6,5.5,16624,0.838197,1.87026,Antonio Conte,Bruno Lage
2926,2021/22,2022-03-06,Watford,Arsenal,2,3,A,13,16,7,4,6.0,4.0,1.57,16654,1.29603,1.00457,Roy Hodgson,Mikel Arteta
2668,2021/22,2021-08-14,Watford,Aston Villa,3,2,H,13,11,7,2,3.1,3.2,2.37,16382,1.35036,1.13718,Xisco Muñoz,Dean Smith
2973,2021/22,2022-04-16,Watford,Brentford,1,2,A,17,16,4,5,2.7,3.3,2.55,16698,1.50381,2.12457,Roy Hodgson,Thomas Frank
2889,2021/22,2022-02-12,Watford,Brighton,0,2,A,9,11,1,6,3.5,3.3,2.05,16625,0.532979,1.80456,Roy Hodgson,Graham Potter
2997,2021/22,2022-04-30,Watford,Burnley,1,2,A,13,17,1,6,2.6,3.3,2.75,16718,0.785742,1.37022,Roy Hodgson,Mike Jackson
2795,2021/22,2021-12-01,Watford,Chelsea,1,2,A,13,8,6,4,10.0,5.25,1.3,16509,0.990877,0.908574,Claudio Ranieri,Thomas Tuchel
2907,2021/22,2022-02-23,Watford,Crystal Palace,1,4,A,8,7,1,5,3.1,3.3,2.3,16553,1.71917,0.818403,Roy Hodgson,Patrick Vieira
3016,2021/22,2022-05-11,Watford,Everton,0,0,D,6,16,0,5,4.2,3.6,1.83,16674,0.232236,0.812193,Roy Hodgson,Frank Lampard
2965,2021/22,2022-04-09,Watford,Leeds,0,3,A,8,10,1,5,2.7,3.4,2.55,16686,1.07422,0.895612,Roy Hodgson,Jesse Marsch
3023,2021/22,2022-05-15,Watford,Leicester,1,5,A,13,13,5,7,3.8,3.5,1.95,16738,2.58968,2.27297,Roy Hodgson,Brendan Rodgers
2737,2021/22,2021-10-16,Watford,Liverpool,0,5,A,6,19,2,8,8.5,5.5,1.33,16455,0.302302,3.65553,Claudio Ranieri,Jürgen Klopp
2802,2021/22,2021-12-04,Watford,Man City,1,3,A,11,26,4,13,12.0,7.0,1.2,16523,0.675105,4.03223,Claudio Ranieri,Pep Guardiola
2777,2021/22,2021-11-20,Watford,Man United,4,1,H,20,9,7,3,6.5,4.75,1.45,16494,2.73393,1.66794,Claudio Ranieri,Ole Gunnar Solskjær
2717,2021/22,2021-09-25,Watford,Newcastle,1,1,D,15,20,4,6,2.2,3.4,3.3,16427,0.904061,2.52338,Xisco Muñoz,Steve Bruce
2865,2021/22,2022-01-21,Watford,Norwich,0,3,A,15,7,4,2,2.0,3.5,3.75,16605,1.30606,0.925212,Claudio Ranieri,Dean Smith
2757,2021/22,2021-10-30,Watford,Southampton,0,1,A,10,12,4,1,3.2,3.3,2.3,16474,0.852556,1.90757,Claudio Ranieri,Ralph Hasenhüttl
2846,2021/22,2022-01-01,Watford,Tottenham,0,1,A,6,21,4,9,5.0,4.2,1.61,16585,0.303514,1.93752,Claudio Ranieri,Antonio Conte
2840,2021/22,2021-12-28,Watford,West Ham,1,4,A,14,13,5,6,3.4,3.6,2.1,16569,1.0143,2.84084,Claudio Ranieri,David Moyes
2698,2021/22,2021-09-11,Watford,Wolves,0,2,A,6,14,2,5,3.4,3.2,2.25,16412,0.185407,2.55922,Xisco Muñoz,Bruno Lage
3001,2021/22,2022-05-01,West Ham,Arsenal,1,2,A,8,13,3,7,4.33,3.8,1.8,16717,0.451976,0.964564,David Moyes,Mikel Arteta
2940,2021/22,2022-03-13,West Ham,Aston Villa,2,1,H,11,13,4,7,2.25,3.3,3.3,16665,1.58468,1.05391,David Moyes,Steven Gerrard
2730,2021/22,2021-10-03,West Ham,Brentford,1,2,A,18,13,5,6,1.75,3.75,4.75,16444,1.37258,1.30098,David Moyes,Thomas Frank
2796,2021/22,2021-12-01,West Ham,Brighton,1,1,D,14,9,6,3,1.95,3.6,3.8,16510,1.14679,1.2607,David Moyes,Graham Potter
2975,2021/22,2022-04-17,West Ham,Burnley,1,1,D,21,9,8,1,1.7,3.8,5.0,16697,2.79175,1.88137,David Moyes,Mike Jackson
2803,2021/22,2021-12-04,West Ham,Chelsea,3,2,H,11,19,5,7,4.75,3.6,1.75,16524,2.0174,1.37049,David Moyes,Thomas Tuchel
2687,2021/22,2021-08-28,West Ham,Crystal Palace,2,2,D,14,9,4,2,1.55,4.0,6.5,16401,1.44748,1.67658,David Moyes,Patrick Vieira
2957,2021/22,2022-04-03,West Ham,Everton,2,1,H,11,13,5,2,1.75,3.8,4.5,16677,1.49657,0.657846,David Moyes,Frank Lampard
2861,2021/22,2022-01-16,West Ham,Leeds,2,3,A,15,18,5,5,1.61,4.2,5.0,16594,2.3549,2.26884,David Moyes,Marcelo Bielsa
2680,2021/22,2021-08-23,West Ham,Leicester,4,1,H,13,5,7,1,2.5,3.5,2.75,16395,2.28613,0.62676,David Moyes,Brendan Rodgers
2770,2021/22,2021-11-07,West Ham,Liverpool,3,2,H,7,16,3,5,4.75,4.0,1.7,16485,1.25298,1.45641,David Moyes,Jürgen Klopp
3024,2021/22,2022-05-15,West Ham,Man City,2,2,D,6,31,2,8,7.5,5.0,1.4,16737,1.0088,2.14723,David Moyes,Pep Guardiola
2710,2021/22,2021-09-19,West Ham,Man United,1,2,A,13,17,4,10,4.33,4.0,1.75,16424,1.6671,1.8954,David Moyes,Ole Gunnar Solskjær
2902,2021/22,2022-02-19,West Ham,Newcastle,1,1,D,11,14,3,3,1.7,4.0,4.75,16634,0.847948,0.932574,David Moyes,Eddie Howe
2853,2021/22,2022-01-12,West Ham,Norwich,2,0,H,13,7,5,3,1.28,5.5,10.0,16554,2.89217,0.343347,David Moyes,Dean Smith
2835,2021/22,2021-12-26,West Ham,Southampton,2,3,A,11,11,5,6,1.8,3.9,4.2,16564,1.53745,1.35643,David Moyes,Ralph Hasenhüttl
2750,2021/22,2021-10-24,West Ham,Tottenham,1,0,H,13,7,4,4,2.3,3.5,3.0,16465,1.73468,0.672198,David Moyes,Nuno Espírito Santo
2878,2021/22,2022-02-08,West Ham,Watford,1,0,H,9,6,3,1,1.55,4.2,5.75,16610,0.905143,0.335474,David Moyes,Roy Hodgson
2916,2021/22,2022-02-27,West Ham,Wolves,1,0,H,13,14,4,1,2.05,3.3,3.8,16645,1.62241,0.892018,David Moyes,Bruno Lage
2884,2021/22,2022-02-10,Wolves,Arsenal,0,1,A,15,12,4,2,3.5,3.2,2.2,16611,0.641359,1.45247,Bruno Lage,Mikel Arteta
2955,2021/22,2022-04-02,Wolves,Aston Villa,2,1,H,11,15,5,5,3.0,3.1,2.55,16676,1.62151,1.91256,Bruno Lage,Steven Gerrard
2707,2021/22,2021-09-18,Wolves,Brentford,0,2,A,11,9,0,3,1.83,3.25,5.0,16417,1.02316,2.32741,Bruno Lage,Thomas Frank
2998,2021/22,2022-04-30,Wolves,Brighton,0,3,A,11,17,1,9,2.7,3.2,2.75,16716,0.525912,2.90679,Bruno Lage,Graham Potter
2797,2021/22,2021-12-01,Wolves,Burnley,0,0,D,16,6,2,1,1.85,3.5,4.33,16511,0.711691,0.195537,Bruno Lage,Sean Dyche
2829,2021/22,2021-12-19,Wolves,Chelsea,0,0,D,4,8,1,1,7.0,4.2,1.5,16555,0.321371,0.793952,Bruno Lage,Thomas Tuchel
2924,2021/22,2022-03-05,Wolves,Crystal Palace,0,2,A,12,12,5,8,2.3,3.1,3.4,16655,0.710865,2.53759,Bruno Lage,Patrick Vieira
2760,2021/22,2021-11-01,Wolves,Everton,2,1,H,10,14,4,5,2.2,3.2,3.5,16475,1.69344,1.69767,Bruno Lage,Rafael Benítez
2945,2021/22,2022-03-18,Wolves,Leeds,2,3,A,14,15,8,6,2.1,3.5,3.4,16675,1.24075,2.82103,Bruno Lage,Jesse Marsch
2904,2021/22,2022-02-20,Wolves,Leicester,2,1,H,11,17,3,7,2.25,3.3,3.25,16635,0.472777,1.55048,Bruno Lage,Brendan Rodgers
2804,2021/22,2021-12-04,Wolves,Liverpool,0,1,A,3,17,1,5,8.0,4.75,1.4,16525,0.095167,2.42332,Bruno Lage,Jürgen Klopp
3017,2021/22,2022-05-11,Wolves,Man City,1,5,A,7,16,3,5,11.0,6.0,1.25,16696,0.411857,3.39304,Bruno Lage,Pep Guardiola
2690,2021/22,2021-08-29,Wolves,Man United,0,1,A,15,10,6,3,5.0,3.5,1.75,16405,1.79575,0.944083,Bruno Lage,Ole Gunnar Solskjær
2726,2021/22,2021-10-02,Wolves,Newcastle,2,1,H,7,8,3,2,1.61,4.2,5.25,16445,1.15849,0.865217,Bruno Lage,Steve Bruce
3025,2021/22,2022-05-15,Wolves,Norwich,1,1,D,17,11,4,2,1.45,4.75,6.5,16736,0.999066,1.53212,Bruno Lage,Dean Smith
2859,2021/22,2022-01-15,Wolves,Southampton,3,1,H,9,13,5,10,2.25,3.2,3.4,16595,2.29917,0.91728,Bruno Lage,Ralph Hasenhüttl
2679,2021/22,2021-08-22,Wolves,Tottenham,0,1,A,25,8,6,6,3.2,3.2,2.35,16393,1.51127,1.72636,Bruno Lage,Nuno Espírito Santo
2931,2021/22,2022-03-10,Wolves,Watford,4,0,H,10,9,5,0,1.75,3.6,4.5,16565,1.55037,0.498696,Bruno Lage,Roy Hodgson
2778,2021/22,2021-11-20,Wolves,West Ham,1,0,H,15,8,5,3,3.0,3.25,2.4,16495,1.31903,0.436331,Bruno Lage,David Moyes
3085,2022/23,2022-08-31,Arsenal,Aston Villa,2,1,H,22,4,9,3,1.45,4.5,6.0,18247,2.79971,0.297168,Mikel Arteta,Steven Gerrard
3282,2022/23,2023-03-04,Arsenal,Bournemouth,3,2,H,31,4,9,4,1.22,7.0,12.0,18452,2.46279,1.74267,Mikel Arteta,Gary O'Neil
3251,2022/23,2023-02-11,Arsenal,Brentford,1,1,D,23,9,7,2,1.44,4.75,7.0,18422,1.36738,2.17538,Mikel Arteta,Thomas Frank
3394,2022/23,2023-05-14,Arsenal,Brighton,0,3,A,14,12,2,6,1.73,4.2,4.2,18552,0.958651,2.21276,Mikel Arteta,Roberto De Zerbi
3374,2022/23,2023-05-02,Arsenal,Chelsea,3,1,H,16,7,10,4,1.6,4.0,5.5,18532,2.7832,0.785202,Mikel Arteta,Frank Lampard
3310,2022/23,2023-03-19,Arsenal,Crystal Palace,4,1,H,15,8,5,4,1.25,5.5,15.0,18472,1.53568,1.19194,Mikel Arteta,Patrick McCarthy
3280,2022/23,2023-03-01,Arsenal,Everton,4,0,H,15,8,5,5,1.36,4.75,10.0,18269,3.06919,1.604,Mikel Arteta,Sean Dyche
3071,2022/23,2022-08-27,Arsenal,Fulham,2,1,H,22,11,8,3,1.3,5.75,9.0,18238,2.47427,0.926007,Mikel Arteta,Marco Silva
3311,2022/23,2023-04-01,Arsenal,Leeds,4,1,H,13,7,6,5,1.29,6.0,9.0,18482,3.29548,0.497609,Mikel Arteta,Javi Gracia
3051,2022/23,2022-08-13,Arsenal,Leicester,4,2,H,19,6,7,2,1.53,4.33,5.75,18217,3.0107,0.690679,Mikel Arteta,Brendan Rodgers
3123,2022/23,2022-10-09,Arsenal,Liverpool,3,2,H,11,8,7,3,2.5,3.6,2.62,18292,2.81968,0.765151,Mikel Arteta,Jürgen Klopp
3261,2022/23,2023-02-15,Arsenal,Man City,1,3,A,10,9,1,6,2.9,3.5,2.35,18312,1.70139,2.00841,Mikel Arteta,Pep Guardiola
3236,2022/23,2023-01-22,Arsenal,Man United,3,2,H,25,6,5,4,1.8,3.8,4.2,18402,2.90273,0.272246,Mikel Arteta,Erik ten Hag
3208,2022/23,2023-01-03,Arsenal,Newcastle,0,0,D,17,8,4,1,1.8,3.8,4.33,18382,0.970637,0.959523,Mikel Arteta,Eddie Howe
3165,2022/23,2022-10-30,Arsenal,Nott'm Forest,5,0,H,24,5,10,2,1.2,7.0,12.0,18332,3.00699,0.206127,Mikel Arteta,Steve Cooper
3347,2022/23,2023-04-21,Arsenal,Southampton,3,3,D,25,8,6,6,1.2,7.0,13.0,18512,2.39609,1.43063,Mikel Arteta,Rubén Sellés
3108,2022/23,2022-10-01,Arsenal,Tottenham,3,1,H,22,7,9,3,2.05,3.75,3.3,18282,2.48403,1.5027,Mikel Arteta,Antonio Conte
3187,2022/23,2022-12-26,Arsenal,West Ham,3,1,H,16,8,5,4,1.5,4.33,6.5,18362,1.88828,1.02652,Mikel Arteta,David Moyes
3411,2022/23,2023-05-28,Arsenal,Wolves,5,0,H,14,6,8,0,1.36,5.25,8.0,18572,3.02466,0.38772,Mikel Arteta,Julen Lopetegui
3262,2022/23,2023-02-18,Aston Villa,Arsenal,2,4,A,7,20,5,5,4.5,3.6,1.5,18432,0.335752,2.85981,Unai Emery,Mikel Arteta
3305,2022/23,2023-03-18,Aston Villa,Bournemouth,3,0,H,20,10,9,3,1.7,3.8,5.0,18473,3.45474,0.50014,Unai Emery,Gary O'Neil
3151,2022/23,2022-10-23,Aston Villa,Brentford,4,0,H,19,12,11,3,2.1,3.5,3.5,18322,3.45617,1.00462,Aaron Danks,Thomas Frank
3412,2022/23,2023-05-28,Aston Villa,Brighton,2,1,H,12,8,5,4,2.0,3.6,3.5,18573,2.55845,1.23117,Unai Emery,Roberto De Zerbi
3133,2022/23,2022-10-16,Aston Villa,Chelsea,0,2,A,18,8,7,4,4.33,3.75,1.8,18302,2.44542,1.23643,Steven Gerrard,Graham Potter
3283,2022/23,2023-03-04,Aston Villa,Crystal Palace,1,0,H,8,3,1,0,2.05,3.3,3.8,18453,0.890605,0.152761,Unai Emery,Patrick Vieira
3052,2022/23,2022-08-13,Aston Villa,Everton,2,1,H,12,15,4,4,1.8,3.5,4.75,18212,2.66696,1.37507,Steven Gerrard,Frank Lampard
3355,2022/23,2023-04-25,Aston Villa,Fulham,1,0,H,14,1,3,0,1.75,4.0,4.2,18528,0.839159,0.079864,Unai Emery,Marco Silva
3218,2022/23,2023-01-13,Aston Villa,Leeds,2,1,H,11,16,5,4,1.91,3.6,4.0,18392,1.64599,2.46295,Unai Emery,Jesse Marsch
3241,2022/23,2023-02-04,Aston Villa,Leicester,2,4,A,19,9,4,5,1.95,3.6,3.8,18412,1.4989,2.49784,Unai Emery,Brendan Rodgers
3188,2022/23,2022-12-26,Aston Villa,Liverpool,1,3,A,12,16,6,9,4.75,4.0,1.7,18363,1.69155,3.50694,Unai Emery,Jürgen Klopp
3091,2022/23,2022-09-03,Aston Villa,Man City,1,1,D,3,13,1,4,8.0,5.5,1.33,18258,0.279392,1.92143,Steven Gerrard,Pep Guardiola
3172,2022/23,2022-11-06,Aston Villa,Man United,3,1,H,6,8,4,3,3.3,3.8,2.1,18342,0.578563,0.517189,Unai Emery,Erik ten Hag
3337,2022/23,2023-04-15,Aston Villa,Newcastle,3,0,H,16,8,6,2,3.6,3.4,2.05,18502,1.91802,0.425086,Unai Emery,Eddie Howe
3327,2022/23,2023-04-08,Aston Villa,Nott'm Forest,2,0,H,8,6,3,2,1.6,4.2,5.25,18492,1.42718,0.232452,Unai Emery,Steve Cooper
3101,2022/23,2022-09-16,Aston Villa,Southampton,1,0,H,11,7,3,1,2.1,3.5,3.5,18272,1.34365,0.218302,Steven Gerrard,Ralph Hasenhüttl
3388,2022/23,2023-05-13,Aston Villa,Tottenham,2,1,H,8,5,4,2,2.25,3.6,2.9,18553,1.79987,1.18505,Unai Emery,Ryan Mason
3078,2022/23,2022-08-28,Aston Villa,West Ham,0,1,A,9,7,3,2,2.3,3.4,3.1,18239,0.304555,0.334589,Steven Gerrard,David Moyes
3212,2022/23,2023-01-04,Aston Villa,Wolves,1,1,D,13,10,4,3,1.95,3.6,4.0,18383,1.03226,0.832522,Unai Emery,Julen Lopetegui
3061,2022/23,2022-08-20,Bournemouth,Arsenal,0,3,A,6,14,1,6,8.0,4.75,1.4,18227,0.211335,1.71081,Scott Parker,Mikel Arteta
3042,2022/23,2022-08-06,Bournemouth,Aston Villa,2,0,H,7,15,3,2,3.75,3.5,2.0,18204,0.588341,0.488895,Scott Parker,Steven Gerrard
3109,2022/23,2022-10-01,Bournemouth,Brentford,0,0,D,7,13,1,4,3.3,3.4,2.2,18283,0.758128,1.046,Gary O'Neil,Thomas Frank
3321,2022/23,2023-04-04,Bournemouth,Brighton,0,2,A,14,16,3,6,6.0,4.2,1.53,18266,1.15322,2.63392,Gary O'Neil,Roberto De Zerbi
3378,2022/23,2023-05-06,Bournemouth,Chelsea,1,3,A,10,11,4,5,3.3,3.5,2.15,18542,1.21755,1.76852,Gary O'Neil,Frank Lampard
3199,2022/23,2022-12-31,Bournemouth,Crystal Palace,0,2,A,6,15,2,6,2.8,3.3,2.5,18372,0.895819,1.75264,Gary O'Neil,Patrick Vieira
3177,2022/23,2022-11-12,Bournemouth,Everton,3,0,H,16,15,9,3,2.8,3.25,2.6,18352,2.45642,0.768756,Gary O'Neil,Frank Lampard
3312,2022/23,2023-04-01,Bournemouth,Fulham,2,1,H,12,10,7,2,2.55,3.3,2.8,18483,3.14054,0.601049,Gary O'Neil,Marco Silva
3368,2022/23,2023-04-30,Bournemouth,Leeds,4,1,H,12,15,7,6,2.55,3.5,2.7,18533,2.51723,1.33691,Gary O'Neil,Javi Gracia
3118,2022/23,2022-10-08,Bournemouth,Leicester,2,1,H,10,9,4,5,3.6,3.4,2.05,18293,1.14891,1.18125,Gary O'Neil,Brendan Rodgers
3292,2022/23,2023-03-11,Bournemouth,Liverpool,1,0,H,5,15,2,6,7.5,5.0,1.4,18462,1.10128,2.13465,Gary O'Neil,Jürgen Klopp
3273,2022/23,2023-02-25,Bournemouth,Man City,1,4,A,13,20,2,5,10.0,5.75,1.29,18442,1.08527,2.98206,Gary O'Neil,Pep Guardiola
3399,2022/23,2023-05-20,Bournemouth,Man United,0,1,A,10,20,4,5,6.0,4.75,1.5,18562,0.815723,1.71783,Gary O'Neil,Erik ten Hag
3252,2022/23,2023-02-11,Bournemouth,Newcastle,1,1,D,11,15,5,7,6.5,4.0,1.53,18423,1.54458,1.54853,Gary O'Neil,Eddie Howe
3230,2022/23,2023-01-21,Bournemouth,Nott'm Forest,1,1,D,16,20,4,5,2.75,3.1,2.75,18403,1.80549,1.57544,Gary O'Neil,Steve Cooper
3140,2022/23,2022-10-19,Bournemouth,Southampton,0,1,A,15,9,3,3,2.62,3.3,2.62,18313,0.810452,1.23878,Gary O'Neil,Ralph Hasenhüttl
3157,2022/23,2022-10-29,Bournemouth,Tottenham,2,3,A,6,23,4,7,5.0,3.8,1.7,18333,0.887533,2.1946,Gary O'Neil,Antonio Conte
3353,2022/23,2023-04-23,Bournemouth,West Ham,0,4,A,17,18,5,10,2.88,3.2,2.55,18513,0.974687,2.52322,Gary O'Neil,David Moyes
3086,2022/23,2022-08-31,Bournemouth,Wolves,0,0,D,5,17,2,4,3.5,3.3,2.15,18248,0.362035,1.53246,Gary O'Neil,Bruno Lage
3106,2022/23,2022-09-18,Brentford,Arsenal,0,3,A,5,13,2,7,4.2,3.8,1.8,18280,0.54011,1.32021,Thomas Frank,Mikel Arteta
3348,2022/23,2023-04-22,Brentford,Aston Villa,1,1,D,6,14,5,2,2.5,3.25,2.88,18514,2.03162,1.66602,Thomas Frank,Unai Emery
3219,2022/23,2023-01-14,Brentford,Bournemouth,2,0,H,12,7,4,2,1.65,4.0,5.25,18393,1.29815,0.269283,Thomas Frank,Gary O'Neil
3128,2022/23,2022-10-14,Brentford,Brighton,2,0,H,7,21,3,7,3.1,3.4,2.3,18303,1.90636,2.15668,Thomas Frank,Roberto De Zerbi
3141,2022/23,2022-10-19,Brentford,Chelsea,0,0,D,8,14,5,5,4.75,3.8,1.72,18314,1.45228,0.557405,Thomas Frank,Graham Potter
3263,2022/23,2023-02-18,Brentford,Crystal Palace,1,1,D,12,10,5,4,1.83,3.5,4.5,18433,0.610105,1.12202,Thomas Frank,Patrick Vieira
3072,2022/23,2022-08-27,Brentford,Everton,1,1,D,19,14,5,7,2.0,3.5,3.75,18233,2.28391,1.65465,Thomas Frank,Frank Lampard
3291,2022/23,2023-03-06,Brentford,Fulham,3,2,H,14,9,6,5,1.95,3.6,3.75,18454,2.44358,1.67531,Thomas Frank,Marco Silva
3092,2022/23,2022-09-03,Brentford,Leeds,5,2,H,14,17,8,6,2.1,3.5,3.4,18257,2.7485,1.796,Thomas Frank,Jesse Marsch
3306,2022/23,2023-03-18,Brentford,Leicester,1,1,D,11,14,2,1,1.91,3.6,3.75,18474,0.476467,1.42133,Thomas Frank,Brendan Rodgers
3207,2022/23,2023-01-02,Brentford,Liverpool,3,1,H,10,16,7,6,5.5,4.33,1.55,18384,2.0991,2.10461,Thomas Frank,Jürgen Klopp
3413,2022/23,2023-05-28,Brentford,Man City,1,0,H,11,17,4,3,3.8,4.0,1.83,18574,1.43893,1.18649,Thomas Frank,Pep Guardiola
3053,2022/23,2022-08-13,Brentford,Man United,4,0,H,13,15,7,4,3.75,3.5,2.0,18218,1.38785,0.896038,Thomas Frank,Erik ten Hag
3328,2022/23,2023-04-08,Brentford,Newcastle,1,2,A,12,10,6,4,3.6,3.4,2.05,18493,2.06521,1.02337,Thomas Frank,Eddie Howe
3365,2022/23,2023-04-29,Brentford,Nott'm Forest,2,1,H,14,5,8,3,1.65,3.8,5.5,18534,1.32059,0.939693,Thomas Frank,Steve Cooper
3242,2022/23,2023-02-04,Brentford,Southampton,3,0,H,14,14,4,6,1.85,3.6,4.2,18413,2.36747,0.644385,Thomas Frank,Nathan Jones
3189,2022/23,2022-12-26,Brentford,Tottenham,2,2,D,9,16,5,8,4.0,3.6,1.91,18364,2.25263,0.883787,Thomas Frank,Antonio Conte
3395,2022/23,2023-05-14,Brentford,West Ham,2,0,H,24,4,10,4,2.0,3.5,3.6,18554,4.42571,0.203312,Thomas Frank,David Moyes
3158,2022/23,2022-10-29,Brentford,Wolves,1,1,D,12,14,3,4,2.2,3.4,3.3,18334,1.29257,0.557605,Thomas Frank,Steve Davis
3200,2022/23,2022-12-31,Brighton,Arsenal,2,4,A,9,14,5,7,3.4,3.5,2.1,18373,1.15663,3.22106,Roberto De Zerbi,Mikel Arteta
3185,2022/23,2022-11-13,Brighton,Aston Villa,1,2,A,7,8,2,2,1.83,3.75,4.2,18353,0.829107,1.15437,Roberto De Zerbi,Unai Emery
3243,2022/23,2023-02-04,Brighton,Bournemouth,1,0,H,20,12,6,2,1.33,5.25,8.5,18414,2.55696,0.908298,Roberto De Zerbi,Gary O'Neil
3313,2022/23,2023-04-01,Brighton,Brentford,3,3,D,33,7,15,5,1.67,4.0,5.0,18484,3.8195,1.2788,Roberto De Zerbi,Thomas Frank
3159,2022/23,2022-10-29,Brighton,Chelsea,4,1,H,19,15,9,7,3.0,3.3,2.4,18335,2.881,1.07554,Roberto De Zerbi,Graham Potter
3302,2022/23,2023-03-15,Brighton,Crystal Palace,1,0,H,11,11,5,3,1.44,4.2,8.0,18276,0.588727,1.21452,Roberto De Zerbi,Patrick Vieira
3385,2022/23,2023-05-08,Brighton,Everton,1,5,A,23,10,5,5,1.33,5.25,9.0,18543,3.23717,2.94223,Roberto De Zerbi,Sean Dyche
3264,2022/23,2023-02-18,Brighton,Fulham,0,1,A,21,5,7,2,1.65,3.8,5.5,18434,2.71375,0.224214,Roberto De Zerbi,Marco Silva
3073,2022/23,2022-08-27,Brighton,Leeds,1,0,H,13,10,4,2,1.9,3.8,3.8,18234,1.60986,1.14874,Graham Potter,Jesse Marsch
3099,2022/23,2022-09-04,Brighton,Leicester,5,2,H,23,6,11,4,1.83,3.5,4.5,18259,2.73166,1.06549,Graham Potter,Brendan Rodgers
3220,2022/23,2023-01-14,Brighton,Liverpool,3,0,H,16,6,9,2,3.4,3.6,2.1,18394,2.40062,1.28853,Roberto De Zerbi,Jürgen Klopp
3409,2022/23,2023-05-24,Brighton,Man City,1,1,D,20,13,7,4,4.0,4.33,1.75,18515,2.11486,1.92973,Roberto De Zerbi,Pep Guardiola
3377,2022/23,2023-05-04,Brighton,Man United,1,0,H,22,16,6,5,1.95,3.5,3.75,18475,2.09953,1.32105,Roberto De Zerbi,Erik ten Hag
3054,2022/23,2022-08-13,Brighton,Newcastle,0,0,D,13,4,7,1,2.45,3.2,3.0,18213,1.60835,0.183952,Graham Potter,Eddie Howe
3138,2022/23,2022-10-18,Brighton,Nott'm Forest,0,0,D,19,3,7,0,1.4,4.75,7.0,18315,2.10188,0.195003,Roberto De Zerbi,Steve Cooper
3405,2022/23,2023-05-21,Brighton,Southampton,3,1,H,26,5,8,1,1.22,7.0,11.0,18563,2.41418,0.863659,Roberto De Zerbi,Rubén Sellés
3119,2022/23,2022-10-08,Brighton,Tottenham,0,1,A,14,8,4,3,2.8,3.4,2.5,18294,0.899735,0.771641,Roberto De Zerbi,Antonio Conte
3284,2022/23,2023-03-04,Brighton,West Ham,4,0,H,20,3,9,2,1.8,3.6,4.5,18455,3.49993,0.250045,Roberto De Zerbi,David Moyes
3366,2022/23,2023-04-29,Brighton,Wolves,6,0,H,22,10,8,2,1.5,4.33,6.5,18535,3.60471,0.603985,Roberto De Zerbi,Julen Lopetegui
3173,2022/23,2022-11-06,Chelsea,Arsenal,0,1,A,5,14,1,2,2.55,3.4,2.7,18343,0.278815,2.37846,Graham Potter,Mikel Arteta
3314,2022/23,2023-04-01,Chelsea,Aston Villa,0,2,A,27,5,8,2,1.67,3.8,5.25,18485,2.38024,0.765794,Graham Potter,Unai Emery
3194,2022/23,2022-12-27,Chelsea,Bournemouth,2,0,H,15,9,5,4,1.3,5.5,10.0,18365,1.91378,0.44307,Graham Potter,Gary O'Neil
3358,2022/23,2023-04-26,Chelsea,Brentford,0,2,A,15,7,4,1,1.7,4.0,4.75,18529,1.21124,0.695344,Frank Lampard,Thomas Frank
3338,2022/23,2023-04-15,Chelsea,Brighton,1,2,A,8,26,2,10,2.63,3.4,2.63,18503,0.46331,2.52107,Frank Lampard,Roberto De Zerbi
3225,2022/23,2023-01-15,Chelsea,Crystal Palace,1,0,H,15,10,5,5,1.62,4.0,5.25,18395,2.12987,0.837366,Graham Potter,Patrick Vieira
3307,2022/23,2023-03-18,Chelsea,Everton,2,2,D,20,12,7,3,1.5,4.2,7.5,18476,1.90027,1.64675,Graham Potter,Sean Dyche
3240,2022/23,2023-02-03,Chelsea,Fulham,0,0,D,12,10,3,4,1.62,4.0,5.25,18415,1.41471,0.493341,Graham Potter,Marco Silva
3285,2022/23,2023-03-04,Chelsea,Leeds,1,0,H,13,11,3,2,1.62,4.0,5.5,18456,1.8678,0.633995,Graham Potter,Javi Gracia
3074,2022/23,2022-08-27,Chelsea,Leicester,2,1,H,7,17,3,5,1.4,5.0,7.0,18235,1.74916,1.96023,Thomas Tuchel,Brendan Rodgers
3322,2022/23,2023-04-04,Chelsea,Liverpool,0,0,D,12,7,3,4,2.2,3.4,3.25,18281,2.18903,0.202217,Bruno Saltor,Jürgen Klopp
3216,2022/23,2023-01-05,Chelsea,Man City,0,1,A,8,12,2,3,5.0,4.0,1.67,18385,0.493576,1.71972,Graham Potter,Pep Guardiola
3147,2022/23,2022-10-22,Chelsea,Man United,1,1,D,6,13,2,6,2.05,3.5,3.5,18323,1.20238,0.730935,Graham Potter,Erik ten Hag
3414,2022/23,2023-05-28,Chelsea,Newcastle,1,1,D,22,13,5,4,2.9,3.5,2.38,18575,2.01924,1.51899,Frank Lampard,Eddie Howe
3389,2022/23,2023-05-13,Chelsea,Nott'm Forest,2,2,D,14,11,6,2,1.5,4.5,6.0,18555,0.999181,1.96797,Frank Lampard,Steve Cooper
3265,2022/23,2023-02-18,Chelsea,Southampton,0,1,A,17,8,5,5,1.4,4.75,8.5,18435,1.61723,0.619532,Graham Potter,Rubén Sellés
3058,2022/23,2022-08-14,Chelsea,Tottenham,2,2,D,16,10,3,5,2.25,3.4,3.2,18220,1.83945,1.58708,Thomas Tuchel,Antonio Conte
3093,2022/23,2022-09-03,Chelsea,West Ham,2,1,H,8,6,3,3,1.55,4.5,5.5,18260,0.707333,1.4196,Thomas Tuchel,David Moyes
3120,2022/23,2022-10-08,Chelsea,Wolves,3,0,H,20,8,7,2,1.4,4.5,8.0,18295,2.43092,0.748449,Graham Potter,Steve Davis
3041,2022/23,2022-08-05,Crystal Palace,Arsenal,0,2,A,10,10,2,2,4.2,3.6,1.85,18202,1.20637,1.43601,Patrick Vieira,Mikel Arteta
3062,2022/23,2022-08-20,Crystal Palace,Aston Villa,3,1,H,17,13,9,5,2.5,3.25,2.9,18223,2.91137,0.803828,Patrick Vieira,Steven Gerrard
3390,2022/23,2023-05-13,Crystal Palace,Bournemouth,2,0,H,17,5,5,0,1.83,3.6,4.2,18556,1.40237,0.262022,Roy Hodgson,Gary O'Neil
3081,2022/23,2022-08-30,Crystal Palace,Brentford,1,1,D,13,9,4,3,2.05,3.4,3.6,18243,0.777363,1.61808,Patrick Vieira,Thomas Frank
3253,2022/23,2023-02-11,Crystal Palace,Brighton,1,1,D,6,17,1,7,3.8,3.5,2.0,18424,0.928279,2.64981,Patrick Vieira,Roberto De Zerbi
3110,2022/23,2022-10-01,Crystal Palace,Chelsea,1,2,A,7,13,3,3,4.2,3.6,1.85,18284,0.70987,1.25506,Patrick Vieira,Graham Potter
3349,2022/23,2023-04-22,Crystal Palace,Everton,0,0,D,12,10,2,5,2.05,3.2,3.75,18516,0.368137,0.433712,Roy Hodgson,Sean Dyche
3190,2022/23,2022-12-26,Crystal Palace,Fulham,0,3,A,4,23,0,11,2.05,3.6,3.5,18366,0.421754,2.69927,Patrick Vieira,Marco Silva
3124,2022/23,2022-10-09,Crystal Palace,Leeds,2,1,H,13,10,5,4,2.05,3.5,3.6,18296,1.65194,1.06564,Patrick Vieira,Jesse Marsch
3315,2022/23,2023-04-01,Crystal Palace,Leicester,2,1,H,31,3,9,2,2.5,3.25,2.9,18486,1.93471,0.198959,Roy Hodgson,Brendan Rodgers
3274,2022/23,2023-02-25,Crystal Palace,Liverpool,0,0,D,6,12,0,4,4.75,3.8,1.73,18443,0.989086,1.35123,Patrick Vieira,Jürgen Klopp
3293,2022/23,2023-03-11,Crystal Palace,Man City,0,1,A,4,14,0,4,9.0,4.75,1.36,18463,0.185498,2.1884,Patrick Vieira,Pep Guardiola
3228,2022/23,2023-01-18,Crystal Palace,Man United,1,1,D,10,15,5,4,4.5,3.6,1.8,18270,0.413339,1.39437,Patrick Vieira,Erik ten Hag
3231,2022/23,2023-01-21,Crystal Palace,Newcastle,0,0,D,6,16,1,7,4.4,3.5,1.85,18404,0.333154,1.44384,Patrick Vieira,Eddie Howe
3415,2022/23,2023-05-28,Crystal Palace,Nott'm Forest,1,1,D,16,7,4,4,1.67,4.0,5.0,18576,1.00786,0.436439,Roy Hodgson,Steve Cooper
3160,2022/23,2022-10-29,Crystal Palace,Southampton,1,0,H,12,14,3,4,1.9,3.6,4.0,18336,1.00384,1.35803,Patrick Vieira,Ralph Hasenhüttl
3213,2022/23,2023-01-04,Crystal Palace,Tottenham,0,4,A,19,14,4,6,3.4,3.5,2.15,18386,0.787525,1.66514,Patrick Vieira,Antonio Conte
3367,2022/23,2023-04-29,Crystal Palace,West Ham,4,3,H,16,8,6,4,2.63,3.25,2.75,18536,2.31888,1.98262,Roy Hodgson,David Moyes
3139,2022/23,2022-10-18,Crystal Palace,Wolves,2,1,H,14,10,4,4,2.25,3.1,3.4,18318,1.25617,0.857837,Patrick Vieira,Steve Davis
3244,2022/23,2023-02-04,Everton,Arsenal,1,0,H,12,15,4,3,8.5,4.5,1.4,18416,2.09191,0.690102,Sean Dyche,Mikel Arteta
3275,2022/23,2023-02-25,Everton,Aston Villa,0,2,A,15,9,5,5,2.5,3.2,3.0,18444,1.54109,2.06037,Sean Dyche,Unai Emery
3416,2022/23,2023-05-28,Everton,Bournemouth,1,0,H,13,7,6,2,1.5,4.5,6.5,18577,1.12933,0.432084,Sean Dyche,Gary O'Neil
3294,2022/23,2023-03-11,Everton,Brentford,1,0,H,13,12,6,4,2.7,3.25,2.7,18464,1.71599,1.95088,Sean Dyche,Thomas Frank
3209,2022/23,2023-01-03,Everton,Brighton,1,4,A,10,19,4,8,3.5,3.5,2.1,18387,1.16896,2.50731,Frank Lampard,Roberto De Zerbi
3043,2022/23,2022-08-06,Everton,Chelsea,0,1,A,8,15,4,6,5.5,4.0,1.61,18208,0.541983,1.92315,Frank Lampard,Thomas Tuchel
3148,2022/23,2022-10-22,Everton,Crystal Palace,3,0,H,9,9,6,2,2.6,3.2,2.87,18324,1.93396,0.597167,Frank Lampard,Patrick Vieira
3339,2022/23,2023-04-15,Everton,Fulham,1,3,A,15,21,7,7,2.05,3.4,3.7,18504,2.24262,1.92209,Sean Dyche,Marco Silva
3266,2022/23,2023-02-18,Everton,Leeds,1,0,H,15,8,6,0,2.4,3.3,3.0,18436,1.53811,0.597403,Sean Dyche,Michael Skubala
3167,2022/23,2022-11-05,Everton,Leicester,0,2,A,12,22,2,8,2.4,3.3,3.0,18344,1.3729,2.2679,Frank Lampard,Brendan Rodgers
3094,2022/23,2022-09-03,Everton,Liverpool,0,0,D,14,23,3,8,7.0,4.75,1.4,18252,1.39169,1.38617,Frank Lampard,Jürgen Klopp
3396,2022/23,2023-05-14,Everton,Man City,0,3,A,7,9,3,4,9.0,4.75,1.36,18557,1.18597,1.04338,Sean Dyche,Pep Guardiola
3125,2022/23,2022-10-09,Everton,Man United,1,2,A,11,12,2,4,3.6,3.5,2.05,18297,0.365844,1.82612,Frank Lampard,Erik ten Hag
3362,2022/23,2023-04-27,Everton,Newcastle,1,4,A,13,15,5,8,4.75,3.6,1.73,18522,0.777008,2.86368,Sean Dyche,Eddie Howe
3063,2022/23,2022-08-20,Everton,Nott'm Forest,1,1,D,19,14,8,5,1.9,3.6,4.0,18224,1.43408,0.918315,Frank Lampard,Steve Cooper
3221,2022/23,2023-01-14,Everton,Southampton,1,2,A,12,13,4,5,2.25,3.25,3.3,18396,1.18191,1.08412,Frank Lampard,Nathan Jones
3320,2022/23,2023-04-03,Everton,Tottenham,1,1,D,15,8,6,2,3.4,3.3,2.2,18487,0.823365,1.39177,Sean Dyche,Cristian Stellini
3107,2022/23,2022-09-18,Everton,West Ham,1,0,H,7,14,2,4,2.9,3.25,2.5,18277,0.39773,0.655351,Frank Lampard,David Moyes
3191,2022/23,2022-12-26,Everton,Wolves,1,2,A,12,7,6,4,2.3,3.25,3.2,18367,1.22653,1.22076,Frank Lampard,Julen Lopetegui
3298,2022/23,2023-03-12,Fulham,Arsenal,0,3,A,12,15,2,7,6.0,4.0,1.57,18465,0.61832,2.64355,Marco Silva,Mikel Arteta
3145,2022/23,2022-10-20,Fulham,Aston Villa,3,0,H,18,12,8,6,2.9,3.3,2.5,18316,2.892,0.711487,Marco Silva,Steven Gerrard
3129,2022/23,2022-10-15,Fulham,Bournemouth,2,2,D,19,10,4,6,1.85,3.75,4.0,18304,1.61738,1.62829,Marco Silva,Gary O'Neil
3064,2022/23,2022-08-20,Fulham,Brentford,3,2,H,18,13,9,5,2.45,3.4,2.9,18225,2.89934,1.59352,Marco Silva,Thomas Frank
3082,2022/23,2022-08-30,Fulham,Brighton,2,1,H,10,7,3,4,3.1,3.3,2.3,18242,1.07093,1.75359,Marco Silva,Graham Potter
3217,2022/23,2023-01-12,Fulham,Chelsea,2,1,H,8,20,3,10,3.3,3.5,2.15,18262,0.711266,2.39911,Marco Silva,Graham Potter
3400,2022/23,2023-05-20,Fulham,Crystal Palace,2,2,D,11,11,4,5,2.45,3.4,2.9,18564,1.95519,1.70785,Marco Silva,Roy Hodgson
3161,2022/23,2022-10-29,Fulham,Everton,0,0,D,24,9,6,4,2.37,3.4,3.0,18337,1.76438,1.19166,Marco Silva,Frank Lampard
3350,2022/23,2023-04-22,Fulham,Leeds,2,1,H,12,10,5,2,2.3,3.4,3.1,18517,1.43763,1.07482,Marco Silva,Javi Gracia
3386,2022/23,2023-05-08,Fulham,Leicester,5,3,H,17,18,7,9,2.63,3.5,2.6,18544,1.75276,2.92566,Marco Silva,Dean Smith
3044,2022/23,2022-08-06,Fulham,Liverpool,2,2,D,9,11,3,4,11.0,6.0,1.25,18203,1.26822,2.34111,Marco Silva,Jürgen Klopp
3369,2022/23,2023-04-30,Fulham,Man City,1,2,A,4,12,1,9,12.0,6.0,1.25,18537,0.431813,2.32338,Marco Silva,Pep Guardiola
3186,2022/23,2022-11-13,Fulham,Man United,1,2,A,14,14,7,9,3.8,3.8,1.9,18354,1.70218,3.37664,Marco Silva,Erik ten Hag
3111,2022/23,2022-10-01,Fulham,Newcastle,1,4,A,3,19,1,10,3.0,3.4,2.37,18285,0.683701,4.67198,Marco Silva,Eddie Howe
3254,2022/23,2023-02-11,Fulham,Nott'm Forest,2,0,H,16,10,3,1,1.91,3.5,4.33,18425,1.69704,0.686824,Marco Silva,Steve Cooper
3201,2022/23,2022-12-31,Fulham,Southampton,2,1,H,8,9,2,3,1.95,3.6,3.75,18374,1.49305,0.698711,Marco Silva,Nathan Jones
3239,2022/23,2023-01-23,Fulham,Tottenham,0,1,A,10,10,5,3,3.3,3.6,2.1,18405,1.09339,0.993805,Marco Silva,Antonio Conte
3329,2022/23,2023-04-08,Fulham,West Ham,0,1,A,16,9,3,5,2.8,3.25,2.63,18494,0.456524,1.23261,Marco Silva,David Moyes
3272,2022/23,2023-02-24,Fulham,Wolves,1,1,D,10,8,5,2,2.5,3.2,3.0,18445,0.913133,0.997097,Marco Silva,Julen Lopetegui
3134,2022/23,2022-10-16,Leeds,Arsenal,0,1,A,16,9,4,4,6.0,4.2,1.55,18305,2.02232,0.821757,Jesse Marsch,Mikel Arteta
3115,2022/23,2022-10-02,Leeds,Aston Villa,0,0,D,9,19,1,7,2.35,3.4,3.0,18286,0.298626,1.89645,Jesse Marsch,Steven Gerrard
3168,2022/23,2022-11-05,Leeds,Bournemouth,4,3,H,18,9,4,6,1.72,3.8,4.75,18345,2.22532,1.55594,Jesse Marsch,Gary O'Neil
3237,2022/23,2023-01-22,Leeds,Brentford,0,0,D,9,6,5,0,2.38,3.6,2.88,18406,0.374736,0.17114,Jesse Marsch,Thomas Frank
3295,2022/23,2023-03-11,Leeds,Brighton,2,2,D,12,14,4,2,3.75,3.6,1.95,18466,0.596738,1.51388,Javi Gracia,Roberto De Zerbi
3067,2022/23,2022-08-21,Leeds,Chelsea,3,0,H,12,14,6,3,5.75,4.5,1.53,18228,2.20971,0.692492,Jesse Marsch,Thomas Tuchel
3335,2022/23,2023-04-09,Leeds,Crystal Palace,1,5,A,11,16,7,8,2.1,3.4,3.6,18495,1.02075,3.22687,Javi Gracia,Roy Hodgson
3083,2022/23,2022-08-30,Leeds,Everton,1,1,D,14,7,5,2,2.15,3.5,3.3,18245,1.04551,1.17189,Jesse Marsch,Frank Lampard
3152,2022/23,2022-10-23,Leeds,Fulham,2,3,A,14,11,5,5,2.05,3.5,3.6,18325,1.96384,2.47512,Jesse Marsch,Marco Silva
3356,2022/23,2023-04-25,Leeds,Leicester,1,1,D,13,15,3,3,2.3,3.5,3.0,18523,2.09645,2.08594,Javi Gracia,Dean Smith
3346,2022/23,2023-04-17,Leeds,Liverpool,1,6,A,13,13,3,7,4.2,4.2,1.73,18505,1.16748,2.65476,Javi Gracia,Jürgen Klopp
3196,2022/23,2022-12-28,Leeds,Man City,1,3,A,9,26,1,9,9.5,6.0,1.29,18368,0.603751,4.16249,Jesse Marsch,Pep Guardiola
3258,2022/23,2023-02-12,Leeds,Man United,0,2,A,16,11,6,5,3.75,3.8,1.91,18426,1.89163,1.30375,Michael Skubala,Erik ten Hag
3391,2022/23,2023-05-13,Leeds,Newcastle,2,2,D,9,18,4,5,4.33,4.2,1.7,18558,2.01567,2.35118,Sam Allardyce,Eddie Howe
3323,2022/23,2023-04-04,Leeds,Nott'm Forest,2,1,H,21,13,6,1,1.7,3.75,5.0,18271,2.43248,0.613917,Javi Gracia,Steve Cooper
3276,2022/23,2023-02-25,Leeds,Southampton,1,0,H,14,8,4,2,1.95,3.5,4.0,18446,0.720048,0.391128,Javi Gracia,Rubén Sellés
3417,2022/23,2023-05-28,Leeds,Tottenham,1,4,A,19,11,2,7,2.75,3.8,2.3,18578,1.19151,2.03315,Sam Allardyce,Ryan Mason
3214,2022/23,2023-01-04,Leeds,West Ham,2,2,D,14,15,6,2,2.6,3.5,2.6,18388,1.2577,1.29245,Jesse Marsch,David Moyes
3045,2022/23,2022-08-06,Leeds,Wolves,2,1,H,12,15,4,6,2.25,3.4,3.2,18205,0.88917,1.10119,Jesse Marsch,Bruno Lage
3277,2022/23,2023-02-25,Leicester,Arsenal,0,1,A,1,10,0,2,4.75,4.0,1.7,18447,0.0203463,0.722059,Brendan Rodgers,Mikel Arteta
3324,2022/23,2023-04-04,Leicester,Aston Villa,1,2,A,9,15,4,5,2.55,3.3,2.75,18263,0.671597,1.00159,Adam Sadler,Unai Emery
3330,2022/23,2023-04-08,Leicester,Bournemouth,0,1,A,14,19,4,7,1.83,3.75,4.2,18496,0.731965,1.92396,Adam Sadler,Gary O'Neil
3048,2022/23,2022-08-07,Leicester,Brentford,2,2,D,14,8,5,3,2.0,3.75,3.5,18210,0.455695,0.931067,Brendan Rodgers,Thomas Frank
3232,2022/23,2023-01-21,Leicester,Brighton,2,2,D,9,13,2,4,3.6,3.5,2.05,18407,1.35941,1.94491,Brendan Rodgers,Roberto De Zerbi
3296,2022/23,2023-03-11,Leicester,Chelsea,1,3,A,17,12,7,6,3.75,3.5,1.95,18467,2.36139,1.49478,Brendan Rodgers,Graham Potter
3130,2022/23,2022-10-15,Leicester,Crystal Palace,0,0,D,14,8,5,1,2.3,3.4,3.1,18306,0.973426,0.346808,Brendan Rodgers,Patrick Vieira
3373,2022/23,2023-05-01,Leicester,Everton,2,2,D,15,23,6,8,2.0,3.5,3.75,18538,3.32486,3.28648,Dean Smith,Sean Dyche
3210,2022/23,2023-01-03,Leicester,Fulham,0,1,A,15,11,6,2,2.2,3.6,3.1,18389,1.45221,1.33493,Brendan Rodgers,Marco Silva
3146,2022/23,2022-10-20,Leicester,Leeds,2,0,H,5,14,1,2,2.25,3.6,3.0,18317,0.655249,1.19464,Brendan Rodgers,Jesse Marsch
3397,2022/23,2023-05-15,Leicester,Liverpool,0,3,A,4,16,4,5,5.25,4.33,1.57,18559,0.527496,1.77085,Dean Smith,Jürgen Klopp
3162,2022/23,2022-10-29,Leicester,Man City,0,1,A,10,15,5,5,10.0,6.5,1.25,18338,0.693597,0.703827,Brendan Rodgers,Pep Guardiola
3090,2022/23,2022-09-01,Leicester,Man United,0,1,A,10,9,2,2,3.4,3.75,2.05,18251,0.615266,1.09969,Brendan Rodgers,Erik ten Hag
3192,2022/23,2022-12-26,Leicester,Newcastle,0,3,A,8,12,2,5,3.25,3.5,2.2,18369,0.31099,1.76382,Brendan Rodgers,Eddie Howe
3117,2022/23,2022-10-03,Leicester,Nott'm Forest,4,0,H,17,10,7,3,1.75,4.0,4.33,18287,1.2497,1.22169,Brendan Rodgers,Steve Cooper
3065,2022/23,2022-08-20,Leicester,Southampton,1,2,A,6,9,1,3,1.83,4.0,4.0,18226,0.242948,1.24155,Brendan Rodgers,Ralph Hasenhüttl
3255,2022/23,2023-02-11,Leicester,Tottenham,4,1,H,15,11,7,4,3.4,3.6,2.1,18427,1.41208,1.11709,Brendan Rodgers,Antonio Conte
3418,2022/23,2023-05-28,Leicester,West Ham,2,1,H,13,16,4,3,1.91,3.8,3.6,18579,2.03013,0.970352,Dean Smith,David Moyes
3351,2022/23,2023-04-22,Leicester,Wolves,2,1,H,15,16,8,3,2.38,3.3,3.0,18518,2.66929,0.59626,Dean Smith,Julen Lopetegui
3336,2022/23,2023-04-09,Liverpool,Arsenal,2,2,D,21,9,6,5,2.88,3.6,2.38,18497,4.64012,1.53631,Jürgen Klopp,Mikel Arteta
3401,2022/23,2023-05-20,Liverpool,Aston Villa,1,1,D,10,6,5,3,1.45,5.0,6.25,18565,0.918508,1.46948,Jürgen Klopp,Unai Emery
3075,2022/23,2022-08-27,Liverpool,Bournemouth,9,0,H,19,5,12,2,1.1,10.0,26.0,18236,4.86035,0.180991,Jürgen Klopp,Scott Parker
3379,2022/23,2023-05-06,Liverpool,Brentford,1,0,H,15,5,5,1,1.44,5.0,6.0,18545,1.992,0.183892,Jürgen Klopp,Thomas Frank
3112,2022/23,2022-10-01,Liverpool,Brighton,3,3,D,15,6,7,6,1.33,5.25,8.5,18288,2.1515,2.36567,Jürgen Klopp,Roberto De Zerbi
3233,2022/23,2023-01-21,Liverpool,Chelsea,0,0,D,15,11,3,2,1.85,3.75,4.0,18408,1.30125,1.84467,Jürgen Klopp,Graham Potter
3060,2022/23,2022-08-15,Liverpool,Crystal Palace,1,1,D,24,7,4,3,1.18,6.75,16.0,18221,2.23596,1.64468,Jürgen Klopp,Patrick Vieira
3260,2022/23,2023-02-13,Liverpool,Everton,2,0,H,15,6,6,1,1.5,4.33,6.5,18428,2.23291,0.402331,Jürgen Klopp,Sean Dyche
3375,2022/23,2023-05-03,Liverpool,Fulham,1,0,H,15,9,3,3,1.25,5.75,11.0,18477,1.67372,0.740125,Jürgen Klopp,Marco Silva
3163,2022/23,2022-10-29,Liverpool,Leeds,1,2,A,22,14,10,6,1.3,6.0,9.0,18339,1.90889,1.61271,Jürgen Klopp,Jesse Marsch
3197,2022/23,2022-12-30,Liverpool,Leicester,2,1,H,21,7,5,2,1.29,6.0,9.5,18375,2.02463,0.863312,Jürgen Klopp,Brendan Rodgers
3135,2022/23,2022-10-16,Liverpool,Man City,1,0,H,13,16,2,6,3.6,4.0,1.9,18307,1.9992,0.911493,Jürgen Klopp,Pep Guardiola
3289,2022/23,2023-03-05,Liverpool,Man United,7,0,H,18,8,8,4,2.38,3.6,2.88,18457,3.44269,0.837542,Jürgen Klopp,Erik ten Hag
3087,2022/23,2022-08-31,Liverpool,Newcastle,2,1,H,23,5,6,2,1.33,5.25,9.0,18250,1.76119,0.643546,Jürgen Klopp,Eddie Howe
3352,2022/23,2023-04-22,Liverpool,Nott'm Forest,3,2,H,18,11,6,5,1.17,7.5,17.0,18519,3.32745,0.724666,Jürgen Klopp,Steve Cooper
3178,2022/23,2022-11-12,Liverpool,Southampton,3,1,H,15,9,7,5,1.25,6.5,11.0,18355,2.74418,1.43427,Jürgen Klopp,Nathan Jones
3370,2022/23,2023-04-30,Liverpool,Tottenham,4,3,H,12,10,4,7,1.53,4.5,5.75,18539,2.42911,1.44927,Jürgen Klopp,Ryan Mason
3142,2022/23,2022-10-19,Liverpool,West Ham,1,0,H,22,8,7,3,1.4,5.0,7.0,18320,2.24066,2.48649,Jürgen Klopp,David Moyes
3281,2022/23,2023-03-01,Liverpool,Wolves,2,0,H,15,4,6,1,1.5,4.75,6.0,18264,2.70191,0.78681,Jürgen Klopp,Julen Lopetegui
3359,2022/23,2023-04-26,Man City,Arsenal,4,1,H,14,8,9,2,1.55,4.5,5.25,18531,2.01168,0.398372,Pep Guardiola,Mikel Arteta
3259,2022/23,2023-02-12,Man City,Aston Villa,3,1,H,17,6,9,2,1.25,6.5,11.0,18429,3.60987,0.275348,Pep Guardiola,Unai Emery
3055,2022/23,2022-08-13,Man City,Bournemouth,4,0,H,19,3,7,1,1.06,13.0,29.0,18214,1.69064,0.123946,Pep Guardiola,Scott Parker
3179,2022/23,2022-11-12,Man City,Brentford,1,2,A,29,10,6,8,1.14,8.0,17.0,18356,1.605,3.29012,Pep Guardiola,Thomas Frank
3149,2022/23,2022-10-22,Man City,Brighton,3,1,H,10,8,4,2,1.2,7.0,13.0,18326,1.86239,0.52863,Pep Guardiola,Roberto De Zerbi
3406,2022/23,2023-05-21,Man City,Chelsea,1,0,H,15,13,2,6,1.25,6.0,11.0,18566,1.20557,1.15648,Pep Guardiola,Frank Lampard
3076,2022/23,2022-08-27,Man City,Crystal Palace,4,2,H,18,2,5,2,1.18,7.5,13.0,18237,2.3853,0.091976,Pep Guardiola,Patrick Vieira
3202,2022/23,2022-12-31,Man City,Everton,1,1,D,16,2,3,1,1.13,9.0,19.0,18376,2.36333,0.0760019,Pep Guardiola,Frank Lampard
3169,2022/23,2022-11-05,Man City,Fulham,2,1,H,16,4,5,2,1.11,9.5,19.0,18346,2.39332,0.843884,Pep Guardiola,Marco Silva
3380,2022/23,2023-05-06,Man City,Leeds,2,1,H,18,4,6,2,1.17,8.5,15.0,18546,2.83472,0.140924,Pep Guardiola,Sam Allardyce
3340,2022/23,2023-04-15,Man City,Leicester,3,1,H,12,10,4,4,1.14,8.5,15.0,18506,1.60702,1.92692,Pep Guardiola,Dean Smith
3316,2022/23,2023-04-01,Man City,Liverpool,4,1,H,17,4,8,1,1.62,4.2,5.0,18488,3.01243,0.318171,Pep Guardiola,Jürgen Klopp
3116,2022/23,2022-10-02,Man City,Man United,6,3,H,22,12,10,8,1.33,5.75,7.5,18289,3.01103,1.71335,Pep Guardiola,Erik ten Hag
3286,2022/23,2023-03-04,Man City,Newcastle,2,0,H,11,5,3,2,1.45,4.5,7.0,18458,1.34144,0.359809,Pep Guardiola,Eddie Howe
3088,2022/23,2022-08-31,Man City,Nott'm Forest,6,0,H,17,8,9,1,1.06,13.0,29.0,18246,3.83759,0.729752,Pep Guardiola,Steve Cooper
3121,2022/23,2022-10-08,Man City,Southampton,4,0,H,21,5,8,0,1.11,10.0,17.0,18298,2.73536,0.101148,Pep Guardiola,Ralph Hasenhüttl
3229,2022/23,2023-01-19,Man City,Tottenham,4,2,H,16,9,6,3,1.36,5.0,8.5,18267,2.34166,1.16499,Pep Guardiola,Antonio Conte
3376,2022/23,2023-05-03,Man City,West Ham,3,0,H,16,6,7,2,1.2,7.0,13.0,18478,2.99908,0.492075,Pep Guardiola,David Moyes
3238,2022/23,2023-01-22,Man City,Wolves,3,0,H,13,10,7,1,1.2,8.0,11.0,18409,3.32757,0.469277,Pep Guardiola,Julen Lopetegui
3100,2022/23,2022-09-04,Man United,Arsenal,3,1,H,10,16,6,3,2.5,3.5,2.7,18261,2.02904,1.42238,Erik ten Hag,Mikel Arteta
3371,2022/23,2023-04-30,Man United,Aston Villa,1,0,H,14,7,6,1,1.73,3.9,4.6,18540,1.3056,0.434738,Erik ten Hag,Unai Emery
3211,2022/23,2023-01-03,Man United,Bournemouth,3,0,H,18,7,6,4,1.29,5.5,11.0,18390,2.97383,0.679022,Erik ten Hag,Gary O'Neil
3325,2022/23,2023-04-05,Man United,Brentford,1,0,H,18,6,3,1,1.65,4.0,5.0,18448,1.1445,0.64499,Erik ten Hag,Thomas Frank
3049,2022/23,2022-08-07,Man United,Brighton,1,2,A,17,15,5,4,1.6,4.2,5.25,18209,1.42103,1.7289,Erik ten Hag,Graham Potter
3410,2022/23,2023-05-25,Man United,Chelsea,4,1,H,18,14,9,5,1.6,4.33,5.0,18520,4.92231,1.68364,Erik ten Hag,Frank Lampard
3245,2022/23,2023-02-04,Man United,Crystal Palace,2,1,H,14,10,5,3,1.4,4.75,8.0,18417,2.07035,1.3798,Erik ten Hag,Patrick Vieira
3331,2022/23,2023-04-08,Man United,Everton,2,0,H,29,15,11,1,1.5,4.33,6.5,18498,4.38578,0.949183,Erik ten Hag,Sean Dyche
3419,2022/23,2023-05-28,Man United,Fulham,2,1,H,21,10,8,3,1.5,4.33,6.0,18580,2.74766,1.88167,Erik ten Hag,Marco Silva
3250,2022/23,2023-02-08,Man United,Leeds,2,2,D,24,8,7,2,1.45,5.0,6.0,18279,2.00007,0.554798,Erik ten Hag,Michael Skubala
3270,2022/23,2023-02-19,Man United,Leicester,3,0,H,26,19,8,3,1.62,4.33,5.25,18437,4.24663,1.39678,Erik ten Hag,Brendan Rodgers
3070,2022/23,2022-08-22,Man United,Liverpool,2,1,H,12,17,4,5,5.25,4.33,1.6,18231,2.01764,1.52301,Erik ten Hag,Jürgen Klopp
3222,2022/23,2023-01-14,Man United,Man City,2,1,H,8,5,4,1,4.2,3.6,1.85,18397,1.98228,0.73695,Erik ten Hag,Pep Guardiola
3136,2022/23,2022-10-16,Man United,Newcastle,0,0,D,15,9,2,2,1.95,3.8,3.5,18308,1.41606,0.78815,Erik ten Hag,Eddie Howe
3195,2022/23,2022-12-27,Man United,Nott'm Forest,3,0,H,17,8,8,3,1.29,5.5,11.0,18370,2.13668,0.477076,Erik ten Hag,Steve Cooper
3299,2022/23,2023-03-12,Man United,Southampton,0,0,D,10,17,4,4,1.36,5.0,9.0,18468,0.910911,1.18053,Erik ten Hag,Rubén Sellés
3143,2022/23,2022-10-19,Man United,Tottenham,2,0,H,28,9,10,2,2.45,3.5,2.75,18321,1.70973,0.658526,Erik ten Hag,Antonio Conte
3166,2022/23,2022-10-30,Man United,West Ham,1,0,H,16,13,3,5,1.66,4.0,4.8,18340,1.7514,1.00033,Erik ten Hag,David Moyes
3392,2022/23,2023-05-13,Man United,Wolves,2,0,H,27,5,9,0,1.36,5.0,7.5,18560,3.10118,0.268789,Erik ten Hag,Julen Lopetegui
3383,2022/23,2023-05-07,Newcastle,Arsenal,0,2,A,12,10,5,6,2.45,3.75,2.63,18547,1.37224,1.29061,Eddie Howe,Mikel Arteta
3164,2022/23,2022-10-29,Newcastle,Aston Villa,4,0,H,20,3,7,0,1.8,3.75,4.5,18341,4.18808,0.270814,Eddie Howe,Aaron Danks
3103,2022/23,2022-09-17,Newcastle,Bournemouth,1,1,D,20,10,7,3,1.44,4.4,7.5,18275,1.54758,0.976948,Eddie Howe,Gary O'Neil
3122,2022/23,2022-10-08,Newcastle,Brentford,5,1,H,16,6,6,3,1.83,3.8,4.2,18299,2.44631,1.13466,Eddie Howe,Thomas Frank
3398,2022/23,2023-05-18,Newcastle,Brighton,4,1,H,22,8,9,2,2.0,3.8,3.5,18449,4.11359,0.593493,Eddie Howe,Roberto De Zerbi
3180,2022/23,2022-11-12,Newcastle,Chelsea,1,0,H,10,5,3,2,2.35,3.4,3.0,18357,1.3601,0.359105,Eddie Howe,Graham Potter
3095,2022/23,2022-09-03,Newcastle,Crystal Palace,0,0,D,23,19,6,9,2.0,3.5,3.75,18253,2.90672,0.920595,Eddie Howe,Patrick Vieira
3144,2022/23,2022-10-19,Newcastle,Everton,1,0,H,16,1,4,0,1.6,3.8,5.75,18319,1.13393,0.0609567,Eddie Howe,Frank Lampard
3226,2022/23,2023-01-15,Newcastle,Fulham,1,0,H,20,5,5,0,1.5,4.33,6.5,18398,1.96256,0.989872,Eddie Howe,Marco Silva
3203,2022/23,2022-12-31,Newcastle,Leeds,0,0,D,16,8,5,1,1.45,4.5,7.0,18377,2.78846,0.517099,Eddie Howe,Jesse Marsch
3408,2022/23,2023-05-22,Newcastle,Leicester,0,0,D,23,1,4,1,1.36,5.5,7.0,18567,2.05089,0.0839072,Eddie Howe,Dean Smith
3267,2022/23,2023-02-18,Newcastle,Liverpool,0,2,A,14,13,4,7,2.5,3.5,2.7,18438,1.74852,2.16549,Eddie Howe,Jürgen Klopp
3068,2022/23,2022-08-21,Newcastle,Man City,3,3,D,12,21,6,10,7.5,5.0,1.36,18230,2.2127,3.67382,Eddie Howe,Pep Guardiola
3318,2022/23,2023-04-02,Newcastle,Man United,2,0,H,22,6,6,1,2.4,3.4,2.9,18489,3.33162,0.334127,Eddie Howe,Erik ten Hag
3046,2022/23,2022-08-06,Newcastle,Nott'm Forest,2,0,H,23,5,10,0,1.66,3.8,5.25,18206,1.8591,0.235825,Eddie Howe,Steve Cooper
3372,2022/23,2023-04-30,Newcastle,Southampton,3,1,H,22,4,5,3,1.3,5.25,10.0,18541,3.91457,0.897175,Eddie Howe,Rubén Sellés
3354,2022/23,2023-04-23,Newcastle,Tottenham,6,1,H,25,11,8,3,1.83,3.75,4.2,18521,3.98532,0.883001,Eddie Howe,Cristian Stellini
3246,2022/23,2023-02-04,Newcastle,West Ham,1,1,D,8,10,2,1,1.6,3.8,6.0,18418,1.22883,1.27831,Eddie Howe,David Moyes
3300,2022/23,2023-03-12,Newcastle,Wolves,2,1,H,19,7,8,4,1.65,3.75,5.5,18469,2.45527,0.709895,Eddie Howe,Julen Lopetegui
3402,2022/23,2023-05-20,Nott'm Forest,Arsenal,1,0,H,6,11,2,3,5.25,4.33,1.57,18568,1.1397,0.4902,Steve Cooper,Mikel Arteta
3127,2022/23,2022-10-10,Nott'm Forest,Aston Villa,1,1,D,6,12,3,2,3.3,3.4,2.2,18300,0.221346,0.657187,Steve Cooper,Steven Gerrard
3096,2022/23,2022-09-03,Nott'm Forest,Bournemouth,2,3,A,11,8,3,3,1.95,3.5,3.8,18254,1.32895,0.905041,Steve Cooper,Gary O'Neil
3170,2022/23,2022-11-05,Nott'm Forest,Brentford,2,2,D,15,6,7,2,2.75,3.3,2.6,18347,1.29696,1.2204,Steve Cooper,Thomas Frank
3360,2022/23,2023-04-26,Nott'm Forest,Brighton,3,1,H,12,17,5,7,6.0,4.2,1.53,18524,2.43846,2.33064,Steve Cooper,Roberto De Zerbi
3205,2022/23,2023-01-01,Nott'm Forest,Chelsea,1,1,D,12,7,5,2,5.0,3.8,1.7,18378,0.985219,1.37305,Steve Cooper,Graham Potter
3181,2022/23,2022-11-12,Nott'm Forest,Crystal Palace,1,0,H,9,8,2,0,3.1,3.1,2.45,18358,1.23752,1.14552,Steve Cooper,Patrick Vieira
3290,2022/23,2023-03-05,Nott'm Forest,Everton,2,2,D,10,10,4,3,2.7,3.0,2.88,18459,0.799733,1.70877,Steve Cooper,Sean Dyche
3102,2022/23,2022-09-16,Nott'm Forest,Fulham,2,3,A,11,15,3,7,2.75,3.3,2.62,18273,1.41541,1.3496,Steve Cooper,Marco Silva
3248,2022/23,2023-02-05,Nott'm Forest,Leeds,1,0,H,6,10,2,4,2.63,3.3,2.7,18419,0.3325,1.12331,Steve Cooper,Jesse Marsch
3223,2022/23,2023-01-14,Nott'm Forest,Leicester,2,0,H,15,6,5,1,2.7,3.3,2.63,18399,1.75313,0.803421,Steve Cooper,Brendan Rodgers
3150,2022/23,2022-10-22,Nott'm Forest,Liverpool,1,0,H,10,15,7,7,11.0,6.0,1.25,18327,2.50163,2.19752,Steve Cooper,Jürgen Klopp
3268,2022/23,2023-02-18,Nott'm Forest,Man City,1,1,D,4,26,1,6,8.5,5.5,1.3,18439,1.12735,2.80966,Steve Cooper,Pep Guardiola
3344,2022/23,2023-04-16,Nott'm Forest,Man United,0,2,A,6,22,0,8,5.5,4.0,1.62,18507,1.05289,3.33747,Steve Cooper,Erik ten Hag
3304,2022/23,2023-03-17,Nott'm Forest,Newcastle,1,2,A,5,15,3,4,5.5,3.8,1.62,18479,0.531985,2.50027,Steve Cooper,Eddie Howe
3387,2022/23,2023-05-08,Nott'm Forest,Southampton,4,3,H,9,19,4,5,2.1,3.6,3.4,18548,1.91326,3.31096,Steve Cooper,Rubén Sellés
3079,2022/23,2022-08-28,Nott'm Forest,Tottenham,0,2,A,17,18,1,7,7.0,4.6,1.44,18241,0.801369,2.44473,Steve Cooper,Antonio Conte
3059,2022/23,2022-08-14,Nott'm Forest,West Ham,1,0,H,13,19,6,5,4.2,3.6,1.85,18219,1.9717,2.08634,Steve Cooper,David Moyes
3317,2022/23,2023-04-01,Nott'm Forest,Wolves,1,1,D,17,8,7,1,3.0,3.1,2.55,18490,1.11441,0.383739,Steve Cooper,Julen Lopetegui
3153,2022/23,2022-10-23,Southampton,Arsenal,1,1,D,10,12,3,3,6.0,4.0,1.57,18328,0.622653,1.57897,Ralph Hasenhüttl,Mikel Arteta
3234,2022/23,2023-01-21,Southampton,Aston Villa,0,1,A,8,16,5,5,2.88,3.25,2.55,18410,0.672444,1.16432,Nathan Jones,Unai Emery
3363,2022/23,2023-04-27,Southampton,Bournemouth,0,1,A,11,16,2,2,2.25,3.4,3.2,18530,0.477034,0.988554,Rubén Sellés,Gary O'Neil
3303,2022/23,2023-03-15,Southampton,Brentford,0,2,A,7,11,1,5,2.88,3.25,2.5,18265,0.358977,1.66591,Rubén Sellés,Thomas Frank
3193,2022/23,2022-12-26,Southampton,Brighton,1,3,A,14,7,4,4,3.3,3.5,2.15,18371,1.70709,1.00714,Nathan Jones,Roberto De Zerbi
3084,2022/23,2022-08-30,Southampton,Chelsea,2,1,H,9,10,7,4,5.25,4.0,1.61,18244,1.44086,1.5047,Ralph Hasenhüttl,Thomas Tuchel
3341,2022/23,2023-04-15,Southampton,Crystal Palace,0,2,A,11,9,4,2,2.8,3.1,2.7,18508,0.678449,0.86306,Rubén Sellés,Roy Hodgson
3113,2022/23,2022-10-01,Southampton,Everton,1,2,A,22,12,6,5,2.15,3.4,3.4,18290,1.95961,1.99979,Ralph Hasenhüttl,Frank Lampard
3393,2022/23,2023-05-13,Southampton,Fulham,0,2,A,5,9,1,4,2.75,3.3,2.5,18561,0.149649,1.27085,Rubén Sellés,Marco Silva
3056,2022/23,2022-08-13,Southampton,Leeds,2,2,D,14,13,4,5,2.25,3.5,3.1,18215,1.40906,1.99694,Ralph Hasenhüttl,Jesse Marsch
3287,2022/23,2023-03-04,Southampton,Leicester,1,0,H,11,11,5,0,2.75,3.3,2.6,18460,1.34332,1.67051,Rubén Sellés,Brendan Rodgers
3420,2022/23,2023-05-28,Southampton,Liverpool,4,4,D,15,30,10,8,6.5,4.75,1.44,18581,1.33964,4.00345,Rubén Sellés,Jürgen Klopp
3332,2022/23,2023-04-08,Southampton,Man City,1,4,A,4,13,1,8,11.0,6.0,1.25,18499,0.492801,3.05999,Rubén Sellés,Pep Guardiola
3077,2022/23,2022-08-27,Southampton,Man United,0,1,A,17,11,5,6,4.2,4.0,1.8,18232,1.35887,1.34359,Ralph Hasenhüttl,Erik ten Hag
3174,2022/23,2022-11-06,Southampton,Newcastle,1,4,A,16,7,5,4,4.0,3.6,1.9,18348,1.65228,1.42101,Ralph Hasenhüttl,Eddie Howe
3215,2022/23,2023-01-04,Southampton,Nott'm Forest,0,1,A,8,11,0,1,2.0,3.5,3.8,18391,0.62937,1.22324,Nathan Jones,Steve Cooper
3308,2022/23,2023-03-18,Southampton,Tottenham,3,3,D,19,17,7,3,4.75,3.6,1.75,18480,2.52077,1.88473,Rubén Sellés,Antonio Conte
3137,2022/23,2022-10-16,Southampton,West Ham,1,1,D,10,25,8,4,2.9,3.4,2.4,18309,0.524479,1.70727,Ralph Hasenhüttl,David Moyes
3256,2022/23,2023-02-11,Southampton,Wolves,1,2,A,17,11,2,2,2.9,3.2,2.55,18430,1.30203,0.615651,Nathan Jones,Julen Lopetegui
3227,2022/23,2023-01-15,Tottenham,Arsenal,0,2,A,17,14,7,5,3.1,3.6,2.2,18400,1.71032,2.04232,Antonio Conte,Mikel Arteta
3206,2022/23,2023-01-01,Tottenham,Aston Villa,0,2,A,6,13,2,4,1.67,4.0,5.0,18379,0.569383,1.21733,Antonio Conte,Unai Emery
3342,2022/23,2023-04-15,Tottenham,Bournemouth,2,3,A,24,6,8,6,1.45,4.5,7.0,18509,2.30604,1.20598,Cristian Stellini,Gary O'Neil
3403,2022/23,2023-05-20,Tottenham,Brentford,1,3,A,22,11,8,4,1.83,3.9,4.0,18569,1.61667,1.15344,Ryan Mason,Thomas Frank
3333,2022/23,2023-04-08,Tottenham,Brighton,2,1,H,9,17,3,4,2.55,3.5,2.7,18500,0.594139,1.47549,Cristian Stellini,Roberto De Zerbi
3279,2022/23,2023-02-26,Tottenham,Chelsea,2,0,H,8,10,3,2,2.55,3.25,2.9,18450,0.926313,0.262281,Antonio Conte,Graham Potter
3381,2022/23,2023-05-06,Tottenham,Crystal Palace,1,0,H,8,7,3,2,1.8,3.8,4.2,18549,1.15665,0.306669,Ryan Mason,Roy Hodgson
3131,2022/23,2022-10-15,Tottenham,Everton,2,0,H,21,4,7,0,1.5,4.5,6.5,18310,2.49409,0.560039,Antonio Conte,Frank Lampard
3097,2022/23,2022-09-03,Tottenham,Fulham,2,1,H,23,9,10,3,1.5,4.5,6.5,18255,2.67823,0.381556,Antonio Conte,Marco Silva
3182,2022/23,2022-11-12,Tottenham,Leeds,4,3,H,14,12,8,5,1.65,4.2,4.75,18359,2.58046,1.71731,Antonio Conte,Jesse Marsch
3104,2022/23,2022-09-17,Tottenham,Leicester,6,2,H,16,19,11,7,1.45,4.5,7.0,18278,1.98619,1.59449,Antonio Conte,Brendan Rodgers
3175,2022/23,2022-11-06,Tottenham,Liverpool,1,2,A,14,13,5,6,3.3,3.6,2.1,18349,1.81736,1.46548,Antonio Conte,Jürgen Klopp
3249,2022/23,2023-02-05,Tottenham,Man City,1,0,H,12,15,3,5,4.33,4.2,1.73,18420,1.42168,0.773747,Antonio Conte,Pep Guardiola
3364,2022/23,2023-04-27,Tottenham,Man United,2,2,D,18,17,7,8,2.8,3.6,2.4,18525,2.37239,1.96508,Ryan Mason,Erik ten Hag
3154,2022/23,2022-10-23,Tottenham,Newcastle,1,2,A,17,13,5,5,2.05,3.5,3.5,18329,1.56513,1.1294,Antonio Conte,Eddie Howe
3297,2022/23,2023-03-11,Tottenham,Nott'm Forest,3,1,H,15,9,7,5,1.44,4.75,7.0,18470,1.73482,1.62805,Antonio Conte,Steve Cooper
3047,2022/23,2022-08-06,Tottenham,Southampton,4,1,H,18,10,8,2,1.33,5.5,8.5,18207,1.6172,0.386546,Antonio Conte,Ralph Hasenhüttl
3271,2022/23,2023-02-19,Tottenham,West Ham,2,0,H,16,6,6,1,1.75,3.6,4.75,18440,1.43042,0.365173,Antonio Conte,David Moyes
3066,2022/23,2022-08-20,Tottenham,Wolves,1,0,H,11,20,4,3,1.4,4.75,7.5,18222,1.46608,0.686123,Antonio Conte,Bruno Lage
3345,2022/23,2023-04-16,West Ham,Arsenal,2,2,D,16,11,3,5,6.0,4.2,1.55,18510,1.96095,2.71782,David Moyes,Mikel Arteta
3301,2022/23,2023-03-12,West Ham,Aston Villa,1,1,D,17,12,6,4,2.2,3.3,3.4,18471,2.14634,1.99139,David Moyes,Unai Emery
3156,2022/23,2022-10-24,West Ham,Bournemouth,2,0,H,20,5,4,3,1.55,4.0,6.0,18330,1.97715,0.730443,David Moyes,Gary O'Neil
3198,2022/23,2022-12-30,West Ham,Brentford,0,2,A,20,9,5,6,2.0,3.6,3.6,18380,1.13979,1.51436,David Moyes,Thomas Frank
3069,2022/23,2022-08-21,West Ham,Brighton,0,2,A,13,11,3,2,2.3,3.4,3.1,18229,0.768634,1.82645,David Moyes,Graham Potter
3257,2022/23,2023-02-11,West Ham,Chelsea,1,1,D,10,12,2,4,3.3,3.3,2.25,18431,1.07615,0.900465,David Moyes,Graham Potter
3176,2022/23,2022-11-06,West Ham,Crystal Palace,1,2,A,5,15,2,6,1.9,3.4,4.2,18350,0.192579,1.03344,David Moyes,Patrick Vieira
3235,2022/23,2023-01-21,West Ham,Everton,2,0,H,11,5,4,2,1.8,3.75,4.75,18411,2.46879,0.286826,David Moyes,Frank Lampard
3126,2022/23,2022-10-09,West Ham,Fulham,3,1,H,17,8,8,2,1.72,3.8,4.75,18301,3.43676,0.549848,David Moyes,Marco Silva
3407,2022/23,2023-05-21,West Ham,Leeds,3,1,H,19,12,9,3,2.4,3.5,2.88,18570,2.48001,0.645828,David Moyes,Sam Allardyce
3183,2022/23,2022-11-12,West Ham,Leicester,0,2,A,18,9,6,6,2.05,3.4,3.75,18360,0.720721,1.60566,David Moyes,Brendan Rodgers
3361,2022/23,2023-04-26,West Ham,Liverpool,1,2,A,7,20,2,4,3.9,3.9,1.85,18526,0.939348,1.7045,David Moyes,Jürgen Klopp
3050,2022/23,2022-08-07,West Ham,Man City,0,2,A,6,14,1,2,8.0,5.0,1.36,18211,0.246188,2.58739,David Moyes,Pep Guardiola
3384,2022/23,2023-05-07,West Ham,Man United,1,0,H,15,19,4,4,3.4,3.75,2.05,18550,1.76618,1.1942,David Moyes,Erik ten Hag
3326,2022/23,2023-04-05,West Ham,Newcastle,1,5,A,7,15,2,8,3.6,3.25,2.15,18268,0.83342,2.84091,David Moyes,Eddie Howe
3278,2022/23,2023-02-25,West Ham,Nott'm Forest,4,0,H,18,8,5,3,1.75,3.6,5.0,18451,3.05032,0.350849,David Moyes,Steve Cooper
3319,2022/23,2023-04-02,West Ham,Southampton,1,0,H,12,9,2,3,1.73,3.6,5.0,18491,1.40363,0.318261,David Moyes,Rubén Sellés
3089,2022/23,2022-08-31,West Ham,Tottenham,1,1,D,14,13,4,4,3.6,3.8,1.95,18249,1.52267,0.723285,David Moyes,Antonio Conte
3114,2022/23,2022-10-01,West Ham,Wolves,2,0,H,18,15,5,4,1.95,3.5,4.2,18291,1.03934,0.575988,David Moyes,Bruno Lage
3184,2022/23,2022-11-12,Wolves,Arsenal,0,2,A,11,14,2,4,6.0,4.2,1.55,18361,0.512339,2.27996,Steve Davis,Mikel Arteta
3382,2022/23,2023-05-06,Wolves,Aston Villa,1,0,H,6,16,2,3,2.88,3.3,2.5,18551,0.80605,1.50158,Julen Lopetegui,Unai Emery
3269,2022/23,2023-02-18,Wolves,Bournemouth,0,1,A,15,5,4,1,1.67,3.6,6.0,18441,0.911415,1.15274,Julen Lopetegui,Gary O'Neil
3343,2022/23,2023-04-15,Wolves,Brentford,2,0,H,11,10,9,3,2.45,3.1,3.0,18511,0.93912,1.5133,Julen Lopetegui,Thomas Frank
3171,2022/23,2022-11-05,Wolves,Brighton,2,3,A,8,19,5,8,3.3,3.3,2.25,18351,1.29252,1.87375,Steve Davis,Roberto De Zerbi
3334,2022/23,2023-04-08,Wolves,Chelsea,1,0,H,9,13,4,1,4.2,3.5,1.91,18501,0.601153,0.815308,Julen Lopetegui,Frank Lampard
3357,2022/23,2023-04-25,Wolves,Crystal Palace,2,0,H,9,14,3,4,2.45,3.2,3.0,18527,1.12829,0.580294,Julen Lopetegui,Roy Hodgson
3404,2022/23,2023-05-20,Wolves,Everton,1,1,D,13,19,5,4,2.75,3.3,2.6,18571,1.28976,2.46976,Julen Lopetegui,Sean Dyche
3057,2022/23,2022-08-13,Wolves,Fulham,0,0,D,7,9,1,3,2.3,3.3,3.2,18216,0.975375,1.08813,Bruno Lage,Marco Silva
3309,2022/23,2023-03-18,Wolves,Leeds,2,4,A,23,11,8,4,2.25,3.2,3.3,18481,2.76358,1.6549,Julen Lopetegui,Javi Gracia
3155,2022/23,2022-10-23,Wolves,Leicester,0,4,A,21,5,5,4,2.25,3.25,3.25,18331,1.61785,0.989075,Steve Davis,Brendan Rodgers
3247,2022/23,2023-02-04,Wolves,Liverpool,3,0,H,12,22,6,4,4.0,3.8,1.85,18421,2.63328,1.30193,Julen Lopetegui,Jürgen Klopp
3105,2022/23,2022-09-17,Wolves,Man City,0,3,A,6,16,1,7,9.5,5.0,1.33,18274,0.310995,1.4242,Bruno Lage,Pep Guardiola
3204,2022/23,2022-12-31,Wolves,Man United,0,1,A,10,16,3,6,4.0,3.6,1.91,18381,0.587672,2.44728,Julen Lopetegui,Erik ten Hag
3080,2022/23,2022-08-28,Wolves,Newcastle,1,1,D,10,21,4,6,2.7,3.3,2.7,18240,1.13248,1.93362,Bruno Lage,Eddie Howe
3132,2022/23,2022-10-15,Wolves,Nott'm Forest,1,0,H,9,10,2,2,1.7,3.75,5.0,18311,1.22368,1.24761,Steve Davis,Steve Cooper
3098,2022/23,2022-09-03,Wolves,Southampton,1,0,H,7,12,2,1,2.2,3.4,3.25,18256,1.10039,1.20838,Bruno Lage,Ralph Hasenhüttl
3288,2022/23,2023-03-04,Wolves,Tottenham,1,0,H,8,21,5,6,3.3,3.4,2.2,18461,0.562477,1.25588,Julen Lopetegui,Antonio Conte
3224,2022/23,2023-01-14,Wolves,West Ham,1,0,H,17,16,4,4,2.63,3.3,2.7,18401,0.806232,0.735105,Julen Lopetegui,David Moyes
3740,2023/24,2024-04-14,Arsenal,Aston Villa,0,2,A,18,11,4,2,1.29,5.75,10.0,22216,1.89003,0.929049,Mikel Arteta,Unai Emery
3769,2023/24,2024-05-04,Arsenal,Bournemouth,3,0,H,25,7,9,2,1.22,7.5,11.0,22245,3.91372,0.4687,Mikel Arteta,Andoni Iraola
3689,2023/24,2024-03-09,Arsenal,Brentford,2,1,H,17,9,6,4,1.22,7.0,11.0,22166,1.59369,0.733239,Mikel Arteta,Thomas Frank
3586,2023/24,2023-12-17,Arsenal,Brighton,2,0,H,26,6,9,1,1.44,5.0,6.0,22056,2.76976,0.663054,Mikel Arteta,Roberto De Zerbi
3531,2023/24,2023-11-11,Arsenal,Burnley,3,1,H,16,8,6,5,1.18,7.0,17.0,22006,2.63194,0.327706,Mikel Arteta,Vincent Kompany
3751,2023/24,2024-04-23,Arsenal,Chelsea,5,0,H,27,7,10,1,1.44,5.0,6.0,22175,3.45858,1.60343,Mikel Arteta,Mauricio Pochettino
3624,2023/24,2024-01-20,Arsenal,Crystal Palace,5,0,H,21,12,6,5,1.3,5.75,9.0,22103,3.52167,0.288083,Mikel Arteta,Roy Hodgson
3791,2023/24,2024-05-19,Arsenal,Everton,2,1,H,26,5,5,2,1.18,8.0,12.0,22265,3.2117,0.664904,Mikel Arteta,Sean Dyche
3441,2023/24,2023-08-26,Arsenal,Fulham,2,2,D,19,8,11,3,1.2,7.0,13.0,22297,3.23088,0.849817,Mikel Arteta,Marco Silva
3644,2023/24,2024-02-04,Arsenal,Liverpool,3,1,H,15,10,7,1,2.2,3.6,3.1,22116,2.8526,0.542052,Mikel Arteta,Jürgen Klopp
3719,2023/24,2024-04-03,Arsenal,Luton,2,0,H,13,5,4,1,1.1,10.0,19.0,22196,1.14384,0.292082,Mikel Arteta,Rob Edwards
3497,2023/24,2023-10-08,Arsenal,Man City,1,0,H,12,4,2,1,2.9,3.3,2.4,21965,0.386558,0.858071,Mikel Arteta,Pep Guardiola
3457,2023/24,2023-09-03,Arsenal,Man United,3,1,H,17,10,5,2,1.75,3.8,4.5,21934,1.90973,0.966109,Mikel Arteta,Erik ten Hag
3671,2023/24,2024-02-24,Arsenal,Newcastle,4,1,H,18,3,8,2,1.36,5.25,8.0,22146,2.59336,0.217373,Mikel Arteta,Eddie Howe
3422,2023/24,2023-08-12,Arsenal,Nott'm Forest,2,1,H,15,6,7,2,1.18,7.0,15.0,22276,0.84262,0.966305,Mikel Arteta,Steve Cooper
3512,2023/24,2023-10-28,Arsenal,Sheffield United,5,0,H,13,2,8,0,1.13,8.5,19.0,21986,3.03496,0.0281554,Mikel Arteta,Paul Heckingbottom
3475,2023/24,2023-09-24,Arsenal,Tottenham,2,2,D,13,13,6,5,1.67,4.33,4.33,21952,2.3429,2.21166,Mikel Arteta,Ange Postecoglou
3607,2023/24,2023-12-28,Arsenal,West Ham,0,2,A,30,6,8,3,1.33,5.5,7.5,22076,2.7884,1.59711,Mikel Arteta,David Moyes
3551,2023/24,2023-12-02,Arsenal,Wolves,2,1,H,19,6,6,3,1.25,5.5,12.0,22026,3.30368,1.07886,Mikel Arteta,Gary O'Neil
3571,2023/24,2023-12-09,Aston Villa,Arsenal,1,0,H,10,12,3,5,3.3,3.6,2.1,22045,0.628499,1.71667,Unai Emery,Mikel Arteta
3747,2023/24,2024-04-21,Aston Villa,Bournemouth,3,1,H,14,14,4,6,1.85,4.0,3.6,22225,2.62687,2.05211,Unai Emery,Andoni Iraola
3724,2023/24,2024-04-06,Aston Villa,Brentford,3,3,D,11,8,3,3,1.7,4.0,4.75,22205,1.16333,1.42064,Unai Emery,Thomas Frank
3480,2023/24,2023-09-30,Aston Villa,Brighton,6,1,H,19,11,9,3,2.55,3.75,2.55,21955,1.90746,1.72819,Unai Emery,Roberto De Zerbi
3609,2023/24,2023-12-30,Aston Villa,Burnley,3,2,H,19,9,7,5,1.36,5.25,7.5,22085,2.92587,1.11923,Unai Emery,Vincent Kompany
3757,2023/24,2024-04-27,Aston Villa,Chelsea,2,2,D,9,21,4,5,2.15,3.8,3.0,22236,0.612257,1.56401,Unai Emery,Mauricio Pochettino
3460,2023/24,2023-09-16,Aston Villa,Crystal Palace,3,1,H,16,6,5,3,1.91,3.6,4.0,21938,2.31518,1.11696,Unai Emery,Roy Hodgson
3437,2023/24,2023-08-20,Aston Villa,Everton,4,0,H,13,9,7,2,1.7,4.0,4.5,22292,3.24336,0.721465,Unai Emery,Sean Dyche
3536,2023/24,2023-11-12,Aston Villa,Fulham,3,1,H,12,9,6,5,1.57,4.2,5.5,22007,2.86039,0.648745,Unai Emery,Marco Silva
3787,2023/24,2024-05-13,Aston Villa,Liverpool,3,3,D,19,14,5,7,4.2,4.33,1.7,22256,2.71655,1.89968,Unai Emery,Jürgen Klopp
3516,2023/24,2023-10-29,Aston Villa,Luton,3,1,H,17,7,6,1,1.25,6.5,9.5,21987,3.07654,0.453117,Unai Emery,Rob Edwards
3563,2023/24,2023-12-06,Aston Villa,Man City,1,0,H,22,2,7,2,4.75,4.2,1.7,22035,2.1922,1.00198,Unai Emery,Pep Guardiola
3656,2023/24,2024-02-11,Aston Villa,Man United,1,2,A,23,17,10,5,2.15,3.75,3.1,22125,2.64675,2.44591,Unai Emery,Erik ten Hag
3629,2023/24,2024-01-30,Aston Villa,Newcastle,1,3,A,12,14,6,5,1.85,4.0,3.8,22105,1.44485,3.3224,Unai Emery,Eddie Howe
3672,2023/24,2024-02-24,Aston Villa,Nott'm Forest,4,2,H,16,10,6,3,1.53,4.5,5.75,22147,3.48861,2.25569,Unai Emery,Nuno Espírito Santo
3591,2023/24,2023-12-22,Aston Villa,Sheffield United,1,1,D,12,5,4,2,1.22,6.5,12.0,22065,1.21861,0.646159,Unai Emery,Chris Wilder
3694,2023/24,2024-03-10,Aston Villa,Tottenham,0,4,A,10,9,1,5,2.38,4.0,2.6,22167,1.23267,2.25381,Unai Emery,Ange Postecoglou
3509,2023/24,2023-10-22,Aston Villa,West Ham,4,1,H,15,14,7,4,1.85,3.6,4.0,21976,2.34143,0.659622,Unai Emery,David Moyes
3704,2023/24,2024-03-30,Aston Villa,Wolves,2,0,H,11,13,5,3,1.6,4.33,5.0,22186,1.28271,1.66232,Unai Emery,Gary O'Neil
3481,2023/24,2023-09-30,Bournemouth,Arsenal,0,4,A,8,15,1,8,5.5,4.5,1.53,21959,0.644443,4.0742,Andoni Iraola,Mikel Arteta
3556,2023/24,2023-12-03,Bournemouth,Aston Villa,2,2,D,15,11,7,3,3.4,4.0,1.95,22025,2.54937,0.89511,Andoni Iraola,Unai Emery
3778,2023/24,2024-05-11,Bournemouth,Brentford,1,2,A,13,11,4,5,1.95,4.0,3.5,22255,1.07237,1.92722,Andoni Iraola,Thomas Frank
3764,2023/24,2024-04-28,Bournemouth,Brighton,3,0,H,15,13,6,1,2.25,3.8,2.9,22235,2.48132,1.35682,Andoni Iraola,Roberto De Zerbi
3513,2023/24,2023-10-28,Bournemouth,Burnley,2,1,H,13,6,6,3,2.15,3.5,3.3,21985,1.10052,0.90255,Andoni Iraola,Vincent Kompany
3467,2023/24,2023-09-17,Bournemouth,Chelsea,0,0,D,13,14,4,6,4.33,3.75,1.8,21942,1.32515,1.39677,Andoni Iraola,Mauricio Pochettino
3714,2023/24,2024-04-02,Bournemouth,Crystal Palace,1,0,H,11,3,6,2,1.95,3.8,3.6,22195,1.30969,0.174389,Andoni Iraola,Oliver Glasner
3705,2023/24,2024-03-30,Bournemouth,Everton,2,1,H,11,7,4,3,2.2,3.6,3.2,22185,1.39268,0.93378,Andoni Iraola,Sean Dyche
3599,2023/24,2023-12-26,Bournemouth,Fulham,3,0,H,16,8,4,3,2.15,3.6,3.2,22075,2.07911,0.324365,Andoni Iraola,Marco Silva
3626,2023/24,2024-01-21,Bournemouth,Liverpool,0,4,A,11,14,1,7,4.2,4.5,1.7,22102,0.834585,1.53344,Andoni Iraola,Jürgen Klopp
3699,2023/24,2024-03-13,Bournemouth,Luton,4,3,H,24,8,10,4,1.5,4.75,5.75,25861,2.84403,2.79419,Andoni Iraola,Rob Edwards
3673,2023/24,2024-02-24,Bournemouth,Man City,0,1,A,13,15,4,6,7.0,5.25,1.4,22145,0.925889,1.79636,Andoni Iraola,Pep Guardiola
3734,2023/24,2024-04-13,Bournemouth,Man United,2,2,D,20,8,5,2,2.4,3.9,2.6,22215,2.38519,1.52274,Andoni Iraola,Erik ten Hag
3532,2023/24,2023-11-11,Bournemouth,Newcastle,2,0,H,19,8,10,5,4.75,4.0,1.73,22005,2.78424,0.306141,Andoni Iraola,Eddie Howe
3645,2023/24,2024-02-04,Bournemouth,Nott'm Forest,1,1,D,9,8,2,6,1.7,4.2,4.5,22115,1.1895,0.456548,Andoni Iraola,Nuno Espírito Santo
3690,2023/24,2024-03-09,Bournemouth,Sheffield United,2,2,D,32,13,12,9,1.33,5.25,8.0,22165,3.92657,1.91752,Andoni Iraola,Chris Wilder
3442,2023/24,2023-08-26,Bournemouth,Tottenham,0,2,A,11,17,3,6,3.8,3.75,1.91,22296,0.483582,2.26115,Andoni Iraola,Ange Postecoglou
3423,2023/24,2023-08-12,Bournemouth,West Ham,1,1,D,14,16,5,3,2.7,3.4,2.55,22277,1.51025,1.4834,Andoni Iraola,David Moyes
3501,2023/24,2023-10-21,Bournemouth,Wolves,1,2,A,7,20,4,7,2.38,3.4,3.0,21975,1.01839,2.30454,Andoni Iraola,Gary O'Neil
3541,2023/24,2023-11-25,Brentford,Arsenal,0,1,A,9,15,3,4,4.5,3.75,1.75,22015,1.66315,1.82699,Thomas Frank,Mikel Arteta
3587,2023/24,2023-12-17,Brentford,Aston Villa,1,2,A,4,15,3,5,3.2,3.75,2.1,22057,0.796812,1.4664,Thomas Frank,Unai Emery
3451,2023/24,2023-09-02,Brentford,Bournemouth,2,2,D,21,12,7,5,1.73,3.8,4.75,21928,3.07185,2.11013,Thomas Frank,Andoni Iraola
3720,2023/24,2024-04-03,Brentford,Brighton,0,0,D,5,24,2,6,2.38,3.8,2.75,22200,0.423299,1.22404,Thomas Frank,Roberto De Zerbi
3502,2023/24,2023-10-21,Brentford,Burnley,3,0,H,23,6,10,1,1.83,3.75,4.2,21977,3.15685,0.693129,Thomas Frank,Vincent Kompany
3679,2023/24,2024-03-02,Brentford,Chelsea,2,2,D,14,17,5,6,3.1,3.75,2.15,22155,2.4732,2.1523,Thomas Frank,Mauricio Pochettino
3443,2023/24,2023-08-26,Brentford,Crystal Palace,1,1,D,12,15,1,5,2.15,3.4,3.5,22298,0.948011,1.06061,Thomas Frank,Roy Hodgson
3470,2023/24,2023-09-23,Brentford,Everton,1,3,A,12,18,2,6,1.8,3.8,4.2,21949,1.57402,2.51497,Thomas Frank,Sean Dyche
3770,2023/24,2024-05-04,Brentford,Fulham,0,0,D,7,15,3,3,2.1,3.8,3.2,22246,0.809379,1.45579,Thomas Frank,Marco Silva
3659,2023/24,2024-02-17,Brentford,Liverpool,1,4,A,15,15,6,8,5.5,4.33,1.57,22135,1.69518,3.08952,Thomas Frank,Jürgen Klopp
3552,2023/24,2023-12-02,Brentford,Luton,3,1,H,27,7,6,1,1.45,4.5,6.5,22027,3.25952,0.227176,Thomas Frank,Rob Edwards
3648,2023/24,2024-02-05,Brentford,Man City,1,3,A,9,25,3,15,7.0,4.75,1.4,22117,0.865741,2.10785,Thomas Frank,Pep Guardiola
3706,2023/24,2024-03-30,Brentford,Man United,1,1,D,31,11,5,5,3.0,3.8,2.2,22187,3.16487,0.989565,Thomas Frank,Erik ten Hag
3792,2023/24,2024-05-19,Brentford,Newcastle,2,4,A,10,12,5,7,2.9,3.9,2.2,22266,1.70157,3.65044,Thomas Frank,Eddie Howe
3625,2023/24,2024-01-20,Brentford,Nott'm Forest,3,2,H,11,12,5,3,1.91,3.6,4.0,22104,1.94219,1.22251,Thomas Frank,Nuno Espírito Santo
3735,2023/24,2024-04-13,Brentford,Sheffield United,2,0,H,9,8,5,2,1.44,5.0,6.5,22217,1.09071,0.834498,Thomas Frank,Chris Wilder
3428,2023/24,2023-08-13,Brentford,Tottenham,2,2,D,11,18,6,6,2.75,3.4,2.45,22282,1.90756,1.45316,Thomas Frank,Ange Postecoglou
3521,2023/24,2023-11-04,Brentford,West Ham,3,2,H,16,12,4,2,2.05,3.6,3.5,21995,1.82944,1.75505,Thomas Frank,David Moyes
3604,2023/24,2023-12-27,Brentford,Wolves,1,4,A,14,11,4,5,1.95,3.5,4.2,22077,2.59347,1.89483,Thomas Frank,Gary O'Neil
3725,2023/24,2024-04-06,Brighton,Arsenal,0,3,A,10,20,2,7,5.0,4.33,1.62,22206,0.428514,4.16518,Roberto De Zerbi,Mikel Arteta
3774,2023/24,2024-05-05,Brighton,Aston Villa,1,0,H,15,2,8,1,2.75,3.75,2.45,22247,2.63566,0.0644055,Roberto De Zerbi,Unai Emery
3476,2023/24,2023-09-24,Brighton,Bournemouth,3,1,H,13,12,4,4,1.36,5.25,7.5,21951,2.14533,1.58984,Roberto De Zerbi,Andoni Iraola
3564,2023/24,2023-12-06,Brighton,Brentford,2,1,H,18,8,7,2,1.91,3.8,3.75,22036,1.54099,1.22007,Roberto De Zerbi,Thomas Frank
3572,2023/24,2023-12-09,Brighton,Burnley,1,1,D,29,6,11,3,1.5,4.75,6.0,22046,2.96247,1.05162,Roberto De Zerbi,Vincent Kompany
3789,2023/24,2024-05-15,Brighton,Chelsea,1,2,A,12,13,2,6,3.3,4.0,1.95,22226,1.32423,1.544,Roberto De Zerbi,Mauricio Pochettino
3639,2023/24,2024-02-03,Brighton,Crystal Palace,4,1,H,13,7,6,5,1.7,4.0,4.75,22118,1.92591,0.241137,Roberto De Zerbi,Roy Hodgson
3674,2023/24,2024-02-24,Brighton,Everton,1,1,D,23,6,7,3,1.83,3.8,4.2,22148,1.6538,0.286655,Roberto De Zerbi,Sean Dyche
3517,2023/24,2023-10-29,Brighton,Fulham,1,1,D,18,10,7,5,1.55,4.2,5.5,21988,1.31996,0.552523,Roberto De Zerbi,Marco Silva
3498,2023/24,2023-10-08,Brighton,Liverpool,2,2,D,14,14,3,4,3.0,3.8,2.2,21966,2.23187,2.51029,Roberto De Zerbi,Jürgen Klopp
3424,2023/24,2023-08-12,Brighton,Luton,4,1,H,27,9,12,3,1.33,5.5,9.0,22278,4.36748,1.88594,Roberto De Zerbi,Rob Edwards
3756,2023/24,2024-04-25,Brighton,Man City,0,4,A,7,14,3,6,6.5,5.0,1.4,22176,0.572021,1.90507,Roberto De Zerbi,Pep Guardiola
3793,2023/24,2024-05-19,Brighton,Man United,0,2,A,17,11,3,4,2.15,4.0,2.9,22267,1.9717,1.00404,Roberto De Zerbi,Erik ten Hag
3452,2023/24,2023-09-02,Brighton,Newcastle,3,1,H,15,9,6,2,2.5,3.8,2.55,21931,1.32258,0.90476,Roberto De Zerbi,Eddie Howe
3695,2023/24,2024-03-10,Brighton,Nott'm Forest,1,0,H,10,9,3,4,1.8,4.0,4.0,22168,0.534518,0.687034,Roberto De Zerbi,Nuno Espírito Santo
3537,2023/24,2023-11-12,Brighton,Sheffield United,1,1,D,11,9,6,1,1.25,5.75,13.0,22008,1.08601,0.84434,Roberto De Zerbi,Paul Heckingbottom
3608,2023/24,2023-12-28,Brighton,Tottenham,4,2,H,15,19,9,3,2.5,3.6,2.6,22078,3.84702,2.06955,Roberto De Zerbi,Ange Postecoglou
3444,2023/24,2023-08-26,Brighton,West Ham,1,3,A,25,12,10,3,1.53,4.75,5.25,22301,1.3743,2.9527,Roberto De Zerbi,David Moyes
3628,2023/24,2024-01-22,Brighton,Wolves,0,0,D,11,8,4,3,1.65,4.33,5.0,22095,1.3701,1.14116,Roberto De Zerbi,Gary O'Neil
3660,2023/24,2024-02-17,Burnley,Arsenal,0,5,A,8,16,0,7,10.0,5.75,1.29,22136,0.335143,2.20575,Vincent Kompany,Mikel Arteta
3447,2023/24,2023-08-27,Burnley,Aston Villa,1,3,A,9,16,2,6,3.4,3.4,2.15,22302,0.630605,2.83691,Vincent Kompany,Unai Emery
3686,2023/24,2024-03-03,Burnley,Bournemouth,0,2,A,20,10,6,3,3.75,3.6,1.95,22156,1.60461,1.43616,Vincent Kompany,Andoni Iraola
3700,2023/24,2024-03-16,Burnley,Brentford,2,1,H,17,9,6,5,3.25,3.6,2.15,22177,2.69776,1.25123,Vincent Kompany,Thomas Frank
3736,2023/24,2024-04-13,Burnley,Brighton,1,1,D,11,20,3,8,3.5,3.75,2.0,22218,1.8522,0.889445,Vincent Kompany,Roberto De Zerbi
3491,2023/24,2023-10-07,Burnley,Chelsea,1,4,A,10,9,3,5,4.5,3.8,1.73,21967,0.956642,1.97566,Vincent Kompany,Mauricio Pochettino
3522,2023/24,2023-11-04,Burnley,Crystal Palace,0,2,A,17,4,5,3,2.75,3.25,2.6,21996,1.4998,1.43653,Vincent Kompany,Roy Hodgson
3582,2023/24,2023-12-16,Burnley,Everton,0,2,A,14,9,2,6,3.6,3.4,2.1,22058,0.811435,2.22305,Vincent Kompany,Sean Dyche
3640,2023/24,2024-02-03,Burnley,Fulham,2,2,D,12,15,4,7,2.9,3.4,2.38,22119,1.00428,1.28806,Vincent Kompany,Marco Silva
3600,2023/24,2023-12-26,Burnley,Liverpool,0,2,A,9,19,0,10,6.5,5.25,1.4,22079,0.972389,1.68451,Vincent Kompany,Jürgen Klopp
3619,2023/24,2024-01-12,Burnley,Luton,1,1,D,13,14,7,5,2.0,3.6,3.6,22096,1.52023,0.965167,Vincent Kompany,Rob Edwards
3421,2023/24,2023-08-11,Burnley,Man City,0,3,A,6,17,1,8,8.0,5.5,1.33,22275,0.311032,2.40074,Vincent Kompany,Pep Guardiola
3471,2023/24,2023-09-23,Burnley,Man United,0,1,A,12,11,4,4,4.2,4.2,1.73,21950,0.935444,0.840273,Vincent Kompany,Erik ten Hag
3771,2023/24,2024-05-04,Burnley,Newcastle,1,4,A,17,23,5,11,3.4,4.0,1.95,22248,1.28632,4.25643,Vincent Kompany,Eddie Howe
3794,2023/24,2024-05-19,Burnley,Nott'm Forest,1,2,A,20,12,3,6,3.0,3.5,2.3,22268,1.08222,1.57962,Vincent Kompany,Nuno Espírito Santo
3553,2023/24,2023-12-02,Burnley,Sheffield United,5,0,H,19,6,7,3,1.8,3.6,4.5,22028,2.60469,0.618131,Vincent Kompany,Paul Heckingbottom
3453,2023/24,2023-09-02,Burnley,Tottenham,2,5,A,16,20,4,10,3.6,4.0,1.85,21929,1.66604,2.39785,Vincent Kompany,Ange Postecoglou
3542,2023/24,2023-11-25,Burnley,West Ham,1,2,A,11,11,5,3,3.4,3.5,2.05,22016,1.44228,1.36963,Vincent Kompany,David Moyes
3715,2023/24,2024-04-02,Burnley,Wolves,1,1,D,13,8,6,2,2.45,3.6,2.75,22197,1.12581,1.01021,Vincent Kompany,Gary O'Neil
3503,2023/24,2023-10-21,Chelsea,Arsenal,2,2,D,11,13,5,3,3.2,3.4,2.25,21978,1.71838,1.05791,Mauricio Pochettino,Mikel Arteta
3477,2023/24,2023-09-24,Chelsea,Aston Villa,0,1,A,10,15,4,7,1.91,3.75,3.8,21947,1.19716,1.13479,Mauricio Pochettino,Unai Emery
3795,2023/24,2024-05-19,Chelsea,Bournemouth,2,1,H,16,22,6,5,1.45,5.0,6.0,22269,1.59771,2.002,Mauricio Pochettino,Andoni Iraola
3514,2023/24,2023-10-28,Chelsea,Brentford,0,2,A,17,7,2,5,1.65,4.0,5.25,21989,1.71801,2.48137,Mauricio Pochettino,Thomas Frank
3557,2023/24,2023-12-03,Chelsea,Brighton,3,2,H,8,18,5,9,1.73,4.2,4.2,22029,1.66304,0.855058,Mauricio Pochettino,Roberto De Zerbi
3707,2023/24,2024-03-30,Chelsea,Burnley,2,2,D,33,18,13,7,1.29,6.0,9.5,22188,4.46643,2.10422,Mauricio Pochettino,Vincent Kompany
3605,2023/24,2023-12-27,Chelsea,Crystal Palace,2,1,H,9,13,4,5,1.67,4.0,5.0,22080,2.73005,0.958077,Mauricio Pochettino,Roy Hodgson
3743,2023/24,2024-04-15,Chelsea,Everton,6,0,H,14,10,10,2,1.7,4.2,4.5,22219,3.37093,1.21791,Mauricio Pochettino,Sean Dyche
3620,2023/24,2024-01-13,Chelsea,Fulham,1,0,H,17,14,3,4,1.6,4.2,5.25,22097,2.0456,0.697847,Mauricio Pochettino,Marco Silva
3429,2023/24,2023-08-13,Chelsea,Liverpool,1,1,D,10,13,4,1,2.9,3.4,2.38,22283,1.93258,1.29994,Mauricio Pochettino,Jürgen Klopp
3440,2023/24,2023-08-25,Chelsea,Luton,3,0,H,19,11,8,1,1.29,5.5,11.0,22295,3.41419,0.465741,Mauricio Pochettino,Rob Edwards
3538,2023/24,2023-11-12,Chelsea,Man City,4,4,D,17,15,9,10,5.0,3.7,1.73,22009,3.47238,3.19324,Mauricio Pochettino,Pep Guardiola
3722,2023/24,2024-04-04,Chelsea,Man United,4,3,H,28,19,10,5,2.0,4.0,3.4,22201,3.48048,1.56686,Mauricio Pochettino,Erik ten Hag
3698,2023/24,2024-03-11,Chelsea,Newcastle,3,2,H,12,11,8,3,1.91,4.0,3.6,22169,1.78315,0.568435,Mauricio Pochettino,Eddie Howe
3454,2023/24,2023-09-02,Chelsea,Nott'm Forest,0,1,A,21,7,2,3,1.4,4.5,8.5,21930,2.28442,1.1505,Mauricio Pochettino,Steve Cooper
3583,2023/24,2023-12-16,Chelsea,Sheffield United,2,0,H,15,6,6,1,1.22,6.5,13.0,22059,3.27322,0.44014,Mauricio Pochettino,Chris Wilder
3767,2023/24,2024-05-02,Chelsea,Tottenham,2,0,H,16,19,5,3,2.15,3.8,3.0,22149,2.22432,1.27064,Mauricio Pochettino,Ange Postecoglou
3775,2023/24,2024-05-05,Chelsea,West Ham,5,0,H,25,13,14,2,1.65,4.5,4.5,22249,4.21838,0.893899,Mauricio Pochettino,David Moyes
3646,2023/24,2024-02-04,Chelsea,Wolves,2,4,A,15,14,6,7,1.62,4.0,5.5,22120,2.35967,2.48996,Mauricio Pochettino,Gary O'Neil
3439,2023/24,2023-08-21,Crystal Palace,Arsenal,0,1,A,14,14,2,3,5.5,4.0,1.6,22294,1.06916,2.20593,Roy Hodgson,Mikel Arteta
3796,2023/24,2024-05-19,Crystal Palace,Aston Villa,5,0,H,15,8,9,2,1.85,4.33,3.6,22270,2.23189,0.598846,Oliver Glasner,Unai Emery
3565,2023/24,2023-12-06,Crystal Palace,Bournemouth,0,2,A,16,11,3,4,2.25,3.5,3.1,22043,1.26441,1.79997,Roy Hodgson,Andoni Iraola
3610,2023/24,2023-12-30,Crystal Palace,Brentford,3,1,H,13,9,6,4,2.2,3.3,3.4,22086,1.61057,1.28731,Roy Hodgson,Thomas Frank
3590,2023/24,2023-12-21,Crystal Palace,Brighton,1,1,D,11,18,3,6,3.3,3.3,2.15,22066,1.65409,1.33653,Roy Hodgson,Roberto De Zerbi
3675,2023/24,2024-02-24,Crystal Palace,Burnley,3,0,H,15,2,6,0,1.95,3.5,4.0,22150,2.41612,0.0760216,Oliver Glasner,Vincent Kompany
3658,2023/24,2024-02-12,Crystal Palace,Chelsea,1,3,A,13,14,4,5,4.2,3.8,1.85,22126,0.719516,1.26948,Roy Hodgson,Mauricio Pochettino
3533,2023/24,2023-11-11,Crystal Palace,Everton,2,3,A,13,8,4,4,2.45,3.2,3.0,22010,1.89194,1.7904,Roy Hodgson,Sean Dyche
3472,2023/24,2023-09-23,Crystal Palace,Fulham,0,0,D,7,10,3,5,1.91,3.4,4.2,21948,0.37236,0.542678,Roy Hodgson,Marco Silva
3573,2023/24,2023-12-09,Crystal Palace,Liverpool,1,2,A,8,14,4,2,6.0,4.5,1.5,22047,1.79152,1.3708,Roy Hodgson,Jürgen Klopp
3691,2023/24,2024-03-09,Crystal Palace,Luton,1,1,D,21,8,4,2,1.75,3.8,4.2,22170,3.25103,1.08531,Oliver Glasner,Rob Edwards
3726,2023/24,2024-04-06,Crystal Palace,Man City,2,4,A,7,18,4,8,9.5,5.25,1.33,22207,1.49472,2.26381,Oliver Glasner,Pep Guardiola
3777,2023/24,2024-05-06,Crystal Palace,Man United,4,0,H,18,7,10,2,2.38,3.75,2.8,22250,2.0656,0.341417,Oliver Glasner,Erik ten Hag
3752,2023/24,2024-04-24,Crystal Palace,Newcastle,2,0,H,20,7,7,2,2.75,3.6,2.4,22178,1.43661,0.55129,Oliver Glasner,Eddie Howe
3492,2023/24,2023-10-07,Crystal Palace,Nott'm Forest,0,0,D,8,16,2,5,2.2,3.1,3.6,21968,0.982452,1.22105,Roy Hodgson,Steve Cooper
3630,2023/24,2024-01-30,Crystal Palace,Sheffield United,3,2,H,12,9,4,5,1.62,3.6,6.5,22112,1.1601,0.768467,Roy Hodgson,Chris Wilder
3511,2023/24,2023-10-27,Crystal Palace,Tottenham,1,2,A,13,10,3,1,4.5,3.75,1.75,21990,0.561834,0.989103,Roy Hodgson,Ange Postecoglou
3748,2023/24,2024-04-21,Crystal Palace,West Ham,5,2,H,18,4,7,1,2.1,3.6,3.4,22227,3.7185,1.34536,Oliver Glasner,David Moyes
3458,2023/24,2023-09-03,Crystal Palace,Wolves,3,2,H,16,12,11,4,1.91,3.3,4.33,21932,2.32935,1.13911,Roy Hodgson,Gary O'Neil
3468,2023/24,2023-09-17,Everton,Arsenal,0,1,A,8,13,1,4,6.0,4.5,1.5,21941,0.28317,0.802605,Sean Dyche,Mikel Arteta
3622,2023/24,2024-01-14,Everton,Aston Villa,0,0,D,10,16,2,5,2.8,3.5,2.45,22098,1.03664,1.3435,Sean Dyche,Unai Emery
3493,2023/24,2023-10-07,Everton,Bournemouth,3,0,H,25,11,8,4,1.91,3.6,3.8,21969,3.16482,0.981732,Sean Dyche,Andoni Iraola
3758,2023/24,2024-04-27,Everton,Brentford,1,0,H,18,10,1,4,2.3,3.5,3.0,22237,1.21399,0.956356,Sean Dyche,Thomas Frank
3523,2023/24,2023-11-04,Everton,Brighton,1,1,D,10,7,4,2,3.1,3.6,2.2,21997,0.617607,0.442489,Sean Dyche,Roberto De Zerbi
3727,2023/24,2024-04-06,Everton,Burnley,1,0,H,12,6,3,1,1.65,4.0,5.25,22208,0.659844,0.34699,Sean Dyche,Vincent Kompany
3577,2023/24,2023-12-10,Everton,Chelsea,2,0,H,9,16,5,4,3.1,3.5,2.25,22048,1.11437,0.885512,Sean Dyche,Mauricio Pochettino
3668,2023/24,2024-02-19,Everton,Crystal Palace,1,1,D,19,10,4,4,1.7,3.6,5.25,22137,2.44588,0.734685,Sean Dyche,Ray Lewington
3425,2023/24,2023-08-12,Everton,Fulham,0,1,A,19,9,9,2,2.2,3.4,3.3,22279,2.59001,1.58144,Sean Dyche,Marco Silva
3753,2023/24,2024-04-24,Everton,Liverpool,2,0,H,16,23,6,7,7.0,5.0,1.4,22179,1.89111,1.87155,Sean Dyche,Jürgen Klopp
3482,2023/24,2023-09-30,Everton,Luton,1,2,A,23,9,5,2,1.57,3.8,6.5,21956,3.65377,1.5102,Sean Dyche,Rob Edwards
3606,2023/24,2023-12-27,Everton,Man City,1,3,A,7,23,2,9,5.75,4.0,1.57,22081,1.23529,2.28321,Sean Dyche,Pep Guardiola
3548,2023/24,2023-11-26,Everton,Man United,0,3,A,24,9,6,4,2.7,3.4,2.55,22017,2.49764,2.07334,Sean Dyche,Erik ten Hag
3569,2023/24,2023-12-07,Everton,Newcastle,3,0,H,21,13,6,3,3.25,3.25,2.25,22037,2.95393,1.29564,Sean Dyche,Eddie Howe
3749,2023/24,2024-04-21,Everton,Nott'm Forest,2,0,H,7,8,4,3,2.05,3.5,3.6,22228,0.473233,1.18916,Sean Dyche,Nuno Espírito Santo
3779,2023/24,2024-05-11,Everton,Sheffield United,1,0,H,15,13,6,1,1.4,4.8,7.5,22257,1.82411,0.465523,Sean Dyche,Chris Wilder
3641,2023/24,2024-02-03,Everton,Tottenham,2,2,D,14,9,5,6,3.0,3.6,2.25,22121,3.25881,0.922371,Sean Dyche,Ange Postecoglou
3680,2023/24,2024-03-02,Everton,West Ham,1,3,A,22,12,11,5,2.05,3.6,3.5,22157,3.12075,2.17948,Sean Dyche,David Moyes
3445,2023/24,2023-08-26,Everton,Wolves,0,1,A,15,11,7,2,2.3,3.3,3.2,22299,1.89792,1.40228,Sean Dyche,Gary O'Neil
3615,2023/24,2023-12-31,Fulham,Arsenal,2,1,H,15,13,4,3,5.25,4.5,1.55,22087,1.52829,1.6591,Marco Silva,Mikel Arteta
3661,2023/24,2024-02-17,Fulham,Aston Villa,1,2,A,15,12,4,3,2.9,3.75,2.2,22138,1.41796,1.57297,Marco Silva,Unai Emery
3649,2023/24,2024-02-10,Fulham,Bournemouth,3,1,H,7,25,6,4,2.38,3.5,2.8,22127,1.7456,2.60612,Marco Silva,Andoni Iraola
3432,2023/24,2023-08-19,Fulham,Brentford,0,3,A,10,17,2,8,2.7,3.3,2.63,22287,0.399899,3.46888,Marco Silva,Thomas Frank
3681,2023/24,2024-03-02,Fulham,Brighton,3,0,H,12,15,5,5,2.55,3.6,2.63,22158,1.37604,1.15198,Marco Silva,Roberto De Zerbi
3592,2023/24,2023-12-23,Fulham,Burnley,0,2,A,19,7,5,2,1.67,3.75,5.25,22067,1.38096,0.41714,Marco Silva,Vincent Kompany
3489,2023/24,2023-10-02,Fulham,Chelsea,0,2,A,10,11,3,4,3.6,3.5,2.05,21964,0.889383,1.98461,Marco Silva,Mauricio Pochettino
3759,2023/24,2024-04-27,Fulham,Crystal Palace,1,1,D,9,14,2,4,2.1,3.5,3.5,22238,1.39418,1.05387,Marco Silva,Oliver Glasner
3631,2023/24,2024-01-30,Fulham,Everton,0,0,D,25,21,6,4,2.45,3.2,3.0,22106,2.37499,2.83317,Marco Silva,Sean Dyche
3750,2023/24,2024-04-21,Fulham,Liverpool,1,3,A,12,14,5,7,5.25,4.5,1.57,22229,0.83885,1.02445,Marco Silva,Jürgen Klopp
3461,2023/24,2023-09-16,Fulham,Luton,1,0,H,13,7,2,2,1.67,3.75,5.5,21939,1.75704,1.45705,Marco Silva,Rob Edwards
3780,2023/24,2024-05-11,Fulham,Man City,0,4,A,1,16,1,9,13.0,7.0,1.2,22258,0.0886245,3.15218,Marco Silva,Pep Guardiola
3524,2023/24,2023-11-04,Fulham,Man United,0,1,A,18,12,3,5,3.2,3.6,2.2,21998,1.18241,0.697095,Marco Silva,Erik ten Hag
3728,2023/24,2024-04-06,Fulham,Newcastle,0,1,A,14,12,4,5,2.38,3.8,2.8,22209,0.834564,1.18012,Marco Silva,Eddie Howe
3566,2023/24,2023-12-06,Fulham,Nott'm Forest,5,0,H,14,4,6,1,2.0,3.4,3.75,22038,3.09427,0.218659,Marco Silva,Steve Cooper
3494,2023/24,2023-10-07,Fulham,Sheffield United,3,1,H,20,5,6,2,1.62,3.8,6.0,21970,2.26612,0.251809,Marco Silva,Paul Heckingbottom
3701,2023/24,2024-03-16,Fulham,Tottenham,3,0,H,16,14,7,5,3.5,3.8,1.95,22180,2.47234,2.14564,Marco Silva,Ange Postecoglou
3578,2023/24,2023-12-10,Fulham,West Ham,5,0,H,14,9,8,5,2.38,3.5,2.9,22049,2.1884,0.983,Marco Silva,David Moyes
3550,2023/24,2023-11-27,Fulham,Wolves,3,2,H,12,10,6,6,2.38,3.3,3.0,22018,2.49057,1.57875,Marco Silva,Gary O'Neil
3593,2023/24,2023-12-23,Liverpool,Arsenal,1,1,D,13,13,3,2,2.38,3.6,2.8,22068,0.982901,0.851681,Jürgen Klopp,Mikel Arteta
3459,2023/24,2023-09-03,Liverpool,Aston Villa,3,0,H,17,9,4,3,1.65,4.5,4.5,21933,2.73138,0.615503,Jürgen Klopp,Unai Emery
3433,2023/24,2023-08-19,Liverpool,Bournemouth,3,1,H,26,13,10,5,1.2,7.0,13.0,22288,3.25448,1.3867,Jürgen Klopp,Andoni Iraola
3539,2023/24,2023-11-12,Liverpool,Brentford,3,0,H,17,16,10,3,1.4,5.0,6.5,22011,1.56004,1.44954,Jürgen Klopp,Thomas Frank
3712,2023/24,2024-03-31,Liverpool,Brighton,2,1,H,30,9,8,3,1.36,5.5,7.5,22189,3.21149,0.43922,Jürgen Klopp,Roberto De Zerbi
3650,2023/24,2024-02-10,Liverpool,Burnley,3,1,H,25,9,10,4,1.17,8.0,17.0,22128,3.14734,1.11123,Jürgen Klopp,Vincent Kompany
3634,2023/24,2024-01-31,Liverpool,Chelsea,4,1,H,28,4,13,3,1.57,4.33,5.25,22113,3.6627,0.477972,Jürgen Klopp,Mauricio Pochettino
3741,2023/24,2024-04-14,Liverpool,Crystal Palace,0,1,A,21,8,6,5,1.22,7.0,12.0,22220,3.04497,2.12879,Jürgen Klopp,Oliver Glasner
3504,2023/24,2023-10-21,Liverpool,Everton,2,0,H,26,6,6,1,1.33,5.75,7.5,21979,2.28568,0.0937725,Jürgen Klopp,Sean Dyche
3558,2023/24,2023-12-03,Liverpool,Fulham,4,3,H,26,9,12,5,1.25,6.5,9.0,22030,2.72831,1.51005,Jürgen Klopp,Marco Silva
3670,2023/24,2024-02-21,Liverpool,Luton,4,1,H,29,12,13,3,1.2,7.0,13.0,22151,3.70302,0.956512,Jürgen Klopp,Rob Edwards
3696,2023/24,2024-03-10,Liverpool,Man City,1,1,D,19,10,6,6,3.0,3.75,2.2,22171,2.25492,1.37289,Jürgen Klopp,Pep Guardiola
3588,2023/24,2023-12-17,Liverpool,Man United,0,0,D,34,6,8,1,1.3,6.0,8.0,22060,1.97111,0.632715,Jürgen Klopp,Erik ten Hag
3617,2023/24,2024-01-01,Liverpool,Newcastle,4,2,H,34,5,15,3,1.45,4.5,7.0,22088,6.67151,0.910974,Jürgen Klopp,Eddie Howe
3518,2023/24,2023-10-29,Liverpool,Nott'm Forest,3,0,H,21,9,8,1,1.29,5.75,11.0,21991,2.70428,0.642014,Jürgen Klopp,Steve Cooper
3723,2023/24,2024-04-04,Liverpool,Sheffield United,3,1,H,29,8,9,3,1.09,12.0,21.0,22203,2.51772,0.720948,Jürgen Klopp,Chris Wilder
3776,2023/24,2024-05-05,Liverpool,Tottenham,4,2,H,25,11,13,6,1.5,5.75,5.0,22251,3.26222,1.17205,Jürgen Klopp,Ange Postecoglou
3478,2023/24,2023-09-24,Liverpool,West Ham,3,1,H,22,11,7,4,1.4,5.0,7.0,21953,4.14262,1.53878,Jürgen Klopp,David Moyes
3797,2023/24,2024-05-19,Liverpool,Wolves,2,0,H,36,4,14,3,1.17,8.0,15.0,22271,5.65937,0.731254,Jürgen Klopp,Gary O'Neil
3561,2023/24,2023-12-05,Luton,Arsenal,3,4,A,6,23,4,9,17.0,7.0,1.18,22039,0.526254,2.58815,Rob Edwards,Mikel Arteta
3682,2023/24,2024-03-02,Luton,Aston Villa,2,3,A,13,12,5,8,4.33,4.2,1.73,22159,2.43312,2.08586,Rob Edwards,Unai Emery
3729,2023/24,2024-04-06,Luton,Bournemouth,2,1,H,19,8,9,1,3.75,3.8,1.91,22210,1.30478,0.616108,Rob Edwards,Andoni Iraola
3744,2023/24,2024-04-20,Luton,Brentford,1,5,A,6,21,3,9,3.1,3.75,2.15,22230,0.497799,3.7809,Rob Edwards,Thomas Frank
3632,2023/24,2024-01-30,Luton,Brighton,4,0,H,18,9,8,2,4.2,4.2,1.75,22107,3.63312,1.01366,Rob Edwards,Roberto De Zerbi
3490,2023/24,2023-10-03,Luton,Burnley,1,2,A,18,14,3,4,2.9,3.0,2.63,22289,1.53058,0.920206,Rob Edwards,Vincent Kompany
3611,2023/24,2023-12-30,Luton,Chelsea,2,3,A,15,12,6,8,6.5,4.2,1.5,22089,2.64093,1.57463,Rob Edwards,Mauricio Pochettino
3543,2023/24,2023-11-25,Luton,Crystal Palace,2,1,H,8,16,3,8,3.6,3.3,2.1,22019,0.996153,1.83546,Rob Edwards,Roy Hodgson
3768,2023/24,2024-05-03,Luton,Everton,1,1,D,18,10,5,3,2.6,3.6,2.55,22252,0.950391,1.22959,Rob Edwards,Sean Dyche
3798,2023/24,2024-05-19,Luton,Fulham,2,4,A,15,15,6,7,2.9,3.9,2.2,22272,2.06743,1.11598,Rob Edwards,Marco Silva
3528,2023/24,2023-11-05,Luton,Liverpool,1,1,D,8,24,5,6,12.0,6.5,1.22,21999,1.3411,3.03925,Rob Edwards,Jürgen Klopp
3579,2023/24,2023-12-10,Luton,Man City,1,2,A,4,18,2,6,17.0,8.0,1.14,22050,0.689037,2.23353,Rob Edwards,Pep Guardiola
3666,2023/24,2024-02-18,Luton,Man United,1,2,A,22,21,4,9,4.0,4.0,1.8,22139,1.57234,3.58973,Rob Edwards,Erik ten Hag
3594,2023/24,2023-12-23,Luton,Newcastle,1,0,H,16,15,5,2,4.75,4.2,1.65,22069,1.81844,1.41488,Rob Edwards,Eddie Howe
3702,2023/24,2024-03-16,Luton,Nott'm Forest,1,1,D,10,16,4,6,2.8,3.5,2.45,22181,0.853782,1.95268,Rob Edwards,Nuno Espírito Santo
3651,2023/24,2024-02-10,Luton,Sheffield United,1,3,A,20,7,5,3,1.75,3.75,4.75,22129,1.76215,1.98283,Rob Edwards,Chris Wilder
3495,2023/24,2023-10-07,Luton,Tottenham,0,1,A,12,15,2,4,6.0,4.75,1.45,21971,0.848118,2.37947,Rob Edwards,Ange Postecoglou
3450,2023/24,2023-09-01,Luton,West Ham,1,2,A,16,9,1,3,4.75,3.8,1.73,21925,2.02244,1.22528,Rob Edwards,David Moyes
3473,2023/24,2023-09-23,Luton,Wolves,1,1,D,20,3,4,3,3.25,3.4,2.2,21945,2.24101,0.762984,Rob Edwards,Gary O'Neil
3713,2023/24,2024-03-31,Man City,Arsenal,0,0,D,12,6,1,2,1.91,3.8,3.8,22190,1.22009,0.511402,Pep Guardiola,Mikel Arteta
3721,2023/24,2024-04-03,Man City,Aston Villa,4,1,H,25,8,11,3,1.3,6.0,8.0,22204,3.87704,1.18643,Pep Guardiola,Unai Emery
3525,2023/24,2023-11-04,Man City,Bournemouth,6,1,H,21,5,8,1,1.1,11.0,19.0,22000,2.39949,0.643127,Pep Guardiola,Andoni Iraola
3669,2023/24,2024-02-20,Man City,Brentford,1,0,H,25,6,11,2,1.18,8.0,13.0,22074,2.53766,0.503799,Pep Guardiola,Thomas Frank
3505,2023/24,2023-10-21,Man City,Brighton,2,1,H,10,5,6,3,1.4,5.25,6.5,21980,0.962509,0.963733,Pep Guardiola,Roberto De Zerbi
3635,2023/24,2024-01-31,Man City,Burnley,3,1,H,14,8,4,3,1.08,12.0,21.0,22114,1.84756,1.49114,Pep Guardiola,Vincent Kompany
3662,2023/24,2024-02-17,Man City,Chelsea,1,1,D,31,9,5,6,1.33,5.5,8.0,22140,2.77713,1.82903,Pep Guardiola,Mauricio Pochettino
3584,2023/24,2023-12-16,Man City,Crystal Palace,2,2,D,19,5,9,2,1.18,8.0,13.0,22061,2.41646,1.64977,Pep Guardiola,Roy Hodgson
3652,2023/24,2024-02-10,Man City,Everton,2,0,H,19,5,3,1,1.18,8.0,13.0,22130,1.58971,0.192072,Pep Guardiola,Ian Woan
3455,2023/24,2023-09-02,Man City,Fulham,5,1,H,7,6,5,4,1.17,8.0,15.0,21927,2.00152,1.46427,Pep Guardiola,Marco Silva
3544,2023/24,2023-11-25,Man City,Liverpool,1,1,D,16,8,5,3,1.73,4.2,4.2,22020,1.79622,0.766278,Pep Guardiola,Jürgen Klopp
3737,2023/24,2024-04-13,Man City,Luton,5,1,H,33,4,13,2,1.1,11.0,19.0,22221,4.64245,0.809775,Pep Guardiola,Rob Edwards
3687,2023/24,2024-03-03,Man City,Man United,3,1,H,27,3,8,1,1.25,5.75,11.0,22160,2.64173,0.153764,Pep Guardiola,Erik ten Hag
3434,2023/24,2023-08-19,Man City,Newcastle,1,0,H,14,7,4,1,1.67,4.0,5.0,22291,1.22528,0.257154,Pep Guardiola,Eddie Howe
3474,2023/24,2023-09-23,Man City,Nott'm Forest,2,0,H,7,10,4,3,1.14,8.5,15.0,21946,1.33984,0.729109,Pep Guardiola,Steve Cooper
3612,2023/24,2023-12-30,Man City,Sheffield United,2,0,H,18,4,4,2,1.08,11.0,29.0,22090,2.24229,0.263211,Pep Guardiola,Chris Wilder
3559,2023/24,2023-12-03,Man City,Tottenham,3,3,D,18,8,4,4,1.29,6.0,9.0,22031,2.90729,0.433077,Pep Guardiola,Ange Postecoglou
3799,2023/24,2024-05-19,Man City,West Ham,3,1,H,28,3,12,2,1.08,12.0,21.0,22273,2.31504,0.240159,Pep Guardiola,David Moyes
3772,2023/24,2024-05-04,Man City,Wolves,5,1,H,20,2,12,1,1.08,12.0,21.0,22253,4.52542,0.396887,Pep Guardiola,Gary O'Neil
3786,2023/24,2024-05-12,Man United,Arsenal,0,1,A,14,11,2,5,7.0,5.5,1.36,22259,0.551669,1.73104,Erik ten Hag,Mikel Arteta
3601,2023/24,2023-12-26,Man United,Aston Villa,3,2,H,13,10,7,4,2.6,3.5,2.6,22082,1.20104,1.83637,Erik ten Hag,Unai Emery
3574,2023/24,2023-12-09,Man United,Bournemouth,0,3,A,20,10,3,4,1.55,4.33,5.75,22051,1.11296,1.9742,Erik ten Hag,Andoni Iraola
3496,2023/24,2023-10-07,Man United,Brentford,2,1,H,21,11,8,3,1.67,4.2,4.75,21972,1.29356,1.02509,Erik ten Hag,Thomas Frank
3462,2023/24,2023-09-16,Man United,Brighton,1,3,A,14,10,4,8,2.15,4.0,2.88,21940,0.719951,1.93908,Erik ten Hag,Roberto De Zerbi
3760,2023/24,2024-04-27,Man United,Burnley,1,1,D,27,16,10,7,1.5,4.75,5.5,22239,3.06197,1.89591,Erik ten Hag,Vincent Kompany
3567,2023/24,2023-12-06,Man United,Chelsea,2,1,H,28,13,9,3,2.88,3.4,2.45,22044,4.03949,2.3512,Erik ten Hag,Mauricio Pochettino
3483,2023/24,2023-09-30,Man United,Crystal Palace,0,1,A,19,8,4,2,1.55,4.2,5.75,21957,1.55408,1.19015,Erik ten Hag,Roy Hodgson
3692,2023/24,2024-03-09,Man United,Everton,2,0,H,15,23,8,6,1.83,3.6,4.0,22172,2.9016,1.8214,Erik ten Hag,Sean Dyche
3676,2023/24,2024-02-24,Man United,Fulham,1,2,A,21,17,9,5,1.57,4.33,5.5,22152,1.96036,1.1385,Erik ten Hag,Marco Silva
3731,2023/24,2024-04-07,Man United,Liverpool,2,2,D,9,28,5,7,4.75,4.5,1.6,22211,0.814509,4.43457,Erik ten Hag,Jürgen Klopp
3534,2023/24,2023-11-11,Man United,Luton,1,0,H,15,10,4,4,1.33,5.25,9.5,22012,2.74105,0.408265,Erik ten Hag,Rob Edwards
3519,2023/24,2023-10-29,Man United,Man City,0,3,A,7,21,3,10,5.0,3.8,1.67,21992,0.714628,4.54595,Erik ten Hag,Pep Guardiola
3790,2023/24,2024-05-15,Man United,Newcastle,3,2,H,17,21,8,8,2.75,4.0,2.3,22231,1.49706,2.27657,Erik ten Hag,Eddie Howe
3446,2023/24,2023-08-26,Man United,Nott'm Forest,3,2,H,18,9,9,4,1.3,6.0,8.0,22300,3.02803,0.960354,Erik ten Hag,Steve Cooper
3754,2023/24,2024-04-24,Man United,Sheffield United,4,2,H,25,10,13,4,1.3,6.5,7.5,22182,3.51311,1.20517,Erik ten Hag,Chris Wilder
3623,2023/24,2024-01-14,Man United,Tottenham,2,2,D,9,16,2,6,2.2,3.75,3.0,22099,0.923233,1.31224,Erik ten Hag,Ange Postecoglou
3647,2023/24,2024-02-04,Man United,West Ham,3,0,H,12,22,5,3,1.62,4.2,5.0,22122,0.96721,1.1807,Erik ten Hag,David Moyes
3430,2023/24,2023-08-14,Man United,Wolves,1,0,H,15,23,3,6,1.33,5.5,9.0,22284,1.97087,1.72228,Erik ten Hag,Gary O'Neil
3526,2023/24,2023-11-04,Newcastle,Arsenal,1,0,H,9,14,2,1,2.8,3.2,2.6,22001,1.12355,0.535473,Eddie Howe,Mikel Arteta
3426,2023/24,2023-08-12,Newcastle,Aston Villa,5,1,H,17,16,13,6,1.75,3.75,4.6,22281,4.32208,1.486,Eddie Howe,Unai Emery
3663,2023/24,2024-02-17,Newcastle,Bournemouth,2,2,D,17,12,5,7,1.83,4.2,3.75,22141,2.38425,2.08098,Eddie Howe,Andoni Iraola
3463,2023/24,2023-09-16,Newcastle,Brentford,1,0,H,9,11,2,2,1.53,4.2,6.0,21943,1.50126,0.633678,Eddie Howe,Thomas Frank
3781,2023/24,2024-05-11,Newcastle,Brighton,1,1,D,18,15,7,4,1.57,4.75,4.75,22260,2.45163,1.91556,Eddie Howe,Roberto De Zerbi
3484,2023/24,2023-09-30,Newcastle,Burnley,2,0,H,20,8,8,2,1.3,5.75,9.0,21958,3.08516,0.801849,Eddie Howe,Vincent Kompany
3545,2023/24,2023-11-25,Newcastle,Chelsea,4,1,H,14,7,5,4,2.55,3.5,2.63,22021,2.15227,0.968061,Eddie Howe,Mauricio Pochettino
3506,2023/24,2023-10-21,Newcastle,Crystal Palace,4,0,H,10,17,7,3,1.45,4.5,7.0,21981,3.73336,1.08795,Eddie Howe,Roy Hodgson
3716,2023/24,2024-04-02,Newcastle,Everton,1,1,D,18,10,6,3,2.0,3.75,3.5,22202,2.65009,1.69834,Eddie Howe,Sean Dyche
3585,2023/24,2023-12-16,Newcastle,Fulham,3,0,H,27,6,10,4,1.8,3.8,4.0,22062,4.27933,0.471042,Eddie Howe,Marco Silva
3448,2023/24,2023-08-27,Newcastle,Liverpool,1,2,A,23,9,8,4,2.2,3.75,3.0,22304,1.62037,0.856121,Eddie Howe,Jürgen Klopp
3642,2023/24,2024-02-03,Newcastle,Luton,4,4,D,19,11,6,8,1.44,4.75,6.5,22123,2.37353,2.67463,Eddie Howe,Rob Edwards
3621,2023/24,2024-01-13,Newcastle,Man City,2,3,A,12,27,5,11,5.5,4.33,1.55,22100,1.23638,2.55452,Eddie Howe,Pep Guardiola
3554,2023/24,2023-12-02,Newcastle,Man United,1,0,H,22,8,4,1,1.91,3.75,3.8,22032,2.90191,0.422674,Eddie Howe,Erik ten Hag
3602,2023/24,2023-12-26,Newcastle,Nott'm Forest,1,3,A,19,15,7,6,1.5,4.33,5.75,22083,2.79106,3.1074,Eddie Howe,Nuno Espírito Santo
3761,2023/24,2024-04-27,Newcastle,Sheffield United,5,1,H,20,15,7,5,1.22,7.0,11.0,22240,2.93477,1.82408,Eddie Howe,Chris Wilder
3738,2023/24,2024-04-13,Newcastle,Tottenham,4,0,H,18,11,5,2,2.7,4.0,2.3,22222,3.1483,0.737596,Eddie Howe,Ange Postecoglou
3708,2023/24,2024-03-30,Newcastle,West Ham,4,3,H,24,10,9,4,1.83,4.2,3.8,22191,3.80922,0.994584,Eddie Howe,David Moyes
3683,2023/24,2024-03-02,Newcastle,Wolves,3,0,H,14,12,7,3,1.91,4.0,3.6,22161,3.33495,0.507769,Eddie Howe,Gary O'Neil
3633,2023/24,2024-01-30,Nott'm Forest,Arsenal,1,2,A,9,19,3,3,7.5,5.0,1.4,22108,0.631618,1.39143,Nuno Espírito Santo,Mikel Arteta
3529,2023/24,2023-11-05,Nott'm Forest,Aston Villa,2,0,H,5,13,3,3,4.2,3.75,1.85,22002,0.592447,1.33116,Steve Cooper,Unai Emery
3595,2023/24,2023-12-23,Nott'm Forest,Bournemouth,2,3,A,11,18,5,7,2.75,3.4,2.55,22070,0.791806,1.89067,Nuno Espírito Santo,Andoni Iraola
3488,2023/24,2023-10-01,Nott'm Forest,Brentford,1,1,D,6,18,1,5,2.75,3.1,2.7,21963,0.800317,1.75862,Steve Cooper,Thomas Frank
3546,2023/24,2023-11-25,Nott'm Forest,Brighton,2,3,A,18,11,5,5,3.2,3.6,2.15,22022,2.22655,1.21792,Steve Cooper,Roberto De Zerbi
3469,2023/24,2023-09-18,Nott'm Forest,Burnley,1,1,D,14,10,4,3,2.2,3.5,3.25,21944,0.705795,0.807651,Steve Cooper,Vincent Kompany
3782,2023/24,2024-05-11,Nott'm Forest,Chelsea,2,3,A,20,12,4,5,3.4,3.8,2.0,22261,2.44569,2.41068,Nuno Espírito Santo,Mauricio Pochettino
3709,2023/24,2024-03-30,Nott'm Forest,Crystal Palace,1,1,D,12,10,5,3,2.2,3.3,3.4,22192,0.784652,0.900972,Nuno Espírito Santo,Oliver Glasner
3555,2023/24,2023-12-02,Nott'm Forest,Everton,0,1,A,13,12,2,3,2.75,3.25,2.6,22033,0.673085,0.623789,Steve Cooper,Sean Dyche
3717,2023/24,2024-04-02,Nott'm Forest,Fulham,3,1,H,16,18,4,3,2.7,3.4,2.63,22198,1.94619,1.04304,Nuno Espírito Santo,Marco Silva
3684,2023/24,2024-03-02,Nott'm Forest,Liverpool,0,1,A,8,22,2,2,6.0,4.33,1.53,22162,0.971466,1.32259,Nuno Espírito Santo,Jürgen Klopp
3507,2023/24,2023-10-21,Nott'm Forest,Luton,2,2,D,19,13,8,4,1.67,3.75,5.5,21982,3.27549,1.49555,Steve Cooper,Rob Edwards
3765,2023/24,2024-04-28,Nott'm Forest,Man City,0,2,A,14,11,2,5,8.0,6.0,1.3,22242,2.17312,0.932063,Nuno Espírito Santo,Pep Guardiola
3613,2023/24,2023-12-30,Nott'm Forest,Man United,2,1,H,8,10,2,5,3.2,3.6,2.15,22091,0.744348,0.651905,Nuno Espírito Santo,Erik ten Hag
3653,2023/24,2024-02-10,Nott'm Forest,Newcastle,2,3,A,13,7,3,5,3.3,3.75,2.05,22131,0.968075,0.511375,Nuno Espírito Santo,Eddie Howe
3431,2023/24,2023-08-18,Nott'm Forest,Sheffield United,2,1,H,16,7,4,3,1.95,3.4,4.0,22285,1.37181,0.551038,Steve Cooper,Paul Heckingbottom
3581,2023/24,2023-12-15,Nott'm Forest,Tottenham,0,2,A,15,12,1,6,4.2,4.2,1.73,22063,1.70569,1.60738,Steve Cooper,Ange Postecoglou
3664,2023/24,2024-02-17,Nott'm Forest,West Ham,2,0,H,19,10,8,3,2.38,3.5,2.9,22142,2.66942,0.520016,Nuno Espírito Santo,David Moyes
3739,2023/24,2024-04-13,Nott'm Forest,Wolves,2,2,D,18,11,9,4,2.1,3.4,3.5,22223,1.76244,1.45688,Nuno Espírito Santo,Gary O'Neil
3688,2023/24,2024-03-04,Sheffield United,Arsenal,0,6,A,4,22,0,10,17.0,7.0,1.18,22163,0.201374,2.47294,Chris Wilder,Mikel Arteta
3643,2023/24,2024-02-03,Sheffield United,Aston Villa,0,5,A,10,14,5,10,5.25,4.2,1.62,22124,1.52784,2.99015,Chris Wilder,Unai Emery
3547,2023/24,2023-11-25,Sheffield United,Bournemouth,1,3,A,10,23,2,11,3.2,3.5,2.2,22023,0.816227,3.13975,Paul Heckingbottom,Andoni Iraola
3575,2023/24,2023-12-09,Sheffield United,Brentford,1,0,H,9,10,4,4,4.2,3.8,1.75,22052,0.841976,0.644638,Chris Wilder,Thomas Frank
3667,2023/24,2024-02-18,Sheffield United,Brighton,0,5,A,6,24,1,10,5.0,4.2,1.62,22143,0.586214,3.35549,Chris Wilder,Roberto De Zerbi
3745,2023/24,2024-04-20,Sheffield United,Burnley,1,4,A,18,16,11,9,2.75,3.6,2.45,22232,1.97816,2.42338,Chris Wilder,Vincent Kompany
3732,2023/24,2024-04-07,Sheffield United,Chelsea,2,2,D,11,6,6,3,7.0,5.25,1.4,22212,1.74265,0.521789,Chris Wilder,Mauricio Pochettino
3427,2023/24,2023-08-12,Sheffield United,Crystal Palace,0,1,A,8,24,1,8,3.0,3.3,2.38,22280,0.422704,2.27616,Paul Heckingbottom,Roy Hodgson
3456,2023/24,2023-09-02,Sheffield United,Everton,2,2,D,13,16,8,6,2.9,3.25,2.5,21926,1.575,2.73871,Paul Heckingbottom,Sean Dyche
3710,2023/24,2024-03-30,Sheffield United,Fulham,3,3,D,8,24,4,9,4.5,4.0,1.73,22193,1.78824,1.10254,Chris Wilder,Marco Silva
3568,2023/24,2023-12-06,Sheffield United,Liverpool,0,2,A,6,15,1,8,12.0,7.5,1.2,22040,0.834172,1.80116,Chris Wilder,Jürgen Klopp
3603,2023/24,2023-12-26,Sheffield United,Luton,2,3,A,21,12,6,4,2.3,3.3,3.1,22084,3.61788,0.715575,Chris Wilder,Rob Edwards
3449,2023/24,2023-08-27,Sheffield United,Man City,1,2,A,6,30,2,9,13.0,8.0,1.17,22303,0.762232,3.84804,Paul Heckingbottom,Pep Guardiola
3508,2023/24,2023-10-21,Sheffield United,Man United,1,2,A,12,14,6,5,6.5,5.25,1.4,21983,1.41074,1.46187,Paul Heckingbottom,Erik ten Hag
3479,2023/24,2023-09-24,Sheffield United,Newcastle,0,8,A,9,22,1,15,7.0,4.75,1.44,21954,0.579392,5.1082,Paul Heckingbottom,Eddie Howe
3773,2023/24,2024-05-04,Sheffield United,Nott'm Forest,1,3,A,17,15,5,4,4.75,4.2,1.65,22254,2.48986,1.93818,Chris Wilder,Nuno Espírito Santo
3800,2023/24,2024-05-19,Sheffield United,Tottenham,0,3,A,6,18,1,9,7.0,6.0,1.33,22274,0.697312,3.19675,Chris Wilder,Ange Postecoglou
3627,2023/24,2024-01-21,Sheffield United,West Ham,2,2,D,21,16,6,5,3.4,3.3,2.2,22101,2.61362,2.4241,Chris Wilder,David Moyes
3527,2023/24,2023-11-04,Sheffield United,Wolves,2,1,H,11,10,2,3,3.8,3.5,2.0,22003,1.10165,1.14803,Paul Heckingbottom,Gary O'Neil
3766,2023/24,2024-04-28,Tottenham,Arsenal,2,3,A,14,9,2,3,4.2,4.2,1.75,22241,2.60458,1.51469,Ange Postecoglou,Mikel Arteta
3549,2023/24,2023-11-26,Tottenham,Aston Villa,1,2,A,18,15,8,5,2.3,3.8,2.8,22024,2.22542,2.39755,Ange Postecoglou,Unai Emery
3616,2023/24,2023-12-31,Tottenham,Bournemouth,3,1,H,12,24,6,4,1.75,4.2,4.0,22092,2.15027,1.58229,Ange Postecoglou,Andoni Iraola
3636,2023/24,2024-01-31,Tottenham,Brentford,3,2,H,19,9,5,5,1.67,4.2,4.75,22109,3.36194,1.59637,Ange Postecoglou,Thomas Frank
3654,2023/24,2024-02-10,Tottenham,Brighton,2,1,H,16,6,6,3,1.8,4.2,3.8,22132,2.10928,1.49285,Ange Postecoglou,Roberto De Zerbi
3783,2023/24,2024-05-11,Tottenham,Burnley,2,1,H,21,7,9,3,1.36,5.75,7.0,22262,3.00238,0.950331,Ange Postecoglou,Vincent Kompany
3530,2023/24,2023-11-06,Tottenham,Chelsea,1,4,A,8,17,5,8,2.0,3.75,3.5,22004,0.959108,4.05865,Ange Postecoglou,Mauricio Pochettino
3685,2023/24,2024-03-02,Tottenham,Crystal Palace,3,1,H,14,4,6,1,1.5,4.33,6.5,22164,2.6625,0.277887,Ange Postecoglou,Oliver Glasner
3596,2023/24,2023-12-23,Tottenham,Everton,2,1,H,13,18,6,8,1.75,4.2,4.0,22071,1.57527,1.98385,Ange Postecoglou,Sean Dyche
3510,2023/24,2023-10-23,Tottenham,Fulham,2,0,H,15,10,5,3,1.5,4.5,6.0,21984,1.63523,0.745838,Ange Postecoglou,Marco Silva
3485,2023/24,2023-09-30,Tottenham,Liverpool,2,1,H,24,12,8,4,2.9,4.0,2.15,21962,2.18823,1.12299,Ange Postecoglou,Jürgen Klopp
3711,2023/24,2024-03-30,Tottenham,Luton,2,1,H,17,7,4,3,1.2,8.0,11.0,22194,2.46523,0.402402,Ange Postecoglou,Rob Edwards
3788,2023/24,2024-05-14,Tottenham,Man City,0,2,A,10,8,5,5,6.5,6.0,1.36,22233,1.84285,2.70331,Ange Postecoglou,Pep Guardiola
3435,2023/24,2023-08-19,Tottenham,Man United,2,0,H,17,22,6,6,2.8,3.6,2.38,22290,2.53904,2.44604,Ange Postecoglou,Erik ten Hag
3580,2023/24,2023-12-10,Tottenham,Newcastle,4,1,H,23,9,12,3,2.15,3.8,3.1,22053,4.40118,1.61368,Ange Postecoglou,Eddie Howe
3733,2023/24,2024-04-07,Tottenham,Nott'm Forest,3,1,H,17,13,7,6,1.4,5.5,6.5,22213,1.61978,2.00122,Ange Postecoglou,Nuno Espírito Santo
3464,2023/24,2023-09-16,Tottenham,Sheffield United,2,1,H,28,7,10,5,1.29,5.5,11.0,21936,2.15909,0.790655,Ange Postecoglou,Paul Heckingbottom
3570,2023/24,2023-12-07,Tottenham,West Ham,1,2,A,23,11,7,5,1.75,4.2,4.2,22041,1.61268,1.7409,Ange Postecoglou,David Moyes
3665,2023/24,2024-02-17,Tottenham,Wolves,1,2,A,15,12,4,7,1.53,4.75,5.25,22144,1.59768,1.77591,Ange Postecoglou,Gary O'Neil
3657,2023/24,2024-02-11,West Ham,Arsenal,0,6,A,5,25,1,12,6.0,4.33,1.53,22133,0.191065,3.99893,David Moyes,Mikel Arteta
3703,2023/24,2024-03-17,West Ham,Aston Villa,1,1,D,13,13,5,5,2.63,3.75,2.45,22183,1.32829,0.911274,David Moyes,Unai Emery
3637,2023/24,2024-02-01,West Ham,Bournemouth,1,1,D,9,9,3,4,2.4,3.75,2.75,22110,1.3128,1.13487,David Moyes,Andoni Iraola
3678,2023/24,2024-02-26,West Ham,Brentford,4,2,H,17,14,6,8,2.5,3.5,2.75,22153,2.06873,1.33683,David Moyes,Thomas Frank
3618,2023/24,2024-01-02,West Ham,Brighton,0,0,D,6,22,2,8,2.45,3.75,2.75,22093,0.9831,2.1552,David Moyes,Roberto De Zerbi
3697,2023/24,2024-03-10,West Ham,Burnley,2,2,D,22,11,4,4,1.67,4.0,4.75,22173,1.87414,0.88131,David Moyes,Vincent Kompany
3438,2023/24,2023-08-20,West Ham,Chelsea,3,1,H,12,17,6,4,3.75,3.5,2.0,22293,1.71234,1.60916,David Moyes,Mauricio Pochettino
3560,2023/24,2023-12-03,West Ham,Crystal Palace,1,1,D,9,9,3,2,2.0,3.5,3.8,22034,1.1466,0.987682,David Moyes,Roy Hodgson
3520,2023/24,2023-10-29,West Ham,Everton,0,1,A,12,10,2,4,2.15,3.5,3.3,21993,0.618578,0.733813,David Moyes,Sean Dyche
3742,2023/24,2024-04-14,West Ham,Fulham,0,2,A,15,18,4,10,2.38,3.6,2.8,22224,1.45307,3.61413,David Moyes,Marco Silva
3762,2023/24,2024-04-27,West Ham,Liverpool,2,2,D,11,28,8,8,5.5,5.0,1.5,22243,0.794025,2.29298,David Moyes,Jürgen Klopp
3784,2023/24,2024-05-11,West Ham,Luton,3,1,H,24,4,8,1,1.8,4.2,3.8,22263,3.71009,0.640456,David Moyes,Rob Edwards
3465,2023/24,2023-09-16,West Ham,Man City,1,3,A,6,29,3,15,7.0,4.5,1.45,21937,0.895632,4.15046,David Moyes,Pep Guardiola
3597,2023/24,2023-12-23,West Ham,Man United,2,0,H,12,11,5,3,2.6,3.6,2.6,22072,1.51468,0.730496,David Moyes,Erik ten Hag
3499,2023/24,2023-10-08,West Ham,Newcastle,2,2,D,5,10,3,3,3.2,3.75,2.1,21973,0.931345,1.97865,David Moyes,Eddie Howe
3540,2023/24,2023-11-12,West Ham,Nott'm Forest,3,2,H,16,10,6,5,1.85,3.6,4.0,22013,2.06402,1.42128,David Moyes,Steve Cooper
3486,2023/24,2023-09-30,West Ham,Sheffield United,2,0,H,20,16,9,2,1.45,4.5,7.0,21960,3.19753,0.911997,David Moyes,Paul Heckingbottom
3718,2023/24,2024-04-02,West Ham,Tottenham,1,1,D,11,13,4,4,3.3,4.2,1.95,22199,1.47017,1.39423,David Moyes,Ange Postecoglou
3589,2023/24,2023-12-17,West Ham,Wolves,3,0,H,13,14,4,3,2.15,3.5,3.3,22064,1.03828,0.556206,David Moyes,Gary O'Neil
3746,2023/24,2024-04-20,Wolves,Arsenal,0,2,A,5,24,3,9,8.5,4.5,1.4,22234,0.164516,1.66179,Gary O'Neil,Mikel Arteta
3500,2023/24,2023-10-08,Wolves,Aston Villa,1,1,D,8,18,3,4,3.5,3.4,2.1,21974,1.76232,1.81618,Gary O'Neil,Unai Emery
3755,2023/24,2024-04-24,Wolves,Bournemouth,0,1,A,15,21,4,6,2.7,3.6,2.5,22184,0.484454,2.40311,Gary O'Neil,Andoni Iraola
3655,2023/24,2024-02-10,Wolves,Brentford,0,2,A,17,9,5,6,2.1,3.6,3.4,22134,1.05781,1.84908,Gary O'Neil,Thomas Frank
3436,2023/24,2023-08-19,Wolves,Brighton,1,4,A,16,16,5,8,4.0,3.8,1.85,22286,2.68821,3.15562,Gary O'Neil,Roberto De Zerbi
3562,2023/24,2023-12-05,Wolves,Burnley,1,0,H,7,12,4,3,1.85,3.6,4.2,22042,1.11886,0.781542,Gary O'Neil,Vincent Kompany
3598,2023/24,2023-12-24,Wolves,Chelsea,2,1,H,14,16,6,5,3.75,3.75,1.91,22073,1.74626,1.75447,Gary O'Neil,Mauricio Pochettino
3785,2023/24,2024-05-11,Wolves,Crystal Palace,1,3,A,13,13,7,3,2.88,3.5,2.38,22264,1.1561,2.51452,Gary O'Neil,Oliver Glasner
3614,2023/24,2023-12-30,Wolves,Everton,3,0,H,12,10,6,0,2.63,3.3,2.7,22094,2.64477,0.519641,Gary O'Neil,Sean Dyche
3693,2023/24,2024-03-09,Wolves,Fulham,2,1,H,8,23,3,6,2.5,3.4,2.75,22174,1.29589,2.94155,Gary O'Neil,Marco Silva
3466,2023/24,2023-09-16,Wolves,Liverpool,1,3,A,11,16,2,6,6.0,5.0,1.45,21935,0.538833,2.82701,Gary O'Neil,Jürgen Klopp
3763,2023/24,2024-04-27,Wolves,Luton,2,1,H,13,9,5,6,1.95,3.8,3.6,22244,1.49011,0.90435,Gary O'Neil,Rob Edwards
3487,2023/24,2023-09-30,Wolves,Man City,2,1,H,3,23,1,8,8.0,5.75,1.33,21961,0.673985,0.98075,Gary O'Neil,Pep Guardiola
3638,2023/24,2024-02-01,Wolves,Man United,3,4,A,16,21,7,8,2.63,3.6,2.55,22111,2.27609,3.22698,Gary O'Neil,Erik ten Hag
3515,2023/24,2023-10-28,Wolves,Newcastle,2,2,D,11,13,6,5,4.2,4.0,1.75,21994,0.863393,2.31987,Gary O'Neil,Eddie Howe
3576,2023/24,2023-12-09,Wolves,Nott'm Forest,1,1,D,10,8,4,2,1.85,3.6,4.33,22054,1.02199,1.21801,Gary O'Neil,Steve Cooper
3677,2023/24,2024-02-25,Wolves,Sheffield United,1,0,H,13,12,2,4,1.44,4.75,7.0,22154,1.21618,0.654342,Gary O'Neil,Chris Wilder
3535,2023/24,2023-11-11,Wolves,Tottenham,2,1,H,17,6,4,2,3.1,3.75,2.2,22014,1.90884,0.432315,Gary O'Neil,Ange Postecoglou
3730,2023/24,2024-04-06,Wolves,West Ham,1,2,A,14,11,7,4,2.5,3.6,2.7,22214,1.78341,1.14133,Gary O'Neil,David Moyes
4010,2024/25,2025-01-18,Arsenal,Aston Villa,2,2,D,18,8,6,4,1.5,4.1,7.0,26812,1.64458,1.20602,Mikel Arteta,Unai Emery
4142,2024/25,2025-05-03,Arsenal,Bournemouth,1,2,A,13,9,4,2,2.05,3.7,3.4,26945,2.05484,1.41783,Mikel Arteta,Andoni Iraola
4110,2024/25,2025-04-12,Arsenal,Brentford,1,1,D,14,3,3,2,1.6,4.33,5.0,26913,0.767369,0.588583,Mikel Arteta,Thomas Frank
3821,2024/25,2024-08-31,Arsenal,Brighton,1,1,D,11,22,7,4,1.33,5.5,8.5,26622,2.41798,1.81748,Mikel Arteta,Fabian Hürzeler
4087,2024/25,2025-03-16,Arsenal,Chelsea,1,0,H,12,8,4,2,1.8,3.6,4.5,26883,0.695725,0.286036,Mikel Arteta,Enzo Maresca
4132,2024/25,2025-04-23,Arsenal,Crystal Palace,2,2,D,12,15,6,4,1.4,4.75,7.5,26933,1.92149,2.50515,Mikel Arteta,Oliver Glasner
3950,2024/25,2024-12-14,Arsenal,Everton,0,0,D,13,2,5,0,1.22,6.5,12.0,26755,1.30865,0.132166,Mikel Arteta,Sean Dyche
4090,2024/25,2025-04-01,Arsenal,Fulham,2,1,H,17,9,4,3,1.48,4.33,7.0,26892,2.30189,1.44206,Mikel Arteta,Marco Silva
3978,2024/25,2024-12-27,Arsenal,Ipswich,1,0,H,13,3,5,0,1.14,9.0,15.0,26773,2.16462,0.0783327,Mikel Arteta,Kieran McKenna
3851,2024/25,2024-09-28,Arsenal,Leicester,4,2,H,36,5,16,3,1.17,8.0,15.0,26655,6.05305,0.337909,Mikel Arteta,Steve Cooper
3887,2024/25,2024-10-27,Arsenal,Liverpool,2,2,D,9,9,3,4,2.5,3.25,2.9,26691,1.0883,1.35346,Mikel Arteta,Arne Slot
4036,2024/25,2025-02-02,Arsenal,Man City,5,1,H,12,7,7,4,1.95,3.5,4.0,26833,1.53202,0.743191,Mikel Arteta,Pep Guardiola
3933,2024/25,2024-12-04,Arsenal,Man United,2,0,H,14,5,6,2,1.44,4.5,7.0,26733,2.96684,0.256083,Mikel Arteta,Rúben Amorim
4163,2024/25,2025-05-18,Arsenal,Newcastle,1,0,H,12,14,4,5,1.95,3.7,3.7,26962,1.15958,2.24634,Mikel Arteta,Eddie Howe
3911,2024/25,2024-11-23,Arsenal,Nott'm Forest,3,0,H,19,7,7,0,1.38,4.75,9.0,26714,1.66016,0.403136,Mikel Arteta,Nuno Espírito Santo
3861,2024/25,2024-10-05,Arsenal,Southampton,3,1,H,29,8,6,2,1.14,9.0,17.0,26666,3.25165,1.27313,Mikel Arteta,Russell Martin
4004,2024/25,2025-01-15,Arsenal,Tottenham,2,1,H,14,10,4,2,1.4,5.25,7.0,26802,2.25501,0.777071,Mikel Arteta,Ange Postecoglou
4053,2024/25,2025-02-22,Arsenal,West Ham,0,1,A,20,5,2,2,1.27,6.0,10.0,26853,1.37264,1.02684,Mikel Arteta,Graham Potter
3802,2024/25,2024-08-17,Arsenal,Wolves,2,0,H,18,9,6,3,1.18,7.5,13.0,26604,1.6283,0.575835,Mikel Arteta,Gary O'Neil
3811,2024/25,2024-08-24,Aston Villa,Arsenal,0,2,A,11,9,3,4,4.33,3.8,1.75,26618,1.31664,1.41399,Unai Emery,Mikel Arteta
3882,2024/25,2024-10-26,Aston Villa,Bournemouth,1,1,D,18,11,8,3,1.85,3.9,3.8,26684,1.974,0.328651,Unai Emery,Andoni Iraola
3934,2024/25,2024-12-04,Aston Villa,Brentford,3,1,H,20,9,10,1,1.8,3.75,4.33,26734,3.21673,1.13266,Unai Emery,Thomas Frank
3986,2024/25,2024-12-30,Aston Villa,Brighton,2,2,D,20,13,4,4,1.9,3.8,3.6,26782,1.87997,0.938042,Unai Emery,Fabian Hürzeler
4054,2024/25,2025-02-22,Aston Villa,Chelsea,2,1,H,12,15,6,7,2.63,3.4,2.6,26854,2.69413,2.17418,Unai Emery,Enzo Maresca
3912,2024/25,2024-11-23,Aston Villa,Crystal Palace,2,2,D,17,13,5,6,1.62,4.0,5.5,26716,3.04455,1.61437,Unai Emery,Oliver Glasner
3831,2024/25,2024-09-14,Aston Villa,Everton,3,2,H,17,6,8,2,1.5,4.2,6.5,26638,3.15876,0.852158,Unai Emery,Sean Dyche
4143,2024/25,2025-05-03,Aston Villa,Fulham,1,0,H,10,11,3,3,1.77,3.75,4.5,26946,1.29013,0.702787,Unai Emery,Marco Silva
4042,2024/25,2025-02-15,Aston Villa,Ipswich,1,1,D,25,4,6,3,1.4,4.75,7.0,26842,2.89841,0.332864,Unai Emery,Kieran McKenna
3990,2024/25,2025-01-04,Aston Villa,Leicester,2,1,H,13,4,5,2,1.33,5.5,8.5,26793,2.3456,0.81548,Unai Emery,Ruud van Nistelrooy
4051,2024/25,2025-02-19,Aston Villa,Liverpool,2,2,D,9,17,4,3,3.9,4.0,1.83,26884,1.02269,2.04279,Unai Emery,Arne Slot
3960,2024/25,2024-12-21,Aston Villa,Man City,2,1,H,11,12,6,6,3.25,3.7,2.1,26762,2.05988,1.09627,Unai Emery,Pep Guardiola
3868,2024/25,2024-10-06,Aston Villa,Man United,0,0,D,11,10,1,4,2.2,3.75,3.0,26670,0.532809,0.448537,Unai Emery,Erik ten Hag
4121,2024/25,2025-04-19,Aston Villa,Newcastle,4,1,H,23,10,9,3,2.3,3.6,2.75,26922,3.05371,1.27176,Unai Emery,Eddie Howe
4100,2024/25,2025-04-05,Aston Villa,Nott'm Forest,2,1,H,17,19,8,3,1.95,3.6,3.7,26902,2.63349,0.96769,Unai Emery,Nuno Espírito Santo
3941,2024/25,2024-12-07,Aston Villa,Southampton,1,0,H,18,4,5,0,1.36,5.5,7.0,26742,2.51338,0.385832,Unai Emery,Russell Martin
4161,2024/25,2025-05-16,Aston Villa,Tottenham,2,0,H,18,3,7,1,1.3,6.0,8.5,26963,1.69061,0.523016,Unai Emery,Ange Postecoglou
4026,2024/25,2025-01-26,Aston Villa,West Ham,1,1,D,14,14,4,4,1.53,4.33,5.75,26823,0.907851,1.67886,Unai Emery,Graham Potter
3841,2024/25,2024-09-21,Aston Villa,Wolves,3,1,H,9,10,4,4,1.57,4.2,5.25,26647,2.37351,0.520117,Unai Emery,Gary O'Neil
3871,2024/25,2024-10-19,Bournemouth,Arsenal,2,0,H,13,6,4,1,5.0,3.9,1.65,26680,2.18419,0.740758,Andoni Iraola,Mikel Arteta
4151,2024/25,2025-05-10,Bournemouth,Aston Villa,0,1,A,10,6,4,3,2.4,3.6,2.75,26955,1.02272,1.12376,Andoni Iraola,Unai Emery
4082,2024/25,2025-03-15,Bournemouth,Brentford,1,2,A,17,10,5,4,1.73,4.2,4.2,26882,2.02714,1.60321,Andoni Iraola,Thomas Frank
3913,2024/25,2024-11-23,Bournemouth,Brighton,1,2,A,19,6,5,4,2.4,3.6,2.8,26712,1.91157,1.23059,Andoni Iraola,Fabian Hürzeler
3832,2024/25,2024-09-14,Bournemouth,Chelsea,0,1,A,19,10,7,3,3.4,3.8,2.0,26639,1.53731,0.932726,Andoni Iraola,Enzo Maresca
3970,2024/25,2024-12-26,Bournemouth,Crystal Palace,0,0,D,18,10,4,4,1.9,3.8,3.8,26772,1.20189,0.500066,Andoni Iraola,Oliver Glasner
3991,2024/25,2025-01-04,Bournemouth,Everton,1,0,H,19,9,8,0,1.73,3.75,4.75,26792,2.61852,0.561015,Andoni Iraola,Sean Dyche
4119,2024/25,2025-04-14,Bournemouth,Fulham,1,0,H,12,12,3,7,2.15,3.5,3.3,26912,1.8577,1.07203,Andoni Iraola,Marco Silva
4093,2024/25,2025-04-02,Bournemouth,Ipswich,1,2,A,24,10,7,2,1.36,5.25,7.5,26896,1.99637,1.41263,Andoni Iraola,Kieran McKenna
4171,2024/25,2025-05-25,Bournemouth,Leicester,2,0,H,20,3,7,0,1.33,5.25,8.5,26979,2.72449,0.156702,Andoni Iraola,Ruud van Nistelrooy
4030,2024/25,2025-02-01,Bournemouth,Liverpool,0,2,A,14,19,3,7,4.5,4.33,1.67,26832,1.65273,2.7219,Andoni Iraola,Arne Slot
3891,2024/25,2024-11-02,Bournemouth,Man City,2,1,H,12,18,6,4,5.5,4.2,1.57,26692,2.4493,2.3527,Andoni Iraola,Pep Guardiola
4138,2024/25,2025-04-27,Bournemouth,Man United,1,1,D,8,25,1,6,1.67,4.0,4.5,26932,0.60995,1.91039,Andoni Iraola,Rúben Amorim
3818,2024/25,2024-08-25,Bournemouth,Newcastle,1,1,D,16,14,4,5,2.9,3.8,2.2,26620,2.53513,1.89287,Andoni Iraola,Eddie Howe
4020,2024/25,2025-01-25,Bournemouth,Nott'm Forest,5,0,H,16,18,10,4,2.05,3.7,3.4,26822,2.8254,0.996166,Andoni Iraola,Nuno Espírito Santo
3860,2024/25,2024-09-30,Bournemouth,Southampton,3,1,H,14,9,6,3,1.65,4.1,5.0,26661,1.44215,0.696068,Andoni Iraola,Russell Martin
3939,2024/25,2024-12-05,Bournemouth,Tottenham,1,0,H,21,12,8,4,2.63,3.75,2.45,26732,3.27716,0.623934,Andoni Iraola,Ange Postecoglou
3959,2024/25,2024-12-16,Bournemouth,West Ham,1,1,D,29,16,9,3,1.7,4.0,4.75,26754,2.04842,1.81827,Andoni Iraola,Julen Lopetegui
4055,2024/25,2025-02-22,Bournemouth,Wolves,0,1,A,8,13,3,5,1.53,4.5,5.5,26852,0.629691,2.10124,Andoni Iraola,Vítor Pereira
3989,2024/25,2025-01-01,Brentford,Arsenal,1,3,A,5,14,2,5,6.5,4.75,1.44,26783,0.272604,1.99848,Thomas Frank,Mikel Arteta
4072,2024/25,2025-03-08,Brentford,Aston Villa,0,1,A,13,12,3,4,2.2,3.8,2.9,26872,0.637743,1.29638,Thomas Frank,Unai Emery
3901,2024/25,2024-11-09,Brentford,Bournemouth,3,2,H,12,15,6,3,2.5,3.5,2.7,26702,1.56474,2.49234,Thomas Frank,Andoni Iraola
4122,2024/25,2025-04-19,Brentford,Brighton,4,2,H,16,12,8,3,2.4,3.75,2.63,26923,2.95516,1.24107,Thomas Frank,Fabian Hürzeler
4105,2024/25,2025-04-06,Brentford,Chelsea,0,0,D,9,21,2,5,3.2,3.6,2.15,26903,1.36123,1.47829,Thomas Frank,Enzo Maresca
3808,2024/25,2024-08-18,Brentford,Crystal Palace,2,1,H,9,14,5,6,2.4,3.4,2.9,26609,1.38064,1.14757,Thomas Frank,Oliver Glasner
4066,2024/25,2025-02-26,Brentford,Everton,1,1,D,12,14,3,4,2.0,3.7,3.5,26862,1.34009,1.44955,Thomas Frank,David Moyes
4164,2024/25,2025-05-18,Brentford,Fulham,2,3,A,11,16,6,7,1.91,3.9,3.6,26964,2.43045,1.61741,Thomas Frank,Marco Silva
3883,2024/25,2024-10-26,Brentford,Ipswich,4,3,H,20,11,9,5,1.65,4.33,4.75,26685,4.09663,1.65698,Thomas Frank,Kieran McKenna
3922,2024/25,2024-11-30,Brentford,Leicester,4,1,H,13,7,6,3,1.65,4.2,4.75,26722,2.21885,0.907555,Thomas Frank,Ben Dawson
4011,2024/25,2025-01-18,Brentford,Liverpool,0,2,A,11,37,6,8,6.5,5.0,1.42,26813,1.20021,4.16249,Thomas Frank,Arne Slot
4000,2024/25,2025-01-14,Brentford,Man City,2,2,D,18,21,6,8,4.75,4.2,1.62,26803,2.39088,2.65315,Thomas Frank,Pep Guardiola
4146,2024/25,2025-05-04,Brentford,Man United,4,3,H,12,14,6,5,1.65,4.1,4.75,26947,3.58737,1.13404,Thomas Frank,Rúben Amorim
3942,2024/25,2024-12-07,Brentford,Newcastle,4,2,H,11,16,8,3,2.88,3.75,2.3,26743,1.746,1.95645,Thomas Frank,Eddie Howe
3961,2024/25,2024-12-21,Brentford,Nott'm Forest,0,2,A,7,10,3,6,2.3,3.6,2.9,26766,0.769004,0.964897,Thomas Frank,Nuno Espírito Santo
3822,2024/25,2024-08-31,Brentford,Southampton,3,1,H,20,18,7,6,1.75,3.9,4.33,26623,3.86281,1.64713,Thomas Frank,Russell Martin
4037,2024/25,2025-02-02,Brentford,Tottenham,0,2,A,20,13,4,2,2.1,3.9,3.2,26834,1.66475,0.945355,Thomas Frank,Ange Postecoglou
3852,2024/25,2024-09-28,Brentford,West Ham,1,1,D,8,19,3,3,2.2,3.5,3.2,26656,0.370222,0.878617,Thomas Frank,Julen Lopetegui
3862,2024/25,2024-10-05,Brentford,Wolves,5,3,H,19,17,12,6,2.05,3.6,3.4,26667,4.13513,0.696254,Thomas Frank,Gary O'Neil
3992,2024/25,2025-01-04,Brighton,Arsenal,1,1,D,11,9,4,3,4.33,3.75,1.8,26794,1.76513,1.81142,Fabian Hürzeler,Mikel Arteta
4094,2024/25,2025-04-02,Brighton,Aston Villa,0,3,A,11,8,4,5,2.05,3.8,3.25,26893,0.558009,1.20715,Fabian Hürzeler,Unai Emery
4062,2024/25,2025-02-25,Brighton,Bournemouth,2,1,H,11,19,4,5,2.0,3.8,3.3,26863,2.57927,1.70169,Fabian Hürzeler,Andoni Iraola
3979,2024/25,2024-12-27,Brighton,Brentford,0,0,D,24,8,7,3,1.62,4.33,4.75,26774,1.33538,0.961233,Fabian Hürzeler,Thomas Frank
4041,2024/25,2025-02-14,Brighton,Chelsea,3,0,H,13,8,5,0,2.7,3.6,2.45,26843,2.06892,0.649788,Fabian Hürzeler,Enzo Maresca
3955,2024/25,2024-12-15,Brighton,Crystal Palace,1,3,A,17,13,5,5,1.85,3.8,3.9,26756,1.32323,3.00618,Fabian Hürzeler,Oliver Glasner
4021,2024/25,2025-01-25,Brighton,Everton,0,1,A,16,3,1,1,1.67,3.75,5.5,26824,0.64378,0.870883,Fabian Hürzeler,David Moyes
4073,2024/25,2025-03-08,Brighton,Fulham,2,1,H,9,6,4,1,1.95,3.6,3.75,26873,1.94417,0.708227,Fabian Hürzeler,Marco Silva
3833,2024/25,2024-09-14,Brighton,Ipswich,0,0,D,21,6,6,1,1.38,5.0,7.5,26633,1.75696,0.721323,Fabian Hürzeler,Kieran McKenna
4111,2024/25,2025-04-12,Brighton,Leicester,2,2,D,21,15,7,6,1.29,6.0,10.0,26914,3.6978,1.98444,Fabian Hürzeler,Ruud van Nistelrooy
4168,2024/25,2025-05-19,Brighton,Liverpool,3,2,H,25,18,12,5,2.6,3.75,2.45,26965,2.17789,3.065,Fabian Hürzeler,Arne Slot
3902,2024/25,2024-11-09,Brighton,Man City,2,1,H,10,15,4,6,4.1,4.2,1.73,26703,2.87116,2.60334,Fabian Hürzeler,Pep Guardiola
3812,2024/25,2024-08-24,Brighton,Man United,2,1,H,14,11,5,4,2.5,3.7,2.63,26612,2.14153,1.28556,Fabian Hürzeler,Erik ten Hag
4147,2024/25,2025-05-04,Brighton,Newcastle,1,1,D,5,13,2,5,2.88,3.7,2.3,26944,0.687863,1.63777,Fabian Hürzeler,Eddie Howe
3849,2024/25,2024-09-22,Brighton,Nott'm Forest,2,2,D,14,4,3,3,1.75,3.75,4.75,26650,1.56836,1.36923,Fabian Hürzeler,Nuno Espírito Santo
3921,2024/25,2024-11-29,Brighton,Southampton,1,1,D,22,10,5,2,1.38,5.0,7.5,26723,1.86986,0.934969,Fabian Hürzeler,Russell Martin
3869,2024/25,2024-10-06,Brighton,Tottenham,3,2,H,11,13,4,3,2.9,4.0,2.2,26671,1.97217,1.09279,Fabian Hürzeler,Ange Postecoglou
4133,2024/25,2025-04-26,Brighton,West Ham,3,2,H,16,12,9,4,1.67,4.2,4.75,26934,1.29433,1.24134,Fabian Hürzeler,Graham Potter
3884,2024/25,2024-10-26,Brighton,Wolves,2,2,D,19,14,6,7,1.62,4.5,4.5,26686,1.51347,1.11074,Fabian Hürzeler,Gary O'Neil
3907,2024/25,2024-11-10,Chelsea,Arsenal,1,1,D,17,13,3,3,2.7,3.4,2.55,26705,1.24067,1.9605,Enzo Maresca,Mikel Arteta
3927,2024/25,2024-12-01,Chelsea,Aston Villa,3,0,H,17,10,8,4,1.7,4.1,4.5,26724,1.94939,0.875443,Enzo Maresca,Unai Emery
4001,2024/25,2025-01-14,Chelsea,Bournemouth,2,2,D,26,7,10,3,1.48,4.75,6.0,26809,2.53808,1.14845,Enzo Maresca,Andoni Iraola
3956,2024/25,2024-12-15,Chelsea,Brentford,2,1,H,26,9,8,4,1.33,6.0,7.5,26757,2.59146,1.65861,Enzo Maresca,Thomas Frank
3853,2024/25,2024-09-28,Chelsea,Brighton,4,2,H,15,15,7,5,1.73,4.2,4.2,26657,3.65839,1.20712,Enzo Maresca,Fabian Hürzeler
3828,2024/25,2024-09-01,Chelsea,Crystal Palace,1,1,D,13,9,7,3,1.6,4.33,5.0,26630,2.97743,0.459708,Enzo Maresca,Oliver Glasner
4134,2024/25,2025-04-26,Chelsea,Everton,1,0,H,10,6,7,3,1.55,4.0,6.0,26935,0.768313,0.916838,Enzo Maresca,David Moyes
3971,2024/25,2024-12-26,Chelsea,Fulham,1,2,A,12,14,8,7,1.48,4.75,6.0,26775,1.55626,1.77929,Enzo Maresca,Marco Silva
4115,2024/25,2025-04-13,Chelsea,Ipswich,2,2,D,34,13,9,4,1.27,7.0,8.5,26915,2.90758,1.60301,Enzo Maresca,Kieran McKenna
4078,2024/25,2025-03-09,Chelsea,Leicester,1,0,H,20,3,7,3,1.18,8.0,12.0,26874,1.76844,0.108487,Enzo Maresca,Ruud van Nistelrooy
4148,2024/25,2025-05-04,Chelsea,Liverpool,3,1,H,17,11,7,2,2.15,3.7,3.1,26948,3.51944,1.4267,Enzo Maresca,Arne Slot
3809,2024/25,2024-08-18,Chelsea,Man City,0,2,A,10,11,3,5,4.1,3.9,1.8,26610,1.06123,1.18038,Enzo Maresca,Pep Guardiola
4162,2024/25,2025-05-16,Chelsea,Man United,1,0,H,11,4,3,1,1.44,5.0,6.25,26966,1.29571,0.337632,Enzo Maresca,Rúben Amorim
3888,2024/25,2024-10-27,Chelsea,Newcastle,2,1,H,17,11,7,3,1.73,4.33,4.2,26688,1.61794,1.74225,Enzo Maresca,Eddie Howe
3870,2024/25,2024-10-06,Chelsea,Nott'm Forest,1,1,D,22,16,8,9,1.48,4.5,6.5,26668,2.27752,1.66654,Enzo Maresca,Nuno Espírito Santo
4063,2024/25,2025-02-25,Chelsea,Southampton,4,0,H,19,7,10,2,1.17,8.0,13.0,26869,2.98234,0.845039,Enzo Maresca,Ivan Juric
4099,2024/25,2025-04-03,Chelsea,Tottenham,1,0,H,11,8,5,2,1.65,4.5,4.5,26897,1.30443,1.40274,Enzo Maresca,Ange Postecoglou
4039,2024/25,2025-02-03,Chelsea,West Ham,2,1,H,22,14,3,5,1.36,4.75,8.0,26835,1.39066,1.1868,Enzo Maresca,Graham Potter
4019,2024/25,2025-01-20,Chelsea,Wolves,3,1,H,19,9,7,4,1.36,5.75,6.5,26814,3.14882,1.06726,Enzo Maresca,Vítor Pereira
3962,2024/25,2024-12-21,Crystal Palace,Arsenal,1,5,A,15,14,6,6,6.25,4.2,1.55,26765,1.6052,3.05434,Oliver Glasner,Mikel Arteta
4064,2024/25,2025-02-25,Crystal Palace,Aston Villa,4,1,H,19,6,6,2,2.45,3.4,2.8,26868,4.02522,0.667217,Oliver Glasner,Unai Emery
4123,2024/25,2025-04-19,Crystal Palace,Bournemouth,0,0,D,5,15,0,4,2.45,3.6,2.63,26924,0.337818,0.664093,Oliver Glasner,Andoni Iraola
4027,2024/25,2025-01-26,Crystal Palace,Brentford,1,2,A,16,13,5,6,2.05,3.75,3.3,26825,1.23177,1.92037,Oliver Glasner,Thomas Frank
4101,2024/25,2025-04-05,Crystal Palace,Brighton,2,1,H,8,11,3,5,2.35,3.6,2.8,26904,0.443965,1.27226,Oliver Glasner,Fabian Hürzeler
3993,2024/25,2025-01-04,Crystal Palace,Chelsea,1,1,D,13,15,6,1,3.8,3.75,1.91,26795,1.2766,1.51541,Oliver Glasner,Enzo Maresca
4043,2024/25,2025-02-15,Crystal Palace,Everton,1,2,A,17,11,6,6,1.8,3.4,5.0,26844,2.30646,1.01565,Oliver Glasner,David Moyes
3903,2024/25,2024-11-09,Crystal Palace,Fulham,0,2,A,13,17,5,7,2.7,3.5,2.55,26706,1.96037,2.25331,Oliver Glasner,Marco Silva
4074,2024/25,2025-03-08,Crystal Palace,Ipswich,1,0,H,19,15,4,8,1.45,4.75,6.25,26875,3.13879,1.63282,Oliver Glasner,Kieran McKenna
3834,2024/25,2024-09-14,Crystal Palace,Leicester,2,2,D,20,9,4,4,1.62,4.0,5.5,26636,2.88716,1.65187,Oliver Glasner,Steve Cooper
3863,2024/25,2024-10-05,Crystal Palace,Liverpool,0,1,A,9,16,5,4,6.0,4.5,1.5,26662,0.609481,2.07332,Oliver Glasner,Arne Slot
3943,2024/25,2024-12-07,Crystal Palace,Man City,2,2,D,12,12,3,4,5.5,4.2,1.57,26747,1.21476,1.5846,Oliver Glasner,Pep Guardiola
3842,2024/25,2024-09-21,Crystal Palace,Man United,0,0,D,9,15,4,6,2.88,3.75,2.3,26649,1.66928,2.35056,Oliver Glasner,Erik ten Hag
3923,2024/25,2024-11-30,Crystal Palace,Newcastle,1,1,D,16,1,4,0,2.9,3.6,2.3,26725,2.29595,0.020989,Oliver Glasner,Eddie Howe
4150,2024/25,2025-05-05,Crystal Palace,Nott'm Forest,1,1,D,20,12,3,4,2.25,3.4,3.2,26949,2.34037,0.63684,Oliver Glasner,Nuno Espírito Santo
3980,2024/25,2024-12-29,Crystal Palace,Southampton,2,1,H,19,7,10,3,1.57,3.9,5.5,26784,3.05417,1.21853,Oliver Glasner,Ivan Juric
3889,2024/25,2024-10-27,Crystal Palace,Tottenham,1,0,H,14,11,6,3,3.9,4.0,1.83,26689,0.978611,1.0192,Oliver Glasner,Ange Postecoglou
3813,2024/25,2024-08-24,Crystal Palace,West Ham,0,2,A,14,18,2,3,2.15,3.6,3.2,26613,1.3761,1.53421,Oliver Glasner,Julen Lopetegui
4169,2024/25,2025-05-20,Crystal Palace,Wolves,4,2,H,14,12,10,3,2.25,3.3,3.2,26967,1.68451,1.42886,Oliver Glasner,Vítor Pereira
4102,2024/25,2025-04-05,Everton,Arsenal,1,1,D,5,14,2,5,5.25,3.25,1.75,26905,1.22875,1.4031,David Moyes,Mikel Arteta
4005,2024/25,2025-01-15,Everton,Aston Villa,0,1,A,10,11,3,3,3.25,3.2,2.3,26804,1.23126,1.28522,David Moyes,Unai Emery
3823,2024/25,2024-08-31,Everton,Bournemouth,2,3,A,18,17,8,7,2.75,3.4,2.55,26624,2.55629,2.95688,Sean Dyche,Andoni Iraola
3914,2024/25,2024-11-23,Everton,Brentford,0,0,D,27,9,5,2,2.45,3.4,2.88,26715,1.5951,1.34314,Sean Dyche,Thomas Frank
3803,2024/25,2024-08-17,Everton,Brighton,0,3,A,9,10,1,5,2.63,3.3,2.63,26605,0.405325,1.79083,Sean Dyche,Fabian Hürzeler
3965,2024/25,2024-12-22,Everton,Chelsea,0,0,D,5,12,4,5,5.0,4.2,1.62,26764,1.07081,1.51591,Sean Dyche,Enzo Maresca
3854,2024/25,2024-09-28,Everton,Crystal Palace,2,1,H,8,17,2,5,2.7,3.3,2.63,26654,1.10959,1.12358,Sean Dyche,Oliver Glasner
3885,2024/25,2024-10-26,Everton,Fulham,1,1,D,10,14,5,3,2.75,3.25,2.63,26687,0.884845,1.49531,Sean Dyche,Marco Silva
4144,2024/25,2025-05-03,Everton,Ipswich,2,2,D,8,12,3,5,1.45,4.33,6.5,26950,0.808481,1.14351,David Moyes,Kieran McKenna
4031,2024/25,2025-02-01,Everton,Leicester,4,0,H,13,9,7,1,1.75,3.75,4.5,26836,3.11261,0.447136,David Moyes,Ruud van Nistelrooy
4040,2024/25,2025-02-12,Everton,Liverpool,2,2,D,10,6,3,4,7.5,4.5,1.44,26748,0.910523,0.929103,David Moyes,Arne Slot
4124,2024/25,2025-04-19,Everton,Man City,0,2,A,8,12,3,7,3.7,3.6,1.91,26925,0.81683,1.87989,David Moyes,Pep Guardiola
4056,2024/25,2025-02-22,Everton,Man United,2,2,D,9,9,8,3,2.5,3.2,2.9,26855,2.10444,0.645685,David Moyes,Rúben Amorim
3864,2024/25,2024-10-05,Everton,Newcastle,0,0,D,8,14,2,3,3.2,3.6,2.2,26669,0.692214,1.79048,Sean Dyche,Eddie Howe
3981,2024/25,2024-12-29,Everton,Nott'm Forest,0,2,A,13,11,2,7,2.6,3.2,2.8,26785,0.615191,2.02753,Sean Dyche,Nuno Espírito Santo
4165,2024/25,2025-05-18,Everton,Southampton,2,0,H,13,6,5,2,1.4,4.75,7.5,26968,2.67793,1.05025,David Moyes,Simon Rusk
4015,2024/25,2025-01-19,Everton,Tottenham,3,2,H,12,11,6,6,2.8,3.5,2.45,26815,2.56089,1.35719,David Moyes,Ange Postecoglou
4083,2024/25,2025-03-15,Everton,West Ham,1,1,D,13,10,5,5,2.05,3.2,3.9,26885,1.189,0.516029,David Moyes,Graham Potter
3935,2024/25,2024-12-04,Everton,Wolves,4,0,H,13,6,4,2,2.1,3.4,3.5,26735,1.49904,0.847724,Sean Dyche,Gary O'Neil
3945,2024/25,2024-12-08,Fulham,Arsenal,1,1,D,2,12,2,4,5.0,4.33,1.6,26749,0.150988,2.4333,Marco Silva,Mikel Arteta
3872,2024/25,2024-10-19,Fulham,Aston Villa,1,3,A,10,14,4,5,2.45,3.5,2.8,26673,2.63074,1.43595,Marco Silva,Unai Emery
3982,2024/25,2024-12-29,Fulham,Bournemouth,2,2,D,11,16,6,9,2.3,3.6,2.88,26786,0.961566,1.70692,Marco Silva,Andoni Iraola
3900,2024/25,2024-11-04,Fulham,Brentford,2,1,H,26,5,12,2,2.0,3.7,3.5,26693,1.43017,0.739231,Marco Silva,Thomas Frank
3940,2024/25,2024-12-05,Fulham,Brighton,3,1,H,6,13,2,3,2.35,3.6,2.88,26736,0.666644,1.09939,Marco Silva,Fabian Hürzeler
4126,2024/25,2025-04-20,Fulham,Chelsea,1,2,A,6,13,1,8,2.7,3.7,2.35,26926,0.306122,0.75172,Marco Silva,Enzo Maresca
4057,2024/25,2025-02-22,Fulham,Crystal Palace,0,2,A,10,10,0,5,2.05,3.4,3.7,26856,0.23426,1.46203,Marco Silva,Oliver Glasner
4152,2024/25,2025-05-10,Fulham,Everton,1,3,A,18,11,6,7,1.82,3.4,4.5,26953,1.20869,1.32604,Marco Silva,David Moyes
3997,2024/25,2025-01-05,Fulham,Ipswich,2,2,D,15,7,4,3,1.55,4.2,5.75,26796,2.65469,1.4434,Marco Silva,Kieran McKenna
3814,2024/25,2024-08-24,Fulham,Leicester,2,1,H,18,10,6,4,1.8,3.75,4.2,26614,1.96218,0.857005,Marco Silva,Steve Cooper
4106,2024/25,2025-04-06,Fulham,Liverpool,3,2,H,12,14,6,6,4.5,3.5,1.83,26906,1.72764,1.40638,Marco Silva,Arne Slot
4172,2024/25,2025-05-25,Fulham,Man City,0,2,A,13,20,3,5,5.0,4.2,1.6,26981,2.21797,2.45923,Marco Silva,Pep Guardiola
4028,2024/25,2025-01-26,Fulham,Man United,0,1,A,9,4,3,1,2.3,3.4,3.1,26826,0.560571,0.201988,Marco Silva,Rúben Amorim
3843,2024/25,2024-09-21,Fulham,Newcastle,3,1,H,22,15,11,4,3.0,3.4,2.4,26646,3.21141,1.09768,Marco Silva,Eddie Howe
4044,2024/25,2025-02-15,Fulham,Nott'm Forest,2,1,H,24,8,10,2,2.2,3.4,3.3,26845,2.20993,0.331301,Marco Silva,Nuno Espírito Santo
3966,2024/25,2024-12-22,Fulham,Southampton,0,0,D,16,5,5,1,1.42,4.75,7.0,26763,1.25255,0.280031,Marco Silva,Simon Rusk
4088,2024/25,2025-03-16,Fulham,Tottenham,2,0,H,13,12,4,4,2.0,3.75,3.6,26886,1.03966,1.40865,Marco Silva,Ange Postecoglou
3835,2024/25,2024-09-14,Fulham,West Ham,1,1,D,21,11,5,3,2.38,3.25,3.0,26634,2.88601,0.682719,Marco Silva,Julen Lopetegui
3915,2024/25,2024-11-23,Fulham,Wolves,1,4,A,10,10,3,5,1.62,4.0,5.25,26717,0.717158,1.33903,Marco Silva,Gary O'Neil
4127,2024/25,2025-04-20,Ipswich,Arsenal,0,4,A,4,24,0,7,8.0,4.5,1.4,26927,0.192879,2.81362,Kieran McKenna,Mikel Arteta
3858,2024/25,2024-09-29,Ipswich,Aston Villa,2,2,D,15,7,5,3,4.0,3.75,1.85,26659,1.84608,1.14494,Kieran McKenna,Unai Emery
3946,2024/25,2024-12-08,Ipswich,Bournemouth,1,2,A,18,22,5,6,3.5,3.75,2.0,26750,1.5668,3.49127,Kieran McKenna,Andoni Iraola
4153,2024/25,2025-05-10,Ipswich,Brentford,0,1,A,11,15,4,5,5.0,4.0,1.65,26954,0.717433,1.32077,Kieran McKenna,Thomas Frank
4008,2024/25,2025-01-16,Ipswich,Brighton,0,2,A,5,11,3,5,3.9,3.7,1.91,26805,0.268127,1.06343,Kieran McKenna,Fabian Hürzeler
3987,2024/25,2024-12-30,Ipswich,Chelsea,2,0,H,9,20,6,5,6.5,4.75,1.42,26787,1.50093,1.60622,Kieran McKenna,Enzo Maresca
3931,2024/25,2024-12-03,Ipswich,Crystal Palace,0,1,A,9,13,2,3,3.0,3.4,2.35,26737,0.471708,1.65422,Kieran McKenna,Oliver Glasner
3873,2024/25,2024-10-19,Ipswich,Everton,0,2,A,13,11,2,8,2.38,3.3,3.0,26674,1.174,1.60804,Kieran McKenna,Sean Dyche
3824,2024/25,2024-08-31,Ipswich,Fulham,1,1,D,11,9,4,4,3.0,3.5,2.3,26625,0.707048,1.18883,Kieran McKenna,Marco Silva
3892,2024/25,2024-11-02,Ipswich,Leicester,1,1,D,14,20,2,6,2.25,3.5,3.1,26695,1.33617,2.33858,Kieran McKenna,Steve Cooper
3804,2024/25,2024-08-17,Ipswich,Liverpool,0,2,A,7,18,2,5,8.5,5.5,1.33,26603,0.342601,3.92906,Kieran McKenna,Arne Slot
4016,2024/25,2025-01-19,Ipswich,Man City,0,6,A,8,17,4,9,7.5,5.25,1.36,26816,0.795637,3.20228,Kieran McKenna,Pep Guardiola
3918,2024/25,2024-11-24,Ipswich,Man United,1,1,D,11,11,6,4,5.25,4.0,1.62,26718,1.98714,1.26912,Kieran McKenna,Rúben Amorim
3963,2024/25,2024-12-21,Ipswich,Newcastle,0,4,A,10,15,2,7,4.75,3.75,1.73,26771,1.06427,3.23386,Kieran McKenna,Eddie Howe
4084,2024/25,2025-03-15,Ipswich,Nott'm Forest,2,4,A,11,11,4,6,3.75,3.5,2.0,26887,0.520839,1.30722,Kieran McKenna,Nuno Espírito Santo
4032,2024/25,2025-02-01,Ipswich,Southampton,1,2,A,15,9,6,4,1.95,3.6,3.8,26837,1.94845,1.17566,Kieran McKenna,Ivan Juric
4058,2024/25,2025-02-22,Ipswich,Tottenham,1,4,A,17,10,5,6,4.1,3.6,1.9,26857,1.15389,1.58741,Kieran McKenna,Ange Postecoglou
4173,2024/25,2025-05-25,Ipswich,West Ham,1,3,A,14,10,4,6,3.0,3.8,2.2,26980,0.893095,0.967379,Kieran McKenna,Graham Potter
4103,2024/25,2025-04-05,Ipswich,Wolves,1,2,A,6,22,2,7,2.7,3.25,2.63,26907,0.872356,2.8096,Kieran McKenna,Vítor Pereira
4045,2024/25,2025-02-15,Leicester,Arsenal,0,2,A,6,11,2,5,8.5,5.0,1.33,26846,0.233209,1.75,Ruud van Nistelrooy,Mikel Arteta
3825,2024/25,2024-08-31,Leicester,Aston Villa,1,2,A,9,10,3,5,4.5,4.0,1.7,26626,0.774741,2.16385,Steve Cooper,Unai Emery
3865,2024/25,2024-10-05,Leicester,Bournemouth,1,0,H,6,17,2,2,3.1,3.75,2.15,26663,0.912063,1.94963,Steve Cooper,Andoni Iraola
4052,2024/25,2025-02-21,Leicester,Brentford,0,4,A,8,14,3,6,3.6,3.8,1.91,26858,0.727901,2.03465,Ruud van Nistelrooy,Thomas Frank
3947,2024/25,2024-12-08,Leicester,Brighton,2,2,D,10,16,3,7,4.5,3.8,1.73,26751,1.42438,1.12184,Ruud van Nistelrooy,Fabian Hürzeler
3916,2024/25,2024-11-23,Leicester,Chelsea,1,2,A,4,16,1,7,6.5,4.75,1.44,26719,0.967987,2.81658,Steve Cooper,Enzo Maresca
4006,2024/25,2025-01-15,Leicester,Crystal Palace,0,2,A,21,9,4,4,3.9,3.6,1.91,26806,2.09904,2.2647,Ruud van Nistelrooy,Oliver Glasner
3844,2024/25,2024-09-21,Leicester,Everton,1,1,D,12,16,2,5,2.45,3.4,2.88,26644,1.33793,1.82377,Steve Cooper,Sean Dyche
4012,2024/25,2025-01-18,Leicester,Fulham,0,2,A,8,17,4,2,4.33,3.7,1.8,26817,0.676934,2.36823,Ruud van Nistelrooy,Marco Silva
4166,2024/25,2025-05-18,Leicester,Ipswich,2,0,H,9,20,3,2,2.3,3.6,2.9,26969,0.788544,1.36957,Ruud van Nistelrooy,Kieran McKenna
4128,2024/25,2025-04-20,Leicester,Liverpool,0,1,A,5,28,0,10,11.0,6.25,1.22,26928,0.232205,4.52706,Ruud van Nistelrooy,Arne Slot
3983,2024/25,2024-12-29,Leicester,Man City,0,2,A,11,14,4,5,7.5,5.5,1.36,26788,1.84208,1.58002,Ruud van Nistelrooy,Pep Guardiola
4089,2024/25,2025-03-16,Leicester,Man United,0,3,A,11,18,3,5,4.5,3.5,1.83,26888,1.30455,1.13892,Ruud van Nistelrooy,Rúben Amorim
4109,2024/25,2025-04-07,Leicester,Newcastle,0,3,A,7,16,2,5,6.5,4.2,1.48,26908,0.354575,3.44111,Ruud van Nistelrooy,Eddie Howe
3881,2024/25,2024-10-25,Leicester,Nott'm Forest,1,3,A,11,20,1,5,3.0,3.3,2.4,26682,0.832415,2.54488,Steve Cooper,Nuno Espírito Santo
4145,2024/25,2025-05-03,Leicester,Southampton,2,0,H,14,8,4,2,2.3,3.6,2.88,26951,1.60739,0.550774,Ruud van Nistelrooy,Simon Rusk
3810,2024/25,2024-08-19,Leicester,Tottenham,1,1,D,7,15,3,7,5.0,4.33,1.62,26611,1.02614,1.40775,Steve Cooper,Ange Postecoglou
3932,2024/25,2024-12-03,Leicester,West Ham,3,1,H,8,31,6,10,2.9,3.4,2.38,26738,2.78061,2.87716,Ruud van Nistelrooy,Julen Lopetegui
3967,2024/25,2024-12-22,Leicester,Wolves,0,3,A,9,8,5,4,2.55,3.4,2.7,26770,0.78868,1.13531,Ruud van Nistelrooy,Vítor Pereira
4156,2024/25,2025-05-11,Liverpool,Arsenal,2,2,D,14,15,5,7,2.0,3.6,3.6,26952,2.74682,2.18795,Arne Slot,Mikel Arteta
3904,2024/25,2024-11-09,Liverpool,Aston Villa,2,0,H,14,12,5,2,1.42,5.25,6.5,26707,2.68196,1.66337,Arne Slot,Unai Emery
3845,2024/25,2024-09-21,Liverpool,Bournemouth,3,0,H,19,19,13,6,1.3,6.25,9.0,26645,2.43731,1.46979,Arne Slot,Andoni Iraola
3819,2024/25,2024-08-25,Liverpool,Brentford,2,0,H,19,8,8,2,1.27,5.75,11.0,26621,2.71877,0.457239,Arne Slot,Thomas Frank
3893,2024/25,2024-11-02,Liverpool,Brighton,2,1,H,16,13,8,5,1.4,5.0,7.5,26696,1.81037,1.01568,Arne Slot,Fabian Hürzeler
3878,2024/25,2024-10-20,Liverpool,Chelsea,2,1,H,9,12,5,2,1.62,4.1,5.0,26679,2.22517,1.33904,Arne Slot,Enzo Maresca
4174,2024/25,2025-05-25,Liverpool,Crystal Palace,1,1,D,14,8,3,5,1.4,6.0,5.75,26975,1.92122,1.4144,Arne Slot,Oliver Glasner
4095,2024/25,2025-04-02,Liverpool,Everton,1,0,H,17,5,3,0,1.36,5.0,8.0,26901,1.29718,0.823136,Arne Slot,David Moyes
3951,2024/25,2024-12-14,Liverpool,Fulham,2,2,D,16,12,4,3,1.33,5.5,8.0,26752,2.09698,1.2862,Arne Slot,Marco Silva
4022,2024/25,2025-01-25,Liverpool,Ipswich,4,1,H,16,3,6,3,1.08,12.0,15.0,26827,2.16809,0.804707,Arne Slot,Kieran McKenna
3972,2024/25,2024-12-26,Liverpool,Leicester,3,1,H,19,4,7,1,1.08,12.0,23.0,26776,1.89935,0.22097,Arne Slot,Ruud van Nistelrooy
3928,2024/25,2024-12-01,Liverpool,Man City,2,0,H,18,8,7,2,2.1,3.6,3.3,26726,3.70054,0.745015,Arne Slot,Pep Guardiola
3998,2024/25,2025-01-05,Liverpool,Man United,2,2,D,19,13,6,4,1.29,6.25,8.0,26797,2.862,1.67469,Arne Slot,Rúben Amorim
4067,2024/25,2025-02-26,Liverpool,Newcastle,2,0,H,12,3,3,0,1.5,4.5,5.75,26870,1.40027,0.45882,Arne Slot,Eddie Howe
3836,2024/25,2024-09-14,Liverpool,Nott'm Forest,0,1,A,14,5,5,3,1.22,6.5,12.0,26635,1.17044,0.589532,Arne Slot,Nuno Espírito Santo
4075,2024/25,2025-03-08,Liverpool,Southampton,3,1,H,28,6,7,4,1.1,9.0,19.0,26876,4.98996,0.511566,Arne Slot,Ivan Juric
4139,2024/25,2025-04-27,Liverpool,Tottenham,5,1,H,25,8,8,3,1.25,6.0,11.0,26936,2.51104,0.512812,Arne Slot,Ange Postecoglou
4116,2024/25,2025-04-13,Liverpool,West Ham,2,1,H,15,11,6,4,1.3,6.0,8.0,26916,1.42902,1.46598,Arne Slot,Graham Potter
4049,2024/25,2025-02-16,Liverpool,Wolves,2,1,H,10,16,3,4,1.15,8.0,12.0,26847,1.86758,1.05329,Arne Slot,Vítor Pereira
3850,2024/25,2024-09-22,Man City,Arsenal,2,2,D,33,5,11,3,1.8,3.6,4.5,26651,2.75588,1.28411,Pep Guardiola,Mikel Arteta
4131,2024/25,2025-04-22,Man City,Aston Villa,2,1,H,14,7,6,3,1.8,4.1,3.9,26937,1.36232,1.85906,Pep Guardiola,Unai Emery
4170,2024/25,2025-05-20,Man City,Bournemouth,3,1,H,12,8,5,2,1.55,4.33,5.75,26970,1.59779,0.962014,Pep Guardiola,Andoni Iraola
3837,2024/25,2024-09-14,Man City,Brentford,2,1,H,18,8,7,5,1.18,8.0,12.0,26637,1.55279,1.05094,Pep Guardiola,Thomas Frank
4085,2024/25,2025-03-15,Man City,Brighton,2,2,D,11,15,3,3,1.67,4.33,4.5,26889,2.02642,2.11119,Pep Guardiola,Fabian Hürzeler
4023,2024/25,2025-01-25,Man City,Chelsea,3,1,H,15,10,6,4,2.05,4.0,3.3,26828,2.23213,1.49843,Pep Guardiola,Enzo Maresca
4112,2024/25,2025-04-12,Man City,Crystal Palace,5,2,H,21,8,9,3,1.5,4.75,5.75,26917,4.59724,1.33808,Pep Guardiola,Oliver Glasner
3973,2024/25,2024-12-26,Man City,Everton,1,1,D,24,8,5,3,1.33,5.5,7.5,26777,2.51965,0.653289,Pep Guardiola,Sean Dyche
3866,2024/25,2024-10-05,Man City,Fulham,3,2,H,20,11,7,4,1.25,7.0,9.5,26664,1.36684,2.75846,Pep Guardiola,Marco Silva
3815,2024/25,2024-08-24,Man City,Ipswich,4,1,H,14,1,5,1,1.08,12.0,21.0,26615,3.07818,0.479999,Pep Guardiola,Kieran McKenna
4096,2024/25,2025-04-02,Man City,Leicester,2,0,H,18,2,5,0,1.2,8.0,10.0,26898,2.07165,0.104741,Pep Guardiola,Ruud van Nistelrooy
4060,2024/25,2025-02-23,Man City,Liverpool,0,2,A,16,8,5,4,2.88,3.8,2.25,26859,0.58248,0.807058,Pep Guardiola,Arne Slot
3957,2024/25,2024-12-15,Man City,Man United,1,2,A,10,10,3,3,1.57,4.5,5.0,26753,0.638103,2.04662,Pep Guardiola,Rúben Amorim
4046,2024/25,2025-02-15,Man City,Newcastle,4,0,H,11,3,7,1,1.95,4.2,3.3,26848,2.12004,0.157211,Pep Guardiola,Eddie Howe
3936,2024/25,2024-12-04,Man City,Nott'm Forest,3,0,H,17,12,7,3,1.36,4.75,9.0,26739,3.20169,0.802155,Pep Guardiola,Nuno Espírito Santo
3886,2024/25,2024-10-26,Man City,Southampton,1,0,H,22,5,8,2,1.11,10.0,17.0,26683,3.16286,0.369989,Pep Guardiola,Russell Martin
3917,2024/25,2024-11-23,Man City,Tottenham,0,4,A,23,9,5,7,1.48,4.75,6.0,26720,2.15899,3.30449,Pep Guardiola,Ange Postecoglou
3994,2024/25,2025-01-04,Man City,West Ham,4,1,H,10,17,7,4,1.3,6.25,7.5,26798,1.97986,1.53286,Pep Guardiola,Julen Lopetegui
4141,2024/25,2025-05-02,Man City,Wolves,1,0,H,9,6,2,1,1.4,4.75,7.5,26942,0.859463,0.622455,Pep Guardiola,Vítor Pereira
4079,2024/25,2025-03-09,Man United,Arsenal,1,1,D,10,17,6,6,5.75,3.5,1.7,26877,1.31107,1.82996,Rúben Amorim,Mikel Arteta
4175,2024/25,2025-05-25,Man United,Aston Villa,2,0,H,25,6,10,1,4.33,4.2,1.7,26974,2.96259,0.335222,Rúben Amorim,Unai Emery
3968,2024/25,2024-12-22,Man United,Bournemouth,0,3,A,23,10,7,5,1.8,3.8,4.2,26769,2.28533,1.82831,Rúben Amorim,Andoni Iraola
3874,2024/25,2024-10-19,Man United,Brentford,2,1,H,23,8,11,2,1.7,4.2,4.5,26675,1.76555,0.892843,Erik ten Hag,Thomas Frank
4017,2024/25,2025-01-19,Man United,Brighton,1,3,A,10,6,1,3,2.1,3.6,3.3,26818,1.31823,2.17172,Rúben Amorim,Fabian Hürzeler
3898,2024/25,2024-11-03,Man United,Chelsea,1,1,D,11,12,4,3,2.6,3.5,2.6,26697,2.1605,1.21071,Ruud van Nistelrooy,Enzo Maresca
4038,2024/25,2025-02-02,Man United,Crystal Palace,0,2,A,17,11,2,3,2.0,3.5,3.8,26838,1.50706,2.44633,Rúben Amorim,Oliver Glasner
3929,2024/25,2024-12-01,Man United,Everton,4,0,H,11,8,5,2,1.53,4.2,6.0,26727,1.76161,0.766749,Rúben Amorim,Sean Dyche
3801,2024/25,2024-08-16,Man United,Fulham,1,0,H,14,10,5,2,1.6,4.2,5.25,26602,2.04268,0.418711,Erik ten Hag,Marco Silva
4068,2024/25,2025-02-26,Man United,Ipswich,3,2,H,10,12,6,3,1.53,4.33,6.0,26871,1.40202,1.04498,Rúben Amorim,Kieran McKenna
3908,2024/25,2024-11-10,Man United,Leicester,3,0,H,13,6,3,5,1.38,5.5,6.5,26708,1.2369,0.417295,Ruud van Nistelrooy,Steve Cooper
3829,2024/25,2024-09-01,Man United,Liverpool,0,3,A,8,11,3,3,3.7,4.2,1.85,26631,1.50087,2.10397,Erik ten Hag,Arne Slot
4107,2024/25,2025-04-06,Man United,Man City,0,0,D,13,9,2,5,3.4,3.6,2.1,26909,1.23317,0.687894,Rúben Amorim,Pep Guardiola
3988,2024/25,2024-12-30,Man United,Newcastle,0,2,A,10,12,0,4,2.75,3.5,2.55,26789,1.00073,2.2424,Rúben Amorim,Eddie Howe
3944,2024/25,2024-12-07,Man United,Nott'm Forest,2,3,A,17,11,7,3,1.65,3.9,5.25,26744,1.4697,0.651217,Rúben Amorim,Nuno Espírito Santo
4009,2024/25,2025-01-16,Man United,Southampton,3,1,H,23,13,9,5,1.29,6.0,9.5,26811,3.10847,1.36705,Rúben Amorim,Ivan Juric
3859,2024/25,2024-09-29,Man United,Tottenham,0,3,A,11,24,2,10,2.35,3.75,2.75,26660,0.600721,5.4072,Erik ten Hag,Ange Postecoglou
4157,2024/25,2025-05-11,Man United,West Ham,0,2,A,20,9,5,4,1.9,3.6,4.0,26956,2.31287,2.15985,Rúben Amorim,Graham Potter
4129,2024/25,2025-04-20,Man United,Wolves,0,1,A,12,4,2,2,2.0,3.6,3.6,26929,1.13966,0.187814,Rúben Amorim,Vítor Pereira
3894,2024/25,2024-11-02,Newcastle,Arsenal,1,0,H,9,10,4,1,3.75,3.75,1.95,26694,0.859715,0.911305,Eddie Howe,Mikel Arteta
3974,2024/25,2024-12-26,Newcastle,Aston Villa,3,0,H,22,4,8,1,1.91,3.8,3.75,26778,2.82867,0.225522,Eddie Howe,Unai Emery
4013,2024/25,2025-01-18,Newcastle,Bournemouth,1,4,A,13,19,5,10,1.62,4.2,5.0,26819,0.837801,2.70174,Eddie Howe,Andoni Iraola
4097,2024/25,2025-04-02,Newcastle,Brentford,2,1,H,21,12,4,3,1.73,4.5,4.0,26899,2.26584,1.53201,Eddie Howe,Thomas Frank
3875,2024/25,2024-10-19,Newcastle,Brighton,0,1,A,21,10,6,5,1.95,3.7,3.6,26676,1.93657,1.6779,Eddie Howe,Fabian Hürzeler
4158,2024/25,2025-05-11,Newcastle,Chelsea,2,0,H,15,10,6,3,2.1,3.75,3.1,26957,1.6703,0.646426,Eddie Howe,Enzo Maresca
4120,2024/25,2025-04-16,Newcastle,Crystal Palace,5,0,H,14,11,7,4,1.67,3.9,5.0,26890,2.32947,2.37548,Eddie Howe,Oliver Glasner
4176,2024/25,2025-05-25,Newcastle,Everton,0,1,A,17,14,6,6,1.33,5.5,8.5,26973,1.1591,1.07279,Eddie Howe,David Moyes
4033,2024/25,2025-02-01,Newcastle,Fulham,1,2,A,11,15,4,4,1.7,4.0,4.75,26839,1.22716,1.60881,Eddie Howe,Marco Silva
4135,2024/25,2025-04-26,Newcastle,Ipswich,3,0,H,25,4,5,0,1.18,7.5,13.0,26938,4.11539,0.127203,Eddie Howe,Kieran McKenna
3952,2024/25,2024-12-14,Newcastle,Leicester,4,0,H,27,4,11,1,1.3,6.0,8.5,26760,3.95461,0.186759,Eddie Howe,Ruud van Nistelrooy
3937,2024/25,2024-12-04,Newcastle,Liverpool,3,3,D,17,16,6,5,4.2,4.0,1.75,26740,1.52057,2.22766,Eddie Howe,Arne Slot
3855,2024/25,2024-09-28,Newcastle,Man City,1,1,D,11,16,4,6,5.25,4.33,1.6,26652,1.34344,1.26516,Eddie Howe,Pep Guardiola
4117,2024/25,2025-04-13,Newcastle,Man United,4,1,H,13,9,6,5,1.65,4.2,4.75,26918,2.6383,0.786568,Eddie Howe,Rúben Amorim
4061,2024/25,2025-02-23,Newcastle,Nott'm Forest,4,3,H,13,17,5,5,1.8,3.8,4.2,26860,3.45858,2.38603,Eddie Howe,Nuno Espírito Santo
3805,2024/25,2024-08-17,Newcastle,Southampton,1,0,H,3,19,1,4,1.36,5.25,8.0,26606,0.433489,1.95483,Eddie Howe,Russell Martin
3830,2024/25,2024-09-01,Newcastle,Tottenham,2,1,H,9,20,3,6,2.5,4.0,2.5,26629,1.58694,1.63304,Eddie Howe,Ange Postecoglou
3920,2024/25,2024-11-25,Newcastle,West Ham,0,2,A,18,15,2,6,1.5,4.5,6.0,26713,1.49781,0.942824,Eddie Howe,Julen Lopetegui
4007,2024/25,2025-01-15,Newcastle,Wolves,3,0,H,17,13,5,7,1.36,5.5,8.0,26810,2.13327,1.47433,Eddie Howe,Vítor Pereira
4069,2024/25,2025-02-26,Nott'm Forest,Arsenal,0,0,D,6,13,2,1,3.9,3.6,1.95,26864,0.508611,1.31766,Nuno Espírito Santo,Mikel Arteta
3953,2024/25,2024-12-14,Nott'm Forest,Aston Villa,2,1,H,17,8,6,2,2.63,3.3,2.7,26761,2.2861,0.389423,Nuno Espírito Santo,Unai Emery
3806,2024/25,2024-08-17,Nott'm Forest,Bournemouth,1,1,D,14,13,8,4,2.45,3.5,2.8,26607,1.24405,1.90915,Nuno Espírito Santo,Andoni Iraola
4140,2024/25,2025-05-01,Nott'm Forest,Brentford,0,2,A,14,11,5,3,2.15,3.5,3.25,26939,0.670607,1.52054,Nuno Espírito Santo,Thomas Frank
4034,2024/25,2025-02-01,Nott'm Forest,Brighton,7,0,H,14,10,9,5,2.38,3.5,2.8,26840,4.0677,0.756296,Nuno Espírito Santo,Fabian Hürzeler
4177,2024/25,2025-05-25,Nott'm Forest,Chelsea,0,1,A,10,6,2,2,3.0,3.75,2.2,26972,1.58014,1.30874,Nuno Espírito Santo,Enzo Maresca
3880,2024/25,2024-10-21,Nott'm Forest,Crystal Palace,1,0,H,20,20,6,7,2.3,3.5,3.0,26677,1.88573,0.835001,Rui Pedro Silva,Oliver Glasner
4113,2024/25,2025-04-12,Nott'm Forest,Everton,0,1,A,10,13,5,5,2.1,3.3,3.7,26920,0.423949,1.26036,Nuno Espírito Santo,David Moyes
3856,2024/25,2024-09-28,Nott'm Forest,Fulham,0,1,A,11,14,1,2,2.38,3.3,3.0,26653,0.614351,1.43592,Nuno Espírito Santo,Marco Silva
3924,2024/25,2024-11-30,Nott'm Forest,Ipswich,1,0,H,12,7,5,3,1.7,3.8,4.75,26728,1.76587,0.462771,Nuno Espírito Santo,Kieran McKenna
4159,2024/25,2025-05-11,Nott'm Forest,Leicester,2,2,D,15,10,4,6,1.33,5.25,8.0,26958,1.76909,1.22949,Nuno Espírito Santo,Ruud van Nistelrooy
4002,2024/25,2025-01-14,Nott'm Forest,Liverpool,1,1,D,6,23,3,7,5.25,4.1,1.62,26807,0.5292,2.72291,Nuno Espírito Santo,Arne Slot
4076,2024/25,2025-03-08,Nott'm Forest,Man City,1,0,H,9,14,4,3,4.0,3.75,1.85,26878,0.501476,0.721234,Nuno Espírito Santo,Pep Guardiola
4091,2024/25,2025-04-01,Nott'm Forest,Man United,1,0,H,8,23,2,6,2.3,3.4,3.1,26894,0.512063,1.86688,Nuno Espírito Santo,Rúben Amorim
3909,2024/25,2024-11-10,Nott'm Forest,Newcastle,1,3,A,9,17,3,6,2.7,3.3,2.7,26704,1.17852,1.86904,Nuno Espírito Santo,Eddie Howe
4018,2024/25,2025-01-19,Nott'm Forest,Southampton,3,2,H,14,10,5,4,1.38,4.75,8.0,26820,2.36419,1.25922,Nuno Espírito Santo,Ivan Juric
3975,2024/25,2024-12-26,Nott'm Forest,Tottenham,1,0,H,10,13,3,4,2.3,3.75,2.88,26779,1.30018,1.05758,Nuno Espírito Santo,Ange Postecoglou
3895,2024/25,2024-11-02,Nott'm Forest,West Ham,3,0,H,19,4,6,2,2.15,3.5,3.4,26698,2.35011,0.132317,Rui Pedro Silva,Julen Lopetegui
3826,2024/25,2024-08-31,Nott'm Forest,Wolves,1,1,D,16,11,5,3,2.0,3.7,3.7,26627,1.41069,0.937632,Nuno Espírito Santo,Gary O'Neil
4178,2024/25,2025-05-25,Southampton,Arsenal,1,2,A,7,23,2,8,8.5,6.0,1.3,26977,0.598144,2.40711,Simon Rusk,Mikel Arteta
4114,2024/25,2025-04-12,Southampton,Aston Villa,0,3,A,7,25,2,10,6.0,4.2,1.55,26921,0.412256,2.99927,Simon Rusk,Unai Emery
4047,2024/25,2025-02-15,Southampton,Bournemouth,1,3,A,11,14,4,7,6.0,4.5,1.5,26849,0.974418,2.08722,Ivan Juric,Andoni Iraola
3995,2024/25,2025-01-04,Southampton,Brentford,0,5,A,8,20,1,11,3.0,3.4,2.4,26799,0.249614,5.54874,Ivan Juric,Thomas Frank
4059,2024/25,2025-02-22,Southampton,Brighton,0,4,A,6,18,1,12,6.0,4.1,1.55,26861,0.154147,5.12018,Ivan Juric,Fabian Hürzeler
3938,2024/25,2024-12-04,Southampton,Chelsea,1,5,A,6,26,4,13,8.5,5.25,1.33,26741,1.91014,5.8331,Russell Martin,Enzo Maresca
4098,2024/25,2025-04-02,Southampton,Crystal Palace,1,1,D,8,9,2,3,5.75,3.8,1.62,26900,0.687304,0.93776,Ivan Juric,Oliver Glasner
3896,2024/25,2024-11-02,Southampton,Everton,1,0,H,9,16,2,5,2.63,3.4,2.63,26699,0.540345,1.78581,Russell Martin,Sean Dyche
4136,2024/25,2025-04-26,Southampton,Fulham,1,2,A,7,26,3,5,5.25,4.0,1.6,26940,0.935581,1.9956,Simon Rusk,Marco Silva
3846,2024/25,2024-09-21,Southampton,Ipswich,1,1,D,11,13,3,6,2.25,3.5,3.2,26643,2.89813,1.645,Russell Martin,Kieran McKenna
3876,2024/25,2024-10-19,Southampton,Leicester,2,3,A,14,18,7,4,2.3,3.5,3.0,26678,2.42776,2.83826,Russell Martin,Steve Cooper
3919,2024/25,2024-11-24,Southampton,Liverpool,2,3,A,7,27,5,11,11.0,5.75,1.27,26721,1.53985,3.18835,Russell Martin,Arne Slot
4154,2024/25,2025-05-10,Southampton,Man City,0,0,D,2,26,0,5,11.0,7.5,1.2,26959,0.136995,1.58463,Simon Rusk,Pep Guardiola
3838,2024/25,2024-09-14,Southampton,Man United,0,3,A,6,20,4,10,4.5,4.0,1.7,26632,1.35593,3.02693,Russell Martin,Erik ten Hag
4024,2024/25,2025-01-25,Southampton,Newcastle,1,3,A,12,17,5,9,6.5,5.25,1.42,26829,0.825621,3.08319,Ivan Juric,Eddie Howe
3816,2024/25,2024-08-24,Southampton,Nott'm Forest,0,1,A,5,23,1,8,2.55,3.3,2.8,26616,0.214952,2.86475,Russell Martin,Nuno Espírito Santo
3958,2024/25,2024-12-15,Southampton,Tottenham,0,5,A,9,18,3,9,4.33,4.5,1.67,26759,1.27356,3.89322,Russell Martin,Ange Postecoglou
3976,2024/25,2024-12-26,Southampton,West Ham,0,1,A,18,16,5,2,3.25,3.5,2.2,26780,2.19833,1.90111,Ivan Juric,Julen Lopetegui
4086,2024/25,2025-03-15,Southampton,Wolves,1,2,A,10,5,3,3,3.7,3.4,2.0,26891,1.2821,0.540718,Ivan Juric,Vítor Pereira
3839,2024/25,2024-09-15,Tottenham,Arsenal,0,1,A,15,7,5,4,3.0,3.5,2.3,26640,0.792595,1.1209,Ange Postecoglou,Mikel Arteta
3899,2024/25,2024-11-03,Tottenham,Aston Villa,4,1,H,16,12,6,1,1.91,4.0,3.6,26700,2.09751,2.48749,Ange Postecoglou,Unai Emery
4080,2024/25,2025-03-09,Tottenham,Bournemouth,2,2,D,12,17,4,8,2.7,3.9,2.35,26879,1.35053,2.22536,Ange Postecoglou,Andoni Iraola
3847,2024/25,2024-09-21,Tottenham,Brentford,3,1,H,23,6,10,6,1.55,4.5,5.5,26648,3.89481,0.893565,Ange Postecoglou,Thomas Frank
4179,2024/25,2025-05-25,Tottenham,Brighton,1,4,A,4,23,2,8,4.2,4.33,1.7,26976,1.85265,3.11624,Ange Postecoglou,Fabian Hürzeler
3948,2024/25,2024-12-08,Tottenham,Chelsea,3,4,A,13,17,5,8,3.4,3.9,2.0,26745,3.25488,2.57326,Ange Postecoglou,Enzo Maresca
4160,2024/25,2025-05-11,Tottenham,Crystal Palace,0,2,A,8,23,1,10,2.63,3.6,2.5,26960,0.806792,3.98546,Ange Postecoglou,Oliver Glasner
3817,2024/25,2024-08-24,Tottenham,Everton,4,0,H,13,10,7,1,1.44,4.75,6.5,26617,2.61143,0.648869,Ange Postecoglou,Sean Dyche
3930,2024/25,2024-12-01,Tottenham,Fulham,1,1,D,8,14,3,6,1.7,4.5,4.1,26729,1.01086,1.57274,Ange Postecoglou,Marco Silva
3910,2024/25,2024-11-10,Tottenham,Ipswich,1,2,A,17,8,5,3,1.25,6.5,9.0,26709,1.75088,2.18392,Ange Postecoglou,Kieran McKenna
4029,2024/25,2025-01-26,Tottenham,Leicester,1,2,A,15,12,6,3,1.45,5.5,5.5,26830,1.27483,1.40469,Ange Postecoglou,Ruud van Nistelrooy
3969,2024/25,2024-12-22,Tottenham,Liverpool,3,6,A,9,24,5,12,4.5,4.0,1.73,26768,1.20245,5.20214,Ange Postecoglou,Arne Slot
4070,2024/25,2025-02-26,Tottenham,Man City,0,1,A,11,12,6,5,3.25,4.0,2.0,26865,1.28426,2.38641,Ange Postecoglou,Pep Guardiola
4050,2024/25,2025-02-16,Tottenham,Man United,1,0,H,22,16,7,6,2.45,3.75,2.62,26850,1.97109,1.42652,Ange Postecoglou,Rúben Amorim
3996,2024/25,2025-01-04,Tottenham,Newcastle,1,2,A,13,14,4,4,2.88,3.8,2.25,26800,1.00333,2.42963,Ange Postecoglou,Eddie Howe
4130,2024/25,2025-04-21,Tottenham,Nott'm Forest,1,2,A,22,4,6,3,2.45,3.6,2.63,26930,2.4024,0.557682,Ange Postecoglou,Nuno Espírito Santo
4108,2024/25,2025-04-06,Tottenham,Southampton,3,1,H,13,12,8,4,1.38,5.5,6.5,26910,2.648,0.780439,Ange Postecoglou,Ivan Juric
3877,2024/25,2024-10-19,Tottenham,West Ham,4,1,H,22,11,7,4,1.5,5.0,5.25,26672,1.44052,0.858803,Ange Postecoglou,Julen Lopetegui
3984,2024/25,2024-12-29,Tottenham,Wolves,2,2,D,13,11,3,3,1.6,5.0,4.2,26790,2.28433,0.640697,Ange Postecoglou,Vítor Pereira
3925,2024/25,2024-11-30,West Ham,Arsenal,2,5,A,12,16,5,7,7.0,4.5,1.45,26730,1.23539,3.99935,Julen Lopetegui,Mikel Arteta
3807,2024/25,2024-08-17,West Ham,Aston Villa,1,2,A,14,15,3,3,2.45,3.6,2.75,26608,2.8047,2.6703,Julen Lopetegui,Unai Emery
4104,2024/25,2025-04-05,West Ham,Bournemouth,2,2,D,9,11,3,4,3.0,3.5,2.3,26911,0.907832,1.94869,Graham Potter,Andoni Iraola
4048,2024/25,2025-02-15,West Ham,Brentford,0,1,A,13,14,3,5,2.35,3.6,2.88,26851,0.673466,1.96499,Graham Potter,Thomas Frank
3964,2024/25,2024-12-21,West Ham,Brighton,1,1,D,11,12,4,6,2.88,3.7,2.35,26767,1.22937,1.34379,Julen Lopetegui,Fabian Hürzeler
3848,2024/25,2024-09-21,West Ham,Chelsea,0,3,A,15,12,7,5,3.6,3.9,1.95,26642,0.758267,2.39727,Julen Lopetegui,Enzo Maresca
4014,2024/25,2025-01-18,West Ham,Crystal Palace,0,2,A,7,12,0,7,2.6,3.5,2.63,26821,0.221062,1.62561,Graham Potter,Oliver Glasner
3905,2024/25,2024-11-09,West Ham,Everton,0,0,D,11,18,6,4,2.15,3.4,3.4,26710,1.1237,0.865983,Julen Lopetegui,Sean Dyche
4003,2024/25,2025-01-14,West Ham,Fulham,3,2,H,4,21,3,5,3.0,3.4,2.38,26808,0.937322,2.83581,Graham Potter,Marco Silva
3867,2024/25,2024-10-05,West Ham,Ipswich,4,1,H,23,9,13,2,1.8,3.8,4.33,26665,4.39402,1.18463,Julen Lopetegui,Kieran McKenna
4071,2024/25,2025-02-27,West Ham,Leicester,2,0,H,8,10,2,2,1.62,4.2,5.0,26866,1.70437,0.289578,Graham Potter,Ruud van Nistelrooy
3985,2024/25,2024-12-29,West Ham,Liverpool,0,5,A,7,22,0,13,7.0,5.0,1.4,26791,0.518279,3.29868,Julen Lopetegui,Arne Slot
3827,2024/25,2024-08-31,West Ham,Man City,1,3,A,10,23,2,8,7.0,5.5,1.38,26628,0.947201,3.19297,Julen Lopetegui,Pep Guardiola
3890,2024/25,2024-10-27,West Ham,Man United,2,1,H,12,18,3,5,2.88,3.75,2.3,26690,2.99312,2.62598,Julen Lopetegui,Erik ten Hag
4081,2024/25,2025-03-10,West Ham,Newcastle,0,1,A,9,9,2,3,3.25,3.4,2.2,26880,0.823986,1.62976,Graham Potter,Eddie Howe
4167,2024/25,2025-05-18,West Ham,Nott'm Forest,1,2,A,16,10,5,5,2.75,3.3,2.55,26971,0.850457,2.14756,Graham Potter,Nuno Espírito Santo
4125,2024/25,2025-04-19,West Ham,Southampton,1,1,D,12,15,4,4,1.48,4.33,6.5,26931,0.98423,0.922877,Graham Potter,Simon Rusk
4149,2024/25,2025-05-04,West Ham,Tottenham,1,1,D,11,7,2,2,2.1,3.7,3.25,26943,1.15166,0.847022,Graham Potter,Ange Postecoglou
3949,2024/25,2024-12-09,West Ham,Wolves,2,1,H,19,19,4,5,1.9,3.9,3.75,26746,1.19808,1.47567,Julen Lopetegui,Gary O'Neil
4025,2024/25,2025-01-25,Wolves,Arsenal,0,1,A,9,9,4,3,7.0,4.5,1.45,26831,0.514724,0.887358,Vítor Pereira,Mikel Arteta
4035,2024/25,2025-02-01,Wolves,Aston Villa,2,0,H,8,10,5,3,3.3,3.6,2.1,26841,2.00146,0.742809,Vítor Pereira,Unai Emery
3926,2024/25,2024-11-30,Wolves,Bournemouth,2,4,A,10,12,3,8,2.8,3.6,2.4,26731,0.866034,3.07901,Gary O'Neil,Andoni Iraola
4180,2024/25,2025-05-25,Wolves,Brentford,1,1,D,18,13,6,7,2.7,3.7,2.45,26978,1.10889,1.97196,Vítor Pereira,Thomas Frank
4155,2024/25,2025-05-10,Wolves,Brighton,0,2,A,10,7,3,2,2.7,3.5,2.5,26961,0.73395,1.41254,Vítor Pereira,Fabian Hürzeler
3820,2024/25,2024-08-25,Wolves,Chelsea,2,6,A,12,14,4,8,4.33,4.0,1.75,26619,2.4181,2.02935,Gary O'Neil,Enzo Maresca
3897,2024/25,2024-11-02,Wolves,Crystal Palace,2,2,D,11,19,6,7,2.5,3.4,2.88,26701,1.65018,2.64849,Gary O'Neil,Oliver Glasner
4077,2024/25,2025-03-08,Wolves,Everton,1,1,D,11,12,3,4,2.6,3.1,2.88,26881,0.812432,1.3672,Vítor Pereira,David Moyes
4065,2024/25,2025-02-25,Wolves,Fulham,1,2,A,18,11,5,5,2.63,3.3,2.63,26867,0.928973,1.43473,Vítor Pereira,Marco Silva
3954,2024/25,2024-12-14,Wolves,Ipswich,1,2,A,16,10,6,5,1.9,3.8,3.8,26758,1.23748,1.73349,Gary O'Neil,Kieran McKenna
4137,2024/25,2025-04-26,Wolves,Leicester,3,0,H,20,8,6,2,1.5,4.2,6.25,26941,2.57666,1.04978,Vítor Pereira,Ruud van Nistelrooy
3857,2024/25,2024-09-28,Wolves,Liverpool,1,2,A,8,10,3,6,8.0,5.75,1.33,26658,0.748925,2.11724,Gary O'Neil,Arne Slot
3879,2024/25,2024-10-20,Wolves,Man City,1,2,A,3,22,2,7,8.0,6.0,1.33,26681,0.761217,1.36569,Gary O'Neil,Pep Guardiola
3977,2024/25,2024-12-26,Wolves,Man United,2,0,H,7,11,4,4,3.9,3.7,1.91,26781,0.826489,0.358876,Vítor Pereira,Rúben Amorim
3840,2024/25,2024-09-15,Wolves,Newcastle,1,2,A,12,14,5,6,3.4,3.5,2.1,26641,1.46969,1.48343,Gary O'Neil,Eddie Howe
3999,2024/25,2025-01-06,Wolves,Nott'm Forest,0,3,A,13,11,6,3,3.3,3.2,2.3,26801,1.90463,2.57227,Vítor Pereira,Nuno Espírito Santo
3906,2024/25,2024-11-09,Wolves,Southampton,2,0,H,8,9,4,0,1.91,3.75,3.75,26711,0.912781,0.792655,Gary O'Neil,Russell Martin
4118,2024/25,2025-04-13,Wolves,Tottenham,4,2,H,13,11,5,4,2.2,3.6,3.1,26919,2.22977,1.62887,Vítor Pereira,Ange Postecoglou
4092,2024/25,2025-04-01,Wolves,West Ham,1,0,H,9,10,2,1,2.5,3.2,2.9,26895,1.10359,1.73057,Vítor Pereira,Graham Potter
4361,2025/26,2025-12-30,Arsenal,Aston Villa,4,1,H,22,11,7,3,1.42,4.75,7.0,28958,4.41335,2.94195,Mikel Arteta,Unai Emery
4491,2025/26,2026-04-11,Arsenal,Bournemouth,1,2,A,15,8,3,3,1.44,4.5,7.5,29092,3.16346,1.39461,Mikel Arteta,Andoni Iraola
4314,2025/26,2025-12-03,Arsenal,Brentford,2,0,H,15,6,7,1,1.36,5.0,8.5,28909,2.63126,0.588716,Mikel Arteta,Keith Andrews
4352,2025/26,2025-12-27,Arsenal,Brighton,2,1,H,24,8,6,3,1.42,4.75,7.0,28948,2.54318,0.710064,Mikel Arteta,Fabian Hürzeler
4548,2025/26,2026-05-18,Arsenal,Burnley,1,0,H,13,5,3,0,1.09,11.0,23.0,29139,1.22695,0.194884,Mikel Arteta,Mike Jackson
4458,2025/26,2026-03-01,Arsenal,Chelsea,2,1,H,12,9,5,3,1.6,3.8,5.5,29049,1.71598,1.35268,Mikel Arteta,Liam Rosenior
4266,2025/26,2025-10-26,Arsenal,Crystal Palace,1,0,H,10,7,3,1,1.4,4.75,7.5,28859,0.856175,0.350534,Mikel Arteta,Oliver Glasner
4472,2025/26,2026-03-14,Arsenal,Everton,2,0,H,25,9,7,3,1.38,4.75,8.5,29068,1.90855,1.17847,Mikel Arteta,David Moyes
4521,2025/26,2026-05-02,Arsenal,Fulham,3,0,H,18,10,9,1,1.44,4.33,7.0,29119,4.09079,0.696714,Mikel Arteta,Marco Silva
4192,2025/26,2025-08-23,Arsenal,Leeds,5,0,H,18,3,5,1,1.27,6.25,9.5,28793,2.73761,0.156761,Mikel Arteta,Daniel Farke
4390,2025/26,2026-01-08,Arsenal,Liverpool,0,0,D,9,8,4,0,1.6,4.1,5.0,28980,0.701832,0.318642,Mikel Arteta,Arne Slot
4228,2025/26,2025-09-21,Arsenal,Man City,1,1,D,12,5,3,3,1.85,3.9,3.8,28827,0.718575,1.1227,Mikel Arteta,Pep Guardiola
4406,2025/26,2026-01-25,Arsenal,Man United,2,3,A,15,10,4,3,1.55,4.2,6.0,28999,1.42411,0.640902,Mikel Arteta,Michael Carrick
4514,2025/26,2026-04-25,Arsenal,Newcastle,1,0,H,11,13,4,3,1.45,4.75,6.25,29109,0.639189,0.868897,Mikel Arteta,Eddie Howe
4211,2025/26,2025-09-13,Arsenal,Nott'm Forest,3,0,H,16,5,5,1,1.38,5.0,8.0,28808,2.8817,0.293681,Mikel Arteta,Ange Postecoglou
4422,2025/26,2026-02-07,Arsenal,Sunderland,3,0,H,16,5,5,3,1.22,6.25,12.0,29019,1.19401,0.427225,Mikel Arteta,Régis Le Bris
4298,2025/26,2025-11-23,Arsenal,Tottenham,4,1,H,17,3,8,2,1.42,4.75,7.5,28889,2.27827,0.0300672,Mikel Arteta,Thomas Frank
4242,2025/26,2025-10-04,Arsenal,West Ham,2,0,H,21,4,5,0,1.18,6.5,17.0,28839,3.0585,0.864549,Mikel Arteta,Nuno Espírito Santo
4331,2025/26,2025-12-13,Arsenal,Wolves,2,1,H,16,3,2,2,1.13,8.5,21.0,28928,1.61796,0.61997,Mikel Arteta,Rob Edwards
4321,2025/26,2025-12-06,Aston Villa,Arsenal,2,1,H,15,15,6,9,4.2,3.5,1.9,28919,2.71986,1.85965,Unai Emery,Mikel Arteta
4286,2025/26,2025-11-09,Aston Villa,Bournemouth,4,0,H,16,13,8,4,2.2,3.4,3.25,28878,1.88282,2.00992,Unai Emery,Andoni Iraola
4416,2025/26,2026-02-01,Aston Villa,Brentford,0,1,A,27,6,5,2,2.1,3.5,3.4,29008,2.15316,0.314916,Unai Emery,Keith Andrews
4435,2025/26,2026-02-11,Aston Villa,Brighton,1,0,H,15,9,1,3,1.91,3.7,3.8,29028,0.576138,0.481306,Unai Emery,Fabian Hürzeler
4246,2025/26,2025-10-05,Aston Villa,Burnley,2,1,H,15,5,7,2,1.6,4.0,5.75,28840,1.73572,0.502292,Unai Emery,Scott Parker
4466,2025/26,2026-03-04,Aston Villa,Chelsea,1,4,A,9,15,4,8,2.7,3.4,2.55,29059,1.06854,3.38883,Unai Emery,Liam Rosenior
4207,2025/26,2025-08-31,Aston Villa,Crystal Palace,0,3,A,13,6,4,4,1.85,3.7,4.0,28807,1.20586,2.59713,Unai Emery,Oliver Glasner
4398,2025/26,2026-01-18,Aston Villa,Everton,0,1,A,18,9,5,3,1.67,3.9,5.25,28988,0.905393,0.745859,Unai Emery,David Moyes
4238,2025/26,2025-09-28,Aston Villa,Fulham,3,1,H,9,11,4,4,2.3,3.1,3.4,28831,1.36575,0.952612,Unai Emery,Marco Silva
4442,2025/26,2026-02-21,Aston Villa,Leeds,1,1,D,16,14,4,4,1.85,3.6,4.33,29038,1.25439,1.27855,Unai Emery,Daniel Farke
4541,2025/26,2026-05-15,Aston Villa,Liverpool,4,2,H,14,16,9,5,2.75,3.5,2.4,29140,2.5252,1.55027,Unai Emery,Arne Slot
4267,2025/26,2025-10-26,Aston Villa,Man City,1,0,H,9,18,3,4,4.33,3.8,1.8,28860,0.843906,1.36914,Unai Emery,Pep Guardiola
4349,2025/26,2025-12-21,Aston Villa,Man United,2,1,H,12,15,4,6,2.1,3.6,3.3,28939,1.86917,1.30455,Unai Emery,Rúben Amorim
4182,2025/26,2025-08-16,Aston Villa,Newcastle,0,0,D,3,16,3,3,2.25,3.5,2.9,28779,0.318601,1.40098,Unai Emery,Eddie Howe
4371,2025/26,2026-01-03,Aston Villa,Nott'm Forest,3,1,H,11,10,4,5,1.75,3.9,4.5,28972,1.42988,0.8982,Unai Emery,Sean Dyche
4505,2025/26,2026-04-19,Aston Villa,Sunderland,4,3,H,15,10,7,7,1.67,3.75,5.5,29098,3.90223,1.56008,Unai Emery,Régis Le Bris
4525,2025/26,2026-05-03,Aston Villa,Tottenham,1,2,A,5,10,1,5,2.15,3.6,3.2,29120,0.609494,1.12225,Unai Emery,Roberto De Zerbi
4487,2025/26,2026-03-22,Aston Villa,West Ham,2,0,H,23,9,7,1,1.95,3.6,3.8,29079,2.48528,0.760054,Unai Emery,Nuno Espírito Santo
4306,2025/26,2025-11-30,Aston Villa,Wolves,1,0,H,16,9,6,4,1.5,4.33,6.5,28898,1.15486,0.692588,Unai Emery,Rob Edwards
4372,2025/26,2026-01-03,Bournemouth,Arsenal,2,3,A,15,12,3,5,6.5,4.75,1.44,28971,0.947846,1.28,Andoni Iraola,Mikel Arteta
4423,2025/26,2026-02-07,Bournemouth,Aston Villa,1,1,D,20,7,9,4,2.7,3.5,2.5,29018,1.82646,0.646496,Andoni Iraola,Unai Emery
4462,2025/26,2026-03-03,Bournemouth,Brentford,0,0,D,13,5,2,2,2.5,3.6,2.63,29058,2.3177,0.673328,Andoni Iraola,Keith Andrews
4212,2025/26,2025-09-13,Bournemouth,Brighton,2,1,H,13,6,5,2,2.35,3.5,2.9,28810,1.44187,0.624923,Andoni Iraola,Fabian Hürzeler
4341,2025/26,2025-12-20,Bournemouth,Burnley,1,1,D,16,4,1,1,1.48,4.33,6.5,28938,1.81847,0.480528,Andoni Iraola,Scott Parker
4322,2025/26,2025-12-06,Bournemouth,Chelsea,0,0,D,13,11,5,4,3.1,3.75,2.15,28918,1.41931,0.672602,Andoni Iraola,Enzo Maresca
4526,2025/26,2026-05-03,Bournemouth,Crystal Palace,3,0,H,16,7,5,1,1.57,4.33,5.25,29118,2.29626,0.678329,Andoni Iraola,Oliver Glasner
4311,2025/26,2025-12-02,Bournemouth,Everton,0,1,A,5,13,2,3,2.2,3.25,3.3,28908,0.635415,1.19573,Andoni Iraola,David Moyes
4241,2025/26,2025-10-03,Bournemouth,Fulham,3,1,H,11,12,6,4,1.95,3.5,3.9,28838,1.33458,0.84335,Andoni Iraola,Marco Silva
4511,2025/26,2026-04-22,Bournemouth,Leeds,2,2,D,17,10,7,3,2.0,3.5,3.6,29108,1.91355,1.21601,Andoni Iraola,Daniel Farke
4401,2025/26,2026-01-24,Bournemouth,Liverpool,3,2,H,12,14,5,4,3.75,3.8,1.9,28998,3.31474,0.937335,Andoni Iraola,Arne Slot
4549,2025/26,2026-05-19,Bournemouth,Man City,1,1,D,10,14,2,5,4.5,4.33,1.67,29138,1.71486,1.26917,Andoni Iraola,Pep Guardiola
4482,2025/26,2026-03-20,Bournemouth,Man United,2,2,D,16,14,5,5,3.2,3.8,2.1,29078,1.76664,1.74574,Andoni Iraola,Michael Carrick
4229,2025/26,2025-09-21,Bournemouth,Newcastle,0,0,D,11,4,2,1,2.5,3.5,2.7,28823,0.55066,0.153629,Andoni Iraola,Eddie Howe
4268,2025/26,2025-10-26,Bournemouth,Nott'm Forest,2,0,H,13,8,5,4,1.8,3.8,4.33,28858,0.656601,0.305493,Andoni Iraola,Sean Dyche
4453,2025/26,2026-02-28,Bournemouth,Sunderland,1,1,D,21,8,5,4,1.8,3.75,4.33,29048,1.82434,1.07887,Andoni Iraola,Régis Le Bris
4382,2025/26,2026-01-07,Bournemouth,Tottenham,3,2,H,11,16,3,4,2.1,3.6,3.3,28979,1.19014,1.6261,Andoni Iraola,Thomas Frank
4291,2025/26,2025-11-22,Bournemouth,West Ham,2,2,D,28,5,10,2,1.62,4.2,4.75,28888,3.48299,0.390782,Andoni Iraola,Nuno Espírito Santo
4193,2025/26,2025-08-23,Bournemouth,Wolves,1,0,H,14,6,4,1,1.8,3.8,4.2,28792,1.78462,0.373367,Andoni Iraola,Vítor Pereira
4440,2025/26,2026-02-12,Brentford,Arsenal,1,1,D,12,7,3,2,4.75,3.9,1.7,29029,1.81154,0.78418,Keith Andrews,Mikel Arteta
4194,2025/26,2025-08-23,Brentford,Aston Villa,1,0,H,9,17,2,2,3.1,3.6,2.2,28790,1.12964,0.976852,Keith Andrews,Unai Emery
4353,2025/26,2025-12-27,Brentford,Bournemouth,4,1,H,15,20,7,10,2.25,3.6,3.0,28949,2.8513,2.56183,Keith Andrews,Andoni Iraola
4443,2025/26,2026-02-21,Brentford,Brighton,0,2,A,13,11,3,7,2.0,3.7,3.5,29039,1.69023,1.37203,Keith Andrews,Fabian Hürzeler
4301,2025/26,2025-11-29,Brentford,Burnley,3,1,H,14,6,4,2,1.45,4.5,7.0,28899,3.72106,0.874025,Keith Andrews,Scott Parker
4213,2025/26,2025-09-13,Brentford,Chelsea,2,2,D,7,16,4,6,4.5,3.9,1.73,28815,1.17533,0.755999,Keith Andrews,Enzo Maresca
4542,2025/26,2026-05-17,Brentford,Crystal Palace,2,2,D,14,16,3,5,1.73,4.2,4.33,29141,1.54564,1.82274,Keith Andrews,Oliver Glasner
4492,2025/26,2026-04-11,Brentford,Everton,2,2,D,17,14,4,7,2.15,3.3,3.5,29093,2.26302,1.57033,Keith Andrews,David Moyes
4500,2025/26,2026-04-18,Brentford,Fulham,0,0,D,13,11,4,0,2.1,3.75,3.25,29099,2.33552,0.790707,Keith Andrews,Marco Silva
4335,2025/26,2025-12-14,Brentford,Leeds,1,1,D,7,18,2,4,1.91,3.6,4.0,28929,0.697006,1.63409,Keith Andrews,Daniel Farke
4262,2025/26,2025-10-25,Brentford,Liverpool,3,2,H,17,18,8,5,4.1,4.2,1.75,28861,3.27126,2.11838,Keith Andrews,Arne Slot
4247,2025/26,2025-10-05,Brentford,Man City,0,1,A,6,10,1,4,4.75,4.5,1.62,28841,0.693758,1.09647,Keith Andrews,Pep Guardiola
4231,2025/26,2025-09-27,Brentford,Man United,3,1,H,10,14,8,6,3.4,3.8,2.0,28828,2.78726,2.23609,Keith Andrews,Rúben Amorim
4287,2025/26,2025-11-09,Brentford,Newcastle,3,1,H,15,5,7,1,2.8,3.5,2.45,28879,2.73729,0.432277,Keith Andrews,Eddie Howe
4407,2025/26,2026-01-25,Brentford,Nott'm Forest,0,2,A,10,7,1,2,1.91,3.5,4.1,29000,2.00413,1.38958,Keith Andrews,Sean Dyche
4383,2025/26,2026-01-07,Brentford,Sunderland,3,0,H,18,11,6,3,1.85,3.5,4.33,28981,3.86096,1.50644,Keith Andrews,Régis Le Bris
4367,2025/26,2026-01-01,Brentford,Tottenham,0,0,D,7,9,2,3,2.1,3.6,3.2,28959,0.556304,0.608309,Keith Andrews,Thomas Frank
4522,2025/26,2026-05-02,Brentford,West Ham,3,0,H,14,13,6,4,1.91,3.75,3.75,29121,2.27374,0.753895,Keith Andrews,Nuno Espírito Santo
4481,2025/26,2026-03-16,Brentford,Wolves,2,2,D,10,13,3,4,1.55,4.2,5.75,29069,2.7966,1.80044,Keith Andrews,Rob Edwards
4467,2025/26,2026-03-04,Brighton,Arsenal,0,1,A,11,7,3,2,4.75,4.1,1.65,29060,0.919228,0.514803,Fabian Hürzeler,Mikel Arteta
4315,2025/26,2025-12-03,Brighton,Aston Villa,3,4,A,16,14,7,10,2.15,3.5,3.4,28910,1.96298,3.15745,Fabian Hürzeler,Unai Emery
4400,2025/26,2026-01-19,Brighton,Bournemouth,1,1,D,17,11,5,2,1.85,3.9,3.8,28989,0.995777,1.69737,Fabian Hürzeler,Andoni Iraola
4292,2025/26,2025-11-22,Brighton,Brentford,2,1,H,14,10,5,4,1.91,3.6,4.0,28890,0.977488,2.19979,Fabian Hürzeler,Keith Andrews
4373,2025/26,2026-01-03,Brighton,Burnley,2,0,H,15,5,4,3,1.48,4.33,7.0,28973,1.4717,0.254551,Fabian Hürzeler,Scott Parker
4510,2025/26,2026-04-21,Brighton,Chelsea,3,0,H,15,6,9,0,2.5,3.5,2.7,29110,2.51784,0.297865,Fabian Hürzeler,Liam Rosenior
4429,2025/26,2026-02-08,Brighton,Crystal Palace,0,1,A,7,7,2,4,1.95,3.5,3.9,29020,0.737798,0.928404,Fabian Hürzeler,Oliver Glasner
4411,2025/26,2026-01-31,Brighton,Everton,1,1,D,11,7,2,4,1.85,3.6,4.1,29010,1.42825,1.28126,Fabian Hürzeler,David Moyes
4183,2025/26,2025-08-16,Brighton,Fulham,1,1,D,10,7,4,2,1.91,3.6,4.0,28780,1.44008,0.902883,Fabian Hürzeler,Marco Silva
4271,2025/26,2025-11-01,Brighton,Leeds,3,0,H,14,5,7,2,1.85,3.75,4.0,28868,2.64127,0.35919,Fabian Hürzeler,Daniel Farke
4483,2025/26,2026-03-21,Brighton,Liverpool,2,1,H,16,12,7,5,3.1,3.5,2.2,29080,3.42956,0.956801,Fabian Hürzeler,Arne Slot
4208,2025/26,2025-08-31,Brighton,Man City,2,1,H,12,12,7,3,3.8,3.9,1.9,28805,2.20864,2.13418,Fabian Hürzeler,Pep Guardiola
4551,2025/26,2026-05-24,Brighton,Man United,0,3,A,13,11,2,7,1.85,4.2,3.6,29148,0.702398,2.32868,Fabian Hürzeler,Michael Carrick
4251,2025/26,2025-10-18,Brighton,Newcastle,2,1,H,13,16,5,3,2.63,3.4,2.6,28848,0.857104,1.28313,Fabian Hürzeler,Eddie Howe
4459,2025/26,2026-03-01,Brighton,Nott'm Forest,2,1,H,14,13,7,4,2.0,3.6,3.5,29050,1.20107,0.83055,Fabian Hürzeler,Vítor Pereira
4342,2025/26,2025-12-20,Brighton,Sunderland,0,0,D,16,14,4,6,1.67,4.0,5.25,28940,0.919272,1.31044,Fabian Hürzeler,Régis Le Bris
4221,2025/26,2025-09-20,Brighton,Tottenham,2,2,D,12,11,4,3,2.25,3.7,3.0,28821,1.40466,1.19181,Fabian Hürzeler,Thomas Frank
4328,2025/26,2025-12-07,Brighton,West Ham,1,1,D,22,14,4,5,1.55,4.33,5.75,28920,2.10077,1.7064,Fabian Hürzeler,Nuno Espírito Santo
4530,2025/26,2026-05-09,Brighton,Wolves,3,0,H,14,5,6,1,1.27,6.25,9.5,29128,2.22427,0.515647,Fabian Hürzeler,Rob Edwards
4272,2025/26,2025-11-01,Burnley,Arsenal,0,2,A,3,12,0,8,10.0,6.0,1.27,28869,0.679177,2.51649,Scott Parker,Mikel Arteta
4535,2025/26,2026-05-10,Burnley,Aston Villa,2,2,D,15,18,6,7,5.0,4.33,1.6,29129,1.71234,1.75493,Mike Jackson,Unai Emery
4473,2025/26,2026-03-14,Burnley,Bournemouth,0,0,D,15,22,2,3,4.1,3.8,1.83,29070,1.67695,2.36979,Scott Parker,Andoni Iraola
4454,2025/26,2026-02-28,Burnley,Brentford,3,4,A,12,16,3,7,4.5,3.9,1.73,29051,0.823824,2.44595,Scott Parker,Keith Andrews
4493,2025/26,2026-04-11,Burnley,Brighton,0,2,A,10,13,5,6,4.5,4.0,1.73,29094,0.812029,1.07182,Scott Parker,Fabian Hürzeler
4293,2025/26,2025-11-22,Burnley,Chelsea,0,2,A,8,15,2,5,6.25,4.5,1.48,28891,0.660943,1.72093,Scott Parker,Enzo Maresca
4316,2025/26,2025-12-03,Burnley,Crystal Palace,0,1,A,11,3,4,3,4.5,3.8,1.75,28911,1.16852,0.987797,Scott Parker,Oliver Glasner
4354,2025/26,2025-12-27,Burnley,Everton,0,0,D,16,15,0,6,4.1,3.4,1.95,28950,1.24948,1.25204,Scott Parker,David Moyes
4332,2025/26,2025-12-13,Burnley,Fulham,2,3,A,16,6,8,4,4.0,3.5,1.91,28930,2.05486,1.65053,Scott Parker,Marco Silva
4252,2025/26,2025-10-18,Burnley,Leeds,2,0,H,4,19,3,4,3.25,3.25,2.25,28849,0.509647,2.33152,Scott Parker,Daniel Farke
4219,2025/26,2025-09-14,Burnley,Liverpool,0,1,A,3,27,0,4,8.0,5.5,1.33,28816,0.168041,2.79492,Scott Parker,Arne Slot
4512,2025/26,2026-04-22,Burnley,Man City,0,1,A,9,28,1,9,19.0,9.0,1.13,29111,0.973776,3.40888,Scott Parker,Pep Guardiola
4384,2025/26,2026-01-07,Burnley,Man United,2,2,D,7,30,1,10,4.75,4.0,1.7,28982,0.31971,2.52488,Scott Parker,Darren Fletcher
4362,2025/26,2025-12-30,Burnley,Newcastle,1,3,A,15,20,4,9,5.25,4.2,1.6,28960,1.32551,2.49248,Scott Parker,Eddie Howe
4222,2025/26,2025-09-20,Burnley,Nott'm Forest,1,1,D,12,17,5,8,3.4,3.3,2.2,28822,1.14159,0.830779,Scott Parker,Ange Postecoglou
4195,2025/26,2025-08-23,Burnley,Sunderland,2,0,H,7,9,2,1,2.2,3.2,3.5,28791,1.00381,1.12127,Scott Parker,Régis Le Bris
4402,2025/26,2026-01-24,Burnley,Tottenham,2,2,D,9,18,4,11,3.7,3.5,2.05,29001,1.54884,2.59093,Scott Parker,Thomas Frank
4424,2025/26,2026-02-07,Burnley,West Ham,0,2,A,18,6,5,4,3.3,3.5,2.15,29021,1.84644,1.1223,Scott Parker,Nuno Espírito Santo
4552,2025/26,2026-05-24,Burnley,Wolves,1,1,D,16,16,8,4,2.35,3.5,2.9,29149,1.28476,2.8433,Mike Jackson,Rob Edwards
4307,2025/26,2025-11-30,Chelsea,Arsenal,1,1,D,11,8,4,4,3.4,3.3,2.2,28900,0.791914,1.22828,Enzo Maresca,Mikel Arteta
4355,2025/26,2025-12-27,Chelsea,Aston Villa,1,2,A,14,11,3,8,1.83,3.9,4.0,28951,1.97155,2.05918,Enzo Maresca,Unai Emery
4363,2025/26,2025-12-30,Chelsea,Bournemouth,2,2,D,17,17,3,6,1.5,4.75,5.75,28961,2.33294,3.49142,Enzo Maresca,Andoni Iraola
4391,2025/26,2026-01-17,Chelsea,Brentford,2,0,H,6,15,2,5,1.73,4.0,4.75,28990,1.62263,1.47521,Liam Rosenior,Keith Andrews
4232,2025/26,2025-09-27,Chelsea,Brighton,1,3,A,13,12,3,3,1.85,3.8,3.8,28829,2.02653,2.4751,Enzo Maresca,Fabian Hürzeler
4444,2025/26,2026-02-21,Chelsea,Burnley,1,1,D,12,12,2,4,1.22,6.5,12.0,29040,2.51534,1.01255,Liam Rosenior,Scott Parker
4187,2025/26,2025-08-17,Chelsea,Crystal Palace,0,0,D,19,12,3,4,1.62,4.33,4.5,28784,1.36793,1.03414,Enzo Maresca,Oliver Glasner
4333,2025/26,2025-12-13,Chelsea,Everton,2,0,H,17,11,5,2,1.67,3.8,5.25,28931,2.64457,1.34,Enzo Maresca,David Moyes
4201,2025/26,2025-08-30,Chelsea,Fulham,2,0,H,13,11,6,3,1.55,4.33,5.25,28798,2.4324,0.736228,Enzo Maresca,Marco Silva
4431,2025/26,2026-02-10,Chelsea,Leeds,2,2,D,19,4,4,2,1.55,4.33,5.5,29030,3.21176,1.28948,Liam Rosenior,Daniel Farke
4243,2025/26,2025-10-04,Chelsea,Liverpool,2,1,H,12,12,6,2,2.8,3.75,2.3,28842,1.23721,2.05981,Enzo Maresca,Arne Slot
4495,2025/26,2026-04-12,Chelsea,Man City,0,3,A,12,18,3,8,3.1,3.8,2.15,29095,1.22108,2.40839,Liam Rosenior,Pep Guardiola
4501,2025/26,2026-04-18,Chelsea,Man United,0,1,A,21,4,3,1,2.2,3.5,3.2,29100,1.28109,0.436043,Liam Rosenior,Michael Carrick
4474,2025/26,2026-03-14,Chelsea,Newcastle,0,1,A,22,7,3,5,1.8,4.2,3.8,29071,1.72508,1.03251,Liam Rosenior,Eddie Howe
4528,2025/26,2026-05-04,Chelsea,Nott'm Forest,1,3,A,21,6,5,4,1.7,4.0,4.75,29122,2.17132,2.31019,Calum McFarlane,Vítor Pereira
4263,2025/26,2025-10-25,Chelsea,Sunderland,1,2,A,16,10,7,4,1.36,4.75,9.0,28862,1.21332,1.5506,Enzo Maresca,Régis Le Bris
4550,2025/26,2026-05-19,Chelsea,Tottenham,2,1,H,9,9,4,3,1.91,3.7,3.9,29142,1.09262,2.15227,Calum McFarlane,Roberto De Zerbi
4412,2025/26,2026-01-31,Chelsea,West Ham,3,2,H,14,11,6,6,1.5,4.5,6.0,29009,2.66133,1.72585,Liam Rosenior,Nuno Espírito Santo
4281,2025/26,2025-11-08,Chelsea,Wolves,3,0,H,20,3,8,0,1.36,4.75,8.5,28880,3.98342,0.111462,Enzo Maresca,Jamie Collins
4553,2025/26,2026-05-24,Crystal Palace,Arsenal,1,2,A,8,17,3,7,4.2,4.0,1.75,29150,1.00492,3.90645,Oliver Glasner,Mikel Arteta
4385,2025/26,2026-01-07,Crystal Palace,Aston Villa,0,0,D,11,15,5,3,3.1,3.3,2.3,28983,1.32505,2.07015,Oliver Glasner,Unai Emery
4253,2025/26,2025-10-18,Crystal Palace,Bournemouth,3,3,D,20,8,7,5,2.2,3.4,3.25,28850,4.56284,2.0471,Oliver Glasner,Andoni Iraola
4273,2025/26,2025-11-01,Crystal Palace,Brentford,2,0,H,9,6,2,2,1.91,3.6,3.9,28870,0.734558,0.820498,Oliver Glasner,Keith Andrews
4288,2025/26,2025-11-09,Crystal Palace,Brighton,0,0,D,10,7,2,3,2.25,3.5,3.1,28881,0.839547,0.637037,Oliver Glasner,Fabian Hürzeler
4436,2025/26,2026-02-11,Crystal Palace,Burnley,2,3,A,21,8,3,3,1.57,4.0,6.25,29031,2.1276,0.691273,Oliver Glasner,Scott Parker
4408,2025/26,2026-01-25,Crystal Palace,Chelsea,1,3,A,13,10,7,6,3.5,3.8,2.0,29002,2.41793,3.08817,Oliver Glasner,Liam Rosenior
4536,2025/26,2026-05-10,Crystal Palace,Everton,2,2,D,21,13,8,6,2.7,3.3,2.63,29130,3.28826,2.10265,Oliver Glasner,David Moyes
4368,2025/26,2026-01-01,Crystal Palace,Fulham,1,1,D,11,17,2,5,2.15,3.3,3.4,28962,2.35346,1.75434,Oliver Glasner,Marco Silva
4477,2025/26,2026-03-15,Crystal Palace,Leeds,0,0,D,12,10,0,3,2.55,3.3,2.88,29072,0.525205,1.13558,Oliver Glasner,Daniel Farke
4233,2025/26,2025-09-27,Crystal Palace,Liverpool,2,1,H,16,20,7,4,3.8,3.8,1.9,28830,3.53323,3.10176,Oliver Glasner,Arne Slot
4336,2025/26,2025-12-14,Crystal Palace,Man City,0,3,A,16,7,4,6,3.9,3.9,1.85,28932,1.30092,1.35317,Oliver Glasner,Pep Guardiola
4308,2025/26,2025-11-30,Crystal Palace,Man United,1,2,A,14,14,3,6,2.3,3.4,3.1,28901,2.13561,1.47768,Oliver Glasner,Rúben Amorim
4496,2025/26,2026-04-12,Crystal Palace,Newcastle,2,1,H,11,7,5,3,3.0,3.6,2.2,29096,3.13933,1.27299,Oliver Glasner,Eddie Howe
4197,2025/26,2025-08-24,Crystal Palace,Nott'm Forest,1,1,D,8,9,4,1,2.35,3.3,3.1,28794,1.10188,1.32987,Oliver Glasner,Nuno Espírito Santo
4214,2025/26,2025-09-13,Crystal Palace,Sunderland,0,0,D,14,6,6,0,1.65,3.75,5.75,28811,1.75805,0.354129,Oliver Glasner,Régis Le Bris
4359,2025/26,2025-12-28,Crystal Palace,Tottenham,0,1,A,15,8,2,4,2.25,3.25,3.2,28952,0.929681,0.870768,Oliver Glasner,Thomas Frank
4509,2025/26,2026-04-20,Crystal Palace,West Ham,0,0,D,9,9,1,4,2.38,3.2,3.1,29101,0.733442,0.622445,Oliver Glasner,Nuno Espírito Santo
4447,2025/26,2026-02-22,Crystal Palace,Wolves,1,0,H,14,12,3,7,1.65,4.0,5.0,29041,2.03559,1.67749,Oliver Glasner,Rob Edwards
4343,2025/26,2025-12-20,Everton,Arsenal,0,1,A,5,13,1,2,5.75,4.1,1.57,28941,0.213273,1.84723,David Moyes,Mikel Arteta
4215,2025/26,2025-09-13,Everton,Aston Villa,0,0,D,20,7,2,1,2.45,3.3,2.9,28812,1.8927,0.354327,David Moyes,Unai Emery
4432,2025/26,2026-02-10,Everton,Bournemouth,1,2,A,16,11,6,4,2.38,3.4,3.0,29032,2.33114,1.4121,David Moyes,Andoni Iraola
4375,2025/26,2026-01-04,Everton,Brentford,2,4,A,14,11,6,7,2.35,3.25,3.1,28974,1.00566,3.05179,David Moyes,Keith Andrews
4198,2025/26,2025-08-24,Everton,Brighton,2,0,H,11,13,3,4,3.1,3.3,2.3,28795,1.80116,2.08487,David Moyes,Fabian Hürzeler
4463,2025/26,2026-03-03,Everton,Burnley,2,0,H,14,5,5,2,1.57,4.0,6.0,29061,1.15845,0.762229,David Moyes,Scott Parker
4484,2025/26,2026-03-21,Everton,Chelsea,3,0,H,10,12,9,4,3.5,3.4,2.1,29081,1.44532,1.35143,David Moyes,Liam Rosenior
4248,2025/26,2025-10-05,Everton,Crystal Palace,2,1,H,14,15,7,8,2.45,3.25,3.0,28843,2.13876,2.17789,David Moyes,Oliver Glasner
4282,2025/26,2025-11-08,Everton,Fulham,2,0,H,14,8,5,4,2.2,3.3,3.4,28882,2.30607,0.424478,David Moyes,Marco Silva
4410,2025/26,2026-01-26,Everton,Leeds,1,1,D,10,14,3,4,2.5,3.25,2.9,29003,0.889916,1.6766,David Moyes,Daniel Farke
4506,2025/26,2026-04-19,Everton,Liverpool,1,2,A,10,14,4,6,3.1,3.4,2.3,29102,1.4784,1.38333,David Moyes,Arne Slot
4529,2025/26,2026-05-04,Everton,Man City,3,3,D,14,21,6,4,6.5,4.75,1.44,29123,1.68558,1.41706,David Moyes,Pep Guardiola
4451,2025/26,2026-02-23,Everton,Man United,0,1,A,12,11,4,3,3.7,3.75,1.91,29042,0.560924,1.4547,David Moyes,Michael Carrick
4302,2025/26,2025-11-29,Everton,Newcastle,1,4,A,10,13,2,8,2.8,3.25,2.63,28902,1.01125,2.45882,David Moyes,Eddie Howe
4323,2025/26,2025-12-06,Everton,Nott'm Forest,3,0,H,11,7,5,3,2.2,3.2,3.5,28921,1.25348,0.31234,David Moyes,Sean Dyche
4543,2025/26,2026-05-17,Everton,Sunderland,1,3,A,10,7,4,3,1.8,3.75,4.33,29143,1.32181,1.28383,David Moyes,Régis Le Bris
4269,2025/26,2025-10-26,Everton,Tottenham,0,3,A,12,7,2,4,2.35,3.4,3.0,28863,1.4032,2.09327,David Moyes,Thomas Frank
4240,2025/26,2025-09-29,Everton,West Ham,1,1,D,12,14,6,3,1.7,3.75,5.0,28837,0.909703,0.775766,David Moyes,Nuno Espírito Santo
4386,2025/26,2026-01-07,Everton,Wolves,1,1,D,13,13,2,4,1.75,3.5,5.0,28978,1.63321,0.71329,David Moyes,Rob Edwards
4254,2025/26,2025-10-18,Fulham,Arsenal,0,1,A,9,16,0,5,5.75,4.1,1.55,28851,0.502332,2.07823,Marco Silva,Mikel Arteta
4515,2025/26,2026-04-25,Fulham,Aston Villa,1,0,H,13,10,6,1,2.75,3.6,2.45,29112,1.24069,0.906156,Marco Silva,Unai Emery
4531,2025/26,2026-05-09,Fulham,Bournemouth,0,1,A,14,10,2,5,2.75,3.6,2.4,29131,1.24334,0.998003,Marco Silva,Andoni Iraola
4223,2025/26,2025-09-20,Fulham,Brentford,3,1,H,14,8,3,3,2.0,3.4,3.8,28825,1.52431,0.826556,Marco Silva,Keith Andrews
4403,2025/26,2026-01-24,Fulham,Brighton,2,1,H,12,13,4,5,2.6,3.4,2.7,29004,1.13243,1.94652,Marco Silva,Fabian Hürzeler
4485,2025/26,2026-03-21,Fulham,Burnley,3,1,H,22,9,6,5,1.53,4.1,6.25,29082,3.48438,1.92556,Marco Silva,Scott Parker
4387,2025/26,2026-01-07,Fulham,Chelsea,2,1,H,16,14,5,6,3.4,3.6,2.05,28984,1.06013,2.45107,Marco Silva,Calum McFarlane
4329,2025/26,2025-12-07,Fulham,Crystal Palace,1,2,A,12,11,4,5,2.55,3.3,2.8,28922,0.766771,1.71109,Marco Silva,Oliver Glasner
4425,2025/26,2026-02-07,Fulham,Everton,1,2,A,13,16,3,3,2.1,3.25,3.75,29022,2.20126,1.88778,Marco Silva,David Moyes
4216,2025/26,2025-09-13,Fulham,Leeds,1,0,H,5,10,3,3,1.91,3.5,4.0,28813,1.13979,0.830398,Marco Silva,Daniel Farke
4376,2025/26,2026-01-04,Fulham,Liverpool,2,2,D,8,10,2,2,3.8,3.75,1.91,28975,0.609182,1.7188,Marco Silva,Arne Slot
4312,2025/26,2025-12-02,Fulham,Man City,4,5,A,12,11,6,4,4.33,4.1,1.73,28912,0.972635,1.96225,Marco Silva,Pep Guardiola
4199,2025/26,2025-08-24,Fulham,Man United,1,1,D,13,10,4,3,3.25,3.5,2.15,28796,1.65333,1.54603,Marco Silva,Rúben Amorim
4554,2025/26,2026-05-24,Fulham,Newcastle,2,0,H,21,7,6,2,2.88,3.8,2.25,29151,1.72878,0.24232,Marco Silva,Eddie Howe
4350,2025/26,2025-12-22,Fulham,Nott'm Forest,1,0,H,11,12,1,2,2.4,3.25,3.0,28942,1.70568,0.486296,Marco Silva,Sean Dyche
4294,2025/26,2025-11-22,Fulham,Sunderland,1,0,H,24,4,6,2,2.1,3.25,3.75,28892,2.83729,0.222768,Marco Silva,Régis Le Bris
4460,2025/26,2026-03-01,Fulham,Tottenham,2,1,H,18,13,4,1,2.1,3.6,3.3,29052,2.3207,0.952091,Marco Silva,Igor Tudor
4468,2025/26,2026-03-04,Fulham,West Ham,0,1,A,13,9,5,3,2.0,3.5,3.7,29062,0.628123,1.49528,Marco Silva,Nuno Espírito Santo
4274,2025/26,2025-11-01,Fulham,Wolves,3,0,H,19,5,6,2,1.83,3.5,4.5,28871,1.91207,0.209934,Marco Silva,Vítor Pereira
4413,2025/26,2026-01-31,Leeds,Arsenal,0,4,A,3,14,1,8,5.75,4.2,1.55,29015,0.17871,3.54427,Daniel Farke,Mikel Arteta
4299,2025/26,2025-11-23,Leeds,Aston Villa,1,2,A,14,14,5,3,3.0,3.3,2.4,28893,1.84668,1.35978,Daniel Farke,Unai Emery
4234,2025/26,2025-09-27,Leeds,Bournemouth,2,2,D,19,12,8,5,3.1,3.25,2.38,28832,2.04728,1.06033,Daniel Farke,Andoni Iraola
4486,2025/26,2026-03-21,Leeds,Brentford,0,0,D,14,6,4,2,2.45,3.5,2.88,29083,0.417296,0.302221,Daniel Farke,Keith Andrews
4544,2025/26,2026-05-17,Leeds,Brighton,1,0,H,7,19,1,8,3.2,3.6,2.15,29144,0.747756,2.23238,Daniel Farke,Fabian Hürzeler
4520,2025/26,2026-05-01,Leeds,Burnley,3,1,H,18,9,8,3,1.33,5.0,9.5,29124,2.09546,0.434597,Daniel Farke,Mike Jackson
4317,2025/26,2025-12-03,Leeds,Chelsea,3,1,H,17,14,5,2,4.1,4.1,1.8,28913,2.2047,0.964018,Daniel Farke,Enzo Maresca
4344,2025/26,2025-12-20,Leeds,Crystal Palace,4,1,H,20,9,8,3,2.6,3.3,2.75,28943,2.90786,1.53058,Daniel Farke,Oliver Glasner
4190,2025/26,2025-08-18,Leeds,Everton,1,0,H,21,7,3,1,2.38,3.3,3.0,28787,2.3812,0.674338,Daniel Farke,David Moyes
4392,2025/26,2026-01-17,Leeds,Fulham,1,0,H,14,8,5,1,2.15,3.3,3.5,28991,2.16898,0.258796,Daniel Farke,Marco Silva
4324,2025/26,2025-12-06,Leeds,Liverpool,3,3,D,12,16,5,7,3.8,4.0,1.85,28923,1.79333,2.04805,Daniel Farke,Arne Slot
4455,2025/26,2026-02-28,Leeds,Man City,0,1,A,14,14,2,5,4.75,4.33,1.62,29053,1.37824,2.46834,Daniel Farke,Pep Guardiola
4377,2025/26,2026-01-04,Leeds,Man United,1,1,D,11,15,3,2,2.7,3.3,2.63,28976,0.970138,1.94781,Daniel Farke,Rúben Amorim
4202,2025/26,2025-08-30,Leeds,Newcastle,0,0,D,10,8,1,2,3.5,3.4,2.1,28803,0.6773,0.303635,Daniel Farke,Eddie Howe
4421,2025/26,2026-02-06,Leeds,Nott'm Forest,3,1,H,14,16,5,6,2.2,3.3,3.4,29023,3.38179,1.6608,Daniel Farke,Sean Dyche
4464,2025/26,2026-03-03,Leeds,Sunderland,0,1,A,18,3,4,1,1.85,3.4,4.33,29063,0.888232,0.843856,Daniel Farke,Régis Le Bris
4244,2025/26,2025-10-04,Leeds,Tottenham,1,2,A,16,9,4,3,2.7,3.5,2.5,28844,1.48051,0.688198,Daniel Farke,Thomas Frank
4261,2025/26,2025-10-24,Leeds,West Ham,2,1,H,13,9,5,3,1.8,3.5,4.75,28864,2.2214,0.498653,Daniel Farke,Nuno Espírito Santo
4502,2025/26,2026-04-18,Leeds,Wolves,3,0,H,17,7,6,2,1.62,3.9,5.75,29103,3.55804,0.568627,Daniel Farke,Rob Edwards
4209,2025/26,2025-08-31,Liverpool,Arsenal,1,0,H,9,11,3,1,2.2,3.5,3.2,28806,0.481404,0.485679,Arne Slot,Mikel Arteta
4275,2025/26,2025-11-01,Liverpool,Aston Villa,2,0,H,16,10,4,3,1.65,4.33,4.5,28872,1.47021,0.43502,Arne Slot,Unai Emery
4181,2025/26,2025-08-15,Liverpool,Bournemouth,4,2,H,19,10,10,3,1.3,6.0,8.5,28778,2.33007,1.57303,Arne Slot,Andoni Iraola
4555,2025/26,2026-05-24,Liverpool,Brentford,1,1,D,24,11,8,2,1.8,4.2,3.8,29152,2.99412,1.46082,Arne Slot,Keith Andrews
4334,2025/26,2025-12-13,Liverpool,Brighton,2,0,H,18,14,4,1,1.67,4.0,4.75,28933,2.4127,1.69004,Arne Slot,Fabian Hürzeler
4393,2025/26,2026-01-17,Liverpool,Burnley,1,1,D,32,7,11,1,1.22,6.5,11.0,28992,3.49045,0.546971,Arne Slot,Scott Parker
4532,2025/26,2026-05-09,Liverpool,Chelsea,1,1,D,8,6,3,3,1.83,4.0,3.9,29132,0.623191,0.597184,Arne Slot,Calum McFarlane
4516,2025/26,2026-04-25,Liverpool,Crystal Palace,3,1,H,9,14,3,7,1.44,5.0,6.25,29113,1.45071,2.19912,Arne Slot,Oliver Glasner
4224,2025/26,2025-09-20,Liverpool,Everton,2,1,H,11,9,3,2,1.45,4.75,6.5,28818,1.06166,0.721371,Arne Slot,David Moyes
4494,2025/26,2026-04-11,Liverpool,Fulham,2,0,H,18,19,5,4,1.65,4.2,4.75,29097,2.01499,1.42024,Arne Slot,Marco Silva
4369,2025/26,2026-01-01,Liverpool,Leeds,0,0,D,19,4,4,2,1.55,4.5,5.5,28963,1.67833,0.15936,Arne Slot,Daniel Farke
4430,2025/26,2026-02-08,Liverpool,Man City,1,2,A,15,17,4,7,2.38,3.7,2.75,29024,1.26652,2.41476,Arne Slot,Pep Guardiola
4258,2025/26,2025-10-19,Liverpool,Man United,1,2,A,19,12,6,4,1.6,4.5,5.0,28852,2.60972,2.53117,Arne Slot,Rúben Amorim
4414,2025/26,2026-01-31,Liverpool,Newcastle,4,1,H,17,8,7,2,1.8,3.9,4.1,29014,3.09973,0.284319,Arne Slot,Eddie Howe
4295,2025/26,2025-11-22,Liverpool,Nott'm Forest,0,3,A,21,15,4,7,1.44,5.0,6.25,28894,1.79273,1.19459,Arne Slot,Sean Dyche
4318,2025/26,2025-12-03,Liverpool,Sunderland,1,1,D,23,9,4,6,1.36,5.25,7.0,28914,1.37633,0.712662,Arne Slot,Régis Le Bris
4478,2025/26,2026-03-15,Liverpool,Tottenham,1,1,D,17,13,4,7,1.3,6.25,8.0,29073,1.30076,1.15636,Arne Slot,Igor Tudor
4456,2025/26,2026-02-28,Liverpool,West Ham,5,2,H,18,11,7,4,1.42,4.75,6.5,29054,2.09939,1.3517,Arne Slot,Nuno Espírito Santo
4356,2025/26,2025-12-27,Liverpool,Wolves,2,1,H,14,9,4,4,1.25,6.5,10.0,28953,1.56502,0.780664,Arne Slot,Rob Edwards
4507,2025/26,2026-04-19,Man City,Arsenal,2,1,H,15,9,5,3,1.83,3.7,4.2,29104,2.61528,2.28964,Pep Guardiola,Mikel Arteta
4556,2025/26,2026-05-24,Man City,Aston Villa,1,2,A,16,12,3,5,1.29,6.0,9.0,29153,1.38085,2.4397,Pep Guardiola,Unai Emery
4278,2025/26,2025-11-02,Man City,Bournemouth,3,1,H,15,8,8,5,1.5,4.75,5.75,28873,2.48999,0.899846,Pep Guardiola,Andoni Iraola
4533,2025/26,2026-05-09,Man City,Brentford,3,0,H,25,4,10,2,1.36,5.75,7.0,29133,4.37429,0.670038,Pep Guardiola,Keith Andrews
4388,2025/26,2026-01-07,Man City,Brighton,1,1,D,22,6,6,3,1.4,5.25,6.5,28985,2.95904,1.33162,Pep Guardiola,Fabian Hürzeler
4235,2025/26,2025-09-27,Man City,Burnley,5,1,H,21,9,8,2,1.17,7.5,15.0,28833,3.22133,0.509491,Pep Guardiola,Scott Parker
4378,2025/26,2026-01-04,Man City,Chelsea,1,1,D,14,8,3,3,1.6,4.75,4.5,28977,1.03049,2.03726,Pep Guardiola,Calum McFarlane
4540,2025/26,2026-05-13,Man City,Crystal Palace,3,0,H,15,6,4,2,1.2,7.5,12.0,29084,1.95679,0.428862,Pep Guardiola,Oliver Glasner
4255,2025/26,2025-10-18,Man City,Everton,2,0,H,19,5,7,1,1.4,5.0,7.0,28853,2.4799,0.794622,Pep Guardiola,David Moyes
4437,2025/26,2026-02-11,Man City,Fulham,3,0,H,13,14,5,3,1.36,5.5,7.0,29033,1.67722,1.05283,Pep Guardiola,Marco Silva
4303,2025/26,2025-11-29,Man City,Leeds,3,2,H,18,9,9,4,1.22,6.5,12.0,28903,2.85292,1.75142,Pep Guardiola,Daniel Farke
4289,2025/26,2025-11-09,Man City,Liverpool,3,0,H,14,7,6,1,1.9,3.9,3.7,28883,1.59542,1.0281,Pep Guardiola,Arne Slot
4220,2025/26,2025-09-14,Man City,Man United,3,0,H,13,12,6,2,1.75,4.0,4.2,28817,1.99725,1.51915,Pep Guardiola,Rúben Amorim
4445,2025/26,2026-02-21,Man City,Newcastle,2,1,H,15,13,7,7,1.45,5.0,5.5,29043,2.22648,0.507954,Pep Guardiola,Eddie Howe
4469,2025/26,2026-03-04,Man City,Nott'm Forest,2,2,D,21,9,7,4,1.38,5.0,7.5,29064,2.72655,1.23642,Pep Guardiola,Vítor Pereira
4325,2025/26,2025-12-06,Man City,Sunderland,3,0,H,18,8,6,1,1.25,6.5,10.0,28924,2.41605,0.626486,Pep Guardiola,Régis Le Bris
4196,2025/26,2025-08-23,Man City,Tottenham,0,2,A,10,12,4,5,1.48,4.5,6.25,28789,1.2475,1.28015,Pep Guardiola,Thomas Frank
4345,2025/26,2025-12-20,Man City,West Ham,3,0,H,17,7,8,3,1.22,8.0,10.0,28944,3.58188,1.02143,Pep Guardiola,Nuno Espírito Santo
4404,2025/26,2026-01-24,Man City,Wolves,2,0,H,11,11,4,1,1.2,7.0,11.0,29005,1.0654,0.542683,Pep Guardiola,Rob Edwards
4188,2025/26,2025-08-17,Man United,Arsenal,0,1,A,22,9,7,3,3.6,3.6,1.95,28786,1.37653,1.3304,Rúben Amorim,Mikel Arteta
4479,2025/26,2026-03-15,Man United,Aston Villa,3,1,H,16,9,6,2,1.73,4.0,4.5,29074,1.67823,1.21071,Michael Carrick,Unai Emery
4340,2025/26,2025-12-15,Man United,Bournemouth,4,4,D,25,14,9,9,1.83,4.0,3.8,28934,3.21204,2.35196,Rúben Amorim,Andoni Iraola
4519,2025/26,2026-04-27,Man United,Brentford,2,1,H,11,12,6,4,1.85,3.8,4.0,29114,1.84852,1.30383,Michael Carrick,Keith Andrews
4264,2025/26,2025-10-25,Man United,Brighton,4,2,H,13,17,9,5,1.95,3.8,3.5,28865,1.96231,0.947154,Rúben Amorim,Fabian Hürzeler
4203,2025/26,2025-08-30,Man United,Burnley,3,2,H,26,6,6,3,1.33,5.25,8.0,28802,4.02237,1.32618,Rúben Amorim,Scott Parker
4225,2025/26,2025-09-20,Man United,Chelsea,2,1,H,11,5,4,1,2.6,3.8,2.45,28824,1.34458,0.469843,Rúben Amorim,Enzo Maresca
4461,2025/26,2026-03-01,Man United,Crystal Palace,2,1,H,20,8,11,3,1.53,4.5,5.5,29055,2.34609,0.384699,Michael Carrick,Oliver Glasner
4300,2025/26,2025-11-24,Man United,Everton,0,1,A,25,3,6,1,1.75,4.0,4.33,28895,2.2737,0.155063,Rúben Amorim,David Moyes
4417,2025/26,2026-02-01,Man United,Fulham,3,2,H,13,14,6,6,1.57,4.5,5.0,29012,1.84362,1.71998,Michael Carrick,Marco Silva
4499,2025/26,2026-04-13,Man United,Leeds,1,2,A,20,15,9,6,1.62,4.1,5.0,29088,1.36555,2.95118,Michael Carrick,Daniel Farke
4527,2025/26,2026-05-03,Man United,Liverpool,3,2,H,18,13,6,5,2.3,3.8,2.75,29125,2.55612,1.02814,Michael Carrick,Arne Slot
4394,2025/26,2026-01-17,Man United,Man City,2,0,H,11,7,7,1,3.7,3.8,1.91,28993,3.07278,0.387015,Michael Carrick,Pep Guardiola
4351,2025/26,2025-12-26,Man United,Newcastle,1,0,H,10,16,4,3,2.55,3.6,2.6,28954,0.940811,1.12998,Rúben Amorim,Eddie Howe
4545,2025/26,2026-05-17,Man United,Nott'm Forest,3,2,H,29,11,8,4,1.6,4.2,5.25,29145,4.28532,1.84418,Michael Carrick,Vítor Pereira
4245,2025/26,2025-10-04,Man United,Sunderland,2,0,H,15,8,6,3,1.5,4.75,5.75,28845,1.9298,0.807119,Rúben Amorim,Régis Le Bris
4426,2025/26,2026-02-07,Man United,Tottenham,2,0,H,23,7,10,1,1.57,4.5,5.0,29025,2.16576,0.593404,Michael Carrick,Thomas Frank
4320,2025/26,2025-12-04,Man United,West Ham,1,1,D,17,11,4,3,1.45,5.0,6.0,28915,2.27674,1.36584,Rúben Amorim,Nuno Espírito Santo
4364,2025/26,2025-12-30,Man United,Wolves,1,1,D,15,11,6,4,1.36,5.25,8.0,28964,1.13306,1.21784,Rúben Amorim,Rob Edwards
4239,2025/26,2025-09-28,Newcastle,Arsenal,1,2,A,8,20,3,7,3.6,3.4,2.1,28836,0.739851,2.07048,Eddie Howe,Mikel Arteta
4409,2025/26,2026-01-25,Newcastle,Aston Villa,0,2,A,15,14,4,8,1.95,3.7,3.7,29006,1.95484,1.32143,Eddie Howe,Unai Emery
4503,2025/26,2026-04-18,Newcastle,Bournemouth,1,2,A,12,12,3,3,2.0,3.75,3.5,29105,1.61167,3.36662,Eddie Howe,Andoni Iraola
4427,2025/26,2026-02-07,Newcastle,Brentford,2,3,A,16,11,4,5,2.1,3.5,3.5,29026,3.3215,1.65022,Eddie Howe,Keith Andrews
4523,2025/26,2026-05-02,Newcastle,Brighton,3,1,H,13,13,6,4,2.5,3.75,2.6,29126,3.12933,1.87112,Eddie Howe,Fabian Hürzeler
4326,2025/26,2025-12-06,Newcastle,Burnley,2,1,H,17,9,7,3,1.27,6.0,9.5,28925,1.80708,1.58375,Eddie Howe,Scott Parker
4346,2025/26,2025-12-20,Newcastle,Chelsea,2,2,D,11,13,5,4,2.75,3.6,2.45,28945,2.87863,1.0261,Eddie Howe,Enzo Maresca
4379,2025/26,2026-01-04,Newcastle,Crystal Palace,2,0,H,12,11,7,1,1.7,3.9,4.75,28968,2.72764,1.27825,Eddie Howe,Oliver Glasner
4457,2025/26,2026-02-28,Newcastle,Everton,2,3,A,17,9,7,5,1.7,4.0,4.75,29056,1.11889,2.40731,Eddie Howe,David Moyes
4265,2025/26,2025-10-25,Newcastle,Fulham,2,1,H,18,12,7,5,1.62,3.9,5.5,28866,2.76806,1.52001,Eddie Howe,Marco Silva
4389,2025/26,2026-01-07,Newcastle,Leeds,4,3,H,18,14,8,6,1.67,3.8,5.0,28986,2.43495,2.35318,Eddie Howe,Daniel Farke
4200,2025/26,2025-08-25,Newcastle,Liverpool,2,3,A,10,5,3,4,3.25,3.8,2.05,28797,1.96342,0.646559,Eddie Howe,Arne Slot
4296,2025/26,2025-11-22,Newcastle,Man City,2,1,H,9,17,5,4,3.6,3.8,1.95,28896,2.40555,2.45648,Eddie Howe,Pep Guardiola
4470,2025/26,2026-03-04,Newcastle,Man United,2,1,H,12,14,5,5,2.63,3.5,2.6,29065,1.96637,1.80571,Eddie Howe,Michael Carrick
4249,2025/26,2025-10-05,Newcastle,Nott'm Forest,2,0,H,18,5,9,4,1.57,4.2,5.5,28846,3.81662,0.337689,Eddie Howe,Ange Postecoglou
4488,2025/26,2026-03-22,Newcastle,Sunderland,1,2,A,16,17,4,7,1.67,4.0,5.0,29085,1.26705,2.66657,Eddie Howe,Régis Le Bris
4313,2025/26,2025-12-02,Newcastle,Tottenham,2,2,D,19,8,7,2,1.83,3.8,4.1,28916,1.88558,1.05205,Eddie Howe,Thomas Frank
4546,2025/26,2026-05-17,Newcastle,West Ham,3,1,H,15,15,7,8,2.1,3.8,3.2,29146,2.1336,0.957771,Eddie Howe,Nuno Espírito Santo
4217,2025/26,2025-09-13,Newcastle,Wolves,1,0,H,16,8,4,3,1.42,4.75,7.0,28809,1.19186,0.375942,Eddie Howe,Vítor Pereira
4395,2025/26,2026-01-17,Nott'm Forest,Arsenal,0,0,D,6,15,0,3,6.0,4.33,1.53,28994,0.318481,2.86323,Sean Dyche,Mikel Arteta
4497,2025/26,2026-04-12,Nott'm Forest,Aston Villa,1,1,D,15,12,4,5,2.63,3.3,2.7,29089,0.85045,1.36297,Vítor Pereira,Unai Emery
4557,2025/26,2026-05-24,Nott'm Forest,Bournemouth,1,1,D,15,17,5,4,3.3,3.75,2.05,29154,2.05852,1.33684,Vítor Pereira,Andoni Iraola
4189,2025/26,2025-08-17,Nott'm Forest,Brentford,3,1,H,11,10,5,3,2.2,3.3,3.5,28785,1.7555,1.32516,Nuno Espírito Santo,Keith Andrews
4309,2025/26,2025-11-30,Nott'm Forest,Brighton,0,2,A,19,17,3,6,2.75,3.3,2.63,28904,0.960325,2.0572,Sean Dyche,Fabian Hürzeler
4508,2025/26,2026-04-19,Nott'm Forest,Burnley,4,1,H,10,4,4,3,1.5,4.2,7.0,29106,1.4425,0.601418,Vítor Pereira,Scott Parker
4256,2025/26,2025-10-18,Nott'm Forest,Chelsea,0,3,A,12,17,2,6,3.7,3.8,1.95,28854,2.0555,2.5583,Ange Postecoglou,Enzo Maresca
4418,2025/26,2026-02-01,Nott'm Forest,Crystal Palace,1,1,D,9,14,1,3,1.95,3.5,3.9,29013,0.987254,1.648,Sean Dyche,Oliver Glasner
4365,2025/26,2025-12-30,Nott'm Forest,Everton,0,2,A,21,11,6,3,2.1,3.25,3.7,28965,1.75445,1.69525,Sean Dyche,David Moyes
4480,2025/26,2026-03-15,Nott'm Forest,Fulham,0,0,D,11,5,2,0,2.2,3.4,3.3,29075,0.821011,0.933988,Vítor Pereira,Marco Silva
4290,2025/26,2025-11-09,Nott'm Forest,Leeds,3,1,H,14,10,6,3,2.25,3.25,3.3,28884,2.49097,0.419461,Sean Dyche,Daniel Farke
4448,2025/26,2026-02-22,Nott'm Forest,Liverpool,0,1,A,18,10,2,4,4.1,3.9,1.8,29044,0.934768,2.39634,Vítor Pereira,Arne Slot
4357,2025/26,2025-12-27,Nott'm Forest,Man City,1,2,A,7,16,2,5,5.0,4.33,1.6,28955,0.600141,1.46468,Sean Dyche,Pep Guardiola
4276,2025/26,2025-11-01,Nott'm Forest,Man United,2,2,D,17,18,3,7,3.3,3.75,2.05,28874,1.55066,0.91622,Sean Dyche,Rúben Amorim
4537,2025/26,2026-05-10,Nott'm Forest,Newcastle,1,1,D,17,16,6,6,2.6,3.6,2.6,29134,1.46434,1.65067,Vítor Pereira,Eddie Howe
4236,2025/26,2025-09-27,Nott'm Forest,Sunderland,0,1,A,22,11,6,3,1.75,3.75,4.5,28834,1.4203,1.94154,Ange Postecoglou,Régis Le Bris
4337,2025/26,2025-12-14,Nott'm Forest,Tottenham,3,0,H,15,6,6,1,2.55,3.3,2.8,28935,2.32658,0.380246,Sean Dyche,Thomas Frank
4210,2025/26,2025-08-31,Nott'm Forest,West Ham,0,3,A,11,12,3,8,1.67,3.75,5.25,28804,0.716018,2.236,Nuno Espírito Santo,Graham Potter
4438,2025/26,2026-02-11,Nott'm Forest,Wolves,0,0,D,35,7,10,3,1.7,3.8,5.0,29034,3.69094,0.406959,Sean Dyche,Rob Edwards
4283,2025/26,2025-11-08,Sunderland,Arsenal,2,2,D,6,17,2,7,7.5,5.0,1.38,28885,1.20495,2.32943,Régis Le Bris,Mikel Arteta
4230,2025/26,2025-09-21,Sunderland,Aston Villa,1,1,D,14,12,4,2,3.4,3.5,2.1,28826,0.938312,0.939354,Régis Le Bris,Unai Emery
4304,2025/26,2025-11-29,Sunderland,Bournemouth,3,2,H,12,18,6,6,3.2,3.3,2.3,28905,1.16955,1.79274,Régis Le Bris,Andoni Iraola
4204,2025/26,2025-08-30,Sunderland,Brentford,2,1,H,12,7,3,4,3.0,3.3,2.4,28801,1.57127,1.44604,Régis Le Bris,Keith Andrews
4475,2025/26,2026-03-14,Sunderland,Brighton,0,1,A,14,12,4,4,3.3,3.3,2.25,29076,0.659083,1.12832,Régis Le Bris,Fabian Hürzeler
4420,2025/26,2026-02-02,Sunderland,Burnley,3,0,H,14,5,5,0,1.8,3.5,4.75,29011,1.8865,0.126371,Régis Le Bris,Scott Parker
4558,2025/26,2026-05-24,Sunderland,Chelsea,2,1,H,20,10,2,1,3.6,3.6,2.0,29155,2.33109,0.920885,Régis Le Bris,Calum McFarlane
4396,2025/26,2026-01-17,Sunderland,Crystal Palace,2,1,H,13,6,7,2,2.75,3.1,2.75,28995,1.84601,1.15169,Régis Le Bris,Oliver Glasner
4280,2025/26,2025-11-03,Sunderland,Everton,1,1,D,17,8,3,2,2.7,3.2,2.7,28875,1.18068,1.00741,Régis Le Bris,David Moyes
4449,2025/26,2026-02-22,Sunderland,Fulham,1,3,A,12,12,2,4,2.7,3.25,2.7,29045,1.7609,2.16696,Régis Le Bris,Marco Silva
4360,2025/26,2025-12-28,Sunderland,Leeds,1,1,D,8,17,3,6,2.5,3.1,2.88,28956,0.805957,2.60653,Régis Le Bris,Daniel Farke
4439,2025/26,2026-02-11,Sunderland,Liverpool,0,1,A,11,23,2,3,4.75,3.8,1.73,29035,0.693794,3.08172,Régis Le Bris,Arne Slot
4370,2025/26,2026-01-01,Sunderland,Man City,0,0,D,10,14,4,4,7.5,4.75,1.38,28966,0.962141,2.44247,Régis Le Bris,Pep Guardiola
4534,2025/26,2026-05-09,Sunderland,Man United,0,0,D,15,11,4,1,3.9,3.75,1.85,29135,1.2376,0.535981,Régis Le Bris,Michael Carrick
4338,2025/26,2025-12-14,Sunderland,Newcastle,1,0,H,5,6,1,2,3.3,3.3,2.25,28936,0.630045,0.169329,Régis Le Bris,Eddie Howe
4513,2025/26,2026-04-24,Sunderland,Nott'm Forest,0,5,A,14,10,4,6,2.7,3.2,2.7,29115,0.614323,1.54208,Régis Le Bris,Vítor Pereira
4498,2025/26,2026-04-12,Sunderland,Tottenham,1,0,H,13,11,2,7,2.7,3.2,2.7,29090,1.77584,1.01598,Régis Le Bris,Roberto De Zerbi
4184,2025/26,2025-08-16,Sunderland,West Ham,3,0,H,10,12,5,4,3.25,3.4,2.25,28781,0.724368,0.558948,Régis Le Bris,Graham Potter
4257,2025/26,2025-10-18,Sunderland,Wolves,2,0,H,8,16,2,3,2.5,3.0,3.1,28855,1.02481,0.676323,Régis Le Bris,Vítor Pereira
4450,2025/26,2026-02-22,Tottenham,Arsenal,1,4,A,6,20,5,7,6.0,4.0,1.57,29046,0.383264,3.31701,Igor Tudor,Mikel Arteta
4259,2025/26,2025-10-19,Tottenham,Aston Villa,1,2,A,9,8,3,2,2.05,3.5,3.5,28856,1.51461,0.352231,Thomas Frank,Unai Emery
4205,2025/26,2025-08-30,Tottenham,Bournemouth,0,1,A,5,20,1,6,1.73,4.2,4.2,28799,0.17067,2.1201,Thomas Frank,Andoni Iraola
4327,2025/26,2025-12-06,Tottenham,Brentford,2,0,H,15,4,7,1,2.3,3.5,3.0,28926,2.42388,0.470563,Thomas Frank,Keith Andrews
4504,2025/26,2026-04-18,Tottenham,Brighton,2,2,D,13,10,6,3,2.7,3.75,2.4,29107,1.56052,1.1373,Roberto De Zerbi,Fabian Hürzeler
4185,2025/26,2025-08-16,Tottenham,Burnley,3,0,H,16,14,6,4,1.38,4.75,8.5,28782,1.97858,0.734138,Thomas Frank,Scott Parker
4277,2025/26,2025-11-01,Tottenham,Chelsea,0,1,A,3,15,1,9,2.7,3.5,2.5,28876,0.146954,3.34251,Thomas Frank,Enzo Maresca
4471,2025/26,2026-03-05,Tottenham,Crystal Palace,1,3,A,12,9,4,4,2.35,3.25,3.1,29066,1.29615,1.91515,Igor Tudor,Oliver Glasner
4559,2025/26,2026-05-24,Tottenham,Everton,1,0,H,21,8,6,3,1.91,3.75,3.8,29156,1.40597,0.268476,Roberto De Zerbi,David Moyes
4305,2025/26,2025-11-29,Tottenham,Fulham,1,2,A,14,7,2,3,2.2,3.3,3.3,28906,1.04396,0.494736,Thomas Frank,Marco Silva
4539,2025/26,2026-05-11,Tottenham,Leeds,1,1,D,16,11,3,4,1.83,4.1,3.75,29136,1.49036,1.86976,Roberto De Zerbi,Daniel Farke
4347,2025/26,2025-12-20,Tottenham,Liverpool,1,2,A,15,8,4,4,3.5,3.75,2.0,28946,1.34905,1.23164,Thomas Frank,Arne Slot
4419,2025/26,2026-02-01,Tottenham,Man City,2,2,D,12,15,6,3,4.5,4.1,1.73,29016,1.49738,2.03614,Thomas Frank,Pep Guardiola
4284,2025/26,2025-11-08,Tottenham,Man United,2,2,D,10,5,4,2,2.63,3.6,2.5,28886,1.35532,0.820256,Thomas Frank,Rúben Amorim
4433,2025/26,2026-02-10,Tottenham,Newcastle,1,2,A,16,21,2,5,3.2,3.6,2.2,29036,1.68925,2.46991,Thomas Frank,Eddie Howe
4489,2025/26,2026-03-22,Tottenham,Nott'm Forest,0,3,A,14,8,3,7,2.25,3.4,3.2,29086,1.6189,1.54408,Igor Tudor,Vítor Pereira
4380,2025/26,2026-01-04,Tottenham,Sunderland,1,1,D,13,10,5,3,1.8,3.6,4.5,28969,1.4175,0.467481,Thomas Frank,Régis Le Bris
4397,2025/26,2026-01-17,Tottenham,West Ham,1,2,A,21,17,6,4,1.73,4.0,4.5,28996,1.65292,2.76761,Thomas Frank,Nuno Espírito Santo
4237,2025/26,2025-09-27,Tottenham,Wolves,1,1,D,10,9,3,3,1.5,4.5,6.0,28835,0.818711,1.15951,Thomas Frank,Vítor Pereira
4538,2025/26,2026-05-10,West Ham,Arsenal,0,1,A,9,15,3,4,5.5,4.2,1.57,29137,1.32011,1.42953,Nuno Espírito Santo,Mikel Arteta
4339,2025/26,2025-12-14,West Ham,Aston Villa,2,3,A,10,7,3,4,3.75,3.5,2.0,28937,1.27701,0.595093,Nuno Espírito Santo,Unai Emery
4446,2025/26,2026-02-21,West Ham,Bournemouth,0,0,D,20,10,3,5,2.5,3.7,2.63,29047,2.34412,0.522731,Nuno Espírito Santo,Andoni Iraola
4260,2025/26,2025-10-20,West Ham,Brentford,0,2,A,7,22,1,7,2.5,3.25,2.88,28857,0.260251,3.46635,Nuno Espírito Santo,Keith Andrews
4366,2025/26,2025-12-30,West Ham,Brighton,2,2,D,10,16,4,6,3.4,3.75,2.0,28967,2.27644,3.08914,Nuno Espírito Santo,Fabian Hürzeler
4285,2025/26,2025-11-08,West Ham,Burnley,3,2,H,15,16,6,7,1.91,3.5,4.0,28887,2.96728,1.87478,Nuno Espírito Santo,Scott Parker
4191,2025/26,2025-08-22,West Ham,Chelsea,1,5,A,12,12,4,7,4.75,3.8,1.73,28788,0.978572,3.94997,Graham Potter,Enzo Maresca
4226,2025/26,2025-09-20,West Ham,Crystal Palace,1,2,A,8,18,3,3,2.88,3.5,2.38,28819,0.466365,2.33565,Graham Potter,Oliver Glasner
4517,2025/26,2026-04-25,West Ham,Everton,2,1,H,10,11,3,3,2.4,3.4,2.9,29116,1.8356,1.1144,Nuno Espírito Santo,David Moyes
4358,2025/26,2025-12-27,West Ham,Fulham,0,1,A,11,15,2,4,2.63,3.4,2.6,28957,1.13719,1.11436,Nuno Espírito Santo,Marco Silva
4560,2025/26,2026-05-24,West Ham,Leeds,3,0,H,16,13,9,3,1.85,4.0,3.75,29157,2.73135,1.94969,Nuno Espírito Santo,Daniel Farke
4310,2025/26,2025-11-30,West Ham,Liverpool,0,2,A,7,9,0,5,4.33,4.33,1.67,28907,0.364152,1.56793,Nuno Espírito Santo,Arne Slot
4476,2025/26,2026-03-14,West Ham,Man City,1,1,D,1,24,1,6,4.33,4.33,1.7,29077,0.488982,1.9546,Nuno Espírito Santo,Pep Guardiola
4434,2025/26,2026-02-10,West Ham,Man United,1,1,D,7,9,3,3,4.5,4.2,1.7,29037,1.30746,0.735767,Nuno Espírito Santo,Michael Carrick
4279,2025/26,2025-11-02,West Ham,Newcastle,3,1,H,15,12,9,4,5.25,4.0,1.62,28877,1.41383,0.523615,Nuno Espírito Santo,Eddie Howe
4381,2025/26,2026-01-06,West Ham,Nott'm Forest,1,2,A,14,13,3,5,2.88,3.25,2.2,28987,1.73697,1.26683,Nuno Espírito Santo,Sean Dyche
4405,2025/26,2026-01-24,West Ham,Sunderland,3,1,H,13,7,5,2,2.5,3.2,2.88,29007,2.18675,0.713838,Nuno Espírito Santo,Régis Le Bris
4218,2025/26,2025-09-13,West Ham,Tottenham,0,3,A,7,14,4,5,3.4,3.6,2.1,28814,0.793248,1.51402,Graham Potter,Thomas Frank
4490,2025/26,2026-04-10,West Ham,Wolves,4,0,H,18,14,7,3,1.8,3.8,4.33,29091,2.54379,0.571967,Nuno Espírito Santo,Rob Edwards
4441,2025/26,2026-02-18,Wolves,Arsenal,2,2,D,5,10,2,4,11.0,5.25,1.29,29087,0.173119,2.01018,Rob Edwards,Mikel Arteta
4452,2025/26,2026-02-27,Wolves,Aston Villa,2,0,H,9,14,2,5,4.1,3.7,1.85,29057,1.50771,1.31328,Rob Edwards,Unai Emery
4415,2025/26,2026-01-31,Wolves,Bournemouth,0,2,A,17,9,7,4,2.9,3.5,2.3,29017,2.10353,1.59116,Rob Edwards,Andoni Iraola
4348,2025/26,2025-12-20,Wolves,Brentford,0,2,A,9,7,2,6,3.5,3.6,2.05,28947,1.26823,1.56309,Rob Edwards,Keith Andrews
4250,2025/26,2025-10-05,Wolves,Brighton,1,1,D,6,17,3,6,3.6,3.7,2.0,28847,0.369404,1.39158,Vítor Pereira,Fabian Hürzeler
4270,2025/26,2025-10-26,Wolves,Burnley,2,3,A,15,11,7,7,1.95,3.3,4.2,28867,2.58132,1.54544,Vítor Pereira,Scott Parker
4428,2025/26,2026-02-07,Wolves,Chelsea,1,3,A,11,15,3,6,5.0,4.0,1.67,29027,1.11372,3.76278,Rob Edwards,Liam Rosenior
4297,2025/26,2025-11-22,Wolves,Crystal Palace,0,2,A,8,10,1,4,3.8,3.6,1.95,28897,1.66409,1.44933,Rob Edwards,Oliver Glasner
4206,2025/26,2025-08-30,Wolves,Everton,2,3,A,12,10,4,4,2.7,3.2,2.75,28800,0.943257,2.03791,Vítor Pereira,David Moyes
4547,2025/26,2026-05-17,Wolves,Fulham,1,1,D,11,13,3,5,3.8,3.8,1.9,29147,1.49725,1.48412,Rob Edwards,Marco Silva
4227,2025/26,2025-09-20,Wolves,Leeds,1,3,A,16,6,6,4,2.7,3.2,2.75,28820,1.5661,0.456988,Vítor Pereira,Daniel Farke
4465,2025/26,2026-03-03,Wolves,Liverpool,2,1,H,4,19,3,7,5.5,4.5,1.5,29067,0.636033,2.17217,Rob Edwards,Arne Slot
4186,2025/26,2025-08-16,Wolves,Man City,0,4,A,9,15,3,4,6.25,4.75,1.45,28783,0.519436,2.29903,Vítor Pereira,Pep Guardiola
4330,2025/26,2025-12-08,Wolves,Man United,1,4,A,8,27,2,10,4.2,4.0,1.75,28927,0.262147,4.04708,Rob Edwards,Rúben Amorim
4399,2025/26,2026-01-18,Wolves,Newcastle,0,0,D,6,12,2,2,4.75,4.0,1.7,28997,0.390216,0.813313,Rob Edwards,Eddie Howe
4319,2025/26,2025-12-03,Wolves,Nott'm Forest,0,1,A,5,10,1,3,3.25,3.4,2.25,28917,1.02461,1.12389,Rob Edwards,Sean Dyche
4524,2025/26,2026-05-02,Wolves,Sunderland,1,1,D,20,10,7,2,3.1,3.2,2.1,29127,1.96131,0.923954,Rob Edwards,Régis Le Bris
4518,2025/26,2026-04-25,Wolves,Tottenham,0,1,A,11,11,2,2,4.5,4.33,1.67,29117,0.762656,1.06403,Rob Edwards,Roberto De Zerbi
4374,2025/26,2026-01-03,Wolves,West Ham,3,0,H,11,6,8,0,2.5,3.3,2.88,28970,2.23925,0.235678,Rob Edwards,Nuno Espírito Santo
