season,team,player_id,player_name,transfer_date,from_club_name,fee_eur,market_value_in_eur,move_type
2014/15,Arsenal,191217,Héctor Bellerín,2014-07-01,Arsenal U21,,500000.0,youth_promotion
2014/15,Arsenal,40433,Alexis Sánchez,2014-07-10,Barcelona,42500000.0,30000000.0,paid
2014/15,Arsenal,73396,David Ospina,2014-07-27,Nice,4000000.0,5000000.0,paid
2014/15,Arsenal,215118,Calum Chambers,2014-07-28,Southampton,20230000.0,2000000.0,paid
2014/15,Arsenal,67063,Danny Welbeck,2014-09-01,Man Utd,20000000.0,17000000.0,paid
2014/15,Arsenal,74869,Francis Coquelin,2014-12-12,Charlton,0.0,3000000.0,loan_return
2014/15,Arsenal,193592,Kristoffer Olsson,2015-01-03,FC Midtjylland,0.0,100000.0,loan_return
2014/15,Arsenal,149498,Gabriel Paulista,2015-01-28,Villarreal,15000000.0,8000000.0,paid
2014/15,Arsenal,111873,Emiliano Martínez,2015-05-04,Rotherham,0.0,1000000.0,loan_return
2014/15,Arsenal,251912,Semi Ajayi,2015-05-31,Cardiff,0.0,,loan_return
2014/15,Arsenal,15185,Lukas Podolski,2015-06-30,Inter,0.0,7500000.0,loan_return
2014/15,Arsenal,129688,Ryo Miyaichi,2015-06-30,FC Twente,0.0,1500000.0,loan_return
2014/15,Arsenal,131248,Joel Campbell,2015-06-30,Villarreal,0.0,6000000.0,loan_return
2014/15,Aston Villa,169092,Daniel Johnson,2014-11-03,Chesterfield,0.0,100000.0,loan_return
2014/15,Aston Villa,169092,Daniel Johnson,2015-01-05,Oldham Athletic,0.0,100000.0,loan_return
2014/15,Aston Villa,127987,Carles Gil,2015-01-13,Valencia,4200000.0,6000000.0,paid
2014/15,Aston Villa,126516,Antonio Luna,2015-02-01,Hellas Verona,0.0,1200000.0,loan_return
2014/15,Aston Villa,102132,Nicklas Helenius,2015-06-30,Aalborg BK,0.0,1250000.0,loan_return
2014/15,Aston Villa,126516,Antonio Luna,2015-06-30,Spezia Calcio,0.0,900000.0,loan_return
2014/15,Burnley,118534,Michael Keane,2014-09-01,Man Utd U21,0.0,500000.0,loan_in
2014/15,Burnley,118534,Michael Keane,2015-01-12,Man Utd U21,2560000.0,500000.0,paid
2014/15,Burnley,158022,Fredrik Ulvestad,2015-03-10,Without Club,,1300000.0,undisclosed
2014/15,Chelsea,205938,Mario Pašalić,2014-07-09,Hajduk Split,2500000.0,3000000.0,paid
2014/15,Chelsea,202886,Ruben Loftus-Cheek,2015-01-01,Chelsea U21,,150000.0,youth_promotion
2014/15,Chelsea,245072,Stipe Perica,2015-01-28,NAC Breda,0.0,1000000.0,loan_return
2014/15,Chelsea,91970,Juan Cuadrado,2015-02-02,Fiorentina,31000000.0,32000000.0,paid
2014/15,Chelsea,177476,Nathan Aké,2015-04-22,Reading,0.0,1500000.0,loan_return
2014/15,Chelsea,59866,Victor Moses,2015-05-31,Stoke City,0.0,7500000.0,loan_return
2014/15,Chelsea,131708,Kenneth Omeruo,2015-05-31,Middlesbrough,0.0,1000000.0,loan_return
2014/15,Chelsea,66100,Oriol Romeu,2015-06-30,Stuttgart,0.0,3500000.0,loan_return
2014/15,Chelsea,74297,Gaël Kakuta,2015-06-30,Rayo Vallecano,0.0,3500000.0,loan_return
2014/15,Chelsea,102226,Thorgan Hazard,2015-06-30,Mönchengladbach,0.0,10000000.0,loan_return
2014/15,Chelsea,131996,Bertrand Traoré,2015-06-30,Vitesse,0.0,2500000.0,loan_return
2014/15,Chelsea,147034,Marco van Ginkel,2015-06-30,AC Milan,0.0,7500000.0,loan_return
2014/15,Chelsea,148455,Mohamed Salah,2015-06-30,Fiorentina,0.0,12000000.0,loan_return
2014/15,Chelsea,176485,Lucas Piazón,2015-06-30,Frankfurt,0.0,5000000.0,loan_return
2014/15,Chelsea,186863,Cristian Cuevas,2015-06-30,U. de Chile,0.0,1500000.0,loan_return
2014/15,Chelsea,205938,Mario Pašalić,2015-06-30,Elche CF,0.0,3000000.0,loan_return
2014/15,Crystal Palace,145988,Wilfried Zaha,2014-08-28,Man Utd,0.0,8000000.0,loan_in
2014/15,Crystal Palace,125868,Pape Souaré,2015-02-01,LOSC Lille,5300000.0,3500000.0,paid
2014/15,Crystal Palace,81801,Chung-yong Lee,2015-02-02,Bolton,,3000000.0,undisclosed
2014/15,Crystal Palace,145988,Wilfried Zaha,2015-02-02,Man Utd,3800000.0,8000000.0,paid
2014/15,Everton,156934,Tyias Browning,2014-07-01,Everton U21,,,youth_promotion
2014/15,Everton,93905,Muhamed Besic,2014-07-28,Ferencváros,4800000.0,2500000.0,paid
2014/15,Everton,96341,Romelu Lukaku,2014-07-30,Chelsea,35360000.0,25000000.0,paid
2014/15,Everton,156941,John Lundstram,2015-01-03,Blackpool,0.0,500000.0,loan_return
2014/15,Everton,132207,Matty Kennedy,2015-01-05,Hibernian FC,0.0,50000.0,loan_return
2014/15,Everton,156941,John Lundstram,2015-02-18,Leyton Orient,0.0,500000.0,loan_return
2014/15,Everton,156941,John Lundstram,2015-04-19,Scunthorpe Utd.,0.0,500000.0,loan_return
2014/15,Hull,177907,Harry Maguire,2014-07-29,Sheff Utd,3150000.0,750000.0,paid
2014/15,Hull,234803,Andrew Robertson,2014-07-29,Dundee United,3600000.0,600000.0,paid
2014/15,Hull,146509,Conor Townsend,2015-02-02,Dundee United,0.0,200000.0,loan_return
2014/15,Hull,146509,Conor Townsend,2015-05-31,Scunthorpe Utd.,0.0,200000.0,loan_return
2014/15,Hull,177907,Harry Maguire,2015-05-31,Wigan,0.0,2000000.0,loan_return
2014/15,Leicester,229970,Tom Lawrence,2014-09-01,Man Utd U21,1260000.0,,paid
2014/15,Leicester,229970,Tom Lawrence,2014-12-30,Rotherham,0.0,1000000.0,loan_return
2014/15,Leicester,46580,Andrej Kramaric,2015-01-16,HNK Rijeka,9000000.0,4500000.0,paid
2014/15,Leicester,108725,Chris Wood,2015-04-24,Ipswich,0.0,1000000.0,loan_return
2014/15,Liverpool,43530,Adam Lallana,2014-07-01,Southampton,31000000.0,7500000.0,paid
2014/15,Liverpool,119296,Emre Can,2014-07-01,Leverkusen,12000000.0,7500000.0,paid
2014/15,Liverpool,243591,Lawrence Vigouroux,2014-07-07,Tottenham U21,0.0,,free
2014/15,Liverpool,144303,Lazar Markovic,2014-07-15,Benfica,25000000.0,10000000.0,paid
2014/15,Liverpool,37838,Dejan Lovren,2014-07-27,Southampton,25300000.0,12000000.0,paid
2014/15,Liverpool,148368,Divock Origi,2014-07-29,LOSC Lille,12630000.0,1000000.0,paid
2014/15,Liverpool,162029,Javier Manquillo,2014-08-06,Atlético Madrid,0.0,6000000.0,loan_in
2014/15,Liverpool,207917,Alberto Moreno,2014-08-13,Sevilla FC,18000000.0,15000000.0,paid
2014/15,Liverpool,45146,Mario Balotelli,2014-08-25,AC Milan,20000000.0,27000000.0,paid
2014/15,Liverpool,203026,Danny Ward,2015-04-20,Morecambe FC,0.0,250000.0,loan_return
2014/15,Liverpool,102427,Sebastián Coates,2015-05-31,Sunderland,0.0,1500000.0,loan_return
2014/15,Liverpool,72047,Iago Aspas,2015-06-30,Sevilla FC,0.0,4000000.0,loan_return
2014/15,Liverpool,128220,Luis Alberto,2015-06-30,Málaga CF,0.0,3500000.0,loan_return
2014/15,Liverpool,148368,Divock Origi,2015-06-30,LOSC Lille,0.0,9000000.0,loan_return
2014/15,Man City,51174,Fernando,2014-07-01,FC Porto,15000000.0,17500000.0,paid
2014/15,Man City,115507,Bruno Zuculini,2014-07-01,Racing Club,2500000.0,4000000.0,paid
2014/15,Man City,195605,José Pozo,2014-07-01,Man City U18,,,youth_promotion
2014/15,Man City,90681,Eliaquim Mangala,2014-08-11,Porto,45000000.0,28000000.0,paid
2014/15,Man City,115507,Bruno Zuculini,2015-01-30,Valencia,0.0,2000000.0,loan_return
2014/15,Man City,18644,Álvaro Negredo,2015-06-30,Valencia,0.0,22000000.0,loan_return
2014/15,Man City,115507,Bruno Zuculini,2015-06-30,Córdoba CF,0.0,2000000.0,loan_return
2014/15,Man City,143559,Matija Nastasić,2015-06-30,FC Schalke 04,0.0,13000000.0,loan_return
2014/15,Man City,174694,Rony Lopes,2015-06-30,Lille,0.0,4500000.0,loan_return
2014/15,Man United,99343,Ander Herrera,2014-07-01,Athletic Club,36000000.0,20000000.0,paid
2014/15,Man United,141660,Jesse Lingard,2014-07-01,Man Utd U21,,1000000.0,youth_promotion
2014/15,Man United,167268,Paddy McNair,2014-07-01,Man Utd U21,,,youth_promotion
2014/15,Man United,183288,Luke Shaw,2014-07-01,Southampton,37500000.0,13000000.0,paid
2014/15,Man United,257474,Vanja Milinković-Savić,2014-07-01,Vojvodina,1750000.0,,paid
2014/15,Man United,93176,Marcos Rojo,2014-08-20,Sporting,20000000.0,12000000.0,paid
2014/15,Man United,45320,Ángel Di María,2014-08-26,Real Madrid,75000000.0,50000000.0,paid
2014/15,Man United,12282,Daley Blind,2014-09-01,Ajax,17500000.0,12000000.0,paid
2014/15,Man United,39152,Radamel Falcao,2014-09-01,Monaco,0.0,55000000.0,loan_in
2014/15,Man United,110864,Sam Johnstone,2015-01-11,Doncaster,0.0,250000.0,loan_return
2014/15,Man United,145988,Wilfried Zaha,2015-02-01,Crystal Palace,0.0,8000000.0,loan_return
2014/15,Man United,110864,Sam Johnstone,2015-05-31,Preston,0.0,250000.0,loan_return
2014/15,Man United,141660,Jesse Lingard,2015-05-31,Derby,0.0,1000000.0,loan_return
2014/15,Man United,33706,Nani,2015-06-30,Sporting,0.0,16000000.0,loan_return
2014/15,Man United,189740,Ángelo Henríquez,2015-06-30,Dinamo Zagreb,0.0,3500000.0,loan_return
2014/15,Man United,257474,Vanja Milinković-Savić,2015-06-30,Vojvodina,0.0,750000.0,loan_return
2014/15,Newcastle,226049,Freddie Woodman,2014-07-01,Newcastle U18,,,youth_promotion
2014/15,Newcastle,246968,Ayoze Pérez,2014-07-01,CD Tenerife,2000000.0,1000000.0,paid
2014/15,Newcastle,113707,Rémy Cabella,2014-07-13,Montpellier,10000000.0,10000000.0,paid
2014/15,Newcastle,99397,Karl Darlow,2014-08-09,Nott'm Forest,5000000.0,1000000.0,paid
2014/15,Newcastle,183318,Jamaal Lascelles,2014-08-09,Nott'm Forest,5000000.0,600000.0,paid
2014/15,Newcastle,226049,Freddie Woodman,2014-10-21,Hartlepool,0.0,,loan_return
2014/15,Newcastle,99397,Karl Darlow,2015-05-31,Nott'm Forest,0.0,3000000.0,loan_return
2014/15,Newcastle,183318,Jamaal Lascelles,2015-05-31,Nott'm Forest,0.0,3000000.0,loan_return
2014/15,Newcastle,183321,Kevin Mbabu,2015-06-01,Rangers,0.0,,loan_return
2014/15,QPR,63342,Leroy Fer,2014-08-20,Norwich,10000000.0,8500000.0,paid
2014/15,QPR,89718,Eduardo Vargas,2014-08-21,Napoli,0.0,6000000.0,loan_in
2014/15,QPR,128909,Jack Robinson,2014-08-28,Liverpool,1250000.0,800000.0,paid
2014/15,QPR,95976,Alex McCarthy,2014-08-29,Reading,3800000.0,2000000.0,paid
2014/15,QPR,336367,Joe Lumley,2014-09-23,Accrington,0.0,,loan_return
2014/15,QPR,336367,Joe Lumley,2014-12-07,Morecambe FC,0.0,250000.0,loan_return
2014/15,QPR,262300,Ryan Manning,2015-01-08,Galway United,68000.0,,paid
2014/15,QPR,128909,Jack Robinson,2015-05-31,Huddersfield,0.0,1000000.0,loan_return
2014/15,Southampton,226973,Harrison Reed,2014-07-01,Southampton U21,,,youth_promotion
2014/15,Southampton,250478,Matt Targett,2014-07-01,Southampton U21,,,youth_promotion
2014/15,Southampton,36139,Dušan Tadić,2014-07-08,FC Twente,14000000.0,10000000.0,paid
2014/15,Southampton,52570,Fraser Forster,2014-08-09,Celtic,12500000.0,4500000.0,paid
2014/15,Southampton,42710,Toby Alderweireld,2014-09-01,Atlético,0.0,10000000.0,loan_in
2014/15,Southampton,200512,Sadio Mané,2014-09-01,Salzburg,23000000.0,7500000.0,paid
2014/15,Southampton,94307,Filip Djuricic,2015-02-02,Benfica,0.0,5000000.0,loan_in
2014/15,Southampton,163744,Jack Stephens,2015-05-31,Swindon Town,0.0,250000.0,loan_return
2014/15,Stoke,59866,Victor Moses,2014-08-16,Chelsea,0.0,8000000.0,loan_in
2014/15,Stoke,128899,Jack Butland,2014-11-25,Derby,0.0,5000000.0,loan_return
2014/15,Stoke,225068,Alex Grant,2015-05-31,Macclesfield,0.0,,loan_return
2014/15,Sunderland,52119,Patrick van Aanholt,2014-07-25,Chelsea,1900000.0,3500000.0,paid
2014/15,Sunderland,102427,Sebastián Coates,2014-09-01,Liverpool,0.0,2500000.0,loan_in
2014/15,Sunderland,130164,Jordan Pickford,2015-03-09,Bradford,0.0,250000.0,loan_return
2014/15,Sunderland,218144,Mikael Mandron,2015-05-31,Shrewsbury,0.0,,loan_return
2014/15,Sunderland,136647,Charalampos Mavrias,2015-06-30,Panathinaikos,0.0,1500000.0,loan_return
2014/15,Swansea,29692,Lukasz Fabianski,2014-07-01,Arsenal,0.0,2000000.0,free
2014/15,Swansea,184398,Stephen Kingsley,2014-07-01,Falkirk,,200000.0,undisclosed
2014/15,Swansea,90466,Gylfi Sigurdsson,2014-07-23,Tottenham,10100000.0,8000000.0,paid
2014/15,Swansea,189070,Modou Barrow,2014-09-01,Östersund,1890000.0,250000.0,paid
2014/15,Swansea,72768,Nélson Oliveira,2015-01-01,Benfica,0.0,4500000.0,loan_in
2014/15,Swansea,40613,Jack Cork,2015-01-30,Southampton,4000000.0,3500000.0,paid
2014/15,Swansea,189070,Modou Barrow,2015-04-26,Nottm Forest,0.0,1000000.0,loan_return
2014/15,Swansea,184398,Stephen Kingsley,2015-05-31,Yeovil Town,0.0,500000.0,loan_return
2014/15,Tottenham,192765,Ben Davies,2014-07-23,Swansea,12650000.0,5500000.0,paid
2014/15,Tottenham,175722,Eric Dier,2014-07-31,Sporting,5000000.0,3500000.0,paid
2014/15,Tottenham,255916,DeAndre Yedlin,2014-08-13,Seattle,2600000.0,250000.0,paid
2014/15,Tottenham,45314,Federico Fazio,2014-08-26,Sevilla FC,10000000.0,8000000.0,paid
2014/15,Tottenham,127160,Benjamin Stambouli,2014-09-01,Montpellier,5900000.0,5000000.0,paid
2014/15,Tottenham,255916,DeAndre Yedlin,2015-01-03,Seattle,0.0,250000.0,loan_return
2014/15,Tottenham,207929,Dele Alli,2015-02-02,MK Dons,6630000.0,2000000.0,paid
2014/15,Tottenham,140191,Ryan Fredericks,2015-05-31,Middlesbrough,0.0,250000.0,loan_return
2014/15,Tottenham,200777,Alex Pritchard,2015-05-31,Brentford,0.0,1000000.0,loan_return
2014/15,Tottenham,207929,Dele Alli,2015-05-31,MK Dons,0.0,5000000.0,loan_return
2014/15,Tottenham,55508,Lewis Holtby,2015-06-30,Hamburg,0.0,6000000.0,loan_return
2014/15,West Brom,121686,Cristian Gamboa,2014-08-05,Rosenborg,2400000.0,1000000.0,paid
2014/15,West Brom,137669,Jason Davidson,2014-08-05,Heracles Almelo,,400000.0,undisclosed
2014/15,West Ham,66934,Cheikhou Kouyaté,2014-07-01,RSC Anderlecht,7500000.0,7000000.0,paid
2014/15,West Ham,92571,Aaron Cresswell,2014-07-03,Ipswich,4750000.0,1500000.0,paid
2014/15,West Ham,139503,Enner Valencia,2014-07-17,Pachuca,15000000.0,1600000.0,paid
2014/15,West Ham,128907,Ravel Morrison,2014-12-16,Cardiff,0.0,3500000.0,loan_return
2015/16,Arsenal,197642,Chuba Akpom,2015-07-01,Arsenal U21,,1000000.0,youth_promotion
2015/16,Arsenal,242631,Alex Iwobi,2015-07-01,Arsenal U21,,,youth_promotion
2015/16,Arsenal,160438,Mohamed Elneny,2016-01-14,Basel,12500000.0,4000000.0,paid
2015/16,Arsenal,159471,Serge Gnabry,2016-02-01,West Brom,0.0,3500000.0,loan_return
2015/16,Arsenal,111873,Emiliano Martínez,2016-05-31,Wolves,0.0,1500000.0,loan_return
2015/16,Arsenal,197642,Chuba Akpom,2016-05-31,Hull City,0.0,1000000.0,loan_return
2015/16,Aston Villa,126665,Idrissa Gueye,2015-07-10,Lille,9000000.0,7500000.0,paid
2015/16,Aston Villa,241229,Jordan Amavi,2015-07-18,OGC Nice,11000000.0,4000000.0,paid
2015/16,Aston Villa,108354,Jordan Ayew,2015-07-27,FC Lorient,12000000.0,6000000.0,paid
2015/16,Aston Villa,164771,Jordan Veretout,2015-07-31,FC Nantes,10000000.0,8000000.0,paid
2015/16,Aston Villa,204103,Adama Traoré,2015-08-14,Barcelona B,10000000.0,5000000.0,paid
2015/16,Aston Villa,111426,Benjamin Siegrist,2016-03-18,Solihull Moors,0.0,250000.0,loan_return
2015/16,Aston Villa,111426,Benjamin Siegrist,2016-05-31,Wycombe,0.0,250000.0,loan_return
2015/16,Bournemouth,91059,Joshua King,2015-07-01,Blackburn,0.0,1000000.0,free
2015/16,Bournemouth,253677,Tyrone Mings,2015-07-01,Ipswich,11300000.0,6000000.0,paid
2015/16,Bournemouth,28140,Max Gradel,2015-08-04,Saint-Étienne,10000000.0,6500000.0,paid
2015/16,Bournemouth,300137,Marius Adamonis,2016-01-28,Atlantas,0.0,50000.0,loan_in
2015/16,Bournemouth,146795,Ryan Fraser,2016-05-31,Ipswich,0.0,500000.0,loan_return
2015/16,Chelsea,196948,Andreas Christensen,2015-07-01,Chelsea U21,,1500000.0,youth_promotion
2015/16,Chelsea,39152,Radamel Falcao,2015-07-03,Monaco,0.0,35000000.0,loan_in
2015/16,Chelsea,33873,Asmir Begovic,2015-07-13,Stoke City,11000000.0,12000000.0,paid
2015/16,Chelsea,224884,Abdul Rahman Baba,2015-08-16,Augsburg,26000000.0,10000000.0,paid
2015/16,Chelsea,65278,Pedro,2015-08-20,Barcelona,27000000.0,20000000.0,paid
2015/16,Chelsea,281404,Kenedy,2015-08-22,Fluminense,8000000.0,6000000.0,paid
2015/16,Chelsea,136610,Papy Djilobodji,2015-09-01,FC Nantes,3500000.0,6500000.0,paid
2015/16,Chelsea,245893,Matt Miazga,2016-01-30,New York,4600000.0,150000.0,paid
2015/16,Chelsea,147034,Marco van Ginkel,2016-01-31,Stoke City,0.0,7500000.0,loan_return
2015/16,Chelsea,176485,Lucas Piazón,2016-04-29,Reading,0.0,3000000.0,loan_return
2015/16,Chelsea,59866,Victor Moses,2016-05-31,West Ham,0.0,7500000.0,loan_return
2015/16,Chelsea,177476,Nathan Aké,2016-05-31,Watford,0.0,4500000.0,loan_return
2015/16,Chelsea,91970,Juan Cuadrado,2016-06-30,Juventus,0.0,25000000.0,loan_return
2015/16,Chelsea,131708,Kenneth Omeruo,2016-06-30,Kasimpasa,0.0,1800000.0,loan_return
2015/16,Chelsea,136610,Papy Djilobodji,2016-06-30,Werder Bremen,0.0,3500000.0,loan_return
2015/16,Chelsea,147034,Marco van Ginkel,2016-06-30,PSV,0.0,7000000.0,loan_return
2015/16,Chelsea,148455,Mohamed Salah,2016-06-30,Roma,0.0,23000000.0,loan_return
2015/16,Chelsea,186863,Cristian Cuevas,2016-06-30,Sint-Truiden,0.0,1500000.0,loan_return
2015/16,Chelsea,205938,Mario Pašalić,2016-06-30,Monaco,0.0,5000000.0,loan_return
2015/16,Chelsea,245072,Stipe Perica,2016-06-30,Udinese Calcio,0.0,1000000.0,loan_return
2015/16,Crystal Palace,95976,Alex McCarthy,2015-07-23,QPR,4900000.0,2500000.0,paid
2015/16,Everton,129476,Gerard Deulofeu,2015-07-01,Barcelona,6000000.0,6000000.0,paid
2015/16,Everton,348623,Mason Holgate,2015-08-13,Barnsley,1400000.0,75000.0,paid
2015/16,Everton,11111,Ramiro Funes Mori,2015-09-01,River Plate,12200000.0,6000000.0,paid
2015/16,Leicester,79642,Shinji Okazaki,2015-07-01,1.FSV Mainz 05,11000000.0,8000000.0,paid
2015/16,Leicester,316125,Ben Chilwell,2015-07-01,Leicester U21,,,youth_promotion
2015/16,Leicester,225083,N'Golo Kanté,2015-08-03,SM Caen,9000000.0,4500000.0,paid
2015/16,Leicester,19041,Gökhan Inler,2015-08-19,SSC Napoli,7000000.0,7500000.0,paid
2015/16,Leicester,316125,Ben Chilwell,2016-01-03,Huddersfield,0.0,,loan_return
2015/16,Leicester,292417,Demarai Gray,2016-01-04,Birmingham,5100000.0,4000000.0,paid
2015/16,Leicester,214056,Daniel Amartey,2016-01-22,FC Copenhagen,6600000.0,3000000.0,paid
2015/16,Leicester,229970,Tom Lawrence,2016-01-31,Blackburn,0.0,1000000.0,loan_return
2015/16,Leicester,55687,Ritchie De Laet,2016-05-31,Middlesbrough,0.0,2500000.0,loan_return
2015/16,Leicester,229970,Tom Lawrence,2016-05-31,Cardiff,0.0,1000000.0,loan_return
2015/16,Leicester,46580,Andrej Kramaric,2016-06-30,Hoffenheim,0.0,7500000.0,loan_return
2015/16,Liverpool,3333,James Milner,2015-07-01,Man City,0.0,14000000.0,free
2015/16,Liverpool,85177,Nathaniel Clyne,2015-07-01,Southampton,17700000.0,17000000.0,paid
2015/16,Liverpool,134294,Danny Ings,2015-07-01,Burnley,8300000.0,12000000.0,paid
2015/16,Liverpool,256178,Joe Gomez,2015-07-01,Charlton,4900000.0,2500000.0,paid
2015/16,Liverpool,262545,Connor Randall,2015-07-01,Liverpool U21,,,youth_promotion
2015/16,Liverpool,236510,Sheyi Ojo,2015-07-07,Liverpool U18,,500000.0,youth_promotion
2015/16,Liverpool,295313,Taiwo Awoniyi,2015-08-31,Imperial Acad.,1100000.0,,paid
2015/16,Liverpool,222813,Marko Grujić,2016-01-06,Red Star,7000000.0,3000000.0,paid
2015/16,Liverpool,236510,Sheyi Ojo,2016-01-07,Wolves,0.0,500000.0,loan_return
2015/16,Liverpool,203026,Danny Ward,2016-01-10,Aberdeen FC,0.0,350000.0,loan_return
2015/16,Liverpool,243591,Lawrence Vigouroux,2016-05-31,Swindon Town,0.0,100000.0,loan_return
2015/16,Liverpool,45146,Mario Balotelli,2016-06-30,AC Milan,0.0,7000000.0,loan_return
2015/16,Liverpool,128220,Luis Alberto,2016-06-30,Dep. La Coruña,0.0,4000000.0,loan_return
2015/16,Liverpool,144303,Lazar Markovic,2016-06-30,Fenerbahce,0.0,15000000.0,loan_return
2015/16,Liverpool,222813,Marko Grujić,2016-06-30,Red Star,0.0,5000000.0,loan_return
2015/16,Liverpool,295313,Taiwo Awoniyi,2016-06-30,FSV Frankfurt,0.0,300000.0,loan_return
2015/16,Man City,295330,Kelechi Iheanacho,2015-07-01,Man City U18,,100000.0,youth_promotion
2015/16,Man City,251106,Enes Ünal,2015-07-06,Bursaspor,4400000.0,3200000.0,paid
2015/16,Man City,134425,Raheem Sterling,2015-07-14,Liverpool,63700000.0,40000000.0,paid
2015/16,Man City,54781,Nicolás Otamendi,2015-08-20,Valencia,44500000.0,25000000.0,paid
2015/16,Man City,85383,Rubén Sobrino,2015-08-28,Ponferradina,550000.0,500000.0,paid
2015/16,Man City,127108,Florian Lejeune,2015-08-28,Girona,300000.0,800000.0,paid
2015/16,Man City,88755,Kevin De Bruyne,2015-08-30,Wolfsburg,76000000.0,45000000.0,paid
2015/16,Man City,114365,Luke Brattan,2015-10-26,Brisbane Roar,0.0,500000.0,free
2015/16,Man City,114365,Luke Brattan,2015-12-21,Bolton,0.0,500000.0,loan_return
2015/16,Man City,115507,Bruno Zuculini,2016-01-02,Middlesbrough,0.0,1500000.0,loan_return
2015/16,Man City,226739,Anthony Cáceres,2016-01-15,Central Coast,320000.0,350000.0,paid
2015/16,Man City,251106,Enes Ünal,2016-01-29,Genk,0.0,3200000.0,loan_return
2015/16,Man City,28396,Edin Dzeko,2016-06-30,Roma,0.0,15000000.0,loan_return
2015/16,Man City,85383,Rubén Sobrino,2016-06-30,Girona,0.0,400000.0,loan_return
2015/16,Man City,115507,Bruno Zuculini,2016-06-30,AEK Athens,0.0,1500000.0,loan_return
2015/16,Man City,127108,Florian Lejeune,2016-06-30,Girona,0.0,800000.0,loan_return
2015/16,Man City,251106,Enes Ünal,2016-06-30,NAC Breda,0.0,3000000.0,loan_return
2015/16,Man United,167850,Memphis Depay,2015-07-01,PSV,34000000.0,28000000.0,paid
2015/16,Man United,188862,Guillermo Varela,2015-07-01,Man Utd U21,,,youth_promotion
2015/16,Man United,203394,Andreas Pereira,2015-07-01,Man Utd U21,,500000.0,youth_promotion
2015/16,Man United,54906,Matteo Darmian,2015-07-11,Torino,18000000.0,12000000.0,paid
2015/16,Man United,56818,Morgan Schneiderlin,2015-07-13,Southampton,35000000.0,28000000.0,paid
2015/16,Man United,182877,Anthony Martial,2015-09-01,Monaco,60000000.0,8000000.0,paid
2015/16,Man United,258923,Marcus Rashford,2016-01-01,Man Utd U18,,,youth_promotion
2015/16,Man United,315131,Timothy Fosu-Mensah,2016-01-01,Man Utd U18,,,youth_promotion
2015/16,Man United,177847,Adnan Januzaj,2016-01-07,Dortmund,0.0,8000000.0,loan_return
2015/16,Man United,110864,Sam Johnstone,2016-01-23,Preston,0.0,250000.0,loan_return
2015/16,Newcastle,49499,Georginio Wijnaldum,2015-07-11,PSV,20000000.0,15000000.0,paid
2015/16,Newcastle,51152,Aleksandar Mitrović,2015-07-21,RSC Anderlecht,18500000.0,11000000.0,paid
2015/16,Newcastle,203348,Chancel Mbemba,2015-07-30,RSC Anderlecht,12000000.0,8000000.0,paid
2015/16,Newcastle,251664,Ivan Toney,2015-08-06,Northampton,360000.0,150000.0,paid
2015/16,Newcastle,184892,Florian Thauvin,2015-08-19,Marseille,18350000.0,12000000.0,paid
2015/16,Newcastle,226049,Freddie Woodman,2015-10-11,Crawley Town,0.0,250000.0,loan_return
2015/16,Newcastle,251664,Ivan Toney,2015-12-23,Barnsley,0.0,500000.0,loan_return
2015/16,Newcastle,71292,Jonjo Shelvey,2016-01-12,Swansea,16000000.0,12000000.0,paid
2015/16,Newcastle,61842,Andros Townsend,2016-01-27,Tottenham,15700000.0,8000000.0,paid
2015/16,Newcastle,168408,Lubomir Satka,2016-02-29,York City,0.0,,loan_return
2015/16,Newcastle,250426,Adam Armstrong,2016-05-31,Coventry,0.0,1000000.0,loan_return
2015/16,Newcastle,251664,Ivan Toney,2016-05-31,Barnsley,0.0,500000.0,loan_return
2015/16,Newcastle,113707,Rémy Cabella,2016-06-30,Marseille,0.0,8000000.0,loan_return
2015/16,Newcastle,184892,Florian Thauvin,2016-06-30,Marseille,0.0,9000000.0,loan_return
2015/16,Norwich,128229,Robbie Brady,2015-07-29,Hull City,9900000.0,2000000.0,paid
2015/16,Norwich,196722,Remi Matthews,2016-01-03,Burton Albion,0.0,,loan_return
2015/16,Norwich,82281,Ivo Pinto,2016-01-08,Dinamo Zagreb,3700000.0,4000000.0,paid
2015/16,Norwich,343475,Ben Godfrey,2016-01-15,York City,2950000.0,,paid
2015/16,Norwich,294057,James Maddison,2016-02-01,Coventry,2650000.0,500000.0,paid
2015/16,Norwich,196722,Remi Matthews,2016-05-31,Doncaster,0.0,100000.0,loan_return
2015/16,Norwich,199527,Jacob Murphy,2016-05-31,Coventry,0.0,300000.0,loan_return
2015/16,Norwich,294057,James Maddison,2016-05-31,Coventry,0.0,1500000.0,loan_return
2015/16,Norwich,41355,Ricky van Wolfswinkel,2016-06-30,Real Betis,0.0,2500000.0,loan_return
2015/16,Southampton,112988,Cédric Soares,2015-07-01,Sporting,7000000.0,9500000.0,paid
2015/16,Southampton,126737,Juanmi,2015-07-01,Málaga CF,7000000.0,7000000.0,paid
2015/16,Southampton,104223,Jordy Clasie,2015-07-15,Feyenoord,15000000.0,10000000.0,paid
2015/16,Southampton,66100,Oriol Romeu,2015-08-12,Chelsea,7000000.0,2500000.0,paid
2015/16,Southampton,139208,Virgil van Dijk,2015-09-01,Celtic,15700000.0,5000000.0,paid
2015/16,Southampton,163744,Jack Stephens,2016-01-04,Middlesbrough,0.0,250000.0,loan_return
2015/16,Southampton,163744,Jack Stephens,2016-05-31,Coventry,0.0,250000.0,loan_return
2015/16,Stoke,81999,Joselu,2015-07-01,Hannover 96,8000000.0,6000000.0,paid
2015/16,Stoke,138335,Jakob Haugaard,2015-07-01,Midtjylland,600000.0,750000.0,paid
2015/16,Stoke,147034,Marco van Ginkel,2015-07-10,Chelsea,0.0,7500000.0,loan_in
2015/16,Stoke,86792,Xherdan Shaqiri,2015-08-11,Inter,17000000.0,17000000.0,paid
2015/16,Stoke,130756,Giannelli Imbula,2016-02-01,FC Porto,24250000.0,16000000.0,paid
2015/16,Sunderland,102427,Sebastián Coates,2015-07-01,Liverpool,2800000.0,2500000.0,paid
2015/16,Sunderland,255916,DeAndre Yedlin,2015-09-01,Tottenham,0.0,1500000.0,loan_in
2015/16,Sunderland,130164,Jordan Pickford,2016-01-01,Preston,0.0,500000.0,loan_return
2015/16,Sunderland,218144,Mikael Mandron,2016-01-03,Hartlepool,0.0,,loan_return
2015/16,Sunderland,103565,Wahbi Khazri,2016-01-30,G. Bordeaux,11800000.0,7500000.0,paid
2015/16,Sunderland,136647,Charalampos Mavrias,2016-06-30,F. Düsseldorf,0.0,1000000.0,loan_return
2015/16,Swansea,45403,André Ayew,2015-07-01,Marseille,0.0,13000000.0,free
2015/16,Swansea,75890,Kristoffer Nordfeldt,2015-07-01,Heerenveen,850000.0,3000000.0,paid
2015/16,Swansea,298477,Oli McBurnie,2015-07-13,Bradford,350000.0,50000.0,paid
2015/16,Swansea,189070,Modou Barrow,2015-09-08,Blackburn,0.0,1500000.0,loan_return
2015/16,Swansea,184398,Stephen Kingsley,2015-11-27,Crewe Alexandra,0.0,500000.0,loan_return
2015/16,Swansea,298477,Oli McBurnie,2015-12-25,Newport County,0.0,250000.0,loan_return
2015/16,Swansea,63342,Leroy Fer,2016-02-01,QPR,0.0,8500000.0,loan_in
2015/16,Swansea,298477,Oli McBurnie,2016-05-31,Bristol Rovers,0.0,250000.0,loan_return
2015/16,Tottenham,95810,Kieran Trippier,2015-07-01,Burnley,4900000.0,6000000.0,paid
2015/16,Tottenham,42710,Toby Alderweireld,2015-07-08,Atlético,16000000.0,15000000.0,paid
2015/16,Tottenham,241119,Clinton N'Jie,2015-08-15,Olympique Lyon,14100000.0,5000000.0,paid
2015/16,Tottenham,91845,Heung-min Son,2015-08-28,Leverkusen,30000000.0,16000000.0,paid
2015/16,Tottenham,200777,Alex Pritchard,2016-05-31,West Brom,0.0,3000000.0,loan_return
2015/16,Tottenham,255916,DeAndre Yedlin,2016-05-31,Sunderland,0.0,1500000.0,loan_return
2015/16,Tottenham,45314,Federico Fazio,2016-06-30,Sevilla FC,0.0,8000000.0,loan_return
2015/16,Watford,101500,Matej Vydra,2015-07-01,Udinese,8400000.0,5500000.0,paid
2015/16,Watford,63494,Étienne Capoue,2015-07-06,Tottenham,8900000.0,7500000.0,paid
2015/16,Watford,111508,Allan Nyom,2015-07-14,Udinese,0.0,4000000.0,free
2015/16,Watford,129554,Steven Berghuis,2015-07-27,AZ Alkmaar,6500000.0,3500000.0,paid
2015/16,Watford,101031,Rafael Romo,2015-08-05,Udinese,0.0,200000.0,loan_in
2015/16,Watford,177476,Nathan Aké,2015-08-14,Chelsea,0.0,2000000.0,loan_in
2015/16,Watford,245765,Uche Ikpeazu,2016-01-01,Port Vale,0.0,250000.0,loan_return
2015/16,Watford,55619,Nordin Amrabat,2016-01-18,Málaga CF,8400000.0,6000000.0,paid
2015/16,Watford,127187,Abdoulaye Doucouré,2016-02-01,Stade Rennais,10600000.0,6000000.0,paid
2015/16,Watford,101500,Matej Vydra,2016-05-31,Reading,0.0,5500000.0,loan_return
2015/16,Watford,245765,Uche Ikpeazu,2016-05-31,Blackpool,0.0,250000.0,loan_return
2015/16,Watford,127187,Abdoulaye Doucouré,2016-06-30,Granada CF,0.0,6000000.0,loan_return
2015/16,West Brom,159471,Serge Gnabry,2015-08-07,Arsenal,0.0,3500000.0,loan_in
2015/16,West Brom,80197,Salomón Rondón,2015-08-10,Zenit S-Pb,17000000.0,15000000.0,paid
2015/16,West Brom,42412,Jonny Evans,2015-08-29,Man Utd,8300000.0,6000000.0,paid
2015/16,West Brom,200777,Alex Pritchard,2016-02-01,Tottenham,0.0,3000000.0,loan_in
2015/16,West Ham,264220,Reece Burke,2014-10-01,West Ham U18,,,youth_promotion
2015/16,West Ham,51321,Darren Randolph,2015-07-01,Birmingham,0.0,1000000.0,free
2015/16,West Ham,101213,Pedro Obiang,2015-07-01,Sampdoria,6000000.0,8000000.0,paid
2015/16,West Ham,242606,Josh Cullen,2015-07-01,West Ham U21,,,youth_promotion
2015/16,West Ham,314295,Reece Oxford,2015-07-01,West Ham U18,,,youth_promotion
2015/16,West Ham,48002,Angelo Ogbonna,2015-07-10,Juventus,11000000.0,9000000.0,paid
2015/16,West Ham,135853,Manuel Lanzini,2015-07-22,Al-Jazira,0.0,6000000.0,loan_in
2015/16,West Ham,59866,Victor Moses,2015-09-01,Chelsea,0.0,7500000.0,loan_in
2015/16,West Ham,104124,Michail Antonio,2015-09-01,Nott'm Forest,9500000.0,2500000.0,paid
2015/16,West Ham,236953,Sam Byram,2016-01-20,Leeds,4800000.0,3500000.0,paid
2015/16,West Ham,242606,Josh Cullen,2016-05-31,Bradford,0.0,,loan_return
2015/16,West Ham,264220,Reece Burke,2016-05-31,Bradford,0.0,1000000.0,loan_return
2016/17,Arsenal,111455,Granit Xhaka,2016-07-01,Mönchengladbach,45000000.0,35000000.0,paid
2016/17,Arsenal,245744,Takuma Asano,2016-07-18,Sanf. Hiroshima,4000000.0,1200000.0,paid
2016/17,Arsenal,253341,Rob Holding,2016-07-22,Bolton,3000000.0,250000.0,paid
2016/17,Arsenal,73185,Lucas Pérez,2016-08-30,Dep. La Coruña,20000000.0,12000000.0,paid
2016/17,Arsenal,197642,Chuba Akpom,2017-05-31,Brighton,0.0,1000000.0,loan_return
2016/17,Arsenal,215118,Calum Chambers,2017-05-31,Middlesbrough,0.0,12000000.0,loan_return
2016/17,Arsenal,44058,Wojciech Szczesny,2017-06-30,Roma,0.0,17000000.0,loan_return
2016/17,Arsenal,131248,Joel Campbell,2017-06-30,Sporting,0.0,6000000.0,loan_return
2016/17,Bournemouth,177476,Nathan Aké,2016-07-01,Chelsea,0.0,4500000.0,loan_in
2016/17,Bournemouth,291422,Lys Mousset,2016-07-01,Le Havre AC,6500000.0,400000.0,paid
2016/17,Bournemouth,249089,Lewis Cook,2016-07-08,Leeds,7000000.0,4000000.0,paid
2016/17,Bournemouth,427568,Aaron Ramsdale,2017-01-31,Sheff Utd,940000.0,50000.0,paid
2016/17,Burnley,385918,Aiden O'Neill,2016-07-01,Burnley U18,,,youth_promotion
2016/17,Burnley,89231,Jóhann Berg Gudmundsson,2016-07-19,Charlton,3000000.0,2000000.0,paid
2016/17,Burnley,192080,Nick Pope,2016-07-19,Charlton,1300000.0,200000.0,paid
2016/17,Burnley,148262,Jeff Hendrick,2016-08-31,Derby,11800000.0,1500000.0,paid
2016/17,Burnley,183298,Chris Long,2017-01-29,Fleetwood,0.0,1000000.0,loan_return
2016/17,Burnley,91317,Ashley Westwood,2017-01-31,Aston Villa,5800000.0,4000000.0,paid
2016/17,Burnley,128229,Robbie Brady,2017-01-31,Norwich,15100000.0,8000000.0,paid
2016/17,Burnley,158022,Fredrik Ulvestad,2017-05-31,Charlton,0.0,750000.0,loan_return
2016/17,Burnley,183298,Chris Long,2017-05-31,Bolton,0.0,1000000.0,loan_return
2016/17,Burnley,385918,Aiden O'Neill,2017-05-31,Oldham Athletic,0.0,100000.0,loan_return
2016/17,Chelsea,236490,Ola Aina,2016-07-01,Chelsea U23,,,youth_promotion
2016/17,Chelsea,179184,Michy Batshuayi,2016-07-03,Marseille,39000000.0,15000000.0,paid
2016/17,Chelsea,225083,N'Golo Kanté,2016-07-16,Leicester,35800000.0,20000000.0,paid
2016/17,Chelsea,112515,Marcos Alonso,2016-08-31,Fiorentina,23000000.0,9000000.0,paid
2016/17,Chelsea,281404,Kenedy,2016-12-12,Watford,0.0,8000000.0,loan_return
2016/17,Chelsea,177476,Nathan Aké,2017-01-08,Bournemouth,0.0,5000000.0,loan_return
2016/17,Chelsea,91970,Juan Cuadrado,2017-06-30,Juventus,0.0,25000000.0,loan_return
2016/17,Chelsea,131708,Kenneth Omeruo,2017-06-30,Alanyaspor,0.0,2000000.0,loan_return
2016/17,Chelsea,131996,Bertrand Traoré,2017-06-30,Ajax,0.0,8000000.0,loan_return
2016/17,Chelsea,186863,Cristian Cuevas,2017-06-30,Sint-Truiden,0.0,900000.0,loan_return
2016/17,Chelsea,196948,Andreas Christensen,2017-06-30,Mönchengladbach,0.0,18000000.0,loan_return
2016/17,Chelsea,205938,Mario Pašalić,2017-06-30,AC Milan,0.0,8000000.0,loan_return
2016/17,Chelsea,224884,Abdul Rahman Baba,2017-06-30,FC Schalke 04,0.0,8000000.0,loan_return
2016/17,Crystal Palace,23951,Steve Mandanda,2016-07-01,Marseille,0.0,10000000.0,loan_in
2016/17,Crystal Palace,61842,Andros Townsend,2016-07-01,Newcastle,15600000.0,9000000.0,paid
2016/17,Crystal Palace,61592,James Tomkins,2016-07-05,West Ham,11700000.0,6000000.0,paid
2016/17,Crystal Palace,157506,Jeffrey Schlupp,2017-01-13,Leicester,13800000.0,8000000.0,paid
2016/17,Crystal Palace,52119,Patrick van Aanholt,2017-01-30,Sunderland,10500000.0,6000000.0,paid
2016/17,Crystal Palace,47713,Mamadou Sakho,2017-01-31,Liverpool,0.0,12000000.0,loan_in
2016/17,Everton,126665,Idrissa Gueye,2016-08-02,Aston Villa,8500000.0,9000000.0,paid
2016/17,Everton,75471,Yannick Bolasie,2016-08-15,Crystal Palace,28900000.0,14000000.0,paid
2016/17,Everton,139503,Enner Valencia,2016-08-31,West Ham,0.0,10000000.0,loan_in
2016/17,Everton,306024,Dominic Calvert-Lewin,2016-08-31,Sheff Utd,1800000.0,100000.0,paid
2016/17,Everton,314210,Tom Davies,2017-01-01,Everton U23,,,youth_promotion
2016/17,Everton,406040,Ademola Lookman,2017-01-05,Charlton,8800000.0,1500000.0,paid
2016/17,Everton,56818,Morgan Schneiderlin,2017-01-12,Man Utd,23000000.0,28000000.0,paid
2016/17,Everton,156934,Tyias Browning,2017-05-31,Preston,0.0,1000000.0,loan_return
2016/17,Everton,129476,Gerard Deulofeu,2017-06-30,AC Milan,0.0,12000000.0,loan_return
2016/17,Hull,314875,Jarrod Bowen,2016-07-01,Hull City U23,,,youth_promotion
2016/17,Hull,9500,David Marshall,2016-08-30,Cardiff,4100000.0,2500000.0,paid
2016/17,Hull,144303,Lazar Markovic,2017-01-23,Liverpool,0.0,14000000.0,loan_in
2016/17,Hull,37920,Kamil Grosicki,2017-01-31,Stade Rennais,9000000.0,6000000.0,paid
2016/17,Leicester,21327,Ron-Robert Zieler,2016-07-01,Hannover 96,3500000.0,8000000.0,paid
2016/17,Leicester,62945,Luis Hernández,2016-07-01,Sporting Gijón,0.0,2500000.0,free
2016/17,Leicester,271997,Callum Elder,2016-07-01,Leicester U23,,100000.0,youth_promotion
2016/17,Leicester,111051,Nampalys Mendy,2016-07-03,Nice,15500000.0,7500000.0,paid
2016/17,Leicester,168337,Ahmed Musa,2016-07-08,CSKA Moscow,19500000.0,18000000.0,paid
2016/17,Leicester,246579,Bartosz Kapustka,2016-08-03,Cracovia,5000000.0,5000000.0,paid
2016/17,Leicester,174915,Islam Slimani,2016-08-31,Sporting,31000000.0,22000000.0,paid
2016/17,Leicester,274839,Wilfred Ndidi,2017-01-03,Genk,17600000.0,8000000.0,paid
2016/17,Leicester,271997,Callum Elder,2017-01-30,Brentford,0.0,200000.0,loan_return
2016/17,Leicester,229970,Tom Lawrence,2017-05-31,Ipswich,0.0,1500000.0,loan_return
2016/17,Leicester,271997,Callum Elder,2017-05-31,Barnsley,0.0,250000.0,loan_return
2016/17,Liverpool,82105,Joel Matip,2016-07-01,FC Schalke 04,0.0,18000000.0,free
2016/17,Liverpool,85864,Loris Karius,2016-07-01,1.FSV Mainz 05,6200000.0,7000000.0,paid
2016/17,Liverpool,200512,Sadio Mané,2016-07-01,Southampton,41200000.0,20000000.0,paid
2016/17,Liverpool,314353,Trent Alexander-Arnold,2016-07-01,Liverpool U18,,,youth_promotion
2016/17,Liverpool,337284,Ovie Ejaria,2016-07-01,Liverpool U18,,,youth_promotion
2016/17,Liverpool,49499,Georginio Wijnaldum,2016-07-22,Newcastle,27500000.0,20000000.0,paid
2016/17,Liverpool,144303,Lazar Markovic,2017-01-22,Sporting CP,0.0,14000000.0,loan_return
2016/17,Liverpool,47713,Mamadou Sakho,2017-05-31,Crystal Palace,0.0,10000000.0,loan_return
2016/17,Liverpool,144303,Lazar Markovic,2017-05-31,Hull City,0.0,10000000.0,loan_return
2016/17,Liverpool,203026,Danny Ward,2017-05-31,Huddersfield,0.0,1500000.0,loan_return
2016/17,Liverpool,295313,Taiwo Awoniyi,2017-06-30,NEC Nijmegen,0.0,400000.0,loan_return
2016/17,Man City,53622,İlkay Gündoğan,2016-07-01,Dortmund,27000000.0,30000000.0,paid
2016/17,Man City,201574,Angus Gunn,2016-07-01,Man City U23,,,youth_promotion
2016/17,Man City,229695,Bersant Celina,2016-07-01,Man City U23,,,youth_promotion
2016/17,Man City,251876,Pablo Maffeo,2016-07-01,Man City U23,,100000.0,youth_promotion
2016/17,Man City,261504,Aleix García,2016-07-01,Man City U23,,,youth_promotion
2016/17,Man City,203853,Oleksandr Zinchenko,2016-07-04,Ufa,2250000.0,4000000.0,paid
2016/17,Man City,192565,Leroy Sané,2016-08-02,FC Schalke 04,52000000.0,30000000.0,paid
2016/17,Man City,345654,Marlos Moreno,2016-08-05,Atl. Nacional,5500000.0,1000000.0,paid
2016/17,Man City,229604,Gerónimo Rulli,2016-08-08,CD Maldonado,4700000.0,8000000.0,paid
2016/17,Man City,186590,John Stones,2016-08-09,Everton,55600000.0,28000000.0,paid
2016/17,Man City,210178,Pablo Marí,2016-08-15,Gimnàstic,200000.0,500000.0,paid
2016/17,Man City,40423,Claudio Bravo,2016-08-25,Barcelona,18000000.0,15000000.0,paid
2016/17,Man City,229604,Gerónimo Rulli,2016-12-31,Real Sociedad,0.0,8000000.0,loan_return
2016/17,Man City,363205,Gabriel Jesus,2017-01-01,Palmeiras,32000000.0,16000000.0,paid
2016/17,Man City,46104,Stevan Jovetić,2017-01-02,Inter,0.0,10000000.0,loan_return
2016/17,Man City,115507,Bruno Zuculini,2017-01-15,Rayo Vallecano,0.0,1200000.0,loan_return
2016/17,Man City,378293,Yangel Herrera,2017-02-01,Atl. Venezuela,1000000.0,900000.0,paid
2016/17,Man City,40204,Joe Hart,2017-06-30,Torino,0.0,13000000.0,loan_return
2016/17,Man City,85383,Rubén Sobrino,2017-06-30,Alavés,0.0,500000.0,loan_return
2016/17,Man City,90681,Eliaquim Mangala,2017-06-30,Valencia,0.0,15000000.0,loan_return
2016/17,Man City,115507,Bruno Zuculini,2017-06-30,Hellas Verona,0.0,1200000.0,loan_return
2016/17,Man City,203853,Oleksandr Zinchenko,2017-06-30,PSV,0.0,4500000.0,loan_return
2016/17,Man City,210178,Pablo Marí,2017-06-30,Girona,0.0,400000.0,loan_return
2016/17,Man City,229695,Bersant Celina,2017-06-30,FC Twente,0.0,2500000.0,loan_return
2016/17,Man City,251106,Enes Ünal,2017-06-30,FC Twente,0.0,10000000.0,loan_return
2016/17,Man City,251876,Pablo Maffeo,2017-06-30,Girona,0.0,500000.0,loan_return
2016/17,Man City,345654,Marlos Moreno,2017-06-30,Dep. La Coruña,0.0,1000000.0,loan_return
2016/17,Man City,226739,Anthony Cáceres,2017-07-26,Melbourne City,0.0,600000.0,loan_return
2016/17,Man United,286384,Eric Bailly,2016-07-01,Villarreal,38000000.0,8000000.0,paid
2016/17,Man United,55735,Henrikh Mkhitaryan,2016-07-06,Dortmund,42000000.0,30000000.0,paid
2016/17,Man United,122153,Paul Pogba,2016-08-09,Juventus,105000000.0,70000000.0,paid
2016/17,Man United,342046,Axel Tuanzebe,2017-01-01,Man Utd U18,,,youth_promotion
2016/17,Man United,110864,Sam Johnstone,2017-05-31,Aston Villa,0.0,500000.0,loan_return
2016/17,Man United,177847,Adnan Januzaj,2017-05-31,Sunderland,0.0,7000000.0,loan_return
2016/17,Man United,188862,Guillermo Varela,2017-06-30,Frankfurt,0.0,750000.0,loan_return
2016/17,Man United,203394,Andreas Pereira,2017-06-30,Granada CF,0.0,5000000.0,loan_return
2016/17,Middlesbrough,64598,Bernardo Espinosa,2016-07-01,Sporting Gijón,0.0,2500000.0,free
2016/17,Middlesbrough,133179,Marten de Roon,2016-07-04,Atalanta,10500000.0,5000000.0,paid
2016/17,Middlesbrough,18644,Álvaro Negredo,2016-07-20,Valencia,0.0,7500000.0,loan_in
2016/17,Middlesbrough,215118,Calum Chambers,2016-08-30,Arsenal,0.0,12000000.0,loan_in
2016/17,Middlesbrough,204103,Adama Traoré,2016-08-31,Aston Villa,8250000.0,8000000.0,paid
2016/17,Middlesbrough,129592,Julien De Sart,2017-05-31,Derby,0.0,2000000.0,loan_return
2016/17,Southampton,129078,Nathan Redmond,2016-07-01,Norwich,13500000.0,7500000.0,paid
2016/17,Southampton,167799,Pierre-Emile Højbjerg,2016-07-11,Bayern Munich,15000000.0,6000000.0,paid
2016/17,Southampton,95976,Alex McCarthy,2016-08-01,Crystal Palace,4700000.0,3000000.0,paid
2016/17,Southampton,232271,Sofiane Boufal,2016-08-29,Lille,18700000.0,13000000.0,paid
2016/17,Southampton,286919,Josh Sims,2017-01-01,Southampton U23,,,youth_promotion
2016/17,Southampton,195488,Paulo Gazzaniga,2017-06-30,Rayo Vallecano,0.0,1000000.0,loan_return
2016/17,Stoke,51452,Joe Allen,2016-07-25,Liverpool,15500000.0,8000000.0,paid
2016/17,Stoke,112052,Bruno Martins Indi,2016-08-31,Porto,0.0,10000000.0,loan_in
2016/17,Stoke,298091,Harry Souttar,2016-09-29,Dundee United,3620000.0,,paid
2016/17,Stoke,138335,Jakob Haugaard,2017-05-31,Wigan,0.0,1000000.0,loan_return
2016/17,Stoke,81999,Joselu,2017-06-30,Dep. La Coruña,0.0,3500000.0,loan_return
2016/17,Sunderland,375391,Joel Asoro,2016-07-01,Sunderland U18,,,youth_promotion
2016/17,Sunderland,136610,Papy Djilobodji,2016-08-05,Chelsea,9500000.0,4500000.0,paid
2016/17,Sunderland,167268,Paddy McNair,2016-08-11,Man Utd,5250000.0,4000000.0,paid
2016/17,Sunderland,177847,Adnan Januzaj,2016-08-12,Man Utd,0.0,7000000.0,loan_in
2016/17,Sunderland,162029,Javier Manquillo,2016-08-25,Atlético Madrid,0.0,5000000.0,loan_in
2016/17,Sunderland,138285,Mika,2016-09-07,Boavista,1500000.0,2000000.0,paid
2016/17,Sunderland,102427,Sebastián Coates,2017-02-01,Sporting CP,0.0,6000000.0,loan_return
2016/17,Swansea,63342,Leroy Fer,2016-07-05,QPR,5600000.0,8500000.0,paid
2016/17,Swansea,187105,Mike van der Hoorn,2016-07-06,Ajax,2500000.0,2000000.0,paid
2016/17,Swansea,80702,Mark Birighitti,2016-07-18,Newcastle,0.0,250000.0,free
2016/17,Swansea,108354,Jordan Ayew,2017-01-31,Aston Villa,5800000.0,7500000.0,paid
2016/17,Swansea,189070,Modou Barrow,2017-05-31,Leeds,0.0,3000000.0,loan_return
2016/17,Tottenham,249126,Harry Winks,2016-07-01,Tottenham U23,,,youth_promotion
2016/17,Tottenham,341049,Cameron Carter-Vickers,2016-07-01,Tottenham U23,,,youth_promotion
2016/17,Tottenham,207015,Vincent Janssen,2016-07-12,AZ Alkmaar,22000000.0,6000000.0,paid
2016/17,Tottenham,46001,Moussa Sissoko,2016-08-31,Newcastle,35000000.0,13000000.0,paid
2016/17,Tottenham,286415,Pau López,2016-08-31,Espanyol,0.0,1500000.0,loan_in
2016/17,Tottenham,45314,Federico Fazio,2017-06-30,AS Roma,0.0,9000000.0,loan_return
2016/17,Tottenham,241119,Clinton N'Jie,2017-06-30,Marseille,0.0,7000000.0,loan_return
2016/17,Tottenham,245537,Nabil Bentaleb,2017-06-30,FC Schalke 04,0.0,18000000.0,loan_return
2016/17,Watford,81512,Christian Kabasele,2016-07-01,Genk,6950000.0,6000000.0,paid
2016/17,Watford,295331,Isaac Success,2016-07-01,Granada CF,15000000.0,3000000.0,paid
2016/17,Watford,112302,Roberto Pereyra,2016-08-19,Juventus,13500000.0,16000000.0,paid
2016/17,Watford,42735,Sven Kums,2016-08-29,KAA Gent,9000000.0,7500000.0,paid
2016/17,Watford,281404,Kenedy,2016-08-30,Chelsea,0.0,8000000.0,loan_in
2016/17,Watford,459463,Cucho Hernández,2017-01-01,Pereira,,300000.0,undisclosed
2016/17,Watford,157501,M'Baye Niang,2017-01-26,AC Milan,0.0,15000000.0,loan_in
2016/17,Watford,42735,Sven Kums,2017-06-30,Udinese,0.0,5000000.0,loan_return
2016/17,Watford,129554,Steven Berghuis,2017-06-30,Feyenoord,0.0,5500000.0,loan_return
2016/17,Watford,459463,Cucho Hernández,2017-06-30,CD América,0.0,450000.0,loan_return
2016/17,West Brom,59631,Nacer Chadli,2016-08-29,Tottenham,15200000.0,13000000.0,paid
2016/17,West Brom,111508,Allan Nyom,2016-08-31,Watford,4700000.0,4000000.0,paid
2016/17,West Ham,57162,Sofiane Feghouli,2016-07-01,Valencia,0.0,15000000.0,free
2016/17,West Ham,135853,Manuel Lanzini,2016-07-01,Al-Jazira,12000000.0,9000000.0,paid
2016/17,West Ham,82130,Gökhan Töre,2016-07-11,Besiktas,0.0,15000000.0,loan_in
2016/17,West Ham,45403,André Ayew,2016-08-08,Swansea,24100000.0,18000000.0,paid
2016/17,West Ham,181380,Arthur Masuaku,2016-08-08,Olympiacos,7100000.0,7000000.0,paid
2016/17,West Ham,284727,Jonathan Calleri,2016-08-11,CD Maldonado,0.0,10000000.0,loan_in
2016/17,West Ham,247555,Edimilson Fernandes,2016-08-25,FC Sion,6400000.0,4500000.0,paid
2016/17,West Ham,33829,José Fonte,2017-01-20,Southampton,9200000.0,6000000.0,paid
2016/17,West Ham,139503,Enner Valencia,2017-05-31,Everton,0.0,10000000.0,loan_return
2016/17,West Ham,242606,Josh Cullen,2017-05-31,Bradford,0.0,250000.0,loan_return
2016/17,West Ham,264220,Reece Burke,2017-05-31,Wigan,0.0,1000000.0,loan_return
2016/17,West Ham,314295,Reece Oxford,2017-05-31,Reading,0.0,4000000.0,loan_return
2017/18,Arsenal,94005,Sead Kolasinac,2017-07-01,FC Schalke 04,0.0,15000000.0,free
2017/18,Arsenal,285845,Ainsley Maitland-Niles,2017-07-01,Arsenal U23,,750000.0,youth_promotion
2017/18,Arsenal,93720,Alexandre Lacazette,2017-07-05,Lyon,53000000.0,40000000.0,paid
2017/18,Arsenal,415912,Konstantinos Mavropanos,2018-01-04,PAS Giannina,2100000.0,450000.0,paid
2017/18,Arsenal,55735,Henrikh Mkhitaryan,2018-01-22,Man Utd,34000000.0,35000000.0,paid
2017/18,Arsenal,58864,Pierre-Emerick Aubameyang,2018-01-31,Dortmund,63750000.0,65000000.0,paid
2017/18,Arsenal,73185,Lucas Pérez,2018-06-30,Dep. La Coruña,0.0,7500000.0,loan_return
2017/18,Arsenal,111873,Emiliano Martínez,2018-06-30,Getafe,0.0,1000000.0,loan_return
2017/18,Arsenal,131248,Joel Campbell,2018-06-30,Real Betis,0.0,3000000.0,loan_return
2017/18,Arsenal,197642,Chuba Akpom,2018-06-30,Sint-Truiden,0.0,1200000.0,loan_return
2017/18,Arsenal,245744,Takuma Asano,2018-06-30,Stuttgart,0.0,2000000.0,loan_return
2017/18,Bournemouth,33873,Asmir Begovic,2017-07-01,Chelsea,11500000.0,8000000.0,paid
2017/18,Bournemouth,177476,Nathan Aké,2017-07-01,Chelsea,22800000.0,8000000.0,paid
2017/18,Bournemouth,427568,Aaron Ramsdale,2018-05-31,Chesterfield,0.0,500000.0,loan_return
2017/18,Bournemouth,28140,Max Gradel,2018-06-30,Toulouse,0.0,7000000.0,loan_return
2017/18,Brighton,82873,Pascal Groß,2017-07-01,FC Ingolstadt,3000000.0,4000000.0,paid
2017/18,Brighton,128969,Mathew Ryan,2017-07-01,Valencia,6000000.0,3500000.0,paid
2017/18,Brighton,257805,Mathias Normann,2017-07-20,Bodø/Glimt,1400000.0,400000.0,paid
2017/18,Brighton,79027,Davy Pröpper,2017-08-07,PSV Eindhoven,13000000.0,10000000.0,paid
2017/18,Brighton,33027,Tim Krul,2017-08-31,Newcastle,0.0,4000000.0,loan_in
2017/18,Brighton,33027,Tim Krul,2017-09-20,Newcastle,0.0,4000000.0,loan_return
2017/18,Brighton,325443,Viktor Gyökeres,2018-01-01,Brommapojkarna,1000000.0,500000.0,paid
2017/18,Brighton,73547,Oliver Norwood,2018-05-31,Fulham,0.0,3000000.0,loan_return
2017/18,Brighton,257805,Mathias Normann,2018-06-30,Molde FK,0.0,400000.0,loan_return
2017/18,Burnley,195633,Charlie Taylor,2017-07-06,Leeds,0.0,5000000.0,free
2017/18,Burnley,40613,Jack Cork,2017-07-11,Swansea,9100000.0,5000000.0,paid
2017/18,Burnley,43858,Adam Legzdins,2017-08-08,Birmingham,,250000.0,undisclosed
2017/18,Burnley,108725,Chris Wood,2017-08-21,Leeds,16400000.0,6000000.0,paid
2017/18,Burnley,385918,Aiden O'Neill,2018-01-02,Fleetwood,0.0,100000.0,loan_return
2017/18,Burnley,183298,Chris Long,2018-05-31,Northampton,0.0,750000.0,loan_return
2017/18,Chelsea,303254,Fikayo Tomori,2017-07-01,Chelsea U23,,250000.0,youth_promotion
2017/18,Chelsea,331726,Tammy Abraham,2017-07-01,Chelsea U23,,8000000.0,youth_promotion
2017/18,Chelsea,392771,Ethan Ampadu,2017-07-01,Exeter City,2800000.0,,paid
2017/18,Chelsea,86202,Antonio Rüdiger,2017-07-09,Roma,35000000.0,25000000.0,paid
2017/18,Chelsea,182618,Tiemoué Bakayoko,2017-07-15,Monaco,40000000.0,16000000.0,paid
2017/18,Chelsea,128223,Álvaro Morata,2017-07-21,Real Madrid,66000000.0,40000000.0,paid
2017/18,Chelsea,173859,Davide Zappacosta,2017-08-31,Torino,25000000.0,8500000.0,paid
2017/18,Chelsea,131978,Ross Barkley,2018-01-05,Everton,16800000.0,25000000.0,paid
2017/18,Chelsea,181778,Emerson,2018-01-30,Roma,20000000.0,14000000.0,paid
2017/18,Chelsea,82442,Olivier Giroud,2018-01-31,Arsenal,17000000.0,20000000.0,paid
2017/18,Chelsea,157509,Kurt Zouma,2018-05-31,Stoke City,0.0,15000000.0,loan_return
2017/18,Chelsea,176485,Lucas Piazón,2018-05-31,Fulham,0.0,2500000.0,loan_return
2017/18,Chelsea,202886,Ruben Loftus-Cheek,2018-05-31,Crystal Palace,0.0,15000000.0,loan_return
2017/18,Chelsea,236490,Ola Aina,2018-05-31,Hull City,0.0,1500000.0,loan_return
2017/18,Chelsea,303254,Fikayo Tomori,2018-05-31,Hull City,0.0,1000000.0,loan_return
2017/18,Chelsea,331726,Tammy Abraham,2018-05-31,Swansea,0.0,10000000.0,loan_return
2017/18,Chelsea,131708,Kenneth Omeruo,2018-06-30,Kasimpasa,0.0,1750000.0,loan_return
2017/18,Chelsea,147034,Marco van Ginkel,2018-06-30,PSV,0.0,12000000.0,loan_return
2017/18,Chelsea,179184,Michy Batshuayi,2018-06-30,Dortmund,0.0,40000000.0,loan_return
2017/18,Chelsea,205938,Mario Pašalić,2018-06-30,Spartak Moscow,0.0,8000000.0,loan_return
2017/18,Chelsea,245893,Matt Miazga,2018-06-30,Vitesse,0.0,3000000.0,loan_return
2017/18,Crystal Palace,202886,Ruben Loftus-Cheek,2017-07-12,Chelsea,0.0,5000000.0,loan_in
2017/18,Crystal Palace,241481,Jaïro Riedewald,2017-07-24,Ajax,9000000.0,5000000.0,paid
2017/18,Crystal Palace,315131,Timothy Fosu-Mensah,2017-08-10,Man Utd,0.0,2500000.0,loan_in
2017/18,Crystal Palace,47713,Mamadou Sakho,2017-08-31,Liverpool,28200000.0,15000000.0,paid
2017/18,Crystal Palace,477758,Aaron Wan-Bissaka,2018-01-01,Palace U23,,,undisclosed
2017/18,Crystal Palace,230746,Erdal Rakip,2018-01-22,Benfica,0.0,1200000.0,loan_in
2017/18,Crystal Palace,238407,Alexander Sørloth,2018-01-31,Midtjylland,16000000.0,2000000.0,paid
2017/18,Everton,130164,Jordan Pickford,2017-07-01,Sunderland,28500000.0,15000000.0,paid
2017/18,Everton,182932,Davy Klaassen,2017-07-01,Ajax,27000000.0,18000000.0,paid
2017/18,Everton,258883,Jonjoe Kenny,2017-07-01,Everton U23,,250000.0,youth_promotion
2017/18,Everton,258916,Kieran Dowell,2017-07-01,Everton U23,,250000.0,youth_promotion
2017/18,Everton,380415,Henry Onyekuru,2017-07-01,KAS Eupen,8000000.0,7000000.0,paid
2017/18,Everton,118534,Michael Keane,2017-07-03,Burnley,28500000.0,18000000.0,paid
2017/18,Everton,199369,Sandro Ramírez,2017-07-03,Málaga CF,6000000.0,10000000.0,paid
2017/18,Everton,90466,Gylfi Sigurdsson,2017-08-16,Swansea,49400000.0,25000000.0,paid
2017/18,Everton,293200,Nikola Vlašić,2017-08-31,Hajduk Split,10800000.0,4000000.0,paid
2017/18,Everton,399369,Beni Baningime,2018-01-01,Everton U23,,,youth_promotion
2017/18,Everton,45671,Cenk Tosun,2018-01-05,Besiktas,22500000.0,10500000.0,paid
2017/18,Everton,90681,Eliaquim Mangala,2018-01-31,Man City,0.0,15000000.0,loan_in
2017/18,Everton,93905,Muhamed Besic,2018-05-31,Middlesbrough,0.0,5000000.0,loan_return
2017/18,Everton,156934,Tyias Browning,2018-05-31,Sunderland,0.0,1000000.0,loan_return
2017/18,Everton,258916,Kieran Dowell,2018-05-31,Nottm Forest,0.0,3000000.0,loan_return
2017/18,Everton,199369,Sandro Ramírez,2018-06-30,Sevilla FC,0.0,10000000.0,loan_return
2017/18,Everton,380415,Henry Onyekuru,2018-06-30,RSC Anderlecht,0.0,10000000.0,loan_return
2017/18,Everton,406040,Ademola Lookman,2018-06-30,Leipzig,0.0,12000000.0,loan_return
2017/18,Huddersfield,48870,Jonas Lössl,2017-07-01,Mainz,0.0,1500000.0,loan_in
2017/18,Huddersfield,90583,Laurent Depoitre,2017-07-01,FC Porto,3800000.0,3000000.0,paid
2017/18,Huddersfield,258216,Kasey Palmer,2017-07-04,Chelsea U23,0.0,750000.0,loan_return
2017/18,Huddersfield,238639,Steve Mounié,2017-07-05,Montpellier,13000000.0,5500000.0,paid
2017/18,Huddersfield,52059,Zanka,2017-07-07,Copenhagen,2700000.0,2500000.0,paid
2017/18,Huddersfield,340394,Abdelhamid Sabiri,2017-08-23,1.FC Nuremberg,1500000.0,400000.0,paid
2017/18,Huddersfield,238809,Florent Hadergjonaj,2017-08-24,FC Ingolstadt,0.0,2500000.0,loan_in
2017/18,Huddersfield,200777,Alex Pritchard,2018-01-12,Norwich,12350000.0,5000000.0,paid
2017/18,Huddersfield,201576,Jordy Hiwula,2018-05-31,Fleetwood,0.0,250000.0,loan_return
2017/18,Leicester,177907,Harry Maguire,2017-07-01,Hull City,13700000.0,8000000.0,paid
2017/18,Leicester,65467,Vicente Iborra,2017-07-06,Sevilla FC,15000000.0,9000000.0,paid
2017/18,Leicester,295330,Kelechi Iheanacho,2017-08-03,Man City,27700000.0,15000000.0,paid
2017/18,Leicester,56810,Adrien Silva,2017-08-31,Sporting CP,20500000.0,25000000.0,paid
2017/18,Leicester,59032,Aleksandar Dragovic,2017-08-31,Leverkusen,0.0,12000000.0,loan_in
2017/18,Leicester,341501,Hamza Choudhury,2018-01-01,Leicester U23,,250000.0,youth_promotion
2017/18,Leicester,364861,Fousseni Diabaté,2018-01-13,G. Ajaccio,2000000.0,,paid
2017/18,Leicester,174915,Islam Slimani,2018-05-31,Newcastle,0.0,18000000.0,loan_return
2017/18,Leicester,271997,Callum Elder,2018-05-31,Wigan,0.0,250000.0,loan_return
2017/18,Leicester,111051,Nampalys Mendy,2018-06-30,Nice,0.0,5000000.0,loan_return
2017/18,Leicester,168337,Ahmed Musa,2018-06-30,CSKA Moscow,0.0,15000000.0,loan_return
2017/18,Leicester,246579,Bartosz Kapustka,2018-06-30,Freiburg,0.0,3000000.0,loan_return
2017/18,Liverpool,148455,Mohamed Salah,2017-07-01,Roma,42000000.0,35000000.0,paid
2017/18,Liverpool,258889,Dominic Solanke,2017-07-10,Chelsea U23,0.0,2000000.0,free
2017/18,Liverpool,234803,Andrew Robertson,2017-07-21,Hull City,9000000.0,7000000.0,paid
2017/18,Liverpool,143424,Alex Oxlade-Chamberlain,2017-08-31,Arsenal,38000000.0,22000000.0,paid
2017/18,Liverpool,139208,Virgil van Dijk,2018-01-01,Southampton,84650000.0,30000000.0,paid
2017/18,Liverpool,262545,Connor Randall,2018-05-14,Heart of Midl.,0.0,500000.0,loan_return
2017/18,Liverpool,222813,Marko Grujić,2018-05-31,Cardiff,0.0,5000000.0,loan_return
2017/18,Liverpool,236510,Sheyi Ojo,2018-05-31,Fulham,0.0,2500000.0,loan_return
2017/18,Liverpool,337284,Ovie Ejaria,2018-05-31,Sunderland,0.0,1000000.0,loan_return
2017/18,Liverpool,144303,Lazar Markovic,2018-06-30,RSC Anderlecht,0.0,8000000.0,loan_return
2017/18,Liverpool,148368,Divock Origi,2018-06-30,VfL Wolfsburg,0.0,10000000.0,loan_return
2017/18,Liverpool,295313,Taiwo Awoniyi,2018-06-30,Mouscron,0.0,1500000.0,loan_return
2017/18,Man City,238223,Ederson,2017-07-01,Benfica,40000000.0,22000000.0,paid
2017/18,Man City,241641,Bernardo Silva,2017-07-01,Monaco,50000000.0,40000000.0,paid
2017/18,Man City,406635,Phil Foden,2017-07-01,Man City U18,,,youth_promotion
2017/18,Man City,429790,Luka Ilic,2017-07-09,Red Star,2500000.0,,paid
2017/18,Man City,95424,Kyle Walker,2017-07-14,Tottenham,52700000.0,30000000.0,paid
2017/18,Man City,447661,Douglas Luiz,2017-07-15,Vasco da Gama,12000000.0,,paid
2017/18,Man City,145707,Danilo,2017-07-23,Real Madrid,30000000.0,16000000.0,paid
2017/18,Man City,157495,Benjamin Mendy,2017-07-24,Monaco,57500000.0,13000000.0,paid
2017/18,Man City,314678,Brahim Díaz,2018-01-01,Man City U23,,,youth_promotion
2017/18,Man City,345654,Marlos Moreno,2018-01-15,Girona,0.0,500000.0,loan_return
2017/18,Man City,176553,Aymeric Laporte,2018-01-30,Athletic Club,65000000.0,25000000.0,paid
2017/18,Man City,417346,Jack Harrison,2018-01-30,New York City,4000000.0,1750000.0,paid
2017/18,Man City,40204,Joe Hart,2018-05-31,West Ham,0.0,10000000.0,loan_return
2017/18,Man City,90681,Eliaquim Mangala,2018-05-31,Everton,0.0,15000000.0,loan_return
2017/18,Man City,201574,Angus Gunn,2018-05-31,Norwich,0.0,2000000.0,loan_return
2017/18,Man City,229695,Bersant Celina,2018-05-31,Ipswich,0.0,2500000.0,loan_return
2017/18,Man City,417346,Jack Harrison,2018-05-31,Middlesbrough,0.0,3500000.0,loan_return
2017/18,Man City,210178,Pablo Marí,2018-06-30,NAC Breda,0.0,750000.0,loan_return
2017/18,Man City,226739,Anthony Cáceres,2018-06-30,Al-Wasl,0.0,500000.0,loan_return
2017/18,Man City,251876,Pablo Maffeo,2018-06-30,Girona,0.0,10000000.0,loan_return
2017/18,Man City,429790,Luka Ilic,2018-06-30,Red Star,0.0,2000000.0,loan_return
2017/18,Man United,184573,Victor Lindelöf,2017-07-01,Benfica,35000000.0,22000000.0,paid
2017/18,Man United,315969,Scott McTominay,2017-07-01,Man Utd U23,,,youth_promotion
2017/18,Man United,96341,Romelu Lukaku,2017-07-10,Everton,84700000.0,50000000.0,paid
2017/18,Man United,74683,Nemanja Matić,2017-07-31,Chelsea,44700000.0,35000000.0,paid
2017/18,Man United,40433,Alexis Sánchez,2018-01-22,Arsenal,34000000.0,70000000.0,paid
2017/18,Man United,110864,Sam Johnstone,2018-05-31,Aston Villa,0.0,2500000.0,loan_return
2017/18,Man United,315131,Timothy Fosu-Mensah,2018-05-31,Crystal Palace,0.0,7000000.0,loan_return
2017/18,Man United,342046,Axel Tuanzebe,2018-05-31,Aston Villa,0.0,1000000.0,loan_return
2017/18,Man United,203394,Andreas Pereira,2018-06-30,Valencia,0.0,6000000.0,loan_return
2017/18,Newcastle,127108,Florian Lejeune,2017-07-04,SD Eibar,10000000.0,5000000.0,paid
2017/18,Newcastle,199527,Jacob Murphy,2017-07-19,Norwich,11300000.0,1000000.0,paid
2017/18,Newcastle,162029,Javier Manquillo,2017-07-21,Atlético Madrid,5000000.0,4000000.0,paid
2017/18,Newcastle,338424,Mikel Merino,2017-07-28,Dortmund,0.0,2500000.0,loan_in
2017/18,Newcastle,81999,Joselu,2017-08-16,Stoke City,5500000.0,3500000.0,paid
2017/18,Newcastle,33027,Tim Krul,2017-09-19,Brighton,0.0,4000000.0,loan_return
2017/18,Newcastle,250426,Adam Armstrong,2018-01-01,Bolton,0.0,1500000.0,loan_return
2017/18,Newcastle,251664,Ivan Toney,2018-01-10,Wigan,0.0,500000.0,loan_return
2017/18,Newcastle,281404,Kenedy,2018-01-23,Chelsea,0.0,7000000.0,loan_in
2017/18,Newcastle,74960,Martin Dúbravka,2018-01-31,Sparta Prague,0.0,900000.0,loan_in
2017/18,Newcastle,174915,Islam Slimani,2018-01-31,Leicester,0.0,22000000.0,loan_in
2017/18,Newcastle,256773,Dan Barlaser,2018-04-11,Crewe Alexandra,0.0,,loan_return
2017/18,Newcastle,165334,Stuart Findlay,2018-05-14,Kilmarnock FC,0.0,250000.0,loan_return
2017/18,Newcastle,226049,Freddie Woodman,2018-05-14,Aberdeen FC,0.0,500000.0,loan_return
2017/18,Newcastle,51152,Aleksandar Mitrović,2018-05-31,Fulham,0.0,8000000.0,loan_return
2017/18,Newcastle,250426,Adam Armstrong,2018-05-31,Blackburn,0.0,1500000.0,loan_return
2017/18,Newcastle,251664,Ivan Toney,2018-05-31,Scunthorpe Utd.,0.0,500000.0,loan_return
2017/18,Newcastle,127202,Matz Sels,2018-06-30,RSC Anderlecht,0.0,4500000.0,loan_return
2017/18,Southampton,243028,Jan Bednarek,2017-07-01,Lech Poznan,6000000.0,500000.0,paid
2017/18,Southampton,170934,Mario Lemina,2017-08-08,Juventus,17250000.0,7500000.0,paid
2017/18,Southampton,253765,Wesley Hoedt,2017-08-22,Lazio,16000000.0,7500000.0,paid
2017/18,Southampton,184672,Guido Carrillo,2018-01-25,Monaco,22000000.0,6000000.0,paid
2017/18,Southampton,226973,Harrison Reed,2018-05-31,Norwich,0.0,1000000.0,loan_return
2017/18,Southampton,250478,Matt Targett,2018-05-31,Fulham,0.0,3000000.0,loan_return
2017/18,Southampton,104223,Jordy Clasie,2018-06-30,Club Brugge,0.0,6500000.0,loan_return
2017/18,Stoke,157509,Kurt Zouma,2017-07-21,Chelsea,0.0,15000000.0,loan_in
2017/18,Stoke,45660,Eric-Maxim Choupo-Moting,2017-08-07,FC Schalke 04,0.0,6000000.0,free
2017/18,Stoke,112052,Bruno Martins Indi,2017-08-10,Porto,7700000.0,11000000.0,paid
2017/18,Stoke,211325,Badou Ndiaye,2018-01-31,Galatasaray,16000000.0,7000000.0,paid
2017/18,Stoke,298091,Harry Souttar,2018-05-14,Ross County,0.0,200000.0,loan_return
2017/18,Stoke,74228,Marc Muniesa,2018-06-30,Girona,0.0,2500000.0,loan_return
2017/18,Stoke,130756,Giannelli Imbula,2018-06-30,Toulouse,0.0,6000000.0,loan_return
2017/18,Swansea,56631,Erwin Mulder,2017-07-01,Heerenveen,0.0,2500000.0,free
2017/18,Swansea,214666,Connor Roberts,2017-07-01,Swansea U23,,250000.0,youth_promotion
2017/18,Swansea,331726,Tammy Abraham,2017-07-04,Chelsea,0.0,8000000.0,loan_in
2017/18,Swansea,258027,Renato Sanches,2017-08-31,Bayern Munich,0.0,22000000.0,loan_in
2017/18,Swansea,214666,Connor Roberts,2018-01-03,Middlesbrough,0.0,250000.0,loan_return
2017/18,Swansea,45403,André Ayew,2018-01-31,West Ham,22800000.0,18000000.0,paid
2017/18,Swansea,298477,Oli McBurnie,2018-05-31,Barnsley,0.0,1000000.0,loan_return
2017/18,Swansea,85289,Jordi Amat,2018-06-30,Real Betis,0.0,5000000.0,loan_return
2017/18,Tottenham,341051,Kyle Walker-Peters,2017-07-01,Tottenham U23,,250000.0,youth_promotion
2017/18,Tottenham,195488,Paulo Gazzaniga,2017-08-23,Southampton,,1000000.0,undisclosed
2017/18,Tottenham,341429,Davinson Sánchez,2017-08-23,Ajax,42000000.0,25000000.0,paid
2017/18,Tottenham,480763,Juan Foyth,2017-08-30,Estudiantes LP,10500000.0,5000000.0,paid
2017/18,Tottenham,127032,Serge Aurier,2017-08-31,Paris SG,25000000.0,15000000.0,paid
2017/18,Tottenham,341049,Cameron Carter-Vickers,2018-01-15,Sheff Utd,0.0,500000.0,loan_return
2017/18,Tottenham,77100,Lucas Moura,2018-01-31,PSG,28400000.0,28000000.0,paid
2017/18,Tottenham,341049,Cameron Carter-Vickers,2018-05-31,Ipswich,0.0,1000000.0,loan_return
2017/18,Tottenham,207015,Vincent Janssen,2018-06-30,Fenerbahçe,0.0,9000000.0,loan_return
2017/18,Watford,76467,Kiko Femenía,2017-07-01,Alavés,0.0,4000000.0,free
2017/18,Watford,207014,Will Hughes,2017-07-01,Derby,9100000.0,8000000.0,paid
2017/18,Watford,349599,Pervis Estupiñán,2017-07-01,Udinese,,400000.0,undisclosed
2017/18,Watford,424784,Luis Suárez,2017-07-01,Leones FC,,150000.0,undisclosed
2017/18,Watford,453575,Jorge Segura,2017-07-01,Envigado,0.0,200000.0,free
2017/18,Watford,378710,Richarlison,2017-08-08,Fluminense,12400000.0,2000000.0,paid
2017/18,Watford,120565,Andre Gray,2017-08-09,Burnley,20400000.0,10000000.0,paid
2017/18,Watford,135057,André Carrillo,2017-08-24,Benfica,0.0,6000000.0,loan_in
2017/18,Watford,170472,Dimitri Foulquier,2017-08-25,Granada CF,2000000.0,2000000.0,paid
2017/18,Watford,129476,Gerard Deulofeu,2018-01-29,Barcelona,0.0,14000000.0,loan_in
2017/18,Watford,303259,Dodi Lukébakio,2018-01-30,R Charleroi SC,5000000.0,3000000.0,paid
2017/18,Watford,365544,Pontus Dahlberg,2018-01-31,IFK Göteborg,3900000.0,800000.0,paid
2017/18,Watford,453575,Jorge Segura,2018-02-05,R. Valladolid B,0.0,200000.0,loan_return
2017/18,Watford,55619,Nordin Amrabat,2018-06-30,CD Leganés,0.0,3000000.0,loan_return
2017/18,Watford,170472,Dimitri Foulquier,2018-06-30,R. Strasbourg,0.0,2000000.0,loan_return
2017/18,Watford,295331,Isaac Success,2018-06-30,Málaga CF,0.0,2000000.0,loan_return
2017/18,Watford,349599,Pervis Estupiñán,2018-06-30,UD Almería,0.0,800000.0,loan_return
2017/18,Watford,365544,Pontus Dahlberg,2018-06-30,IFK Göteborg,0.0,1000000.0,loan_return
2017/18,Watford,424784,Luis Suárez,2018-06-30,R. Valladolid B,0.0,300000.0,loan_return
2017/18,Watford,453575,Jorge Segura,2018-06-30,Indep. Medellín,0.0,200000.0,loan_return
2017/18,West Brom,53360,Jay Rodríguez,2017-07-02,Southampton,13700000.0,10000000.0,paid
2017/18,West Brom,264429,Yuning Zhang,2017-07-03,Vitesse,7200000.0,700000.0,paid
2017/18,West Brom,111524,Ahmed Hegazy,2017-07-17,Al Ahly,0.0,1000000.0,loan_in
2017/18,West Brom,341317,Oliver Burke,2017-08-25,Leipzig,15200000.0,7000000.0,paid
2017/18,West Brom,111524,Ahmed Hegazy,2018-01-01,Al Ahly,5000000.0,3000000.0,paid
2017/18,West Brom,264429,Yuning Zhang,2018-06-30,Werder Bremen,0.0,1500000.0,loan_return
2017/18,West Ham,357662,Declan Rice,2017-07-01,West Ham U23,,,youth_promotion
2017/18,West Ham,40204,Joe Hart,2017-07-18,Man City,0.0,13000000.0,loan_in
2017/18,West Ham,41384,Marko Arnautovic,2017-07-22,Stoke City,22300000.0,15000000.0,paid
2017/18,West Ham,349300,Sead Haksabanovic,2017-08-07,Halmstads BK,3000000.0,400000.0,paid
2017/18,West Ham,314295,Reece Oxford,2017-12-31,Mönchengladbach,0.0,5000000.0,loan_return
2017/18,West Ham,242606,Josh Cullen,2018-01-01,Bolton,0.0,500000.0,loan_return
2017/18,West Ham,264220,Reece Burke,2018-01-01,Bolton,0.0,1000000.0,loan_return
2017/18,West Ham,149729,João Mário,2018-01-26,Inter,0.0,26000000.0,loan_in
2017/18,West Ham,264220,Reece Burke,2018-05-31,Bolton,0.0,1000000.0,loan_return
2017/18,West Ham,314295,Reece Oxford,2018-06-30,Mönchengladbach,0.0,5000000.0,loan_return
2018/19,Arsenal,72476,Bernd Leno,2018-07-01,Leverkusen,25000000.0,20000000.0,paid
2018/19,Arsenal,205757,Dejan Iliev,2018-07-01,Arsenal U23,,,youth_promotion
2018/19,Arsenal,34322,Sokratis Papastathopoulos,2018-07-02,Bor. Dortmund,16000000.0,20000000.0,paid
2018/19,Arsenal,318077,Lucas Torreira,2018-07-10,Sampdoria,28650000.0,30000000.0,paid
2018/19,Arsenal,465830,Mattéo Guendouzi,2018-07-11,FC Lorient,8000000.0,2500000.0,paid
2018/19,Arsenal,340324,Eddie Nketiah,2019-01-01,Arsenal U23,,,youth_promotion
2018/19,Arsenal,165007,Denis Suárez,2019-01-31,Barcelona,0.0,12000000.0,loan_in
2018/19,Arsenal,111873,Emiliano Martínez,2019-05-31,Reading,0.0,1000000.0,loan_return
2018/19,Arsenal,215118,Calum Chambers,2019-05-31,Fulham,0.0,14000000.0,loan_return
2018/19,Arsenal,73396,David Ospina,2019-06-30,Napoli,0.0,4000000.0,loan_return
2018/19,Arsenal,245744,Takuma Asano,2019-06-30,Hannover 96,0.0,1500000.0,loan_return
2018/19,Bournemouth,277033,David Brooks,2018-07-01,Sheff Utd,11300000.0,5000000.0,paid
2018/19,Bournemouth,249513,Diego Rico,2018-07-24,CD Leganés,15000000.0,2500000.0,paid
2018/19,Bournemouth,262980,Jefferson Lerma,2018-08-07,Levante,30500000.0,2000000.0,paid
2018/19,Bournemouth,85177,Nathaniel Clyne,2019-01-04,Liverpool,0.0,15000000.0,loan_in
2018/19,Bournemouth,258889,Dominic Solanke,2019-01-04,Liverpool,21200000.0,10000000.0,paid
2018/19,Bournemouth,480987,Chris Mepham,2019-01-22,Brentford,13600000.0,8000000.0,paid
2018/19,Bournemouth,55742,Harry Arter,2019-05-31,Cardiff,0.0,7000000.0,loan_return
2018/19,Bournemouth,253677,Tyrone Mings,2019-05-31,Aston Villa,0.0,3500000.0,loan_return
2018/19,Bournemouth,427568,Aaron Ramsdale,2019-05-31,AFC Wimbledon,0.0,500000.0,loan_return
2018/19,Brighton,56100,Leon Balogun,2018-07-01,1.FSV Mainz 05,0.0,2000000.0,free
2018/19,Brighton,73564,Jason Steele,2018-07-01,Sunderland,0.0,750000.0,free
2018/19,Brighton,335721,Ben White,2018-07-01,Brighton U23,,,youth_promotion
2018/19,Brighton,364258,Bernardo,2018-07-05,Leipzig,10000000.0,6000000.0,paid
2018/19,Brighton,410425,Yves Bissouma,2018-07-17,Lille,16800000.0,8000000.0,paid
2018/19,Brighton,312239,Percy Tau,2018-07-20,Sundowns,3200000.0,2000000.0,paid
2018/19,Brighton,213268,Alireza Jahanbakhsh,2018-07-25,AZ Alkmaar,22500000.0,18000000.0,paid
2018/19,Brighton,342389,Anders Dreyer,2018-08-07,Esbjerg fB,2200000.0,600000.0,paid
2018/19,Brighton,450237,Billy Arce,2018-08-07,Independiente,860000.0,1000000.0,paid
2018/19,Brighton,367284,Leo Østigård,2018-08-08,Molde FK,110000.0,50000.0,paid
2018/19,Brighton,68645,Martín Montoya,2018-08-09,Valencia,7000000.0,8000000.0,paid
2018/19,Brighton,134270,Dan Burn,2018-08-09,Wigan,3550000.0,750000.0,paid
2018/19,Brighton,134270,Dan Burn,2019-01-01,Wigan,0.0,3000000.0,loan_return
2018/19,Brighton,73547,Oliver Norwood,2019-01-03,Sheff Utd,0.0,3000000.0,loan_return
2018/19,Brighton,450237,Billy Arce,2019-01-09,Extremadura,0.0,1000000.0,loan_return
2018/19,Brighton,534033,Alexis Mac Allister,2019-01-24,Argentinos Jrs.,8000000.0,5000000.0,paid
2018/19,Brighton,433976,Tudor Băluță,2019-01-31,FC Viitorul,2900000.0,1300000.0,paid
2018/19,Brighton,335721,Ben White,2019-05-31,Peterborough,0.0,,loan_return
2018/19,Brighton,342389,Anders Dreyer,2019-05-31,St. Mirren,0.0,600000.0,loan_return
2018/19,Brighton,450237,Billy Arce,2019-06-02,CS Emelec,0.0,1000000.0,loan_return
2018/19,Brighton,312239,Percy Tau,2019-06-30,Union SG,0.0,3500000.0,loan_return
2018/19,Brighton,433976,Tudor Băluță,2019-06-30,FC Viitorul,0.0,4500000.0,loan_return
2018/19,Brighton,534033,Alexis Mac Allister,2019-06-30,Argentinos Jrs.,0.0,5000000.0,loan_return
2018/19,Burnley,584769,Dwight McNeil,2018-07-01,FC Burnley U23,,,undisclosed
2018/19,Burnley,40204,Joe Hart,2018-08-07,Man City,3900000.0,10000000.0,paid
2018/19,Burnley,101500,Matej Vydra,2018-08-07,Derby,12200000.0,8000000.0,paid
2018/19,Burnley,385918,Aiden O'Neill,2019-06-30,Central Coast,0.0,500000.0,loan_return
2018/19,Cardiff,186186,Bobby De Cordova-Reid,2018-07-01,Bristol City,11350000.0,3000000.0,paid
2018/19,Cardiff,55742,Harry Arter,2018-08-09,Bournemouth,0.0,7000000.0,loan_in
2018/19,Cardiff,611845,Ciaron Brown,2019-05-31,Livingston FC,0.0,,loan_return
2018/19,Chelsea,102017,Jorginho,2018-07-14,Napoli,57000000.0,50000000.0,paid
2018/19,Chelsea,192279,Kepa Arrizabalaga,2018-08-08,Athletic Club,80000000.0,20000000.0,paid
2018/19,Chelsea,51471,Mateo Kovacic,2018-08-09,Real Madrid,0.0,30000000.0,loan_in
2018/19,Chelsea,392768,Callum Hudson-Odoi,2019-01-01,Chelsea U23,,,youth_promotion
2018/19,Chelsea,315779,Christian Pulisic,2019-01-02,Dortmund,64000000.0,50000000.0,paid
2018/19,Chelsea,245893,Matt Miazga,2019-01-24,FC Nantes,0.0,3000000.0,loan_return
2018/19,Chelsea,224884,Abdul Rahman Baba,2019-01-28,FC Schalke 04,0.0,5000000.0,loan_return
2018/19,Chelsea,179184,Michy Batshuayi,2019-01-30,Valencia,0.0,30000000.0,loan_return
2018/19,Chelsea,157509,Kurt Zouma,2019-05-31,Everton,0.0,20000000.0,loan_return
2018/19,Chelsea,245893,Matt Miazga,2019-05-31,Reading,0.0,3000000.0,loan_return
2018/19,Chelsea,281404,Kenedy,2019-05-31,Newcastle,0.0,10000000.0,loan_return
2018/19,Chelsea,303254,Fikayo Tomori,2019-05-31,Derby,0.0,7000000.0,loan_return
2018/19,Chelsea,331726,Tammy Abraham,2019-05-31,Aston Villa,0.0,15000000.0,loan_return
2018/19,Chelsea,131708,Kenneth Omeruo,2019-06-30,CD Leganés,0.0,5000000.0,loan_return
2018/19,Chelsea,176485,Lucas Piazón,2019-06-30,Chievo Verona,0.0,1500000.0,loan_return
2018/19,Chelsea,179184,Michy Batshuayi,2019-06-30,Crystal Palace,0.0,30000000.0,loan_return
2018/19,Chelsea,182618,Tiemoué Bakayoko,2019-06-30,AC Milan,0.0,35000000.0,loan_return
2018/19,Chelsea,224884,Abdul Rahman Baba,2019-06-30,Stade Reims,0.0,5000000.0,loan_return
2018/19,Chelsea,236490,Ola Aina,2019-06-30,Torino,0.0,10000000.0,loan_return
2018/19,Chelsea,315779,Christian Pulisic,2019-06-30,Dortmund,0.0,60000000.0,loan_return
2018/19,Crystal Palace,64399,Vicente Guaita,2018-07-01,Getafe,0.0,5000000.0,free
2018/19,Crystal Palace,66934,Cheikhou Kouyaté,2018-08-02,West Ham,10700000.0,12000000.0,paid
2018/19,Crystal Palace,108354,Jordan Ayew,2018-08-09,Swansea,0.0,8000000.0,loan_in
2018/19,Crystal Palace,352041,Lucas Perri,2019-01-25,São Paulo,0.0,50000.0,loan_in
2018/19,Crystal Palace,179184,Michy Batshuayi,2019-01-31,Chelsea,0.0,30000000.0,loan_in
2018/19,Crystal Palace,238407,Alexander Sørloth,2019-06-30,KAA Gent,0.0,6000000.0,loan_return
2018/19,Everton,378710,Richarlison,2018-07-24,Watford,39200000.0,25000000.0,paid
2018/19,Everton,126664,Lucas Digne,2018-08-01,Barcelona,20200000.0,15000000.0,paid
2018/19,Everton,157509,Kurt Zouma,2018-08-09,Chelsea,0.0,15000000.0,loan_in
2018/19,Everton,175169,Bernard,2018-08-09,Shakhtar D.,0.0,16000000.0,free
2018/19,Everton,221025,André Gomes,2018-08-09,Barcelona,0.0,15000000.0,loan_in
2018/19,Everton,289446,Yerry Mina,2018-08-09,Barcelona,30250000.0,20000000.0,paid
2018/19,Everton,75471,Yannick Bolasie,2019-01-21,Aston Villa,0.0,15000000.0,loan_return
2018/19,Everton,93905,Muhamed Besic,2019-05-31,Middlesbrough,0.0,5000000.0,loan_return
2018/19,Everton,258916,Kieran Dowell,2019-05-31,Sheff Utd,0.0,3000000.0,loan_return
2018/19,Everton,348623,Mason Holgate,2019-05-31,West Brom,0.0,7000000.0,loan_return
2018/19,Everton,399369,Beni Baningime,2019-05-31,Wigan,0.0,2500000.0,loan_return
2018/19,Everton,75471,Yannick Bolasie,2019-06-30,RSC Anderlecht,0.0,11000000.0,loan_return
2018/19,Everton,199369,Sandro Ramírez,2019-06-30,Real Sociedad,0.0,4000000.0,loan_return
2018/19,Everton,293200,Nikola Vlašić,2019-06-30,CSKA Moscow,0.0,20000000.0,loan_return
2018/19,Everton,380415,Henry Onyekuru,2019-06-30,Galatasaray,0.0,13000000.0,loan_return
2018/19,Fulham,51152,Aleksandar Mitrović,2018-07-30,Newcastle,24700000.0,15000000.0,paid
2018/19,Fulham,215118,Calum Chambers,2018-08-07,Arsenal,0.0,14000000.0,loan_in
2018/19,Fulham,207302,Sergio Rico,2018-08-09,Sevilla FC,0.0,12000000.0,loan_in
2018/19,Fulham,214316,Luciano Vietto,2018-08-09,Atlético,0.0,6000000.0,loan_in
2018/19,Fulham,315131,Timothy Fosu-Mensah,2018-08-09,Man Utd,0.0,7000000.0,loan_in
2018/19,Fulham,354361,Frank Anguissa,2018-08-09,Marseille,24850000.0,18000000.0,paid
2018/19,Fulham,169801,Cauley Woodrow,2019-01-02,Barnsley FC,0.0,750000.0,loan_return
2018/19,Fulham,144303,Lazar Markovic,2019-01-31,Liverpool,0.0,5000000.0,free
2018/19,Huddersfield,48870,Jonas Lössl,2018-07-01,Mainz,2500000.0,5000000.0,paid
2018/19,Huddersfield,238809,Florent Hadergjonaj,2018-07-01,FC Ingolstadt,5000000.0,5000000.0,paid
2018/19,Huddersfield,348863,Juninho Bacuna,2018-07-01,FC Groningen,2500000.0,1500000.0,paid
2018/19,Huddersfield,260806,Isaac Mbenza,2018-08-09,Montpellier,0.0,3500000.0,loan_in
2018/19,Huddersfield,77001,Rajiv van La Parra,2019-05-31,Middlesbrough,0.0,4000000.0,loan_return
2018/19,Leicester,42412,Jonny Evans,2018-07-01,West Brom,4000000.0,15000000.0,paid
2018/19,Leicester,215876,Ricardo Pereira,2018-07-01,Porto,22000000.0,20000000.0,paid
2018/19,Leicester,294057,James Maddison,2018-07-01,Norwich,25000000.0,10000000.0,paid
2018/19,Leicester,398065,Harvey Barnes,2018-07-01,Leicester U23,,250000.0,youth_promotion
2018/19,Leicester,203026,Danny Ward,2018-07-20,Liverpool,14000000.0,2500000.0,paid
2018/19,Leicester,118287,Rachid Ghezzal,2018-08-05,Monaco,14000000.0,4000000.0,paid
2018/19,Leicester,293168,Filip Benkovic,2018-08-09,Dinamo Zagreb,14500000.0,11000000.0,paid
2018/19,Leicester,320141,Çağlar Söyüncü,2018-08-09,Freiburg,21100000.0,18000000.0,paid
2018/19,Leicester,398065,Harvey Barnes,2019-01-11,West Brom,0.0,1500000.0,loan_return
2018/19,Leicester,249565,Youri Tielemans,2019-01-31,Monaco,0.0,18000000.0,loan_in
2018/19,Leicester,246579,Bartosz Kapustka,2019-04-02,OH Leuven,0.0,2500000.0,loan_return
2018/19,Leicester,271997,Callum Elder,2019-05-31,Ipswich,0.0,250000.0,loan_return
2018/19,Leicester,174915,Islam Slimani,2019-06-30,Fenerbahçe,0.0,5000000.0,loan_return
2018/19,Leicester,293168,Filip Benkovic,2019-06-30,Celtic,0.0,11000000.0,loan_return
2018/19,Leicester,364861,Fousseni Diabaté,2019-06-30,Sivasspor,0.0,3000000.0,loan_return
2018/19,Liverpool,225693,Fabinho,2018-07-01,Monaco,45000000.0,45000000.0,paid
2018/19,Liverpool,279455,Harry Wilson,2018-07-01,Liverpool U23,,1000000.0,youth_promotion
2018/19,Liverpool,279457,Ryan Kent,2018-07-01,Liverpool U23,,1500000.0,youth_promotion
2018/19,Liverpool,302215,Naby Keïta,2018-07-01,RB Leipzig,60000000.0,65000000.0,paid
2018/19,Liverpool,86792,Xherdan Shaqiri,2018-07-13,Stoke City,14700000.0,18000000.0,paid
2018/19,Liverpool,105470,Alisson,2018-07-19,Roma,72500000.0,60000000.0,paid
2018/19,Liverpool,337284,Ovie Ejaria,2018-12-15,Rangers,0.0,900000.0,loan_return
2018/19,Liverpool,262545,Connor Randall,2019-01-01,Rochdale,0.0,500000.0,loan_return
2018/19,Liverpool,295313,Taiwo Awoniyi,2019-01-11,KAA Gent,0.0,1500000.0,loan_return
2018/19,Liverpool,279457,Ryan Kent,2019-05-20,Rangers,0.0,1750000.0,loan_return
2018/19,Liverpool,85177,Nathaniel Clyne,2019-05-31,Bournemouth,0.0,15000000.0,loan_return
2018/19,Liverpool,279455,Harry Wilson,2019-05-31,Derby,0.0,8000000.0,loan_return
2018/19,Liverpool,337284,Ovie Ejaria,2019-05-31,Reading,0.0,900000.0,loan_return
2018/19,Liverpool,134294,Danny Ings,2019-06-30,Southampton,0.0,15000000.0,loan_return
2018/19,Liverpool,222813,Marko Grujić,2019-06-30,Hertha BSC,0.0,20000000.0,loan_return
2018/19,Liverpool,236510,Sheyi Ojo,2019-06-30,Stade Reims,0.0,2000000.0,loan_return
2018/19,Liverpool,295313,Taiwo Awoniyi,2019-06-30,Mouscron,0.0,4500000.0,loan_return
2018/19,Man City,277118,Manu García,2018-07-01,Man City U23,,2000000.0,youth_promotion
2018/19,Man City,371021,Arijanet Murić,2018-07-01,Man City U23,,,youth_promotion
2018/19,Man City,171424,Riyad Mahrez,2018-07-10,Leicester,67800000.0,50000000.0,paid
2018/19,Man City,340460,Philippe Sandler,2018-07-31,PEC Zwolle,2500000.0,2500000.0,paid
2018/19,Man City,399997,Daniel Arzani,2018-08-09,Melbourne City,890000.0,1500000.0,paid
2018/19,Man City,371021,Arijanet Murić,2018-08-22,NAC Breda,0.0,,loan_return
2018/19,Man City,226739,Anthony Cáceres,2018-12-31,Melbourne City,0.0,500000.0,loan_return
2018/19,Man City,345654,Marlos Moreno,2018-12-31,Flamengo,0.0,500000.0,loan_return
2018/19,Man City,378293,Yangel Herrera,2018-12-31,New York City,0.0,1000000.0,loan_return
2018/19,Man City,355816,Ko Itakura,2019-01-14,Kawasaki Front.,1100000.0,700000.0,paid
2018/19,Man City,371003,Ante Palaversa,2019-01-31,Hajduk Split,6300000.0,550000.0,paid
2018/19,Man City,114365,Luke Brattan,2019-06-30,Melbourne City,0.0,500000.0,free
2018/19,Man City,210178,Pablo Marí,2019-06-30,Dep. La Coruña,0.0,800000.0,loan_return
2018/19,Man City,226739,Anthony Cáceres,2019-06-30,Sydney FC,0.0,350000.0,loan_return
2018/19,Man City,261504,Aleix García,2019-06-30,Girona,0.0,3000000.0,loan_return
2018/19,Man City,277118,Manu García,2019-06-30,Toulouse,0.0,5000000.0,loan_return
2018/19,Man City,345654,Marlos Moreno,2019-06-30,Santos Laguna,0.0,700000.0,loan_return
2018/19,Man City,378293,Yangel Herrera,2019-06-30,SD Huesca,0.0,2000000.0,loan_return
2018/19,Man City,447661,Douglas Luiz,2019-06-30,Girona,0.0,2500000.0,loan_return
2018/19,Man United,191614,Fred,2018-07-01,Shakhtar D.,59000000.0,32000000.0,paid
2018/19,Man United,258879,Cameron Borthwick-Jackson,2018-07-01,Man Utd U23,,3000000.0,youth_promotion
2018/19,Man United,357147,Diogo Dalot,2018-07-01,Porto,22000000.0,15000000.0,paid
2018/19,Man United,258879,Cameron Borthwick-Jackson,2019-05-31,Scunthorpe Utd.,0.0,3000000.0,loan_return
2018/19,Man United,315131,Timothy Fosu-Mensah,2019-05-31,Fulham,0.0,7000000.0,loan_return
2018/19,Man United,342046,Axel Tuanzebe,2019-05-31,Aston Villa,0.0,5000000.0,loan_return
2018/19,Newcastle,74960,Martin Dúbravka,2018-07-01,Sparta Prague,4000000.0,4000000.0,paid
2018/19,Newcastle,81796,Sung-yueng Ki,2018-07-01,Swansea,0.0,7000000.0,free
2018/19,Newcastle,338424,Mikel Merino,2018-07-01,Dortmund,7000000.0,10000000.0,paid
2018/19,Newcastle,135343,Fabian Schär,2018-07-26,Dep. La Coruña,4000000.0,3000000.0,paid
2018/19,Newcastle,230541,Yoshinori Muto,2018-08-02,Mainz,10700000.0,6000000.0,paid
2018/19,Newcastle,80197,Salomón Rondón,2018-08-06,West Brom,0.0,13000000.0,loan_in
2018/19,Newcastle,346707,Sean Longstaff,2019-01-01,Newcastle U23,,150000.0,youth_promotion
2018/19,Newcastle,272999,Miguel Almirón,2019-01-31,Atlanta,24000000.0,15000000.0,paid
2018/19,Newcastle,196522,Dwight Gayle,2019-05-31,West Brom,0.0,12000000.0,loan_return
2018/19,Newcastle,199527,Jacob Murphy,2019-05-31,West Brom,0.0,7000000.0,loan_return
2018/19,Newcastle,256773,Dan Barlaser,2019-05-31,Accrington,0.0,,loan_return
2018/19,Southampton,130765,Stuart Armstrong,2018-07-01,Celtic,7950000.0,2000000.0,paid
2018/19,Southampton,186644,Mohamed Elyounoussi,2018-07-01,Basel,18000000.0,8500000.0,paid
2018/19,Southampton,201574,Angus Gunn,2018-07-10,Man City,11300000.0,2000000.0,paid
2018/19,Southampton,99331,Jannik Vestergaard,2018-07-13,Mönchengladbach,25000000.0,14000000.0,paid
2018/19,Southampton,134294,Danny Ings,2018-08-09,Liverpool,0.0,8000000.0,loan_in
2018/19,Southampton,406008,Yan Valery,2019-01-01,Southampt. U23,,,undisclosed
2018/19,Southampton,444208,Michael Obafemi,2019-01-01,Southampt. U23,,1000000.0,undisclosed
2018/19,Southampton,286919,Josh Sims,2019-01-07,Reading,0.0,1000000.0,loan_return
2018/19,Southampton,28973,Steven Davis,2019-05-20,Rangers,0.0,3000000.0,loan_return
2018/19,Southampton,226973,Harrison Reed,2019-05-31,Blackburn,0.0,1500000.0,loan_return
2018/19,Southampton,104223,Jordy Clasie,2019-06-30,Feyenoord,0.0,5500000.0,loan_return
2018/19,Southampton,112988,Cédric Soares,2019-06-30,Inter,0.0,12000000.0,loan_return
2018/19,Southampton,184672,Guido Carrillo,2019-06-30,CD Leganés,0.0,7500000.0,loan_return
2018/19,Southampton,232271,Sofiane Boufal,2019-06-30,Celta de Vigo,0.0,12000000.0,loan_return
2018/19,Southampton,253765,Wesley Hoedt,2019-06-30,Celta de Vigo,0.0,12000000.0,loan_return
2018/19,Tottenham,406638,Oliver Skipp,2018-07-01,Tottenham U23,,,youth_promotion
2018/19,Tottenham,341049,Cameron Carter-Vickers,2019-05-31,Swansea,0.0,1500000.0,loan_return
2018/19,Watford,129476,Gerard Deulofeu,2018-07-01,Barcelona,13000000.0,14000000.0,paid
2018/19,Watford,335245,Marc Navarro,2018-07-01,Espanyol,2000000.0,2000000.0,paid
2018/19,Watford,286949,Adam Masina,2018-07-02,Bologna,5000000.0,7000000.0,paid
2018/19,Watford,252345,Ken Sema,2018-07-05,Östersund,2250000.0,1000000.0,paid
2018/19,Watford,391719,Domingos Quina,2018-08-09,West Ham U21,1100000.0,,paid
2018/19,Watford,538006,Kwasi Sibo,2018-08-09,Banants,0.0,200000.0,free
2018/19,Watford,453575,Jorge Segura,2018-12-31,Indep. Medellín,0.0,900000.0,loan_return
2018/19,Watford,170472,Dimitri Foulquier,2019-06-30,Getafe,0.0,3500000.0,loan_return
2018/19,Watford,303259,Dodi Lukébakio,2019-06-30,F. Düsseldorf,0.0,18000000.0,loan_return
2018/19,Watford,349599,Pervis Estupiñán,2019-06-30,RCD Mallorca,0.0,2000000.0,loan_return
2018/19,Watford,424784,Luis Suárez,2019-06-30,Gimnàstic,0.0,800000.0,loan_return
2018/19,Watford,459463,Cucho Hernández,2019-06-30,SD Huesca,0.0,10000000.0,loan_return
2018/19,Watford,538006,Kwasi Sibo,2019-06-30,KF Skënderbeu,0.0,200000.0,loan_return
2018/19,West Ham,29692,Lukasz Fabianski,2018-07-01,Swansea,8000000.0,5000000.0,paid
2018/19,West Ham,140191,Ryan Fredericks,2018-07-01,Fulham,0.0,4000000.0,free
2018/19,West Ham,272622,Issa Diop,2018-07-01,Toulouse,25000000.0,22000000.0,paid
2018/19,West Ham,342048,Grady Diangana,2018-07-01,West Ham U23,,,youth_promotion
2018/19,West Ham,69015,Andriy Yarmolenko,2018-07-11,Dortmund,20000000.0,23000000.0,paid
2018/19,West Ham,285548,Fabián Balbuena,2018-07-14,Corinthians,4000000.0,5000000.0,paid
2018/19,West Ham,159372,Felipe Anderson,2018-07-15,Lazio,38000000.0,30000000.0,paid
2018/19,West Ham,73185,Lucas Pérez,2018-08-09,Arsenal,4400000.0,7500000.0,paid
2018/19,West Ham,349300,Sead Haksabanovic,2019-01-16,Málaga CF,0.0,1000000.0,loan_return
2018/19,West Ham,236953,Sam Byram,2019-05-31,Nott'm Forest,0.0,4000000.0,loan_return
2018/19,West Ham,242606,Josh Cullen,2019-05-31,Charlton,0.0,1000000.0,loan_return
2018/19,West Ham,247555,Edimilson Fernandes,2019-06-30,Fiorentina,0.0,8000000.0,loan_return
2018/19,West Ham,314295,Reece Oxford,2019-06-30,Augsburg,0.0,4000000.0,loan_return
2018/19,Wolves,45026,Rui Patrício,2018-07-01,Sporting,18000000.0,16000000.0,paid
2018/19,Wolves,142310,Willy Boly,2018-07-01,Porto,12000000.0,5000000.0,paid
2018/19,Wolves,206040,Raúl Jiménez,2018-07-01,Benfica,0.0,15000000.0,loan_in
2018/19,Wolves,340950,Diogo Jota,2018-07-01,Atlético,14000000.0,12000000.0,paid
2018/19,Wolves,357158,Rúben Vinagre,2018-07-01,Monaco,2250000.0,500000.0,paid
2018/19,Wolves,504581,Ryan Giles,2018-07-01,Wolves U18,,,youth_promotion
2018/19,Wolves,29364,João Moutinho,2018-07-24,Monaco,5600000.0,10000000.0,paid
2018/19,Wolves,175446,Jonny Otto,2018-07-26,Atlético,0.0,12000000.0,loan_in
2018/19,Wolves,204103,Adama Traoré,2018-08-08,Middlesbrough,20000000.0,8000000.0,paid
2018/19,Wolves,168157,Leander Dendoncker,2018-08-09,RSC Anderlecht,0.0,17000000.0,loan_in
2018/19,Wolves,525247,Maximilian Kilman,2018-08-09,Maidenhead Utd.,4750000.0,,paid
2018/19,Wolves,180843,Paul Gladon,2019-01-01,Sint-Truiden,0.0,500000.0,loan_return
2018/19,Wolves,337787,Connor Ronan,2019-01-01,Walsall,0.0,250000.0,loan_return
2018/19,Wolves,175446,Jonny Otto,2019-01-31,Atlético,21000000.0,12000000.0,paid
2018/19,Wolves,87856,Roderick Miranda,2019-06-30,Olympiacos,0.0,1750000.0,loan_return
2018/19,Wolves,233124,Kortney Hause,2019-06-30,Aston Villa,0.0,1000000.0,loan_return
2018/19,Wolves,361254,Rafa Mir,2019-06-30,UD Las Palmas,0.0,3000000.0,loan_return
2019/20,Arsenal,340325,Reiss Nelson,2019-07-01,Arsenal U23,,17000000.0,youth_promotion
2019/20,Arsenal,340329,Joe Willock,2019-07-01,Arsenal U23,,,youth_promotion
2019/20,Arsenal,433177,Bukayo Saka,2019-07-01,Arsenal U23,,,youth_promotion
2019/20,Arsenal,655488,Gabriel Martinelli,2019-07-02,Ituano,7100000.0,,paid
2019/20,Arsenal,319745,Dani Ceballos,2019-07-25,Real Madrid,0.0,30000000.0,loan_in
2019/20,Arsenal,495666,William Saliba,2019-07-25,Saint-Étienne,30000000.0,12000000.0,paid
2019/20,Arsenal,343052,Nicolas Pépé,2019-08-01,Lille,80000000.0,65000000.0,paid
2019/20,Arsenal,300716,Kieran Tierney,2019-08-08,Celtic,27000000.0,12500000.0,paid
2019/20,Arsenal,205757,Dejan Iliev,2019-12-31,SKF Sered,0.0,300000.0,loan_return
2019/20,Arsenal,340324,Eddie Nketiah,2020-01-02,Leeds,0.0,8000000.0,loan_return
2019/20,Arsenal,210178,Pablo Marí,2020-01-29,Flamengo,0.0,1800000.0,loan_in
2019/20,Arsenal,112988,Cédric Soares,2020-01-31,Southampton,0.0,10000000.0,loan_in
2019/20,Arsenal,495666,William Saliba,2020-06-30,Saint-Étienne,0.0,22500000.0,loan_return
2019/20,Arsenal,415912,Konstantinos Mavropanos,2020-07-12,1.FC Nuremberg,0.0,2400000.0,loan_return
2019/20,Arsenal,205757,Dejan Iliev,2020-07-31,Jagiellonia,0.0,300000.0,loan_return
2019/20,Arsenal,160438,Mohamed Elneny,2020-08-03,Besiktas,0.0,5000000.0,loan_return
2019/20,Arsenal,55735,Henrikh Mkhitaryan,2020-08-31,Roma,0.0,20000000.0,loan_return
2019/20,Aston Villa,183720,Anwar El Ghazi,2019-07-01,LOSC Lille,9000000.0,7500000.0,paid
2019/20,Aston Villa,233124,Kortney Hause,2019-07-01,Wolves,3400000.0,1000000.0,paid
2019/20,Aston Villa,250478,Matt Targett,2019-07-01,Southampton,15500000.0,7000000.0,paid
2019/20,Aston Villa,253677,Tyrone Mings,2019-07-08,Bournemouth,22300000.0,5000000.0,paid
2019/20,Aston Villa,413403,Ezri Konsa,2019-07-11,Brentford,13300000.0,3500000.0,paid
2019/20,Aston Villa,193469,Björn Engels,2019-07-16,Stade Reims,8000000.0,6000000.0,paid
2019/20,Aston Villa,234189,Trezeguet,2019-07-24,Kasimpasa,10000000.0,6000000.0,paid
2019/20,Aston Villa,447661,Douglas Luiz,2019-07-25,Man City,16800000.0,2500000.0,paid
2019/20,Aston Villa,34130,Tom Heaton,2019-08-01,Burnley,8800000.0,3000000.0,paid
2019/20,Aston Villa,324882,Marvelous Nakamba,2019-08-01,Club Brugge,12000000.0,6500000.0,paid
2019/20,Aston Villa,309841,Andre Green,2020-01-01,Preston,0.0,2000000.0,loan_return
2019/20,Aston Villa,7825,Pepe Reina,2020-01-13,AC Milan,0.0,800000.0,loan_in
2019/20,Aston Villa,182201,Ally Samatta,2020-01-20,Genk,10500000.0,12000000.0,paid
2019/20,Aston Villa,324223,James Bree,2020-07-23,Luton,0.0,1200000.0,loan_return
2019/20,Aston Villa,309841,Andre Green,2020-07-31,Charlton,0.0,1800000.0,loan_return
2019/20,Bournemouth,398402,Sam Surridge,2019-07-01,Bournemouth U23,,,youth_promotion
2019/20,Bournemouth,480116,Lloyd Kelly,2019-07-01,Bristol City,14800000.0,9000000.0,paid
2019/20,Bournemouth,320411,Philip Billing,2019-07-29,Huddersfield,16500000.0,7000000.0,paid
2019/20,Bournemouth,355861,Arnaut Danjuma,2019-08-01,Club Brugge,16460000.0,12000000.0,paid
2019/20,Bournemouth,279455,Harry Wilson,2019-08-06,Liverpool,0.0,12000000.0,loan_in
2019/20,Bournemouth,33873,Asmir Begovic,2019-12-31,Qarabağ,0.0,5000000.0,loan_return
2019/20,Bournemouth,398402,Sam Surridge,2020-01-01,Swansea,0.0,500000.0,loan_return
2019/20,Bournemouth,55742,Harry Arter,2020-08-05,Fulham,0.0,3500000.0,loan_return
2019/20,Bournemouth,33873,Asmir Begovic,2020-08-31,AC Milan,0.0,2000000.0,loan_return
2019/20,Brighton,144028,Leandro Trossard,2019-07-01,Genk,15560000.0,16000000.0,paid
2019/20,Brighton,476237,Steven Alzate,2019-07-01,Brighton U23,,,youth_promotion
2019/20,Brighton,212847,Adam Webster,2019-08-03,Bristol City,22220000.0,9000000.0,paid
2019/20,Brighton,217115,Neal Maupay,2019-08-05,Brentford,15560000.0,12000000.0,paid
2019/20,Brighton,342389,Anders Dreyer,2020-01-05,Heerenveen,0.0,600000.0,loan_return
2019/20,Brighton,450237,Billy Arce,2020-01-23,Barcelona SC,0.0,500000.0,loan_return
2019/20,Brighton,504148,Tariq Lamptey,2020-01-31,Chelsea U23,1200000.0,,paid
2019/20,Brighton,534033,Alexis Mac Allister,2020-01-31,Boca Juniors,0.0,12500000.0,loan_return
2019/20,Brighton,56100,Leon Balogun,2020-05-31,Wigan,0.0,800000.0,loan_return
2019/20,Brighton,312239,Percy Tau,2020-06-30,Club Brugge,0.0,4000000.0,loan_return
2019/20,Brighton,325443,Viktor Gyökeres,2020-06-30,St. Pauli,0.0,800000.0,loan_return
2019/20,Brighton,367284,Leo Østigård,2020-06-30,St. Pauli,0.0,1800000.0,loan_return
2019/20,Brighton,433976,Tudor Băluță,2020-06-30,ADO Den Haag,0.0,3600000.0,loan_return
2019/20,Brighton,335721,Ben White,2020-07-31,Leeds,0.0,5500000.0,loan_return
2019/20,Burnley,53360,Jay Rodríguez,2019-07-09,West Brom,10000000.0,10000000.0,paid
2019/20,Burnley,410436,Bailey Peacock-Farrell,2019-08-02,Leeds,2750000.0,1500000.0,paid
2019/20,Burnley,293569,Josh Brownhill,2020-01-30,Bristol City,10000000.0,4500000.0,paid
2019/20,Burnley,385918,Aiden O'Neill,2020-06-30,Brisbane Roar,0.0,500000.0,loan_return
2019/20,Chelsea,51471,Mateo Kovacic,2019-07-01,Real Madrid,45000000.0,35000000.0,paid
2019/20,Chelsea,346483,Mason Mount,2019-07-01,Chelsea U23,,12000000.0,youth_promotion
2019/20,Chelsea,472423,Reece James,2019-07-01,Chelsea U23,,7000000.0,youth_promotion
2019/20,Chelsea,392757,Marc Guéhi,2020-01-01,Chelsea U23,,1500000.0,youth_promotion
2019/20,Chelsea,59866,Victor Moses,2020-01-22,Fenerbahce,0.0,8500000.0,loan_return
2019/20,Chelsea,423744,Billy Gilmour,2020-02-11,Chelsea U23,,3000000.0,youth_promotion
2019/20,Chelsea,128223,Álvaro Morata,2020-06-30,Atlético,0.0,36000000.0,loan_return
2019/20,Chelsea,182618,Tiemoué Bakayoko,2020-06-30,Monaco,0.0,25500000.0,loan_return
2019/20,Chelsea,224884,Abdul Rahman Baba,2020-06-30,RCD Mallorca,0.0,2400000.0,loan_return
2019/20,Chelsea,281404,Kenedy,2020-06-30,Getafe,0.0,9500000.0,loan_return
2019/20,Chelsea,392771,Ethan Ampadu,2020-06-30,Leipzig,0.0,9000000.0,loan_return
2019/20,Chelsea,245893,Matt Miazga,2020-07-23,Reading,0.0,2000000.0,loan_return
2019/20,Chelsea,392757,Marc Guéhi,2020-07-31,Swansea,0.0,2700000.0,loan_return
2019/20,Chelsea,173859,Davide Zappacosta,2020-08-04,Roma,0.0,12000000.0,loan_return
2019/20,Chelsea,59866,Victor Moses,2020-08-31,Inter,0.0,6000000.0,loan_return
2019/20,Chelsea,205938,Mario Pašalić,2020-08-31,Atalanta,0.0,25000000.0,loan_in
2019/20,Crystal Palace,108354,Jordan Ayew,2019-07-25,Swansea,2800000.0,8000000.0,paid
2019/20,Crystal Palace,45333,James McCarthy,2019-08-08,Everton,3300000.0,5000000.0,paid
2019/20,Crystal Palace,45671,Cenk Tosun,2020-01-10,Everton,0.0,15000000.0,loan_in
2019/20,Everton,48870,Jonas Lössl,2019-07-01,Huddersfield,0.0,5000000.0,loan_in
2019/20,Everton,221025,André Gomes,2019-07-01,Barcelona,25000000.0,28000000.0,paid
2019/20,Everton,503733,Anthony Gordon,2019-07-01,Everton U23,,,youth_promotion
2019/20,Everton,182894,Jean-Philippe Gbamin,2019-08-02,Mainz,25000000.0,28000000.0,paid
2019/20,Everton,364135,Moise Kean,2019-08-04,Juventus,27500000.0,40000000.0,paid
2019/20,Everton,161869,Djibril Sidibé,2019-08-07,Monaco,0.0,15000000.0,loan_in
2019/20,Everton,242631,Alex Iwobi,2019-08-08,Arsenal,30400000.0,25000000.0,paid
2019/20,Everton,258916,Kieran Dowell,2020-01-02,Derby,0.0,3000000.0,loan_return
2019/20,Everton,661053,Jarrad Branthwaite,2020-01-13,Carlisle United,1100000.0,,paid
2019/20,Everton,45671,Cenk Tosun,2020-03-05,Crystal Palace,0.0,15000000.0,loan_return
2019/20,Everton,75471,Yannick Bolasie,2020-04-22,Sporting,0.0,4800000.0,loan_return
2019/20,Everton,93905,Muhamed Besic,2020-05-31,Sheff Utd,0.0,2400000.0,loan_return
2019/20,Everton,258883,Jonjoe Kenny,2020-06-30,FC Schalke 04,0.0,9500000.0,loan_return
2019/20,Everton,199369,Sandro Ramírez,2020-07-20,Real Valladolid,0.0,3200000.0,loan_return
2019/20,Everton,258916,Kieran Dowell,2020-07-23,Wigan,0.0,2000000.0,loan_return
2019/20,Everton,48870,Jonas Lössl,2020-07-31,Huddersfield,0.0,3200000.0,loan_return
2019/20,Leicester,413220,James Justin,2019-07-01,Luton,6700000.0,,paid
2019/20,Leicester,246968,Ayoze Pérez,2019-07-04,Newcastle,33400000.0,20000000.0,paid
2019/20,Leicester,420808,George Hirst,2019-07-05,OH Leuven,,500000.0,undisclosed
2019/20,Leicester,249565,Youri Tielemans,2019-07-08,Monaco,45000000.0,38000000.0,paid
2019/20,Leicester,129588,Dennis Praet,2019-08-08,Sampdoria,19200000.0,24000000.0,paid
2019/20,Leicester,56810,Adrien Silva,2020-06-30,Monaco,0.0,8000000.0,loan_return
2019/20,Leicester,174915,Islam Slimani,2020-06-30,Monaco,0.0,6500000.0,loan_return
2019/20,Leicester,364861,Fousseni Diabaté,2020-06-30,Amiens SC,0.0,2200000.0,loan_return
2019/20,Leicester,293168,Filip Benkovic,2020-07-31,Bristol City,0.0,7000000.0,loan_return
2019/20,Leicester,118287,Rachid Ghezzal,2020-08-31,Fiorentina,0.0,5500000.0,loan_return
2019/20,Liverpool,340918,Caoimhín Kelleher,2019-07-01,Liverpool U23,,,youth_promotion
2019/20,Liverpool,371814,Nathaniel Phillips,2019-07-01,Liverpool U23,,,youth_promotion
2019/20,Liverpool,541231,Sepp van den Berg,2019-07-01,PEC Zwolle,1900000.0,2000000.0,paid
2019/20,Liverpool,71271,Adrián San Miguel,2019-08-05,West Ham,0.0,3500000.0,free
2019/20,Liverpool,14044,Andy Lonergan,2019-08-12,Middlesbrough,0.0,250000.0,free
2019/20,Liverpool,371814,Nathaniel Phillips,2019-12-31,VfB Stuttgart,0.0,800000.0,loan_return
2019/20,Liverpool,385271,Allan,2019-12-31,Fluminense,0.0,2000000.0,loan_return
2019/20,Liverpool,165793,Takumi Minamino,2020-01-01,Salzburg,8500000.0,12500000.0,paid
2019/20,Liverpool,503680,Neco Williams,2020-01-01,Liverpool U23,,,youth_promotion
2019/20,Liverpool,85864,Loris Karius,2020-05-04,Besiktas,0.0,3200000.0,loan_return
2019/20,Liverpool,236510,Sheyi Ojo,2020-05-31,Rangers,0.0,1600000.0,loan_return
2019/20,Liverpool,222813,Marko Grujić,2020-06-30,Hertha BSC,0.0,14500000.0,loan_return
2019/20,Liverpool,295313,Taiwo Awoniyi,2020-06-30,Mainz,0.0,3200000.0,loan_return
2019/20,Liverpool,371814,Nathaniel Phillips,2020-06-30,VfB Stuttgart,0.0,800000.0,loan_return
2019/20,Liverpool,279455,Harry Wilson,2020-07-31,Bournemouth,0.0,17500000.0,loan_return
2019/20,Liverpool,337284,Ovie Ejaria,2020-07-31,Reading,0.0,3200000.0,loan_return
2019/20,Man City,282199,Erik Palmer-Brown,2019-07-01,Man City U23,,600000.0,youth_promotion
2019/20,Man City,314288,Lukas Nmecha,2019-07-01,Man City U23,,1000000.0,youth_promotion
2019/20,Man City,466794,Eric García,2019-07-01,Man City U23,,,youth_promotion
2019/20,Man City,371003,Ante Palaversa,2019-07-02,Hajduk Split,0.0,5000000.0,loan_return
2019/20,Man City,277179,Angeliño,2019-07-03,PSV,12000000.0,16000000.0,paid
2019/20,Man City,357565,Rodri,2019-07-04,Atlético,70000000.0,80000000.0,paid
2019/20,Man City,221624,Zack Steffen,2019-07-09,Columbus Crew,6820000.0,5000000.0,paid
2019/20,Man City,182712,João Cancelo,2019-08-07,Juventus,65000000.0,55000000.0,paid
2019/20,Man City,14555,Scott Carson,2019-08-08,Derby,0.0,2000000.0,loan_in
2019/20,Man City,426666,Ryotaro Meshino,2019-08-08,Gamba Osaka,1000000.0,500000.0,paid
2019/20,Man City,553875,Pedro Porro,2019-08-08,Girona,12000000.0,10000000.0,paid
2019/20,Man City,505652,Slobodan Tedic,2020-01-01,Cukaricki,3000000.0,2000000.0,paid
2019/20,Man City,314288,Lukas Nmecha,2020-01-02,Wolfsburg,0.0,4000000.0,loan_return
2019/20,Man City,371021,Arijanet Murić,2020-05-31,Nott'm Forest,0.0,1800000.0,loan_return
2019/20,Man City,426666,Ryotaro Meshino,2020-05-31,Heart of Midl.,0.0,450000.0,loan_return
2019/20,Man City,221624,Zack Steffen,2020-06-30,F. Düsseldorf,0.0,6000000.0,loan_return
2019/20,Man City,261504,Aleix García,2020-06-30,Mouscron,0.0,3200000.0,loan_return
2019/20,Man City,340460,Philippe Sandler,2020-06-30,RSC Anderlecht,0.0,3500000.0,loan_return
2019/20,Man City,345654,Marlos Moreno,2020-06-30,Portimonense,0.0,325000.0,loan_return
2019/20,Man City,355816,Ko Itakura,2020-06-30,FC Groningen,0.0,800000.0,loan_return
2019/20,Man City,371003,Ante Palaversa,2020-06-30,KV Oostende,0.0,3600000.0,loan_return
2019/20,Man City,399997,Daniel Arzani,2020-06-30,Celtic,0.0,900000.0,loan_return
2019/20,Man City,429790,Luka Ilic,2020-06-30,NAC Breda,0.0,1200000.0,loan_return
2019/20,Man City,505652,Slobodan Tedic,2020-06-30,Cukaricki,0.0,3000000.0,loan_return
2019/20,Man City,553875,Pedro Porro,2020-07-20,Real Valladolid,0.0,9000000.0,loan_return
2019/20,Man City,314288,Lukas Nmecha,2020-07-31,Middlesbrough,0.0,3600000.0,loan_return
2019/20,Man United,319301,Daniel James,2019-07-01,Swansea,17800000.0,12000000.0,paid
2019/20,Man United,344830,Tahith Chong,2019-07-01,Man Utd U23,,,youth_promotion
2019/20,Man United,392770,Angel Gomes,2019-07-01,Man Utd U23,,,youth_promotion
2019/20,Man United,477758,Aaron Wan-Bissaka,2019-07-01,Crystal Palace,55000000.0,35000000.0,paid
2019/20,Man United,507700,Brandon Williams,2019-07-01,Man Utd U18,,,youth_promotion
2019/20,Man United,532826,Mason Greenwood,2019-07-01,Man Utd U18,,,youth_promotion
2019/20,Man United,177907,Harry Maguire,2019-08-05,Leicester,87000000.0,50000000.0,paid
2019/20,Man United,258879,Cameron Borthwick-Jackson,2020-01-09,Tranmere Rovers,0.0,1000000.0,loan_return
2019/20,Man United,240306,Bruno Fernandes,2020-01-29,Sporting,65000000.0,60000000.0,paid
2019/20,Man United,258879,Cameron Borthwick-Jackson,2020-05-31,Oldham Athletic,0.0,800000.0,loan_return
2019/20,Man United,93176,Marcos Rojo,2020-06-30,Estudiantes LP,0.0,8000000.0,loan_return
2019/20,Man United,103427,Chris Smalling,2020-08-03,Roma,0.0,16000000.0,loan_return
2019/20,Man United,40433,Alexis Sánchez,2020-08-31,Inter,0.0,16000000.0,loan_return
2019/20,Newcastle,484387,Matty Longstaff,2019-07-01,Newcastle U23,,,youth_promotion
2019/20,Newcastle,333241,Joelinton,2019-07-23,Hoffenheim,43500000.0,35000000.0,paid
2019/20,Newcastle,146258,Jetro Willems,2019-08-02,Frankfurt,0.0,5000000.0,loan_in
2019/20,Newcastle,272642,Allan Saint-Maximin,2019-08-02,Nice,18000000.0,25000000.0,paid
2019/20,Newcastle,184528,Emil Krafth,2019-08-08,Amiens SC,5400000.0,2500000.0,paid
2019/20,Newcastle,245537,Nabil Bentaleb,2020-01-21,FC Schalke 04,0.0,5000000.0,loan_in
2019/20,Newcastle,186368,Valentino Lazaro,2020-01-24,Inter,0.0,19000000.0,loan_in
2019/20,Newcastle,256773,Dan Barlaser,2020-05-31,Rotherham,0.0,,loan_return
2019/20,Newcastle,199527,Jacob Murphy,2020-07-31,Sheff Wed,0.0,3500000.0,loan_return
2019/20,Newcastle,226049,Freddie Woodman,2020-07-31,Swansea,0.0,3200000.0,loan_return
2019/20,Norwich,434223,Adam Idah,2019-07-01,Norwich City U23,,,undisclosed
2019/20,Norwich,511802,Rocky Bushiri,2019-07-08,KV Oostende,,1200000.0,undisclosed
2019/20,Norwich,236953,Sam Byram,2019-07-16,West Ham,830000.0,3500000.0,paid
2019/20,Norwich,511802,Rocky Bushiri,2020-01-06,Blackpool,0.0,1200000.0,loan_return
2019/20,Norwich,246963,Carlton Morris,2020-01-07,Rotherham,0.0,150000.0,loan_return
2019/20,Norwich,232418,Ondrej Duda,2020-01-12,Hertha BSC,0.0,13000000.0,loan_in
2019/20,Norwich,82863,Lukas Rupp,2020-01-13,TSG Hoffenheim,500000.0,3000000.0,paid
2019/20,Norwich,288948,Aston Oxborough,2020-03-29,Wealdstone,0.0,50000.0,loan_return
2019/20,Norwich,246963,Carlton Morris,2020-05-31,MK Dons,0.0,150000.0,loan_return
2019/20,Norwich,511802,Rocky Bushiri,2020-06-30,Sint-Truiden,0.0,1000000.0,loan_return
2019/20,Sheffield United,543164,Rhys Norrington-Davies,2019-07-01,Sheffield U23,,,undisclosed
2019/20,Sheffield United,128907,Ravel Morrison,2019-07-16,Östersund,0.0,300000.0,free
2019/20,Sheffield United,291422,Lys Mousset,2019-07-21,Bournemouth,11100000.0,3500000.0,paid
2019/20,Sheffield United,218087,Ben Osborn,2019-07-26,Nottm Forest,3900000.0,3000000.0,paid
2019/20,Sheffield United,258919,Dean Henderson,2019-07-26,Man Utd U23,0.0,2500000.0,loan_return
2019/20,Sheffield United,298477,Oli McBurnie,2019-08-02,Swansea,19100000.0,8000000.0,paid
2019/20,Sheffield United,93905,Muhamed Besic,2019-08-08,Everton,0.0,5000000.0,loan_in
2019/20,Sheffield United,288259,Michael Verrips,2019-08-08,KV Mechelen,0.0,1500000.0,free
2019/20,Sheffield United,128909,Jack Robinson,2020-01-21,Nottm Forest,,2500000.0,undisclosed
2019/20,Sheffield United,333014,Sander Berge,2020-01-30,Genk,25000000.0,22000000.0,paid
2019/20,Sheffield United,324351,Panagiotis Retsos,2020-01-31,Leverkusen,0.0,9000000.0,loan_in
2019/20,Sheffield United,543164,Rhys Norrington-Davies,2020-05-31,Rochdale,0.0,,loan_return
2019/20,Sheffield United,128907,Ravel Morrison,2020-07-31,Middlesbrough,0.0,600000.0,loan_return
2019/20,Southampton,134294,Danny Ings,2019-07-01,Liverpool,25100000.0,15000000.0,paid
2019/20,Southampton,346779,Ché Adams,2019-07-01,Birmingham,16700000.0,7000000.0,paid
2019/20,Southampton,485424,Moussa Djenepo,2019-07-01,Standard Liège,15700000.0,12000000.0,paid
2019/20,Southampton,263236,Kevin Danso,2019-08-08,Augsburg,0.0,8000000.0,loan_in
2019/20,Southampton,444211,Will Smallbone,2020-01-01,Southampt. U23,,,undisclosed
2019/20,Southampton,341051,Kyle Walker-Peters,2020-01-29,Tottenham,0.0,10000000.0,loan_in
2019/20,Southampton,52570,Fraser Forster,2020-05-31,Celtic,0.0,6500000.0,loan_return
2019/20,Southampton,112988,Cédric Soares,2020-06-30,Arsenal,0.0,8000000.0,loan_return
2019/20,Southampton,253765,Wesley Hoedt,2020-06-30,Royal Antwerp,0.0,6500000.0,loan_return
2019/20,Southampton,286919,Josh Sims,2020-06-30,New York,0.0,1600000.0,loan_return
2019/20,Southampton,184672,Guido Carrillo,2020-07-20,CD Leganés,0.0,4800000.0,loan_return
2019/20,Southampton,170934,Mario Lemina,2020-08-03,Galatasaray,0.0,10500000.0,loan_return
2019/20,Southampton,226973,Harrison Reed,2020-08-05,Fulham,0.0,2400000.0,loan_return
2019/20,Southampton,81789,Maya Yoshida,2020-08-31,Sampdoria,0.0,3800000.0,loan_return
2019/20,Tottenham,282823,Alfie Whiteman,2019-07-01,Tottenham U23,,,youth_promotion
2019/20,Tottenham,450936,Tanguy Ndombélé,2019-07-02,Lyon,62000000.0,65000000.0,paid
2019/20,Tottenham,559794,Jack Clarke,2019-07-02,Leeds,11000000.0,6000000.0,paid
2019/20,Tottenham,348795,Giovani Lo Celso,2019-08-08,Real Betis,0.0,50000000.0,loan_in
2019/20,Tottenham,392775,Ryan Sessegnon,2019-08-08,Fulham,27000000.0,35000000.0,paid
2019/20,Tottenham,346478,Japhet Tanganga,2020-01-01,Tottenham U23,,800000.0,youth_promotion
2019/20,Tottenham,559794,Jack Clarke,2020-01-01,Leeds,0.0,6000000.0,loan_return
2019/20,Tottenham,341049,Cameron Carter-Vickers,2020-01-02,Stoke City,0.0,2500000.0,loan_return
2019/20,Tottenham,337800,Gedson Fernandes,2020-01-15,Benfica,0.0,15000000.0,loan_in
2019/20,Tottenham,284165,Steven Bergwijn,2020-01-29,PSV,30000000.0,35000000.0,paid
2019/20,Tottenham,341049,Cameron Carter-Vickers,2020-07-31,Luton,0.0,2000000.0,loan_return
2019/20,Tottenham,341051,Kyle Walker-Peters,2020-07-31,Southampton,0.0,8000000.0,loan_return
2019/20,Tottenham,559794,Jack Clarke,2020-07-31,QPR,0.0,5400000.0,loan_return
2019/20,Watford,121477,Craig Dawson,2019-07-01,West Brom,6000000.0,6000000.0,paid
2019/20,Watford,346472,Tom Dele-Bashiru,2019-07-24,Man City U23,0.0,150000.0,free
2019/20,Watford,67063,Danny Welbeck,2019-08-07,Arsenal,0.0,12000000.0,free
2019/20,Watford,410225,Ismaïla Sarr,2019-08-08,Stade Rennais,30000000.0,30000000.0,paid
2019/20,Watford,453575,Jorge Segura,2019-12-31,Atlas,0.0,1000000.0,loan_return
2019/20,Watford,626724,João Pedro,2020-01-01,Fluminense,11500000.0,20000000.0,paid
2019/20,Watford,283528,Ignacio Pussetto,2020-01-14,Udinese,8500000.0,8000000.0,paid
2019/20,Watford,365544,Pontus Dahlberg,2020-06-30,FC Emmen,0.0,900000.0,loan_return
2019/20,Watford,170472,Dimitri Foulquier,2020-07-20,Granada CF,0.0,2000000.0,loan_return
2019/20,Watford,335245,Marc Navarro,2020-07-20,CD Leganés,0.0,1200000.0,loan_return
2019/20,Watford,459463,Cucho Hernández,2020-07-20,RCD Mallorca,0.0,6700000.0,loan_return
2019/20,Watford,538006,Kwasi Sibo,2020-07-27,UD Ibiza,0.0,200000.0,loan_return
2019/20,Watford,349599,Pervis Estupiñán,2020-07-31,CA Osasuna,0.0,15000000.0,loan_return
2019/20,Watford,424784,Luis Suárez,2020-08-06,Real Zaragoza,0.0,7500000.0,loan_return
2019/20,Watford,252345,Ken Sema,2020-08-31,Udinese,0.0,4800000.0,loan_return
2019/20,West Ham,357885,Pablo Fornals,2019-07-01,Villarreal,28000000.0,25000000.0,paid
2019/20,West Ham,181375,Sébastien Haller,2019-07-17,Frankfurt,50000000.0,40000000.0,paid
2019/20,West Ham,195906,Albian Ajeti,2019-08-08,Basel,11300000.0,7000000.0,paid
2019/20,West Ham,51321,Darren Randolph,2020-01-15,Middlesbrough,4700000.0,4500000.0,paid
2019/20,West Ham,283628,Tomáš Souček,2020-01-29,Slavia Praha,0.0,10000000.0,loan_in
2019/20,West Ham,314875,Jarrod Bowen,2020-01-31,Hull City,21300000.0,10000000.0,paid
2019/20,West Ham,349300,Sead Haksabanovic,2020-06-11,Norrköping,0.0,1000000.0,loan_return
2019/20,West Ham,242606,Josh Cullen,2020-07-31,Charlton,0.0,1200000.0,loan_return
2019/20,West Ham,342048,Grady Diangana,2020-07-31,West Brom,0.0,4500000.0,loan_return
2019/20,Wolves,168157,Leander Dendoncker,2019-07-01,RSC Anderlecht,13800000.0,18000000.0,paid
2019/20,Wolves,206040,Raúl Jiménez,2019-07-01,Benfica,38000000.0,35000000.0,paid
2019/20,Wolves,251896,Jesús Vallejo,2019-07-27,Real Madrid,0.0,10000000.0,loan_in
2019/20,Wolves,265078,Patrick Cutrone,2019-07-30,AC Milan,18000000.0,28000000.0,paid
2019/20,Wolves,415646,Bruno Jordão,2019-08-02,Lazio,8900000.0,1000000.0,paid
2019/20,Wolves,487465,Pedro Neto,2019-08-02,Lazio,17900000.0,2500000.0,paid
2019/20,Wolves,335461,Renat Dadashov,2019-08-06,Estoril,500000.0,225000.0,paid
2019/20,Wolves,335461,Renat Dadashov,2019-12-31,Paços Ferreira,0.0,400000.0,loan_return
2019/20,Wolves,337787,Connor Ronan,2019-12-31,Dunajska Streda,0.0,500000.0,loan_return
2019/20,Wolves,293283,Oskar Buur,2020-01-01,Wolves U23,,100000.0,youth_promotion
2019/20,Wolves,149716,Ivan Cavaleiro,2020-01-06,Fulham,0.0,10000000.0,loan_return
2019/20,Wolves,361254,Rafa Mir,2020-01-13,Nott'm Forest,0.0,3000000.0,loan_return
2019/20,Wolves,504581,Ryan Giles,2020-01-17,Shrewsbury,0.0,,loan_return
2019/20,Wolves,606872,Leonardo Campana,2020-01-21,Barcelona SC,0.0,2000000.0,free
2019/20,Wolves,256977,Daniel Podence,2020-01-30,Olympiacos,19600000.0,6000000.0,paid
2019/20,Wolves,337787,Connor Ronan,2020-05-31,Blackpool,0.0,450000.0,loan_return
2019/20,Wolves,504581,Ryan Giles,2020-05-31,Coventry,0.0,,loan_return
2019/20,Wolves,173900,Hélder Costa,2020-06-30,Leeds,0.0,8000000.0,loan_return
2019/20,Wolves,87856,Roderick Miranda,2020-07-31,Famalicão,0.0,1200000.0,loan_return
2020/21,Arsenal,112988,Cédric Soares,2020-07-01,Southampton,0.0,8000000.0,loan_return
2020/21,Arsenal,210178,Pablo Marí,2020-07-01,Flamengo,6000000.0,4800000.0,paid
2020/21,Arsenal,392765,Emile Smith Rowe,2020-08-01,Arsenal U23,,2700000.0,youth_promotion
2020/21,Arsenal,52769,Willian,2020-08-14,Chelsea,0.0,22500000.0,free
2020/21,Arsenal,435338,Gabriel,2020-09-01,Lille,26000000.0,20000000.0,paid
2020/21,Arsenal,205657,Rúnar Alex Rúnarsson,2020-09-21,Dijon,2000000.0,1200000.0,paid
2020/21,Arsenal,230784,Thomas Partey,2020-10-05,Atlético,50000000.0,40000000.0,paid
2020/21,Arsenal,128969,Mathew Ryan,2021-01-22,Brighton,0.0,8000000.0,loan_in
2020/21,Arsenal,316264,Martin Ødegaard,2021-01-27,Real Madrid,0.0,40000000.0,loan_in
2020/21,Arsenal,205757,Dejan Iliev,2021-01-31,Shrewsbury,0.0,300000.0,loan_return
2020/21,Arsenal,285845,Ainsley Maitland-Niles,2021-05-31,West Brom,0.0,18000000.0,loan_return
2020/21,Arsenal,340329,Joe Willock,2021-05-31,Newcastle,0.0,16000000.0,loan_return
2020/21,Arsenal,94005,Sead Kolasinac,2021-06-30,FC Schalke 04,0.0,6500000.0,loan_return
2020/21,Arsenal,318077,Lucas Torreira,2021-06-30,Atlético,0.0,20000000.0,loan_return
2020/21,Arsenal,465830,Mattéo Guendouzi,2021-06-30,Hertha BSC,0.0,20000000.0,loan_return
2020/21,Arsenal,495666,William Saliba,2021-06-30,Nice,0.0,18000000.0,loan_return
2020/21,Aston Villa,503749,Jacob Ramsey,2020-07-01,Aston Villa U23,,,youth_promotion
2020/21,Aston Villa,425334,Matty Cash,2020-09-03,Nott'm Forest,15750000.0,4800000.0,paid
2020/21,Aston Villa,324358,Ollie Watkins,2020-09-09,Brentford,34000000.0,12000000.0,paid
2020/21,Aston Villa,111873,Emiliano Martínez,2020-09-16,Arsenal,17400000.0,8000000.0,paid
2020/21,Aston Villa,131996,Bertrand Traoré,2020-09-19,Lyon,18400000.0,9500000.0,paid
2020/21,Aston Villa,131978,Ross Barkley,2020-09-30,Chelsea,0.0,21500000.0,loan_in
2020/21,Aston Villa,174094,Morgan Sanson,2021-01-26,Marseille,15800000.0,20000000.0,paid
2020/21,Aston Villa,182201,Ally Samatta,2021-06-30,Fenerbahçe,0.0,4200000.0,loan_return
2020/21,Aston Villa,354352,Frédéric Guilbert,2021-06-30,R. Strasbourg,0.0,6000000.0,loan_return
2020/21,Brighton,403151,Robert Sánchez,2020-07-01,Brighton U23,,,youth_promotion
2020/21,Brighton,43530,Adam Lallana,2020-07-27,Liverpool,0.0,9500000.0,free
2020/21,Brighton,111195,Joël Veltman,2020-07-29,Ajax,1000000.0,8000000.0,paid
2020/21,Brighton,576314,Jan Paul van Hecke,2020-09-10,NAC Breda,2000000.0,1800000.0,paid
2020/21,Brighton,345468,Andi Zeqiri,2020-10-01,Lausanne-Sport,4000000.0,1500000.0,paid
2020/21,Brighton,384461,Jakub Moder,2020-10-04,Lech Poznan,11000000.0,3000000.0,paid
2020/21,Brighton,67063,Danny Welbeck,2020-10-18,Watford,0.0,5500000.0,free
2020/21,Brighton,384461,Jakub Moder,2020-12-31,Lech Poznan,0.0,3000000.0,loan_return
2020/21,Brighton,312239,Percy Tau,2021-01-07,RSC Anderlecht,0.0,4000000.0,loan_return
2020/21,Brighton,325443,Viktor Gyökeres,2021-01-14,Swansea,0.0,1000000.0,loan_return
2020/21,Brighton,687626,Moisés Caicedo,2021-02-01,Independiente,28200000.0,5000000.0,paid
2020/21,Brighton,325443,Viktor Gyökeres,2021-05-31,Coventry,0.0,800000.0,loan_return
2020/21,Brighton,367284,Leo Østigård,2021-05-31,Coventry,0.0,2200000.0,loan_return
2020/21,Brighton,128969,Mathew Ryan,2021-06-30,Arsenal,0.0,6000000.0,loan_return
2020/21,Brighton,364258,Bernardo,2021-06-30,Salzburg,0.0,4000000.0,loan_return
2020/21,Brighton,433976,Tudor Băluță,2021-06-30,Dynamo Kyiv,0.0,2000000.0,loan_return
2020/21,Brighton,576314,Jan Paul van Hecke,2021-06-30,Heerenveen,0.0,2200000.0,loan_return
2020/21,Burnley,396174,Jimmy Dunne,2020-07-01,FC Burnley U23,,300000.0,undisclosed
2020/21,Chelsea,170527,Timo Werner,2020-07-01,Leipzig,53000000.0,64000000.0,paid
2020/21,Chelsea,217111,Hakim Ziyech,2020-07-01,Ajax,40000000.0,40000000.0,paid
2020/21,Chelsea,316125,Ben Chilwell,2020-08-26,Leicester,50200000.0,40000000.0,paid
2020/21,Chelsea,344596,Malang Sarr,2020-08-27,Nice,0.0,16000000.0,free
2020/21,Chelsea,29241,Thiago Silva,2020-08-28,PSG,0.0,4800000.0,free
2020/21,Chelsea,309400,Kai Havertz,2020-09-04,Leverkusen,100000000.0,81000000.0,paid
2020/21,Chelsea,442531,Edouard Mendy,2020-09-24,Stade Rennais,24000000.0,7000000.0,paid
2020/21,Chelsea,176485,Lucas Piazón,2021-01-14,Rio Ave,0.0,900000.0,loan_return
2020/21,Chelsea,131978,Ross Barkley,2021-05-31,Aston Villa,0.0,20000000.0,loan_return
2020/21,Chelsea,179184,Michy Batshuayi,2021-05-31,Crystal Palace,0.0,10000000.0,loan_return
2020/21,Chelsea,202886,Ruben Loftus-Cheek,2021-05-31,Fulham,0.0,20000000.0,loan_return
2020/21,Chelsea,392757,Marc Guéhi,2021-05-31,Swansea,0.0,6000000.0,loan_return
2020/21,Chelsea,392771,Ethan Ampadu,2021-05-31,Sheff Utd,0.0,15000000.0,loan_return
2020/21,Chelsea,59866,Victor Moses,2021-06-30,Spartak Moscow,0.0,6500000.0,loan_return
2020/21,Chelsea,147034,Marco van Ginkel,2021-06-30,PSV,0.0,1750000.0,loan_return
2020/21,Chelsea,173859,Davide Zappacosta,2021-06-30,Genoa,0.0,8000000.0,loan_return
2020/21,Chelsea,182618,Tiemoué Bakayoko,2021-06-30,Napoli,0.0,20000000.0,loan_return
2020/21,Chelsea,224884,Abdul Rahman Baba,2021-06-30,PAOK,0.0,2500000.0,loan_return
2020/21,Chelsea,245893,Matt Miazga,2021-06-30,RSC Anderlecht,0.0,3000000.0,loan_return
2020/21,Chelsea,281404,Kenedy,2021-06-30,Granada CF,0.0,10000000.0,loan_return
2020/21,Chelsea,303254,Fikayo Tomori,2021-06-30,AC Milan,0.0,28000000.0,loan_return
2020/21,Chelsea,344596,Malang Sarr,2021-06-30,Porto,0.0,10000000.0,loan_return
2020/21,Crystal Palace,730893,Tyrick Mitchell,2020-07-01,Palace U23,,,undisclosed
2020/21,Crystal Palace,507254,Nathan Ferguson,2020-07-27,West Brom,0.0,4000000.0,free
2020/21,Crystal Palace,479999,Eberechi Eze,2020-08-28,QPR,17800000.0,9000000.0,paid
2020/21,Crystal Palace,179184,Michy Batshuayi,2020-09-10,Chelsea,0.0,14000000.0,loan_return
2020/21,Crystal Palace,238407,Alexander Sørloth,2020-09-21,Trabzonspor,0.0,20000000.0,loan_return
2020/21,Crystal Palace,85177,Nathaniel Clyne,2020-10-14,Liverpool,0.0,8000000.0,free
2020/21,Crystal Palace,128899,Jack Butland,2020-10-16,Stoke City,1100000.0,3500000.0,paid
2020/21,Crystal Palace,420002,Jean-Philippe Mateta,2021-01-21,Mainz,0.0,15000000.0,loan_in
2020/21,Everton,329813,João Virgínia,2020-07-01,Everton U23,,150000.0,youth_promotion
2020/21,Everton,591193,Niels Nkounkou,2020-07-02,Marseille B,270000.0,,paid
2020/21,Everton,126422,Allan,2020-09-05,Napoli,24600000.0,28000000.0,paid
2020/21,Everton,88103,James Rodríguez,2020-09-07,Real Madrid,0.0,32000000.0,free
2020/21,Everton,127187,Abdoulaye Doucouré,2020-09-08,Watford,22000000.0,20000000.0,paid
2020/21,Everton,75458,Robin Olsen,2020-10-05,Roma,0.0,5000000.0,loan_in
2020/21,Everton,343475,Ben Godfrey,2020-10-05,Norwich,27500000.0,16000000.0,paid
2020/21,Everton,91059,Joshua King,2021-02-01,Bournemouth,,11000000.0,undisclosed
2020/21,Everton,75471,Yannick Bolasie,2021-05-31,Middlesbrough,0.0,1500000.0,loan_return
2020/21,Everton,399369,Beni Baningime,2021-05-31,Derby,0.0,1000000.0,loan_return
2020/21,Everton,503733,Anthony Gordon,2021-05-31,Preston,0.0,5000000.0,loan_return
2020/21,Everton,661053,Jarrad Branthwaite,2021-05-31,Blackburn,0.0,3000000.0,loan_return
2020/21,Everton,45671,Cenk Tosun,2021-06-30,Besiktas,0.0,5000000.0,loan_return
2020/21,Everton,258883,Jonjoe Kenny,2021-06-30,Celtic,0.0,5800000.0,loan_return
2020/21,Everton,364135,Moise Kean,2021-06-30,PSG,0.0,35000000.0,loan_return
2020/21,Fulham,349701,Antonee Robinson,2020-08-20,Wigan,2100000.0,3500000.0,paid
2020/21,Fulham,170934,Mario Lemina,2020-08-30,Southampton,0.0,10000000.0,loan_in
2020/21,Fulham,226973,Harrison Reed,2020-08-30,Southampton,6500000.0,2400000.0,paid
2020/21,Fulham,120629,Alphonse Areola,2020-09-09,PSG,0.0,13000000.0,loan_in
2020/21,Fulham,206746,Kenny Tete,2020-09-10,Lyon,3200000.0,5500000.0,paid
2020/21,Fulham,236490,Ola Aina,2020-09-11,Torino,0.0,7000000.0,loan_in
2020/21,Fulham,406040,Ademola Lookman,2020-09-30,Leipzig,0.0,10000000.0,loan_in
2020/21,Fulham,202886,Ruben Loftus-Cheek,2020-10-05,Chelsea,0.0,24000000.0,loan_in
2020/21,Fulham,258878,Tosin Adarabioyo,2020-10-05,Man City U23,1650000.0,2800000.0,paid
2020/21,Fulham,260827,Joachim Andersen,2020-10-05,Lyon,0.0,16000000.0,loan_in
2020/21,Fulham,116648,Marcus Bettinelli,2021-05-31,Middlesbrough,0.0,2500000.0,loan_return
2020/21,Leeds,173900,Hélder Costa,2020-07-01,Wolves,17700000.0,8000000.0,paid
2020/21,Leeds,542586,Illan Meslier,2020-07-27,FC Lorient,6500000.0,4500000.0,paid
2020/21,Leeds,328784,Robin Koch,2020-08-29,Freiburg,13000000.0,17000000.0,paid
2020/21,Leeds,246291,Diego Llorente,2020-09-24,Real Sociedad,20000000.0,20000000.0,paid
2020/21,Leeds,411295,Raphinha,2020-10-05,Stade Rennais,18600000.0,16000000.0,paid
2020/21,Leeds,91854,Barry Douglas,2021-05-31,Blackburn,0.0,1800000.0,loan_return
2020/21,Leeds,431475,Mateusz Bogusz,2021-06-30,UD Logroñés,0.0,1000000.0,loan_return
2020/21,Leicester,260841,Daniel Iversen,2020-07-01,Leicester U23,,400000.0,youth_promotion
2020/21,Leicester,505194,Luke Thomas,2020-07-01,Leicester U23,,,youth_promotion
2020/21,Leicester,262226,Timothy Castagne,2020-09-03,Atalanta,20900000.0,18000000.0,paid
2020/21,Leicester,341647,Cengiz Ünder,2020-09-20,Roma,0.0,23000000.0,loan_in
2020/21,Leicester,475411,Wesley Fofana,2020-10-02,Saint-Étienne,35000000.0,10000000.0,paid
2020/21,Leicester,260841,Daniel Iversen,2021-01-06,OH Leuven,0.0,600000.0,loan_return
2020/21,Leicester,293168,Filip Benkovic,2021-01-06,Cardiff,0.0,5000000.0,loan_return
2020/21,Leicester,260841,Daniel Iversen,2021-05-31,Preston,0.0,1200000.0,loan_return
2020/21,Leicester,420808,George Hirst,2021-05-31,Rotherham,0.0,800000.0,loan_return
2020/21,Leicester,118287,Rachid Ghezzal,2021-06-30,Besiktas,0.0,12000000.0,loan_return
2020/21,Leicester,293168,Filip Benkovic,2021-06-30,OH Leuven,0.0,2800000.0,loan_return
2020/21,Liverpool,433188,Curtis Jones,2020-07-01,Liverpool U23,,1800000.0,youth_promotion
2020/21,Liverpool,503679,Rhys Williams,2020-07-01,Liverpool U23,,,youth_promotion
2020/21,Liverpool,338070,Konstantinos Tsimikas,2020-08-10,Olympiacos,13000000.0,9000000.0,paid
2020/21,Liverpool,60444,Thiago Alcántara,2020-09-18,Bayern Munich,22000000.0,48000000.0,paid
2020/21,Liverpool,340950,Diogo Jota,2020-09-19,Wolves,44700000.0,28000000.0,paid
2020/21,Liverpool,662334,Marcelo Pitaluga,2020-09-29,Fluminense U20,750000.0,100000.0,paid
2020/21,Liverpool,257097,Ben Davies,2021-02-01,Preston,1850000.0,2400000.0,paid
2020/21,Liverpool,361260,Ozan Kabak,2021-02-01,FC Schalke 04,0.0,25000000.0,loan_in
2020/21,Liverpool,236510,Sheyi Ojo,2021-05-31,Cardiff,0.0,3000000.0,loan_return
2020/21,Liverpool,279455,Harry Wilson,2021-05-31,Cardiff,0.0,17000000.0,loan_return
2020/21,Liverpool,85864,Loris Karius,2021-06-30,Union Berlin,0.0,2000000.0,loan_return
2020/21,Liverpool,165793,Takumi Minamino,2021-06-30,Southampton,0.0,12000000.0,loan_return
2020/21,Liverpool,222813,Marko Grujić,2021-06-30,Porto,0.0,15000000.0,loan_return
2020/21,Liverpool,295313,Taiwo Awoniyi,2021-06-30,Union Berlin,0.0,5000000.0,loan_return
2020/21,Man City,627228,Yan Couto,2020-07-01,Coritiba FC,6000000.0,3600000.0,paid
2020/21,Man City,649452,Issa Kaboré,2020-07-29,KV Mechelen,4500000.0,1300000.0,paid
2020/21,Man City,398184,Ferran Torres,2020-08-04,Valencia,33500000.0,45000000.0,paid
2020/21,Man City,177476,Nathan Aké,2020-08-05,Bournemouth,45300000.0,28000000.0,paid
2020/21,Man City,258004,Rúben Dias,2020-09-29,Benfica,71600000.0,35000000.0,paid
2020/21,Man City,439629,Nahuel Bustos,2020-10-04,CA Talleres,6500000.0,6700000.0,paid
2020/21,Man City,503977,Taylor Harwood-Bellis,2021-01-01,Man City U23,,2300000.0,youth_promotion
2020/21,Man City,371003,Ante Palaversa,2021-01-25,Getafe,0.0,3000000.0,loan_return
2020/21,Man City,399997,Daniel Arzani,2021-01-25,Utrecht,0.0,700000.0,loan_return
2020/21,Man City,371021,Arijanet Murić,2021-01-31,Girona,0.0,1500000.0,loan_return
2020/21,Man City,503977,Taylor Harwood-Bellis,2021-05-31,Blackburn,0.0,3000000.0,loan_return
2020/21,Man City,277179,Angeliño,2021-06-30,Leipzig,0.0,35000000.0,loan_return
2020/21,Man City,282199,Erik Palmer-Brown,2021-06-30,Austria Vienna,0.0,1500000.0,loan_return
2020/21,Man City,314288,Lukas Nmecha,2021-06-30,RSC Anderlecht,0.0,12000000.0,loan_return
2020/21,Man City,345654,Marlos Moreno,2021-06-30,Lommel SK,0.0,1000000.0,loan_return
2020/21,Man City,355816,Ko Itakura,2021-06-30,FC Groningen,0.0,3500000.0,loan_return
2020/21,Man City,371021,Arijanet Murić,2021-06-30,Willem II,0.0,1300000.0,loan_return
2020/21,Man City,378293,Yangel Herrera,2021-06-30,Granada CF,0.0,18000000.0,loan_return
2020/21,Man City,399997,Daniel Arzani,2021-06-30,Aarhus GF,0.0,600000.0,loan_return
2020/21,Man City,417346,Jack Harrison,2021-06-30,Leeds,0.0,15000000.0,loan_in
2020/21,Man City,426666,Ryotaro Meshino,2021-06-30,Rio Ave,0.0,450000.0,loan_return
2020/21,Man City,627228,Yan Couto,2021-06-30,Girona,0.0,4000000.0,loan_return
2020/21,Man City,649452,Issa Kaboré,2021-06-30,KV Mechelen,0.0,3000000.0,loan_return
2020/21,Man United,505219,James Garner,2020-07-01,Man Utd U23,,2700000.0,youth_promotion
2020/21,Man United,548470,Teden Mengi,2020-07-01,Man Utd U23,,,youth_promotion
2020/21,Man United,258919,Dean Henderson,2020-08-01,Man Utd U23,,20000000.0,youth_promotion
2020/21,Man United,288255,Donny van de Beek,2020-09-02,Ajax,39000000.0,44000000.0,paid
2020/21,Man United,48280,Edinson Cavani,2020-10-05,PSG,0.0,20000000.0,free
2020/21,Man United,255755,Alex Telles,2020-10-05,Porto,15000000.0,40000000.0,paid
2020/21,Man United,676318,Facundo Pellistri,2020-10-05,Peñarol,8650000.0,1800000.0,paid
2020/21,Man United,536835,Amad Diallo,2021-01-02,Atalanta,27300000.0,15000000.0,paid
2020/21,Man United,505219,James Garner,2021-01-29,Watford,0.0,3500000.0,loan_return
2020/21,Man United,344830,Tahith Chong,2021-01-30,Werder Bremen,0.0,6300000.0,loan_return
2020/21,Man United,548470,Teden Mengi,2021-04-19,Derby,0.0,1500000.0,loan_return
2020/21,Man United,141660,Jesse Lingard,2021-05-31,West Ham,0.0,22000000.0,loan_return
2020/21,Man United,505219,James Garner,2021-05-31,Nott'm Forest,0.0,4000000.0,loan_return
2020/21,Man United,203394,Andreas Pereira,2021-06-30,Lazio,0.0,8000000.0,loan_return
2020/21,Man United,344830,Tahith Chong,2021-06-30,Club Brugge,0.0,4000000.0,loan_return
2020/21,Man United,357147,Diogo Dalot,2021-06-30,AC Milan,0.0,10000000.0,loan_return
2020/21,Man United,676318,Facundo Pellistri,2021-06-30,Alavés,0.0,6000000.0,loan_return
2020/21,Newcastle,142389,Mark Gillespie,2020-07-03,Motherwell FC,0.0,400000.0,free
2020/21,Newcastle,148262,Jeff Hendrick,2020-08-24,Burnley,0.0,9000000.0,free
2020/21,Newcastle,123682,Callum Wilson,2020-09-07,Bournemouth,22250000.0,20000000.0,paid
2020/21,Newcastle,146795,Ryan Fraser,2020-09-07,Bournemouth,0.0,17500000.0,free
2020/21,Newcastle,346018,Jamal Lewis,2020-09-08,Norwich,16500000.0,11000000.0,paid
2020/21,Newcastle,340329,Joe Willock,2021-02-01,Arsenal,0.0,16000000.0,loan_in
2020/21,Newcastle,226049,Freddie Woodman,2021-05-31,Swansea,0.0,9000000.0,loan_return
2020/21,Newcastle,127108,Florian Lejeune,2021-06-30,Alavés,0.0,4500000.0,loan_return
2020/21,Newcastle,230541,Yoshinori Muto,2021-06-30,SD Eibar,0.0,2500000.0,loan_return
2020/21,Sheffield United,61697,Wes Foderingham,2020-07-27,Rangers,0.0,400000.0,free
2020/21,Sheffield United,427568,Aaron Ramsdale,2020-08-19,Bournemouth,20500000.0,12500000.0,paid
2020/21,Sheffield United,258885,Max Lowe,2020-09-07,Derby,3850000.0,1600000.0,paid
2020/21,Sheffield United,392771,Ethan Ampadu,2020-09-07,Chelsea,0.0,9000000.0,loan_in
2020/21,Sheffield United,465717,Jayden Bogle,2020-09-07,Derby,3850000.0,6300000.0,paid
2020/21,Sheffield United,490224,Ismaila Coulibaly,2020-09-08,Sarpsborg 08,2000000.0,100000.0,paid
2020/21,Sheffield United,341317,Oliver Burke,2020-09-09,West Brom,6500000.0,4800000.0,paid
2020/21,Sheffield United,406560,Rhian Brewster,2020-10-02,Liverpool U23,26000000.0,5400000.0,paid
2020/21,Sheffield United,543164,Rhys Norrington-Davies,2021-01-11,Luton,0.0,500000.0,loan_return
2020/21,Sheffield United,543164,Rhys Norrington-Davies,2021-05-31,Stoke City,0.0,1500000.0,loan_return
2020/21,Sheffield United,288259,Michael Verrips,2021-06-30,FC Emmen,0.0,900000.0,loan_return
2020/21,Southampton,340322,Nathan Tella,2020-07-01,Southampt. U23,,,undisclosed
2020/21,Southampton,346482,Dan Nlundulu,2020-07-01,Southampt. U23,,,undisclosed
2020/21,Southampton,341051,Kyle Walker-Peters,2020-08-11,Tottenham,13300000.0,8000000.0,paid
2020/21,Southampton,563963,Mohammed Salisu,2020-08-12,Real Valladolid,12000000.0,12000000.0,paid
2020/21,Southampton,286919,Josh Sims,2021-01-16,Doncaster,0.0,1600000.0,loan_return
2020/21,Southampton,165793,Takumi Minamino,2021-02-01,Liverpool,0.0,10000000.0,loan_in
2020/21,Southampton,170934,Mario Lemina,2021-05-31,Fulham,0.0,10000000.0,loan_return
2020/21,Southampton,186644,Mohamed Elyounoussi,2021-05-31,Celtic,0.0,12000000.0,loan_return
2020/21,Southampton,201574,Angus Gunn,2021-05-31,Stoke City,0.0,3000000.0,loan_return
2020/21,Southampton,286919,Josh Sims,2021-05-31,Doncaster,0.0,1600000.0,loan_return
2020/21,Southampton,406008,Yan Valery,2021-05-31,Birmingham,0.0,4500000.0,loan_return
2020/21,Southampton,253765,Wesley Hoedt,2021-06-30,Lazio,0.0,4000000.0,loan_return
2020/21,Tottenham,348795,Giovani Lo Celso,2020-07-01,Real Betis,32000000.0,40000000.0,paid
2020/21,Tottenham,167799,Pierre-Emile Højbjerg,2020-08-11,Southampton,16600000.0,20000000.0,paid
2020/21,Tottenham,40204,Joe Hart,2020-08-18,Burnley,0.0,2400000.0,free
2020/21,Tottenham,171679,Matt Doherty,2020-08-30,Wolves,16800000.0,16000000.0,paid
2020/21,Tottenham,282429,Sergio Reguilón,2020-09-19,Real Madrid,30000000.0,25000000.0,paid
2020/21,Tottenham,525287,Carlos Vinícius,2020-10-02,Benfica,0.0,20000000.0,loan_in
2020/21,Tottenham,297212,Joe Rodon,2020-10-16,Swansea,12100000.0,7000000.0,paid
2020/21,Tottenham,341049,Cameron Carter-Vickers,2021-05-31,Bournemouth,0.0,2000000.0,loan_return
2020/21,Tottenham,406638,Oliver Skipp,2021-05-31,Norwich,0.0,8000000.0,loan_return
2020/21,Tottenham,559794,Jack Clarke,2021-05-31,Stoke City,0.0,5000000.0,loan_return
2020/21,Tottenham,195488,Paulo Gazzaniga,2021-06-30,Elche CF,0.0,3000000.0,loan_return
2020/21,Tottenham,392775,Ryan Sessegnon,2021-06-30,Hoffenheim,0.0,18000000.0,loan_return
2020/21,Tottenham,480763,Juan Foyth,2021-06-30,Villarreal,0.0,12000000.0,loan_return
2020/21,West Brom,225984,Matheus Pereira,2020-08-17,Sporting,8250000.0,9500000.0,paid
2020/21,West Brom,342048,Grady Diangana,2020-09-04,West Ham,13500000.0,4500000.0,paid
2020/21,West Brom,488362,Conor Gallagher,2020-09-17,Chelsea U23,0.0,5400000.0,loan_in
2020/21,West Brom,261988,Filip Krovinovic,2020-09-29,Benfica,0.0,3200000.0,loan_return
2020/21,West Brom,14044,Andy Lonergan,2021-01-09,Stoke City,0.0,250000.0,free
2020/21,West Brom,137616,Okay Yokuşlu,2021-02-01,Celta de Vigo,0.0,4000000.0,loan_in
2020/21,West Brom,285845,Ainsley Maitland-Niles,2021-02-01,Arsenal,0.0,18000000.0,loan_in
2020/21,West Brom,111524,Ahmed Hegazy,2021-06-30,Al-Ittihad,0.0,4000000.0,loan_return
2020/21,West Ham,468002,Ben Johnson,2020-07-01,West Ham U23,,,youth_promotion
2020/21,West Ham,283628,Tomáš Souček,2020-07-27,Slavia Praha,16200000.0,12000000.0,paid
2020/21,West Ham,157672,Vladimír Coufal,2020-10-02,Slavia Praha,6000000.0,2000000.0,paid
2020/21,West Ham,121477,Craig Dawson,2020-10-12,Watford,0.0,4800000.0,loan_in
2020/21,West Ham,290532,Saïd Benrahma,2020-10-16,Brentford,0.0,22000000.0,loan_in
2020/21,West Ham,419025,Conor Coventry,2021-01-01,West Ham U23,,,youth_promotion
2020/21,West Ham,542690,Frederik Alves,2021-01-01,Silkeborg IF,1600000.0,400000.0,paid
2020/21,West Ham,141660,Jesse Lingard,2021-01-29,Man Utd,0.0,10000000.0,loan_in
2020/21,West Ham,290532,Saïd Benrahma,2021-01-29,Brentford,23100000.0,22000000.0,paid
2020/21,West Ham,159372,Felipe Anderson,2021-06-30,Porto,0.0,10000000.0,loan_return
2020/21,Wolves,137745,Marçal,2020-09-01,Lyon,2000000.0,2400000.0,paid
2020/21,Wolves,606718,Toti,2020-09-02,Estoril,789000.0,,paid
2020/21,Wolves,505653,Fábio Silva,2020-09-05,Porto,40000000.0,12000000.0,paid
2020/21,Wolves,487469,Vitinha,2020-09-10,Porto,0.0,5000000.0,loan_in
2020/21,Wolves,485583,Ki-Jana Hoever,2020-09-19,Liverpool U23,9800000.0,3600000.0,paid
2020/21,Wolves,231572,Nélson Semedo,2020-09-23,Barcelona,32000000.0,40000000.0,paid
2020/21,Wolves,578391,Rayan Aït-Nouri,2020-10-04,Angers SCO,0.0,20000000.0,loan_in
2020/21,Wolves,335461,Renat Dadashov,2020-10-08,Grasshoppers,0.0,350000.0,loan_return
2020/21,Wolves,357158,Rúben Vinagre,2020-12-31,Olympiacos,0.0,9000000.0,loan_return
2020/21,Wolves,511815,Owen Otasowie,2021-01-01,Wolves U21,,1500000.0,youth_promotion
2020/21,Wolves,429014,Morgan Gibbs-White,2021-01-06,Swansea,0.0,6000000.0,loan_return
2020/21,Wolves,265078,Patrick Cutrone,2021-01-07,Fiorentina,0.0,12000000.0,loan_return
2020/21,Wolves,122155,Willian José,2021-01-23,Real Sociedad,0.0,20000000.0,loan_in
2020/21,Wolves,504581,Ryan Giles,2021-01-25,Coventry,0.0,1300000.0,loan_return
2020/21,Wolves,504581,Ryan Giles,2021-05-31,Rotherham,0.0,1300000.0,loan_return
2020/21,Wolves,265078,Patrick Cutrone,2021-06-30,Valencia,0.0,9000000.0,loan_return
2020/21,Wolves,293283,Oskar Buur,2021-06-30,Grasshoppers,0.0,300000.0,loan_return
2020/21,Wolves,337787,Connor Ronan,2021-06-30,Grasshoppers,0.0,450000.0,loan_return
2020/21,Wolves,357158,Rúben Vinagre,2021-06-30,Famalicão,0.0,5000000.0,loan_return
2020/21,Wolves,361254,Rafa Mir,2021-06-30,SD Huesca,0.0,12000000.0,loan_return
2020/21,Wolves,415646,Bruno Jordão,2021-06-30,Famalicão,0.0,2500000.0,loan_return
2020/21,Wolves,606872,Leonardo Campana,2021-06-30,Famalicão,0.0,1200000.0,loan_return
2021/22,Arsenal,503769,Arthur Okonkwo,2021-07-01,Arsenal U23,,,youth_promotion
2021/22,Arsenal,535955,Nuno Tavares,2021-07-10,Benfica,8000000.0,7000000.0,paid
2021/22,Arsenal,381967,Albert Sambi Lokonga,2021-07-19,RSC Anderlecht,17500000.0,12000000.0,paid
2021/22,Arsenal,335721,Ben White,2021-07-30,Brighton,58500000.0,28000000.0,paid
2021/22,Arsenal,316264,Martin Ødegaard,2021-08-20,Real Madrid,35000000.0,40000000.0,paid
2021/22,Arsenal,427568,Aaron Ramsdale,2021-08-20,Sheff Utd,28000000.0,12000000.0,paid
2021/22,Arsenal,331560,Takehiro Tomiyasu,2021-08-31,Bologna,18600000.0,20000000.0,paid
2021/22,Arsenal,205757,Dejan Iliev,2021-12-31,SKF Sered,0.0,350000.0,loan_return
2021/22,Arsenal,389253,Auston Trusty,2022-01-31,Colorado,1800000.0,2000000.0,paid
2021/22,Arsenal,191217,Héctor Bellerín,2022-06-30,Real Betis,0.0,20000000.0,loan_return
2021/22,Arsenal,205657,Rúnar Alex Rúnarsson,2022-06-30,OH Leuven,0.0,1200000.0,loan_return
2021/22,Arsenal,210178,Pablo Marí,2022-06-30,Udinese,0.0,5000000.0,loan_return
2021/22,Arsenal,285845,Ainsley Maitland-Niles,2022-06-30,Roma,0.0,10000000.0,loan_return
2021/22,Arsenal,318077,Lucas Torreira,2022-06-30,Fiorentina,0.0,20000000.0,loan_return
2021/22,Arsenal,340325,Reiss Nelson,2022-06-30,Feyenoord,0.0,6500000.0,loan_return
2021/22,Arsenal,415912,Konstantinos Mavropanos,2022-06-30,Stuttgart,0.0,15000000.0,loan_return
2021/22,Arsenal,465830,Mattéo Guendouzi,2022-06-30,Marseille,0.0,25000000.0,loan_return
2021/22,Arsenal,495666,William Saliba,2022-06-30,Marseille,0.0,30000000.0,loan_return
2021/22,Aston Villa,14086,Ashley Young,2021-07-01,Inter,0.0,1000000.0,free
2021/22,Aston Villa,321247,Emiliano Buendía,2021-07-01,Norwich,38400000.0,35000000.0,paid
2021/22,Aston Villa,533662,Cameron Archer,2021-07-01,Aston Villa U23,,,youth_promotion
2021/22,Aston Villa,659459,Carney Chukwuemeka,2021-07-01,Aston Villa U23,,1000000.0,youth_promotion
2021/22,Aston Villa,665390,Jaden Philogene,2021-07-01,Aston Villa U23,,500000.0,youth_promotion
2021/22,Aston Villa,134294,Danny Ings,2021-08-04,Southampton,29400000.0,22000000.0,paid
2021/22,Aston Villa,387626,Leon Bailey,2021-08-04,Leverkusen,32000000.0,35000000.0,paid
2021/22,Aston Villa,342046,Axel Tuanzebe,2021-08-08,Man Utd,0.0,8000000.0,loan_in
2021/22,Aston Villa,696589,Tim Iroegbunam,2022-01-01,Aston Villa U23,,,youth_promotion
2021/22,Aston Villa,80444,Philippe Coutinho,2022-01-07,Barcelona,0.0,18000000.0,loan_in
2021/22,Aston Villa,126664,Lucas Digne,2022-01-13,Everton,30000000.0,30000000.0,paid
2021/22,Aston Villa,75458,Robin Olsen,2022-01-18,Roma,0.0,2000000.0,loan_in
2021/22,Aston Villa,215118,Calum Chambers,2022-01-27,Arsenal,0.0,12000000.0,free
2021/22,Aston Villa,250478,Matt Targett,2022-05-31,Newcastle,0.0,17000000.0,loan_return
2021/22,Aston Villa,412660,Keinan Davis,2022-05-31,Nott'm Forest,0.0,2500000.0,loan_return
2021/22,Aston Villa,533662,Cameron Archer,2022-05-31,Preston,0.0,6000000.0,loan_return
2021/22,Aston Villa,665390,Jaden Philogene,2022-05-31,Stoke City,0.0,3000000.0,loan_return
2021/22,Aston Villa,183720,Anwar El Ghazi,2022-06-30,Everton,0.0,9000000.0,loan_return
2021/22,Aston Villa,234189,Trezeguet,2022-06-30,Basaksehir,0.0,10000000.0,loan_return
2021/22,Aston Villa,354352,Frédéric Guilbert,2022-06-30,R. Strasbourg,0.0,7000000.0,loan_return
2021/22,Brentford,462832,Mads Bidstrup,2021-07-01,Brentford B,,900000.0,undisclosed
2021/22,Brentford,421637,Frank Onyeka,2021-07-20,Midtjylland,10000000.0,6000000.0,paid
2021/22,Brentford,328658,Kristoffer Ajer,2021-07-21,Celtic,15700000.0,7000000.0,paid
2021/22,Brentford,587002,Myles Peart-Harris,2021-07-23,Chelsea U23,1500000.0,,paid
2021/22,Brentford,388165,Yoane Wissa,2021-08-10,FC Lorient,10000000.0,10000000.0,paid
2021/22,Brentford,52059,Zanka,2021-09-09,Fenerbahçe,0.0,1500000.0,free
2021/22,Brentford,48870,Jonas Lössl,2022-01-01,Midtjylland,0.0,1000000.0,loan_in
2021/22,Brentford,456292,Ellery Balcombe,2022-01-04,Burton Albion,0.0,300000.0,loan_return
2021/22,Brentford,69633,Christian Eriksen,2022-01-31,Without Club,,15000000.0,undisclosed
2021/22,Brentford,376856,Charlie Goode,2022-05-31,Sheff Utd,0.0,900000.0,loan_return
2021/22,Brentford,456292,Ellery Balcombe,2022-05-31,Bromley,0.0,300000.0,loan_return
2021/22,Brentford,503688,Dominic Thompson,2022-05-31,Ipswich,0.0,800000.0,loan_return
2021/22,Brentford,345587,Luka Racic,2022-06-30,HB Köge,0.0,250000.0,loan_return
2021/22,Brentford,465606,Halil Dervişoğlu,2022-06-30,Galatasaray,0.0,3000000.0,loan_return
2021/22,Brighton,568005,Jeremy Sarmiento,2021-07-02,Benfica U19,580000.0,,paid
2021/22,Brighton,463527,Kjell Scherpen,2021-07-16,Ajax,5000000.0,2800000.0,paid
2021/22,Brighton,504849,Kaoru Mitoma,2021-08-10,Kawasaki Front.,3000000.0,1800000.0,paid
2021/22,Brighton,284857,Marc Cucurella,2021-08-31,Getafe,18000000.0,20000000.0,paid
2021/22,Brighton,776798,Abdallah Sima,2021-08-31,Slavia Praha,8000000.0,11000000.0,paid
2021/22,Brighton,450237,Billy Arce,2021-12-31,LDU Quito,0.0,600000.0,loan_return
2021/22,Brighton,367284,Leo Østigård,2022-01-04,Stoke City,0.0,3000000.0,loan_return
2021/22,Brighton,554284,Kacper Kozlowski,2022-01-05,Pogon Szczecin,11000000.0,10000000.0,paid
2021/22,Brighton,687626,Moisés Caicedo,2022-01-12,Beerschot VA,0.0,4500000.0,loan_return
2021/22,Brighton,339314,Deniz Undav,2022-01-30,Union SG,7000000.0,5000000.0,paid
2021/22,Brighton,576314,Jan Paul van Hecke,2022-05-31,Blackburn,0.0,5000000.0,loan_return
2021/22,Brighton,776798,Abdallah Sima,2022-05-31,Stoke City,0.0,8000000.0,loan_return
2021/22,Brighton,339314,Deniz Undav,2022-06-30,Union SG,0.0,8000000.0,loan_return
2021/22,Brighton,345468,Andi Zeqiri,2022-06-30,Augsburg,0.0,2300000.0,loan_return
2021/22,Brighton,367284,Leo Østigård,2022-06-30,Genoa,0.0,5000000.0,loan_return
2021/22,Brighton,463527,Kjell Scherpen,2022-06-30,KV Oostende,0.0,2200000.0,loan_return
2021/22,Brighton,504849,Kaoru Mitoma,2022-06-30,Union SG,0.0,2500000.0,loan_return
2021/22,Brighton,554284,Kacper Kozlowski,2022-06-30,Union SG,0.0,8000000.0,loan_return
2021/22,Burnley,469050,Nathan Collins,2021-07-01,Stoke City,14000000.0,8000000.0,paid
2021/22,Burnley,45494,Wayne Hennessey,2021-07-20,Crystal Palace,0.0,1000000.0,free
2021/22,Burnley,234781,Maxwel Cornet,2021-08-29,Lyon,15000000.0,12000000.0,paid
2021/22,Burnley,214666,Connor Roberts,2021-08-31,Swansea,2900000.0,4500000.0,paid
2021/22,Burnley,228645,Wout Weghorst,2022-01-31,Wolfsburg,17500000.0,20000000.0,paid
2021/22,Burnley,410436,Bailey Peacock-Farrell,2022-05-31,Sheff Wed,0.0,1000000.0,loan_return
2021/22,Chelsea,346314,Trevoh Chalobah,2021-07-01,Chelsea U23,,3500000.0,youth_promotion
2021/22,Chelsea,116648,Marcus Bettinelli,2021-07-28,Fulham,0.0,2500000.0,free
2021/22,Chelsea,96341,Romelu Lukaku,2021-08-12,Inter,113000000.0,100000000.0,paid
2021/22,Chelsea,148928,Saúl Ñíguez,2021-08-31,Atlético,0.0,40000000.0,loan_in
2021/22,Chelsea,281404,Kenedy,2022-01-13,Flamengo,0.0,7000000.0,loan_return
2021/22,Chelsea,224884,Abdul Rahman Baba,2022-05-31,Reading,0.0,2200000.0,loan_return
2021/22,Chelsea,423744,Billy Gilmour,2022-05-31,Norwich,0.0,12000000.0,loan_return
2021/22,Chelsea,179184,Michy Batshuayi,2022-06-30,Besiktas,0.0,10000000.0,loan_return
2021/22,Chelsea,181778,Emerson,2022-06-30,Lyon,0.0,14000000.0,loan_return
2021/22,Chelsea,245893,Matt Miazga,2022-06-30,Alavés,0.0,2000000.0,loan_return
2021/22,Chelsea,392771,Ethan Ampadu,2022-06-30,Venezia,0.0,13000000.0,loan_return
2021/22,Crystal Palace,566723,Michael Olise,2021-07-08,Reading,9300000.0,15000000.0,paid
2021/22,Crystal Palace,196722,Remi Matthews,2021-07-12,Sunderland,0.0,300000.0,free
2021/22,Crystal Palace,392757,Marc Guéhi,2021-07-18,Chelsea,23340000.0,10000000.0,paid
2021/22,Crystal Palace,260827,Joachim Andersen,2021-07-28,Lyon,17500000.0,22000000.0,paid
2021/22,Crystal Palace,488362,Conor Gallagher,2021-07-30,Chelsea U23,0.0,15000000.0,loan_in
2021/22,Crystal Palace,207014,Will Hughes,2021-08-28,Watford,7000000.0,7000000.0,paid
2021/22,Crystal Palace,344152,Odsonne Édouard,2021-08-31,Celtic,16300000.0,17000000.0,paid
2021/22,Crystal Palace,420002,Jean-Philippe Mateta,2022-01-31,Mainz,11000000.0,5000000.0,paid
2021/22,Crystal Palace,586986,Luke Plange,2022-01-31,Derby,1180000.0,,paid
2021/22,Crystal Palace,586986,Luke Plange,2022-05-31,Derby,0.0,800000.0,loan_return
2021/22,Everton,33873,Asmir Begovic,2021-07-20,Bournemouth,0.0,1200000.0,free
2021/22,Everton,61842,Andros Townsend,2021-07-20,Crystal Palace,0.0,7000000.0,free
2021/22,Everton,292417,Demarai Gray,2021-07-22,Leverkusen,2000000.0,8000000.0,paid
2021/22,Everton,14044,Andy Lonergan,2021-08-20,West Brom,0.0,250000.0,free
2021/22,Everton,80197,Salomón Rondón,2021-08-31,DL Pro,0.0,5000000.0,free
2021/22,Everton,404842,Vitaliy Mykolenko,2022-01-01,Dynamo Kyiv,23500000.0,17000000.0,paid
2021/22,Everton,424015,Nathan Patterson,2022-01-04,Rangers,14000000.0,3000000.0,paid
2021/22,Everton,183720,Anwar El Ghazi,2022-01-13,Aston Villa,0.0,10000000.0,loan_in
2021/22,Everton,207929,Dele Alli,2022-01-31,Tottenham,0.0,25000000.0,free
2021/22,Everton,288255,Donny van de Beek,2022-01-31,Man Utd,0.0,25000000.0,loan_in
2021/22,Everton,536794,Billy Crellin,2022-01-31,Fleetwood,,,undisclosed
2021/22,Everton,182894,Jean-Philippe Gbamin,2022-06-30,CSKA Moscow,0.0,9000000.0,loan_return
2021/22,Everton,329813,João Virgínia,2022-06-30,Sporting,0.0,1000000.0,loan_return
2021/22,Everton,591193,Niels Nkounkou,2022-06-30,Standard Liège,0.0,2200000.0,loan_return
2021/22,Leeds,474701,Crysencio Summerville,2021-07-01,Leeds United U23,,1500000.0,undisclosed
2021/22,Leeds,597659,Charlie Cresswell,2021-07-01,Leeds United U23,,200000.0,undisclosed
2021/22,Leeds,417346,Jack Harrison,2021-07-02,Man City,12800000.0,15000000.0,paid
2021/22,Leeds,374139,Junior Firpo,2021-07-06,Barcelona,15000000.0,8000000.0,paid
2021/22,Leeds,418561,Kristoffer Klaesson,2021-07-31,Vålerenga,2400000.0,2000000.0,paid
2021/22,Leeds,319301,Daniel James,2021-08-31,Man Utd,29100000.0,18000000.0,paid
2021/22,Leeds,532178,Sam Greenwood,2022-01-01,Leeds United U23,,500000.0,undisclosed
2021/22,Leeds,392763,Ian Poveda,2022-05-31,Blackburn,0.0,2000000.0,loan_return
2021/22,Leeds,596446,Leif Davis,2022-05-31,Bournemouth,0.0,800000.0,loan_return
2021/22,Leeds,110668,Laurens De Bock,2022-06-30,Zulte Waregem,0.0,700000.0,loan_return
2021/22,Leeds,173900,Hélder Costa,2022-06-30,Valencia,0.0,5000000.0,loan_return
2021/22,Leeds,431475,Mateusz Bogusz,2022-06-30,UD Ibiza,0.0,1500000.0,loan_return
2021/22,Leicester,475188,Kiernan Dewsbury-Hall,2021-07-01,Leicester U23,,2000000.0,youth_promotion
2021/22,Leicester,344605,Boubakary Soumaré,2021-07-02,LOSC Lille,20000000.0,28000000.0,paid
2021/22,Leicester,99331,Jannik Vestergaard,2021-08-13,Southampton,17600000.0,18000000.0,paid
2021/22,Leicester,406040,Ademola Lookman,2021-08-31,Leipzig,0.0,11000000.0,loan_in
2021/22,Leicester,260841,Daniel Iversen,2022-05-31,Preston,0.0,2000000.0,loan_return
2021/22,Leicester,420808,George Hirst,2022-05-31,Portsmouth,0.0,800000.0,loan_return
2021/22,Leicester,129588,Dennis Praet,2022-06-30,Torino,0.0,13000000.0,loan_return
2021/22,Liverpool,357119,Ibrahima Konaté,2021-07-01,Leipzig,40000000.0,35000000.0,paid
2021/22,Liverpool,565822,Harvey Elliott,2021-07-01,Liverpool U23,,15000000.0,youth_promotion
2021/22,Liverpool,503679,Rhys Williams,2022-01-20,Swansea,0.0,4000000.0,loan_return
2021/22,Liverpool,480692,Luis Díaz,2022-01-30,Porto,49000000.0,40000000.0,paid
2021/22,Liverpool,236510,Sheyi Ojo,2022-05-31,Millwall,0.0,2000000.0,loan_return
2021/22,Liverpool,257097,Ben Davies,2022-05-31,Sheff Utd,0.0,2500000.0,loan_return
2021/22,Liverpool,371814,Nathaniel Phillips,2022-05-31,Bournemouth,0.0,8000000.0,loan_return
2021/22,Liverpool,503680,Neco Williams,2022-05-31,Fulham,0.0,8000000.0,loan_return
2021/22,Liverpool,541231,Sepp van den Berg,2022-05-31,Preston,0.0,5000000.0,loan_return
2021/22,Liverpool,222813,Marko Grujić,2022-06-30,Porto,0.0,12000000.0,loan_return
2021/22,Man City,568177,Cole Palmer,2021-07-01,Man City U23,,500000.0,youth_promotion
2021/22,Man City,14555,Scott Carson,2021-07-20,Derby,0.0,300000.0,loan_return
2021/22,Man City,203460,Jack Grealish,2021-08-05,Aston Villa,117500000.0,65000000.0,paid
2021/22,Man City,429790,Luka Ilic,2022-01-01,FC Twente,0.0,950000.0,loan_return
2021/22,Man City,503977,Taylor Harwood-Bellis,2022-01-10,RSC Anderlecht,0.0,3000000.0,loan_return
2021/22,Man City,340460,Philippe Sandler,2022-01-25,Troyes,0.0,2000000.0,loan_return
2021/22,Man City,576024,Julián Alvarez,2022-01-31,River Plate,21400000.0,20000000.0,paid
2021/22,Man City,282199,Erik Palmer-Brown,2022-02-01,Troyes,0.0,1500000.0,loan_return
2021/22,Man City,503977,Taylor Harwood-Bellis,2022-05-31,Stoke City,0.0,7000000.0,loan_return
2021/22,Man City,345654,Marlos Moreno,2022-06-30,KV Kortrijk,0.0,900000.0,loan_return
2021/22,Man City,355816,Ko Itakura,2022-06-30,FC Schalke 04,0.0,5000000.0,loan_return
2021/22,Man City,371003,Ante Palaversa,2022-06-30,KV Kortrijk,0.0,1500000.0,loan_return
2021/22,Man City,371021,Arijanet Murić,2022-06-30,Adana Demirspor,0.0,2600000.0,loan_return
2021/22,Man City,378293,Yangel Herrera,2022-06-30,Espanyol,0.0,14000000.0,loan_return
2021/22,Man City,399997,Daniel Arzani,2022-06-30,Lommel SK,0.0,500000.0,loan_return
2021/22,Man City,426666,Ryotaro Meshino,2022-06-30,Estoril,0.0,300000.0,loan_return
2021/22,Man City,439629,Nahuel Bustos,2022-06-30,Girona,0.0,3000000.0,loan_return
2021/22,Man City,505652,Slobodan Tedic,2022-06-30,PEC Zwolle,0.0,750000.0,loan_return
2021/22,Man City,553875,Pedro Porro,2022-06-30,Sporting,0.0,25000000.0,loan_return
2021/22,Man City,627228,Yan Couto,2022-06-30,Braga,0.0,5000000.0,loan_return
2021/22,Man City,649452,Issa Kaboré,2022-06-30,Troyes,0.0,4000000.0,loan_return
2021/22,Man United,34130,Tom Heaton,2021-07-02,Aston Villa,0.0,1000000.0,free
2021/22,Man United,401173,Jadon Sancho,2021-07-23,Dortmund,85000000.0,100000000.0,paid
2021/22,Man United,164770,Raphaël Varane,2021-08-14,Real Madrid,40000000.0,70000000.0,paid
2021/22,Man United,8198,Cristiano Ronaldo,2021-08-31,Juventus,17000000.0,45000000.0,paid
2021/22,Man United,583189,Anthony Elanga,2022-01-01,Man Utd U23,,4000000.0,youth_promotion
2021/22,Man United,342046,Axel Tuanzebe,2022-01-06,Aston Villa,0.0,8000000.0,loan_return
2021/22,Man United,288255,Donny van de Beek,2022-05-31,Everton,0.0,25000000.0,loan_return
2021/22,Man United,344830,Tahith Chong,2022-05-31,Birmingham,0.0,3500000.0,loan_return
2021/22,Man United,505219,James Garner,2022-05-31,Nott'm Forest,0.0,7000000.0,loan_return
2021/22,Man United,507700,Brandon Williams,2022-05-31,Norwich,0.0,10000000.0,loan_return
2021/22,Man United,536835,Amad Diallo,2022-05-31,Rangers,0.0,18000000.0,loan_return
2021/22,Man United,548470,Teden Mengi,2022-05-31,Birmingham,0.0,2000000.0,loan_return
2021/22,Man United,182877,Anthony Martial,2022-06-30,Sevilla FC,0.0,16000000.0,loan_return
2021/22,Man United,203394,Andreas Pereira,2022-06-30,Flamengo,0.0,7500000.0,loan_return
2021/22,Man United,342046,Axel Tuanzebe,2022-06-30,Napoli,0.0,7000000.0,loan_return
2021/22,Man United,676318,Facundo Pellistri,2022-06-30,Alavés,0.0,2500000.0,loan_return
2021/22,Newcastle,340329,Joe Willock,2021-08-13,Arsenal,29400000.0,16000000.0,paid
2021/22,Newcastle,484387,Matty Longstaff,2021-12-31,Aberdeen FC,0.0,2500000.0,loan_return
2021/22,Newcastle,95810,Kieran Trippier,2022-01-07,Atlético,14000000.0,18000000.0,paid
2021/22,Newcastle,108725,Chris Wood,2022-01-13,Burnley,30000000.0,6000000.0,paid
2021/22,Newcastle,520624,Bruno Guimarães,2022-01-30,Lyon,42100000.0,30000000.0,paid
2021/22,Newcastle,134270,Dan Burn,2022-01-31,Brighton,15000000.0,3500000.0,paid
2021/22,Newcastle,250478,Matt Targett,2022-01-31,Aston Villa,0.0,17000000.0,loan_in
2021/22,Newcastle,148262,Jeff Hendrick,2022-05-31,QPR,0.0,5000000.0,loan_return
2021/22,Newcastle,226049,Freddie Woodman,2022-05-31,Bournemouth,0.0,9000000.0,loan_return
2021/22,Newcastle,484387,Matty Longstaff,2022-05-31,Mansfield Town,0.0,2500000.0,loan_return
2021/22,Norwich,201574,Angus Gunn,2021-07-01,Southampton,5850000.0,3000000.0,paid
2021/22,Norwich,291739,Milot Rashica,2021-07-01,Werder Bremen,11000000.0,9000000.0,paid
2021/22,Norwich,295630,Dimitrios Giannoulis,2021-07-01,PAOK,7500000.0,7000000.0,paid
2021/22,Norwich,423744,Billy Gilmour,2021-07-02,Chelsea,0.0,10000000.0,loan_in
2021/22,Norwich,377393,Pierre Lees-Melou,2021-07-13,Nice,3900000.0,7000000.0,paid
2021/22,Norwich,393325,Josh Sargent,2021-08-09,Werder Bremen,9500000.0,8000000.0,paid
2021/22,Norwich,451677,Christos Tzolis,2021-08-12,PAOK,11000000.0,12000000.0,paid
2021/22,Norwich,507700,Brandon Williams,2021-08-23,Man Utd,0.0,10000000.0,loan_in
2021/22,Norwich,257805,Mathias Normann,2021-08-29,Rostov,0.0,13000000.0,loan_in
2021/22,Norwich,361260,Ozan Kabak,2021-08-30,FC Schalke 04,0.0,25000000.0,loan_in
2021/22,Norwich,672381,Jonathan Rowe,2022-01-01,Norwich City U23,,,undisclosed
2021/22,Norwich,288948,Aston Oxborough,2022-05-31,Barnet,0.0,100000.0,loan_return
2021/22,Norwich,332341,Todd Cantwell,2022-05-31,Bournemouth,0.0,18000000.0,loan_return
2021/22,Norwich,346499,Danel Sinani,2022-05-31,Huddersfield,0.0,1500000.0,loan_return
2021/22,Norwich,511802,Rocky Bushiri,2022-05-31,Hibernian FC,0.0,600000.0,loan_return
2021/22,Southampton,318523,Romain Perraud,2021-07-02,Stade Brestois,12000000.0,8000000.0,paid
2021/22,Southampton,503981,Tino Livramento,2021-08-02,Chelsea U23,26200000.0,,paid
2021/22,Southampton,250426,Adam Armstrong,2021-08-10,Blackburn,17700000.0,18000000.0,paid
2021/22,Southampton,571743,Armando Broja,2021-08-10,Chelsea U23,0.0,3000000.0,loan_in
2021/22,Southampton,379807,Lyanco,2021-08-25,Torino,7500000.0,5000000.0,paid
2021/22,Southampton,346482,Dan Nlundulu,2022-01-05,Lincoln City,0.0,1500000.0,loan_return
2021/22,Southampton,346482,Dan Nlundulu,2022-05-31,Cheltenham,0.0,1500000.0,loan_return
2021/22,Tottenham,244192,Pierluigi Gollini,2021-07-24,Atalanta,0.0,17000000.0,loan_in
2021/22,Tottenham,537382,Bryan Gil,2021-07-26,Sevilla FC,25000000.0,30000000.0,paid
2021/22,Tottenham,428016,Brandon Austin,2021-08-01,Tottenham U23,,250000.0,youth_promotion
2021/22,Tottenham,355915,Cristian Romero,2021-08-06,Atalanta,0.0,35000000.0,loan_in
2021/22,Tottenham,568693,Pape Matar Sarr,2021-08-27,FC Metz,16900000.0,10000000.0,paid
2021/22,Tottenham,476344,Emerson Royal,2021-08-31,Barcelona,25000000.0,25000000.0,paid
2021/22,Tottenham,282823,Alfie Whiteman,2021-12-31,Degerfors,0.0,800000.0,loan_return
2021/22,Tottenham,354362,Rodrigo Bentancur,2022-01-31,Juventus,19000000.0,25000000.0,paid
2021/22,Tottenham,431755,Dejan Kulusevski,2022-01-31,Juventus,0.0,30000000.0,loan_in
2021/22,Tottenham,341049,Cameron Carter-Vickers,2022-05-31,Celtic,0.0,3000000.0,loan_return
2021/22,Tottenham,559794,Jack Clarke,2022-05-31,Sunderland,0.0,5000000.0,loan_return
2021/22,Tottenham,348795,Giovani Lo Celso,2022-06-30,Villarreal,0.0,22000000.0,loan_return
2021/22,Tottenham,450936,Tanguy Ndombélé,2022-06-30,Lyon,0.0,30000000.0,loan_return
2021/22,Tottenham,537382,Bryan Gil,2022-06-30,Valencia,0.0,18000000.0,loan_return
2021/22,Tottenham,568693,Pape Matar Sarr,2022-06-30,FC Metz,0.0,15000000.0,loan_return
2021/22,Watford,448854,Emmanuel Dennis,2021-07-01,Club Brugge,4000000.0,5000000.0,paid
2021/22,Watford,635336,Imrân Louza,2021-07-01,FC Nantes,10000000.0,12000000.0,paid
2021/22,Watford,91059,Joshua King,2021-07-09,Everton,0.0,8000000.0,free
2021/22,Watford,409106,Peter Etebo,2021-07-09,Stoke City,0.0,3200000.0,loan_in
2021/22,Watford,236471,Ozan Tufan,2021-08-19,Fenerbahçe,0.0,11000000.0,loan_in
2021/22,Watford,46001,Moussa Sissoko,2021-08-27,Tottenham,3500000.0,10000000.0,paid
2021/22,Watford,60577,Nicolas N'Koulou,2021-10-07,Without Club,,5000000.0,undisclosed
2021/22,Watford,340353,Maduka Okoye,2022-01-01,Sparta R.,5000000.0,1000000.0,paid
2021/22,Watford,857818,Yáser Asprilla,2022-01-01,Envigado,3000000.0,500000.0,paid
2021/22,Watford,290017,Hassane Kamara,2022-01-04,Nice,4000000.0,6000000.0,paid
2021/22,Watford,255744,Samir Caetano,2022-01-06,Udinese,5000000.0,5000000.0,paid
2021/22,Watford,365544,Pontus Dahlberg,2022-01-13,Doncaster,0.0,1200000.0,loan_return
2021/22,Watford,391719,Domingos Quina,2022-01-31,Fulham,0.0,2500000.0,loan_return
2021/22,Watford,391719,Domingos Quina,2022-04-26,Barnsley FC,0.0,2500000.0,loan_return
2021/22,Watford,120565,Andre Gray,2022-05-31,QPR,0.0,2000000.0,loan_return
2021/22,Watford,271098,Philip Zinckernagel,2022-05-31,Nott'm Forest,0.0,3000000.0,loan_return
2021/22,Watford,346472,Tom Dele-Bashiru,2022-05-31,Reading,0.0,2500000.0,loan_return
2021/22,Watford,365544,Pontus Dahlberg,2022-05-31,Gillingham,0.0,1200000.0,loan_return
2021/22,Watford,283528,Ignacio Pussetto,2022-06-30,Udinese,0.0,3000000.0,loan_return
2021/22,Watford,340353,Maduka Okoye,2022-06-30,Sparta R.,0.0,3500000.0,loan_return
2021/22,Watford,453575,Jorge Segura,2022-06-30,CD América,0.0,300000.0,loan_return
2021/22,Watford,857818,Yáser Asprilla,2022-06-30,Envigado,0.0,1500000.0,loan_return
2021/22,West Ham,121477,Craig Dawson,2021-07-01,Watford,2300000.0,3000000.0,paid
2021/22,West Ham,120629,Alphonse Areola,2021-07-29,PSG,0.0,17000000.0,loan_in
2021/22,West Ham,157509,Kurt Zouma,2021-08-28,Chelsea,35000000.0,32000000.0,paid
2021/22,West Ham,293200,Nikola Vlašić,2021-08-31,CSKA Moscow,30000000.0,30000000.0,paid
2021/22,West Ham,337333,Alex Král,2021-08-31,Spartak Moscow,0.0,10000000.0,loan_in
2021/22,West Ham,419025,Conor Coventry,2022-01-05,Peterborough,0.0,300000.0,loan_return
2021/22,West Ham,542690,Frederik Alves,2022-01-13,Sunderland,0.0,1000000.0,loan_return
2021/22,West Ham,419025,Conor Coventry,2022-05-31,MK Dons,0.0,300000.0,loan_return
2021/22,Wolves,444641,Louie Moulden,2021-07-01,Man City U23,0.0,,free
2021/22,Wolves,532541,Luke Cundle,2021-07-01,Wolves U23,,,youth_promotion
2021/22,Wolves,716276,Yerson Mosquera,2021-07-01,Atl. Nacional,5200000.0,1700000.0,paid
2021/22,Wolves,412669,Francisco Trincão,2021-07-04,Barcelona,0.0,22000000.0,loan_in
2021/22,Wolves,578391,Rayan Aït-Nouri,2021-07-09,Angers SCO,11100000.0,18000000.0,paid
2021/22,Wolves,249994,José Sá,2021-07-15,Olympiacos,8000000.0,7500000.0,paid
2021/22,Wolves,439351,Bendegúz Bolla,2021-07-17,Fehérvár,2000000.0,600000.0,paid
2021/22,Wolves,292246,Hee-chan Hwang,2021-08-29,Leipzig,0.0,11000000.0,loan_in
2021/22,Wolves,504581,Ryan Giles,2022-01-03,Cardiff,0.0,2000000.0,loan_return
2021/22,Wolves,606718,Toti,2022-01-04,Grasshoppers,0.0,1000000.0,loan_return
2021/22,Wolves,262489,Hayao Kawabe,2022-01-05,Grasshoppers,600000.0,1300000.0,paid
2021/22,Wolves,695454,Chiquinho,2022-01-17,Estoril,3500000.0,1000000.0,paid
2021/22,Wolves,606872,Leonardo Campana,2022-01-19,Grasshoppers,0.0,1200000.0,loan_return
2021/22,Wolves,638571,Sang-bin Jeong,2022-01-28,Suwon Bluewings,1200000.0,850000.0,paid
2021/22,Wolves,337787,Connor Ronan,2022-05-17,St. Mirren,0.0,500000.0,loan_return
2021/22,Wolves,429014,Morgan Gibbs-White,2022-05-31,Sheff Utd,0.0,11000000.0,loan_return
2021/22,Wolves,444641,Louie Moulden,2022-05-31,Ebbsfleet,0.0,,loan_return
2021/22,Wolves,504581,Ryan Giles,2022-05-31,Blackburn,0.0,3000000.0,loan_return
2021/22,Wolves,204103,Adama Traoré,2022-06-30,Barcelona,0.0,20000000.0,loan_return
2021/22,Wolves,265078,Patrick Cutrone,2022-06-30,FC Empoli,0.0,3500000.0,loan_return
2021/22,Wolves,335461,Renat Dadashov,2022-06-30,Tondela,0.0,350000.0,loan_return
2021/22,Wolves,357158,Rúben Vinagre,2022-06-30,Sporting,0.0,5000000.0,loan_return
2021/22,Wolves,415646,Bruno Jordão,2022-06-30,Grasshoppers,0.0,1600000.0,loan_return
2022/23,Arsenal,425306,Matt Turner,2022-07-01,New England,5900000.0,5000000.0,paid
2022/23,Arsenal,493513,Karl Hein,2022-07-01,Arsenal U21,,800000.0,youth_promotion
2022/23,Arsenal,503770,Folarin Balogun,2022-07-01,Arsenal U21,,4000000.0,youth_promotion
2022/23,Arsenal,537598,Fábio Vieira,2022-07-01,Porto,35000000.0,25000000.0,paid
2022/23,Arsenal,668268,Marquinhos,2022-07-01,São Paulo,3500000.0,7000000.0,paid
2022/23,Arsenal,363205,Gabriel Jesus,2022-07-04,Man City,52200000.0,50000000.0,paid
2022/23,Arsenal,389253,Auston Trusty,2022-07-14,Colorado,0.0,2000000.0,loan_return
2022/23,Arsenal,203853,Oleksandr Zinchenko,2022-07-22,Man City,35000000.0,25000000.0,paid
2022/23,Arsenal,503769,Arthur Okonkwo,2023-01-15,Crewe Alexandra,0.0,1500000.0,loan_return
2022/23,Arsenal,144028,Leandro Trossard,2023-01-20,Brighton,24000000.0,30000000.0,paid
2022/23,Arsenal,425918,Jakub Kiwior,2023-01-23,Spezia Calcio,19500000.0,8000000.0,paid
2022/23,Arsenal,102017,Jorginho,2023-01-31,Chelsea,11300000.0,35000000.0,paid
2022/23,Arsenal,285845,Ainsley Maitland-Niles,2023-05-31,Southampton,0.0,8000000.0,loan_return
2022/23,Arsenal,381967,Albert Sambi Lokonga,2023-05-31,Crystal Palace,0.0,15000000.0,loan_return
2022/23,Arsenal,389253,Auston Trusty,2023-05-31,Birmingham,0.0,9000000.0,loan_return
2022/23,Arsenal,668268,Marquinhos,2023-05-31,Norwich,0.0,12000000.0,loan_return
2022/23,Arsenal,112988,Cédric Soares,2023-06-30,Fulham,0.0,3000000.0,loan_return
2022/23,Arsenal,205657,Rúnar Alex Rúnarsson,2023-06-30,Alanyaspor,0.0,1500000.0,loan_return
2022/23,Arsenal,210178,Pablo Marí,2023-06-30,Monza,0.0,5000000.0,loan_return
2022/23,Arsenal,343052,Nicolas Pépé,2023-06-30,Nice,0.0,18000000.0,loan_return
2022/23,Arsenal,503769,Arthur Okonkwo,2023-06-30,Sturm Graz,0.0,2000000.0,loan_return
2022/23,Arsenal,503770,Folarin Balogun,2023-06-30,Stade Reims,0.0,30000000.0,loan_return
2022/23,Arsenal,535955,Nuno Tavares,2023-06-30,Marseille,0.0,18000000.0,loan_return
2022/23,Aston Villa,75458,Robin Olsen,2022-07-01,Roma,3500000.0,2000000.0,paid
2022/23,Aston Villa,80444,Philippe Coutinho,2022-07-01,Barcelona,20000000.0,20000000.0,paid
2022/23,Aston Villa,329145,Diego Carlos,2022-07-01,Sevilla FC,31000000.0,40000000.0,paid
2022/23,Aston Villa,394327,Boubacar Kamara,2022-07-01,Marseille,0.0,25000000.0,free
2022/23,Aston Villa,484838,Viljami Sinisalo,2022-07-01,Aston Villa U21,,200000.0,youth_promotion
2022/23,Aston Villa,170646,Ludwig Augustinsson,2022-07-11,Sevilla FC,0.0,5000000.0,loan_in
2022/23,Aston Villa,168157,Leander Dendoncker,2022-09-01,Wolves,15000000.0,28000000.0,paid
2022/23,Aston Villa,243028,Jan Bednarek,2022-09-01,Southampton,0.0,22000000.0,loan_in
2022/23,Aston Villa,484838,Viljami Sinisalo,2023-01-02,Burton Albion,0.0,200000.0,loan_return
2022/23,Aston Villa,193098,Álex Moreno,2023-01-11,Real Betis,13500000.0,20000000.0,paid
2022/23,Aston Villa,649317,Jhon Durán,2023-01-23,Chicago,29500000.0,6000000.0,paid
2022/23,Aston Villa,131996,Bertrand Traoré,2023-01-31,Basaksehir,0.0,14000000.0,loan_return
2022/23,Aston Villa,233124,Kortney Hause,2023-05-31,Watford,0.0,2800000.0,loan_return
2022/23,Aston Villa,324882,Marvelous Nakamba,2023-05-31,Luton,0.0,4000000.0,loan_return
2022/23,Aston Villa,412660,Keinan Davis,2023-05-31,Watford,0.0,3000000.0,loan_return
2022/23,Aston Villa,533662,Cameron Archer,2023-05-31,Middlesbrough,0.0,10000000.0,loan_return
2022/23,Aston Villa,665390,Jaden Philogene,2023-05-31,Cardiff,0.0,2500000.0,loan_return
2022/23,Aston Villa,696589,Tim Iroegbunam,2023-05-31,QPR,0.0,4000000.0,loan_return
2022/23,Aston Villa,174094,Morgan Sanson,2023-06-30,R. Strasbourg,0.0,6000000.0,loan_return
2022/23,Bournemouth,140191,Ryan Fredericks,2022-07-01,West Ham,0.0,1500000.0,free
2022/23,Bournemouth,183293,Joe Rothwell,2022-07-01,Blackburn,0.0,3500000.0,free
2022/23,Bournemouth,399434,Marcus Tavernier,2022-08-01,Middlesbrough,11900000.0,4500000.0,paid
2022/23,Bournemouth,111819,Neto,2022-08-07,Barcelona,0.0,3000000.0,free
2022/23,Bournemouth,469781,Marcos Senesi,2022-08-08,Feyenoord,15000000.0,17000000.0,paid
2022/23,Bournemouth,163744,Jack Stephens,2022-09-01,Southampton,0.0,7000000.0,loan_in
2022/23,Bournemouth,823231,Dango Ouattara,2023-01-19,FC Lorient,22500000.0,10000000.0,paid
2022/23,Bournemouth,51321,Darren Randolph,2023-01-26,West Ham,0.0,500000.0,free
2022/23,Bournemouth,583255,Antoine Semenyo,2023-01-27,Bristol City,10250000.0,3000000.0,paid
2022/23,Bournemouth,439072,Matías Viña,2023-01-30,Roma,0.0,6000000.0,loan_in
2022/23,Bournemouth,469064,Gavin Kilkenny,2023-01-30,Stoke City,0.0,700000.0,loan_return
2022/23,Bournemouth,391065,Hamed Traoré,2023-01-31,Sassuolo,0.0,22000000.0,loan_in
2022/23,Bournemouth,659089,Ilya Zabarnyi,2023-01-31,Dynamo Kyiv,33000000.0,15000000.0,paid
2022/23,Bournemouth,469064,Gavin Kilkenny,2023-05-31,Charlton,0.0,500000.0,loan_return
2022/23,Bournemouth,582078,Will Dennis,2023-05-31,Slough,0.0,200000.0,loan_return
2022/23,Bournemouth,232964,Emiliano Marcondes,2023-06-30,Nordsjaelland,0.0,1500000.0,loan_return
2022/23,Bournemouth,239949,Jamal Lowe,2023-06-30,QPR,0.0,1500000.0,loan_return
2022/23,Bournemouth,611793,James Hill,2023-06-30,Heart of Midl.,0.0,1000000.0,loan_return
2022/23,Brentford,470596,Paris Maghoma,2022-07-01,Brentford B,,200000.0,undisclosed
2022/23,Brentford,587019,Fin Stevens,2022-07-01,Brentford B,,400000.0,undisclosed
2022/23,Brentford,741236,Matthew Cox,2022-07-01,Brentford B,,,undisclosed
2022/23,Brentford,591949,Aaron Hickey,2022-07-09,Bologna,14250000.0,18000000.0,paid
2022/23,Brentford,644401,Keane Lewis-Potter,2022-07-12,Hull City,19000000.0,12000000.0,paid
2022/23,Brentford,222209,Thomas Strakosha,2022-07-14,Lazio,0.0,7000000.0,free
2022/23,Brentford,74810,Ben Mee,2022-07-22,Burnley,0.0,2500000.0,free
2022/23,Brentford,540941,Mikkel Damsgaard,2022-08-10,Sampdoria,15000000.0,15000000.0,paid
2022/23,Brentford,372240,Mads Bech Sørensen,2023-01-01,Nice,0.0,4000000.0,loan_return
2022/23,Brentford,587019,Fin Stevens,2023-01-01,Swansea,0.0,400000.0,loan_return
2022/23,Brentford,473050,Kevin Schade,2023-01-04,Freiburg,0.0,12000000.0,loan_in
2022/23,Brentford,470596,Paris Maghoma,2023-01-05,AFC Wimbledon,0.0,200000.0,loan_return
2022/23,Brentford,456292,Ellery Balcombe,2023-01-17,Crawley Town,0.0,300000.0,loan_return
2022/23,Brentford,376856,Charlie Goode,2023-05-31,Blackpool,0.0,800000.0,loan_return
2022/23,Brentford,456292,Ellery Balcombe,2023-05-31,Bristol Rovers,0.0,300000.0,loan_return
2022/23,Brentford,465606,Halil Dervişoğlu,2023-05-31,Burnley,0.0,2500000.0,loan_return
2022/23,Brentford,470596,Paris Maghoma,2023-05-31,MK Dons,0.0,350000.0,loan_return
2022/23,Brentford,587002,Myles Peart-Harris,2023-05-31,Forest Green,0.0,700000.0,loan_return
2022/23,Brentford,251845,Sergi Canós,2023-06-30,Olympiacos,0.0,9000000.0,loan_return
2022/23,Brentford,372240,Mads Bech Sørensen,2023-06-30,FC Groningen,0.0,2500000.0,loan_return
2022/23,Brentford,462832,Mads Bidstrup,2023-06-30,Nordsjaelland,0.0,2500000.0,loan_return
2022/23,Brighton,648046,Evan Ferguson,2022-07-01,Brighton U21,,600000.0,youth_promotion
2022/23,Brighton,658536,Simon Adingra,2022-07-01,Nordsjaelland,8000000.0,1500000.0,paid
2022/23,Brighton,660867,Julio Enciso,2022-07-01,Libertad,11600000.0,11000000.0,paid
2022/23,Brighton,406556,Tom McGill,2022-07-29,Brighton U21,,,youth_promotion
2022/23,Brighton,614258,Levi Colwill,2022-08-05,Chelsea,0.0,5000000.0,loan_in
2022/23,Brighton,349599,Pervis Estupiñán,2022-08-16,Villarreal,17800000.0,20000000.0,paid
2022/23,Brighton,423744,Billy Gilmour,2022-09-01,Chelsea,8300000.0,12000000.0,paid
2022/23,Brighton,983989,Facundo Buonanotte,2023-01-01,Rosario Central,6000000.0,9000000.0,paid
2022/23,Brighton,667287,Yasin Ayari,2023-01-30,AIK,4000000.0,4000000.0,paid
2022/23,Brighton,345468,Andi Zeqiri,2023-06-30,Basel,0.0,3500000.0,loan_return
2022/23,Brighton,463527,Kjell Scherpen,2023-06-30,Vitesse,0.0,2000000.0,loan_return
2022/23,Brighton,476237,Steven Alzate,2023-06-30,Standard Liège,0.0,4000000.0,loan_return
2022/23,Brighton,658536,Simon Adingra,2023-06-30,Union SG,0.0,10000000.0,loan_return
2022/23,Brighton,776798,Abdallah Sima,2023-06-30,Angers SCO,0.0,6000000.0,loan_return
2022/23,Chelsea,488362,Conor Gallagher,2022-07-01,Chelsea U21,,25000000.0,youth_promotion
2022/23,Chelsea,571743,Armando Broja,2022-07-01,Chelsea U21,,22000000.0,youth_promotion
2022/23,Chelsea,614258,Levi Colwill,2022-07-01,Chelsea U21,,5000000.0,youth_promotion
2022/23,Chelsea,134425,Raheem Sterling,2022-07-13,Man City,56200000.0,70000000.0,paid
2022/23,Chelsea,93128,Kalidou Koulibaly,2022-07-16,Napoli,41900000.0,35000000.0,paid
2022/23,Chelsea,656316,Gabriel Slonina,2022-08-02,Chicago,9090000.0,3000000.0,paid
2022/23,Chelsea,659459,Carney Chukwuemeka,2022-08-04,Aston Villa,18000000.0,6000000.0,paid
2022/23,Chelsea,284857,Marc Cucurella,2022-08-05,Brighton,65300000.0,28000000.0,paid
2022/23,Chelsea,622380,Cesare Casadei,2022-08-19,Inter,14860000.0,1000000.0,paid
2022/23,Chelsea,475411,Wesley Fofana,2022-08-31,Leicester,80400000.0,40000000.0,paid
2022/23,Chelsea,58864,Pierre-Emerick Aubameyang,2022-09-01,Barcelona,12000000.0,15000000.0,paid
2022/23,Chelsea,334526,Denis Zakaria,2022-09-01,Juventus,0.0,27000000.0,loan_in
2022/23,Chelsea,656316,Gabriel Slonina,2022-12-31,Chicago,0.0,8000000.0,loan_return
2022/23,Chelsea,743600,Andrey Santos,2023-01-01,Vasco da Gama,12500000.0,10000000.0,paid
2022/23,Chelsea,787232,David Datro Fofana,2023-01-01,Molde FK,12000000.0,7000000.0,paid
2022/23,Chelsea,463603,Benoît Badiashile,2023-01-05,Monaco,38000000.0,40000000.0,paid
2022/23,Chelsea,462250,João Félix,2023-01-11,Atlético,0.0,50000000.0,loan_in
2022/23,Chelsea,537860,Mykhaylo Mudryk,2023-01-15,Shakhtar D.,70000000.0,40000000.0,paid
2022/23,Chelsea,503987,Noni Madueke,2023-01-20,PSV,35000000.0,15000000.0,paid
2022/23,Chelsea,620322,Malo Gusto,2023-01-29,Lyon,30000000.0,15000000.0,paid
2022/23,Chelsea,648195,Enzo Fernández,2023-01-31,Benfica,121000000.0,55000000.0,paid
2022/23,Chelsea,224884,Abdul Rahman Baba,2023-05-31,Reading,0.0,1800000.0,loan_return
2022/23,Chelsea,614258,Levi Colwill,2023-05-31,Brighton,0.0,16000000.0,loan_return
2022/23,Chelsea,622380,Cesare Casadei,2023-05-31,Reading,0.0,6000000.0,loan_return
2022/23,Chelsea,96341,Romelu Lukaku,2023-06-30,Inter,0.0,40000000.0,loan_return
2022/23,Chelsea,182618,Tiemoué Bakayoko,2023-06-30,AC Milan,0.0,2500000.0,loan_return
2022/23,Chelsea,344596,Malang Sarr,2023-06-30,Monaco,0.0,6000000.0,loan_return
2022/23,Chelsea,392768,Callum Hudson-Odoi,2023-06-30,Leverkusen,0.0,15000000.0,loan_return
2022/23,Chelsea,392771,Ethan Ampadu,2023-06-30,Spezia Calcio,0.0,9000000.0,loan_return
2022/23,Chelsea,620322,Malo Gusto,2023-06-30,Lyon,0.0,25000000.0,loan_return
2022/23,Chelsea,743600,Andrey Santos,2023-06-30,Vasco da Gama,0.0,15000000.0,loan_return
2022/23,Crystal Palace,110864,Sam Johnstone,2022-07-01,West Brom,0.0,12000000.0,free
2022/23,Crystal Palace,512354,Malcolm Ebiowei,2022-07-01,Derby,0.0,1000000.0,free
2022/23,Crystal Palace,586834,Jesurun Rak-Sakyi,2022-07-01,Palace U21,,500000.0,undisclosed
2022/23,Crystal Palace,543387,Cheick Doucouré,2022-07-11,Lens,22600000.0,15000000.0,paid
2022/23,Crystal Palace,578539,Chris Richards,2022-07-27,Bayern Munich,12000000.0,7500000.0,paid
2022/23,Crystal Palace,586986,Luke Plange,2023-01-29,RWDM,0.0,600000.0,loan_return
2022/23,Crystal Palace,381967,Albert Sambi Lokonga,2023-01-31,Arsenal,0.0,15000000.0,loan_in
2022/23,Crystal Palace,538971,Naouirou Ahamada,2023-01-31,Stuttgart,12000000.0,5500000.0,paid
2022/23,Crystal Palace,196722,Remi Matthews,2023-05-31,St. Johnstone,0.0,350000.0,loan_return
2022/23,Crystal Palace,512354,Malcolm Ebiowei,2023-05-31,Hull City,0.0,3000000.0,loan_return
2022/23,Crystal Palace,586834,Jesurun Rak-Sakyi,2023-05-31,Charlton,0.0,1000000.0,loan_return
2022/23,Crystal Palace,586986,Luke Plange,2023-05-31,Lincoln City,0.0,1200000.0,loan_return
2022/23,Crystal Palace,128899,Jack Butland,2023-06-30,Man Utd,0.0,1500000.0,loan_return
2022/23,Everton,344009,Nathan Broadhead,2022-07-01,Everton U21,,500000.0,youth_promotion
2022/23,Everton,669366,Tom Cannon,2022-07-01,Everton U21,,,youth_promotion
2022/23,Everton,173504,James Tarkowski,2022-07-02,Burnley,0.0,22000000.0,free
2022/23,Everton,357158,Rúben Vinagre,2022-07-27,Sporting,0.0,5000000.0,loan_in
2022/23,Everton,584769,Dwight McNeil,2022-07-28,Burnley,17000000.0,18000000.0,paid
2022/23,Everton,128901,Conor Coady,2022-08-08,Wolves,0.0,25000000.0,loan_in
2022/23,Everton,485706,Amadou Onana,2022-08-09,Lille,39870000.0,10000000.0,paid
2022/23,Everton,217115,Neal Maupay,2022-08-26,Brighton,11800000.0,18000000.0,paid
2022/23,Everton,126665,Idrissa Gueye,2022-09-01,PSG,4000000.0,12000000.0,paid
2022/23,Everton,505219,James Garner,2022-09-01,Man Utd,10400000.0,7000000.0,paid
2022/23,Everton,344009,Nathan Broadhead,2023-01-08,Wigan,0.0,500000.0,loan_return
2022/23,Everton,591193,Niels Nkounkou,2023-01-13,Cardiff,0.0,2500000.0,loan_return
2022/23,Everton,669366,Tom Cannon,2023-05-31,Preston,0.0,3500000.0,loan_return
2022/23,Everton,182894,Jean-Philippe Gbamin,2023-06-30,Trabzonspor,0.0,4800000.0,loan_return
2022/23,Everton,207929,Dele Alli,2023-06-30,Besiktas,0.0,8000000.0,loan_return
2022/23,Everton,221025,André Gomes,2023-06-30,Lille,0.0,16000000.0,loan_return
2022/23,Everton,329813,João Virgínia,2023-06-30,SC Cambuur,0.0,600000.0,loan_return
2022/23,Everton,364135,Moise Kean,2023-06-30,Juventus,0.0,18000000.0,loan_return
2022/23,Everton,591193,Niels Nkounkou,2023-06-30,Saint-Étienne,0.0,5000000.0,loan_return
2022/23,Everton,661053,Jarrad Branthwaite,2023-06-30,PSV,0.0,10000000.0,loan_return
2022/23,Fulham,257455,João Palhinha,2022-07-04,Sporting,24900000.0,25000000.0,paid
2022/23,Fulham,203394,Andreas Pereira,2022-07-11,Man Utd,9500000.0,7500000.0,paid
2022/23,Fulham,396638,Manor Solomon,2022-07-25,Shakhtar D.,0.0,18000000.0,loan_in
2022/23,Fulham,183321,Kevin Mbabu,2022-07-27,Wolfsburg,5500000.0,9000000.0,paid
2022/23,Fulham,72476,Bernd Leno,2022-08-02,Arsenal,3600000.0,9000000.0,paid
2022/23,Fulham,272622,Issa Diop,2022-08-10,West Ham,17800000.0,10000000.0,paid
2022/23,Fulham,52769,Willian,2022-09-01,Corinthians,0.0,4000000.0,free
2022/23,Fulham,126710,Layvin Kurzawa,2022-09-01,PSG,0.0,5000000.0,loan_in
2022/23,Fulham,319301,Daniel James,2022-09-01,Leeds,0.0,18000000.0,loan_in
2022/23,Fulham,525287,Carlos Vinícius,2022-09-01,Benfica,5000000.0,8000000.0,paid
2022/23,Fulham,528888,Tyrese Francois,2023-01-10,HNK Gorica,0.0,500000.0,loan_return
2022/23,Fulham,112988,Cédric Soares,2023-01-31,Arsenal,0.0,4000000.0,loan_in
2022/23,Fulham,245056,Saša Lukić,2023-01-31,Torino,9800000.0,13000000.0,paid
2022/23,Fulham,735571,Rodrigo Muniz,2023-05-31,Middlesbrough,0.0,5000000.0,loan_return
2022/23,Fulham,149716,Ivan Cavaleiro,2023-06-30,Alanyaspor,0.0,2200000.0,loan_return
2022/23,Fulham,183321,Kevin Mbabu,2023-06-30,Servette FC,0.0,3500000.0,loan_return
2022/23,Fulham,195488,Paulo Gazzaniga,2023-06-30,Girona,0.0,3000000.0,loan_return
2022/23,Leeds,336869,Marc Roca,2022-07-01,Bayern Munich,12000000.0,7000000.0,paid
2022/23,Leeds,369684,Rasmus Nissen Kristensen,2022-07-01,Salzburg,13000000.0,15000000.0,paid
2022/23,Leeds,393323,Brenden Aaronson,2022-07-01,Salzburg,32840000.0,25000000.0,paid
2022/23,Leeds,332705,Tyler Adams,2022-07-06,Leipzig,17000000.0,17000000.0,paid
2022/23,Leeds,512385,Luis Sinisterra,2022-07-07,Feyenoord,25000000.0,25000000.0,paid
2022/23,Leeds,101118,Joel Robles,2022-08-09,Real Betis,0.0,1500000.0,free
2022/23,Leeds,627626,Wilfried Gnonto,2022-09-01,FC Zürich,4500000.0,10000000.0,paid
2022/23,Leeds,263361,Maximilian Wöber,2023-01-03,Salzburg,12000000.0,12000000.0,paid
2022/23,Leeds,538977,Georginio Rutter,2023-01-14,Hoffenheim,40500000.0,16000000.0,paid
2022/23,Leeds,332697,Weston McKennie,2023-01-30,Juventus,0.0,21000000.0,loan_in
2022/23,Leeds,431475,Mateusz Bogusz,2023-03-24,UD Ibiza,0.0,1000000.0,loan_return
2022/23,Leeds,319301,Daniel James,2023-05-31,Fulham,0.0,13000000.0,loan_return
2022/23,Leeds,392763,Ian Poveda,2023-05-31,Blackpool,0.0,1000000.0,loan_return
2022/23,Leeds,597659,Charlie Cresswell,2023-05-31,Millwall,0.0,5000000.0,loan_return
2022/23,Leeds,173900,Hélder Costa,2023-06-30,Al-Ittihad,0.0,3200000.0,loan_return
2022/23,Leicester,292808,Wout Faes,2022-09-01,Stade Reims,17000000.0,10000000.0,paid
2022/23,Leicester,420808,George Hirst,2023-01-07,Blackburn,0.0,800000.0,loan_return
2022/23,Leicester,564529,Victor Kristiansen,2023-01-20,Copenhagen,14000000.0,4000000.0,paid
2022/23,Leicester,371256,Tetê,2023-01-29,Lyon,0.0,25000000.0,loan_in
2022/23,Leicester,298091,Harry Souttar,2023-01-31,Stoke City,17000000.0,6000000.0,paid
2022/23,Leicester,341501,Hamza Choudhury,2023-05-31,Watford,0.0,5000000.0,loan_return
2022/23,Leicester,420808,George Hirst,2023-05-31,Ipswich,0.0,800000.0,loan_return
2022/23,Leicester,246968,Ayoze Pérez,2023-06-30,Real Betis,0.0,6000000.0,loan_return
2022/23,Liverpool,486604,Vitezslav Jaros,2022-07-01,Liverpool U21,,100000.0,youth_promotion
2022/23,Liverpool,546543,Darwin Núñez,2022-07-01,Benfica,85000000.0,55000000.0,paid
2022/23,Liverpool,559263,Fábio Carvalho,2022-07-01,Fulham,9400000.0,12000000.0,paid
2022/23,Liverpool,864799,Stefan Bajcetic,2022-07-01,Liverpool U18,,,youth_promotion
2022/23,Liverpool,362842,Arthur Melo,2022-09-01,Juventus,0.0,18000000.0,loan_in
2022/23,Liverpool,434675,Cody Gakpo,2023-01-01,PSV,42000000.0,60000000.0,paid
2022/23,Liverpool,503679,Rhys Williams,2023-01-23,Blackpool,0.0,3000000.0,loan_return
2022/23,Liverpool,486604,Vitezslav Jaros,2023-05-31,Stockport,0.0,150000.0,loan_return
2022/23,Liverpool,662334,Marcelo Pitaluga,2023-05-31,Macclesfield,0.0,,loan_return
2022/23,Liverpool,541231,Sepp van den Berg,2023-06-30,FC Schalke 04,0.0,5000000.0,loan_return
2022/23,Man City,85941,Stefan Ortega,2022-07-01,Arm. Bielefeld,0.0,6000000.0,free
2022/23,Man City,418560,Erling Haaland,2022-07-01,Dortmund,60000000.0,150000000.0,paid
2022/23,Man City,701057,Rico Lewis,2022-07-01,Man City U18,,,youth_promotion
2022/23,Man City,351749,Kalvin Phillips,2022-07-04,Leeds,49000000.0,50000000.0,paid
2022/23,Man City,576024,Julián Alvarez,2022-07-07,River Plate,0.0,23000000.0,loan_return
2022/23,Man City,366930,Sergio Gómez,2022-08-16,RSC Anderlecht,15000000.0,10000000.0,paid
2022/23,Man City,284730,Manuel Akanji,2022-09-01,Dortmund,20000000.0,30000000.0,paid
2022/23,Man City,439629,Nahuel Bustos,2022-12-31,São Paulo,0.0,3000000.0,loan_return
2022/23,Man City,576121,Josh Wilson-Esbrand,2023-01-01,Man City U21,,1000000.0,youth_promotion
2022/23,Man City,668547,Máximo Perrone,2023-01-23,Vélez Sarsfield,11000000.0,8500000.0,paid
2022/23,Man City,221624,Zack Steffen,2023-05-31,Middlesbrough,0.0,4500000.0,loan_return
2022/23,Man City,503977,Taylor Harwood-Bellis,2023-05-31,Burnley,0.0,15000000.0,loan_return
2022/23,Man City,505652,Slobodan Tedic,2023-05-31,Barnsley,0.0,600000.0,loan_return
2022/23,Man City,576121,Josh Wilson-Esbrand,2023-05-31,Coventry,0.0,1000000.0,loan_return
2022/23,Man City,182712,João Cancelo,2023-06-30,Bayern Munich,0.0,50000000.0,loan_return
2022/23,Man City,378293,Yangel Herrera,2023-06-30,Girona,0.0,5000000.0,loan_return
2022/23,Man City,439629,Nahuel Bustos,2023-06-30,CA Talleres,0.0,3000000.0,loan_return
2022/23,Man City,649452,Issa Kaboré,2023-06-30,Marseille,0.0,7000000.0,loan_return
2022/23,Man United,550829,Matej Kovar,2022-07-01,Man Utd U21,,400000.0,youth_promotion
2022/23,Man United,607224,Hannibal,2022-07-01,Man Utd U21,,6000000.0,youth_promotion
2022/23,Man United,811778,Álvaro Carreras,2022-07-01,Man Utd U21,,2000000.0,youth_promotion
2022/23,Man United,811779,Alejandro Garnacho,2022-07-01,Man Utd U21,,2000000.0,youth_promotion
2022/23,Man United,339340,Tyrell Malacia,2022-07-05,Feyenoord,15000000.0,17000000.0,paid
2022/23,Man United,69633,Christian Eriksen,2022-07-15,Brentford,0.0,20000000.0,free
2022/23,Man United,480762,Lisandro Martínez,2022-07-27,Ajax,57370000.0,32000000.0,paid
2022/23,Man United,16306,Casemiro,2022-08-22,Real Madrid,70650000.0,40000000.0,paid
2022/23,Man United,602105,Antony,2022-08-30,Ajax,95000000.0,35000000.0,paid
2022/23,Man United,74960,Martin Dúbravka,2022-09-01,Newcastle,0.0,4000000.0,loan_in
2022/23,Man United,686845,Zidane Iqbal,2023-01-01,Man Utd U21,,800000.0,youth_promotion
2022/23,Man United,820374,Kobbie Mainoo,2023-01-01,Man Utd U21,,300000.0,youth_promotion
2022/23,Man United,128899,Jack Butland,2023-01-06,Crystal Palace,0.0,1500000.0,loan_in
2022/23,Man United,228645,Wout Weghorst,2023-01-13,Burnley,0.0,14000000.0,loan_in
2022/23,Man United,106987,Marcel Sabitzer,2023-01-31,Bayern Munich,0.0,20000000.0,loan_in
2022/23,Man United,258919,Dean Henderson,2023-05-31,Nott'm Forest,0.0,22000000.0,loan_return
2022/23,Man United,342046,Axel Tuanzebe,2023-05-31,Stoke City,0.0,6000000.0,loan_return
2022/23,Man United,536835,Amad Diallo,2023-05-31,Sunderland,0.0,13000000.0,loan_return
2022/23,Man United,607224,Hannibal,2023-05-31,Birmingham,0.0,8000000.0,loan_return
2022/23,Man United,811778,Álvaro Carreras,2023-05-31,Preston,0.0,6000000.0,loan_return
2022/23,Man United,255755,Alex Telles,2023-06-30,Sevilla FC,0.0,7500000.0,loan_return
2022/23,Man United,286384,Eric Bailly,2023-06-30,Marseille,0.0,5000000.0,loan_return
2022/23,Man United,550829,Matej Kovar,2023-06-30,Sparta Prague,0.0,1800000.0,loan_return
2022/23,Newcastle,192080,Nick Pope,2022-07-01,Burnley,11500000.0,15000000.0,paid
2022/23,Newcastle,250478,Matt Targett,2022-07-01,Aston Villa,17500000.0,17000000.0,paid
2022/23,Newcastle,361093,Sven Botman,2022-07-01,Lille,37000000.0,30000000.0,paid
2022/23,Newcastle,484389,Kell Watts,2022-07-01,Newcastle U21,,,youth_promotion
2022/23,Newcastle,567576,Elliot Anderson,2022-07-01,Newcastle U21,,200000.0,youth_promotion
2022/23,Newcastle,349066,Alexander Isak,2022-08-26,Real Sociedad,77500000.0,30000000.0,paid
2022/23,Newcastle,85864,Loris Karius,2022-09-12,Without Club,,1500000.0,loan_in
2022/23,Newcastle,74960,Martin Dúbravka,2023-01-01,Man Utd,0.0,4000000.0,loan_return
2022/23,Newcastle,484387,Matty Longstaff,2023-01-01,Colchester Utd.,0.0,1800000.0,loan_return
2022/23,Newcastle,503733,Anthony Gordon,2023-01-29,Everton,45600000.0,40000000.0,paid
2022/23,Newcastle,99397,Karl Darlow,2023-05-31,Hull City,0.0,1200000.0,loan_return
2022/23,Newcastle,148262,Jeff Hendrick,2023-05-31,Reading,0.0,2500000.0,loan_return
2022/23,Newcastle,484389,Kell Watts,2023-05-31,Peterborough,0.0,200000.0,loan_return
2022/23,Newcastle,108725,Chris Wood,2023-06-30,Nott'm Forest,0.0,8000000.0,loan_return
2022/23,Newcastle,206225,Isaac Hayden,2023-06-30,Norwich,0.0,3500000.0,loan_return
2022/23,Nott'm Forest,295313,Taiwo Awoniyi,2022-07-01,Union Berlin,20500000.0,20000000.0,paid
2022/23,Nott'm Forest,258919,Dean Henderson,2022-07-02,Man Utd,0.0,18000000.0,loan_in
2022/23,Nott'm Forest,536507,Giulian Biancone,2022-07-03,Troyes,10000000.0,4000000.0,paid
2022/23,Nott'm Forest,291200,Moussa Niakhaté,2022-07-06,Mainz,13800000.0,18000000.0,paid
2022/23,Nott'm Forest,424881,Omar Richards,2022-07-10,Bayern Munich,8500000.0,7000000.0,paid
2022/23,Nott'm Forest,503680,Neco Williams,2022-07-10,Liverpool,20000000.0,8000000.0,paid
2022/23,Nott'm Forest,45494,Wayne Hennessey,2022-07-15,Burnley,0.0,500000.0,free
2022/23,Nott'm Forest,631996,Brandon Aguilera,2022-07-17,LD Alajuelense,950000.0,125000.0,paid
2022/23,Nott'm Forest,198516,Harry Toffolo,2022-07-20,Huddersfield,2400000.0,2500000.0,paid
2022/23,Nott'm Forest,560694,Lewis O'Brien,2022-07-20,Huddersfield,9400000.0,3500000.0,paid
2022/23,Nott'm Forest,141660,Jesse Lingard,2022-07-21,Man Utd,0.0,18000000.0,free
2022/23,Nott'm Forest,289592,Orel Mangala,2022-07-31,Stuttgart,13000000.0,15000000.0,paid
2022/23,Nott'm Forest,66934,Cheikhou Kouyaté,2022-08-13,Crystal Palace,0.0,4000000.0,free
2022/23,Nott'm Forest,448854,Emmanuel Dennis,2022-08-13,Watford,14800000.0,14000000.0,paid
2022/23,Nott'm Forest,148252,Remo Freuler,2022-08-14,Atalanta,8300000.0,20000000.0,paid
2022/23,Nott'm Forest,429014,Morgan Gibbs-White,2022-08-19,Wolves,29500000.0,11000000.0,paid
2022/23,Nott'm Forest,260166,Ui-jo Hwang,2022-08-26,G. Bordeaux,4000000.0,7000000.0,paid
2022/23,Nott'm Forest,476352,Renan Lodi,2022-08-29,Atlético,0.0,30000000.0,loan_in
2022/23,Nott'm Forest,142310,Willy Boly,2022-09-01,Wolves,2600000.0,6000000.0,paid
2022/23,Nott'm Forest,506470,Josh Bowler,2022-09-01,Blackpool,2300000.0,2000000.0,paid
2022/23,Nott'm Forest,730581,Loïc Badé,2022-09-01,Stade Rennais,0.0,12000000.0,loan_in
2022/23,Nott'm Forest,127032,Serge Aurier,2022-09-07,Without Club,,10000000.0,undisclosed
2022/23,Nott'm Forest,330085,Gustavo Scarpa,2023-01-01,Palmeiras,0.0,12000000.0,free
2022/23,Nott'm Forest,631996,Brandon Aguilera,2023-01-02,Guanacasteca,0.0,275000.0,loan_return
2022/23,Nott'm Forest,506470,Josh Bowler,2023-01-04,Olympiacos,0.0,2000000.0,loan_return
2022/23,Nott'm Forest,503988,Alex Mighten,2023-01-10,Sheff Wed,0.0,600000.0,loan_return
2022/23,Nott'm Forest,808509,Danilo,2023-01-16,Palmeiras,20000000.0,25000000.0,paid
2022/23,Nott'm Forest,108725,Chris Wood,2023-01-20,Newcastle,0.0,10000000.0,loan_in
2022/23,Nott'm Forest,71292,Jonjo Shelvey,2023-01-31,Newcastle,6500000.0,7000000.0,paid
2022/23,Nott'm Forest,79422,Keylor Navas,2023-01-31,PSG,0.0,5000000.0,loan_in
2022/23,Nott'm Forest,156501,Felipe,2023-01-31,Atlético Madrid,2300000.0,3000000.0,paid
2022/23,Nott'm Forest,260166,Ui-jo Hwang,2023-01-31,Olympiacos,0.0,5000000.0,loan_return
2022/23,Nott'm Forest,45403,André Ayew,2023-02-02,Al-Sadd,0.0,2200000.0,free
2022/23,Nott'm Forest,392777,Jonathan Panzo,2023-05-31,Coventry,0.0,3000000.0,loan_return
2022/23,Nott'm Forest,452707,Jordan Smith,2023-05-31,Huddersfield,0.0,300000.0,loan_return
2022/23,Nott'm Forest,506470,Josh Bowler,2023-05-31,Blackpool,0.0,2000000.0,loan_return
2022/23,Nott'm Forest,242284,Ethan Horvath,2023-06-30,Luton,0.0,1500000.0,loan_return
2022/23,Nott'm Forest,260166,Ui-jo Hwang,2023-06-30,FC Seoul,0.0,4800000.0,loan_return
2022/23,Nott'm Forest,417348,Richie Laryea,2023-06-30,Toronto,0.0,2500000.0,loan_return
2022/23,Nott'm Forest,463610,Loïc Mbe Soh,2023-06-30,Guingamp,0.0,2000000.0,loan_return
2022/23,Nott'm Forest,491596,Braian Ojeda,2023-06-30,Salt Lake,0.0,1500000.0,loan_return
2022/23,Nott'm Forest,631996,Brandon Aguilera,2023-06-30,Estoril U23,0.0,275000.0,loan_return
2022/23,Southampton,345437,Mateusz Lis,2022-07-01,Altay SK,0.0,900000.0,free
2022/23,Southampton,467563,Armel Bella-Kotchap,2022-07-01,VfL Bochum,12000000.0,10000000.0,paid
2022/23,Southampton,585550,Gavin Bazunu,2022-07-01,Man City U21,14000000.0,5000000.0,paid
2022/23,Southampton,628451,Roméo Lavia,2022-07-06,Man City U21,22260000.0,2000000.0,paid
2022/23,Southampton,468198,Joe Aribo,2022-07-09,Rangers,8200000.0,10000000.0,paid
2022/23,Southampton,557612,Sékou Mara,2022-07-25,G. Bordeaux,11500000.0,3000000.0,paid
2022/23,Southampton,238266,Duje Caleta-Car,2022-09-01,Marseille,8000000.0,16000000.0,paid
2022/23,Southampton,285845,Ainsley Maitland-Niles,2022-09-01,Arsenal,0.0,10000000.0,loan_in
2022/23,Southampton,646738,Juan Larios,2022-09-01,Man City U21,7000000.0,,paid
2022/23,Southampton,680806,Samuel Edozie,2022-09-01,Man City U21,8000000.0,800000.0,paid
2022/23,Southampton,119150,Mislav Orsic,2023-01-06,Dinamo Zagreb,5750000.0,10000000.0,paid
2022/23,Southampton,346482,Dan Nlundulu,2023-01-08,Cheltenham,0.0,1200000.0,loan_return
2022/23,Southampton,748319,Carlos Alcaraz,2023-01-11,Racing Club,13650000.0,8500000.0,paid
2022/23,Southampton,243028,Jan Bednarek,2023-01-23,Aston Villa,0.0,18000000.0,loan_return
2022/23,Southampton,324223,James Bree,2023-01-26,Luton,850000.0,3000000.0,paid
2022/23,Southampton,272855,Paul Onuachu,2023-01-31,Genk,18000000.0,15000000.0,paid
2022/23,Southampton,746695,Kamaldeen Sulemana,2023-01-31,Stade Rennais,25000000.0,18000000.0,paid
2022/23,Southampton,163744,Jack Stephens,2023-05-31,Bournemouth,0.0,5000000.0,loan_return
2022/23,Southampton,340322,Nathan Tella,2023-05-31,Burnley,0.0,12000000.0,loan_return
2022/23,Southampton,346482,Dan Nlundulu,2023-05-31,Bolton,0.0,900000.0,loan_return
2022/23,Southampton,444211,Will Smallbone,2023-05-31,Stoke City,0.0,2200000.0,loan_return
2022/23,Southampton,345437,Mateusz Lis,2023-06-30,Troyes,0.0,900000.0,loan_return
2022/23,Tottenham,42460,Ivan Perišić,2022-07-01,Inter,0.0,10000000.0,free
2022/23,Tottenham,52570,Fraser Forster,2022-07-01,Southampton,0.0,2000000.0,free
2022/23,Tottenham,378710,Richarlison,2022-07-01,Everton,58000000.0,48000000.0,paid
2022/23,Tottenham,410425,Yves Bissouma,2022-07-01,Brighton,29200000.0,35000000.0,paid
2022/23,Tottenham,182904,Clément Lenglet,2022-07-08,Barcelona,0.0,12000000.0,loan_in
2022/23,Tottenham,483348,Djed Spence,2022-07-19,Middlesbrough,14700000.0,8000000.0,paid
2022/23,Tottenham,556385,Destiny Udogie,2022-08-16,Udinese,18000000.0,17000000.0,paid
2022/23,Tottenham,355915,Cristian Romero,2022-08-30,Atalanta,53800000.0,48000000.0,paid
2022/23,Tottenham,282823,Alfie Whiteman,2022-12-31,Degerfors,0.0,500000.0,loan_return
2022/23,Tottenham,355861,Arnaut Danjuma,2023-01-25,Villarreal,0.0,35000000.0,loan_in
2022/23,Tottenham,553875,Pedro Porro,2023-01-31,Sporting,0.0,25000000.0,loan_in
2022/23,Tottenham,249126,Harry Winks,2023-06-30,Sampdoria,0.0,10000000.0,loan_return
2022/23,Tottenham,282429,Sergio Reguilón,2023-06-30,Atlético,0.0,10000000.0,loan_return
2022/23,Tottenham,297212,Joe Rodon,2023-06-30,Stade Rennais,0.0,7000000.0,loan_return
2022/23,Tottenham,348795,Giovani Lo Celso,2023-06-30,Villarreal,0.0,14000000.0,loan_return
2022/23,Tottenham,450936,Tanguy Ndombélé,2023-06-30,Napoli,0.0,22000000.0,loan_return
2022/23,Tottenham,483348,Djed Spence,2023-06-30,Stade Rennais,0.0,10000000.0,loan_return
2022/23,Tottenham,537382,Bryan Gil,2023-06-30,Sevilla FC,0.0,15000000.0,loan_return
2022/23,Tottenham,556385,Destiny Udogie,2023-06-30,Udinese,0.0,25000000.0,free
2022/23,West Ham,120629,Alphonse Areola,2022-07-01,PSG,9300000.0,8000000.0,paid
2022/23,West Ham,361914,Nayef Aguerd,2022-07-01,Stade Rennais,35000000.0,12000000.0,paid
2022/23,West Ham,431422,Nathan Trott,2022-07-01,West Ham U21,,500000.0,youth_promotion
2022/23,West Ham,506189,Flynn Downes,2022-07-07,Swansea,10650000.0,2000000.0,paid
2022/23,West Ham,315867,Gianluca Scamacca,2022-07-26,Sassuolo,38600000.0,30000000.0,paid
2022/23,West Ham,234781,Maxwel Cornet,2022-08-05,Burnley,20700000.0,15000000.0,paid
2022/23,West Ham,228948,Thilo Kehrer,2022-08-17,PSG,12000000.0,22000000.0,paid
2022/23,West Ham,181778,Emerson,2022-08-23,Chelsea,15400000.0,14000000.0,paid
2022/23,West Ham,444523,Lucas Paquetá,2022-08-29,Lyon,42950000.0,35000000.0,paid
2022/23,West Ham,134294,Danny Ings,2023-01-20,Aston Villa,12000000.0,16000000.0,paid
2022/23,West Ham,576099,Joseph Anang,2023-01-24,West Ham U21,,100000.0,youth_promotion
2022/23,West Ham,419025,Conor Coventry,2023-05-31,Rotherham,0.0,1500000.0,loan_return
2022/23,West Ham,181380,Arthur Masuaku,2023-06-30,Besiktas,0.0,6000000.0,loan_return
2022/23,West Ham,293200,Nikola Vlašić,2023-06-30,Torino,0.0,17000000.0,loan_return
2022/23,Wolves,292246,Hee-chan Hwang,2022-07-01,Leipzig,16700000.0,16000000.0,paid
2022/23,Wolves,503975,Joe Hodge,2022-07-01,Wolves U21,,,youth_promotion
2022/23,Wolves,614603,Chem Campbell,2022-07-01,Wolves U21,,,youth_promotion
2022/23,Wolves,698678,Hugo Bueno,2022-07-01,Wolves U21,,,youth_promotion
2022/23,Wolves,469050,Nathan Collins,2022-07-12,Burnley,24300000.0,10000000.0,paid
2022/23,Wolves,225122,Gonçalo Guedes,2022-08-08,Valencia,32600000.0,40000000.0,paid
2022/23,Wolves,601883,Matheus Nunes,2022-08-18,Sporting,47400000.0,35000000.0,paid
2022/23,Wolves,369567,Sasa Kalajdzic,2022-08-31,Stuttgart,18000000.0,25000000.0,paid
2022/23,Wolves,649020,Boubacar Traoré,2022-09-01,FC Metz,0.0,1800000.0,loan_in
2022/23,Wolves,606872,Leonardo Campana,2022-12-31,Miami,0.0,3000000.0,loan_return
2022/23,Wolves,517894,Matheus Cunha,2023-01-01,Atlético,0.0,20000000.0,loan_in
2022/23,Wolves,444641,Louie Moulden,2023-01-02,Solihull Moors,0.0,200000.0,loan_return
2022/23,Wolves,170934,Mario Lemina,2023-01-13,Nice,11000000.0,7000000.0,paid
2022/23,Wolves,74230,Pablo Sarabia,2023-01-17,PSG,5000000.0,20000000.0,paid
2022/23,Wolves,121477,Craig Dawson,2023-01-22,West Ham,3750000.0,2500000.0,paid
2022/23,Wolves,505653,Fábio Silva,2023-01-24,RSC Anderlecht,0.0,13000000.0,loan_return
2022/23,Wolves,136401,Daniel Bentley,2023-01-25,Bristol City,57000.0,1800000.0,paid
2022/23,Wolves,485583,Ki-Jana Hoever,2023-01-25,PSV,0.0,4000000.0,loan_return
2022/23,Wolves,735570,João Gomes,2023-01-30,Flamengo,18700000.0,15000000.0,paid
2022/23,Wolves,638571,Sang-bin Jeong,2023-03-17,Grasshoppers,0.0,850000.0,loan_return
2022/23,Wolves,485583,Ki-Jana Hoever,2023-05-31,Stoke City,0.0,4000000.0,loan_return
2022/23,Wolves,504581,Ryan Giles,2023-05-31,Middlesbrough,0.0,7000000.0,loan_return
2022/23,Wolves,532541,Luke Cundle,2023-05-31,Swansea,0.0,1000000.0,loan_return
2022/23,Wolves,614603,Chem Campbell,2023-05-31,Wycombe,0.0,1000000.0,loan_return
2022/23,Wolves,128901,Conor Coady,2023-06-30,Everton,0.0,12000000.0,loan_return
2022/23,Wolves,225122,Gonçalo Guedes,2023-06-30,Benfica,0.0,23000000.0,loan_return
2022/23,Wolves,262489,Hayao Kawabe,2023-06-30,Grasshoppers,0.0,2800000.0,loan_return
2022/23,Wolves,415646,Bruno Jordão,2023-06-30,Santa Clara,0.0,1300000.0,loan_return
2022/23,Wolves,439351,Bendegúz Bolla,2023-06-30,Grasshoppers,0.0,2700000.0,loan_return
2022/23,Wolves,505653,Fábio Silva,2023-06-30,PSV,0.0,13000000.0,loan_return
2023/24,Arsenal,309400,Kai Havertz,2023-07-01,Chelsea,75000000.0,55000000.0,paid
2023/24,Arsenal,420243,Jurriën Timber,2023-07-14,Ajax,40000000.0,42000000.0,paid
2023/24,Arsenal,357662,Declan Rice,2023-07-15,West Ham,116600000.0,90000000.0,paid
2023/24,Arsenal,262749,David Raya,2023-08-15,Brentford,0.0,30000000.0,loan_in
2023/24,Arsenal,668268,Marquinhos,2024-01-12,FC Nantes,0.0,7000000.0,loan_return
2023/24,Arsenal,205657,Rúnar Alex Rúnarsson,2024-01-31,Cardiff,0.0,800000.0,loan_return
2023/24,Arsenal,381967,Albert Sambi Lokonga,2024-05-31,Luton,0.0,15000000.0,loan_return
2023/24,Arsenal,503769,Arthur Okonkwo,2024-05-31,Wrexham,0.0,1800000.0,loan_return
2023/24,Arsenal,300716,Kieran Tierney,2024-06-30,Real Sociedad,0.0,12000000.0,loan_return
2023/24,Arsenal,535955,Nuno Tavares,2024-06-30,Nott'm Forest,0.0,15000000.0,loan_return
2023/24,Aston Villa,249565,Youri Tielemans,2023-07-01,Leicester,0.0,25000000.0,free
2023/24,Aston Villa,610863,Filip Marschall,2023-07-01,Aston Villa U21,,,youth_promotion
2023/24,Aston Villa,399776,Pau Torres,2023-07-12,Villarreal,33000000.0,45000000.0,paid
2023/24,Aston Villa,395516,Moussa Diaby,2023-07-22,Leverkusen,55000000.0,50000000.0,paid
2023/24,Aston Villa,392085,Nicolò Zaniolo,2023-08-18,Galatasaray,0.0,27000000.0,loan_in
2023/24,Aston Villa,182904,Clément Lenglet,2023-09-01,Barcelona,0.0,10000000.0,loan_in
2023/24,Aston Villa,626888,Kaine Kesler-Hayden,2024-01-15,Aston Villa U21,,2200000.0,youth_promotion
2023/24,Aston Villa,848682,Kosta Nedeljkovic,2024-01-22,Red Star,7600000.0,2500000.0,paid
2023/24,Aston Villa,503743,Morgan Rogers,2024-02-01,Middlesbrough,9400000.0,2800000.0,paid
2023/24,Aston Villa,591844,Joe Gauci,2024-02-01,Adelaide United,1500000.0,550000.0,paid
2023/24,Aston Villa,743414,Lino Sousa,2024-02-01,Arsenal U21,,2000000.0,undisclosed
2023/24,Aston Villa,484838,Viljami Sinisalo,2024-05-31,Exeter City,0.0,600000.0,loan_return
2023/24,Aston Villa,610863,Filip Marschall,2024-05-31,MK Dons,0.0,800000.0,loan_return
2023/24,Aston Villa,743414,Lino Sousa,2024-05-31,Plymouth,0.0,2000000.0,loan_return
2023/24,Aston Villa,80444,Philippe Coutinho,2024-06-30,Al-Duhail SC,0.0,7500000.0,loan_return
2023/24,Aston Villa,168157,Leander Dendoncker,2024-06-30,Napoli,0.0,7000000.0,loan_return
2023/24,Aston Villa,174094,Morgan Sanson,2024-06-30,Nice,0.0,8000000.0,loan_return
2023/24,Aston Villa,848682,Kosta Nedeljkovic,2024-06-30,Red Star,0.0,8000000.0,loan_return
2023/24,Bournemouth,330659,Justin Kluivert,2023-07-01,Roma,10800000.0,14000000.0,paid
2023/24,Bournemouth,391065,Hamed Traoré,2023-07-01,Sassuolo,25620000.0,22000000.0,paid
2023/24,Bournemouth,555076,Romain Faivre,2023-07-13,Lyon,15000000.0,10000000.0,paid
2023/24,Bournemouth,730861,Milos Kerkez,2023-07-20,AZ Alkmaar,20470000.0,15000000.0,paid
2023/24,Bournemouth,303657,Ionuț Radu,2023-07-27,Inter,0.0,3500000.0,loan_in
2023/24,Bournemouth,471690,Max Aarons,2023-08-10,Norwich,8100000.0,16000000.0,paid
2023/24,Bournemouth,855256,Alex Scott,2023-08-10,Bristol City,23000000.0,20000000.0,paid
2023/24,Bournemouth,332705,Tyler Adams,2023-08-20,Leeds,26900000.0,18000000.0,paid
2023/24,Bournemouth,512385,Luis Sinisterra,2023-09-01,Leeds,0.0,22000000.0,loan_in
2023/24,Bournemouth,357658,Mark Travers,2023-10-27,Stoke City,0.0,3500000.0,loan_return
2023/24,Bournemouth,611793,James Hill,2024-01-10,Blackburn,0.0,2000000.0,loan_return
2023/24,Bournemouth,555076,Romain Faivre,2024-01-31,FC Lorient,0.0,15000000.0,loan_return
2023/24,Bournemouth,251106,Enes Ünal,2024-02-01,Getafe,0.0,25000000.0,loan_in
2023/24,Bournemouth,183293,Joe Rothwell,2024-05-31,Southampton,0.0,2500000.0,loan_return
2023/24,Bournemouth,232964,Emiliano Marcondes,2024-05-31,Hibernian FC,0.0,1500000.0,loan_return
2023/24,Bournemouth,239949,Jamal Lowe,2024-05-31,Swansea,0.0,1500000.0,loan_return
2023/24,Bournemouth,275590,Kieffer Moore,2024-05-31,Ipswich,0.0,2000000.0,loan_return
2023/24,Bournemouth,277033,David Brooks,2024-05-31,Southampton,0.0,8000000.0,loan_return
2023/24,Bournemouth,469064,Gavin Kilkenny,2024-05-31,Fleetwood,0.0,300000.0,loan_return
2023/24,Bournemouth,582078,Will Dennis,2024-05-31,Kilmarnock FC,0.0,350000.0,loan_return
2023/24,Bournemouth,391065,Hamed Traoré,2024-06-30,Napoli,0.0,17000000.0,loan_return
2023/24,Bournemouth,684210,Jaidon Anthony,2024-06-30,Leeds,0.0,6000000.0,loan_return
2023/24,Brentford,125714,Mark Flekken,2023-07-01,Freiburg,13000000.0,10000000.0,paid
2023/24,Brentford,473050,Kevin Schade,2023-07-01,Freiburg,25000000.0,25000000.0,paid
2023/24,Brentford,717411,Yegor Yarmolyuk,2023-07-01,Brentford B,,400000.0,undisclosed
2023/24,Brentford,874538,Ryan Trevitt,2023-07-01,Brentford B,,100000.0,undisclosed
2023/24,Brentford,469050,Nathan Collins,2023-07-04,Wolves,26850000.0,22000000.0,paid
2023/24,Brentford,217115,Neal Maupay,2023-09-01,Everton,0.0,10000000.0,loan_in
2023/24,Brentford,874538,Ryan Trevitt,2024-01-08,Exeter City,0.0,275000.0,loan_return
2023/24,Brentford,1141628,Yunus Konak,2024-01-11,Sivasspor,4500000.0,1800000.0,paid
2023/24,Brentford,282429,Sergio Reguilón,2024-01-17,Tottenham,0.0,10000000.0,loan_in
2023/24,Brentford,488935,Hákon Valdimarsson,2024-01-26,Elfsborg,3000000.0,1800000.0,paid
2023/24,Brentford,376856,Charlie Goode,2024-05-31,Wigan,0.0,500000.0,loan_return
2023/24,Brentford,470596,Paris Maghoma,2024-05-31,Bolton,0.0,350000.0,loan_return
2023/24,Brentford,587002,Myles Peart-Harris,2024-05-31,Portsmouth,0.0,700000.0,loan_return
2023/24,Brentford,587019,Fin Stevens,2024-05-31,Oxford United,0.0,450000.0,loan_return
2023/24,Brentford,741236,Matthew Cox,2024-05-31,Bristol Rovers,0.0,800000.0,loan_return
2023/24,Brentford,262749,David Raya,2024-06-30,Arsenal,0.0,35000000.0,loan_return
2023/24,Brighton,3333,James Milner,2023-07-01,Liverpool,0.0,1500000.0,free
2023/24,Brighton,191422,Mahmoud Dahoud,2023-07-01,Dortmund,0.0,12000000.0,free
2023/24,Brighton,405686,Reda Khadra,2023-07-01,Brighton U21,,1400000.0,youth_promotion
2023/24,Brighton,463751,Marc Leonard,2023-07-01,Brighton U21,,300000.0,youth_promotion
2023/24,Brighton,520651,Jensen Weir,2023-07-01,Brighton U21,,450000.0,youth_promotion
2023/24,Brighton,626724,João Pedro,2023-07-01,Watford,34200000.0,32000000.0,paid
2023/24,Brighton,646353,Carl Rushworth,2023-07-01,Brighton U21,,900000.0,youth_promotion
2023/24,Brighton,867688,Jack Hinshelwood,2023-07-01,Brighton U21,,,youth_promotion
2023/24,Brighton,565093,Bart Verbruggen,2023-07-03,RSC Anderlecht,20000000.0,10000000.0,paid
2023/24,Brighton,380350,Igor Julio,2023-07-26,Fiorentina,16500000.0,10000000.0,paid
2023/24,Brighton,973085,Carlos Baleba,2023-08-29,Lille,27000000.0,5000000.0,paid
2023/24,Brighton,466810,Ansu Fati,2023-09-01,Barcelona,0.0,35000000.0,loan_in
2023/24,Brighton,520651,Jensen Weir,2024-01-01,Blackpool,0.0,300000.0,loan_return
2023/24,Brighton,568005,Jeremy Sarmiento,2024-01-01,West Brom,0.0,4000000.0,loan_return
2023/24,Brighton,667287,Yasin Ayari,2024-01-04,Coventry,0.0,5000000.0,loan_return
2023/24,Brighton,849410,Valentín Barco,2024-01-20,Boca Juniors,9150000.0,13000000.0,paid
2023/24,Brighton,463751,Marc Leonard,2024-05-31,Northampton,0.0,450000.0,loan_return
2023/24,Brighton,520651,Jensen Weir,2024-05-31,Port Vale,0.0,300000.0,loan_return
2023/24,Brighton,568005,Jeremy Sarmiento,2024-05-31,Ipswich,0.0,4500000.0,loan_return
2023/24,Brighton,646353,Carl Rushworth,2024-05-31,Swansea,0.0,3000000.0,loan_return
2023/24,Brighton,667287,Yasin Ayari,2024-05-31,Blackburn,0.0,4500000.0,loan_return
2023/24,Brighton,776798,Abdallah Sima,2024-05-31,Rangers,0.0,7500000.0,loan_return
2023/24,Brighton,191422,Mahmoud Dahoud,2024-06-30,Stuttgart,0.0,6000000.0,loan_return
2023/24,Brighton,339314,Deniz Undav,2024-06-30,Stuttgart,0.0,25000000.0,loan_return
2023/24,Brighton,476237,Steven Alzate,2024-06-30,Standard Liège,0.0,4000000.0,loan_return
2023/24,Brighton,554284,Kacper Kozlowski,2024-06-30,Vitesse,0.0,5000000.0,loan_return
2023/24,Burnley,243591,Lawrence Vigouroux,2023-07-01,Leyton Orient,0.0,300000.0,free
2023/24,Burnley,401320,Dara O'Shea,2023-07-01,West Brom,7800000.0,5000000.0,paid
2023/24,Burnley,403898,Jordan Beyer,2023-07-01,Mönchengladbach,15000000.0,16000000.0,paid
2023/24,Burnley,444208,Michael Obafemi,2023-07-01,Swansea,4000000.0,5000000.0,paid
2023/24,Burnley,548729,Zeki Amdouni,2023-07-19,Basel,18600000.0,10000000.0,paid
2023/24,Burnley,566799,James Trafford,2023-07-20,Man City,17300000.0,15000000.0,paid
2023/24,Burnley,129078,Nathan Redmond,2023-07-21,Besiktas,0.0,10000000.0,free
2023/24,Burnley,745461,Luca Koleosho,2023-07-25,RCD Espanyol B,3000000.0,1000000.0,paid
2023/24,Burnley,293281,Jacob Bruun Larsen,2023-07-27,Hoffenheim,0.0,3000000.0,loan_in
2023/24,Burnley,333014,Sander Berge,2023-08-09,Sheff Utd,13900000.0,20000000.0,paid
2023/24,Burnley,743498,Wilson Odobert,2023-08-12,Troyes,12000000.0,6000000.0,paid
2023/24,Burnley,338635,Hannes Delcroix,2023-08-22,RSC Anderlecht,3000000.0,2000000.0,paid
2023/24,Burnley,646658,Aaron Ramsey,2023-08-22,Aston Villa U21,16450000.0,5000000.0,paid
2023/24,Burnley,536508,Han-Noah Massengo,2023-08-31,Bristol City,0.0,5000000.0,free
2023/24,Burnley,381963,Mike Tresor,2023-09-01,Genk,0.0,15000000.0,loan_in
2023/24,Burnley,614700,Dara Costelloe,2023-12-31,St. Johnstone,0.0,325000.0,loan_return
2023/24,Burnley,787232,David Datro Fofana,2024-01-13,Chelsea,0.0,8000000.0,loan_in
2023/24,Burnley,433818,Scott Twine,2024-01-14,Hull City,0.0,3000000.0,loan_return
2023/24,Burnley,711969,Lorenz Assignon,2024-02-01,Stade Rennais,0.0,10000000.0,loan_in
2023/24,Burnley,842341,Maxime Estève,2024-02-01,Montpellier,0.0,7000000.0,loan_in
2023/24,Burnley,214666,Connor Roberts,2024-05-31,Leeds,0.0,7000000.0,loan_return
2023/24,Burnley,433818,Scott Twine,2024-05-31,Bristol City,0.0,3000000.0,loan_return
2023/24,Burnley,444208,Michael Obafemi,2024-05-31,Millwall,0.0,2200000.0,loan_return
2023/24,Burnley,491296,Anass Zaroury,2024-05-31,Hull City,0.0,9000000.0,loan_return
2023/24,Burnley,535927,Luke McNally,2024-05-31,Stoke City,0.0,3800000.0,loan_return
2023/24,Burnley,614700,Dara Costelloe,2024-05-31,Dundee FC,0.0,325000.0,loan_return
2023/24,Burnley,228645,Wout Weghorst,2024-06-30,Hoffenheim,0.0,6000000.0,loan_return
2023/24,Burnley,289510,Samuel Bastien,2024-06-30,Kasimpasa,0.0,1100000.0,loan_return
2023/24,Burnley,386786,Darko Churlinov,2024-06-30,FC Schalke 04,0.0,1500000.0,loan_return
2023/24,Burnley,410436,Bailey Peacock-Farrell,2024-06-30,Aarhus GF,0.0,1200000.0,loan_return
2023/24,Burnley,581669,CJ Egan-Riley,2024-06-30,PSV U21,0.0,1500000.0,loan_return
2023/24,Chelsea,344381,Christopher Nkunku,2023-07-01,Leipzig,60000000.0,80000000.0,paid
2023/24,Chelsea,485585,Ian Maatsen,2023-07-01,Chelsea U21,,12000000.0,youth_promotion
2023/24,Chelsea,490606,Lucas Bergström,2023-07-01,Chelsea U21,,250000.0,youth_promotion
2023/24,Chelsea,655006,Diego Moreira,2023-07-01,Benfica B,0.0,2000000.0,free
2023/24,Chelsea,670858,Lewis Hall,2023-07-01,Chelsea U21,,10000000.0,youth_promotion
2023/24,Chelsea,741238,Omari Hutchinson,2023-07-01,Chelsea U21,,1000000.0,youth_promotion
2023/24,Chelsea,776890,Nicolas Jackson,2023-07-01,Villarreal,37000000.0,30000000.0,paid
2023/24,Chelsea,743598,Ângelo,2023-07-16,Santos,15000000.0,13000000.0,paid
2023/24,Chelsea,711999,Lesley Ugochukwu,2023-08-01,Stade Rennais,27000000.0,9000000.0,paid
2023/24,Chelsea,386047,Axel Disasi,2023-08-04,Monaco,45000000.0,30000000.0,paid
2023/24,Chelsea,403151,Robert Sánchez,2023-08-05,Brighton,23000000.0,22000000.0,paid
2023/24,Chelsea,687626,Moisés Caicedo,2023-08-14,Brighton,116000000.0,75000000.0,paid
2023/24,Chelsea,628451,Roméo Lavia,2023-08-18,Southampton,62100000.0,32000000.0,paid
2023/24,Chelsea,1082850,Deivid Washington,2023-08-24,Santos,16000000.0,4000000.0,paid
2023/24,Chelsea,465555,Djordje Petrovic,2023-08-26,New England,16000000.0,6000000.0,paid
2023/24,Chelsea,568177,Cole Palmer,2023-09-01,Man City,47000000.0,18000000.0,paid
2023/24,Chelsea,790992,Alfie Gilchrist,2024-01-01,Chelsea U21,,300000.0,youth_promotion
2023/24,Chelsea,743600,Andrey Santos,2024-01-03,Nott'm Forest,0.0,14000000.0,loan_return
2023/24,Chelsea,787232,David Datro Fofana,2024-01-11,Union Berlin,0.0,8000000.0,loan_return
2023/24,Chelsea,622380,Cesare Casadei,2024-01-19,Leicester,0.0,10000000.0,loan_return
2023/24,Chelsea,655006,Diego Moreira,2024-01-22,Lyon,0.0,3000000.0,loan_return
2023/24,Chelsea,787232,David Datro Fofana,2024-05-31,Burnley,0.0,12000000.0,loan_return
2023/24,Chelsea,490606,Lucas Bergström,2024-06-18,Brommapojkarna,0.0,700000.0,loan_return
2023/24,Chelsea,96341,Romelu Lukaku,2024-06-30,Roma,0.0,30000000.0,loan_return
2023/24,Chelsea,192279,Kepa Arrizabalaga,2024-06-30,Real Madrid,0.0,12000000.0,loan_return
2023/24,Chelsea,217111,Hakim Ziyech,2024-06-30,Galatasaray,0.0,9000000.0,loan_return
2023/24,Chelsea,485585,Ian Maatsen,2024-06-30,Dortmund,0.0,40000000.0,loan_return
2023/24,Chelsea,571743,Armando Broja,2024-06-30,Fulham,0.0,22000000.0,loan_return
2023/24,Chelsea,656316,Gabriel Slonina,2024-06-30,KAS Eupen,0.0,4000000.0,loan_return
2023/24,Chelsea,670858,Lewis Hall,2024-06-30,Newcastle,0.0,18000000.0,loan_return
2023/24,Chelsea,741238,Omari Hutchinson,2024-06-30,Ipswich,0.0,7000000.0,loan_return
2023/24,Chelsea,743598,Ângelo,2024-06-30,R. Strasbourg,0.0,15000000.0,loan_return
2023/24,Crystal Palace,262980,Jefferson Lerma,2023-07-01,Bournemouth,0.0,20000000.0,free
2023/24,Crystal Palace,743597,Matheus França,2023-08-05,Flamengo,20000000.0,9000000.0,paid
2023/24,Crystal Palace,258919,Dean Henderson,2023-08-31,Man Utd,17500000.0,18000000.0,paid
2023/24,Crystal Palace,253341,Rob Holding,2023-09-01,Arsenal,1200000.0,8000000.0,paid
2023/24,Crystal Palace,865993,David Ozoh,2024-01-01,Palace U21,,700000.0,undisclosed
2023/24,Crystal Palace,586986,Luke Plange,2024-01-04,Carlisle United,0.0,1200000.0,loan_return
2023/24,Crystal Palace,493003,Daniel Muñoz,2024-01-30,Genk,8000000.0,10000000.0,paid
2023/24,Crystal Palace,744149,Adam Wharton,2024-02-01,Blackburn,21100000.0,10000000.0,paid
2023/24,Crystal Palace,512354,Malcolm Ebiowei,2024-06-30,RWDM,0.0,1500000.0,loan_return
2023/24,Everton,627248,Lewis Dobbin,2023-07-01,Everton U21,,900000.0,youth_promotion
2023/24,Everton,14086,Ashley Young,2023-07-13,Aston Villa,0.0,600000.0,free
2023/24,Everton,355861,Arnaut Danjuma,2023-07-23,Villarreal,0.0,25000000.0,loan_in
2023/24,Everton,670688,Youssef Chermiti,2023-08-11,Sporting,12500000.0,3000000.0,paid
2023/24,Everton,417346,Jack Harrison,2023-08-14,Leeds,0.0,22000000.0,loan_in
2023/24,Everton,595809,Beto,2023-08-29,Udinese,25000000.0,25000000.0,paid
2023/24,Everton,348623,Mason Holgate,2024-01-31,Southampton,0.0,5000000.0,loan_return
2023/24,Everton,348623,Mason Holgate,2024-05-31,Sheff Utd,0.0,5000000.0,loan_return
2023/24,Everton,217115,Neal Maupay,2024-06-30,Brentford,0.0,12000000.0,loan_return
2023/24,Fulham,696346,Jay Stansfield,2023-07-01,Fulham U21,,1200000.0,youth_promotion
2023/24,Fulham,206040,Raúl Jiménez,2023-07-25,Wolves,6400000.0,6000000.0,paid
2023/24,Fulham,461883,Calvin Bassey,2023-07-28,Ajax,22500000.0,15000000.0,paid
2023/24,Fulham,204103,Adama Traoré,2023-08-12,Wolves,0.0,10000000.0,free
2023/24,Fulham,262226,Timothy Castagne,2023-08-29,Leicester,13000000.0,25000000.0,paid
2023/24,Fulham,381469,Steven Benda,2023-08-30,Swansea,870000.0,400000.0,paid
2023/24,Fulham,242631,Alex Iwobi,2023-09-01,Everton,25700000.0,28000000.0,paid
2023/24,Fulham,296422,Fodé Ballo-Touré,2023-09-01,AC Milan,0.0,3500000.0,loan_in
2023/24,Fulham,571743,Armando Broja,2024-02-01,Chelsea,0.0,28000000.0,loan_in
2023/24,Fulham,696346,Jay Stansfield,2024-05-31,Birmingham,0.0,3500000.0,loan_return
2023/24,Fulham,183321,Kevin Mbabu,2024-06-30,Augsburg,0.0,4000000.0,loan_return
2023/24,Fulham,525287,Carlos Vinícius,2024-06-30,Galatasaray,0.0,4000000.0,loan_return
2023/24,Fulham,528888,Tyrese Francois,2024-06-30,Vejle BK,0.0,600000.0,loan_return
2023/24,Liverpool,534033,Alexis Mac Allister,2023-07-01,Brighton,42000000.0,65000000.0,paid
2023/24,Liverpool,624258,Conor Bradley,2023-07-01,Liverpool U21,,1500000.0,youth_promotion
2023/24,Liverpool,632349,Jarell Quansah,2023-07-01,Liverpool U21,,400000.0,youth_promotion
2023/24,Liverpool,719673,Ben Gannon-Doak,2023-07-01,Liverpool U18,,,youth_promotion
2023/24,Liverpool,451276,Dominik Szoboszlai,2023-07-02,Leipzig,70000000.0,50000000.0,paid
2023/24,Liverpool,146310,Wataru Endo,2023-08-18,Stuttgart,20000000.0,6500000.0,paid
2023/24,Liverpool,478573,Ryan Gravenberch,2023-09-01,Bayern Munich,40000000.0,30000000.0,paid
2023/24,Liverpool,559263,Fábio Carvalho,2023-12-31,Leipzig,0.0,14000000.0,loan_return
2023/24,Liverpool,371814,Nathaniel Phillips,2024-01-03,Celtic,0.0,4000000.0,loan_return
2023/24,Liverpool,503679,Rhys Williams,2024-01-03,Aberdeen FC,0.0,1800000.0,loan_return
2023/24,Liverpool,503679,Rhys Williams,2024-02-01,Port Vale,0.0,1800000.0,loan_return
2023/24,Liverpool,371814,Nathaniel Phillips,2024-05-31,Cardiff,0.0,3500000.0,loan_return
2023/24,Liverpool,486604,Vitezslav Jaros,2024-06-30,Sturm Graz,0.0,5000000.0,loan_return
2023/24,Liverpool,541231,Sepp van den Berg,2024-06-30,Mainz,0.0,12000000.0,loan_return
2023/24,Liverpool,559263,Fábio Carvalho,2024-06-30,Hull City,0.0,14000000.0,loan_return
2023/24,Liverpool,662334,Marcelo Pitaluga,2024-06-30,St. Pat's,0.0,300000.0,loan_return
2023/24,Luton,392591,Chiedozie Ogbene,2023-07-01,Rotherham,0.0,2000000.0,free
2023/24,Luton,407021,Mads Andersen,2023-07-03,Barnsley FC,3500000.0,2000000.0,paid
2023/24,Luton,344830,Tahith Chong,2023-07-14,Birmingham,4700000.0,3200000.0,paid
2023/24,Luton,324882,Marvelous Nakamba,2023-07-20,Aston Villa,2900000.0,4000000.0,paid
2023/24,Luton,649452,Issa Kaboré,2023-07-21,Man City,0.0,7000000.0,loan_in
2023/24,Luton,504581,Ryan Giles,2023-07-28,Wolves,5850000.0,9000000.0,paid
2023/24,Luton,77757,Thomas Kaminski,2023-08-03,Blackburn,2900000.0,2200000.0,paid
2023/24,Luton,131978,Ross Barkley,2023-08-09,Nice,0.0,6000000.0,free
2023/24,Luton,469958,Jacob Brown,2023-08-10,Stoke City,2900000.0,6000000.0,paid
2023/24,Luton,33027,Tim Krul,2023-08-17,Norwich,,600000.0,undisclosed
2023/24,Luton,548470,Teden Mengi,2023-08-31,Man Utd,,2000000.0,undisclosed
2023/24,Luton,381967,Albert Sambi Lokonga,2023-09-01,Arsenal,0.0,15000000.0,loan_in
2023/24,Luton,61842,Andros Townsend,2023-10-11,Without Club,,1500000.0,undisclosed
2023/24,Luton,944551,Joe Taylor,2024-01-02,Colchester Utd.,0.0,350000.0,loan_return
2023/24,Luton,496661,Elliot Thorpe,2024-01-08,Shrewsbury,0.0,200000.0,loan_return
2023/24,Luton,499604,Dion Pereira,2024-01-09,Sutton Utd,0.0,175000.0,loan_return
2023/24,Luton,305274,Fred Onyedinma,2024-01-10,Rotherham,0.0,500000.0,loan_return
2023/24,Luton,424900,Tom Holmes,2024-01-17,Reading,1150000.0,3500000.0,paid
2023/24,Luton,387191,Daiki Hashioka,2024-01-30,Sint-Truiden,2000000.0,2000000.0,paid
2023/24,Luton,368629,Jack Walton,2024-05-08,Dundee United,0.0,400000.0,loan_return
2023/24,Luton,314378,Admiral Muskwe,2024-05-31,Exeter City,0.0,275000.0,loan_return
2023/24,Luton,347619,Allan Campbell,2024-05-31,Millwall,0.0,2000000.0,loan_return
2023/24,Luton,424900,Tom Holmes,2024-05-31,Reading,0.0,3500000.0,loan_return
2023/24,Luton,499604,Dion Pereira,2024-05-31,Dag & Red FC,0.0,175000.0,loan_return
2023/24,Luton,504581,Ryan Giles,2024-05-31,Hull City,0.0,4500000.0,loan_return
2023/24,Luton,504855,John McAtee,2024-05-31,Barnsley FC,0.0,300000.0,loan_return
2023/24,Luton,505548,Louie Watson,2024-05-31,Charlton,0.0,250000.0,loan_return
2023/24,Luton,944551,Joe Taylor,2024-05-31,Lincoln City,0.0,350000.0,loan_return
2023/24,Man City,51471,Mateo Kovacic,2023-07-01,Chelsea,29100000.0,38000000.0,paid
2023/24,Man City,433183,Tommy Doyle,2023-07-01,Man City U21,,7000000.0,youth_promotion
2023/24,Man City,566799,James Trafford,2023-07-01,Man City U21,,2500000.0,youth_promotion
2023/24,Man City,583199,James McAtee,2023-07-01,Man City U21,,12000000.0,youth_promotion
2023/24,Man City,661207,Oscar Bobb,2023-07-01,Man City U21,,,youth_promotion
2023/24,Man City,475959,Josko Gvardiol,2023-08-05,Leipzig,90000000.0,75000000.0,paid
2023/24,Man City,486049,Jérémy Doku,2023-08-24,Stade Rennais,60000000.0,28000000.0,paid
2023/24,Man City,601883,Matheus Nunes,2023-09-01,Wolves,62000000.0,45000000.0,paid
2023/24,Man City,505652,Slobodan Tedic,2024-01-05,Charlton,0.0,500000.0,loan_return
2023/24,Man City,994536,Claudio Echeverri,2024-01-25,River Plate,18500000.0,12000000.0,paid
2023/24,Man City,576121,Josh Wilson-Esbrand,2024-01-31,Stade Reims,0.0,2000000.0,loan_return
2023/24,Man City,433183,Tommy Doyle,2024-05-31,Wolves,0.0,10000000.0,loan_return
2023/24,Man City,503977,Taylor Harwood-Bellis,2024-05-31,Southampton,0.0,22000000.0,loan_return
2023/24,Man City,583199,James McAtee,2024-05-31,Sheff Utd,0.0,12000000.0,loan_return
2023/24,Man City,649452,Issa Kaboré,2024-05-31,Luton,0.0,10000000.0,loan_return
2023/24,Man City,182712,João Cancelo,2024-06-30,Barcelona,0.0,25000000.0,loan_return
2023/24,Man City,351749,Kalvin Phillips,2024-06-30,West Ham,0.0,25000000.0,loan_return
2023/24,Man City,576121,Josh Wilson-Esbrand,2024-06-30,Cardiff,0.0,4000000.0,loan_return
2023/24,Man City,627228,Yan Couto,2024-06-30,Girona,0.0,25000000.0,loan_return
2023/24,Man City,668547,Máximo Perrone,2024-06-30,UD Las Palmas,0.0,9000000.0,loan_return
2023/24,Man United,747153,Dan Gore,2023-07-01,Man Utd U21,,,youth_promotion
2023/24,Man United,346483,Mason Mount,2023-07-05,Chelsea,67700000.0,60000000.0,paid
2023/24,Man United,42412,Jonny Evans,2023-07-18,Leicester,0.0,2000000.0,free
2023/24,Man United,234509,André Onana,2023-07-20,Inter,50200000.0,35000000.0,paid
2023/24,Man United,610442,Rasmus Højlund,2023-08-05,Atalanta,79800000.0,45000000.0,paid
2023/24,Man United,282429,Sergio Reguilón,2023-09-01,Tottenham,0.0,10000000.0,loan_in
2023/24,Man United,287579,Sofyan Amrabat,2023-09-01,Fiorentina,0.0,30000000.0,loan_in
2023/24,Man United,336077,Altay Bayındır,2023-09-01,Fenerbahçe,5000000.0,11000000.0,paid
2023/24,Man United,670845,Omari Forson,2024-01-01,Man Utd U21,,1000000.0,youth_promotion
2023/24,Man United,780630,Willy Kambwala,2024-01-01,Man Utd U21,,2000000.0,youth_promotion
2023/24,Man United,811778,Álvaro Carreras,2024-01-14,Granada CF,0.0,7000000.0,loan_return
2023/24,Man United,507700,Brandon Williams,2024-05-31,Ipswich,0.0,2500000.0,loan_return
2023/24,Man United,747153,Dan Gore,2024-05-31,Port Vale,0.0,900000.0,loan_return
2023/24,Man United,288255,Donny van de Beek,2024-06-30,Frankfurt,0.0,5000000.0,loan_return
2023/24,Man United,401173,Jadon Sancho,2024-06-30,Dortmund,0.0,30000000.0,loan_return
2023/24,Man United,532826,Mason Greenwood,2024-06-30,Getafe,0.0,25000000.0,loan_return
2023/24,Man United,607224,Hannibal,2024-06-30,Sevilla FC,0.0,9000000.0,loan_return
2023/24,Man United,676318,Facundo Pellistri,2024-06-30,Granada CF,0.0,8000000.0,loan_return
2023/24,Man United,811778,Álvaro Carreras,2024-06-30,Benfica,0.0,7000000.0,loan_return
2023/24,Newcastle,614811,Joe White,2023-07-01,Newcastle U21,,250000.0,youth_promotion
2023/24,Newcastle,922769,Lewis Miley,2023-07-01,Newcastle U21,,,youth_promotion
2023/24,Newcastle,1012534,Yankuba Minteh,2023-07-01,Odense BK,8000000.0,2000000.0,paid
2023/24,Newcastle,397033,Sandro Tonali,2023-07-03,AC Milan,60800000.0,50000000.0,paid
2023/24,Newcastle,398065,Harvey Barnes,2023-07-23,Leicester,44000000.0,35000000.0,paid
2023/24,Newcastle,503981,Tino Livramento,2023-08-08,Southampton,37200000.0,25000000.0,paid
2023/24,Newcastle,670858,Lewis Hall,2023-08-22,Chelsea,0.0,10000000.0,loan_in
2023/24,Newcastle,206225,Isaac Hayden,2024-01-11,Standard Liège,0.0,3000000.0,loan_return
2023/24,Newcastle,614811,Joe White,2024-01-14,Crewe Alexandra,0.0,300000.0,loan_return
2023/24,Newcastle,146795,Ryan Fraser,2024-05-31,Southampton,0.0,3000000.0,loan_return
2023/24,Newcastle,148262,Jeff Hendrick,2024-05-31,Sheff Wed,0.0,500000.0,loan_return
2023/24,Newcastle,346018,Jamal Lewis,2024-05-31,Watford,0.0,3500000.0,loan_return
2023/24,Newcastle,484389,Kell Watts,2024-05-31,Wigan,0.0,250000.0,loan_return
2023/24,Newcastle,206225,Isaac Hayden,2024-06-30,QPR,0.0,1800000.0,loan_return
2023/24,Newcastle,1012534,Yankuba Minteh,2024-06-30,Feyenoord,0.0,16000000.0,loan_return
2023/24,Nott'm Forest,108725,Chris Wood,2023-07-01,Newcastle,17000000.0,8000000.0,paid
2023/24,Nott'm Forest,560694,Lewis O'Brien,2023-07-16,D.C. United,0.0,8000000.0,loan_return
2023/24,Nott'm Forest,236490,Ola Aina,2023-07-22,Torino,0.0,3500000.0,free
2023/24,Nott'm Forest,583189,Anthony Elanga,2023-07-25,Man Utd,22930000.0,18000000.0,paid
2023/24,Nott'm Forest,425306,Matt Turner,2023-08-09,Arsenal,8150000.0,8000000.0,paid
2023/24,Nott'm Forest,402733,Gonzalo Montiel,2023-08-23,Sevilla FC,0.0,12000000.0,loan_in
2023/24,Nott'm Forest,743600,Andrey Santos,2023-08-25,Chelsea,0.0,15000000.0,loan_in
2023/24,Nott'm Forest,1005649,Murillo,2023-08-31,Corinthians,12000000.0,3500000.0,paid
2023/24,Nott'm Forest,124419,Odysseas Vlachodimos,2023-09-01,Benfica,4900000.0,16000000.0,paid
2023/24,Nott'm Forest,148368,Divock Origi,2023-09-01,AC Milan,0.0,6000000.0,loan_in
2023/24,Nott'm Forest,375885,Ibrahim Sangaré,2023-09-01,PSV,35000000.0,35000000.0,paid
2023/24,Nott'm Forest,392768,Callum Hudson-Odoi,2023-09-01,Chelsea,3500000.0,15000000.0,paid
2023/24,Nott'm Forest,497291,Nicolás Domínguez,2023-09-01,Bologna,6650000.0,17000000.0,paid
2023/24,Nott'm Forest,535955,Nuno Tavares,2023-09-01,Arsenal,0.0,18000000.0,loan_in
2023/24,Nott'm Forest,621993,Andrew Omobamidele,2023-09-01,Norwich,12850000.0,6000000.0,paid
2023/24,Nott'm Forest,330085,Gustavo Scarpa,2023-12-31,Olympiacos,0.0,6000000.0,loan_return
2023/24,Nott'm Forest,417348,Richie Laryea,2023-12-31,Vancouver,0.0,2500000.0,loan_return
2023/24,Nott'm Forest,260166,Ui-jo Hwang,2024-01-09,Norwich,0.0,3000000.0,loan_return
2023/24,Nott'm Forest,503988,Alex Mighten,2024-01-09,KV Kortrijk,0.0,600000.0,loan_return
2023/24,Nott'm Forest,392777,Jonathan Panzo,2024-01-15,Cardiff,0.0,1200000.0,loan_return
2023/24,Nott'm Forest,448854,Emmanuel Dennis,2024-01-23,Basaksehir,0.0,5500000.0,loan_return
2023/24,Nott'm Forest,504215,Giovanni Reyna,2024-01-31,Dortmund,0.0,20000000.0,loan_in
2023/24,Nott'm Forest,127202,Matz Sels,2024-02-01,R. Strasbourg,6500000.0,7000000.0,paid
2023/24,Nott'm Forest,726701,Rodrigo Ribeiro,2024-02-01,Sporting,0.0,3000000.0,loan_in
2023/24,Nott'm Forest,448854,Emmanuel Dennis,2024-05-31,Watford,0.0,4200000.0,loan_return
2023/24,Nott'm Forest,503988,Alex Mighten,2024-05-31,Port Vale,0.0,600000.0,loan_return
2023/24,Nott'm Forest,506470,Josh Bowler,2024-05-31,Cardiff,0.0,1500000.0,loan_return
2023/24,Nott'm Forest,560694,Lewis O'Brien,2024-05-31,Middlesbrough,0.0,5000000.0,loan_return
2023/24,Nott'm Forest,631996,Brandon Aguilera,2024-05-31,Bristol Rovers,0.0,300000.0,loan_return
2023/24,Nott'm Forest,148252,Remo Freuler,2024-06-30,Bologna,0.0,6500000.0,loan_return
2023/24,Nott'm Forest,255906,Scott McKenna,2024-06-30,Copenhagen,0.0,9000000.0,loan_return
2023/24,Nott'm Forest,260166,Ui-jo Hwang,2024-06-30,Alanyaspor,0.0,1800000.0,loan_return
2023/24,Nott'm Forest,289592,Orel Mangala,2024-06-30,Lyon,0.0,20000000.0,loan_return
2023/24,Nott'm Forest,392777,Jonathan Panzo,2024-06-30,Standard Liège,0.0,1200000.0,loan_return
2023/24,Nott'm Forest,415970,Joe Worrall,2024-06-30,Besiktas,0.0,7500000.0,loan_return
2023/24,Nott'm Forest,424881,Omar Richards,2024-06-30,Olympiacos,0.0,2500000.0,loan_return
2023/24,Nott'm Forest,463610,Loïc Mbe Soh,2024-06-30,Almere City,0.0,1500000.0,loan_return
2023/24,Sheffield United,638649,Femi Seriki,2023-07-01,Sheff Utd U21,,175000.0,youth_promotion
2023/24,Sheffield United,746739,Andre Brooks,2023-07-01,Sheff Utd U21,,,youth_promotion
2023/24,Sheffield United,874066,Oliver Arblaster,2023-07-01,Sheff Utd U21,,,youth_promotion
2023/24,Sheffield United,546712,Anis Ben Slimane,2023-07-13,Bröndby IF,2700000.0,2500000.0,paid
2023/24,Sheffield United,554251,Yasser Larouci,2023-07-17,Troyes,0.0,3500000.0,loan_in
2023/24,Sheffield United,852024,Bénie Traoré,2023-07-18,Häcken,4600000.0,3500000.0,paid
2023/24,Sheffield United,389253,Auston Trusty,2023-08-03,Arsenal,5800000.0,10000000.0,paid
2023/24,Sheffield United,663581,Vini Souza,2023-08-09,Lommel SK,12500000.0,6000000.0,paid
2023/24,Sheffield United,322985,Gustavo Hamer,2023-08-12,Coventry,17300000.0,8000000.0,paid
2023/24,Sheffield United,314210,Tom Davies,2023-08-16,Everton,0.0,9000000.0,free
2023/24,Sheffield United,533662,Cameron Archer,2023-08-27,Aston Villa,21550000.0,12000000.0,paid
2023/24,Sheffield United,505194,Luke Thomas,2023-08-31,Leicester,0.0,12000000.0,loan_in
2023/24,Sheffield United,583199,James McAtee,2023-09-01,Man City,0.0,12000000.0,loan_in
2023/24,Sheffield United,874066,Oliver Arblaster,2023-12-29,Port Vale,0.0,450000.0,loan_return
2023/24,Sheffield United,426192,Ben Brereton Díaz,2024-01-05,Villarreal,0.0,7000000.0,loan_in
2023/24,Sheffield United,226073,Ivo Grbic,2024-01-26,Atlético,2500000.0,3500000.0,paid
2023/24,Sheffield United,348623,Mason Holgate,2024-02-01,Everton,0.0,5000000.0,loan_in
2023/24,Sheffield United,638649,Femi Seriki,2024-05-31,Rotherham,0.0,300000.0,loan_return
2023/24,Sheffield United,852024,Bénie Traoré,2024-06-30,FC Nantes,0.0,4000000.0,loan_return
2023/24,Tottenham,286047,Guglielmo Vicario,2023-07-01,FC Empoli,18500000.0,16000000.0,paid
2023/24,Tottenham,294057,James Maddison,2023-07-01,Leicester,46300000.0,60000000.0,paid
2023/24,Tottenham,431755,Dejan Kulusevski,2023-07-01,Juventus,30000000.0,50000000.0,paid
2023/24,Tottenham,553875,Pedro Porro,2023-07-01,Sporting,40000000.0,40000000.0,paid
2023/24,Tottenham,670883,Dane Scarlett,2023-07-01,Tottenham U21,,1800000.0,youth_promotion
2023/24,Tottenham,396638,Manor Solomon,2023-07-11,Shakhtar D.,0.0,18000000.0,free
2023/24,Tottenham,859951,Ashley Phillips,2023-08-05,Blackburn,2300000.0,2000000.0,paid
2023/24,Tottenham,557459,Micky van de Ven,2023-08-08,Wolfsburg,40000000.0,30000000.0,paid
2023/24,Tottenham,888493,Alejo Veliz,2023-08-08,Rosario Central,15000000.0,7000000.0,paid
2023/24,Tottenham,470607,Brennan Johnson,2023-09-01,Nott'm Forest,55000000.0,38000000.0,paid
2023/24,Tottenham,670883,Dane Scarlett,2023-12-27,Ipswich,0.0,1800000.0,loan_return
2023/24,Tottenham,282429,Sergio Reguilón,2024-01-04,Man Utd,0.0,10000000.0,loan_return
2023/24,Tottenham,483348,Djed Spence,2024-01-04,Leeds,0.0,8000000.0,loan_return
2023/24,Tottenham,170527,Timo Werner,2024-01-09,Leipzig,0.0,17000000.0,loan_in
2023/24,Tottenham,568559,Radu Drăgușin,2024-01-11,Genoa,28000000.0,20000000.0,paid
2023/24,Tottenham,346478,Japhet Tanganga,2024-01-17,FC Augsburg,0.0,3000000.0,loan_return
2023/24,Tottenham,282429,Sergio Reguilón,2024-05-31,Brentford,0.0,12000000.0,loan_return
2023/24,Tottenham,297212,Joe Rodon,2024-05-31,Leeds,0.0,8000000.0,loan_return
2023/24,Tottenham,346478,Japhet Tanganga,2024-05-31,Millwall,0.0,1800000.0,loan_return
2023/24,Tottenham,42460,Ivan Perišić,2024-06-30,Hajduk Split,0.0,2000000.0,loan_return
2023/24,Tottenham,175722,Eric Dier,2024-06-30,Bayern Munich,0.0,12000000.0,loan_return
2023/24,Tottenham,450936,Tanguy Ndombélé,2024-06-30,Galatasaray,0.0,8000000.0,loan_return
2023/24,Tottenham,483348,Djed Spence,2024-06-30,Genoa,0.0,8000000.0,loan_return
2023/24,Tottenham,859951,Ashley Phillips,2024-06-30,Plymouth,0.0,2200000.0,loan_return
2023/24,Tottenham,888493,Alejo Veliz,2024-06-30,Sevilla FC,0.0,9000000.0,loan_return
2023/24,West Ham,670848,Divin Mubama,2023-07-01,West Ham U21,,250000.0,youth_promotion
2023/24,West Ham,401356,Edson Álvarez,2023-08-10,Ajax,38000000.0,35000000.0,paid
2023/24,West Ham,181579,James Ward-Prowse,2023-08-14,Southampton,34800000.0,38000000.0,paid
2023/24,West Ham,415912,Konstantinos Mavropanos,2023-08-22,Stuttgart,20000000.0,15000000.0,paid
2023/24,West Ham,543499,Mohammed Kudus,2023-08-27,Ajax,43000000.0,40000000.0,paid
2023/24,West Ham,430310,Andrew Irving,2023-08-31,A. Klagenfurt,1750000.0,800000.0,paid
2023/24,West Ham,351749,Kalvin Phillips,2024-01-26,Man City,0.0,28000000.0,loan_in
2023/24,West Ham,506189,Flynn Downes,2024-05-31,Southampton,0.0,9000000.0,loan_return
2023/24,West Ham,228948,Thilo Kehrer,2024-06-30,Monaco,0.0,10000000.0,loan_return
2023/24,West Ham,290532,Saïd Benrahma,2024-06-30,Lyon,0.0,20000000.0,loan_return
2023/24,West Ham,430310,Andrew Irving,2024-06-30,A. Klagenfurt,0.0,2000000.0,loan_return
2023/24,West Ham,431422,Nathan Trott,2024-06-30,Vejle BK,0.0,1000000.0,loan_return
2023/24,Wolves,517894,Matheus Cunha,2023-07-01,Atlético,50000000.0,25000000.0,paid
2023/24,Wolves,649020,Boubacar Traoré,2023-07-01,FC Metz,11000000.0,5000000.0,paid
2023/24,Wolves,215810,Tom King,2023-07-03,Northampton,0.0,175000.0,free
2023/24,Wolves,171679,Matt Doherty,2023-07-20,Atlético,0.0,5000000.0,free
2023/24,Wolves,438001,Santiago Bueno,2023-08-31,Girona,12000000.0,8000000.0,paid
2023/24,Wolves,695454,Chiquinho,2023-08-31,Stoke City,0.0,2000000.0,loan_return
2023/24,Wolves,1060740,Enso González,2023-08-31,Libertad,6000000.0,1900000.0,paid
2023/24,Wolves,433183,Tommy Doyle,2023-09-01,Man City,0.0,7000000.0,loan_in
2023/24,Wolves,450050,Jean-Ricner Bellegarde,2023-09-01,R. Strasbourg,15000000.0,10000000.0,paid
2023/24,Wolves,716276,Yerson Mosquera,2023-12-31,Cincinnati,0.0,3500000.0,loan_return
2023/24,Wolves,724783,Tawanda Chirewa,2024-01-01,Wolves U21,,100000.0,youth_promotion
2023/24,Wolves,863741,Nathan Fraser,2024-01-01,Wolves U21,,1000000.0,youth_promotion
2023/24,Wolves,532541,Luke Cundle,2024-01-07,Plymouth,0.0,4000000.0,loan_return
2023/24,Wolves,444641,Louie Moulden,2024-01-15,Rochdale,0.0,200000.0,loan_return
2023/24,Wolves,614603,Chem Campbell,2024-01-15,Charlton,0.0,900000.0,loan_return
2023/24,Wolves,225122,Gonçalo Guedes,2024-01-18,Benfica,0.0,18000000.0,loan_return
2023/24,Wolves,816124,Noha Lemina,2024-01-31,Paris SG,0.0,500000.0,loan_in
2023/24,Wolves,444641,Louie Moulden,2024-05-31,Northampton,0.0,200000.0,loan_return
2023/24,Wolves,485583,Ki-Jana Hoever,2024-05-31,Stoke City,0.0,4500000.0,loan_return
2023/24,Wolves,503975,Joe Hodge,2024-05-31,QPR,0.0,1500000.0,loan_return
2023/24,Wolves,532541,Luke Cundle,2024-05-31,Stoke City,0.0,5000000.0,loan_return
2023/24,Wolves,614603,Chem Campbell,2024-05-31,Wycombe,0.0,900000.0,loan_return
2023/24,Wolves,225122,Gonçalo Guedes,2024-06-30,Villarreal,0.0,15000000.0,loan_return
2023/24,Wolves,256977,Daniel Podence,2024-06-30,Olympiacos,0.0,13000000.0,loan_return
2023/24,Wolves,369567,Sasa Kalajdzic,2024-06-30,Frankfurt,0.0,5000000.0,loan_return
2023/24,Wolves,439351,Bendegúz Bolla,2024-06-30,Servette FC,0.0,2000000.0,loan_return
2023/24,Wolves,505653,Fábio Silva,2024-06-30,Rangers,0.0,11000000.0,loan_return
2023/24,Wolves,695454,Chiquinho,2024-06-30,Famalicão,0.0,3000000.0,loan_return
2023/24,Wolves,716276,Yerson Mosquera,2024-06-30,Villarreal,0.0,6000000.0,loan_return
2024/25,Arsenal,890719,Ethan Nwaneri,2024-07-01,Arsenal U21,,8000000.0,youth_promotion
2024/25,Arsenal,890721,Myles Lewis-Skelly,2024-07-01,Arsenal U21,,2000000.0,youth_promotion
2024/25,Arsenal,262749,David Raya,2024-07-04,Brentford,31900000.0,35000000.0,paid
2024/25,Arsenal,502821,Riccardo Calafiori,2024-07-29,Bologna,43700000.0,45000000.0,paid
2024/25,Arsenal,338424,Mikel Merino,2024-08-27,Real Sociedad,32000000.0,50000000.0,paid
2024/25,Arsenal,111819,Neto,2024-08-30,Bournemouth,0.0,2500000.0,loan_in
2024/25,Arsenal,134425,Raheem Sterling,2024-08-30,Chelsea,0.0,35000000.0,loan_in
2024/25,Arsenal,668268,Marquinhos,2024-12-31,Fluminense,0.0,6000000.0,loan_return
2024/25,Arsenal,340325,Reiss Nelson,2025-06-30,Fulham,0.0,16000000.0,loan_return
2024/25,Arsenal,381967,Albert Sambi Lokonga,2025-06-30,Sevilla FC,0.0,8000000.0,loan_return
2024/25,Arsenal,493513,Karl Hein,2025-06-30,Real Valladolid,0.0,3000000.0,loan_return
2024/25,Arsenal,535955,Nuno Tavares,2025-06-30,Lazio,0.0,25000000.0,loan_return
2024/25,Arsenal,537598,Fábio Vieira,2025-06-30,Porto,0.0,22000000.0,loan_return
2024/25,Arsenal,668268,Marquinhos,2025-06-30,Cruzeiro,0.0,5500000.0,loan_return
2024/25,Aston Villa,131978,Ross Barkley,2024-07-01,Luton,5900000.0,8000000.0,paid
2024/25,Aston Villa,485585,Ian Maatsen,2024-07-01,Chelsea,44500000.0,40000000.0,paid
2024/25,Aston Villa,581672,Samuel Iling-Junior,2024-07-01,Juventus,14000000.0,13000000.0,paid
2024/25,Aston Villa,627248,Lewis Dobbin,2024-07-01,Everton,11800000.0,2500000.0,paid
2024/25,Aston Villa,645686,Lamare Bogarde,2024-07-01,Aston Villa U21,,450000.0,youth_promotion
2024/25,Aston Villa,671915,Enzo Barrenechea,2024-07-01,Juventus,8000000.0,7500000.0,paid
2024/25,Aston Villa,533662,Cameron Archer,2024-07-11,Sheff Utd,16650000.0,13000000.0,paid
2024/25,Aston Villa,665390,Jaden Philogene,2024-07-19,Hull City,16000000.0,15000000.0,paid
2024/25,Aston Villa,485706,Amadou Onana,2024-07-22,Everton,59350000.0,50000000.0,paid
2024/25,Aston Villa,627248,Lewis Dobbin,2025-01-02,West Brom,0.0,2500000.0,loan_return
2024/25,Aston Villa,326029,Donyell Malen,2025-01-14,Dortmund,25000000.0,28000000.0,paid
2024/25,Aston Villa,1063329,Andrés García,2025-01-21,Levante,7000000.0,1200000.0,paid
2024/25,Aston Villa,258923,Marcus Rashford,2025-02-02,Man Utd,0.0,55000000.0,loan_in
2024/25,Aston Villa,581672,Samuel Iling-Junior,2025-02-02,Bologna,0.0,11000000.0,loan_return
2024/25,Aston Villa,296622,Marco Asensio,2025-02-03,PSG,0.0,20000000.0,loan_in
2024/25,Aston Villa,386047,Axel Disasi,2025-02-03,Chelsea,0.0,30000000.0,loan_in
2024/25,Aston Villa,610863,Filip Marschall,2025-05-31,Crewe Alexandra,0.0,800000.0,loan_return
2024/25,Aston Villa,80444,Philippe Coutinho,2025-06-30,Vasco da Gama,0.0,7500000.0,loan_return
2024/25,Aston Villa,168157,Leander Dendoncker,2025-06-30,RSC Anderlecht,0.0,4500000.0,loan_return
2024/25,Aston Villa,193098,Álex Moreno,2025-06-30,Nott'm Forest,0.0,7000000.0,loan_return
2024/25,Aston Villa,321247,Emiliano Buendía,2025-06-30,Leverkusen,0.0,15000000.0,loan_return
2024/25,Aston Villa,581672,Samuel Iling-Junior,2025-06-30,Middlesbrough,0.0,10000000.0,loan_return
2024/25,Aston Villa,591844,Joe Gauci,2025-06-30,Barnsley,0.0,1500000.0,loan_return
2024/25,Aston Villa,627248,Lewis Dobbin,2025-06-30,Norwich,0.0,2500000.0,loan_return
2024/25,Aston Villa,671915,Enzo Barrenechea,2025-06-30,Valencia,0.0,10000000.0,loan_return
2024/25,Bournemouth,251106,Enes Ünal,2024-07-01,Getafe,16500000.0,18000000.0,paid
2024/25,Bournemouth,512385,Luis Sinisterra,2024-07-01,Leeds,23400000.0,17000000.0,paid
2024/25,Bournemouth,617009,Alex Paulsen,2024-07-01,Wellington,2270000.0,450000.0,paid
2024/25,Bournemouth,746740,Daniel Jebbison,2024-07-10,Sheff Utd,0.0,1000000.0,free
2024/25,Bournemouth,890290,Dean Huijsen,2024-07-30,Juventus,22100000.0,10000000.0,paid
2024/25,Bournemouth,513970,Julián Araujo,2024-08-13,Barcelona,10000000.0,8000000.0,paid
2024/25,Bournemouth,711337,Evanilson,2024-08-16,Porto,37000000.0,35000000.0,paid
2024/25,Bournemouth,192279,Kepa Arrizabalaga,2024-08-29,Chelsea,0.0,12000000.0,loan_in
2024/25,Bournemouth,854721,Ben Winterburn,2025-01-01,Bournemouth U21,,,youth_promotion
2024/25,Bournemouth,994604,Matai Akinmboni,2025-01-03,D.C. United,1500000.0,1000000.0,paid
2024/25,Bournemouth,1009658,Julio Soler,2025-01-07,Lanús,8000000.0,8000000.0,paid
2024/25,Bournemouth,746740,Daniel Jebbison,2025-01-08,Watford,0.0,1200000.0,loan_return
2024/25,Bournemouth,955357,Junior Kroupi,2025-02-03,FC Lorient,13000000.0,10000000.0,paid
2024/25,Bournemouth,183293,Joe Rothwell,2025-05-31,Leeds,0.0,2500000.0,loan_return
2024/25,Bournemouth,357658,Mark Travers,2025-05-31,Middlesbrough,0.0,4000000.0,loan_return
2024/25,Bournemouth,480987,Chris Mepham,2025-05-31,Sunderland,0.0,6000000.0,loan_return
2024/25,Bournemouth,111819,Neto,2025-06-30,Arsenal,0.0,1500000.0,loan_return
2024/25,Bournemouth,320411,Philip Billing,2025-06-30,Napoli,0.0,10000000.0,loan_return
2024/25,Bournemouth,391065,Hamed Traoré,2025-06-30,AJ Auxerre,0.0,20000000.0,loan_return
2024/25,Bournemouth,471690,Max Aarons,2025-06-30,Valencia,0.0,6000000.0,loan_return
2024/25,Bournemouth,555076,Romain Faivre,2025-06-30,Stade Brestois,0.0,6000000.0,loan_return
2024/25,Bournemouth,617009,Alex Paulsen,2025-06-30,Auckland FC,0.0,750000.0,loan_return
2024/25,Bournemouth,684210,Jaidon Anthony,2025-06-30,Burnley,0.0,9000000.0,loan_return
2024/25,Bournemouth,955357,Junior Kroupi,2025-06-30,FC Lorient,0.0,15000000.0,loan_return
2024/25,Brentford,505046,Ben Winterbottom,2024-07-01,Brentford B,,,undisclosed
2024/25,Brentford,709767,Ji-soo Kim,2024-07-01,Brentford B,,600000.0,undisclosed
2024/25,Brentford,739443,Igor Thiago,2024-07-01,Club Brugge,33000000.0,25000000.0,paid
2024/25,Brentford,559263,Fábio Carvalho,2024-08-12,Liverpool,23400000.0,14000000.0,paid
2024/25,Brentford,541231,Sepp van den Berg,2024-08-22,Liverpool,23600000.0,12000000.0,paid
2024/25,Brentford,954104,Jayden Meghoma,2024-08-30,Southampton U21,5900000.0,,paid
2024/25,Brentford,456292,Ellery Balcombe,2025-01-05,St. Mirren,0.0,400000.0,loan_return
2024/25,Brentford,823486,Michael Kayode,2025-01-24,Fiorentina,0.0,18000000.0,loan_in
2024/25,Brentford,505046,Ben Winterbottom,2025-05-31,Fylde,0.0,,loan_return
2024/25,Brentford,587002,Myles Peart-Harris,2025-05-31,Swansea,0.0,900000.0,loan_return
2024/25,Brentford,741236,Matthew Cox,2025-05-31,Crawley Town,0.0,800000.0,loan_return
2024/25,Brentford,874538,Ryan Trevitt,2025-05-31,Exeter City,0.0,275000.0,loan_return
2024/25,Brentford,391005,Mads Roerslev,2025-06-30,Wolfsburg,0.0,6000000.0,loan_return
2024/25,Brentford,421637,Frank Onyeka,2025-06-30,Augsburg,0.0,7000000.0,loan_return
2024/25,Brentford,456292,Ellery Balcombe,2025-06-30,Motherwell FC,0.0,400000.0,loan_return
2024/25,Brentford,954104,Jayden Meghoma,2025-06-30,Preston,0.0,500000.0,loan_return
2024/25,Brighton,567597,Odeluga Offiah,2024-07-01,Brighton U21,,300000.0,youth_promotion
2024/25,Brighton,1012534,Yankuba Minteh,2024-07-01,Newcastle,35000000.0,16000000.0,paid
2024/25,Brighton,1110406,Ibrahim Osman,2024-07-01,Nordsjaelland,19500000.0,12000000.0,paid
2024/25,Brighton,415381,Mats Wieffer,2024-07-05,Feyenoord,32000000.0,30000000.0,paid
2024/25,Brighton,878150,Amario Cozier-Duberry,2024-07-07,Arsenal U21,0.0,2000000.0,free
2024/25,Brighton,1178758,Malick Yalcouyé,2024-07-12,IFK Göteborg,7000000.0,5000000.0,paid
2024/25,Brighton,700106,Brajan Gruda,2024-08-14,Mainz,31500000.0,20000000.0,paid
2024/25,Brighton,538977,Georginio Rutter,2024-08-19,Leeds,46700000.0,18000000.0,paid
2024/25,Brighton,369316,Ferdi Kadıoğlu,2024-08-24,Fenerbahçe,30000000.0,30000000.0,paid
2024/25,Brighton,406634,Matt O'Riley,2024-08-26,Celtic,29500000.0,20000000.0,paid
2024/25,Brighton,996897,Diego Gómez,2025-01-01,Miami,13000000.0,12000000.0,paid
2024/25,Brighton,646353,Carl Rushworth,2025-01-22,Hull City,0.0,3000000.0,loan_return
2024/25,Brighton,581330,Eiran Cashin,2025-01-31,Derby,10750000.0,1800000.0,paid
2024/25,Brighton,849410,Valentín Barco,2025-02-01,Sevilla FC,0.0,6000000.0,loan_return
2024/25,Brighton,406556,Tom McGill,2025-02-03,MK Dons,0.0,600000.0,loan_return
2024/25,Brighton,950091,Stefanos Tzimas,2025-02-03,1.FC Nuremberg,26500000.0,10000000.0,paid
2024/25,Brighton,567597,Odeluga Offiah,2025-05-31,Blackpool,0.0,600000.0,loan_return
2024/25,Brighton,568005,Jeremy Sarmiento,2025-05-31,Burnley,0.0,7000000.0,loan_return
2024/25,Brighton,878150,Amario Cozier-Duberry,2025-05-31,Blackburn,0.0,2000000.0,loan_return
2024/25,Brighton,463527,Kjell Scherpen,2025-06-30,Sturm Graz,0.0,5000000.0,loan_return
2024/25,Brighton,648046,Evan Ferguson,2025-06-30,West Ham,0.0,25000000.0,loan_return
2024/25,Brighton,660867,Julio Enciso,2025-06-30,Ipswich,0.0,22000000.0,loan_return
2024/25,Brighton,776798,Abdallah Sima,2025-06-30,Stade Brestois,0.0,9000000.0,loan_return
2024/25,Brighton,849410,Valentín Barco,2025-06-30,R. Strasbourg,0.0,12000000.0,loan_return
2024/25,Brighton,950091,Stefanos Tzimas,2025-06-30,1.FC Nuremberg,0.0,22000000.0,loan_return
2024/25,Brighton,983989,Facundo Buonanotte,2025-06-30,Leicester,0.0,20000000.0,loan_return
2024/25,Brighton,1110406,Ibrahim Osman,2025-06-30,Feyenoord,0.0,10000000.0,loan_return
2024/25,Brighton,1178758,Malick Yalcouyé,2025-06-30,Sturm Graz,0.0,17000000.0,loan_return
2024/25,Chelsea,258878,Tosin Adarabioyo,2024-07-01,Fulham,0.0,20000000.0,free
2024/25,Chelsea,433181,Tino Anjorin,2024-07-01,Chelsea U21,,700000.0,youth_promotion
2024/25,Chelsea,612517,Bashir Humphreys,2024-07-01,Chelsea U21,,4800000.0,youth_promotion
2024/25,Chelsea,926135,Omari Kellyman,2024-07-01,Aston Villa U21,22500000.0,1000000.0,paid
2024/25,Chelsea,938158,Marc Guiu,2024-07-01,Barcelona,6000000.0,7500000.0,paid
2024/25,Chelsea,475188,Kiernan Dewsbury-Hall,2024-07-02,Leicester,35400000.0,30000000.0,paid
2024/25,Chelsea,805714,Renato Veiga,2024-07-12,Basel,14000000.0,3000000.0,paid
2024/25,Chelsea,746833,Caleb Wiley,2024-07-22,Atlanta,10100000.0,5000000.0,paid
2024/25,Chelsea,585323,Filip Jørgensen,2024-07-30,Villarreal,24500000.0,20000000.0,paid
2024/25,Chelsea,1145504,Aarón Anselmino,2024-08-08,Boca Juniors,16500000.0,3000000.0,paid
2024/25,Chelsea,487465,Pedro Neto,2024-08-11,Wolves,60000000.0,55000000.0,paid
2024/25,Chelsea,462250,João Félix,2024-08-21,Atlético,52000000.0,30000000.0,paid
2024/25,Chelsea,834397,Mike Penders,2024-08-27,Genk,20000000.0,1000000.0,paid
2024/25,Chelsea,401173,Jadon Sancho,2024-08-30,Man Utd,0.0,30000000.0,loan_in
2024/25,Chelsea,936874,Tyrique George,2024-12-18,Chelsea U21,,,youth_promotion
2024/25,Chelsea,1004708,Josh Acheampong,2024-12-18,Chelsea U21,,1000000.0,youth_promotion
2024/25,Chelsea,656316,Gabriel Slonina,2024-12-31,Barnsley,0.0,4000000.0,loan_return
2024/25,Chelsea,1145504,Aarón Anselmino,2025-01-03,Boca Juniors,0.0,8000000.0,loan_return
2024/25,Chelsea,346314,Trevoh Chalobah,2025-01-15,Crystal Palace,0.0,13000000.0,loan_return
2024/25,Chelsea,787232,David Datro Fofana,2025-01-28,Göztepe,0.0,8500000.0,loan_return
2024/25,Chelsea,746833,Caleb Wiley,2025-02-02,R. Strasbourg,0.0,8000000.0,loan_return
2024/25,Chelsea,1010854,Mathis Amougou,2025-02-03,Saint-Étienne,15000000.0,5000000.0,paid
2024/25,Chelsea,743600,Andrey Santos,2025-05-31,R. Strasbourg,0.0,25000000.0,loan_return
2024/25,Chelsea,834397,Mike Penders,2025-06-01,Genk,0.0,10000000.0,loan_return
2024/25,Chelsea,805714,Renato Veiga,2025-06-10,Juventus,0.0,18000000.0,loan_return
2024/25,Chelsea,134425,Raheem Sterling,2025-06-30,Arsenal,0.0,10000000.0,loan_return
2024/25,Chelsea,192279,Kepa Arrizabalaga,2025-06-30,Bournemouth,0.0,10000000.0,loan_return
2024/25,Chelsea,316125,Ben Chilwell,2025-06-30,Crystal Palace,0.0,15000000.0,loan_return
2024/25,Chelsea,386047,Axel Disasi,2025-06-30,Aston Villa,0.0,22000000.0,loan_return
2024/25,Chelsea,462250,João Félix,2025-06-30,AC Milan,0.0,20000000.0,loan_return
2024/25,Chelsea,465555,Djordje Petrovic,2025-06-30,R. Strasbourg,0.0,20000000.0,loan_return
2024/25,Chelsea,571743,Armando Broja,2025-06-30,Everton,0.0,12000000.0,loan_return
2024/25,Chelsea,612517,Bashir Humphreys,2025-06-30,Burnley,0.0,7000000.0,loan_return
2024/25,Chelsea,711999,Lesley Ugochukwu,2025-06-30,Southampton,0.0,18000000.0,loan_return
2024/25,Crystal Palace,356141,Daichi Kamada,2024-07-01,Lazio,0.0,18000000.0,free
2024/25,Crystal Palace,747009,Justin Devenny,2024-07-01,Palace U21,,150000.0,undisclosed
2024/25,Crystal Palace,1047261,Caleb Kporha,2024-07-01,Palace U21,,,undisclosed
2024/25,Crystal Palace,689637,Chadi Riad,2024-07-02,Real Betis,15000000.0,15000000.0,paid
2024/25,Crystal Palace,410225,Ismaïla Sarr,2024-08-01,Marseille,15000000.0,18000000.0,paid
2024/25,Crystal Palace,340324,Eddie Nketiah,2024-08-30,Arsenal,29700000.0,30000000.0,paid
2024/25,Crystal Palace,346314,Trevoh Chalobah,2024-08-30,Chelsea,0.0,13000000.0,loan_in
2024/25,Crystal Palace,425306,Matt Turner,2024-08-30,Nott'm Forest,0.0,7000000.0,loan_in
2024/25,Crystal Palace,434224,Maxence Lacroix,2024-08-30,Wolfsburg,18000000.0,20000000.0,paid
2024/25,Crystal Palace,586986,Luke Plange,2024-12-31,HJK Helsinki,0.0,500000.0,loan_return
2024/25,Crystal Palace,512354,Malcolm Ebiowei,2025-01-03,Oxford United,0.0,1200000.0,loan_return
2024/25,Crystal Palace,967319,Romain Esse,2025-01-18,Millwall,14200000.0,5000000.0,paid
2024/25,Crystal Palace,316125,Ben Chilwell,2025-02-03,Chelsea,0.0,20000000.0,loan_in
2024/25,Crystal Palace,865993,David Ozoh,2025-05-31,Derby,0.0,700000.0,loan_return
2024/25,Crystal Palace,157506,Jeffrey Schlupp,2025-06-30,Celtic,0.0,3000000.0,loan_return
2024/25,Crystal Palace,253341,Rob Holding,2025-06-30,Sheff Utd,0.0,3500000.0,loan_return
2024/25,Crystal Palace,344152,Odsonne Édouard,2025-06-30,Leicester,0.0,8000000.0,loan_return
2024/25,Crystal Palace,538971,Naouirou Ahamada,2025-06-30,Stade Rennais,0.0,3500000.0,loan_return
2024/25,Crystal Palace,586834,Jesurun Rak-Sakyi,2025-06-30,Sheff Utd,0.0,6000000.0,loan_return
2024/25,Crystal Palace,586986,Luke Plange,2025-06-30,Motherwell FC,0.0,500000.0,loan_return
2024/25,Everton,696589,Tim Iroegbunam,2024-07-01,Aston Villa,10700000.0,4000000.0,paid
2024/25,Everton,1107733,Harrison Armstrong,2024-07-01,Everton U18,,,youth_promotion
2024/25,Everton,623570,Iliman Ndiaye,2024-07-03,Marseille,18000000.0,15000000.0,paid
2024/25,Everton,513245,Jesper Lindstrøm,2024-07-26,Napoli,0.0,22000000.0,loan_in
2024/25,Everton,711544,Jake O'Brien,2024-07-30,Lyon,19500000.0,12000000.0,paid
2024/25,Everton,33873,Asmir Begovic,2024-08-23,QPR,0.0,300000.0,loan_return
2024/25,Everton,289592,Orel Mangala,2024-08-30,Lyon,0.0,20000000.0,loan_in
2024/25,Everton,571743,Armando Broja,2024-08-30,Chelsea,0.0,22000000.0,loan_in
2024/25,Everton,748319,Carlos Alcaraz,2025-02-03,Flamengo,0.0,14000000.0,loan_in
2024/25,Everton,217115,Neal Maupay,2025-06-30,Marseille,0.0,8000000.0,loan_return
2024/25,Everton,348623,Mason Holgate,2025-06-30,West Brom,0.0,4000000.0,loan_return
2024/25,Everton,1107733,Harrison Armstrong,2025-06-30,Derby,0.0,800000.0,loan_return
2024/25,Fulham,817612,Luke Harris,2024-07-01,Fulham U21,,1000000.0,youth_promotion
2024/25,Fulham,1011131,Josh King,2024-07-01,Fulham U18,,200000.0,youth_promotion
2024/25,Fulham,392775,Ryan Sessegnon,2024-07-26,Tottenham,0.0,10000000.0,free
2024/25,Fulham,392765,Emile Smith Rowe,2024-08-02,Arsenal,31800000.0,22000000.0,paid
2024/25,Fulham,494880,Jorge Cuenca,2024-08-03,Villarreal,6700000.0,6000000.0,paid
2024/25,Fulham,333014,Sander Berge,2024-08-22,Burnley,23550000.0,20000000.0,paid
2024/25,Fulham,260827,Joachim Andersen,2024-08-23,Crystal Palace,29500000.0,35000000.0,paid
2024/25,Fulham,340325,Reiss Nelson,2024-08-30,Arsenal,0.0,15000000.0,loan_in
2024/25,Fulham,992686,Martial Godo,2025-01-01,Fulham U21,,600000.0,youth_promotion
2024/25,Fulham,52769,Willian,2025-02-06,Without Club,,1000000.0,loan_in
2024/25,Fulham,817612,Luke Harris,2025-06-30,Birmingham,0.0,1000000.0,loan_return
2024/25,Ipswich,468002,Ben Johnson,2024-07-01,West Ham,0.0,8000000.0,free
2024/25,Ipswich,741238,Omari Hutchinson,2024-07-01,Chelsea,23500000.0,7000000.0,paid
2024/25,Ipswich,693095,Jacob Greaves,2024-07-12,Hull City,21500000.0,15000000.0,paid
2024/25,Ipswich,610849,Liam Delap,2024-07-13,Man City U21,17850000.0,8000000.0,paid
2024/25,Ipswich,371021,Arijanet Murić,2024-07-17,Burnley,9550000.0,7000000.0,paid
2024/25,Ipswich,146509,Conor Townsend,2024-08-01,West Brom,590000.0,1500000.0,paid
2024/25,Ipswich,292139,Sammie Szmodics,2024-08-16,Blackburn,10600000.0,7000000.0,paid
2024/25,Ipswich,351749,Kalvin Phillips,2024-08-16,Man City,0.0,25000000.0,loan_in
2024/25,Ipswich,468066,Jens Cajuste,2024-08-19,Napoli,0.0,10000000.0,loan_in
2024/25,Ipswich,559794,Jack Clarke,2024-08-24,Sunderland,17700000.0,15000000.0,paid
2024/25,Ipswich,401320,Dara O'Shea,2024-08-25,Burnley,14200000.0,7000000.0,paid
2024/25,Ipswich,392591,Chiedozie Ogbene,2024-08-28,Luton,9500000.0,8000000.0,paid
2024/25,Ipswich,343475,Ben Godfrey,2025-01-05,Atalanta,0.0,8000000.0,loan_in
2024/25,Ipswich,665390,Jaden Philogene,2025-01-15,Aston Villa,23700000.0,15000000.0,paid
2024/25,Ipswich,385848,George Edmundson,2025-01-21,Middlesbrough,0.0,350000.0,loan_return
2024/25,Ipswich,660867,Julio Enciso,2025-01-23,Brighton,0.0,22000000.0,loan_in
2024/25,Ipswich,288323,Marcus Harness,2025-06-30,Derby,0.0,800000.0,loan_return
2024/25,Ipswich,528892,Harry Clarke,2025-06-30,Sheff Utd,0.0,4500000.0,loan_return
2024/25,Ipswich,610581,Ali Al-Hamadi,2025-06-30,Stoke City,0.0,2500000.0,loan_return
2024/25,Leicester,864121,Abdul Fatawu,2024-07-01,Sporting,16250000.0,10000000.0,paid
2024/25,Leicester,186186,Bobby De Cordova-Reid,2024-07-06,Fulham,0.0,5000000.0,free
2024/25,Leicester,936842,Michael Golding,2024-07-07,Chelsea U21,5900000.0,300000.0,paid
2024/25,Leicester,461833,Caleb Okoli,2024-07-09,Atalanta BC,14000000.0,8000000.0,paid
2024/25,Leicester,983989,Facundo Buonanotte,2024-08-10,Brighton,0.0,18000000.0,loan_in
2024/25,Leicester,406638,Oliver Skipp,2024-08-19,Tottenham,23500000.0,15000000.0,paid
2024/25,Leicester,108354,Jordan Ayew,2024-08-23,Crystal Palace,5900000.0,4000000.0,paid
2024/25,Leicester,654982,Bilal El Khannouss,2024-08-29,Genk,22500000.0,30000000.0,paid
2024/25,Leicester,344152,Odsonne Édouard,2024-08-30,Crystal Palace,0.0,18000000.0,loan_in
2024/25,Leicester,592975,Woyo Coulibaly,2025-01-15,Parma,2000000.0,2000000.0,paid
2024/25,Leicester,669366,Tom Cannon,2025-01-15,Stoke City,0.0,6000000.0,loan_return
2024/25,Leicester,714458,Ben Nelson,2025-05-31,Oxford United,0.0,500000.0,loan_return
2024/25,Leicester,298091,Harry Souttar,2025-06-30,Sheff Utd,0.0,6000000.0,loan_return
2024/25,Leicester,341501,Hamza Choudhury,2025-06-30,Sheff Utd,0.0,4500000.0,loan_return
2024/25,Liverpool,618494,Tyler Morton,2024-07-01,Liverpool U21,,8000000.0,youth_promotion
2024/25,Liverpool,706815,Harvey Davies,2024-07-01,Liverpool U21,,500000.0,youth_promotion
2024/25,Liverpool,712117,Bobby Clark,2024-07-01,Liverpool U21,,1000000.0,youth_promotion
2024/25,Liverpool,502676,Giorgi Mamardashvili,2024-08-27,Valencia,30000000.0,45000000.0,paid
2024/25,Liverpool,341092,Federico Chiesa,2024-08-29,Juventus,12000000.0,35000000.0,paid
2024/25,Liverpool,662334,Marcelo Pitaluga,2025-01-05,Livingston FC,0.0,200000.0,loan_return
2024/25,Liverpool,864799,Stefan Bajcetic,2025-01-30,Salzburg,0.0,9000000.0,loan_return
2024/25,Liverpool,502676,Giorgi Mamardashvili,2025-06-30,Valencia,0.0,30000000.0,loan_return
2024/25,Liverpool,503679,Rhys Williams,2025-06-30,Morecambe FC,0.0,700000.0,loan_return
2024/25,Liverpool,719673,Ben Gannon-Doak,2025-06-30,Middlesbrough,0.0,14000000.0,loan_return
2024/25,Liverpool,864799,Stefan Bajcetic,2025-06-30,UD Las Palmas,0.0,9000000.0,loan_return
2024/25,Man City,743413,Nico O'Reilly,2024-07-01,Man City U21,,,youth_promotion
2024/25,Man City,743591,Savinho,2024-07-18,Troyes,25000000.0,50000000.0,paid
2024/25,Man City,53622,İlkay Gündoğan,2024-08-23,Barcelona,0.0,15000000.0,loan_return
2024/25,Man City,649452,Issa Kaboré,2024-12-31,Benfica,0.0,6000000.0,loan_return
2024/25,Man City,994536,Claudio Echeverri,2024-12-31,River Plate,0.0,18000000.0,loan_return
2024/25,Man City,763079,Abdukodir Khusanov,2025-01-20,Lens,40000000.0,12000000.0,paid
2024/25,Man City,1005575,Vitor Reis,2025-01-21,Palmeiras,37000000.0,14000000.0,paid
2024/25,Man City,445939,Omar Marmoush,2025-01-23,Frankfurt,75000000.0,60000000.0,paid
2024/25,Man City,1121298,Juma Bah,2025-01-27,Real Valladolid,6000000.0,1000000.0,paid
2024/25,Man City,466805,Nico González,2025-02-03,Porto,60000000.0,18000000.0,paid
2024/25,Man City,95424,Kyle Walker,2025-06-30,AC Milan,0.0,4000000.0,loan_return
2024/25,Man City,351749,Kalvin Phillips,2025-06-30,Ipswich,0.0,12000000.0,loan_return
2024/25,Man City,576121,Josh Wilson-Esbrand,2025-06-30,Stoke City,0.0,4000000.0,loan_return
2024/25,Man City,627228,Yan Couto,2025-06-30,Dortmund,0.0,20000000.0,loan_return
2024/25,Man City,649452,Issa Kaboré,2025-06-30,Werder Bremen,0.0,4000000.0,loan_return
2024/25,Man City,668547,Máximo Perrone,2025-06-30,Como,0.0,12000000.0,loan_return
2024/25,Man City,1121298,Juma Bah,2025-06-30,Lens,0.0,6000000.0,loan_return
2024/25,Man United,654253,Toby Collyer,2024-07-01,Man Utd U21,,200000.0,youth_promotion
2024/25,Man United,435648,Joshua Zirkzee,2024-07-14,Bologna,42500000.0,50000000.0,paid
2024/25,Man United,923831,Leny Yoro,2024-07-18,Lille,62000000.0,50000000.0,paid
2024/25,Man United,326031,Matthijs de Ligt,2024-08-13,Bayern Munich,45000000.0,65000000.0,paid
2024/25,Man United,340456,Noussair Mazraoui,2024-08-13,Bayern Munich,15000000.0,30000000.0,paid
2024/25,Man United,476701,Manuel Ugarte,2024-08-30,PSG,50000000.0,45000000.0,paid
2024/25,Man United,1011738,Harry Amass,2025-01-01,Man Utd U18,,,youth_promotion
2024/25,Man United,1078163,Ayden Heaven,2025-02-01,Arsenal U21,1800000.0,300000.0,paid
2024/25,Man United,926952,Patrick Dorgu,2025-02-02,Lecce,30000000.0,20000000.0,paid
2024/25,Man United,258923,Marcus Rashford,2025-06-30,Aston Villa,0.0,50000000.0,loan_return
2024/25,Man United,339340,Tyrell Malacia,2025-06-30,PSV,0.0,8000000.0,loan_return
2024/25,Man United,401173,Jadon Sancho,2025-06-30,Chelsea,0.0,28000000.0,loan_return
2024/25,Man United,602105,Antony,2025-06-30,Real Betis,0.0,35000000.0,loan_return
2024/25,Newcastle,29712,John Ruddy,2024-07-01,Birmingham,0.0,200000.0,free
2024/25,Newcastle,124419,Odysseas Vlachodimos,2024-07-01,Nott'm Forest,23600000.0,7000000.0,paid
2024/25,Newcastle,480116,Lloyd Kelly,2024-07-01,Bournemouth,0.0,18000000.0,free
2024/25,Newcastle,670858,Lewis Hall,2024-07-01,Chelsea,33000000.0,18000000.0,paid
2024/25,Newcastle,609556,William Osula,2024-08-08,Sheff Utd,11600000.0,3000000.0,paid
2024/25,Newcastle,346018,Jamal Lewis,2024-12-31,São Paulo,0.0,3000000.0,loan_return
2024/25,Newcastle,614811,Joe White,2025-05-31,MK Dons,0.0,275000.0,loan_return
2024/25,Newcastle,206225,Isaac Hayden,2025-06-30,Portsmouth,0.0,700000.0,loan_return
2024/25,Newcastle,480116,Lloyd Kelly,2025-06-30,Juventus,0.0,16000000.0,loan_return
2024/25,Nott'm Forest,567576,Elliot Anderson,2024-07-01,Newcastle,41200000.0,15000000.0,paid
2024/25,Nott'm Forest,617018,Marko Stamenić,2024-07-01,Red Star,5500000.0,5000000.0,paid
2024/25,Nott'm Forest,897481,Eric da Silva Moreira,2024-07-01,St. Pauli,1500000.0,1000000.0,paid
2024/25,Nott'm Forest,641458,Carlos Miguel,2024-07-09,Corinthians,4000000.0,4000000.0,paid
2024/25,Nott'm Forest,413507,Nikola Milenković,2024-07-18,Fiorentina,12300000.0,15000000.0,paid
2024/25,Nott'm Forest,663244,Jota Silva,2024-08-01,Vit. Guimarães,7000000.0,12000000.0,paid
2024/25,Nott'm Forest,745191,Ramón Sosa,2024-08-16,CA Talleres,12000000.0,13000000.0,paid
2024/25,Nott'm Forest,193098,Álex Moreno,2024-08-21,Aston Villa,0.0,13000000.0,loan_in
2024/25,Nott'm Forest,498237,David Carmo,2024-08-25,Porto,11000000.0,12000000.0,paid
2024/25,Nott'm Forest,181579,James Ward-Prowse,2024-08-30,West Ham,0.0,30000000.0,loan_in
2024/25,Nott'm Forest,673492,Morato,2024-08-30,Benfica,11000000.0,15000000.0,paid
2024/25,Nott'm Forest,560694,Lewis O'Brien,2024-12-31,LAFC,0.0,5000000.0,loan_return
2024/25,Nott'm Forest,45494,Wayne Hennessey,2025-01-13,Without Club,,175000.0,loan_return
2024/25,Nott'm Forest,506470,Josh Bowler,2025-01-30,Preston,0.0,1200000.0,loan_return
2024/25,Nott'm Forest,1007720,Tyler Bindon,2025-02-02,Reading,,1000000.0,loan_in
2024/25,Nott'm Forest,448854,Emmanuel Dennis,2025-05-31,Blackburn,0.0,2500000.0,loan_return
2024/25,Nott'm Forest,506470,Josh Bowler,2025-05-31,Luton,0.0,1000000.0,loan_return
2024/25,Nott'm Forest,560694,Lewis O'Brien,2025-05-31,Swansea,0.0,4000000.0,loan_return
2024/25,Nott'm Forest,392777,Jonathan Panzo,2025-06-30,Rio Ave,0.0,1200000.0,loan_return
2024/25,Nott'm Forest,424881,Omar Richards,2025-06-30,Rio Ave,0.0,2500000.0,loan_return
2024/25,Nott'm Forest,425306,Matt Turner,2025-06-30,Crystal Palace,0.0,2500000.0,loan_return
2024/25,Nott'm Forest,498237,David Carmo,2025-06-30,Olympiacos,0.0,10000000.0,loan_return
2024/25,Nott'm Forest,617018,Marko Stamenić,2025-06-30,Olympiacos,0.0,3000000.0,loan_return
2024/25,Nott'm Forest,621993,Andrew Omobamidele,2025-06-30,R. Strasbourg,0.0,8000000.0,loan_return
2024/25,Nott'm Forest,1007720,Tyler Bindon,2025-06-30,Reading,0.0,1200000.0,loan_return
2024/25,Southampton,43530,Adam Lallana,2024-07-01,Brighton,0.0,1000000.0,free
2024/25,Southampton,195633,Charlie Taylor,2024-07-01,Burnley,0.0,3000000.0,free
2024/25,Southampton,503977,Taylor Harwood-Bellis,2024-07-01,Man City,23000000.0,22000000.0,paid
2024/25,Southampton,866655,Tyler Dibling,2024-07-01,Southampton U21,,,youth_promotion
2024/25,Southampton,732165,Ronnie Edwards,2024-07-03,Peterborough,3500000.0,3800000.0,paid
2024/25,Southampton,503990,Nathan Wood,2024-07-05,Swansea,3500000.0,3800000.0,paid
2024/25,Southampton,405385,Yukinari Sugawara,2024-07-14,AZ Alkmaar,7000000.0,12000000.0,paid
2024/25,Southampton,506189,Flynn Downes,2024-07-16,West Ham,17850000.0,9000000.0,paid
2024/25,Southampton,902021,Kuryu Matsuki,2024-07-29,FC Tokyo,,1500000.0,undisclosed
2024/25,Southampton,426192,Ben Brereton Díaz,2024-07-30,Villarreal,8300000.0,8000000.0,paid
2024/25,Southampton,662332,Juan,2024-08-15,São Paulo,900000.0,800000.0,paid
2024/25,Southampton,533662,Cameron Archer,2024-08-16,Aston Villa,17600000.0,13000000.0,paid
2024/25,Southampton,711999,Lesley Ugochukwu,2024-08-16,Chelsea,0.0,25000000.0,loan_in
2024/25,Southampton,880245,Mateus Fernandes,2024-08-20,Sporting,15000000.0,8000000.0,paid
2024/25,Southampton,146795,Ryan Fraser,2024-08-30,Newcastle,0.0,3000000.0,loan_return
2024/25,Southampton,234781,Maxwel Cornet,2024-08-30,West Ham,0.0,9000000.0,loan_in
2024/25,Southampton,427568,Aaron Ramsdale,2024-08-30,Arsenal,21400000.0,25000000.0,paid
2024/25,Southampton,729264,Welington,2025-01-01,São Paulo,0.0,3500000.0,free
2024/25,Southampton,986298,Joachim Kayi Sanda,2025-01-09,Valenciennes FC,5000000.0,800000.0,paid
2024/25,Southampton,503866,Albert Grønbaek,2025-01-21,Stade Rennais,0.0,15000000.0,loan_in
2024/25,Southampton,585550,Gavin Bazunu,2025-04-24,Standard Liège,0.0,11000000.0,loan_return
2024/25,Southampton,250426,Adam Armstrong,2025-05-31,West Brom,0.0,12000000.0,loan_return
2024/25,Southampton,747951,Shea Charles,2025-05-31,Sheff Wed,0.0,10000000.0,loan_return
2024/25,Southampton,426192,Ben Brereton Díaz,2025-06-30,Sheff Utd,0.0,7500000.0,loan_return
2024/25,Southampton,680806,Samuel Edozie,2025-06-30,RSC Anderlecht,0.0,6000000.0,loan_return
2024/25,Southampton,732165,Ronnie Edwards,2025-06-30,QPR,0.0,3800000.0,loan_return
2024/25,Southampton,902021,Kuryu Matsuki,2025-06-30,Göztepe,0.0,2400000.0,loan_return
2024/25,Southampton,933900,Samuel Amo-Ameyaw,2025-06-30,R. Strasbourg,0.0,4000000.0,loan_return
2024/25,Tottenham,728734,Alfie Devine,2024-07-01,Tottenham U21,,2200000.0,youth_promotion
2024/25,Tottenham,866246,Lucas Bergvall,2024-07-01,Djurgården,20000000.0,10000000.0,paid
2024/25,Tottenham,1011147,Mikey Moore,2024-07-01,Spurs U18,,,undisclosed
2024/25,Tottenham,922693,Archie Gray,2024-07-02,Leeds,41250000.0,18000000.0,paid
2024/25,Tottenham,258889,Dominic Solanke,2024-08-10,Bournemouth,64300000.0,40000000.0,paid
2024/25,Tottenham,743498,Wilson Odobert,2024-08-16,Burnley,29300000.0,10000000.0,paid
2024/25,Tottenham,1004327,Min-hyeok Yang,2025-01-01,Gangwon FC,4000000.0,3500000.0,paid
2024/25,Tottenham,725912,Antonín Kinský,2025-01-05,Slavia Praha,16500000.0,12000000.0,paid
2024/25,Tottenham,670883,Dane Scarlett,2025-01-20,Oxford United,0.0,1800000.0,loan_return
2024/25,Tottenham,263236,Kevin Danso,2025-02-02,Lens,0.0,25000000.0,loan_in
2024/25,Tottenham,801734,Mathys Tel,2025-02-03,Bayern Munich,0.0,30000000.0,loan_in
2024/25,Tottenham,167799,Pierre-Emile Højbjerg,2025-06-30,Marseille,0.0,20000000.0,loan_return
2024/25,Tottenham,396638,Manor Solomon,2025-06-30,Leeds,0.0,14000000.0,loan_return
2024/25,Tottenham,537382,Bryan Gil,2025-06-30,Girona,0.0,15000000.0,loan_return
2024/25,Tottenham,728734,Alfie Devine,2025-06-30,KVC Westerlo,0.0,3500000.0,loan_return
2024/25,Tottenham,888493,Alejo Veliz,2025-06-30,Espanyol,0.0,2500000.0,loan_return
2024/25,Tottenham,1004327,Min-hyeok Yang,2025-06-30,QPR,0.0,3500000.0,loan_return
2024/25,West Ham,61697,Wes Foderingham,2024-07-01,Sheff Utd,0.0,900000.0,free
2024/25,West Ham,991800,Luís Guilherme,2024-07-01,Palmeiras,23000000.0,24000000.0,paid
2024/25,West Ham,525247,Maximilian Kilman,2024-07-06,Wolves,47500000.0,32000000.0,paid
2024/25,West Ham,474701,Crysencio Summerville,2024-08-03,Leeds,29300000.0,20000000.0,paid
2024/25,West Ham,75489,Niclas Füllkrug,2024-08-05,Dortmund,27000000.0,15000000.0,paid
2024/25,West Ham,342385,Guido Rodríguez,2024-08-06,Real Betis,0.0,20000000.0,free
2024/25,West Ham,605184,Jean-Clair Todibo,2024-08-10,Nice,0.0,35000000.0,loan_in
2024/25,West Ham,477758,Aaron Wan-Bissaka,2024-08-13,Man Utd,17600000.0,20000000.0,paid
2024/25,West Ham,372246,Carlos Soler,2024-08-30,PSG,0.0,20000000.0,loan_in
2024/25,West Ham,922563,Oliver Scarles,2025-01-01,West Ham U21,,400000.0,youth_promotion
2024/25,West Ham,234781,Maxwel Cornet,2025-01-19,Southampton,0.0,8000000.0,loan_return
2024/25,West Ham,181579,James Ward-Prowse,2025-02-03,Nott'm Forest,0.0,16000000.0,loan_return
2024/25,West Ham,648046,Evan Ferguson,2025-02-03,Brighton,0.0,40000000.0,loan_in
2024/25,West Ham,234781,Maxwel Cornet,2025-06-30,Genoa,0.0,8000000.0,loan_return
2024/25,West Ham,361914,Nayef Aguerd,2025-06-30,Real Sociedad,0.0,18000000.0,loan_return
2024/25,Wolves,433183,Tommy Doyle,2024-07-01,Man City,5000000.0,10000000.0,paid
2024/25,Wolves,667121,Rodrigo Gomes,2024-07-01,Braga,15000000.0,12000000.0,paid
2024/25,Wolves,1193867,Pedro Lima,2024-07-01,Sport Recife,10000000.0,2500000.0,paid
2024/25,Wolves,429983,Jørgen Strand Larsen,2024-07-02,Celta de Vigo,0.0,25000000.0,loan_in
2024/25,Wolves,110864,Sam Johnstone,2024-08-30,Crystal Palace,11900000.0,10000000.0,paid
2024/25,Wolves,742451,Carlos Forbs,2024-08-30,Ajax,0.0,8000000.0,loan_in
2024/25,Wolves,800176,André,2024-08-30,Fluminense,22000000.0,25000000.0,paid
2024/25,Wolves,863741,Nathan Fraser,2024-12-12,Zulte Waregem,0.0,800000.0,loan_return
2024/25,Wolves,683895,Emmanuel Agbadou,2025-01-09,Stade Reims,20000000.0,10000000.0,paid
2024/25,Wolves,724783,Tawanda Chirewa,2025-01-13,Derby,0.0,500000.0,loan_return
2024/25,Wolves,414908,Marshall Munetsi,2025-02-03,Stade Reims,18000000.0,10000000.0,paid
2024/25,Wolves,862297,Nasser Djiga,2025-02-03,Red Star,12000000.0,7000000.0,paid
2024/25,Wolves,503975,Joe Hodge,2025-05-31,Huddersfield,0.0,1200000.0,loan_return
2024/25,Wolves,614603,Chem Campbell,2025-05-31,Reading,0.0,900000.0,loan_return
2024/25,Wolves,724783,Tawanda Chirewa,2025-05-31,Huddersfield,0.0,500000.0,loan_return
2024/25,Wolves,485583,Ki-Jana Hoever,2025-06-30,AJ Auxerre,0.0,5000000.0,loan_return
2024/25,Wolves,505653,Fábio Silva,2025-06-30,UD Las Palmas,0.0,20000000.0,loan_return
2024/25,Wolves,695454,Chiquinho,2025-06-30,RCD Mallorca,0.0,2000000.0,loan_return
2024/25,Wolves,698678,Hugo Bueno,2025-06-30,Feyenoord,0.0,8000000.0,loan_return
2025/26,Arsenal,192279,Kepa Arrizabalaga,2025-07-01,Chelsea,5800000.0,10000000.0,paid
2025/26,Arsenal,1187629,Max Dowman,2025-07-01,Arsenal U18,,,youth_promotion
2025/26,Arsenal,423440,Martín Zubimendi,2025-07-06,Real Sociedad,70000000.0,60000000.0,paid
2025/26,Arsenal,148367,Christian Nørgaard,2025-07-10,Brentford,11600000.0,11000000.0,paid
2025/26,Arsenal,503987,Noni Madueke,2025-07-18,Chelsea,56000000.0,40000000.0,paid
2025/26,Arsenal,646750,Cristhian Mosquera,2025-07-24,Valencia,15000000.0,30000000.0,paid
2025/26,Arsenal,325443,Viktor Gyökeres,2025-07-26,Sporting,66900000.0,75000000.0,paid
2025/26,Arsenal,479999,Eberechi Eze,2025-08-23,Crystal Palace,69300000.0,55000000.0,paid
2025/26,Arsenal,659813,Piero Hincapié,2025-09-01,Leverkusen,0.0,50000000.0,loan_in
2025/26,Arsenal,203853,Oleksandr Zinchenko,2026-01-31,Nott'm Forest,0.0,15000000.0,loan_return
2025/26,Arsenal,340325,Reiss Nelson,2026-06-30,Brentford,0.0,8000000.0,loan_return
2025/26,Arsenal,425918,Jakub Kiwior,2026-06-30,Porto,0.0,35000000.0,loan_return
2025/26,Arsenal,493513,Karl Hein,2026-06-30,Werder Bremen,0.0,3000000.0,loan_return
2025/26,Arsenal,537598,Fábio Vieira,2026-06-30,Hamburg,0.0,18000000.0,loan_return
2025/26,Arsenal,890719,Ethan Nwaneri,2026-06-30,Marseille,0.0,35000000.0,loan_return
2025/26,Aston Villa,555074,Oliwier Zych,2025-07-01,Aston Villa U21,,800000.0,youth_promotion
2025/26,Aston Villa,1043003,Yasin Özcan,2025-07-01,Kasimpasa,7000000.0,7500000.0,paid
2025/26,Aston Villa,124884,Marco Bizot,2025-07-15,Stade Brestois,500000.0,3000000.0,paid
2025/26,Aston Villa,500689,Evann Guessand,2025-08-08,Nice,30000000.0,25000000.0,paid
2025/26,Aston Villa,184573,Victor Lindelöf,2025-09-01,Man Utd,0.0,8000000.0,free
2025/26,Aston Villa,401173,Jadon Sancho,2025-09-01,Man Utd,0.0,28000000.0,loan_in
2025/26,Aston Villa,565822,Harvey Elliott,2025-09-01,Liverpool,0.0,30000000.0,loan_in
2025/26,Aston Villa,1005583,Alysson,2026-01-01,Grêmio,10000000.0,8000000.0,paid
2025/26,Aston Villa,387626,Leon Bailey,2026-01-21,Roma,0.0,18000000.0,loan_return
2025/26,Aston Villa,331726,Tammy Abraham,2026-01-27,Besiktas,21000000.0,14000000.0,paid
2025/26,Aston Villa,1043003,Yasin Özcan,2026-01-27,RSC Anderlecht,0.0,5000000.0,loan_return
2025/26,Aston Villa,447661,Douglas Luiz,2026-01-28,Juventus,0.0,25000000.0,loan_in
2025/26,Aston Villa,581672,Samuel Iling-Junior,2026-02-02,West Brom,0.0,10000000.0,loan_return
2025/26,Aston Villa,326029,Donyell Malen,2026-06-30,Roma,0.0,45000000.0,loan_return
2025/26,Aston Villa,500689,Evann Guessand,2026-06-30,Crystal Palace,0.0,25000000.0,loan_return
2025/26,Aston Villa,555074,Oliwier Zych,2026-06-30,Raków,0.0,2000000.0,loan_return
2025/26,Aston Villa,581672,Samuel Iling-Junior,2026-06-30,Pisa,0.0,6500000.0,free
2025/26,Aston Villa,591844,Joe Gauci,2026-06-30,Port Vale,0.0,1200000.0,loan_return
2025/26,Aston Villa,627248,Lewis Dobbin,2026-06-30,Preston,0.0,7000000.0,loan_return
2025/26,Aston Villa,671915,Enzo Barrenechea,2026-06-30,Benfica,0.0,12000000.0,loan_return
2025/26,Aston Villa,848682,Kosta Nedeljkovic,2026-06-30,Leipzig,0.0,6000000.0,loan_return
2025/26,Bournemouth,654539,Adrien Truffert,2025-07-01,Stade Rennais,13500000.0,15000000.0,paid
2025/26,Bournemouth,465555,Djordje Petrovic,2025-07-16,Chelsea,28900000.0,20000000.0,paid
2025/26,Bournemouth,463605,Bafodé Diakité,2025-08-13,Lille,35000000.0,28000000.0,paid
2025/26,Bournemouth,719673,Ben Gannon-Doak,2025-08-18,Liverpool,23200000.0,14000000.0,paid
2025/26,Bournemouth,532776,Amine Adli,2025-08-21,Leverkusen,21000000.0,18000000.0,paid
2025/26,Bournemouth,741257,Álex Jiménez,2025-09-01,AC Milan,0.0,15000000.0,loan_in
2025/26,Bournemouth,989112,Veljko Milosavljevic,2025-09-01,Red Star,15000000.0,1000000.0,paid
2025/26,Bournemouth,52570,Fraser Forster,2026-01-02,Without Club,,600000.0,undisclosed
2025/26,Bournemouth,555076,Romain Faivre,2026-01-13,Al-Taawoun,0.0,5000000.0,loan_return
2025/26,Bournemouth,998101,Alex Tóth,2026-01-20,Ferencváros,12000000.0,8000000.0,paid
2025/26,Bournemouth,481675,Christos Mandas,2026-01-27,Lazio,0.0,5000000.0,loan_in
2025/26,Bournemouth,1012564,Rayan,2026-01-27,Vasco da Gama,28500000.0,25000000.0,paid
2025/26,Bournemouth,391065,Hamed Traoré,2026-06-30,Marseille,0.0,15000000.0,loan_return
2025/26,Bournemouth,471690,Max Aarons,2026-06-30,Rangers,0.0,2500000.0,loan_return
2025/26,Bournemouth,512385,Luis Sinisterra,2026-06-30,Cruzeiro,0.0,11000000.0,loan_return
2025/26,Bournemouth,513970,Julián Araujo,2026-06-30,Celtic,0.0,8000000.0,loan_return
2025/26,Bournemouth,555076,Romain Faivre,2026-06-30,AJ Auxerre,0.0,4000000.0,loan_return
2025/26,Bournemouth,582078,Will Dennis,2026-06-30,Leyton Orient,0.0,350000.0,loan_return
2025/26,Bournemouth,617009,Alex Paulsen,2026-06-30,Lechia Gdansk,0.0,500000.0,loan_return
2025/26,Bournemouth,746740,Daniel Jebbison,2026-06-30,Preston,0.0,6000000.0,loan_return
2025/26,Bournemouth,854721,Ben Winterburn,2026-06-30,Barnet,0.0,450000.0,loan_return
2025/26,Brentford,340918,Caoimhín Kelleher,2025-07-01,Liverpool,14800000.0,20000000.0,paid
2025/26,Brentford,823486,Michael Kayode,2025-07-01,Fiorentina,17500000.0,18000000.0,paid
2025/26,Brentford,1091562,Romelle Donovan,2025-07-01,Birmingham,3600000.0,800000.0,paid
2025/26,Brentford,683620,Antoni Milambo,2025-07-03,Feyenoord,20000000.0,18000000.0,paid
2025/26,Brentford,1008553,Julian Eyestone,2025-07-04,Brentford B,,,undisclosed
2025/26,Brentford,1144158,Benjamin Arthur,2025-07-04,Brentford B,,,undisclosed
2025/26,Brentford,61651,Jordan Henderson,2025-07-15,Ajax,0.0,2500000.0,free
2025/26,Brentford,823231,Dango Ouattara,2025-08-16,Bournemouth,42800000.0,28000000.0,paid
2025/26,Brentford,340325,Reiss Nelson,2025-09-01,Arsenal,0.0,16000000.0,loan_in
2025/26,Brentford,340321,Josh Dasilva,2025-10-23,Without Club,,3000000.0,loan_return
2025/26,Brentford,1011936,Kaye Furo,2026-01-11,Club Brugge,10000000.0,2500000.0,paid
2025/26,Brentford,421637,Frank Onyeka,2026-05-31,Coventry,0.0,8000000.0,loan_return
2025/26,Brentford,741236,Matthew Cox,2026-05-31,Shrewsbury,0.0,700000.0,loan_return
2025/26,Brentford,874538,Ryan Trevitt,2026-05-31,Wigan,0.0,275000.0,loan_return
2025/26,Brentford,954104,Jayden Meghoma,2026-05-31,Rangers,0.0,2000000.0,loan_return
2025/26,Brentford,1141628,Yunus Konak,2026-05-31,Oxford United,0.0,3500000.0,loan_return
2025/26,Brentford,709767,Ji-soo Kim,2026-06-30,1.FC K'lautern,0.0,1800000.0,loan_return
2025/26,Brentford,1144158,Benjamin Arthur,2026-06-30,Celtic,0.0,100000.0,loan_return
2025/26,Brighton,660860,Diego Coppola,2025-07-01,Hellas Verona,11000000.0,10000000.0,paid
2025/26,Brighton,670860,James Beadle,2025-07-01,Brighton U21,,5000000.0,youth_promotion
2025/26,Brighton,724537,Andrew Moran,2025-07-01,Brighton U21,,3500000.0,youth_promotion
2025/26,Brighton,933018,Tom Watson,2025-07-01,Sunderland,12000000.0,8000000.0,paid
2025/26,Brighton,1060087,Charalampos Kostoulas,2025-07-01,Olympiacos,35000000.0,12000000.0,paid
2025/26,Brighton,318508,Olivier Boscagli,2025-07-02,PSV,0.0,20000000.0,free
2025/26,Brighton,429915,Maxim De Cuyper,2025-07-05,Club Brugge,20000000.0,16000000.0,paid
2025/26,Brighton,724537,Andrew Moran,2025-12-31,LAFC,0.0,3500000.0,loan_return
2025/26,Brighton,82873,Pascal Groß,2026-01-02,Dortmund,2000000.0,3500000.0,paid
2025/26,Brighton,581330,Eiran Cashin,2026-01-05,Birmingham,0.0,7000000.0,loan_return
2025/26,Brighton,983989,Facundo Buonanotte,2026-01-14,Chelsea,0.0,18000000.0,loan_return
2025/26,Brighton,1110406,Ibrahim Osman,2026-01-18,AJ Auxerre,0.0,8000000.0,loan_return
2025/26,Brighton,568005,Jeremy Sarmiento,2026-01-23,Cremonese,0.0,5000000.0,loan_return
2025/26,Brighton,380350,Igor Julio,2026-01-27,West Ham,0.0,15000000.0,loan_return
2025/26,Brighton,406634,Matt O'Riley,2026-02-02,Marseille,0.0,20000000.0,loan_return
2025/26,Brighton,568005,Jeremy Sarmiento,2026-05-31,Middlesbrough,0.0,5000000.0,loan_return
2025/26,Brighton,581330,Eiran Cashin,2026-05-31,Blackburn,0.0,5000000.0,loan_return
2025/26,Brighton,646353,Carl Rushworth,2026-05-31,Coventry,0.0,16000000.0,loan_return
2025/26,Brighton,670860,James Beadle,2026-05-31,Birmingham,0.0,6000000.0,loan_return
2025/26,Brighton,878150,Amario Cozier-Duberry,2026-05-31,Bolton,0.0,5000000.0,loan_return
2025/26,Brighton,933018,Tom Watson,2026-05-31,Millwall,0.0,7000000.0,loan_return
2025/26,Brighton,1110406,Ibrahim Osman,2026-05-31,Birmingham,0.0,7000000.0,loan_return
2025/26,Brighton,1178758,Malick Yalcouyé,2026-05-31,Swansea,0.0,12000000.0,loan_return
2025/26,Brighton,648046,Evan Ferguson,2026-06-30,Roma,0.0,20000000.0,loan_return
2025/26,Brighton,660860,Diego Coppola,2026-06-30,Paris FC,0.0,18000000.0,loan_return
2025/26,Brighton,700106,Brajan Gruda,2026-06-30,Leipzig,0.0,28000000.0,loan_return
2025/26,Brighton,983989,Facundo Buonanotte,2026-06-30,Leeds,0.0,12000000.0,loan_return
2025/26,Burnley,314367,Marcus Edwards,2025-07-01,Sporting,10000000.0,12000000.0,paid
2025/26,Burnley,342046,Axel Tuanzebe,2025-07-01,Ipswich,0.0,5000000.0,free
2025/26,Burnley,411537,Zian Flemming,2025-07-01,Millwall,8300000.0,6500000.0,paid
2025/26,Burnley,514285,Quilindschy Hartman,2025-07-01,Feyenoord,10000000.0,14000000.0,paid
2025/26,Burnley,612517,Bashir Humphreys,2025-07-01,Chelsea,14000000.0,7000000.0,paid
2025/26,Burnley,684210,Jaidon Anthony,2025-07-01,Bournemouth,9500000.0,9000000.0,paid
2025/26,Burnley,829299,Max Weiß,2025-07-01,Karlsruher SC,4000000.0,4000000.0,paid
2025/26,Burnley,607226,Loum Tchaouna,2025-07-02,Lazio,13000000.0,10000000.0,paid
2025/26,Burnley,95424,Kyle Walker,2025-07-05,Man City,5000000.0,4000000.0,paid
2025/26,Burnley,293281,Jacob Bruun Larsen,2025-07-11,Stuttgart,4000000.0,5000000.0,paid
2025/26,Burnley,711999,Lesley Ugochukwu,2025-08-06,Chelsea,28700000.0,18000000.0,paid
2025/26,Burnley,74960,Martin Dúbravka,2025-08-07,Newcastle,,1000000.0,undisclosed
2025/26,Burnley,571743,Armando Broja,2025-08-08,Chelsea,23000000.0,12000000.0,paid
2025/26,Burnley,357162,Florentino,2025-09-01,Benfica,0.0,22000000.0,loan_in
2025/26,Burnley,745461,Luca Koleosho,2026-01-08,Espanyol,0.0,4000000.0,loan_return
2025/26,Burnley,444208,Michael Obafemi,2026-01-20,VfL Bochum,0.0,1000000.0,loan_return
2025/26,Burnley,181579,James Ward-Prowse,2026-01-28,West Ham,0.0,6000000.0,loan_in
2025/26,Burnley,444208,Michael Obafemi,2026-05-31,Blackpool,0.0,600000.0,loan_return
2025/26,Burnley,646658,Aaron Ramsey,2026-05-31,Leicester,0.0,6000000.0,loan_return
2025/26,Burnley,412937,Shurandy Sambo,2026-06-30,Sparta R.,0.0,1300000.0,loan_return
2025/26,Burnley,541628,Oliver Sonne,2026-06-30,Sparta Prague,0.0,4000000.0,loan_return
2025/26,Burnley,704155,Andréas Hountondji,2026-06-30,St. Pauli,0.0,3000000.0,loan_return
2025/26,Burnley,745461,Luca Koleosho,2026-06-30,Paris FC,0.0,6000000.0,loan_return
2025/26,Burnley,982081,Oluwaseun Adewumi,2026-06-30,Cercle Brugge,0.0,800000.0,loan_return
2025/26,Chelsea,610849,Liam Delap,2025-06-04,Ipswich,35500000.0,40000000.0,paid
2025/26,Chelsea,910905,Mamadou Sarr,2025-06-09,R. Strasbourg,14000000.0,20000000.0,paid
2025/26,Chelsea,670717,Dário Essugo,2025-06-10,Sporting,22270000.0,20000000.0,paid
2025/26,Chelsea,1052439,Kendry Páez,2025-07-01,Independiente,10000000.0,10000000.0,paid
2025/26,Chelsea,626724,João Pedro,2025-07-02,Brighton,63700000.0,50000000.0,paid
2025/26,Chelsea,670882,Jamie Gittens,2025-07-05,Dortmund,56000000.0,50000000.0,paid
2025/26,Chelsea,659459,Carney Chukwuemeka,2025-07-06,Dortmund,0.0,18000000.0,loan_return
2025/26,Chelsea,1056993,Estêvão,2025-07-14,Palmeiras,45000000.0,60000000.0,paid
2025/26,Chelsea,904802,Jorrel Hato,2025-08-03,Ajax,44180000.0,35000000.0,paid
2025/26,Chelsea,811779,Alejandro Garnacho,2025-08-30,Man Utd,46200000.0,45000000.0,paid
2025/26,Chelsea,938158,Marc Guiu,2025-09-01,Sunderland,0.0,8000000.0,loan_return
2025/26,Chelsea,983989,Facundo Buonanotte,2025-09-01,Brighton,0.0,20000000.0,loan_in
2025/26,Chelsea,746833,Caleb Wiley,2026-01-09,Watford,0.0,8000000.0,loan_return
2025/26,Chelsea,731466,Teddy Sharman-Lowe,2026-01-19,Chelsea U21,,550000.0,youth_promotion
2025/26,Chelsea,787232,David Datro Fofana,2026-01-21,Karagümrük,0.0,5000000.0,loan_return
2025/26,Chelsea,1145504,Aarón Anselmino,2026-01-26,Dortmund,0.0,12000000.0,loan_return
2025/26,Chelsea,1052439,Kendry Páez,2026-01-29,R. Strasbourg,0.0,10000000.0,loan_return
2025/26,Chelsea,910905,Mamadou Sarr,2026-02-02,R. Strasbourg,0.0,25000000.0,loan_return
2025/26,Chelsea,386047,Axel Disasi,2026-06-30,West Ham,0.0,15000000.0,loan_return
2025/26,Chelsea,776890,Nicolas Jackson,2026-06-30,Bayern Munich,0.0,40000000.0,loan_return
2025/26,Chelsea,787232,David Datro Fofana,2026-06-30,R. Strasbourg,0.0,4000000.0,loan_return
2025/26,Chelsea,834397,Mike Penders,2026-06-30,R. Strasbourg,0.0,25000000.0,loan_return
2025/26,Chelsea,936874,Tyrique George,2026-06-30,Everton,0.0,20000000.0,loan_return
2025/26,Chelsea,1145504,Aarón Anselmino,2026-06-30,R. Strasbourg,0.0,10000000.0,loan_return
2025/26,Crystal Palace,296802,Walter Benítez,2025-07-01,PSV,0.0,7500000.0,free
2025/26,Crystal Palace,814848,Owen Goodman,2025-07-01,Palace U21,,600000.0,undisclosed
2025/26,Crystal Palace,1047257,Rio Cardines,2025-07-01,Palace U21,,,undisclosed
2025/26,Crystal Palace,293194,Borna Sosa,2025-07-11,Ajax,2300000.0,4500000.0,paid
2025/26,Crystal Palace,568157,Yéremy Pino,2025-08-29,Villarreal,30000000.0,30000000.0,paid
2025/26,Crystal Palace,1006411,Jaydee Canvot,2025-09-01,Toulouse,23000000.0,4000000.0,paid
2025/26,Crystal Palace,1124005,Christantus Uche,2025-09-01,Getafe,0.0,15000000.0,loan_in
2025/26,Crystal Palace,470607,Brennan Johnson,2026-01-02,Tottenham,40000000.0,35000000.0,paid
2025/26,Crystal Palace,814848,Owen Goodman,2026-01-08,Huddersfield,0.0,550000.0,loan_return
2025/26,Crystal Palace,586834,Jesurun Rak-Sakyi,2026-01-10,C. Rizespor,0.0,6000000.0,loan_return
2025/26,Crystal Palace,500689,Evann Guessand,2026-01-30,Aston Villa,0.0,28000000.0,loan_in
2025/26,Crystal Palace,429983,Jørgen Strand Larsen,2026-02-02,Wolves,49700000.0,40000000.0,paid
2025/26,Crystal Palace,586834,Jesurun Rak-Sakyi,2026-05-31,Stoke City,0.0,6000000.0,loan_return
2025/26,Crystal Palace,865993,David Ozoh,2026-05-31,Derby,0.0,2200000.0,loan_return
2025/26,Crystal Palace,967319,Romain Esse,2026-05-31,Coventry,0.0,10000000.0,loan_return
2025/26,Crystal Palace,743597,Matheus França,2026-06-30,Vasco da Gama,0.0,6000000.0,loan_return
2025/26,Crystal Palace,814848,Owen Goodman,2026-06-30,Barnsley,0.0,550000.0,loan_return
2025/26,Everton,663225,Tyler Onyango,2025-07-01,Everton U21,,300000.0,youth_promotion
2025/26,Everton,748319,Carlos Alcaraz,2025-07-01,Flamengo,15000000.0,14000000.0,paid
2025/26,Everton,937941,Thierno Barry,2025-07-09,Villarreal,30000000.0,20000000.0,paid
2025/26,Everton,357658,Mark Travers,2025-07-15,Bournemouth,4600000.0,4000000.0,paid
2025/26,Everton,938146,Adam Aznou,2025-07-29,Bayern Munich,9000000.0,4000000.0,paid
2025/26,Everton,475188,Kiernan Dewsbury-Hall,2025-08-06,Chelsea,28650000.0,20000000.0,paid
2025/26,Everton,203460,Jack Grealish,2025-08-12,Man City,0.0,28000000.0,loan_in
2025/26,Everton,215810,Tom King,2025-08-15,Wolves,,200000.0,undisclosed
2025/26,Everton,866655,Tyler Dibling,2025-08-25,Southampton,40500000.0,25000000.0,paid
2025/26,Everton,608832,Merlin Röhl,2025-09-01,Freiburg,0.0,12000000.0,loan_in
2025/26,Everton,1107733,Harrison Armstrong,2026-01-01,Preston,0.0,1200000.0,loan_return
2025/26,Everton,936874,Tyrique George,2026-02-02,Chelsea,0.0,22000000.0,loan_in
2025/26,Everton,663225,Tyler Onyango,2026-05-31,Stockport,0.0,350000.0,loan_return
2025/26,Fulham,127181,Benjamin Lecomte,2025-07-26,Montpellier,500000.0,1500000.0,paid
2025/26,Fulham,401922,Samuel Chukwueze,2025-09-01,AC Milan,0.0,10000000.0,loan_in
2025/26,Fulham,900195,Kevin,2025-09-01,Shakhtar D.,40000000.0,12000000.0,paid
2025/26,Fulham,1069512,Jonah Kusi-Asare,2025-09-01,Bayern Munich,0.0,2500000.0,loan_in
2025/26,Fulham,817612,Luke Harris,2026-01-07,Oxford United,0.0,1000000.0,loan_return
2025/26,Fulham,381469,Steven Benda,2026-01-12,Millwall,0.0,1000000.0,loan_return
2025/26,Fulham,661207,Oscar Bobb,2026-01-30,Man City,31200000.0,25000000.0,paid
2025/26,Fulham,817612,Luke Harris,2026-05-31,Wycombe,0.0,900000.0,loan_return
2025/26,Fulham,381469,Steven Benda,2026-06-30,Feyenoord,0.0,1000000.0,loan_return
2025/26,Leeds,314288,Lukas Nmecha,2025-07-01,Wolfsburg,0.0,3000000.0,free
2025/26,Leeds,338629,Sebastiaan Bornauw,2025-07-01,Wolfsburg,6000000.0,6000000.0,paid
2025/26,Leeds,371851,Jaka Bijol,2025-07-01,Udinese,18000000.0,18000000.0,paid
2025/26,Leeds,362108,Gabriel Gudmundsson,2025-07-08,Lille,11600000.0,7000000.0,paid
2025/26,Leeds,346707,Sean Longstaff,2025-07-18,Newcastle,13800000.0,20000000.0,paid
2025/26,Leeds,344069,Anton Stach,2025-07-22,Hoffenheim,20000000.0,14000000.0,paid
2025/26,Leeds,352041,Lucas Perri,2025-07-26,Lyon,16000000.0,10000000.0,paid
2025/26,Leeds,306024,Dominic Calvert-Lewin,2025-08-15,Everton,0.0,16000000.0,free
2025/26,Leeds,346890,Noah Okafor,2025-08-21,AC Milan,19000000.0,13000000.0,paid
2025/26,Leeds,413220,James Justin,2025-08-25,Leicester,9300000.0,13000000.0,paid
2025/26,Leeds,883539,Charlie Crew,2026-01-01,Doncaster,0.0,150000.0,loan_return
2025/26,Leeds,983989,Facundo Buonanotte,2026-01-15,Brighton,0.0,18000000.0,loan_in
2025/26,Leeds,263361,Maximilian Wöber,2026-06-30,Werder Bremen,0.0,3000000.0,loan_return
2025/26,Leeds,417346,Jack Harrison,2026-06-30,Fiorentina,0.0,6500000.0,loan_return
2025/26,Leeds,449597,Isaac Schmidt,2026-06-30,Werder Bremen,0.0,2200000.0,loan_return
2025/26,Leeds,518644,Largie Ramazani,2026-06-30,Valencia,0.0,8000000.0,loan_return
2025/26,Leeds,834742,Mateo Joseph,2026-06-30,RCD Mallorca,0.0,3500000.0,loan_return
2025/26,Liverpool,226049,Freddie Woodman,2025-07-01,Preston,0.0,3500000.0,free
2025/26,Liverpool,484547,Jeremie Frimpong,2025-07-01,Leverkusen,40000000.0,50000000.0,paid
2025/26,Liverpool,598577,Florian Wirtz,2025-07-01,Leverkusen,125000000.0,140000000.0,paid
2025/26,Liverpool,633652,Calvin Ramsay,2025-07-01,Liverpool U21,,2500000.0,youth_promotion
2025/26,Liverpool,730861,Milos Kerkez,2025-07-01,Bournemouth,46900000.0,45000000.0,paid
2025/26,Liverpool,1045123,Trey Nyoni,2025-07-01,Liverpool U21,,4500000.0,youth_promotion
2025/26,Liverpool,1108466,Rio Ngumoha,2025-07-01,Liverpool U18,,,youth_promotion
2025/26,Liverpool,709726,Hugo Ekitiké,2025-07-23,Frankfurt,95000000.0,75000000.0,paid
2025/26,Liverpool,1086619,Giovanni Leoni,2025-08-15,Parma,29450000.0,18000000.0,paid
2025/26,Liverpool,349066,Alexander Isak,2025-09-01,Newcastle,145000000.0,120000000.0,paid
2025/26,Liverpool,706815,Harvey Davies,2026-02-02,Crawley Town,0.0,500000.0,loan_return
2025/26,Liverpool,338070,Konstantinos Tsimikas,2026-06-30,Roma,0.0,4500000.0,loan_return
2025/26,Liverpool,486604,Vitezslav Jaros,2026-06-30,Ajax,0.0,5000000.0,loan_return
2025/26,Liverpool,565822,Harvey Elliott,2026-06-30,Aston Villa,0.0,20000000.0,loan_return
2025/26,Man City,578391,Rayan Aït-Nouri,2025-06-09,Wolves,36800000.0,35000000.0,paid
2025/26,Man City,116648,Marcus Bettinelli,2025-06-10,Chelsea,2400000.0,600000.0,paid
2025/26,Man City,460939,Tijjani Reijnders,2025-06-10,AC Milan,54900000.0,50000000.0,paid
2025/26,Man City,607223,Rayan Cherki,2025-06-10,Lyon,36500000.0,45000000.0,paid
2025/26,Man City,911736,Sverre Nypan,2025-07-17,Rosenborg BK,15000000.0,15000000.0,paid
2025/26,Man City,566799,James Trafford,2025-07-29,Burnley,31200000.0,22000000.0,paid
2025/26,Man City,315858,Gianluigi Donnarumma,2025-09-01,PSG,30000000.0,40000000.0,paid
2025/26,Man City,994536,Claudio Echeverri,2025-12-31,Leverkusen,0.0,15000000.0,loan_return
2025/26,Man City,843595,Max Alleyne,2026-01-06,Man City U21,,800000.0,youth_promotion
2025/26,Man City,583255,Antoine Semenyo,2026-01-09,Bournemouth,72000000.0,65000000.0,paid
2025/26,Man City,392757,Marc Guéhi,2026-01-19,Crystal Palace,23000000.0,55000000.0,paid
2025/26,Man City,911736,Sverre Nypan,2026-02-02,Middlesbrough,0.0,15000000.0,loan_return
2025/26,Man City,203460,Jack Grealish,2026-06-30,Everton,0.0,20000000.0,loan_return
2025/26,Man City,284730,Manuel Akanji,2026-06-30,Inter,0.0,17000000.0,loan_return
2025/26,Man City,351749,Kalvin Phillips,2026-06-30,Sheff Utd,0.0,2500000.0,loan_return
2025/26,Man City,576121,Josh Wilson-Esbrand,2026-06-30,Radomiak,0.0,2500000.0,loan_return
2025/26,Man City,649452,Issa Kaboré,2026-06-30,Wrexham,0.0,4000000.0,loan_return
2025/26,Man City,994536,Claudio Echeverri,2026-06-30,Girona,0.0,15000000.0,loan_return
2025/26,Man City,1005575,Vitor Reis,2026-06-30,Girona,0.0,30000000.0,loan_return
2025/26,Man City,1121298,Juma Bah,2026-06-30,Nice,0.0,10000000.0,loan_return
2025/26,Man United,517894,Matheus Cunha,2025-07-01,Wolves,74200000.0,60000000.0,paid
2025/26,Man United,888639,Ethan Wheatley,2025-07-01,Man Utd U21,,,youth_promotion
2025/26,Man United,1042886,Chido Obi,2025-07-01,Man Utd U18,,5000000.0,youth_promotion
2025/26,Man United,1283997,Diego León,2025-07-05,Cerro Porteño,4000000.0,4000000.0,paid
2025/26,Man United,413039,Bryan Mbeumo,2025-07-21,Brentford,75000000.0,55000000.0,paid
2025/26,Man United,627442,Benjamin Sesko,2025-08-09,Leipzig,76500000.0,70000000.0,paid
2025/26,Man United,503883,Senne Lammens,2025-09-01,Royal Antwerp,21000000.0,9000000.0,paid
2025/26,Man United,654253,Toby Collyer,2026-01-01,West Brom,0.0,5000000.0,loan_return
2025/26,Man United,888639,Ethan Wheatley,2026-01-12,Northampton,0.0,150000.0,loan_return
2025/26,Man United,1011738,Harry Amass,2026-01-23,Sheff Wed,0.0,5000000.0,loan_return
2025/26,Man United,911424,Tyler Fredricson,2026-04-01,Man Utd U21,,3000000.0,youth_promotion
2025/26,Man United,234509,André Onana,2026-06-30,Trabzonspor,0.0,10000000.0,loan_return
2025/26,Man United,258923,Marcus Rashford,2026-06-30,Barcelona,0.0,40000000.0,loan_return
2025/26,Man United,401173,Jadon Sancho,2026-06-30,Aston Villa,0.0,18000000.0,loan_return
2025/26,Man United,610442,Rasmus Højlund,2026-06-30,Napoli,0.0,60000000.0,loan_return
2025/26,Man United,654253,Toby Collyer,2026-06-30,Hull City,0.0,5000000.0,loan_return
2025/26,Man United,888639,Ethan Wheatley,2026-06-30,Bradford,0.0,250000.0,loan_return
2025/26,Man United,1011738,Harry Amass,2026-06-30,Norwich,0.0,5000000.0,loan_return
2025/26,Newcastle,559130,Harrison Ashby,2025-07-01,Newcastle U21,,1400000.0,youth_promotion
2025/26,Newcastle,900601,Alex Murphy,2025-07-01,Newcastle U21,,300000.0,youth_promotion
2025/26,Newcastle,583189,Anthony Elanga,2025-07-11,Nott'm Forest,61400000.0,42000000.0,paid
2025/26,Newcastle,427568,Aaron Ramsdale,2025-08-02,Southampton,0.0,16000000.0,loan_in
2025/26,Newcastle,521964,Malick Thiaw,2025-08-12,AC Milan,35000000.0,18000000.0,paid
2025/26,Newcastle,503749,Jacob Ramsey,2025-08-17,Aston Villa,45150000.0,32000000.0,paid
2025/26,Newcastle,455661,Nick Woltemade,2025-08-30,Stuttgart,75000000.0,30000000.0,paid
2025/26,Newcastle,388165,Yoane Wissa,2025-09-01,Brentford,57700000.0,32000000.0,paid
2025/26,Newcastle,614811,Joe White,2026-01-05,Leyton Orient,0.0,250000.0,loan_return
2025/26,Newcastle,250478,Matt Targett,2026-05-31,Middlesbrough,0.0,3000000.0,loan_return
2025/26,Newcastle,559130,Harrison Ashby,2026-05-31,Bradford,0.0,1200000.0,loan_return
2025/26,Newcastle,614811,Joe White,2026-05-31,Bradford,0.0,200000.0,loan_return
2025/26,Newcastle,124419,Odysseas Vlachodimos,2026-06-30,Sevilla FC,0.0,3000000.0,loan_return
2025/26,Nott'm Forest,933017,Zach Abbott,2025-07-01,Nottingham U21,,300000.0,undisclosed
2025/26,Nott'm Forest,432164,Igor Jesus,2025-07-05,Botafogo,19000000.0,15000000.0,paid
2025/26,Nott'm Forest,984096,Jair Cunha,2025-07-11,Botafogo,12000000.0,13000000.0,paid
2025/26,Nott'm Forest,365108,Dan Ndoye,2025-07-31,Bologna,42000000.0,35000000.0,paid
2025/26,Nott'm Forest,201574,Angus Gunn,2025-08-06,Norwich,0.0,2200000.0,free
2025/26,Nott'm Forest,583199,James McAtee,2025-08-16,Man City,25500000.0,20000000.0,paid
2025/26,Nott'm Forest,741238,Omari Hutchinson,2025-08-16,Ipswich,43400000.0,22000000.0,paid
2025/26,Nott'm Forest,585959,Arnaud Kalimuendo,2025-08-18,Stade Rennais,30000000.0,22000000.0,paid
2025/26,Nott'm Forest,447661,Douglas Luiz,2025-08-21,Juventus,0.0,30000000.0,loan_in
2025/26,Nott'm Forest,708072,Nicolò Savona,2025-08-30,Juventus,13000000.0,12000000.0,paid
2025/26,Nott'm Forest,432914,John Victor,2025-08-31,Botafogo,8000000.0,8000000.0,paid
2025/26,Nott'm Forest,203853,Oleksandr Zinchenko,2025-09-01,Arsenal,0.0,20000000.0,loan_in
2025/26,Nott'm Forest,540664,Dilane Bakwa,2025-09-01,R. Strasbourg,35000000.0,25000000.0,paid
2025/26,Nott'm Forest,891353,Cuiabano,2025-09-01,Botafogo,6000000.0,8000000.0,paid
2025/26,Nott'm Forest,891353,Cuiabano,2025-12-31,Botafogo,0.0,8000000.0,loan_return
2025/26,Nott'm Forest,897481,Eric da Silva Moreira,2026-01-14,Rio Ave,0.0,1000000.0,loan_return
2025/26,Nott'm Forest,572265,Lorenzo Lucca,2026-01-23,Napoli,0.0,25000000.0,loan_in
2025/26,Nott'm Forest,85941,Stefan Ortega,2026-02-01,Man City,580000.0,5000000.0,paid
2025/26,Nott'm Forest,524285,Luca Netz,2026-02-02,Mönchengladbach,2500000.0,6000000.0,paid
2025/26,Nott'm Forest,424881,Omar Richards,2026-06-30,Rio Ave,0.0,2000000.0,loan_return
2025/26,Nott'm Forest,498237,David Carmo,2026-06-30,Real Oviedo,0.0,5000000.0,loan_return
2025/26,Nott'm Forest,585959,Arnaud Kalimuendo,2026-06-30,Frankfurt,0.0,25000000.0,loan_return
2025/26,Nott'm Forest,663244,Jota Silva,2026-06-30,Besiktas,0.0,10000000.0,loan_return
2025/26,Nott'm Forest,1007720,Tyler Bindon,2026-06-30,Sheff Utd,0.0,3500000.0,loan_return
2025/26,Sunderland,633992,Enzo Le Fée,2025-07-01,Roma,23750000.0,18000000.0,paid
2025/26,Sunderland,876631,Habib Diarra,2025-07-01,R. Strasbourg,31500000.0,20000000.0,paid
2025/26,Sunderland,937840,Harrison Jones,2025-07-01,Sunderland U21,,150000.0,youth_promotion
2025/26,Sunderland,727089,Noah Sadiki,2025-07-04,Union SG,17000000.0,12000000.0,paid
2025/26,Sunderland,240692,Reinildo Mandava,2025-07-08,Atlético,0.0,5000000.0,free
2025/26,Sunderland,743384,Chemsdine Talbi,2025-07-09,Club Brugge,20000000.0,8000000.0,paid
2025/26,Sunderland,658536,Simon Adingra,2025-07-10,Brighton,24400000.0,28000000.0,paid
2025/26,Sunderland,111455,Granit Xhaka,2025-07-30,Leverkusen,15000000.0,12000000.0,paid
2025/26,Sunderland,646991,Robin Roefs,2025-08-01,NEC Nijmegen,10500000.0,4000000.0,paid
2025/26,Sunderland,938158,Marc Guiu,2025-08-06,Chelsea,0.0,8000000.0,loan_in
2025/26,Sunderland,181380,Arthur Masuaku,2025-08-10,Besiktas,0.0,3000000.0,free
2025/26,Sunderland,353032,Omar Alderete,2025-08-12,Getafe,11600000.0,8000000.0,paid
2025/26,Sunderland,348026,Nordi Mukiele,2025-08-17,PSG,12000000.0,10000000.0,paid
2025/26,Sunderland,131996,Bertrand Traoré,2025-09-01,Ajax,2900000.0,8000000.0,paid
2025/26,Sunderland,420210,Lutsharel Geertruida,2025-09-01,Leipzig,0.0,20000000.0,loan_in
2025/26,Sunderland,473169,Brian Brobbey,2025-09-01,Ajax,20000000.0,22000000.0,paid
2025/26,Sunderland,1322090,Jocelin Ta Bi,2026-01-16,Maccabi Netanya,4000000.0,375000.0,paid
2025/26,Sunderland,942738,Milan Aleksic,2026-01-25,Cracovia,0.0,700000.0,loan_return
2025/26,Sunderland,605426,Melker Ellborg,2026-02-01,Malmö,3450000.0,500000.0,paid
2025/26,Sunderland,903611,Nilson Angulo,2026-02-02,RSC Anderlecht,17340000.0,7000000.0,paid
2025/26,Sunderland,181380,Arthur Masuaku,2026-06-30,Lens,0.0,2000000.0,loan_return
2025/26,Sunderland,366729,Nazariy Rusyn,2026-06-30,Arka Gdynia,0.0,600000.0,loan_return
2025/26,Sunderland,538998,Timothée Pembélé,2026-06-30,Le Havre AC,0.0,1800000.0,loan_return
2025/26,Sunderland,617755,Jenson Seelt,2026-06-30,Wolfsburg,0.0,5000000.0,loan_return
2025/26,Sunderland,658536,Simon Adingra,2026-06-30,Monaco,0.0,22000000.0,loan_return
2025/26,Sunderland,840687,Luís Semedo,2026-06-30,Moreirense,0.0,600000.0,loan_return
2025/26,Tottenham,263236,Kevin Danso,2025-07-01,Lens,25000000.0,25000000.0,paid
2025/26,Tottenham,801734,Mathys Tel,2025-07-01,Bayern Munich,35000000.0,35000000.0,paid
2025/26,Tottenham,892160,Luka Vuskovic,2025-07-01,Hajduk Split,11000000.0,12000000.0,paid
2025/26,Tottenham,671108,Kota Takai,2025-07-08,Kawasaki Front.,5800000.0,2500000.0,paid
2025/26,Tottenham,543499,Mohammed Kudus,2025-07-10,West Ham,63800000.0,45000000.0,paid
2025/26,Tottenham,257455,João Palhinha,2025-08-03,Bayern Munich,0.0,30000000.0,loan_in
2025/26,Tottenham,566931,Xavi Simons,2025-08-29,Leipzig,65000000.0,70000000.0,paid
2025/26,Tottenham,487969,Randal Kolo Muani,2025-09-01,PSG,0.0,30000000.0,loan_in
2025/26,Tottenham,396638,Manor Solomon,2026-01-01,Villarreal,0.0,9000000.0,loan_return
2025/26,Tottenham,1004327,Min-hyeok Yang,2026-01-05,Portsmouth,0.0,3000000.0,loan_return
2025/26,Tottenham,488362,Conor Gallagher,2026-01-14,Atlético,40000000.0,35000000.0,paid
2025/26,Tottenham,1086258,Souza,2026-01-22,Santos,15000000.0,5000000.0,paid
2025/26,Tottenham,670883,Dane Scarlett,2026-05-31,Hibernian FC,0.0,1500000.0,loan_return
2025/26,Tottenham,859951,Ashley Phillips,2026-05-31,Stoke City,0.0,7000000.0,loan_return
2025/26,Tottenham,396638,Manor Solomon,2026-06-30,Fiorentina,0.0,8000000.0,loan_return
2025/26,Tottenham,671108,Kota Takai,2026-06-30,Mönchengladbach,0.0,5000000.0,loan_return
2025/26,Tottenham,728734,Alfie Devine,2026-06-30,Preston,0.0,4500000.0,loan_return
2025/26,Tottenham,888493,Alejo Veliz,2026-06-30,Rosario Central,0.0,4000000.0,loan_return
2025/26,Tottenham,892160,Luka Vuskovic,2026-06-30,Hamburg,0.0,60000000.0,loan_return
2025/26,Tottenham,1004327,Min-hyeok Yang,2026-06-30,Coventry,0.0,3000000.0,loan_return
2025/26,Tottenham,1011147,Mikey Moore,2026-06-30,Rangers,0.0,18000000.0,loan_return
2025/26,West Ham,605184,Jean-Clair Todibo,2025-07-01,Nice,40000000.0,25000000.0,paid
2025/26,West Ham,698164,Freddie Potts,2025-07-01,West Ham U21,,1400000.0,youth_promotion
2025/26,West Ham,845321,Kaelan Casey,2025-07-01,West Ham U21,,1000000.0,youth_promotion
2025/26,West Ham,953135,Callum Marshall,2025-07-01,West Ham U21,,1800000.0,youth_promotion
2025/26,West Ham,1111589,El Hadji Malick Diouf,2025-07-15,Slavia Praha,22000000.0,18000000.0,paid
2025/26,West Ham,341051,Kyle Walker-Peters,2025-07-20,Southampton,0.0,15000000.0,free
2025/26,West Ham,123682,Callum Wilson,2025-08-02,Newcastle,0.0,8000000.0,free
2025/26,West Ham,400536,Mads Hermansen,2025-08-09,Leicester,20800000.0,15000000.0,paid
2025/26,West Ham,745181,Soungoutou Magassa,2025-08-29,Monaco,17000000.0,12000000.0,paid
2025/26,West Ham,880245,Mateus Fernandes,2025-08-29,Southampton,44000000.0,15000000.0,paid
2025/26,West Ham,380350,Igor Julio,2025-09-01,Brighton,0.0,20000000.0,loan_in
2025/26,West Ham,29692,Lukasz Fabianski,2025-09-10,Without Club,,500000.0,loan_return
2025/26,West Ham,1081995,Mohamadou Kanté,2025-10-27,West Ham U21,,200000.0,youth_promotion
2025/26,West Ham,817665,Pablo,2026-01-02,Gil Vicente,23000000.0,5000000.0,paid
2025/26,West Ham,522784,Taty Castellanos,2026-01-05,Lazio,29000000.0,25000000.0,paid
2025/26,West Ham,845321,Kaelan Casey,2026-01-15,Swansea,0.0,1000000.0,loan_return
2025/26,West Ham,1004203,Keiber Lamadrid,2026-01-22,Dep. La Guaira,0.0,1200000.0,loan_in
2025/26,West Ham,204103,Adama Traoré,2026-01-28,Fulham,2300000.0,8000000.0,paid
2025/26,West Ham,386047,Axel Disasi,2026-02-02,Chelsea,0.0,15000000.0,loan_in
2025/26,West Ham,75489,Niclas Füllkrug,2026-06-30,AC Milan,0.0,3500000.0,loan_return
2025/26,West Ham,181579,James Ward-Prowse,2026-06-30,Burnley,0.0,5000000.0,loan_return
2025/26,West Ham,234781,Maxwel Cornet,2026-06-30,Genoa,0.0,2000000.0,loan_return
2025/26,West Ham,401356,Edson Álvarez,2026-06-30,Fenerbahçe,0.0,15000000.0,loan_return
2025/26,West Ham,845321,Kaelan Casey,2026-06-30,Leyton Orient,0.0,1000000.0,loan_return
2025/26,West Ham,953135,Callum Marshall,2026-06-30,VfL Bochum,0.0,2000000.0,loan_return
2025/26,Wolves,429983,Jørgen Strand Larsen,2025-07-01,Celta de Vigo,27000000.0,30000000.0,paid
2025/26,Wolves,1064471,Fer López,2025-07-01,Celta de Vigo,23000000.0,5000000.0,paid
2025/26,Wolves,1230661,Mateus Mané,2025-07-01,Wolves U18,,200000.0,youth_promotion
2025/26,Wolves,588989,Jhon Arias,2025-07-24,Fluminense,17000000.0,17000000.0,paid
2025/26,Wolves,661427,David Møller Wolfe,2025-08-02,AZ Alkmaar,12000000.0,9000000.0,paid
2025/26,Wolves,848509,Jackson Tchatchoua,2025-08-19,Hellas Verona,12500000.0,8000000.0,paid
2025/26,Wolves,345911,Ladislav Krejci,2025-08-28,Girona,0.0,12000000.0,loan_in
2025/26,Wolves,683571,Tolu Arokodare,2025-09-01,Genk,26000000.0,18000000.0,paid
2025/26,Wolves,1193867,Pedro Lima,2025-12-31,FC Porto B,0.0,4000000.0,loan_return
2025/26,Wolves,250426,Adam Armstrong,2026-02-02,Southampton,8100000.0,9000000.0,paid
2025/26,Wolves,392770,Angel Gomes,2026-02-02,Marseille,0.0,18000000.0,loan_in
2025/26,Wolves,433183,Tommy Doyle,2026-05-31,Birmingham,0.0,7000000.0,loan_return
2025/26,Wolves,485583,Ki-Jana Hoever,2026-05-31,Sheff Utd,0.0,3500000.0,loan_return
2025/26,Wolves,724783,Tawanda Chirewa,2026-05-31,Barnsley,0.0,450000.0,loan_return
2025/26,Wolves,862297,Nasser Djiga,2026-05-31,Rangers,0.0,6000000.0,loan_return
2025/26,Wolves,369567,Sasa Kalajdzic,2026-06-30,LASK,0.0,4000000.0,loan_return
2025/26,Wolves,414908,Marshall Munetsi,2026-06-30,Paris FC,0.0,15000000.0,loan_return
2025/26,Wolves,649020,Boubacar Traoré,2026-06-30,FC Metz,0.0,4000000.0,loan_return
2025/26,Wolves,1064471,Fer López,2026-06-30,Celta de Vigo,0.0,16000000.0,loan_return
