season,understat_id,date,home_team,away_team,home_goals,away_goals,home_xg,away_xg
2014/15,4755,2014-08-16,Arsenal,Crystal Palace,2,1,1.55411,0.158151
2014/15,4750,2014-08-16,Leicester,Everton,2,2,1.2783,0.613273
2014/15,4749,2014-08-16,Man United,Swansea,1,2,1.16635,0.278076
2014/15,4751,2014-08-16,QPR,Hull,0,1,1.90067,1.11757
2014/15,4752,2014-08-16,Stoke,Aston Villa,0,1,0.423368,0.909774
2014/15,4753,2014-08-16,West Brom,Sunderland,2,2,1.68343,0.991901
2014/15,4754,2014-08-16,West Ham,Tottenham,0,1,1.8531,1.01706
2014/15,4756,2014-08-17,Liverpool,Southampton,2,1,1.33192,1.55248
2014/15,4757,2014-08-17,Newcastle,Man City,0,2,0.965583,1.48053
2014/15,4758,2014-08-18,Burnley,Chelsea,1,3,0.371141,2.12996
2014/15,4759,2014-08-23,Aston Villa,Newcastle,0,0,0.507525,0.699295
2014/15,4760,2014-08-23,Chelsea,Leicester,2,0,2.02939,0.550894
2014/15,4761,2014-08-23,Crystal Palace,West Ham,1,3,0.617283,1.33957
2014/15,4764,2014-08-23,Everton,Arsenal,2,2,1.33429,1.43355
2014/15,4762,2014-08-23,Southampton,West Brom,0,0,0.665853,0.665791
2014/15,4763,2014-08-23,Swansea,Burnley,1,0,0.914215,0.843331
2014/15,4765,2014-08-24,Hull,Stoke,1,1,0.870175,1.60916
2014/15,4767,2014-08-24,Sunderland,Man United,1,1,0.666489,0.941557
2014/15,4766,2014-08-24,Tottenham,QPR,4,0,2.38894,1.07617
2014/15,4768,2014-08-25,Man City,Liverpool,3,1,1.31375,0.901889
2014/15,4769,2014-08-30,Burnley,Man United,0,0,0.513746,0.467281
2014/15,4775,2014-08-30,Everton,Chelsea,3,6,1.4491,2.02665
2014/15,4770,2014-08-30,Man City,Stoke,0,1,0.891768,0.299792
2014/15,4771,2014-08-30,Newcastle,Crystal Palace,3,3,1.69776,1.66056
2014/15,4772,2014-08-30,QPR,Sunderland,1,0,1.27277,0.964343
2014/15,4773,2014-08-30,Swansea,West Brom,3,0,2.02641,0.696665
2014/15,4774,2014-08-30,West Ham,Southampton,1,3,0.635223,1.57513
2014/15,4776,2014-08-31,Aston Villa,Hull,2,1,0.639316,0.28888
2014/15,4778,2014-08-31,Leicester,Arsenal,1,1,0.809743,2.29649
2014/15,4777,2014-08-31,Tottenham,Liverpool,0,3,0.48592,2.74317
2014/15,4719,2014-09-13,Arsenal,Man City,2,2,2.07804,2.30834
2014/15,4720,2014-09-13,Chelsea,Swansea,4,2,3.56581,1.02153
2014/15,4721,2014-09-13,Crystal Palace,Burnley,0,0,0.780534,1.2493
2014/15,4726,2014-09-13,Liverpool,Aston Villa,0,1,0.728097,0.701676
2014/15,4722,2014-09-13,Southampton,Newcastle,4,0,2.11739,1.15026
2014/15,4723,2014-09-13,Stoke,Leicester,0,1,1.64782,0.598313
2014/15,4724,2014-09-13,Sunderland,Tottenham,2,2,0.338966,2.03694
2014/15,4725,2014-09-13,West Brom,Everton,0,2,0.602059,0.807492
2014/15,4727,2014-09-14,Man United,QPR,4,0,2.20911,0.563524
2014/15,4728,2014-09-15,Hull,West Ham,2,2,0.439084,0.661678
2014/15,4731,2014-09-20,Aston Villa,Arsenal,0,3,0.649013,1.36224
2014/15,4732,2014-09-20,Burnley,Sunderland,0,0,0.710673,0.643512
2014/15,4733,2014-09-20,Newcastle,Hull,2,2,1.91632,0.854291
2014/15,4729,2014-09-20,QPR,Stoke,2,2,1.05642,1.45847
2014/15,4730,2014-09-20,Swansea,Southampton,0,1,0.520262,0.750244
2014/15,4734,2014-09-20,West Ham,Liverpool,3,1,1.26032,0.37835
2014/15,4738,2014-09-21,Everton,Crystal Palace,2,3,2.56122,1.62886
2014/15,4736,2014-09-21,Leicester,Man United,5,3,2.5422,1.71191
2014/15,4737,2014-09-21,Man City,Chelsea,1,1,1.05592,1.02093
2014/15,4735,2014-09-21,Tottenham,West Brom,0,1,0.438596,1.08401
2014/15,4746,2014-09-27,Arsenal,Tottenham,1,1,1.2647,0.673535
2014/15,4742,2014-09-27,Chelsea,Aston Villa,3,0,3.14218,0.228896
2014/15,4743,2014-09-27,Crystal Palace,Leicester,2,0,2.1144,0.453547
2014/15,4744,2014-09-27,Hull,Man City,2,4,1.12374,1.78953
2014/15,4739,2014-09-27,Liverpool,Everton,1,1,1.5286,0.475885
2014/15,4740,2014-09-27,Man United,West Ham,2,1,0.520246,1.27452
2014/15,4741,2014-09-27,Southampton,QPR,2,1,2.34463,0.456323
2014/15,4745,2014-09-27,Sunderland,Swansea,0,0,1.39649,0.156398
2014/15,4747,2014-09-28,West Brom,Burnley,4,0,1.81127,0.473814
2014/15,4748,2014-09-29,Stoke,Newcastle,1,0,1.56203,1.13994
2014/15,4694,2014-10-04,Aston Villa,Man City,0,2,0.690283,2.30634
2014/15,4689,2014-10-04,Hull,Crystal Palace,2,0,1.07209,0.616109
2014/15,4690,2014-10-04,Leicester,Burnley,2,2,1.57773,0.957718
2014/15,4691,2014-10-04,Liverpool,West Brom,2,1,1.56163,1.4384
2014/15,4692,2014-10-04,Sunderland,Stoke,3,1,1.40551,0.478187
2014/15,4693,2014-10-04,Swansea,Newcastle,2,2,1.55242,1.18603
2014/15,4697,2014-10-05,Chelsea,Arsenal,2,0,1.40263,0.330699
2014/15,4695,2014-10-05,Man United,Everton,2,1,1.6239,2.13558
2014/15,4696,2014-10-05,Tottenham,Southampton,1,0,0.898735,1.14587
2014/15,4698,2014-10-05,West Ham,QPR,2,0,1.64038,0.697342
2014/15,4705,2014-10-18,Arsenal,Hull,2,2,2.14845,0.552062
2014/15,4701,2014-10-18,Burnley,West Ham,1,3,1.74404,2.84138
2014/15,4702,2014-10-18,Crystal Palace,Chelsea,1,2,1.16779,1.01515
2014/15,4700,2014-10-18,Everton,Aston Villa,3,0,1.67016,0.37205
2014/15,4699,2014-10-18,Man City,Tottenham,4,1,3.75041,2.32314
2014/15,4704,2014-10-18,Newcastle,Leicester,1,0,2.1929,0.650379
2014/15,4703,2014-10-18,Southampton,Sunderland,8,0,3.71097,0.92175
2014/15,4706,2014-10-19,QPR,Liverpool,2,3,2.60852,1.51813
2014/15,4707,2014-10-19,Stoke,Swansea,2,1,1.75841,2.26827
2014/15,4708,2014-10-20,West Brom,Man United,2,2,0.61662,0.934042
2014/15,4713,2014-10-25,Liverpool,Hull,0,0,0.678924,0.222999
2014/15,4710,2014-10-25,Southampton,Stoke,1,0,1.3758,0.867568
2014/15,4711,2014-10-25,Sunderland,Arsenal,0,2,0.441491,1.47081
2014/15,4714,2014-10-25,Swansea,Leicester,2,0,1.05601,0.773436
2014/15,4712,2014-10-25,West Brom,Crystal Palace,2,2,1.45724,1.77354
2014/15,4709,2014-10-25,West Ham,Man City,2,1,2.62631,1.8643
2014/15,4716,2014-10-26,Burnley,Everton,1,3,1.55564,1.32187
2014/15,4717,2014-10-26,Man United,Chelsea,1,1,1.84074,0.989916
2014/15,4715,2014-10-26,Tottenham,Newcastle,1,2,2.03729,0.73967
2014/15,4718,2014-10-27,QPR,Aston Villa,2,0,0.81667,1.18709
2014/15,4652,2014-11-01,Arsenal,Burnley,3,0,4.3298,0.684259
2014/15,4653,2014-11-01,Chelsea,QPR,2,1,2.23703,0.510067
2014/15,4654,2014-11-01,Everton,Swansea,0,0,1.14779,0.694419
2014/15,4655,2014-11-01,Hull,Southampton,0,1,0.256678,1.90484
2014/15,4651,2014-11-01,Leicester,West Brom,0,1,1.41001,0.562442
2014/15,4649,2014-11-01,Newcastle,Liverpool,1,0,1.56863,0.258953
2014/15,4650,2014-11-01,Stoke,West Ham,2,2,3.06954,0.528668
2014/15,4657,2014-11-02,Aston Villa,Tottenham,1,2,0.872267,2.54173
2014/15,4656,2014-11-02,Man City,Man United,1,0,2.56723,0.727924
2014/15,4658,2014-11-03,Crystal Palace,Sunderland,1,3,0.766023,0.727981
2014/15,4660,2014-11-08,Burnley,Hull,1,0,1.10315,0.526656
2014/15,4659,2014-11-08,Liverpool,Chelsea,1,2,0.531905,1.97201
2014/15,4661,2014-11-08,Man United,Crystal Palace,1,0,0.956776,0.400837
2014/15,4664,2014-11-08,QPR,Man City,2,2,1.86489,1.70189
2014/15,4663,2014-11-08,Southampton,Leicester,2,0,1.00528,0.540434
2014/15,4662,2014-11-08,West Ham,Aston Villa,0,0,1.47873,0.560875
2014/15,4665,2014-11-09,Sunderland,Everton,1,1,0.508326,1.31898
2014/15,4668,2014-11-09,Swansea,Arsenal,2,1,0.520487,1.77699
2014/15,4666,2014-11-09,Tottenham,Stoke,1,2,1.28384,1.24867
2014/15,4667,2014-11-09,West Brom,Newcastle,0,2,0.765208,0.694441
2014/15,4675,2014-11-22,Arsenal,Man United,1,2,2.00193,1.2791
2014/15,4674,2014-11-22,Chelsea,West Brom,2,0,4.36607,0.0930471
2014/15,4673,2014-11-22,Everton,West Ham,2,1,1.82651,1.11958
2014/15,4672,2014-11-22,Leicester,Sunderland,0,0,0.685893,0.889971
2014/15,4671,2014-11-22,Man City,Swansea,2,1,2.26312,0.957011
2014/15,4670,2014-11-22,Newcastle,QPR,1,0,1.47871,0.402285
2014/15,4669,2014-11-22,Stoke,Burnley,1,2,1.94307,1.27532
2014/15,4676,2014-11-23,Crystal Palace,Liverpool,3,1,1.47309,0.952958
2014/15,4677,2014-11-23,Hull,Tottenham,1,2,0.94244,2.16438
2014/15,4678,2014-11-24,Aston Villa,Southampton,1,1,1.13228,0.863156
2014/15,4685,2014-11-29,Burnley,Aston Villa,1,1,2.3058,1.0873
2014/15,4682,2014-11-29,Liverpool,Stoke,1,0,1.71025,0.875424
2014/15,4683,2014-11-29,Man United,Hull,3,0,1.76885,0.230407
2014/15,4684,2014-11-29,QPR,Leicester,3,2,2.98194,2.10013
2014/15,4686,2014-11-29,Sunderland,Chelsea,0,0,1.03133,0.761171
2014/15,4681,2014-11-29,Swansea,Crystal Palace,1,1,1.4626,1.50956
2014/15,4679,2014-11-29,West Brom,Arsenal,0,1,0.31526,1.05603
2014/15,4680,2014-11-29,West Ham,Newcastle,1,0,1.09981,0.246562
2014/15,4687,2014-11-30,Southampton,Man City,0,3,0.804381,2.13214
2014/15,4688,2014-11-30,Tottenham,Everton,2,1,1.13109,0.934335
2014/15,4589,2014-12-02,Burnley,Newcastle,1,1,0.678486,1.0006
2014/15,4593,2014-12-02,Crystal Palace,Aston Villa,0,1,0.801741,0.192439
2014/15,4590,2014-12-02,Leicester,Liverpool,1,3,1.23928,1.3012
2014/15,4591,2014-12-02,Man United,Stoke,2,1,1.91104,1.29092
2014/15,4592,2014-12-02,Swansea,QPR,2,0,1.54207,0.789519
2014/15,4594,2014-12-02,West Brom,West Ham,1,2,1.41302,1.24431
2014/15,4598,2014-12-03,Arsenal,Southampton,1,0,2.37332,0.570955
2014/15,4595,2014-12-03,Chelsea,Tottenham,3,0,1.71947,0.289204
2014/15,4596,2014-12-03,Everton,Hull,1,1,1.27965,0.29547
2014/15,4597,2014-12-03,Sunderland,Man City,1,4,0.412004,1.0386
2014/15,4603,2014-12-06,Hull,West Brom,0,0,0.586305,1.06151
2014/15,4604,2014-12-06,Liverpool,Sunderland,0,0,0.663875,0.268395
2014/15,4605,2014-12-06,Man City,Everton,1,0,2.2487,0.385845
2014/15,4599,2014-12-06,Newcastle,Chelsea,2,1,1.48574,2.16232
2014/15,4600,2014-12-06,QPR,Burnley,2,0,1.63744,1.2646
2014/15,4601,2014-12-06,Stoke,Arsenal,3,2,2.50357,2.02073
2014/15,4602,2014-12-06,Tottenham,Crystal Palace,0,0,0.958788,1.17369
2014/15,4607,2014-12-07,Aston Villa,Leicester,2,1,1.97697,1.0083
2014/15,4606,2014-12-07,West Ham,Swansea,3,1,2.11509,0.998148
2014/15,4608,2014-12-08,Southampton,Man United,1,2,1.8287,0.799261
2014/15,4615,2014-12-13,Arsenal,Newcastle,4,1,2.38819,0.938764
2014/15,4609,2014-12-13,Burnley,Southampton,1,0,0.396158,1.713
2014/15,4610,2014-12-13,Chelsea,Hull,2,0,1.21862,0.435091
2014/15,4611,2014-12-13,Crystal Palace,Stoke,1,1,0.498092,0.898532
2014/15,4614,2014-12-13,Leicester,Man City,0,1,0.360608,1.13411
2014/15,4613,2014-12-13,Sunderland,West Ham,1,1,1.33557,0.870324
2014/15,4612,2014-12-13,West Brom,Aston Villa,1,0,1.4373,0.266303
2014/15,4616,2014-12-14,Man United,Liverpool,3,0,1.79543,1.87114
2014/15,4617,2014-12-14,Swansea,Tottenham,1,2,1.67826,0.731022
2014/15,4618,2014-12-15,Everton,QPR,3,1,0.747708,0.972265
2014/15,4624,2014-12-20,Aston Villa,Man United,1,1,0.575806,1.06851
2014/15,4625,2014-12-20,Hull,Swansea,0,1,0.825885,1.45331
2014/15,4619,2014-12-20,Man City,Crystal Palace,3,0,1.41484,0.760531
2014/15,4622,2014-12-20,QPR,West Brom,3,2,2.92864,1.30117
2014/15,4623,2014-12-20,Southampton,Everton,3,0,2.21266,0.597999
2014/15,4621,2014-12-20,Tottenham,Burnley,2,1,1.77346,0.655135
2014/15,4620,2014-12-20,West Ham,Leicester,2,0,1.45134,0.659983
2014/15,4627,2014-12-21,Liverpool,Arsenal,2,2,1.31858,0.754219
2014/15,4626,2014-12-21,Newcastle,Sunderland,0,1,0.900259,2.18418
2014/15,4628,2014-12-22,Stoke,Chelsea,0,2,0.411669,1.45482
2014/15,4638,2014-12-26,Arsenal,QPR,2,1,2.13888,1.21752
2014/15,4630,2014-12-26,Burnley,Liverpool,0,1,0.61207,1.06708
2014/15,4629,2014-12-26,Chelsea,West Ham,2,0,3.56764,0.45944
2014/15,4635,2014-12-26,Crystal Palace,Southampton,1,3,0.379447,1.30288
2014/15,4634,2014-12-26,Everton,Stoke,0,1,1.00929,1.39552
2014/15,4637,2014-12-26,Leicester,Tottenham,1,2,1.47301,1.35719
2014/15,4636,2014-12-26,Man United,Newcastle,3,1,1.86147,1.03151
2014/15,4632,2014-12-26,Sunderland,Hull,1,3,1.35551,0.85573
2014/15,4631,2014-12-26,Swansea,Aston Villa,1,0,0.601468,1.41578
2014/15,4633,2014-12-26,West Brom,Man City,1,3,2.64442,2.10224
2014/15,4644,2014-12-28,Aston Villa,Sunderland,0,0,0.650993,0.845626
2014/15,4642,2014-12-28,Hull,Leicester,0,1,1.72314,0.180127
2014/15,4643,2014-12-28,Man City,Burnley,2,2,1.38586,0.962215
2014/15,4647,2014-12-28,Newcastle,Everton,3,2,1.71345,1.07321
2014/15,4641,2014-12-28,QPR,Crystal Palace,0,0,0.405679,0.328577
2014/15,4640,2014-12-28,Southampton,Chelsea,1,1,0.528455,0.521788
2014/15,4646,2014-12-28,Stoke,West Brom,2,0,1.25399,1.35813
2014/15,4639,2014-12-28,Tottenham,Man United,0,0,0.888,2.2613
2014/15,4645,2014-12-28,West Ham,Arsenal,1,2,1.1084,3.35886
2014/15,4648,2014-12-29,Liverpool,Swansea,4,1,3.27658,1.00374
2014/15,4557,2015-01-01,Aston Villa,Crystal Palace,0,0,1.38709,0.575995
2014/15,4558,2015-01-01,Hull,Everton,2,0,1.95682,0.957698
2014/15,4559,2015-01-01,Liverpool,Leicester,2,2,2.38944,1.09438
2014/15,4552,2015-01-01,Man City,Sunderland,3,2,3.63333,0.979558
2014/15,4553,2015-01-01,Newcastle,Burnley,3,3,1.24639,1.65582
2014/15,4554,2015-01-01,QPR,Swansea,1,1,3.16214,1.69725
2014/15,4555,2015-01-01,Southampton,Arsenal,2,0,2.41442,0.849285
2014/15,4551,2015-01-01,Stoke,Man United,1,1,1.4082,0.932262
2014/15,4560,2015-01-01,Tottenham,Chelsea,5,3,1.82436,3.03274
2014/15,4556,2015-01-01,West Ham,West Brom,1,1,1.13586,1.1226
2014/15,4564,2015-01-10,Burnley,QPR,2,1,2.19126,1.69555
2014/15,4565,2015-01-10,Chelsea,Newcastle,2,0,1.08131,0.394837
2014/15,4568,2015-01-10,Crystal Palace,Tottenham,2,1,2.85997,0.919178
2014/15,4566,2015-01-10,Everton,Man City,1,1,0.95041,1.50724
2014/15,4567,2015-01-10,Leicester,Aston Villa,1,0,2.36522,0.606149
2014/15,4561,2015-01-10,Sunderland,Liverpool,0,1,0.250077,2.16251
2014/15,4562,2015-01-10,Swansea,West Ham,1,1,1.54943,0.731228
2014/15,4563,2015-01-10,West Brom,Hull,1,0,0.784159,0.395844
2014/15,4569,2015-01-11,Arsenal,Stoke,3,0,2.26889,0.39839
2014/15,4570,2015-01-11,Man United,Southampton,0,1,1.19228,1.15706
2014/15,4571,2015-01-17,Aston Villa,Liverpool,0,2,0.845309,1.54424
2014/15,4572,2015-01-17,Burnley,Crystal Palace,2,3,1.08428,0.528431
2014/15,4573,2015-01-17,Leicester,Stoke,0,1,0.382481,0.715634
2014/15,4577,2015-01-17,Newcastle,Southampton,1,2,0.856732,0.432026
2014/15,4574,2015-01-17,QPR,Man United,0,2,0.929623,1.55645
2014/15,4575,2015-01-17,Swansea,Chelsea,0,5,0.214209,3.19733
2014/15,4576,2015-01-17,Tottenham,Sunderland,2,1,0.931537,1.19577
2014/15,4579,2015-01-18,Man City,Arsenal,0,2,0.561966,1.49476
2014/15,4578,2015-01-18,West Ham,Hull,3,0,2.68629,0.423719
2014/15,4580,2015-01-19,Everton,West Brom,0,0,1.4927,0.196316
2014/15,4588,2015-01-31,Chelsea,Man City,1,1,0.708923,0.907151
2014/15,4587,2015-01-31,Crystal Palace,Everton,0,1,1.21034,1.35977
2014/15,4581,2015-01-31,Hull,Newcastle,0,3,0.989377,0.50926
2014/15,4582,2015-01-31,Liverpool,West Ham,2,0,2.28203,0.383092
2014/15,4583,2015-01-31,Man United,Leicester,3,1,1.7369,0.380882
2014/15,4584,2015-01-31,Stoke,QPR,3,1,0.782569,1.11577
2014/15,4585,2015-01-31,Sunderland,Burnley,2,0,1.89994,1.34786
2014/15,4586,2015-01-31,West Brom,Tottenham,0,3,0.808495,1.34429
2014/15,4513,2015-02-01,Arsenal,Aston Villa,5,0,2.35805,0.714521
2014/15,4514,2015-02-01,Southampton,Swansea,0,1,1.62682,0.262557
2014/15,4516,2015-02-07,Aston Villa,Chelsea,1,2,0.707847,1.11662
2014/15,4521,2015-02-07,Everton,Liverpool,0,0,0.227711,1.03601
2014/15,4518,2015-02-07,Leicester,Crystal Palace,0,1,0.7797,1.00613
2014/15,4519,2015-02-07,Man City,Hull,1,1,0.992526,1.13348
2014/15,4520,2015-02-07,QPR,Southampton,0,1,1.03037,0.963892
2014/15,4517,2015-02-07,Swansea,Sunderland,1,1,1.86428,0.143279
2014/15,4515,2015-02-07,Tottenham,Arsenal,2,1,1.2754,0.834136
2014/15,4522,2015-02-08,Burnley,West Brom,2,2,1.09795,2.55442
2014/15,4523,2015-02-08,Newcastle,Stoke,1,1,0.789943,0.220357
2014/15,4524,2015-02-08,West Ham,Man United,1,1,0.86518,1.21344
2014/15,4525,2015-02-10,Arsenal,Leicester,2,1,1.77095,0.799802
2014/15,4527,2015-02-10,Hull,Aston Villa,2,0,0.985975,0.423817
2014/15,4528,2015-02-10,Liverpool,Tottenham,3,2,2.76444,1.71247
2014/15,4526,2015-02-10,Sunderland,QPR,0,2,1.80831,1.26883
2014/15,4529,2015-02-11,Chelsea,Everton,1,0,0.89846,0.706994
2014/15,4533,2015-02-11,Crystal Palace,Newcastle,1,1,0.932684,0.444535
2014/15,4531,2015-02-11,Man United,Burnley,3,1,1.62116,1.85067
2014/15,4532,2015-02-11,Southampton,West Ham,0,0,1.68446,0.125464
2014/15,4530,2015-02-11,Stoke,Man City,1,4,0.745602,2.13611
2014/15,4534,2015-02-11,West Brom,Swansea,2,0,0.685986,0.438959
2014/15,4535,2015-02-21,Aston Villa,Stoke,1,2,0.234004,1.11955
2014/15,4536,2015-02-21,Chelsea,Burnley,1,1,1.53973,0.513251
2014/15,4537,2015-02-21,Crystal Palace,Arsenal,1,2,2.26395,2.08054
2014/15,4540,2015-02-21,Hull,QPR,2,1,1.09259,0.190631
2014/15,4541,2015-02-21,Man City,Newcastle,5,0,3.12533,0.166685
2014/15,4538,2015-02-21,Sunderland,West Brom,0,0,0.699828,0.107318
2014/15,4539,2015-02-21,Swansea,Man United,2,1,1.04218,1.47171
2014/15,4543,2015-02-22,Everton,Leicester,2,2,2.05032,1.99519
2014/15,4544,2015-02-22,Southampton,Liverpool,0,2,0.869183,0.695778
2014/15,4542,2015-02-22,Tottenham,West Ham,2,2,2.17554,2.20831
2014/15,4549,2015-02-28,Burnley,Swansea,0,1,0.898885,1.41451
2014/15,4550,2015-02-28,Man United,Sunderland,2,0,3.03534,0.272806
2014/15,4548,2015-02-28,Newcastle,Aston Villa,1,0,0.93198,0.773437
2014/15,4547,2015-02-28,Stoke,Hull,1,0,0.895577,0.344489
2014/15,4546,2015-02-28,West Brom,Southampton,1,0,1.08916,0.579867
2014/15,4545,2015-02-28,West Ham,Crystal Palace,1,3,1.28506,0.851359
2014/15,4481,2015-03-01,Arsenal,Everton,2,0,1.39298,0.367813
2014/15,4480,2015-03-01,Liverpool,Man City,2,1,0.769022,1.12846
2014/15,4482,2015-03-03,Aston Villa,West Brom,2,1,1.9201,0.905628
2014/15,4483,2015-03-03,Hull,Sunderland,1,1,1.3938,1.23136
2014/15,4484,2015-03-03,Southampton,Crystal Palace,1,0,2.22869,0.392674
2014/15,4491,2015-03-04,Liverpool,Burnley,2,0,1.30453,0.319239
2014/15,4486,2015-03-04,Man City,Leicester,2,0,2.91599,0.217043
2014/15,4487,2015-03-04,Newcastle,Man United,0,1,1.19246,1.68865
2014/15,4490,2015-03-04,QPR,Arsenal,1,2,0.318849,2.1651
2014/15,4488,2015-03-04,Stoke,Everton,2,0,1.03921,0.418315
2014/15,4489,2015-03-04,Tottenham,Swansea,3,2,2.13485,0.708217
2014/15,4485,2015-03-04,West Ham,Chelsea,0,1,1.46324,2.38358
2014/15,4492,2015-03-07,QPR,Tottenham,1,2,1.49775,2.62405
2014/15,4494,2015-03-14,Arsenal,West Ham,3,0,3.19619,0.478172
2014/15,4498,2015-03-14,Burnley,Man City,1,0,0.242058,1.2576
2014/15,4493,2015-03-14,Crystal Palace,QPR,3,1,2.20095,0.266048
2014/15,4495,2015-03-14,Leicester,Hull,0,0,0.53913,1.0475
2014/15,4497,2015-03-14,Sunderland,Aston Villa,0,4,0.472898,1.50195
2014/15,4496,2015-03-14,West Brom,Stoke,1,0,0.958807,0.198751
2014/15,4499,2015-03-15,Chelsea,Southampton,1,1,3.19317,1.82802
2014/15,4500,2015-03-15,Everton,Newcastle,3,0,2.25807,0.809194
2014/15,4501,2015-03-15,Man United,Tottenham,3,0,1.02781,0.206431
2014/15,4502,2015-03-16,Swansea,Liverpool,0,1,0.438751,1.69506
2014/15,4504,2015-03-21,Aston Villa,Swansea,0,1,0.762371,1.90437
2014/15,4503,2015-03-21,Man City,West Brom,3,0,4.90913,0.775158
2014/15,4508,2015-03-21,Newcastle,Arsenal,1,2,1.0068,0.754782
2014/15,4506,2015-03-21,Southampton,Burnley,2,0,1.92097,1.05022
2014/15,4507,2015-03-21,Stoke,Crystal Palace,1,2,2.07851,2.14974
2014/15,4505,2015-03-21,Tottenham,Leicester,4,3,2.82935,2.722
2014/15,4509,2015-03-21,West Ham,Sunderland,1,0,0.99619,0.536562
2014/15,4511,2015-03-22,Hull,Chelsea,2,3,1.32415,0.758601
2014/15,4510,2015-03-22,Liverpool,Man United,1,2,0.557648,1.22632
2014/15,4512,2015-03-22,QPR,Everton,1,2,1.39318,0.839996
2014/15,4440,2015-04-04,Arsenal,Liverpool,4,1,1.45672,1.21414
2014/15,4446,2015-04-04,Chelsea,Stoke,2,1,3.28546,0.277288
2014/15,4441,2015-04-04,Everton,Southampton,1,0,1.02048,0.533646
2014/15,4442,2015-04-04,Leicester,West Ham,2,1,3.43561,1.93553
2014/15,4443,2015-04-04,Man United,Aston Villa,3,1,1.9836,0.311787
2014/15,4444,2015-04-04,Swansea,Hull,3,1,1.49943,0.919329
2014/15,4445,2015-04-04,West Brom,QPR,1,4,2.13361,1.20939
2014/15,4447,2015-04-05,Burnley,Tottenham,0,0,1.51355,0.377376
2014/15,4448,2015-04-05,Sunderland,Newcastle,1,0,0.829443,0.798234
2014/15,4449,2015-04-06,Crystal Palace,Man City,2,1,1.32783,1.1129
2014/15,4450,2015-04-07,Aston Villa,QPR,3,3,1.86698,1.43061
2014/15,4457,2015-04-11,Burnley,Arsenal,0,1,0.65718,1.21096
2014/15,4453,2015-04-11,Southampton,Hull,2,0,2.37369,0.737337
2014/15,4452,2015-04-11,Sunderland,Crystal Palace,1,4,0.617079,2.34787
2014/15,4451,2015-04-11,Swansea,Everton,1,1,1.09678,0.842056
2014/15,4455,2015-04-11,Tottenham,Aston Villa,0,1,0.621738,0.860976
2014/15,4456,2015-04-11,West Brom,Leicester,2,3,0.968439,1.6874
2014/15,4454,2015-04-11,West Ham,Stoke,1,1,0.604708,0.587985
2014/15,4459,2015-04-12,Man United,Man City,4,2,2.66017,1.75844
2014/15,4458,2015-04-12,QPR,Chelsea,0,1,0.780982,0.920984
2014/15,4460,2015-04-13,Liverpool,Newcastle,2,0,1.26534,0.363343
2014/15,4465,2015-04-18,Chelsea,Man United,1,0,1.1493,0.744613
2014/15,4462,2015-04-18,Crystal Palace,West Brom,0,2,2.0561,0.698022
2014/15,4461,2015-04-18,Everton,Burnley,1,0,2.36114,1.06159
2014/15,4463,2015-04-18,Leicester,Swansea,2,0,2.57043,0.87346
2014/15,4464,2015-04-18,Stoke,Southampton,2,1,2.26451,1.36108
2014/15,4466,2015-04-19,Man City,West Ham,2,0,2.05138,0.738105
2014/15,4467,2015-04-19,Newcastle,Tottenham,1,3,0.938886,1.99862
2014/15,4473,2015-04-25,Burnley,Leicester,0,1,1.98975,1.21926
2014/15,4474,2015-04-25,Crystal Palace,Hull,0,2,0.913865,2.37709
2014/15,4475,2015-04-25,Man City,Aston Villa,3,2,1.1892,0.901376
2014/15,4470,2015-04-25,Newcastle,Swansea,2,3,1.54939,1.58825
2014/15,4469,2015-04-25,QPR,West Ham,0,0,2.28143,0.824309
2014/15,4468,2015-04-25,Southampton,Tottenham,2,2,1.39327,0.531276
2014/15,4472,2015-04-25,Stoke,Sunderland,1,1,2.15079,2.17523
2014/15,4471,2015-04-25,West Brom,Liverpool,0,0,0.507754,1.41235
2014/15,4477,2015-04-26,Arsenal,Chelsea,0,0,1.07482,0.853305
2014/15,4476,2015-04-26,Everton,Man United,3,0,1.07922,0.750462
2014/15,4478,2015-04-28,Hull,Liverpool,1,0,0.730978,0.523697
2014/15,4479,2015-04-29,Leicester,Chelsea,1,3,0.600074,1.51717
2014/15,4401,2015-05-02,Aston Villa,Everton,3,2,1.56179,1.4049
2014/15,4399,2015-05-02,Leicester,Newcastle,3,0,4.02694,0.485003
2014/15,4400,2015-05-02,Liverpool,QPR,2,1,2.28745,0.386314
2014/15,4405,2015-05-02,Man United,West Brom,0,1,2.10841,0.317533
2014/15,4402,2015-05-02,Sunderland,Southampton,2,1,1.97694,0.906357
2014/15,4403,2015-05-02,Swansea,Stoke,2,0,2.07645,0.324134
2014/15,4404,2015-05-02,West Ham,Burnley,1,0,3.23925,0.758485
2014/15,4406,2015-05-03,Chelsea,Crystal Palace,1,0,1.5619,0.41646
2014/15,4407,2015-05-03,Tottenham,Man City,0,1,2.07027,1.80612
2014/15,4408,2015-05-04,Hull,Arsenal,1,3,0.474706,2.94938
2014/15,4411,2015-05-09,Aston Villa,West Ham,1,0,1.26585,0.149381
2014/15,4415,2015-05-09,Crystal Palace,Man United,1,2,1.04344,2.29775
2014/15,4409,2015-05-09,Everton,Sunderland,0,2,1.14341,1.19799
2014/15,4410,2015-05-09,Hull,Burnley,0,1,1.12811,1.21303
2014/15,4412,2015-05-09,Leicester,Southampton,2,0,1.64129,0.348109
2014/15,4413,2015-05-09,Newcastle,West Brom,1,1,1.23706,1.21081
2014/15,4414,2015-05-09,Stoke,Tottenham,3,0,2.138,0.298008
2014/15,4417,2015-05-10,Chelsea,Liverpool,1,1,0.535272,1.33324
2014/15,4416,2015-05-10,Man City,QPR,6,0,5.35103,0.872314
2014/15,4418,2015-05-11,Arsenal,Swansea,0,1,1.88364,0.347185
2014/15,4424,2015-05-16,Burnley,Stoke,0,0,0.909845,1.76276
2014/15,4425,2015-05-16,Liverpool,Crystal Palace,1,3,1.11415,1.99504
2014/15,4420,2015-05-16,QPR,Newcastle,2,1,0.470106,2.11207
2014/15,4419,2015-05-16,Southampton,Aston Villa,6,1,3.59558,1.18593
2014/15,4421,2015-05-16,Sunderland,Leicester,0,0,0.935248,0.682972
2014/15,4422,2015-05-16,Tottenham,Hull,2,0,1.70119,1.13285
2014/15,4423,2015-05-16,West Ham,Everton,1,2,0.813296,2.07078
2014/15,4427,2015-05-17,Man United,Arsenal,1,1,0.715214,1.06814
2014/15,4426,2015-05-17,Swansea,Man City,2,4,1.06125,2.28119
2014/15,4428,2015-05-18,West Brom,Chelsea,3,0,1.22743,1.07679
2014/15,4429,2015-05-20,Arsenal,Sunderland,0,0,1.68909,1.50177
2014/15,4433,2015-05-24,Arsenal,West Brom,4,1,3.16614,0.569092
2014/15,4430,2015-05-24,Aston Villa,Burnley,0,1,0.654751,0.66113
2014/15,4431,2015-05-24,Chelsea,Sunderland,3,1,2.52912,1.39272
2014/15,4432,2015-05-24,Crystal Palace,Swansea,1,0,1.07504,0.118613
2014/15,4434,2015-05-24,Everton,Tottenham,0,1,0.646215,1.39049
2014/15,4435,2015-05-24,Hull,Man United,0,0,0.984196,0.399522
2014/15,4436,2015-05-24,Leicester,QPR,5,1,2.17428,1.26755
2014/15,4437,2015-05-24,Man City,Southampton,2,0,2.44073,0.775853
2014/15,4438,2015-05-24,Newcastle,West Ham,2,0,1.64216,0.416396
2014/15,4439,2015-05-24,Stoke,Liverpool,6,1,2.15707,1.02292
2015/16,82,2015-08-08,Bournemouth,Aston Villa,0,1,0.876106,0.782253
2015/16,86,2015-08-08,Chelsea,Swansea,2,2,0.64396,2.59203
2015/16,83,2015-08-08,Everton,Watford,2,2,0.604226,0.557892
2015/16,84,2015-08-08,Leicester,Sunderland,4,2,2.56803,1.45946
2015/16,81,2015-08-08,Man United,Tottenham,1,0,0.627539,0.6746
2015/16,85,2015-08-08,Norwich,Crystal Palace,1,3,1.13076,2.10975
2015/16,88,2015-08-09,Arsenal,West Ham,0,2,1.33166,0.535961
2015/16,87,2015-08-09,Newcastle,Southampton,2,2,1.54613,1.2529
2015/16,89,2015-08-09,Stoke,Liverpool,0,1,0.381274,0.329873
2015/16,90,2015-08-10,West Brom,Man City,0,3,0.435238,1.9242
2015/16,91,2015-08-14,Aston Villa,Man United,0,1,0.219118,0.660404
2015/16,92,2015-08-15,Southampton,Everton,0,3,1.06214,1.39628
2015/16,93,2015-08-15,Sunderland,Norwich,1,3,0.329128,1.71686
2015/16,94,2015-08-15,Swansea,Newcastle,2,0,1.97424,0.113109
2015/16,95,2015-08-15,Tottenham,Stoke,2,2,1.70614,2.80956
2015/16,96,2015-08-15,Watford,West Brom,0,0,0.760848,0.684036
2015/16,97,2015-08-15,West Ham,Leicester,1,2,0.513491,1.80939
2015/16,98,2015-08-16,Crystal Palace,Arsenal,1,2,0.964134,2.05542
2015/16,99,2015-08-16,Man City,Chelsea,3,0,2.18579,0.482423
2015/16,100,2015-08-17,Liverpool,Bournemouth,1,0,2.15062,0.460805
2015/16,104,2015-08-22,Crystal Palace,Aston Villa,2,1,1.23807,0.765278
2015/16,105,2015-08-22,Leicester,Tottenham,1,1,0.829012,1.89437
2015/16,101,2015-08-22,Man United,Newcastle,0,0,1.2491,0.4384
2015/16,102,2015-08-22,Norwich,Stoke,1,1,3.14888,0.698228
2015/16,103,2015-08-22,Sunderland,Swansea,1,1,0.569426,1.56064
2015/16,106,2015-08-22,West Ham,Bournemouth,3,4,1.50203,2.8554
2015/16,108,2015-08-23,Everton,Man City,0,2,0.579338,1.57983
2015/16,109,2015-08-23,Watford,Southampton,0,0,1.17588,0.68359
2015/16,107,2015-08-23,West Brom,Chelsea,2,3,1.42622,2.02778
2015/16,110,2015-08-24,Arsenal,Liverpool,0,0,1.83755,1.29206
2015/16,113,2015-08-29,Aston Villa,Sunderland,2,2,2.27406,0.368848
2015/16,114,2015-08-29,Bournemouth,Leicester,1,1,0.321432,0.919097
2015/16,115,2015-08-29,Chelsea,Crystal Palace,1,2,1.27906,2.19283
2015/16,116,2015-08-29,Liverpool,West Ham,0,3,0.561737,0.97217
2015/16,117,2015-08-29,Man City,Watford,2,0,1.52895,0.363603
2015/16,111,2015-08-29,Newcastle,Arsenal,0,1,0.0319694,2.33948
2015/16,112,2015-08-29,Stoke,West Brom,0,1,1.21771,0.881194
2015/16,118,2015-08-29,Tottenham,Everton,0,0,1.99917,0.694692
2015/16,119,2015-08-30,Southampton,Norwich,3,0,2.85501,0.639434
2015/16,120,2015-08-30,Swansea,Man United,2,1,0.971183,1.28089
2015/16,122,2015-09-12,Arsenal,Stoke,2,0,4.42684,0.191277
2015/16,123,2015-09-12,Crystal Palace,Man City,0,1,0.743193,3.08883
2015/16,121,2015-09-12,Everton,Chelsea,3,1,1.18026,0.656048
2015/16,127,2015-09-12,Man United,Liverpool,3,1,1.46206,1.02572
2015/16,126,2015-09-12,Norwich,Bournemouth,3,1,1.33151,0.389495
2015/16,124,2015-09-12,Watford,Swansea,1,0,1.57333,0.503008
2015/16,125,2015-09-12,West Brom,Southampton,0,0,0.409143,1.00731
2015/16,129,2015-09-13,Leicester,Aston Villa,3,2,1.34987,0.953181
2015/16,128,2015-09-13,Sunderland,Tottenham,0,1,1.0407,1.45615
2015/16,130,2015-09-14,West Ham,Newcastle,2,0,1.71282,0.716599
2015/16,133,2015-09-19,Aston Villa,West Brom,0,1,0.876719,0.632761
2015/16,134,2015-09-19,Bournemouth,Sunderland,2,0,0.644335,0.854867
2015/16,131,2015-09-19,Chelsea,Arsenal,2,0,2.0687,0.775312
2015/16,137,2015-09-19,Man City,West Ham,1,2,2.98465,0.995273
2015/16,132,2015-09-19,Newcastle,Watford,1,2,1.15114,1.33961
2015/16,135,2015-09-19,Stoke,Leicester,2,2,1.14717,1.22582
2015/16,136,2015-09-19,Swansea,Everton,0,0,0.864868,1.77458
2015/16,140,2015-09-20,Liverpool,Norwich,1,1,1.90447,0.556271
2015/16,139,2015-09-20,Southampton,Man United,2,3,1.83663,1.65119
2015/16,138,2015-09-20,Tottenham,Crystal Palace,1,0,1.01573,0.538439
2015/16,144,2015-09-26,Leicester,Arsenal,2,5,1.38516,3.89623
2015/16,145,2015-09-26,Liverpool,Aston Villa,3,2,1.78331,0.892054
2015/16,146,2015-09-26,Man United,Sunderland,3,0,2.8971,0.832139
2015/16,148,2015-09-26,Newcastle,Chelsea,2,2,0.702109,1.30593
2015/16,142,2015-09-26,Southampton,Swansea,3,1,1.55418,1.41962
2015/16,143,2015-09-26,Stoke,Bournemouth,2,1,1.94483,0.871678
2015/16,141,2015-09-26,Tottenham,Man City,4,1,2.30799,1.57842
2015/16,147,2015-09-26,West Ham,Norwich,2,2,2.60407,1.38603
2015/16,149,2015-09-27,Watford,Crystal Palace,0,1,0.685939,2.33566
2015/16,150,2015-09-28,West Brom,Everton,2,3,1.27511,2.30159
2015/16,152,2015-10-03,Aston Villa,Stoke,0,1,0.839028,1.03499
2015/16,153,2015-10-03,Bournemouth,Watford,1,1,1.50268,0.913291
2015/16,157,2015-10-03,Chelsea,Southampton,1,3,0.520175,1.58246
2015/16,151,2015-10-03,Crystal Palace,West Brom,2,0,1.99083,0.255528
2015/16,154,2015-10-03,Man City,Newcastle,6,1,3.3346,0.980279
2015/16,155,2015-10-03,Norwich,Leicester,1,2,1.18074,3.00282
2015/16,156,2015-10-03,Sunderland,West Ham,2,2,1.08401,1.93656
2015/16,160,2015-10-04,Arsenal,Man United,3,0,2.16952,1.03953
2015/16,158,2015-10-04,Everton,Liverpool,1,1,1.20063,1.30844
2015/16,159,2015-10-04,Swansea,Tottenham,2,2,0.774806,1.18142
2015/16,164,2015-10-17,Chelsea,Aston Villa,2,0,1.22875,0.795846
2015/16,165,2015-10-17,Crystal Palace,West Ham,1,3,1.08391,2.76356
2015/16,166,2015-10-17,Everton,Man United,0,3,0.653457,1.47853
2015/16,167,2015-10-17,Man City,Bournemouth,5,1,4.71274,0.173025
2015/16,162,2015-10-17,Southampton,Leicester,2,2,1.46668,2.78648
2015/16,161,2015-10-17,Tottenham,Liverpool,0,0,0.586228,0.715892
2015/16,168,2015-10-17,Watford,Arsenal,0,3,0.254791,2.69046
2015/16,163,2015-10-17,West Brom,Sunderland,1,0,2.07781,0.658473
2015/16,169,2015-10-18,Newcastle,Norwich,6,2,2.24896,1.34395
2015/16,170,2015-10-19,Swansea,Stoke,0,1,0.485489,1.64894
2015/16,176,2015-10-24,Arsenal,Everton,2,1,2.55754,0.373025
2015/16,171,2015-10-24,Aston Villa,Swansea,1,2,1.09516,1.74353
2015/16,172,2015-10-24,Leicester,Crystal Palace,1,0,1.33502,0.240008
2015/16,174,2015-10-24,Norwich,West Brom,0,1,1.03228,1.45436
2015/16,175,2015-10-24,Stoke,Watford,0,2,0.848432,1.0403
2015/16,173,2015-10-24,West Ham,Chelsea,2,1,0.77284,1.1356
2015/16,178,2015-10-25,Bournemouth,Tottenham,1,5,0.490581,3.43313
2015/16,180,2015-10-25,Liverpool,Southampton,1,1,0.682823,1.56383
2015/16,179,2015-10-25,Man United,Man City,0,0,0.391754,0.310718
2015/16,177,2015-10-25,Sunderland,Newcastle,3,0,2.37969,1.41744
2015/16,181,2015-10-31,Chelsea,Liverpool,1,3,0.735762,0.839342
2015/16,182,2015-10-31,Crystal Palace,Man United,0,0,0.939118,0.394404
2015/16,183,2015-10-31,Man City,Norwich,2,1,2.83557,1.17497
2015/16,184,2015-10-31,Newcastle,Stoke,0,0,1.26075,1.38017
2015/16,185,2015-10-31,Swansea,Arsenal,0,3,0.264441,2.17657
2015/16,186,2015-10-31,Watford,West Ham,2,0,1.61544,0.605625
2015/16,187,2015-10-31,West Brom,Leicester,2,3,1.50447,2.22545
2015/16,188,2015-11-01,Everton,Sunderland,6,2,2.34852,1.21834
2015/16,189,2015-11-01,Southampton,Bournemouth,2,0,1.15966,0.712132
2015/16,190,2015-11-03,Tottenham,Aston Villa,3,1,1.14374,0.325711
2015/16,191,2015-11-07,Bournemouth,Newcastle,0,1,1.00427,0.504409
2015/16,192,2015-11-07,Leicester,Watford,2,1,1.56389,1.00531
2015/16,193,2015-11-07,Man United,West Brom,2,0,1.2779,0.594031
2015/16,194,2015-11-07,Norwich,Swansea,1,0,1.19517,0.402284
2015/16,197,2015-11-07,Stoke,Chelsea,1,0,0.825418,1.02642
2015/16,196,2015-11-07,Sunderland,Southampton,0,1,0.299104,1.79578
2015/16,195,2015-11-07,West Ham,Everton,1,1,0.589567,1.08814
2015/16,199,2015-11-08,Arsenal,Tottenham,1,1,2.01767,0.90585
2015/16,198,2015-11-08,Aston Villa,Man City,0,0,0.182741,1.53281
2015/16,200,2015-11-08,Liverpool,Crystal Palace,1,2,2.15673,0.849281
2015/16,207,2015-11-21,Chelsea,Norwich,1,0,2.16487,0.202798
2015/16,206,2015-11-21,Everton,Aston Villa,4,0,2.83068,0.322061
2015/16,208,2015-11-21,Man City,Liverpool,1,4,1.08612,2.61697
2015/16,205,2015-11-21,Newcastle,Leicester,0,3,0.372387,3.27478
2015/16,203,2015-11-21,Southampton,Stoke,0,1,0.709485,1.19495
2015/16,202,2015-11-21,Swansea,Bournemouth,2,2,1.88526,1.58509
2015/16,201,2015-11-21,Watford,Man United,1,2,1.47077,1.30264
2015/16,204,2015-11-21,West Brom,Arsenal,2,1,0.332888,2.08956
2015/16,209,2015-11-22,Tottenham,West Ham,4,1,3.22353,0.818937
2015/16,210,2015-11-24,Crystal Palace,Sunderland,0,1,0.696183,1.30739
2015/16,212,2015-11-28,Aston Villa,Watford,2,3,1.48969,1.45176
2015/16,213,2015-11-28,Bournemouth,Everton,3,3,1.69105,0.729005
2015/16,214,2015-11-28,Crystal Palace,Newcastle,5,1,1.67836,0.791299
2015/16,216,2015-11-28,Leicester,Man United,1,1,0.876256,1.05613
2015/16,215,2015-11-28,Man City,Southampton,3,1,2.12331,1.24478
2015/16,211,2015-11-28,Sunderland,Stoke,2,0,0.863466,0.79464
2015/16,219,2015-11-29,Liverpool,Swansea,1,0,1.19358,0.367517
2015/16,220,2015-11-29,Norwich,Arsenal,1,1,1.01025,1.65699
2015/16,217,2015-11-29,Tottenham,Chelsea,0,0,0.333494,0.283375
2015/16,218,2015-11-29,West Ham,West Brom,1,1,1.41404,0.866305
2015/16,225,2015-12-05,Arsenal,Sunderland,3,1,2.29559,1.5228
2015/16,228,2015-12-05,Chelsea,Bournemouth,0,1,1.66952,1.25911
2015/16,226,2015-12-05,Man United,West Ham,0,0,1.76061,1.10206
2015/16,227,2015-12-05,Southampton,Aston Villa,1,1,2.86051,1.058
2015/16,221,2015-12-05,Stoke,Man City,2,0,2.01436,0.483752
2015/16,222,2015-12-05,Swansea,Leicester,0,3,0.780602,2.20962
2015/16,223,2015-12-05,Watford,Norwich,2,0,2.07199,0.310524
2015/16,224,2015-12-05,West Brom,Tottenham,1,1,1.48695,1.12876
2015/16,229,2015-12-06,Newcastle,Liverpool,2,0,0.646346,0.999043
2015/16,230,2015-12-08,Everton,Crystal Palace,1,1,1.69774,1.1905
2015/16,236,2015-12-12,Bournemouth,Man United,2,1,1.05032,1.96768
2015/16,234,2015-12-12,Crystal Palace,Southampton,1,0,1.31177,0.890411
2015/16,232,2015-12-12,Man City,Swansea,2,1,1.34338,0.962789
2015/16,231,2015-12-12,Norwich,Everton,1,1,1.49283,2.43558
2015/16,233,2015-12-12,Sunderland,Watford,0,1,0.879474,2.0562
2015/16,235,2015-12-12,West Ham,Stoke,0,0,1.13181,1.87239
2015/16,237,2015-12-13,Aston Villa,Arsenal,0,2,1.00876,1.68498
2015/16,238,2015-12-13,Liverpool,West Brom,2,2,2.12583,0.835885
2015/16,239,2015-12-13,Tottenham,Newcastle,1,2,1.03317,1.55252
2015/16,240,2015-12-15,Leicester,Chelsea,2,1,0.708846,2.26887
2015/16,244,2015-12-19,Chelsea,Sunderland,3,1,3.02023,1.23573
2015/16,245,2015-12-19,Everton,Leicester,2,3,1.48982,2.02911
2015/16,246,2015-12-19,Man United,Norwich,1,2,1.01394,0.556897
2015/16,247,2015-12-19,Newcastle,Aston Villa,1,1,1.28189,0.404373
2015/16,242,2015-12-19,Southampton,Tottenham,0,2,0.83385,1.47453
2015/16,243,2015-12-19,Stoke,Crystal Palace,1,2,2.41499,1.95347
2015/16,241,2015-12-19,West Brom,Bournemouth,1,2,0.698255,1.89177
2015/16,249,2015-12-20,Swansea,West Ham,0,0,0.973378,0.401988
2015/16,248,2015-12-20,Watford,Liverpool,3,0,1.99336,0.376313
2015/16,250,2015-12-22,Arsenal,Man City,2,1,1.50109,0.769378
2015/16,254,2015-12-26,Aston Villa,West Ham,1,1,1.61235,0.836027
2015/16,255,2015-12-26,Bournemouth,Crystal Palace,0,0,0.871395,0.405181
2015/16,256,2015-12-26,Chelsea,Watford,2,2,2.09356,1.667
2015/16,257,2015-12-26,Liverpool,Leicester,1,0,1.37933,0.505167
2015/16,258,2015-12-26,Man City,Sunderland,4,1,3.51848,1.08103
2015/16,259,2015-12-26,Newcastle,Everton,0,1,1.35711,1.69923
2015/16,260,2015-12-26,Southampton,Arsenal,4,0,2.4303,0.83106
2015/16,251,2015-12-26,Stoke,Man United,2,0,1.18211,1.28961
2015/16,252,2015-12-26,Swansea,West Brom,1,0,1.21243,0.554583
2015/16,253,2015-12-26,Tottenham,Norwich,3,0,2.40666,0.452019
2015/16,266,2015-12-28,Arsenal,Bournemouth,2,0,3.12958,0.343752
2015/16,264,2015-12-28,Crystal Palace,Swansea,0,0,0.735185,0.169425
2015/16,265,2015-12-28,Everton,Stoke,3,4,2.2472,1.58159
2015/16,267,2015-12-28,Man United,Chelsea,0,0,1.35213,0.900029
2015/16,263,2015-12-28,Norwich,Aston Villa,2,0,1.10319,0.235874
2015/16,262,2015-12-28,Watford,Tottenham,1,2,1.13011,0.527248
2015/16,261,2015-12-28,West Brom,Newcastle,1,0,2.1039,0.456189
2015/16,268,2015-12-28,West Ham,Southampton,2,1,1.79562,1.3709
2015/16,269,2015-12-29,Leicester,Man City,0,0,0.810377,1.66777
2015/16,270,2015-12-30,Sunderland,Liverpool,0,1,0.481551,1.80743
2015/16,273,2016-01-02,Arsenal,Newcastle,1,0,1.93025,1.15339
2015/16,274,2016-01-02,Leicester,Bournemouth,0,0,2.28506,1.2593
2015/16,275,2016-01-02,Man United,Swansea,2,1,1.74266,0.542907
2015/16,276,2016-01-02,Norwich,Southampton,1,0,1.50509,0.932294
2015/16,277,2016-01-02,Sunderland,Aston Villa,3,1,0.761225,0.27956
2015/16,278,2016-01-02,Watford,Man City,1,2,0.985368,0.692054
2015/16,272,2016-01-02,West Brom,Stoke,2,1,1.72318,0.917526
2015/16,271,2016-01-02,West Ham,Liverpool,2,0,2.06737,1.86591
2015/16,279,2016-01-03,Crystal Palace,Chelsea,0,3,0.546499,2.3747
2015/16,280,2016-01-03,Everton,Tottenham,1,1,0.721603,0.75907
2015/16,282,2016-01-12,Aston Villa,Crystal Palace,1,0,0.551973,0.547913
2015/16,283,2016-01-12,Bournemouth,West Ham,1,3,0.729546,1.18455
2015/16,281,2016-01-12,Newcastle,Man United,3,3,1.81304,2.36216
2015/16,287,2016-01-13,Chelsea,West Brom,2,2,1.38532,0.704263
2015/16,288,2016-01-13,Man City,Everton,0,0,1.44957,0.369548
2015/16,284,2016-01-13,Southampton,Watford,2,0,1.7224,0.11543
2015/16,285,2016-01-13,Stoke,Norwich,3,1,1.24456,0.193728
2015/16,286,2016-01-13,Swansea,Sunderland,2,4,1.06526,2.49057
2015/16,289,2016-01-14,Liverpool,Arsenal,3,3,1.16222,2.22912
2015/16,290,2016-01-14,Tottenham,Leicester,0,1,1.2301,0.588708
2015/16,297,2016-01-16,Aston Villa,Leicester,1,1,0.665386,2.21525
2015/16,296,2016-01-16,Bournemouth,Norwich,3,0,2.53086,0.595472
2015/16,295,2016-01-16,Chelsea,Everton,3,3,2.44864,1.5891
2015/16,292,2016-01-16,Man City,Crystal Palace,4,0,1.74025,0.613339
2015/16,293,2016-01-16,Newcastle,West Ham,2,1,1.84261,1.08248
2015/16,294,2016-01-16,Southampton,West Brom,3,0,1.42623,0.410757
2015/16,291,2016-01-16,Tottenham,Sunderland,4,1,2.02579,0.617306
2015/16,298,2016-01-17,Liverpool,Man United,0,1,0.952974,0.715703
2015/16,299,2016-01-17,Stoke,Arsenal,0,0,0.546879,0.585841
2015/16,300,2016-01-19,Swansea,Watford,1,0,0.474035,0.525478
2015/16,302,2016-01-23,Crystal Palace,Tottenham,1,3,0.930792,1.74368
2015/16,304,2016-01-23,Leicester,Stoke,3,0,2.25906,0.340483
2015/16,303,2016-01-23,Man United,Southampton,0,1,0.187217,0.83591
2015/16,301,2016-01-23,Norwich,Liverpool,4,5,1.03432,1.44943
2015/16,306,2016-01-23,Sunderland,Bournemouth,1,1,0.612134,1.26851
2015/16,307,2016-01-23,Watford,Newcastle,2,1,2.58707,1.29267
2015/16,305,2016-01-23,West Brom,Aston Villa,0,0,0.23184,0.562461
2015/16,308,2016-01-23,West Ham,Man City,2,2,1.01267,1.73182
2015/16,310,2016-01-24,Arsenal,Chelsea,0,1,1.10907,1.48778
2015/16,309,2016-01-24,Everton,Swansea,1,2,1.94094,1.08055
2015/16,311,2016-02-02,Arsenal,Southampton,0,0,3.38487,0.93405
2015/16,312,2016-02-02,Leicester,Liverpool,2,0,1.34566,0.580791
2015/16,313,2016-02-02,Norwich,Tottenham,0,3,0.929319,2.75469
2015/16,314,2016-02-02,Sunderland,Man City,0,1,0.888437,0.638461
2015/16,315,2016-02-02,West Ham,Aston Villa,2,0,2.34619,0.107888
2015/16,316,2016-02-03,Crystal Palace,Bournemouth,1,2,1.62395,1.17427
2015/16,319,2016-02-03,Everton,Newcastle,3,0,2.48447,0.626239
2015/16,317,2016-02-03,Man United,Stoke,3,0,2.45272,0.350909
2015/16,320,2016-02-03,Watford,Chelsea,0,0,0.531415,1.13694
2015/16,318,2016-02-03,West Brom,Swansea,1,1,2.30645,1.17928
2015/16,326,2016-02-06,Aston Villa,Norwich,2,0,0.918291,1.1413
2015/16,327,2016-02-06,Liverpool,Sunderland,2,2,1.57712,0.491843
2015/16,321,2016-02-06,Man City,Leicester,1,3,1.70719,2.50168
2015/16,322,2016-02-06,Newcastle,West Brom,1,0,2.41057,0.472556
2015/16,328,2016-02-06,Southampton,West Ham,1,0,1.06493,0.970583
2015/16,323,2016-02-06,Stoke,Everton,0,3,0.693548,3.05913
2015/16,325,2016-02-06,Swansea,Crystal Palace,1,1,1.32136,1.01465
2015/16,324,2016-02-06,Tottenham,Watford,1,0,2.00475,0.149839
2015/16,329,2016-02-07,Bournemouth,Arsenal,0,2,0.584316,1.13957
2015/16,330,2016-02-07,Chelsea,Man United,1,1,1.61554,0.780475
2015/16,336,2016-02-13,Bournemouth,Stoke,1,3,1.19427,0.927348
2015/16,337,2016-02-13,Chelsea,Newcastle,5,1,2.0858,0.430664
2015/16,335,2016-02-13,Crystal Palace,Watford,1,2,0.983946,1.99728
2015/16,334,2016-02-13,Everton,West Brom,0,1,1.82912,1.1974
2015/16,333,2016-02-13,Norwich,West Ham,2,2,1.03362,0.741428
2015/16,331,2016-02-13,Sunderland,Man United,2,1,1.48186,0.908296
2015/16,332,2016-02-13,Swansea,Southampton,0,1,0.699012,1.19353
2015/16,338,2016-02-14,Arsenal,Leicester,2,1,2.36319,1.31246
2015/16,339,2016-02-14,Aston Villa,Liverpool,0,6,0.174868,2.00756
2015/16,340,2016-02-14,Man City,Tottenham,1,2,1.97876,1.23517
2015/16,343,2016-02-27,Leicester,Norwich,1,0,1.7645,0.814784
2015/16,344,2016-02-27,Southampton,Chelsea,1,2,1.01074,0.631036
2015/16,345,2016-02-27,Stoke,Aston Villa,2,1,2.04047,0.414343
2015/16,342,2016-02-27,Watford,Bournemouth,0,0,1.00481,0.955252
2015/16,346,2016-02-27,West Brom,Crystal Palace,3,2,2.07488,1.21638
2015/16,341,2016-02-27,West Ham,Sunderland,1,0,0.52387,1.07887
2015/16,348,2016-02-28,Man United,Arsenal,3,2,1.09522,1.5435
2015/16,347,2016-02-28,Tottenham,Swansea,2,1,3.57325,1.24938
2015/16,349,2016-03-01,Aston Villa,Everton,1,3,0.60177,2.63668
2015/16,350,2016-03-01,Bournemouth,Southampton,2,0,1.41228,0.954161
2015/16,351,2016-03-01,Leicester,West Brom,2,2,3.04626,1.29485
2015/16,353,2016-03-01,Norwich,Chelsea,1,2,1.24159,0.980988
2015/16,352,2016-03-01,Sunderland,Crystal Palace,2,2,0.93375,0.887448
2015/16,355,2016-03-02,Arsenal,Swansea,1,2,1.4928,1.69788
2015/16,356,2016-03-02,Stoke,Newcastle,1,0,0.298318,0.270782
2015/16,354,2016-03-02,West Ham,Tottenham,1,0,0.784319,1.22673
2015/16,357,2016-03-03,Liverpool,Man City,3,0,1.16781,0.180318
2015/16,358,2016-03-03,Man United,Watford,1,0,0.786278,2.16484
2015/16,362,2016-03-05,Chelsea,Stoke,1,1,1.0615,1.60285
2015/16,363,2016-03-05,Everton,West Ham,2,3,2.09025,2.72091
2015/16,364,2016-03-05,Man City,Aston Villa,4,0,2.83271,0.121136
2015/16,365,2016-03-05,Newcastle,Bournemouth,1,3,0.833931,1.26853
2015/16,360,2016-03-05,Southampton,Sunderland,1,1,1.54587,1.31562
2015/16,361,2016-03-05,Swansea,Norwich,1,0,0.545937,0.580126
2015/16,359,2016-03-05,Tottenham,Arsenal,2,2,1.88378,0.543157
2015/16,366,2016-03-05,Watford,Leicester,0,1,0.829318,1.47042
2015/16,367,2016-03-06,Crystal Palace,Liverpool,1,2,1.43901,2.27087
2015/16,368,2016-03-06,West Brom,Man United,1,0,0.565787,0.417622
2015/16,371,2016-03-12,Bournemouth,Swansea,3,2,0.70756,1.09562
2015/16,369,2016-03-12,Norwich,Man City,0,0,0.139743,0.557373
2015/16,370,2016-03-12,Stoke,Southampton,1,2,1.06676,0.874966
2015/16,372,2016-03-13,Aston Villa,Tottenham,0,2,1.84022,2.00141
2015/16,373,2016-03-14,Leicester,Newcastle,1,0,0.846771,0.518715
2015/16,376,2016-03-19,Chelsea,West Ham,2,2,2.1406,0.862828
2015/16,375,2016-03-19,Crystal Palace,Leicester,0,1,0.784339,1.20315
2015/16,374,2016-03-19,Everton,Arsenal,0,2,0.58617,1.92384
2015/16,379,2016-03-19,Swansea,Aston Villa,1,0,0.490469,0.730828
2015/16,377,2016-03-19,Watford,Stoke,1,2,0.879462,1.58145
2015/16,378,2016-03-19,West Brom,Norwich,0,1,0.332789,0.799255
2015/16,382,2016-03-20,Man City,Man United,0,1,1.86249,0.900312
2015/16,381,2016-03-20,Newcastle,Sunderland,1,1,0.940593,0.785017
2015/16,380,2016-03-20,Southampton,Liverpool,3,2,1.56873,1.29046
2015/16,383,2016-03-20,Tottenham,Bournemouth,3,0,2.02694,0.120366
2015/16,385,2016-04-02,Arsenal,Watford,4,0,3.00742,0.290619
2015/16,384,2016-04-02,Aston Villa,Chelsea,0,4,0.72512,2.49358
2015/16,386,2016-04-02,Bournemouth,Man City,0,4,1.3239,0.868303
2015/16,391,2016-04-02,Liverpool,Tottenham,1,1,1.37954,1.23579
2015/16,387,2016-04-02,Norwich,Newcastle,3,2,1.65216,1.46835
2015/16,388,2016-04-02,Stoke,Swansea,2,2,1.17598,0.4319
2015/16,389,2016-04-02,Sunderland,West Brom,0,0,1.54544,0.0635563
2015/16,390,2016-04-02,West Ham,Crystal Palace,2,2,1.71369,1.65593
2015/16,392,2016-04-03,Leicester,Southampton,1,0,1.38701,0.670068
2015/16,393,2016-04-03,Man United,Everton,1,0,0.998692,0.755625
2015/16,398,2016-04-09,Aston Villa,Bournemouth,1,2,0.220872,1.0038
2015/16,399,2016-04-09,Crystal Palace,Norwich,1,0,1.45029,0.675663
2015/16,400,2016-04-09,Man City,West Brom,2,1,2.07325,1.09413
2015/16,396,2016-04-09,Southampton,Newcastle,3,1,1.78477,0.165982
2015/16,397,2016-04-09,Swansea,Chelsea,1,0,1.9071,1.3003
2015/16,395,2016-04-09,Watford,Everton,1,1,0.408379,1.59979
2015/16,394,2016-04-09,West Ham,Arsenal,3,3,1.10973,1.46966
2015/16,403,2016-04-10,Liverpool,Stoke,4,1,2.21484,0.85508
2015/16,401,2016-04-10,Sunderland,Leicester,0,2,0.872232,2.60072
2015/16,402,2016-04-10,Tottenham,Man United,3,0,1.79647,0.341238
2015/16,404,2016-04-13,Crystal Palace,Everton,0,0,1.59025,0.759269
2015/16,410,2016-04-16,Chelsea,Man City,0,3,0.487715,2.62768
2015/16,407,2016-04-16,Everton,Southampton,1,1,0.318721,1.38323
2015/16,406,2016-04-16,Man United,Aston Villa,1,0,1.09127,0.262427
2015/16,408,2016-04-16,Newcastle,Swansea,3,0,1.5024,0.787081
2015/16,405,2016-04-16,Norwich,Sunderland,0,3,1.09006,1.99748
2015/16,409,2016-04-16,West Brom,Watford,0,1,2.2915,0.364852
2015/16,413,2016-04-17,Arsenal,Crystal Palace,1,1,1.73461,0.275806
2015/16,412,2016-04-17,Bournemouth,Liverpool,1,2,0.85914,1.81443
2015/16,411,2016-04-17,Leicester,West Ham,2,2,1.95296,1.56819
2015/16,414,2016-04-18,Stoke,Tottenham,0,4,0.458376,2.89775
2015/16,415,2016-04-19,Newcastle,Man City,1,1,0.455246,0.522043
2015/16,418,2016-04-20,Liverpool,Everton,4,0,3.24472,0.0886329
2015/16,417,2016-04-20,Man United,Crystal Palace,2,0,1.46607,0.137416
2015/16,416,2016-04-20,West Ham,Watford,3,1,3.96294,1.22333
2015/16,419,2016-04-21,Arsenal,West Brom,2,0,1.37348,0.839742
2015/16,421,2016-04-23,Aston Villa,Southampton,2,4,1.47192,3.6648
2015/16,422,2016-04-23,Bournemouth,Chelsea,1,4,0.575087,2.07192
2015/16,423,2016-04-23,Liverpool,Newcastle,2,2,0.712881,0.253033
2015/16,420,2016-04-23,Man City,Stoke,4,0,2.22482,1.09174
2015/16,425,2016-04-24,Leicester,Swansea,4,0,3.31579,0.576457
2015/16,424,2016-04-24,Sunderland,Arsenal,0,0,0.617149,0.97303
2015/16,426,2016-04-25,Tottenham,West Brom,1,1,1.26346,0.894413
2015/16,432,2016-04-30,Arsenal,Norwich,1,0,0.781508,0.578781
2015/16,429,2016-04-30,Everton,Bournemouth,2,1,0.95281,1.42599
2015/16,428,2016-04-30,Newcastle,Crystal Palace,1,0,0.53407,1.05079
2015/16,427,2016-04-30,Stoke,Sunderland,1,1,0.68487,1.43105
2015/16,430,2016-04-30,Watford,Aston Villa,3,2,1.36255,0.491793
2015/16,431,2016-04-30,West Brom,West Ham,0,3,1.5346,1.27183
2015/16,434,2016-05-01,Man United,Leicester,1,1,1.18462,1.16622
2015/16,435,2016-05-01,Southampton,Man City,4,2,2.84362,1.12719
2015/16,433,2016-05-01,Swansea,Liverpool,3,1,2.31862,0.776186
2015/16,436,2016-05-02,Chelsea,Tottenham,2,2,0.81661,1.90407
2015/16,440,2016-05-07,Aston Villa,Newcastle,0,0,0.0312154,1.09626
2015/16,441,2016-05-07,Bournemouth,West Brom,1,1,0.814964,1.34282
2015/16,438,2016-05-07,Crystal Palace,Stoke,2,1,1.31448,1.27766
2015/16,443,2016-05-07,Leicester,Everton,3,1,4.50525,1.30184
2015/16,437,2016-05-07,Norwich,Man United,0,1,1.36825,1.48344
2015/16,442,2016-05-07,Sunderland,Chelsea,3,2,0.773876,1.77677
2015/16,439,2016-05-07,West Ham,Swansea,1,4,2.39454,2.47265
2015/16,445,2016-05-08,Liverpool,Watford,2,0,2.38919,0.930803
2015/16,446,2016-05-08,Man City,Arsenal,2,2,0.75375,1.08084
2015/16,444,2016-05-08,Tottenham,Southampton,1,2,2.55547,1.30812
2015/16,447,2016-05-10,West Ham,Man United,3,2,2.13311,0.635987
2015/16,450,2016-05-11,Liverpool,Chelsea,1,1,1.83934,0.812268
2015/16,448,2016-05-11,Norwich,Watford,4,2,2.41871,1.7686
2015/16,449,2016-05-11,Sunderland,Everton,3,0,2.44887,1.16563
2015/16,451,2016-05-15,Arsenal,Aston Villa,4,0,3.40207,0.222731
2015/16,452,2016-05-15,Chelsea,Leicester,1,1,1.86065,1.23491
2015/16,453,2016-05-15,Everton,Norwich,3,0,2.40775,0.43016
2015/16,454,2016-05-15,Newcastle,Tottenham,5,1,2.42808,0.869082
2015/16,455,2016-05-15,Southampton,Crystal Palace,4,1,2.32278,1.24857
2015/16,456,2016-05-15,Stoke,West Ham,2,1,0.288737,2.94489
2015/16,457,2016-05-15,Swansea,Man City,1,1,0.115604,2.04003
2015/16,458,2016-05-15,Watford,Sunderland,2,2,1.95277,0.908817
2015/16,459,2016-05-15,West Brom,Liverpool,1,1,1.86869,0.419877
2015/16,460,2016-05-17,Man United,Bournemouth,3,1,1.72109,0.503471
2016/17,464,2016-08-13,Burnley,Swansea,0,1,1.04903,1.72089
2016/17,462,2016-08-13,Crystal Palace,West Brom,0,1,0.990062,0.684593
2016/17,463,2016-08-13,Everton,Tottenham,1,1,0.790063,1.12348
2016/17,461,2016-08-13,Hull,Leicester,2,1,0.740018,2.45631
2016/17,467,2016-08-13,Man City,Sunderland,2,1,1.95479,1.09877
2016/17,465,2016-08-13,Middlesbrough,Stoke,1,1,1.80523,0.485626
2016/17,466,2016-08-13,Southampton,Watford,1,1,0.937328,0.180046
2016/17,469,2016-08-14,Arsenal,Liverpool,3,4,1.18197,1.6591
2016/17,468,2016-08-14,Bournemouth,Man United,1,3,0.522847,1.91105
2016/17,470,2016-08-15,Chelsea,West Ham,2,1,1.4603,0.445604
2016/17,471,2016-08-19,Man United,Southampton,2,0,1.36553,0.613233
2016/17,473,2016-08-20,Burnley,Liverpool,2,0,0.197536,0.939025
2016/17,478,2016-08-20,Leicester,Arsenal,0,0,0.553693,0.521509
2016/17,472,2016-08-20,Stoke,Man City,1,4,1.31066,2.17198
2016/17,474,2016-08-20,Swansea,Hull,0,2,1.14134,2.18655
2016/17,475,2016-08-20,Tottenham,Crystal Palace,1,0,2.25623,0.357943
2016/17,476,2016-08-20,Watford,Chelsea,1,2,0.804549,1.75595
2016/17,477,2016-08-20,West Brom,Everton,1,2,2.01885,1.83897
2016/17,479,2016-08-21,Sunderland,Middlesbrough,1,2,1.4645,0.854908
2016/17,480,2016-08-21,West Ham,Bournemouth,1,0,1.69288,0.39341
2016/17,485,2016-08-27,Chelsea,Burnley,3,0,2.65838,0.18449
2016/17,486,2016-08-27,Crystal Palace,Bournemouth,1,1,2.659,0.974014
2016/17,487,2016-08-27,Everton,Stoke,1,0,2.31835,0.187415
2016/17,488,2016-08-27,Hull,Man United,0,1,0.268815,2.47208
2016/17,483,2016-08-27,Leicester,Swansea,2,1,2.47977,0.32818
2016/17,484,2016-08-27,Southampton,Sunderland,1,1,0.613743,1.39142
2016/17,481,2016-08-27,Tottenham,Liverpool,1,1,0.590511,1.92569
2016/17,482,2016-08-27,Watford,Arsenal,1,3,1.07775,2.03271
2016/17,490,2016-08-28,Man City,West Ham,3,1,3.21624,1.08385
2016/17,489,2016-08-28,West Brom,Middlesbrough,0,0,0.696845,0.396816
2016/17,494,2016-09-10,Arsenal,Southampton,2,1,1.89219,1.17522
2016/17,495,2016-09-10,Bournemouth,West Brom,1,0,0.986511,1.48347
2016/17,496,2016-09-10,Burnley,Hull,1,1,0.453149,0.907116
2016/17,498,2016-09-10,Liverpool,Leicester,4,1,2.76916,1.22508
2016/17,491,2016-09-10,Man United,Man City,1,2,1.01013,1.88688
2016/17,492,2016-09-10,Middlesbrough,Crystal Palace,1,2,0.611959,1.12437
2016/17,493,2016-09-10,Stoke,Tottenham,0,4,1.01771,2.77025
2016/17,497,2016-09-10,West Ham,Watford,2,4,1.32216,1.85479
2016/17,499,2016-09-11,Swansea,Chelsea,2,2,1.2304,2.19035
2016/17,500,2016-09-12,Sunderland,Everton,0,3,1.0404,2.84526
2016/17,501,2016-09-16,Chelsea,Liverpool,1,2,1.16415,1.41642
2016/17,506,2016-09-17,Everton,Middlesbrough,3,1,1.17467,0.178081
2016/17,502,2016-09-17,Hull,Arsenal,1,4,0.969693,3.63453
2016/17,503,2016-09-17,Leicester,Burnley,3,0,1.98503,0.464523
2016/17,504,2016-09-17,Man City,Bournemouth,4,0,3.38733,0.389672
2016/17,505,2016-09-17,West Brom,West Ham,4,2,1.94229,2.37422
2016/17,508,2016-09-18,Crystal Palace,Stoke,4,1,1.31366,1.20308
2016/17,509,2016-09-18,Southampton,Swansea,1,0,2.15218,0.490661
2016/17,510,2016-09-18,Tottenham,Sunderland,1,0,2.52591,0.960821
2016/17,507,2016-09-18,Watford,Man United,3,1,1.74506,1.41359
2016/17,518,2016-09-24,Arsenal,Chelsea,3,0,1.66224,0.613553
2016/17,517,2016-09-24,Bournemouth,Everton,1,0,0.693594,1.15724
2016/17,516,2016-09-24,Liverpool,Hull,5,1,4.64913,0.157549
2016/17,511,2016-09-24,Man United,Leicester,4,1,2.45604,0.286966
2016/17,512,2016-09-24,Middlesbrough,Tottenham,1,2,0.361508,1.4158
2016/17,513,2016-09-24,Stoke,West Brom,1,1,0.979673,0.270862
2016/17,514,2016-09-24,Sunderland,Crystal Palace,2,3,1.51457,1.7887
2016/17,515,2016-09-24,Swansea,Man City,1,3,1.11096,2.57704
2016/17,519,2016-09-25,West Ham,Southampton,0,3,0.693818,2.97877
2016/17,520,2016-09-26,Burnley,Watford,2,0,0.569734,0.776105
2016/17,521,2016-09-30,Everton,Crystal Palace,1,1,1.1542,0.47692
2016/17,524,2016-10-01,Hull,Chelsea,0,2,0.27266,1.99155
2016/17,523,2016-10-01,Sunderland,West Brom,1,1,1.19268,0.88211
2016/17,522,2016-10-01,Swansea,Liverpool,1,2,2.65842,2.02239
2016/17,525,2016-10-01,Watford,Bournemouth,2,2,1.23419,1.35487
2016/17,526,2016-10-01,West Ham,Middlesbrough,1,1,0.883385,0.852603
2016/17,530,2016-10-02,Burnley,Arsenal,0,1,0.608783,1.85433
2016/17,528,2016-10-02,Leicester,Southampton,0,0,0.446309,0.920963
2016/17,527,2016-10-02,Man United,Stoke,1,1,2.80988,1.20043
2016/17,529,2016-10-02,Tottenham,Man City,2,0,1.69975,0.909513
2016/17,532,2016-10-15,Arsenal,Swansea,3,2,3.50519,1.74979
2016/17,533,2016-10-15,Bournemouth,Hull,6,1,2.92532,0.388589
2016/17,531,2016-10-15,Chelsea,Leicester,3,0,3.11573,0.182549
2016/17,537,2016-10-15,Crystal Palace,West Ham,0,1,1.94599,0.874219
2016/17,534,2016-10-15,Man City,Everton,1,1,2.69208,0.144498
2016/17,535,2016-10-15,Stoke,Sunderland,2,0,2.29543,0.587572
2016/17,536,2016-10-15,West Brom,Tottenham,1,1,1.30365,1.32318
2016/17,538,2016-10-16,Middlesbrough,Watford,0,1,0.528576,0.0893749
2016/17,539,2016-10-16,Southampton,Burnley,3,1,4.21181,1.03126
2016/17,540,2016-10-17,Liverpool,Man United,0,0,0.270441,0.537762
2016/17,547,2016-10-22,Arsenal,Middlesbrough,0,0,0.711811,1.55581
2016/17,541,2016-10-22,Bournemouth,Tottenham,0,0,0.523371,0.74529
2016/17,546,2016-10-22,Burnley,Everton,2,1,0.905579,0.752795
2016/17,545,2016-10-22,Hull,Stoke,0,2,0.701606,1.04273
2016/17,544,2016-10-22,Leicester,Crystal Palace,3,1,1.7041,1.656
2016/17,548,2016-10-22,Liverpool,West Brom,2,1,2.2952,0.685982
2016/17,543,2016-10-22,Swansea,Watford,0,0,1.33215,0.478578
2016/17,542,2016-10-22,West Ham,Sunderland,1,0,1.19585,0.808339
2016/17,550,2016-10-23,Chelsea,Man United,4,0,2.25192,0.742805
2016/17,549,2016-10-23,Man City,Southampton,1,1,1.15321,0.563752
2016/17,2683,2016-10-29,Crystal Palace,Liverpool,2,4,0.496044,2.26056
2016/17,2682,2016-10-29,Man United,Burnley,0,0,2.72391,0.327957
2016/17,2681,2016-10-29,Middlesbrough,Bournemouth,2,0,1.44317,1.54599
2016/17,2677,2016-10-29,Sunderland,Arsenal,1,4,0.853434,2.48348
2016/17,2678,2016-10-29,Tottenham,Leicester,1,1,1.69833,0.740987
2016/17,2679,2016-10-29,Watford,Hull,1,0,1.14991,0.251367
2016/17,2680,2016-10-29,West Brom,Man City,0,4,0.596605,2.48018
2016/17,2684,2016-10-30,Everton,West Ham,2,0,2.0087,0.944816
2016/17,2685,2016-10-30,Southampton,Chelsea,0,2,0.422364,1.14759
2016/17,2686,2016-11-01,Stoke,Swansea,3,1,2.16407,1.10058
2016/17,2687,2016-11-05,Bournemouth,Sunderland,1,2,2.6457,1.13672
2016/17,2688,2016-11-05,Burnley,Crystal Palace,3,2,2.25738,2.05902
2016/17,2691,2016-11-05,Chelsea,Everton,5,0,1.94078,0.0131321
2016/17,2689,2016-11-05,Man City,Middlesbrough,1,1,2.49606,0.208762
2016/17,2690,2016-11-05,West Ham,Stoke,1,1,0.404528,0.81046
2016/17,2692,2016-11-06,Arsenal,Tottenham,1,1,0.675745,1.19585
2016/17,2694,2016-11-06,Hull,Southampton,2,1,0.561215,2.03046
2016/17,2696,2016-11-06,Leicester,West Brom,1,2,0.629678,0.78196
2016/17,2693,2016-11-06,Liverpool,Watford,6,1,4.18366,0.771133
2016/17,2695,2016-11-06,Swansea,Man United,1,3,0.51266,1.00006
2016/17,2703,2016-11-19,Crystal Palace,Man City,1,2,0.431559,1.39421
2016/17,2702,2016-11-19,Everton,Swansea,1,1,1.54877,1.07471
2016/17,2697,2016-11-19,Man United,Arsenal,1,1,0.511462,0.575813
2016/17,2698,2016-11-19,Southampton,Liverpool,0,0,0.0942055,1.68802
2016/17,2699,2016-11-19,Stoke,Bournemouth,0,1,1.60429,1.24012
2016/17,2700,2016-11-19,Sunderland,Hull,3,0,0.951511,1.25065
2016/17,2704,2016-11-19,Tottenham,West Ham,3,2,2.53396,1.76706
2016/17,2701,2016-11-19,Watford,Leicester,2,1,0.7197,1.19686
2016/17,2705,2016-11-20,Middlesbrough,Chelsea,0,1,0.55976,1.68738
2016/17,2706,2016-11-22,West Brom,Burnley,4,0,1.40512,0.571005
2016/17,2707,2016-11-26,Burnley,Man City,1,2,0.475642,2.25698
2016/17,2712,2016-11-26,Chelsea,Tottenham,2,1,1.24948,0.422568
2016/17,2708,2016-11-26,Hull,West Brom,1,1,0.424457,1.40213
2016/17,2711,2016-11-26,Leicester,Middlesbrough,2,2,2.0478,0.425252
2016/17,2710,2016-11-26,Liverpool,Sunderland,2,0,2.02461,0.291073
2016/17,2709,2016-11-26,Swansea,Crystal Palace,5,4,3.3955,2.28156
2016/17,2714,2016-11-27,Arsenal,Bournemouth,3,1,2.8697,2.0491
2016/17,2716,2016-11-27,Man United,West Ham,1,1,1.44452,0.749388
2016/17,2715,2016-11-27,Southampton,Everton,1,0,2.80562,0.615174
2016/17,2713,2016-11-27,Watford,Stoke,0,1,0.541915,0.704736
2016/17,3106,2016-12-03,Crystal Palace,Southampton,3,0,2.20073,0.764357
2016/17,3105,2016-12-03,Man City,Chelsea,1,3,2.24061,1.2848
2016/17,3107,2016-12-03,Stoke,Burnley,2,0,1.12929,0.773995
2016/17,3108,2016-12-03,Sunderland,Leicester,2,1,1.4282,1.13791
2016/17,3109,2016-12-03,Tottenham,Swansea,5,0,3.9767,0.0342109
2016/17,3110,2016-12-03,West Brom,Watford,3,1,1.17737,1.476
2016/17,3111,2016-12-03,West Ham,Arsenal,1,5,0.882486,2.96923
2016/17,3112,2016-12-04,Bournemouth,Liverpool,4,3,2.54396,1.26532
2016/17,3113,2016-12-04,Everton,Man United,1,1,1.64985,0.541299
2016/17,3114,2016-12-06,Middlesbrough,Hull,1,0,1.94961,0.221339
2016/17,3118,2016-12-10,Arsenal,Stoke,3,1,1.58027,1.29401
2016/17,3119,2016-12-10,Burnley,Bournemouth,3,2,2.15178,1.00194
2016/17,3116,2016-12-10,Hull,Crystal Palace,3,3,2.16649,1.50059
2016/17,3120,2016-12-10,Leicester,Man City,4,2,2.60583,0.970372
2016/17,3117,2016-12-10,Swansea,Sunderland,3,0,2.18185,0.672058
2016/17,3115,2016-12-10,Watford,Everton,3,2,1.49271,1.09675
2016/17,3121,2016-12-11,Chelsea,West Brom,1,0,0.551109,0.212574
2016/17,3124,2016-12-11,Liverpool,West Ham,2,2,1.79134,0.64998
2016/17,3122,2016-12-11,Man United,Tottenham,1,0,1.04894,0.720341
2016/17,3123,2016-12-11,Southampton,Middlesbrough,1,0,1.72919,0.493941
2016/17,3125,2016-12-13,Bournemouth,Leicester,1,0,0.64118,1.6751
2016/17,3126,2016-12-13,Everton,Arsenal,2,1,1.46034,1.3508
2016/17,3127,2016-12-14,Middlesbrough,Liverpool,0,3,0.161583,2.13526
2016/17,3128,2016-12-14,Sunderland,Chelsea,0,1,0.473979,1.22459
2016/17,3129,2016-12-14,West Ham,Burnley,1,0,1.67016,0.923353
2016/17,3130,2016-12-15,Crystal Palace,Man United,1,2,0.710324,1.27306
2016/17,3132,2016-12-15,Man City,Watford,2,0,1.62359,0.497462
2016/17,3133,2016-12-15,Stoke,Southampton,0,0,0.333754,0.723114
2016/17,3134,2016-12-15,Tottenham,Hull,3,0,2.83077,0.570636
2016/17,3131,2016-12-15,West Brom,Swansea,3,1,1.78268,1.07221
2016/17,3135,2016-12-17,Crystal Palace,Chelsea,0,1,0.356331,0.81444
2016/17,3136,2016-12-17,Middlesbrough,Swansea,3,0,1.71549,0.602249
2016/17,3138,2016-12-17,Stoke,Leicester,2,2,2.518,1.25572
2016/17,3139,2016-12-17,Sunderland,Watford,1,0,1.13526,1.07552
2016/17,3140,2016-12-17,West Brom,Man United,0,2,0.600426,0.983306
2016/17,3137,2016-12-17,West Ham,Hull,1,0,1.92151,1.13479
2016/17,3141,2016-12-18,Bournemouth,Southampton,1,3,0.492912,1.69451
2016/17,3142,2016-12-18,Man City,Arsenal,2,1,1.5186,0.609893
2016/17,3143,2016-12-18,Tottenham,Burnley,2,1,1.50755,1.17031
2016/17,3144,2016-12-20,Everton,Liverpool,0,1,0.456788,1.87823
2016/17,3149,2016-12-26,Arsenal,West Brom,1,0,1.97881,0.687502
2016/17,3150,2016-12-26,Burnley,Middlesbrough,1,0,0.275704,0.698814
2016/17,3151,2016-12-26,Chelsea,Bournemouth,3,0,1.71303,0.650942
2016/17,3152,2016-12-26,Hull,Man City,0,3,0.350069,2.22237
2016/17,3148,2016-12-26,Leicester,Everton,0,2,0.377464,1.25512
2016/17,3147,2016-12-26,Man United,Sunderland,3,1,2.32117,0.488541
2016/17,3146,2016-12-26,Swansea,West Ham,1,4,0.954864,3.40585
2016/17,3145,2016-12-26,Watford,Crystal Palace,1,1,0.959496,1.53834
2016/17,3153,2016-12-27,Liverpool,Stoke,4,1,1.66669,0.389104
2016/17,3154,2016-12-28,Southampton,Tottenham,1,4,0.403743,1.61035
2016/17,3157,2016-12-31,Burnley,Sunderland,4,1,2.72471,0.465701
2016/17,3158,2016-12-31,Chelsea,Stoke,4,2,1.94737,0.858417
2016/17,3155,2016-12-31,Hull,Everton,2,2,0.852585,1.27757
2016/17,3156,2016-12-31,Leicester,West Ham,1,0,1.10842,1.58333
2016/17,3162,2016-12-31,Liverpool,Man City,1,0,0.256825,0.352445
2016/17,3159,2016-12-31,Man United,Middlesbrough,2,1,2.53996,0.64492
2016/17,3160,2016-12-31,Southampton,West Brom,1,2,0.371668,0.6675
2016/17,3161,2016-12-31,Swansea,Bournemouth,0,3,0.515218,2.43608
2016/17,3329,2017-01-01,Arsenal,Crystal Palace,2,0,1.67138,0.221469
2016/17,3328,2017-01-01,Watford,Tottenham,1,4,1.26331,3.06509
2016/17,3331,2017-01-02,Everton,Southampton,3,0,2.34997,1.01083
2016/17,3332,2017-01-02,Man City,Burnley,2,1,0.617412,0.642111
2016/17,3330,2017-01-02,Middlesbrough,Leicester,0,0,0.697108,0.477078
2016/17,3334,2017-01-02,Sunderland,Liverpool,2,2,1.91057,2.332
2016/17,3333,2017-01-02,West Brom,Hull,3,1,0.883566,0.992341
2016/17,3335,2017-01-02,West Ham,Man United,0,2,0.799911,1.64905
2016/17,3336,2017-01-03,Bournemouth,Arsenal,3,3,1.55859,1.12629
2016/17,3337,2017-01-04,Crystal Palace,Swansea,1,2,0.331276,1.18905
2016/17,3338,2017-01-04,Stoke,Watford,2,0,1.85359,0.510395
2016/17,3339,2017-01-05,Tottenham,Chelsea,2,0,1.00945,0.912754
2016/17,3345,2017-01-14,Burnley,Southampton,1,0,0.464555,0.962065
2016/17,3344,2017-01-14,Hull,Bournemouth,3,1,1.18904,1.43455
2016/17,3347,2017-01-14,Leicester,Chelsea,0,3,0.179144,0.738826
2016/17,3342,2017-01-14,Sunderland,Stoke,1,3,1.1365,1.22897
2016/17,3343,2017-01-14,Swansea,Arsenal,0,4,0.488485,2.31811
2016/17,3340,2017-01-14,Tottenham,West Brom,4,0,2.65474,0.165019
2016/17,3341,2017-01-14,Watford,Middlesbrough,0,0,0.835827,0.325347
2016/17,3346,2017-01-14,West Ham,Crystal Palace,3,0,1.72338,1.06181
2016/17,3348,2017-01-15,Everton,Man City,4,0,0.572528,0.569286
2016/17,3349,2017-01-15,Man United,Liverpool,1,1,1.03178,1.46058
2016/17,3352,2017-01-21,Bournemouth,Watford,2,2,1.14791,1.08731
2016/17,3353,2017-01-21,Crystal Palace,Everton,0,1,0.463733,0.949561
2016/17,3350,2017-01-21,Liverpool,Swansea,2,3,1.24037,1.60482
2016/17,3356,2017-01-21,Man City,Tottenham,2,2,2.52702,1.12391
2016/17,3351,2017-01-21,Middlesbrough,West Ham,1,3,0.958825,2.6558
2016/17,3354,2017-01-21,Stoke,Man United,1,1,0.353777,1.74295
2016/17,3355,2017-01-21,West Brom,Sunderland,2,0,1.3279,0.440887
2016/17,3358,2017-01-22,Arsenal,Burnley,2,1,1.86443,1.29948
2016/17,3359,2017-01-22,Chelsea,Hull,2,0,1.47165,0.314532
2016/17,3357,2017-01-22,Southampton,Leicester,3,0,2.49923,0.935866
2016/17,3360,2017-01-31,Arsenal,Watford,1,2,1.07765,0.918309
2016/17,3361,2017-01-31,Bournemouth,Crystal Palace,0,2,0.32099,1.60667
2016/17,3362,2017-01-31,Burnley,Leicester,1,0,1.82995,0.775645
2016/17,3366,2017-01-31,Liverpool,Chelsea,1,1,1.20485,1.0666
2016/17,3363,2017-01-31,Middlesbrough,West Brom,1,1,1.18135,1.25288
2016/17,3364,2017-01-31,Sunderland,Tottenham,0,0,0.228009,0.682758
2016/17,3365,2017-01-31,Swansea,Southampton,2,1,0.760046,0.907103
2016/17,3368,2017-02-01,Man United,Hull,0,0,1.48151,0.395896
2016/17,3369,2017-02-01,Stoke,Everton,1,1,1.7362,0.870158
2016/17,3367,2017-02-01,West Ham,Man City,0,4,0.49472,2.66472
2016/17,3370,2017-02-04,Chelsea,Arsenal,3,1,1.95451,0.950035
2016/17,3371,2017-02-04,Crystal Palace,Sunderland,0,4,2.45994,0.837361
2016/17,3372,2017-02-04,Everton,Bournemouth,6,3,2.75981,2.1501
2016/17,3373,2017-02-04,Hull,Liverpool,2,0,1.88587,1.12538
2016/17,3376,2017-02-04,Southampton,West Ham,1,3,1.06276,0.91785
2016/17,3377,2017-02-04,Tottenham,Middlesbrough,1,0,2.10053,0.50484
2016/17,3374,2017-02-04,Watford,Burnley,2,1,1.66308,1.4777
2016/17,3375,2017-02-04,West Brom,Stoke,1,0,1.84983,1.10818
2016/17,3379,2017-02-05,Leicester,Man United,0,3,0.492009,1.98688
2016/17,3378,2017-02-05,Man City,Swansea,2,1,2.87972,0.11445
2016/17,3380,2017-02-11,Arsenal,Hull,2,0,3.1235,0.466403
2016/17,3386,2017-02-11,Liverpool,Tottenham,2,0,2.38009,0.622104
2016/17,3381,2017-02-11,Man United,Watford,2,0,2.627,0.641058
2016/17,3382,2017-02-11,Middlesbrough,Everton,0,0,0.651056,0.831644
2016/17,3383,2017-02-11,Stoke,Crystal Palace,1,0,0.720883,0.202159
2016/17,3384,2017-02-11,Sunderland,Southampton,0,4,0.197925,1.72717
2016/17,3385,2017-02-11,West Ham,West Brom,2,2,1.17553,0.769974
2016/17,3387,2017-02-12,Burnley,Chelsea,1,1,0.906366,0.800222
2016/17,3388,2017-02-12,Swansea,Leicester,2,0,0.693376,0.672883
2016/17,3389,2017-02-13,Bournemouth,Man City,0,2,0.152385,2.953
2016/17,3391,2017-02-25,Chelsea,Swansea,3,1,1.22573,0.280172
2016/17,3392,2017-02-25,Crystal Palace,Middlesbrough,1,0,0.808522,0.82885
2016/17,3393,2017-02-25,Everton,Sunderland,2,0,1.70366,0.505952
2016/17,3394,2017-02-25,Hull,Burnley,1,1,1.59037,0.473058
2016/17,3396,2017-02-25,Watford,West Ham,1,1,1.21279,1.48144
2016/17,3395,2017-02-25,West Brom,Bournemouth,2,1,1.6124,1.22747
2016/17,3397,2017-02-26,Tottenham,Stoke,4,0,1.89002,0.743596
2016/17,3399,2017-02-27,Leicester,Liverpool,3,1,1.54732,0.789939
2016/17,3400,2017-03-04,Leicester,Hull,3,1,1.81255,1.1216
2016/17,3401,2017-03-04,Liverpool,Arsenal,3,1,2.70435,0.729203
2016/17,3402,2017-03-04,Man United,Bournemouth,1,1,2.5377,0.816172
2016/17,3403,2017-03-04,Stoke,Middlesbrough,2,0,2.97584,0.274611
2016/17,3405,2017-03-04,Swansea,Burnley,3,2,1.44545,0.933851
2016/17,3407,2017-03-04,Watford,Southampton,3,4,1.40104,1.33681
2016/17,3408,2017-03-04,West Brom,Crystal Palace,0,2,0.3746,1.39171
2016/17,3404,2017-03-05,Sunderland,Man City,0,2,0.737758,2.48022
2016/17,3406,2017-03-05,Tottenham,Everton,3,2,1.70225,0.808013
2016/17,3409,2017-03-06,West Ham,Chelsea,1,2,0.450583,2.01134
2016/17,3418,2017-03-08,Man City,Stoke,0,0,1.3049,0.337194
2016/17,3411,2017-03-11,Bournemouth,West Ham,3,2,3.68186,1.25315
2016/17,3416,2017-03-11,Everton,West Brom,3,0,2.17521,0.127321
2016/17,3417,2017-03-11,Hull,Swansea,2,1,1.98818,1.44148
2016/17,3419,2017-03-12,Liverpool,Burnley,2,1,0.966335,0.83474
2016/17,3429,2017-03-18,Bournemouth,Swansea,2,0,1.00816,0.37687
2016/17,3428,2017-03-18,Crystal Palace,Watford,1,0,0.376326,0.190648
2016/17,3427,2017-03-18,Everton,Hull,4,0,2.63141,0.528692
2016/17,3424,2017-03-18,Stoke,Chelsea,1,2,0.952053,1.95538
2016/17,3423,2017-03-18,Sunderland,Burnley,0,0,1.03287,1.18742
2016/17,3420,2017-03-18,West Brom,Arsenal,3,1,2.11737,0.995221
2016/17,3421,2017-03-18,West Ham,Leicester,2,3,2.32174,2.17004
2016/17,3426,2017-03-19,Man City,Liverpool,1,1,2.55464,1.94116
2016/17,3425,2017-03-19,Middlesbrough,Man United,1,3,1.09037,2.47484
2016/17,3422,2017-03-19,Tottenham,Southampton,2,1,1.64328,0.839989
2016/17,3431,2017-04-01,Burnley,Tottenham,0,2,0.44677,2.36346
2016/17,3432,2017-04-01,Chelsea,Crystal Palace,1,2,3.16805,1.57423
2016/17,3433,2017-04-01,Hull,West Ham,2,1,0.778704,1.24571
2016/17,3434,2017-04-01,Leicester,Stoke,2,0,1.97444,1.36671
2016/17,3435,2017-04-01,Liverpool,Everton,3,1,0.625343,1.44152
2016/17,3436,2017-04-01,Man United,West Brom,0,0,0.986683,0.200297
2016/17,3437,2017-04-01,Southampton,Bournemouth,0,0,1.00252,2.06307
2016/17,3439,2017-04-01,Watford,Sunderland,1,0,1.95828,0.349699
2016/17,3430,2017-04-02,Arsenal,Man City,2,2,0.738497,1.40021
2016/17,3438,2017-04-02,Swansea,Middlesbrough,0,0,0.64382,0.748206
2016/17,3441,2017-04-04,Burnley,Stoke,1,0,0.348885,1.17275
2016/17,3445,2017-04-04,Leicester,Sunderland,2,0,0.929134,0.7012
2016/17,3446,2017-04-04,Man United,Everton,1,1,1.67424,0.589122
2016/17,3443,2017-04-04,Watford,West Brom,2,0,0.691991,1.48109
2016/17,3440,2017-04-05,Arsenal,West Ham,3,0,2.16023,0.303905
2016/17,3448,2017-04-05,Chelsea,Man City,2,1,1.36933,2.2614
2016/17,3442,2017-04-05,Hull,Middlesbrough,4,2,2.23261,1.30673
2016/17,3449,2017-04-05,Liverpool,Bournemouth,2,2,2.17263,1.31233
2016/17,3447,2017-04-05,Southampton,Crystal Palace,3,1,3.34327,1.73055
2016/17,3444,2017-04-05,Swansea,Tottenham,1,3,0.872579,2.2242
2016/17,3450,2017-04-08,Bournemouth,Chelsea,1,3,0.384152,1.52126
2016/17,3457,2017-04-08,Man City,Hull,3,1,2.33731,0.358364
2016/17,3456,2017-04-08,Middlesbrough,Burnley,0,0,0.684683,0.809899
2016/17,3451,2017-04-08,Stoke,Liverpool,1,2,2.13972,1.02225
2016/17,3453,2017-04-08,Tottenham,Watford,4,0,1.18779,0.369968
2016/17,3454,2017-04-08,West Brom,Southampton,0,1,2.01721,0.910339
2016/17,3455,2017-04-08,West Ham,Swansea,1,0,1.20573,0.307666
2016/17,3458,2017-04-09,Everton,Leicester,4,2,2.64597,0.836095
2016/17,3452,2017-04-09,Sunderland,Man United,0,3,0.977316,1.6943
2016/17,3459,2017-04-10,Crystal Palace,Arsenal,3,0,2.15968,0.44226
2016/17,3468,2017-04-15,Crystal Palace,Leicester,2,2,1.67894,0.467725
2016/17,3467,2017-04-15,Everton,Burnley,3,1,1.67352,1.1469
2016/17,3462,2017-04-15,Southampton,Man City,0,3,0.616753,2.74188
2016/17,3463,2017-04-15,Stoke,Hull,3,1,2.01829,1.17696
2016/17,3464,2017-04-15,Sunderland,West Ham,2,2,1.14121,1.42815
2016/17,3465,2017-04-15,Tottenham,Bournemouth,4,0,3.28588,0.211502
2016/17,3466,2017-04-15,Watford,Swansea,1,0,1.22039,0.641001
2016/17,3460,2017-04-16,Man United,Chelsea,2,0,0.807128,0.132913
2016/17,3469,2017-04-16,West Brom,Liverpool,0,1,0.590375,1.30017
2016/17,3461,2017-04-17,Middlesbrough,Arsenal,1,2,1.72075,1.0689
2016/17,3471,2017-04-22,Bournemouth,Middlesbrough,4,0,3.27712,0.2072
2016/17,3474,2017-04-22,Hull,Watford,2,0,1.42309,1.15869
2016/17,3478,2017-04-22,Swansea,Stoke,2,0,0.475636,1.69454
2016/17,3479,2017-04-22,West Ham,Everton,0,0,0.668323,0.104476
2016/17,3472,2017-04-23,Burnley,Man United,0,2,0.342829,2.24747
2016/17,3476,2017-04-23,Liverpool,Crystal Palace,1,2,0.89449,1.21741
2016/17,3473,2017-04-25,Chelsea,Southampton,4,2,1.4438,1.32952
2016/17,3410,2017-04-26,Arsenal,Leicester,1,0,0.410203,0.595173
2016/17,3415,2017-04-26,Crystal Palace,Tottenham,0,1,0.321722,1.00589
2016/17,3413,2017-04-26,Middlesbrough,Sunderland,1,0,0.825839,0.445766
2016/17,3398,2017-04-27,Man City,Man United,0,0,1.41537,0.421251
2016/17,3480,2017-04-29,Crystal Palace,Burnley,0,2,0.633469,1.38569
2016/17,3484,2017-04-29,Southampton,Hull,0,0,1.24844,0.472435
2016/17,3485,2017-04-29,Stoke,West Ham,0,0,1.35509,0.65149
2016/17,3486,2017-04-29,Sunderland,Bournemouth,0,1,1.6667,1.53094
2016/17,3489,2017-04-29,West Brom,Leicester,0,1,0.809101,0.570664
2016/17,3481,2017-04-30,Everton,Chelsea,0,3,0.684516,1.81945
2016/17,3482,2017-04-30,Man United,Swansea,1,1,1.99224,0.775713
2016/17,3483,2017-04-30,Middlesbrough,Man City,2,2,1.17715,3.10725
2016/17,3487,2017-04-30,Tottenham,Arsenal,2,0,3.46042,0.589537
2016/17,3488,2017-05-01,Watford,Liverpool,0,1,0.436648,0.55669
2016/17,3499,2017-05-05,West Ham,Tottenham,1,0,2.21043,0.451017
2016/17,3491,2017-05-06,Bournemouth,Stoke,2,2,1.30668,2.3019
2016/17,3492,2017-05-06,Burnley,West Brom,2,2,1.08649,0.82853
2016/17,3494,2017-05-06,Hull,Sunderland,0,2,1.21734,1.95502
2016/17,3495,2017-05-06,Leicester,Watford,3,0,1.00566,0.512433
2016/17,3497,2017-05-06,Man City,Crystal Palace,5,0,2.69837,0.241571
2016/17,3498,2017-05-06,Swansea,Everton,1,0,2.09244,0.270186
2016/17,3490,2017-05-07,Arsenal,Man United,2,0,1.03986,0.576173
2016/17,3496,2017-05-07,Liverpool,Southampton,0,0,1.35967,0.182082
2016/17,3493,2017-05-08,Chelsea,Middlesbrough,3,0,2.28046,0.0718773
2016/17,3390,2017-05-10,Southampton,Arsenal,0,2,1.25259,1.35954
2016/17,3502,2017-05-12,Everton,Watford,1,0,1.12984,1.54861
2016/17,3508,2017-05-12,West Brom,Chelsea,0,1,0.529155,1.76954
2016/17,3500,2017-05-13,Bournemouth,Burnley,2,1,1.5499,1.1511
2016/17,3503,2017-05-13,Man City,Leicester,2,1,1.98776,1.62503
2016/17,3504,2017-05-13,Middlesbrough,Southampton,1,2,1.32885,1.52569
2016/17,3505,2017-05-13,Stoke,Arsenal,1,4,1.30239,2.63639
2016/17,3506,2017-05-13,Sunderland,Swansea,0,2,1.03765,0.344096
2016/17,3501,2017-05-14,Crystal Palace,Hull,4,0,2.73274,0.518148
2016/17,3507,2017-05-14,Tottenham,Man United,2,1,2.10698,1.03696
2016/17,3509,2017-05-14,West Ham,Liverpool,0,4,1.03963,3.28962
2016/17,3414,2017-05-15,Chelsea,Watford,4,3,2.65315,0.883368
2016/17,3470,2017-05-16,Arsenal,Sunderland,2,0,3.83905,0.271744
2016/17,3477,2017-05-16,Man City,West Brom,3,1,2.58035,0.387741
2016/17,3412,2017-05-17,Southampton,Man United,0,0,1.66533,0.45805
2016/17,3475,2017-05-18,Leicester,Tottenham,1,6,0.725721,2.64912
2016/17,3510,2017-05-21,Arsenal,Everton,3,1,3.35075,1.8831
2016/17,3511,2017-05-21,Burnley,West Ham,1,2,1.70802,1.67299
2016/17,3512,2017-05-21,Chelsea,Sunderland,5,1,2.73947,0.693994
2016/17,3513,2017-05-21,Hull,Tottenham,1,7,0.812723,3.89027
2016/17,3514,2017-05-21,Leicester,Bournemouth,1,1,2.45308,0.87072
2016/17,3515,2017-05-21,Liverpool,Middlesbrough,3,0,2.16957,0.899691
2016/17,3516,2017-05-21,Man United,Crystal Palace,2,0,1.0386,0.3016
2016/17,3517,2017-05-21,Southampton,Stoke,0,1,1.3554,0.983464
2016/17,3518,2017-05-21,Swansea,West Brom,2,1,1.74555,1.60674
2016/17,3519,2017-05-21,Watford,Man City,0,5,0.826124,3.26614
2017/18,7119,2017-08-11,Arsenal,Leicester,4,3,2.54329,1.46495
2017/18,7126,2017-08-12,Brighton,Man City,0,2,0.276343,1.86751
2017/18,7123,2017-08-12,Chelsea,Burnley,2,3,1.35651,0.564237
2017/18,7124,2017-08-12,Crystal Palace,Huddersfield,0,3,0.988934,1.73657
2017/18,7125,2017-08-12,Everton,Stoke,1,0,0.720574,0.27644
2017/18,7122,2017-08-12,Southampton,Swansea,0,0,2.21748,0.406196
2017/18,7120,2017-08-12,Watford,Liverpool,3,3,2.17647,2.61549
2017/18,7121,2017-08-12,West Brom,Bournemouth,1,0,1.18399,0.378659
2017/18,7128,2017-08-13,Man United,West Ham,4,0,2.63853,0.62654
2017/18,7127,2017-08-13,Newcastle,Tottenham,0,2,0.634633,2.34418
2017/18,7131,2017-08-19,Bournemouth,Watford,0,2,0.766694,2.17717
2017/18,7132,2017-08-19,Burnley,West Brom,0,1,1.37242,0.653058
2017/18,7133,2017-08-19,Leicester,Brighton,2,0,1.88355,0.123075
2017/18,7134,2017-08-19,Liverpool,Crystal Palace,1,0,2.84978,0.727364
2017/18,7130,2017-08-19,Southampton,West Ham,3,2,2.1424,1.53269
2017/18,7135,2017-08-19,Stoke,Arsenal,1,0,0.692644,1.40658
2017/18,7129,2017-08-19,Swansea,Man United,0,4,0.304164,3.41021
2017/18,7136,2017-08-20,Huddersfield,Newcastle,1,0,0.267008,0.973322
2017/18,7137,2017-08-20,Tottenham,Chelsea,1,2,0.72428,0.834423
2017/18,7138,2017-08-21,Man City,Everton,1,1,1.14216,0.59971
2017/18,7139,2017-08-26,Bournemouth,Man City,1,2,0.415402,1.76626
2017/18,7141,2017-08-26,Crystal Palace,Swansea,0,2,0.818951,0.966783
2017/18,7144,2017-08-26,Huddersfield,Southampton,0,0,1.51605,0.795911
2017/18,7145,2017-08-26,Man United,Leicester,2,0,2.73725,0.670573
2017/18,7142,2017-08-26,Newcastle,West Ham,3,0,2.76107,0.558484
2017/18,7143,2017-08-26,Watford,Brighton,0,0,0.281459,0.952357
2017/18,7140,2017-08-27,Chelsea,Everton,2,0,1.16991,0.326655
2017/18,7148,2017-08-27,Liverpool,Arsenal,4,0,3.45998,0.484816
2017/18,7147,2017-08-27,Tottenham,Burnley,1,1,2.3497,0.670943
2017/18,7146,2017-08-27,West Brom,Stoke,1,1,0.875132,0.980905
2017/18,7152,2017-09-09,Arsenal,Bournemouth,3,0,2.48732,0.577291
2017/18,7153,2017-09-09,Brighton,West Brom,3,1,0.396771,0.866679
2017/18,7154,2017-09-09,Everton,Tottenham,0,3,1.15144,2.17535
2017/18,7151,2017-09-09,Leicester,Chelsea,1,2,1.34903,1.03943
2017/18,7149,2017-09-09,Man City,Liverpool,5,0,3.14589,0.665186
2017/18,7150,2017-09-09,Southampton,Watford,0,2,0.331259,0.57794
2017/18,7155,2017-09-09,Stoke,Man United,2,2,1.49928,1.96635
2017/18,7156,2017-09-10,Burnley,Crystal Palace,1,0,0.429329,1.72996
2017/18,7157,2017-09-10,Swansea,Newcastle,0,1,1.48574,1.03177
2017/18,7158,2017-09-11,West Ham,Huddersfield,2,0,1.94969,0.339338
2017/18,7159,2017-09-15,Bournemouth,Brighton,2,1,1.39529,0.874276
2017/18,7160,2017-09-16,Crystal Palace,Southampton,0,1,2.03243,1.11428
2017/18,7161,2017-09-16,Huddersfield,Leicester,1,1,0.700349,1.24181
2017/18,7162,2017-09-16,Liverpool,Burnley,1,1,2.18727,0.334402
2017/18,7163,2017-09-16,Newcastle,Stoke,2,1,2.6598,0.675783
2017/18,7166,2017-09-16,Tottenham,Swansea,0,0,1.17894,0.154074
2017/18,7164,2017-09-16,Watford,Man City,0,6,0.803933,3.99349
2017/18,7165,2017-09-16,West Brom,West Ham,0,0,0.781891,0.266344
2017/18,7167,2017-09-17,Chelsea,Arsenal,0,0,0.762129,1.42208
2017/18,7168,2017-09-17,Man United,Everton,4,0,3.28722,1.06298
2017/18,7174,2017-09-23,Burnley,Huddersfield,0,0,0.369454,0.312561
2017/18,7175,2017-09-23,Everton,Bournemouth,2,1,2.21092,0.384728
2017/18,7176,2017-09-23,Leicester,Liverpool,2,3,2.88766,1.92902
2017/18,7173,2017-09-23,Man City,Crystal Palace,5,0,5.72543,0.611018
2017/18,7172,2017-09-23,Southampton,Man United,0,1,0.802062,1.07247
2017/18,7170,2017-09-23,Stoke,Chelsea,0,4,0.600959,1.59815
2017/18,7171,2017-09-23,Swansea,Watford,1,2,1.50811,1.25817
2017/18,7169,2017-09-23,West Ham,Tottenham,2,3,0.67667,1.45327
2017/18,7177,2017-09-24,Brighton,Newcastle,1,0,0.507341,1.37001
2017/18,7178,2017-09-25,Arsenal,West Brom,2,0,2.39316,0.766652
2017/18,7184,2017-09-30,Bournemouth,Leicester,0,0,1.39901,0.594808
2017/18,7185,2017-09-30,Chelsea,Man City,0,1,0.911532,1.23068
2017/18,7179,2017-09-30,Huddersfield,Tottenham,0,4,0.196648,1.56089
2017/18,7180,2017-09-30,Man United,Crystal Palace,4,0,3.47508,0.244321
2017/18,7181,2017-09-30,Stoke,Southampton,2,1,2.68136,1.42781
2017/18,7182,2017-09-30,West Brom,Watford,2,2,1.93896,1.62462
2017/18,7183,2017-09-30,West Ham,Swansea,1,0,0.692185,0.178568
2017/18,7186,2017-10-01,Arsenal,Brighton,2,0,2.47818,0.386343
2017/18,7187,2017-10-01,Everton,Burnley,0,1,0.93376,0.383977
2017/18,7188,2017-10-01,Newcastle,Liverpool,1,1,0.280437,1.64475
2017/18,7190,2017-10-14,Burnley,West Ham,1,1,0.70219,0.835192
2017/18,7191,2017-10-14,Crystal Palace,Chelsea,2,1,1.51873,0.651919
2017/18,7193,2017-10-14,Liverpool,Man United,0,0,1.92702,0.230358
2017/18,7194,2017-10-14,Man City,Stoke,7,2,4.45388,0.681236
2017/18,7196,2017-10-14,Swansea,Huddersfield,2,0,1.65446,0.596086
2017/18,7197,2017-10-14,Tottenham,Bournemouth,1,0,1.95684,0.17504
2017/18,7198,2017-10-14,Watford,Arsenal,2,1,1.63418,0.988468
2017/18,7189,2017-10-15,Brighton,Everton,1,1,1.05884,1.45518
2017/18,7195,2017-10-15,Southampton,Newcastle,2,2,1.71445,0.950997
2017/18,7192,2017-10-16,Leicester,West Brom,1,1,0.964277,0.155254
2017/18,7208,2017-10-20,West Ham,Brighton,0,3,0.569111,1.98345
2017/18,7199,2017-10-21,Chelsea,Watford,4,2,1.78315,1.79693
2017/18,7201,2017-10-21,Huddersfield,Man United,2,1,1.26744,0.807135
2017/18,7202,2017-10-21,Man City,Burnley,3,0,3.71812,0.14859
2017/18,7203,2017-10-21,Newcastle,Crystal Palace,1,0,0.270313,0.566845
2017/18,7204,2017-10-21,Southampton,West Brom,1,0,2.02288,0.504128
2017/18,7205,2017-10-21,Stoke,Bournemouth,1,2,1.60117,1.11834
2017/18,7206,2017-10-21,Swansea,Leicester,1,2,0.559618,1.80814
2017/18,7200,2017-10-22,Everton,Arsenal,2,5,0.810989,3.86029
2017/18,7207,2017-10-22,Tottenham,Liverpool,4,1,2.62043,0.667771
2017/18,7209,2017-10-28,Arsenal,Swansea,2,1,2.37777,0.8355
2017/18,7210,2017-10-28,Bournemouth,Chelsea,0,1,0.455055,1.78362
2017/18,7213,2017-10-28,Crystal Palace,West Ham,2,2,2.91672,0.742845
2017/18,7217,2017-10-28,Liverpool,Huddersfield,3,0,2.14257,0.0554802
2017/18,7218,2017-10-28,Man United,Tottenham,1,0,0.943496,1.08708
2017/18,7216,2017-10-28,Watford,Stoke,0,1,1.13448,0.778883
2017/18,7215,2017-10-28,West Brom,Man City,2,3,1.11852,2.77085
2017/18,7211,2017-10-29,Brighton,Southampton,1,1,1.50533,0.54364
2017/18,7214,2017-10-29,Leicester,Everton,2,0,1.36768,0.575236
2017/18,7212,2017-10-30,Burnley,Newcastle,1,0,1.0271,0.516369
2017/18,7221,2017-11-04,Huddersfield,West Brom,1,0,0.260436,0.382005
2017/18,7222,2017-11-04,Newcastle,Bournemouth,0,1,0.676091,1.28703
2017/18,7223,2017-11-04,Southampton,Burnley,0,1,0.789259,0.137743
2017/18,7224,2017-11-04,Stoke,Leicester,2,2,1.22988,1.39563
2017/18,7225,2017-11-04,Swansea,Brighton,0,1,1.24557,0.874927
2017/18,7227,2017-11-04,West Ham,Liverpool,1,4,1.13045,2.8773
2017/18,7219,2017-11-05,Chelsea,Man United,1,0,1.8417,0.773586
2017/18,7220,2017-11-05,Everton,Watford,3,2,2.5796,2.05534
2017/18,7228,2017-11-05,Man City,Arsenal,3,1,2.15028,0.340407
2017/18,7226,2017-11-05,Tottenham,Crystal Palace,1,0,0.991813,1.10222
2017/18,7236,2017-11-18,Arsenal,Tottenham,2,0,2.24246,0.591192
2017/18,7237,2017-11-18,Bournemouth,Huddersfield,4,0,1.38782,1.1633
2017/18,7233,2017-11-18,Burnley,Swansea,2,0,1.5427,0.431402
2017/18,7234,2017-11-18,Crystal Palace,Everton,2,2,2.02983,1.68728
2017/18,7235,2017-11-18,Leicester,Man City,0,2,0.0970457,2.40056
2017/18,7231,2017-11-18,Liverpool,Southampton,3,0,2.06277,0.563886
2017/18,7232,2017-11-18,Man United,Newcastle,4,1,2.57424,1.08708
2017/18,7229,2017-11-18,West Brom,Chelsea,0,4,0.590655,1.71709
2017/18,7230,2017-11-19,Watford,West Ham,2,0,1.24547,1.43369
2017/18,7238,2017-11-20,Brighton,Stoke,2,2,0.490058,1.20507
2017/18,7247,2017-11-24,West Ham,Leicester,1,1,0.775297,0.453851
2017/18,7246,2017-11-25,Crystal Palace,Stoke,2,1,1.48339,0.628292
2017/18,7244,2017-11-25,Liverpool,Chelsea,1,1,1.50368,0.739983
2017/18,7243,2017-11-25,Man United,Brighton,1,0,1.50148,0.565072
2017/18,7242,2017-11-25,Newcastle,Watford,0,3,0.86002,2.05844
2017/18,7240,2017-11-25,Swansea,Bournemouth,0,0,0.879594,0.449075
2017/18,7239,2017-11-25,Tottenham,West Brom,1,1,1.91526,0.71711
2017/18,7248,2017-11-26,Burnley,Arsenal,0,1,0.402745,1.75184
2017/18,7245,2017-11-26,Huddersfield,Man City,1,2,0.537698,2.66178
2017/18,7241,2017-11-26,Southampton,Everton,4,1,1.97034,0.147724
2017/18,7250,2017-11-28,Brighton,Crystal Palace,0,0,0.475162,0.584296
2017/18,7249,2017-11-28,Leicester,Tottenham,2,1,0.924575,2.50552
2017/18,7251,2017-11-28,Watford,Man United,2,4,1.29277,1.63491
2017/18,7252,2017-11-28,West Brom,Newcastle,2,2,0.845327,1.1342
2017/18,7254,2017-11-29,Arsenal,Huddersfield,5,0,4.47889,0.475716
2017/18,7253,2017-11-29,Bournemouth,Burnley,1,2,0.915088,1.08519
2017/18,7255,2017-11-29,Chelsea,Swansea,1,0,2.30012,0.0411427
2017/18,7256,2017-11-29,Everton,West Ham,4,0,1.76497,1.03658
2017/18,7257,2017-11-29,Man City,Southampton,2,1,1.64952,1.7066
2017/18,7258,2017-11-29,Stoke,Liverpool,0,3,0.846748,2.58757
2017/18,7266,2017-12-02,Arsenal,Man United,1,3,4.24057,2.06831
2017/18,7268,2017-12-02,Brighton,Liverpool,1,5,1.65878,1.77566
2017/18,7259,2017-12-02,Chelsea,Newcastle,3,1,3.07794,0.519549
2017/18,7260,2017-12-02,Everton,Huddersfield,2,0,0.820024,0.223429
2017/18,7261,2017-12-02,Leicester,Burnley,1,0,1.61269,0.789388
2017/18,7263,2017-12-02,Stoke,Swansea,2,1,1.24743,0.320601
2017/18,7264,2017-12-02,Watford,Tottenham,1,1,0.352672,0.788817
2017/18,7265,2017-12-02,West Brom,Crystal Palace,0,0,1.65178,0.80924
2017/18,7267,2017-12-03,Bournemouth,Southampton,1,1,1.11195,1.00264
2017/18,7262,2017-12-03,Man City,West Ham,2,1,2.45603,0.474483
2017/18,7272,2017-12-09,Burnley,Watford,1,0,0.485632,0.819233
2017/18,7273,2017-12-09,Crystal Palace,Bournemouth,2,2,4.61208,0.962374
2017/18,7274,2017-12-09,Huddersfield,Brighton,2,0,2.68125,0.273809
2017/18,7277,2017-12-09,Newcastle,Leicester,2,3,0.964657,0.444099
2017/18,7271,2017-12-09,Swansea,West Brom,1,0,1.01101,0.25228
2017/18,7270,2017-12-09,Tottenham,Stoke,5,1,4.01925,0.749296
2017/18,7269,2017-12-09,West Ham,Chelsea,1,0,0.418127,1.18891
2017/18,7275,2017-12-10,Liverpool,Everton,1,1,1.89569,0.823217
2017/18,7276,2017-12-10,Man United,Man City,1,2,1.43756,2.03041
2017/18,7278,2017-12-10,Southampton,Arsenal,1,1,1.21942,0.608352
2017/18,7279,2017-12-12,Burnley,Stoke,1,0,0.360081,0.916344
2017/18,7282,2017-12-12,Crystal Palace,Watford,2,1,1.10545,1.40441
2017/18,7280,2017-12-12,Huddersfield,Chelsea,1,3,0.476748,1.8707
2017/18,7287,2017-12-13,Liverpool,West Brom,0,0,2.13915,0.520382
2017/18,7283,2017-12-13,Man United,Bournemouth,1,0,1.24043,0.815792
2017/18,7284,2017-12-13,Newcastle,Everton,0,1,0.570658,1.38719
2017/18,7285,2017-12-13,Southampton,Leicester,1,4,1.11749,2.24579
2017/18,7281,2017-12-13,Swansea,Man City,0,4,0.589496,3.56828
2017/18,7288,2017-12-13,Tottenham,Brighton,2,0,1.87344,0.315616
2017/18,7286,2017-12-13,West Ham,Arsenal,0,0,0.405172,1.02186
2017/18,7289,2017-12-16,Arsenal,Newcastle,1,0,2.02472,0.286547
2017/18,7291,2017-12-16,Brighton,Burnley,0,0,1.49029,1.32536
2017/18,7292,2017-12-16,Chelsea,Southampton,1,0,1.29018,0.587081
2017/18,7294,2017-12-16,Leicester,Crystal Palace,0,3,0.758241,2.25889
2017/18,7298,2017-12-16,Man City,Tottenham,4,1,4.14588,0.182456
2017/18,7297,2017-12-16,Stoke,West Ham,0,3,0.983293,3.08244
2017/18,7296,2017-12-16,Watford,Huddersfield,1,4,0.589103,3.49193
2017/18,7290,2017-12-17,Bournemouth,Liverpool,0,4,0.539178,3.25041
2017/18,7295,2017-12-17,West Brom,Man United,1,2,1.076,0.898984
2017/18,7293,2017-12-18,Everton,Swansea,3,1,2.01756,0.766224
2017/18,7301,2017-12-22,Arsenal,Liverpool,3,3,1.13104,2.05947
2017/18,7305,2017-12-23,Brighton,Watford,1,0,1.40139,1.30044
2017/18,7304,2017-12-23,Burnley,Tottenham,0,3,0.159735,3.30947
2017/18,7303,2017-12-23,Everton,Chelsea,0,0,0.342403,1.84971
2017/18,7302,2017-12-23,Leicester,Man United,2,2,1.56465,2.15281
2017/18,7308,2017-12-23,Man City,Bournemouth,4,0,1.55724,0.334896
2017/18,7307,2017-12-23,Southampton,Huddersfield,1,1,1.73805,1.09381
2017/18,7306,2017-12-23,Stoke,West Brom,3,1,1.7986,2.0544
2017/18,7299,2017-12-23,Swansea,Crystal Palace,1,1,0.546613,1.25546
2017/18,7300,2017-12-23,West Ham,Newcastle,2,3,2.31898,1.90622
2017/18,7309,2017-12-26,Bournemouth,West Ham,3,3,2.84928,1.87596
2017/18,7310,2017-12-26,Chelsea,Brighton,2,0,2.16934,0.452601
2017/18,7312,2017-12-26,Huddersfield,Stoke,1,1,1.8756,1.19984
2017/18,7313,2017-12-26,Liverpool,Swansea,5,0,3.06422,0.2719
2017/18,7314,2017-12-26,Man United,Burnley,2,2,1.80763,0.786214
2017/18,7316,2017-12-26,Tottenham,Southampton,5,2,3.08413,0.591118
2017/18,7317,2017-12-26,Watford,Leicester,2,1,1.43009,1.54771
2017/18,7318,2017-12-26,West Brom,Everton,0,0,1.18168,0.405775
2017/18,7315,2017-12-27,Newcastle,Man City,0,1,0.174705,1.93187
2017/18,7311,2017-12-28,Crystal Palace,Arsenal,2,3,1.14522,1.84104
2017/18,7319,2017-12-30,Bournemouth,Everton,2,1,1.39955,0.599608
2017/18,7320,2017-12-30,Chelsea,Stoke,5,0,3.09527,0.28218
2017/18,7322,2017-12-30,Huddersfield,Burnley,0,0,0.049118,1.20923
2017/18,7323,2017-12-30,Liverpool,Leicester,2,1,2.56607,0.789667
2017/18,7324,2017-12-30,Man United,Southampton,0,0,1.87247,0.85013
2017/18,7325,2017-12-30,Newcastle,Brighton,0,0,0.504379,0.630058
2017/18,7327,2017-12-30,Watford,Swansea,1,2,1.17794,1.31479
2017/18,7321,2017-12-31,Crystal Palace,Man City,0,0,1.72153,1.09586
2017/18,7328,2017-12-31,West Brom,Arsenal,1,1,1.39429,0.917801
2017/18,7331,2018-01-01,Brighton,Bournemouth,2,2,2.37332,1.28248
2017/18,7332,2018-01-01,Burnley,Liverpool,1,2,0.900466,1.62514
2017/18,7333,2018-01-01,Everton,Man United,0,2,1.23952,1.26247
2017/18,7334,2018-01-01,Leicester,Huddersfield,3,0,1.45074,0.226625
2017/18,7337,2018-01-01,Stoke,Newcastle,0,1,1.50029,2.02028
2017/18,7335,2018-01-02,Man City,Watford,3,1,2.77398,0.965283
2017/18,7336,2018-01-02,Southampton,Crystal Palace,1,2,0.445301,1.34294
2017/18,7338,2018-01-02,Swansea,Tottenham,0,2,0.397789,1.61843
2017/18,7329,2018-01-02,West Ham,West Brom,2,1,1.0594,0.63538
2017/18,7330,2018-01-03,Arsenal,Chelsea,2,2,1.23205,3.0768
2017/18,7326,2018-01-04,Tottenham,West Ham,1,1,1.64908,0.612933
2017/18,7340,2018-01-13,Chelsea,Leicester,0,0,0.622946,1.36341
2017/18,7341,2018-01-13,Crystal Palace,Burnley,1,0,1.80971,0.907849
2017/18,7342,2018-01-13,Huddersfield,West Ham,1,4,0.681,0.986853
2017/18,7345,2018-01-13,Newcastle,Swansea,1,1,1.8273,0.895774
2017/18,7346,2018-01-13,Tottenham,Everton,4,0,4.21366,0.290345
2017/18,7347,2018-01-13,Watford,Southampton,2,2,1.67369,0.857637
2017/18,7348,2018-01-13,West Brom,Brighton,2,0,1.38478,0.530765
2017/18,7339,2018-01-14,Bournemouth,Arsenal,2,1,0.822285,1.00956
2017/18,7343,2018-01-14,Liverpool,Man City,4,3,1.01595,0.722959
2017/18,7344,2018-01-15,Man United,Stoke,3,0,1.9485,1.47603
2017/18,7349,2018-01-20,Arsenal,Crystal Palace,4,1,3.56519,0.501202
2017/18,7350,2018-01-20,Brighton,Chelsea,0,4,0.881174,1.52008
2017/18,7351,2018-01-20,Burnley,Man United,0,1,0.568215,0.860828
2017/18,7352,2018-01-20,Everton,West Brom,1,1,0.92355,1.34998
2017/18,7353,2018-01-20,Leicester,Watford,2,0,1.51932,0.740795
2017/18,7354,2018-01-20,Man City,Newcastle,3,1,2.5505,0.992018
2017/18,7356,2018-01-20,Stoke,Huddersfield,2,0,0.987799,0.238458
2017/18,7358,2018-01-20,West Ham,Bournemouth,1,1,0.980241,0.501886
2017/18,7355,2018-01-21,Southampton,Tottenham,1,1,1.15209,1.30653
2017/18,7357,2018-01-22,Swansea,Liverpool,1,0,0.498742,2.19675
2017/18,7359,2018-01-30,Huddersfield,Liverpool,0,3,0.288048,2.05148
2017/18,7361,2018-01-30,Swansea,Arsenal,3,1,2.37911,1.15616
2017/18,7360,2018-01-30,West Ham,Crystal Palace,1,1,1.11632,1.15809
2017/18,7362,2018-01-31,Chelsea,Bournemouth,0,3,1.14795,1.42447
2017/18,7365,2018-01-31,Everton,Leicester,2,1,1.53072,2.65018
2017/18,7366,2018-01-31,Man City,West Brom,3,0,2.68955,0.118043
2017/18,7364,2018-01-31,Newcastle,Burnley,1,1,2.52275,1.22828
2017/18,7363,2018-01-31,Southampton,Brighton,1,1,1.27393,1.07907
2017/18,7368,2018-01-31,Stoke,Watford,0,0,0.722172,0.740773
2017/18,7367,2018-01-31,Tottenham,Man United,2,0,2.0117,0.817997
2017/18,7369,2018-02-03,Arsenal,Everton,5,1,3.19622,1.49065
2017/18,7370,2018-02-03,Bournemouth,Stoke,2,1,1.91091,0.721222
2017/18,7371,2018-02-03,Brighton,West Ham,3,1,1.64227,0.443751
2017/18,7372,2018-02-03,Burnley,Man City,1,1,0.795971,2.24914
2017/18,7374,2018-02-03,Leicester,Swansea,1,1,1.48466,0.569943
2017/18,7376,2018-02-03,Man United,Huddersfield,2,0,1.63389,0.13049
2017/18,7378,2018-02-03,West Brom,Southampton,2,3,0.876603,0.99695
2017/18,7373,2018-02-04,Crystal Palace,Newcastle,1,1,3.00238,1.14408
2017/18,7375,2018-02-04,Liverpool,Tottenham,2,2,1.28962,2.54392
2017/18,7377,2018-02-05,Watford,Chelsea,4,1,2.12696,0.573557
2017/18,7380,2018-02-10,Everton,Crystal Palace,3,1,1.48792,1.65713
2017/18,7382,2018-02-10,Man City,Leicester,5,1,2.59121,0.109716
2017/18,7385,2018-02-10,Stoke,Brighton,1,1,1.39547,0.897856
2017/18,7386,2018-02-10,Swansea,Burnley,1,0,0.843332,0.430729
2017/18,7387,2018-02-10,Tottenham,Arsenal,1,0,2.63564,0.487297
2017/18,7388,2018-02-10,West Ham,Watford,2,0,1.83359,0.799928
2017/18,7381,2018-02-11,Huddersfield,Bournemouth,4,1,2.56699,0.433555
2017/18,7383,2018-02-11,Newcastle,Man United,1,0,0.676656,1.71995
2017/18,7384,2018-02-11,Southampton,Liverpool,0,2,0.854343,2.35575
2017/18,7379,2018-02-12,Chelsea,West Brom,3,0,2.37995,0.628806
2017/18,7390,2018-02-24,Bournemouth,Newcastle,2,2,1.20646,4.23567
2017/18,7391,2018-02-24,Brighton,Swansea,4,1,3.2913,0.443169
2017/18,7398,2018-02-24,Burnley,Southampton,1,1,1.28178,0.65898
2017/18,7396,2018-02-24,Leicester,Stoke,1,1,1.12487,0.166078
2017/18,7395,2018-02-24,Liverpool,West Ham,4,1,3.9205,0.33527
2017/18,7392,2018-02-24,Watford,Everton,1,0,0.606929,0.665127
2017/18,7394,2018-02-24,West Brom,Huddersfield,1,2,1.50162,1.18101
2017/18,7397,2018-02-25,Crystal Palace,Tottenham,0,1,0.184958,1.65074
2017/18,7393,2018-02-25,Man United,Chelsea,2,1,1.30036,1.68958
2017/18,7389,2018-03-01,Arsenal,Man City,0,3,1.30172,1.92605
2017/18,7400,2018-03-03,Burnley,Everton,2,1,2.33524,1.79993
2017/18,7402,2018-03-03,Leicester,Bournemouth,1,1,2.97799,1.4035
2017/18,7403,2018-03-03,Liverpool,Newcastle,2,0,1.56935,0.255322
2017/18,7405,2018-03-03,Southampton,Stoke,0,0,0.982895,0.385303
2017/18,7406,2018-03-03,Swansea,West Ham,4,1,2.30838,0.497211
2017/18,7407,2018-03-03,Tottenham,Huddersfield,2,0,1.63794,0.138106
2017/18,7408,2018-03-03,Watford,West Brom,1,0,1.23526,1.09115
2017/18,7399,2018-03-04,Brighton,Arsenal,2,1,1.48498,0.801513
2017/18,7404,2018-03-04,Man City,Chelsea,1,0,0.953312,0.118301
2017/18,7401,2018-03-05,Crystal Palace,Man United,2,3,0.74138,1.25439
2017/18,7411,2018-03-10,Chelsea,Crystal Palace,2,1,3.87829,1.13893
2017/18,7412,2018-03-10,Everton,Brighton,2,0,1.68868,0.321797
2017/18,7413,2018-03-10,Huddersfield,Swansea,0,0,1.39381,0.0
2017/18,7414,2018-03-10,Man United,Liverpool,2,1,0.845051,0.777089
2017/18,7415,2018-03-10,Newcastle,Southampton,3,0,1.35847,0.496723
2017/18,7417,2018-03-10,West Brom,Leicester,1,4,0.360925,1.86524
2017/18,7418,2018-03-10,West Ham,Burnley,0,3,0.72673,1.41929
2017/18,7409,2018-03-11,Arsenal,Watford,3,0,2.38263,1.54676
2017/18,7410,2018-03-11,Bournemouth,Tottenham,1,4,1.17387,2.53124
2017/18,7416,2018-03-12,Stoke,Man City,0,2,0.157023,1.64562
2017/18,7419,2018-03-17,Bournemouth,West Brom,2,1,0.685329,1.74488
2017/18,7421,2018-03-17,Huddersfield,Crystal Palace,0,2,0.220381,2.74705
2017/18,7423,2018-03-17,Liverpool,Watford,5,0,1.81208,0.35476
2017/18,7425,2018-03-17,Stoke,Everton,1,2,0.894266,2.97881
2017/18,7430,2018-03-31,Brighton,Leicester,0,2,1.60322,1.26582
2017/18,7432,2018-03-31,Crystal Palace,Liverpool,1,2,1.90868,1.72037
2017/18,7433,2018-03-31,Everton,Man City,1,3,0.859628,1.91312
2017/18,7435,2018-03-31,Man United,Swansea,2,0,2.14368,0.138813
2017/18,7436,2018-03-31,Newcastle,Huddersfield,1,0,2.53617,0.280847
2017/18,7437,2018-03-31,Watford,Bournemouth,2,2,0.76133,2.1146
2017/18,7438,2018-03-31,West Brom,Burnley,1,2,0.394723,1.41534
2017/18,7434,2018-03-31,West Ham,Southampton,3,0,1.44971,0.446641
2017/18,7429,2018-04-01,Arsenal,Stoke,3,0,3.56649,0.342516
2017/18,7431,2018-04-01,Chelsea,Tottenham,1,3,1.209,1.3895
2017/18,7440,2018-04-07,Bournemouth,Crystal Palace,2,2,2.09227,1.14558
2017/18,7441,2018-04-07,Brighton,Huddersfield,1,1,1.53244,1.48964
2017/18,7443,2018-04-07,Everton,Liverpool,0,0,0.723427,0.947321
2017/18,7444,2018-04-07,Leicester,Newcastle,1,2,1.09224,0.285116
2017/18,7445,2018-04-07,Man City,Man United,2,3,3.42967,1.21683
2017/18,7446,2018-04-07,Stoke,Tottenham,1,2,1.40115,1.79894
2017/18,7447,2018-04-07,Watford,Burnley,1,2,1.36685,1.38319
2017/18,7448,2018-04-07,West Brom,Swansea,1,1,1.22912,0.655729
2017/18,7439,2018-04-08,Arsenal,Southampton,3,2,1.58895,2.16699
2017/18,7442,2018-04-08,Chelsea,West Ham,1,1,2.12073,0.302554
2017/18,7449,2018-04-14,Burnley,Leicester,2,1,1.05951,1.99812
2017/18,7450,2018-04-14,Crystal Palace,Brighton,3,2,2.49925,1.54485
2017/18,7451,2018-04-14,Huddersfield,Watford,1,0,0.929512,0.306273
2017/18,7452,2018-04-14,Liverpool,Bournemouth,3,0,2.6402,0.540593
2017/18,7455,2018-04-14,Southampton,Chelsea,2,3,1.2922,0.663817
2017/18,7456,2018-04-14,Swansea,Everton,1,1,1.19751,1.61456
2017/18,7457,2018-04-14,Tottenham,Man City,1,3,0.445014,3.61987
2017/18,7453,2018-04-15,Man United,West Brom,0,1,0.639748,0.824508
2017/18,7454,2018-04-15,Newcastle,Arsenal,2,1,0.888452,1.41538
2017/18,7458,2018-04-16,West Ham,Stoke,1,1,0.807456,1.41085
2017/18,7462,2018-04-17,Brighton,Tottenham,1,1,0.988099,1.36248
2017/18,7463,2018-04-18,Bournemouth,Man United,0,2,1.18301,1.61597
2017/18,7420,2018-04-19,Burnley,Chelsea,1,2,0.221642,1.7717
2017/18,7464,2018-04-19,Leicester,Southampton,0,0,0.515248,0.651171
2017/18,7467,2018-04-21,Watford,Crystal Palace,0,0,0.59455,0.182325
2017/18,7468,2018-04-21,West Brom,Liverpool,2,2,1.39669,1.6393
2017/18,7459,2018-04-22,Arsenal,West Ham,4,1,2.07299,0.623161
2017/18,7465,2018-04-22,Man City,Swansea,5,0,3.41675,0.297493
2017/18,7466,2018-04-22,Stoke,Burnley,1,1,0.356095,1.61309
2017/18,7461,2018-04-23,Everton,Newcastle,1,0,0.948534,0.480957
2017/18,7469,2018-04-28,Burnley,Brighton,0,0,1.54596,0.378409
2017/18,7470,2018-04-28,Crystal Palace,Leicester,5,0,2.7876,0.941395
2017/18,7471,2018-04-28,Huddersfield,Everton,0,2,0.56538,0.943754
2017/18,7472,2018-04-28,Liverpool,Stoke,0,0,2.11658,0.777827
2017/18,7474,2018-04-28,Newcastle,West Brom,0,1,1.58397,0.703096
2017/18,7475,2018-04-28,Southampton,Bournemouth,2,1,1.72584,1.01741
2017/18,7476,2018-04-28,Swansea,Chelsea,0,1,0.502964,1.45426
2017/18,7473,2018-04-29,Man United,Arsenal,2,1,1.54667,0.651541
2017/18,7478,2018-04-29,West Ham,Man City,1,4,0.228917,2.29076
2017/18,7477,2018-04-30,Tottenham,Watford,2,0,1.76757,1.36928
2017/18,7484,2018-05-04,Brighton,Man United,1,0,0.922771,0.652444
2017/18,7488,2018-05-05,Bournemouth,Swansea,1,0,1.69618,1.0138
2017/18,7486,2018-05-05,Everton,Southampton,1,1,0.420891,0.634996
2017/18,7479,2018-05-05,Leicester,West Ham,0,2,0.391738,1.43027
2017/18,7481,2018-05-05,Stoke,Crystal Palace,1,2,0.750175,1.31471
2017/18,7482,2018-05-05,Watford,Newcastle,2,1,2.81246,0.613901
2017/18,7483,2018-05-05,West Brom,Tottenham,1,0,1.21792,0.969481
2017/18,7487,2018-05-06,Arsenal,Burnley,5,0,2.92408,0.21671
2017/18,7485,2018-05-06,Chelsea,Liverpool,1,0,0.806168,0.427002
2017/18,7480,2018-05-06,Man City,Huddersfield,0,0,0.78641,0.54565
2017/18,7426,2018-05-08,Swansea,Southampton,0,1,0.389621,1.48865
2017/18,7460,2018-05-09,Chelsea,Huddersfield,1,1,2.25256,0.631021
2017/18,7422,2018-05-09,Leicester,Arsenal,3,1,2.19801,1.54443
2017/18,7424,2018-05-09,Man City,Brighton,3,1,1.64765,1.00939
2017/18,7427,2018-05-09,Tottenham,Newcastle,1,0,0.835241,0.829699
2017/18,7428,2018-05-10,West Ham,Man United,0,0,0.783043,0.596075
2017/18,7492,2018-05-13,Burnley,Bournemouth,1,2,1.16179,1.38551
2017/18,7493,2018-05-13,Crystal Palace,West Brom,2,0,2.36491,0.216004
2017/18,7494,2018-05-13,Huddersfield,Arsenal,0,1,1.31031,2.3322
2017/18,7495,2018-05-13,Liverpool,Brighton,4,0,3.50981,0.0408165
2017/18,7496,2018-05-13,Man United,Watford,1,0,0.45805,0.654288
2017/18,7497,2018-05-13,Newcastle,Chelsea,3,0,2.24197,0.843284
2017/18,7498,2018-05-13,Southampton,Man City,0,1,0.506624,0.765614
2017/18,7491,2018-05-13,Swansea,Stoke,1,2,1.70936,1.75436
2017/18,7490,2018-05-13,Tottenham,Leicester,5,4,1.83248,1.27359
2017/18,7489,2018-05-13,West Ham,Everton,3,1,1.18299,1.67867
2018/19,9197,2018-08-10,Man United,Leicester,2,1,1.5137,1.73813
2018/19,9202,2018-08-11,Bournemouth,Cardiff,2,0,2.60022,1.50693
2018/19,9201,2018-08-11,Fulham,Crystal Palace,0,2,0.638076,1.07816
2018/19,9200,2018-08-11,Huddersfield,Chelsea,0,3,0.396115,2.31427
2018/19,9198,2018-08-11,Newcastle,Tottenham,1,2,0.974497,2.58097
2018/19,9199,2018-08-11,Watford,Brighton,2,0,1.42372,0.45504
2018/19,9203,2018-08-11,Wolves,Everton,2,2,0.891038,0.715382
2018/19,9206,2018-08-12,Arsenal,Man City,0,2,0.445187,2.0178
2018/19,9205,2018-08-12,Liverpool,West Ham,4,0,4.34421,0.404253
2018/19,9204,2018-08-12,Southampton,Burnley,0,0,1.01994,1.40827
2018/19,9207,2018-08-18,Cardiff,Newcastle,0,0,1.15521,1.55405
2018/19,9212,2018-08-18,Chelsea,Arsenal,3,2,1.71799,2.45798
2018/19,9211,2018-08-18,Everton,Southampton,2,1,2.02004,1.77471
2018/19,9210,2018-08-18,Leicester,Wolves,2,0,0.222843,1.09349
2018/19,9209,2018-08-18,Tottenham,Fulham,3,1,3.26713,1.44253
2018/19,9208,2018-08-18,West Ham,Bournemouth,1,2,1.10275,1.69077
2018/19,9215,2018-08-19,Brighton,Man United,3,2,1.63672,1.56579
2018/19,9214,2018-08-19,Burnley,Watford,1,3,0.392642,1.9171
2018/19,9213,2018-08-19,Man City,Huddersfield,6,1,4.60356,0.663731
2018/19,9216,2018-08-20,Crystal Palace,Liverpool,0,2,0.368608,2.82183
2018/19,9222,2018-08-25,Arsenal,West Ham,3,1,1.7852,1.17924
2018/19,9221,2018-08-25,Bournemouth,Everton,2,2,2.5887,0.543665
2018/19,9219,2018-08-25,Huddersfield,Cardiff,0,0,0.203453,1.06351
2018/19,9223,2018-08-25,Liverpool,Brighton,1,0,1.81412,0.535616
2018/19,9218,2018-08-25,Southampton,Leicester,1,2,0.542494,0.517935
2018/19,9217,2018-08-25,Wolves,Man City,1,1,1.26376,1.84293
2018/19,9220,2018-08-26,Fulham,Burnley,4,2,1.92459,1.56882
2018/19,9225,2018-08-26,Newcastle,Chelsea,1,2,0.209337,1.49669
2018/19,9224,2018-08-26,Watford,Crystal Palace,2,1,1.14596,1.21905
2018/19,9226,2018-08-27,Man United,Tottenham,0,3,1.40321,1.80811
2018/19,9233,2018-09-01,Brighton,Fulham,2,2,2.68216,1.51555
2018/19,9231,2018-09-01,Chelsea,Bournemouth,2,0,1.16408,0.950959
2018/19,9230,2018-09-01,Crystal Palace,Southampton,0,2,2.35193,3.13612
2018/19,9229,2018-09-01,Everton,Huddersfield,1,1,0.616013,0.660035
2018/19,9227,2018-09-01,Leicester,Liverpool,1,2,0.981217,1.22722
2018/19,9234,2018-09-01,Man City,Newcastle,2,1,2.46904,0.554763
2018/19,9228,2018-09-01,West Ham,Wolves,0,1,0.888887,1.22301
2018/19,9232,2018-09-02,Burnley,Man United,0,2,1.09923,2.90359
2018/19,9235,2018-09-02,Cardiff,Arsenal,2,3,0.77426,1.41005
2018/19,9236,2018-09-02,Watford,Tottenham,2,1,0.454309,0.582521
2018/19,9242,2018-09-15,Bournemouth,Leicester,4,2,2.22726,1.82502
2018/19,9241,2018-09-15,Chelsea,Cardiff,4,1,2.67145,0.8276
2018/19,9240,2018-09-15,Huddersfield,Crystal Palace,0,1,0.87744,0.746631
2018/19,9239,2018-09-15,Man City,Fulham,3,0,4.91621,0.342698
2018/19,9238,2018-09-15,Newcastle,Arsenal,1,2,0.412121,0.90461
2018/19,9237,2018-09-15,Tottenham,Liverpool,1,2,0.788168,3.01015
2018/19,9243,2018-09-15,Watford,Man United,1,2,1.17523,1.64902
2018/19,9245,2018-09-16,Everton,West Ham,1,3,1.26774,1.52437
2018/19,9244,2018-09-16,Wolves,Burnley,1,0,3.3916,0.208994
2018/19,9246,2018-09-17,Southampton,Brighton,2,2,2.19521,1.97094
2018/19,9254,2018-09-22,Brighton,Tottenham,1,2,0.817174,2.11655
2018/19,9253,2018-09-22,Burnley,Bournemouth,4,0,2.29417,0.976413
2018/19,9252,2018-09-22,Cardiff,Man City,0,5,0.0980726,3.08415
2018/19,9251,2018-09-22,Crystal Palace,Newcastle,0,0,0.930793,0.229309
2018/19,9247,2018-09-22,Fulham,Watford,1,1,1.77245,1.76133
2018/19,9250,2018-09-22,Leicester,Huddersfield,3,1,1.80404,0.688176
2018/19,9249,2018-09-22,Liverpool,Southampton,3,0,1.77893,0.310467
2018/19,9248,2018-09-22,Man United,Wolves,1,1,0.62283,1.1185
2018/19,9256,2018-09-23,Arsenal,Everton,2,0,0.930544,1.06523
2018/19,9255,2018-09-23,West Ham,Chelsea,0,0,1.0177,1.88344
2018/19,9263,2018-09-29,Arsenal,Watford,2,0,1.57061,2.62141
2018/19,9264,2018-09-29,Chelsea,Liverpool,1,1,1.77638,1.74071
2018/19,9262,2018-09-29,Everton,Fulham,3,0,2.31538,0.536317
2018/19,9261,2018-09-29,Huddersfield,Tottenham,0,2,0.339245,2.33733
2018/19,9260,2018-09-29,Man City,Brighton,2,0,2.90697,0.23023
2018/19,9259,2018-09-29,Newcastle,Leicester,0,2,0.397301,1.34341
2018/19,9257,2018-09-29,West Ham,Man United,3,1,1.3029,0.865739
2018/19,9258,2018-09-29,Wolves,Southampton,2,0,1.42507,0.679627
2018/19,9265,2018-09-30,Cardiff,Burnley,1,2,1.56707,0.111527
2018/19,9266,2018-10-01,Bournemouth,Crystal Palace,2,1,1.97143,0.385841
2018/19,9267,2018-10-05,Brighton,West Ham,1,0,1.02566,1.43652
2018/19,9272,2018-10-06,Burnley,Huddersfield,1,1,0.353128,1.02549
2018/19,9271,2018-10-06,Crystal Palace,Wolves,0,1,1.03714,0.755654
2018/19,9270,2018-10-06,Leicester,Everton,1,2,1.10472,1.14952
2018/19,9273,2018-10-06,Man United,Newcastle,3,2,2.40631,1.55962
2018/19,9269,2018-10-06,Tottenham,Cardiff,1,0,2.6517,1.13843
2018/19,9268,2018-10-06,Watford,Bournemouth,0,4,1.06613,3.28471
2018/19,9274,2018-10-07,Fulham,Arsenal,1,5,1.31588,1.13706
2018/19,9276,2018-10-07,Liverpool,Man City,0,0,0.433994,1.07481
2018/19,9275,2018-10-07,Southampton,Chelsea,0,3,1.487,3.54699
2018/19,9283,2018-10-20,Bournemouth,Southampton,0,0,0.840403,0.589633
2018/19,9282,2018-10-20,Cardiff,Fulham,4,2,1.7562,0.947712
2018/19,9277,2018-10-20,Chelsea,Man United,2,2,2.21163,1.11454
2018/19,9284,2018-10-20,Huddersfield,Liverpool,0,1,0.638341,0.663819
2018/19,9281,2018-10-20,Man City,Burnley,5,0,4.48577,0.370236
2018/19,9280,2018-10-20,Newcastle,Brighton,0,1,1.71169,0.675798
2018/19,9279,2018-10-20,West Ham,Tottenham,0,1,0.544268,1.11777
2018/19,9278,2018-10-20,Wolves,Watford,0,2,0.47391,1.0684
2018/19,9285,2018-10-21,Everton,Crystal Palace,2,0,1.92794,1.50174
2018/19,9286,2018-10-22,Arsenal,Leicester,3,1,2.91637,0.932491
2018/19,9290,2018-10-27,Brighton,Wolves,1,0,1.01337,1.38027
2018/19,9289,2018-10-27,Fulham,Bournemouth,0,3,0.383833,2.10555
2018/19,9293,2018-10-27,Leicester,West Ham,1,1,1.95344,1.56009
2018/19,9288,2018-10-27,Liverpool,Cardiff,4,1,2.30176,0.643117
2018/19,9292,2018-10-27,Southampton,Newcastle,0,0,1.19216,0.297646
2018/19,9291,2018-10-27,Watford,Huddersfield,3,0,2.29622,0.479655
2018/19,9295,2018-10-28,Burnley,Chelsea,0,4,0.269828,3.01621
2018/19,9294,2018-10-28,Crystal Palace,Arsenal,2,2,2.38115,0.845197
2018/19,9287,2018-10-28,Man United,Everton,2,1,2.51393,1.67348
2018/19,9296,2018-10-29,Tottenham,Man City,0,1,0.442436,1.93588
2018/19,9303,2018-11-03,Arsenal,Liverpool,1,1,1.62321,1.19558
2018/19,9297,2018-11-03,Bournemouth,Man United,1,2,1.928,3.29249
2018/19,9302,2018-11-03,Cardiff,Leicester,0,1,0.922262,2.18288
2018/19,9301,2018-11-03,Everton,Brighton,3,1,2.59305,0.676348
2018/19,9299,2018-11-03,Newcastle,Watford,1,0,0.691575,2.5452
2018/19,9298,2018-11-03,West Ham,Burnley,4,2,2.55739,0.882514
2018/19,9304,2018-11-03,Wolves,Tottenham,2,3,2.40643,1.63123
2018/19,9305,2018-11-04,Chelsea,Crystal Palace,3,1,1.88741,0.454547
2018/19,9300,2018-11-04,Man City,Southampton,6,1,2.76272,1.81466
2018/19,9306,2018-11-05,Huddersfield,Fulham,1,0,0.51433,0.354166
2018/19,9307,2018-11-10,Cardiff,Brighton,2,1,1.94297,0.767044
2018/19,9312,2018-11-10,Crystal Palace,Tottenham,0,1,0.688016,1.55381
2018/19,9311,2018-11-10,Huddersfield,West Ham,1,1,1.17524,1.44113
2018/19,9310,2018-11-10,Leicester,Burnley,0,0,1.5091,0.368393
2018/19,9309,2018-11-10,Newcastle,Bournemouth,2,1,2.57545,1.91687
2018/19,9308,2018-11-10,Southampton,Watford,1,1,1.20211,1.07573
2018/19,9316,2018-11-11,Arsenal,Wolves,1,1,0.965843,1.86549
2018/19,9314,2018-11-11,Chelsea,Everton,0,0,1.16298,0.198027
2018/19,9313,2018-11-11,Liverpool,Fulham,2,0,2.22417,0.571301
2018/19,9315,2018-11-11,Man City,Man United,3,1,2.02764,0.97089
2018/19,9322,2018-11-24,Brighton,Leicester,1,1,0.862315,1.12521
2018/19,9321,2018-11-24,Everton,Cardiff,1,0,2.48066,0.879108
2018/19,9320,2018-11-24,Fulham,Southampton,3,2,1.3875,1.67163
2018/19,9319,2018-11-24,Man United,Crystal Palace,0,0,1.34245,1.05292
2018/19,9323,2018-11-24,Tottenham,Chelsea,3,1,3.34649,0.962804
2018/19,9318,2018-11-24,Watford,Liverpool,0,3,0.673382,1.45314
2018/19,9317,2018-11-24,West Ham,Man City,0,4,0.829504,2.95852
2018/19,9324,2018-11-25,Bournemouth,Arsenal,1,2,0.650884,1.71044
2018/19,9325,2018-11-25,Wolves,Huddersfield,0,2,0.701036,0.627281
2018/19,9326,2018-11-26,Burnley,Newcastle,1,2,1.49487,1.67701
2018/19,9335,2018-11-30,Cardiff,Wolves,2,1,1.09264,0.987623
2018/19,9333,2018-12-01,Crystal Palace,Burnley,2,0,2.03785,0.302477
2018/19,9332,2018-12-01,Huddersfield,Brighton,1,2,0.558083,1.67998
2018/19,9331,2018-12-01,Leicester,Watford,2,0,1.41758,1.19923
2018/19,9329,2018-12-01,Man City,Bournemouth,3,1,2.83557,0.715009
2018/19,9328,2018-12-01,Newcastle,West Ham,0,3,1.12583,2.62697
2018/19,9327,2018-12-01,Southampton,Man United,2,2,0.623954,0.904803
2018/19,9336,2018-12-02,Arsenal,Tottenham,4,2,2.71421,1.0926
2018/19,9334,2018-12-02,Chelsea,Fulham,2,0,2.17105,0.285256
2018/19,9330,2018-12-02,Liverpool,Everton,1,0,3.07574,1.23014
2018/19,9338,2018-12-04,Bournemouth,Huddersfield,2,1,1.07393,1.5631
2018/19,9337,2018-12-04,Brighton,Crystal Palace,3,1,1.2521,1.5329
2018/19,9341,2018-12-04,Watford,Man City,1,2,1.672,2.51933
2018/19,9340,2018-12-04,West Ham,Cardiff,3,1,1.57488,1.93448
2018/19,9343,2018-12-05,Burnley,Liverpool,1,3,1.05809,2.73897
2018/19,9345,2018-12-05,Everton,Newcastle,1,1,2.10943,1.52214
2018/19,9342,2018-12-05,Fulham,Leicester,1,1,1.47593,1.21575
2018/19,9344,2018-12-05,Man United,Arsenal,2,2,1.33679,1.73226
2018/19,9346,2018-12-05,Tottenham,Southampton,3,1,1.73642,1.82434
2018/19,9339,2018-12-05,Wolves,Chelsea,2,1,0.682893,1.10702
2018/19,9356,2018-12-08,Arsenal,Huddersfield,1,0,2.02156,0.308361
2018/19,9355,2018-12-08,Bournemouth,Liverpool,0,4,0.279142,1.80619
2018/19,9354,2018-12-08,Burnley,Brighton,1,0,1.81251,0.951507
2018/19,9353,2018-12-08,Cardiff,Southampton,1,0,1.55832,0.501128
2018/19,9352,2018-12-08,Chelsea,Man City,2,0,0.526329,0.740048
2018/19,9350,2018-12-08,Leicester,Tottenham,0,2,0.357742,0.917968
2018/19,9349,2018-12-08,Man United,Fulham,4,1,3.15444,1.23251
2018/19,9347,2018-12-08,West Ham,Crystal Palace,3,2,1.53635,0.934613
2018/19,9348,2018-12-09,Newcastle,Wolves,1,2,0.4601,1.57799
2018/19,9351,2018-12-10,Everton,Watford,2,2,1.72686,1.63043
2018/19,9365,2018-12-15,Crystal Palace,Leicester,1,0,0.39698,0.895305
2018/19,9364,2018-12-15,Fulham,West Ham,0,2,1.03424,0.75325
2018/19,9363,2018-12-15,Huddersfield,Newcastle,0,1,0.671382,0.931041
2018/19,9361,2018-12-15,Man City,Everton,3,1,1.79848,1.6235
2018/19,9359,2018-12-15,Tottenham,Burnley,1,0,1.74625,0.451196
2018/19,9358,2018-12-15,Watford,Cardiff,3,2,1.64998,0.485768
2018/19,9357,2018-12-15,Wolves,Bournemouth,2,0,2.02223,0.52685
2018/19,9366,2018-12-16,Brighton,Chelsea,1,2,0.26126,1.6111
2018/19,9362,2018-12-16,Liverpool,Man United,3,1,2.60435,0.658049
2018/19,9360,2018-12-16,Southampton,Arsenal,3,2,1.21163,1.85763
2018/19,9367,2018-12-21,Wolves,Liverpool,0,2,0.763821,2.16356
2018/19,9376,2018-12-22,Arsenal,Burnley,3,1,1.4656,1.03237
2018/19,9375,2018-12-22,Bournemouth,Brighton,2,0,0.892502,0.825478
2018/19,9374,2018-12-22,Cardiff,Man United,1,5,1.27173,2.72523
2018/19,9373,2018-12-22,Chelsea,Leicester,0,1,2.40458,0.456492
2018/19,9371,2018-12-22,Huddersfield,Southampton,1,3,1.0038,2.60172
2018/19,9370,2018-12-22,Man City,Crystal Palace,2,3,1.27118,1.14609
2018/19,9369,2018-12-22,Newcastle,Fulham,0,0,0.289508,0.245408
2018/19,9368,2018-12-22,West Ham,Watford,0,2,2.06507,2.32983
2018/19,9372,2018-12-23,Everton,Tottenham,2,6,1.00121,2.55514
2018/19,9386,2018-12-26,Brighton,Arsenal,1,1,1.38502,0.789138
2018/19,9385,2018-12-26,Burnley,Everton,1,5,1.88646,1.8875
2018/19,9384,2018-12-26,Crystal Palace,Cardiff,0,0,2.43202,1.05926
2018/19,9383,2018-12-26,Fulham,Wolves,1,1,1.2769,1.35896
2018/19,9382,2018-12-26,Leicester,Man City,2,1,1.55714,1.34781
2018/19,9381,2018-12-26,Liverpool,Newcastle,4,0,3.24988,0.456309
2018/19,9380,2018-12-26,Man United,Huddersfield,3,1,1.79848,1.40594
2018/19,9378,2018-12-26,Tottenham,Bournemouth,5,0,2.23457,1.21736
2018/19,9377,2018-12-26,Watford,Chelsea,1,2,1.24414,2.1956
2018/19,9379,2018-12-27,Southampton,West Ham,1,2,1.28665,1.26973
2018/19,9396,2018-12-29,Brighton,Everton,1,0,1.60311,0.655851
2018/19,9393,2018-12-29,Fulham,Huddersfield,1,0,1.72386,0.276791
2018/19,9392,2018-12-29,Leicester,Cardiff,0,1,1.51648,0.493212
2018/19,9391,2018-12-29,Liverpool,Arsenal,5,1,3.7053,1.08186
2018/19,9388,2018-12-29,Tottenham,Wolves,1,3,0.277704,1.20867
2018/19,9387,2018-12-29,Watford,Newcastle,1,1,1.05566,0.661713
2018/19,9395,2018-12-30,Burnley,West Ham,2,0,2.89884,0.656044
2018/19,9394,2018-12-30,Crystal Palace,Chelsea,0,1,0.199002,0.741471
2018/19,9390,2018-12-30,Man United,Bournemouth,4,1,3.41874,0.705549
2018/19,9389,2018-12-30,Southampton,Man City,1,3,0.221381,2.96802
2018/19,9406,2019-01-01,Arsenal,Fulham,4,1,4.43325,1.71312
2018/19,9404,2019-01-01,Cardiff,Tottenham,0,3,1.0789,1.38282
2018/19,9402,2019-01-01,Everton,Leicester,0,1,0.871304,0.644144
2018/19,9405,2019-01-02,Bournemouth,Watford,3,3,2.84828,0.977046
2018/19,9403,2019-01-02,Chelsea,Southampton,0,0,0.850791,0.158168
2018/19,9401,2019-01-02,Huddersfield,Burnley,1,2,0.621818,2.66309
2018/19,9399,2019-01-02,Newcastle,Man United,0,2,0.691878,2.6754
2018/19,9398,2019-01-02,West Ham,Brighton,2,2,0.639356,0.686806
2018/19,9397,2019-01-02,Wolves,Crystal Palace,0,2,0.656255,1.94658
2018/19,9400,2019-01-03,Man City,Liverpool,2,1,1.00357,1.3801
2018/19,9416,2019-01-12,Brighton,Liverpool,0,1,0.384198,2.2665
2018/19,9415,2019-01-12,Burnley,Fulham,2,1,0.809801,0.903255
2018/19,9414,2019-01-12,Cardiff,Huddersfield,0,0,0.124558,0.39468
2018/19,9413,2019-01-12,Chelsea,Newcastle,2,1,1.32355,0.395148
2018/19,9412,2019-01-12,Crystal Palace,Watford,1,2,1.1617,1.56262
2018/19,9410,2019-01-12,Leicester,Southampton,1,2,1.75983,1.41659
2018/19,9407,2019-01-12,West Ham,Arsenal,1,0,0.669394,0.685895
2018/19,9411,2019-01-13,Everton,Bournemouth,2,0,1.7814,1.52828
2018/19,9408,2019-01-13,Tottenham,Man United,0,1,1.80359,0.957777
2018/19,9409,2019-01-14,Man City,Wolves,3,0,3.11947,0.0985446
2018/19,9426,2019-01-19,Arsenal,Chelsea,2,0,2.09412,0.755304
2018/19,9425,2019-01-19,Bournemouth,West Ham,2,0,1.24835,0.971813
2018/19,9422,2019-01-19,Liverpool,Crystal Palace,4,3,2.8299,0.695213
2018/19,9421,2019-01-19,Man United,Brighton,2,1,2.64005,0.635111
2018/19,9420,2019-01-19,Newcastle,Cardiff,3,0,2.518,0.255727
2018/19,9419,2019-01-19,Southampton,Everton,2,1,1.06009,1.31169
2018/19,9418,2019-01-19,Watford,Burnley,0,0,1.06981,1.97256
2018/19,9417,2019-01-19,Wolves,Leicester,4,3,2.21719,1.33831
2018/19,9424,2019-01-20,Fulham,Tottenham,1,2,0.937902,1.93316
2018/19,9423,2019-01-20,Huddersfield,Man City,0,3,0.764264,2.01376
2018/19,9431,2019-01-29,Arsenal,Cardiff,2,1,2.69339,0.597893
2018/19,9429,2019-01-29,Fulham,Brighton,4,2,3.46113,2.36867
2018/19,9428,2019-01-29,Huddersfield,Everton,0,1,0.73078,1.05995
2018/19,9432,2019-01-29,Man United,Burnley,2,2,3.23417,0.934603
2018/19,9434,2019-01-29,Newcastle,Man City,2,1,0.992326,1.33896
2018/19,9427,2019-01-29,Wolves,West Ham,3,0,2.0363,0.130179
2018/19,9430,2019-01-30,Bournemouth,Chelsea,4,0,2.15094,0.718873
2018/19,9436,2019-01-30,Liverpool,Leicester,1,1,0.576336,1.1272
2018/19,9433,2019-01-30,Southampton,Crystal Palace,1,1,1.33257,1.53294
2018/19,9435,2019-01-30,Tottenham,Watford,2,1,1.36248,0.479838
2018/19,9446,2019-02-02,Brighton,Watford,0,0,1.83528,0.279297
2018/19,9445,2019-02-02,Burnley,Southampton,1,1,2.00175,0.787747
2018/19,9444,2019-02-02,Cardiff,Bournemouth,2,0,2.53093,0.35199
2018/19,9443,2019-02-02,Chelsea,Huddersfield,5,0,2.94236,0.260391
2018/19,9442,2019-02-02,Crystal Palace,Fulham,2,0,2.19582,0.560836
2018/19,9441,2019-02-02,Everton,Wolves,1,3,1.36252,1.85729
2018/19,9438,2019-02-02,Tottenham,Newcastle,1,0,3.10409,0.400152
2018/19,9440,2019-02-03,Leicester,Man United,0,1,1.40067,1.49717
2018/19,9439,2019-02-03,Man City,Arsenal,3,1,3.03102,0.703542
2018/19,9437,2019-02-04,West Ham,Liverpool,1,1,0.791319,1.12475
2018/19,9461,2019-02-06,Everton,Man City,0,2,0.111559,2.60922
2018/19,9449,2019-02-09,Brighton,Burnley,1,3,1.31614,1.83041
2018/19,9448,2019-02-09,Crystal Palace,West Ham,1,1,2.68412,1.74711
2018/19,9447,2019-02-09,Fulham,Man United,0,3,2.18741,2.13209
2018/19,9456,2019-02-09,Huddersfield,Arsenal,1,2,1.96816,1.46751
2018/19,9455,2019-02-09,Liverpool,Bournemouth,3,0,2.53003,0.390995
2018/19,9453,2019-02-09,Southampton,Cardiff,1,2,1.70666,0.980673
2018/19,9451,2019-02-09,Watford,Everton,1,0,1.53311,0.641094
2018/19,9454,2019-02-10,Man City,Chelsea,6,0,4.04218,0.901867
2018/19,9452,2019-02-10,Tottenham,Leicester,3,1,1.21144,3.02164
2018/19,9450,2019-02-11,Wolves,Newcastle,1,1,2.30998,0.435263
2018/19,9463,2019-02-22,Cardiff,Watford,1,5,1.90045,2.75798
2018/19,9457,2019-02-22,West Ham,Fulham,3,1,2.72871,1.23555
2018/19,9465,2019-02-23,Bournemouth,Wolves,1,1,2.13291,1.20286
2018/19,9464,2019-02-23,Burnley,Tottenham,2,1,1.08514,0.845211
2018/19,9460,2019-02-23,Leicester,Crystal Palace,1,4,0.946697,1.57739
2018/19,9458,2019-02-23,Newcastle,Huddersfield,2,0,3.03313,0.133934
2018/19,9466,2019-02-24,Arsenal,Southampton,2,0,2.35088,0.613167
2018/19,9459,2019-02-24,Man United,Liverpool,0,0,0.474869,0.380519
2018/19,9469,2019-02-26,Cardiff,Everton,0,3,0.219359,1.14212
2018/19,9468,2019-02-26,Huddersfield,Wolves,1,0,1.46224,0.573166
2018/19,9467,2019-02-26,Leicester,Brighton,2,1,1.92171,1.20566
2018/19,9473,2019-02-26,Newcastle,Burnley,2,0,1.70312,1.74201
2018/19,9470,2019-02-27,Arsenal,Bournemouth,5,1,3.18716,0.88618
2018/19,9474,2019-02-27,Chelsea,Tottenham,2,0,0.625978,0.722229
2018/19,9471,2019-02-27,Crystal Palace,Man United,1,3,1.69334,1.54089
2018/19,9476,2019-02-27,Liverpool,Watford,5,0,2.74266,0.630423
2018/19,9475,2019-02-27,Man City,West Ham,1,0,3.67741,0.400125
2018/19,9472,2019-02-27,Southampton,Fulham,2,0,1.15823,0.798715
2018/19,9486,2019-03-02,Bournemouth,Man City,0,1,0.0,1.59515
2018/19,9485,2019-03-02,Brighton,Huddersfield,1,0,1.39896,0.2014
2018/19,9484,2019-03-02,Burnley,Crystal Palace,1,3,1.90872,0.706284
2018/19,9481,2019-03-02,Man United,Southampton,3,2,2.54216,0.578485
2018/19,9480,2019-03-02,Tottenham,Arsenal,1,1,1.76818,3.45713
2018/19,9478,2019-03-02,West Ham,Newcastle,2,0,1.88895,1.18549
2018/19,9477,2019-03-02,Wolves,Cardiff,2,0,3.2075,0.702261
2018/19,9483,2019-03-03,Everton,Liverpool,0,0,0.241879,0.811272
2018/19,9482,2019-03-03,Fulham,Chelsea,1,2,0.898469,1.53632
2018/19,9479,2019-03-03,Watford,Leicester,2,1,1.36515,0.794683
2018/19,9495,2019-03-09,Cardiff,West Ham,2,0,3.49275,0.295869
2018/19,9493,2019-03-09,Crystal Palace,Brighton,1,2,1.44291,0.129312
2018/19,9492,2019-03-09,Huddersfield,Bournemouth,0,2,0.339087,2.16389
2018/19,9491,2019-03-09,Leicester,Fulham,3,1,2.13494,0.15103
2018/19,9489,2019-03-09,Man City,Watford,3,1,3.75714,0.407168
2018/19,9488,2019-03-09,Newcastle,Everton,3,2,2.37896,1.15114
2018/19,9487,2019-03-09,Southampton,Tottenham,2,1,2.07772,1.26876
2018/19,9496,2019-03-10,Arsenal,Man United,2,0,1.52723,2.3703
2018/19,9494,2019-03-10,Chelsea,Wolves,1,1,1.0471,0.609079
2018/19,9490,2019-03-10,Liverpool,Burnley,4,2,4.12341,0.471571
2018/19,9506,2019-03-16,Bournemouth,Newcastle,2,2,1.61666,1.02847
2018/19,9504,2019-03-16,Burnley,Leicester,1,2,1.17008,0.608954
2018/19,9498,2019-03-16,West Ham,Huddersfield,4,3,1.88114,1.66909
2018/19,9503,2019-03-17,Everton,Chelsea,2,0,2.24031,1.24394
2018/19,9502,2019-03-17,Fulham,Liverpool,1,2,0.915765,2.73437
2018/19,9516,2019-03-30,Brighton,Southampton,0,1,0.560521,0.857436
2018/19,9515,2019-03-30,Burnley,Wolves,2,0,0.572695,0.397928
2018/19,9513,2019-03-30,Crystal Palace,Huddersfield,2,0,2.84701,0.926991
2018/19,9512,2019-03-30,Fulham,Man City,0,2,0.661491,2.31513
2018/19,9511,2019-03-30,Leicester,Bournemouth,2,0,1.8935,0.790333
2018/19,9509,2019-03-30,Man United,Watford,2,1,1.98052,1.35208
2018/19,9508,2019-03-30,West Ham,Everton,0,2,0.0891639,2.65983
2018/19,9514,2019-03-31,Cardiff,Chelsea,1,2,0.446122,2.07834
2018/19,9510,2019-03-31,Liverpool,Tottenham,2,1,1.0931,1.04822
2018/19,9507,2019-04-01,Arsenal,Newcastle,2,0,1.04458,0.0441445
2018/19,9518,2019-04-02,Watford,Fulham,4,1,1.59338,1.90917
2018/19,9517,2019-04-02,Wolves,Man United,2,1,1.65044,2.03847
2018/19,9462,2019-04-03,Chelsea,Brighton,3,0,3.12416,0.440898
2018/19,9522,2019-04-03,Man City,Cardiff,2,0,3.53913,0.135788
2018/19,9500,2019-04-03,Tottenham,Crystal Palace,2,0,2.57376,0.564317
2018/19,9520,2019-04-05,Southampton,Liverpool,1,3,0.718394,2.00654
2018/19,9526,2019-04-06,Bournemouth,Burnley,1,3,1.20888,1.38919
2018/19,9523,2019-04-06,Huddersfield,Leicester,1,4,1.62301,3.61876
2018/19,9521,2019-04-06,Newcastle,Crystal Palace,0,1,0.943175,0.907988
2018/19,9524,2019-04-07,Everton,Arsenal,1,0,2.69396,0.201885
2018/19,9525,2019-04-08,Chelsea,West Ham,2,0,2.23287,0.471195
2018/19,9532,2019-04-12,Leicester,Newcastle,0,1,0.877377,0.945804
2018/19,9536,2019-04-13,Brighton,Bournemouth,0,5,0.206731,2.76885
2018/19,9535,2019-04-13,Burnley,Cardiff,2,0,2.84358,0.872224
2018/19,9533,2019-04-13,Fulham,Everton,2,0,1.66303,1.29107
2018/19,9530,2019-04-13,Man United,West Ham,2,1,2.65125,1.42817
2018/19,9529,2019-04-13,Southampton,Wolves,3,1,3.80842,0.642825
2018/19,9528,2019-04-13,Tottenham,Huddersfield,4,0,2.78596,0.983527
2018/19,9534,2019-04-14,Crystal Palace,Man City,1,3,0.318169,2.86236
2018/19,9531,2019-04-14,Liverpool,Chelsea,2,0,1.30839,0.873177
2018/19,9527,2019-04-15,Watford,Arsenal,0,1,1.12595,2.2668
2018/19,9505,2019-04-16,Brighton,Cardiff,0,2,0.588539,0.819472
2018/19,9545,2019-04-20,Bournemouth,Fulham,0,1,2.83739,2.61689
2018/19,9541,2019-04-20,Huddersfield,Watford,1,2,1.09072,1.08462
2018/19,9540,2019-04-20,Man City,Tottenham,1,0,2.06185,1.19894
2018/19,9539,2019-04-20,Newcastle,Southampton,3,1,1.23033,1.27102
2018/19,9538,2019-04-20,West Ham,Leicester,2,2,1.36558,0.8065
2018/19,9537,2019-04-20,Wolves,Brighton,0,0,2.60447,0.115051
2018/19,9546,2019-04-21,Arsenal,Crystal Palace,2,3,1.54245,2.56216
2018/19,9544,2019-04-21,Cardiff,Liverpool,0,2,1.1187,2.42404
2018/19,9542,2019-04-21,Everton,Man United,4,0,1.5204,0.305982
2018/19,9543,2019-04-22,Chelsea,Burnley,2,2,1.28197,0.788788
2018/19,9519,2019-04-23,Tottenham,Brighton,1,0,1.0032,0.143138
2018/19,9499,2019-04-23,Watford,Southampton,1,1,1.27253,2.11999
2018/19,9501,2019-04-24,Man United,Man City,0,2,0.514509,0.530481
2018/19,9497,2019-04-24,Wolves,Arsenal,3,1,0.982018,0.939754
2018/19,9551,2019-04-26,Liverpool,Huddersfield,5,0,3.58922,0.1624
2018/19,9556,2019-04-27,Brighton,Newcastle,1,1,1.20482,0.43797
2018/19,9554,2019-04-27,Crystal Palace,Everton,0,0,0.261344,1.15217
2018/19,9553,2019-04-27,Fulham,Cardiff,1,0,0.519072,1.11322
2018/19,9549,2019-04-27,Southampton,Bournemouth,3,3,2.73537,2.62214
2018/19,9548,2019-04-27,Tottenham,West Ham,0,1,1.35378,0.991558
2018/19,9547,2019-04-27,Watford,Wolves,1,2,0.896093,2.44357
2018/19,9555,2019-04-28,Burnley,Man City,0,1,0.0899809,2.34878
2018/19,9552,2019-04-28,Leicester,Arsenal,3,0,3.6797,0.600697
2018/19,9550,2019-04-28,Man United,Chelsea,1,1,1.12483,1.6298
2018/19,9562,2019-05-03,Everton,Burnley,2,0,1.76461,0.473292
2018/19,9565,2019-05-04,Bournemouth,Tottenham,1,0,2.22622,0.713362
2018/19,9564,2019-05-04,Cardiff,Crystal Palace,2,3,1.4996,1.80991
2018/19,9559,2019-05-04,Newcastle,Liverpool,2,3,1.29707,1.48081
2018/19,9558,2019-05-04,West Ham,Southampton,3,0,1.99866,0.443686
2018/19,9557,2019-05-04,Wolves,Fulham,1,0,2.09397,0.512477
2018/19,9566,2019-05-05,Arsenal,Brighton,1,1,2.36178,1.90585
2018/19,9563,2019-05-05,Chelsea,Watford,3,0,2.96478,1.2712
2018/19,9561,2019-05-05,Huddersfield,Man United,1,1,0.73663,1.88049
2018/19,9560,2019-05-06,Man City,Leicester,1,0,1.08617,0.537307
2018/19,9576,2019-05-12,Brighton,Man City,1,4,0.595313,2.22234
2018/19,9575,2019-05-12,Burnley,Arsenal,1,3,1.72939,2.87276
2018/19,9574,2019-05-12,Crystal Palace,Bournemouth,5,3,2.85899,1.8981
2018/19,9573,2019-05-12,Fulham,Newcastle,0,4,0.569845,1.95921
2018/19,9572,2019-05-12,Leicester,Chelsea,0,0,0.345306,1.26735
2018/19,9571,2019-05-12,Liverpool,Wolves,2,0,1.70197,0.883861
2018/19,9570,2019-05-12,Man United,Cardiff,0,2,1.89555,1.71095
2018/19,9569,2019-05-12,Southampton,Huddersfield,1,1,0.941018,0.857152
2018/19,9568,2019-05-12,Tottenham,Everton,2,2,0.882608,2.06851
2018/19,9567,2019-05-12,Watford,West Ham,1,4,2.06986,3.20094
2019/20,11643,2019-08-09,Liverpool,Norwich,4,1,2.23456,0.842407
2019/20,11645,2019-08-10,Bournemouth,Sheffield United,1,1,1.34099,1.59864
2019/20,11646,2019-08-10,Burnley,Southampton,3,0,0.909241,1.08752
2019/20,11647,2019-08-10,Crystal Palace,Everton,0,0,0.87159,1.2246
2019/20,11649,2019-08-10,Tottenham,Aston Villa,3,1,2.57262,0.639599
2019/20,11648,2019-08-10,Watford,Brighton,0,3,0.670022,0.855516
2019/20,11644,2019-08-10,West Ham,Man City,0,5,1.2003,3.18377
2019/20,11651,2019-08-11,Leicester,Wolves,0,0,0.543759,0.812949
2019/20,11652,2019-08-11,Man United,Chelsea,4,0,2.37442,1.09534
2019/20,11650,2019-08-11,Newcastle,Arsenal,0,1,0.380551,1.13309
2019/20,11653,2019-08-17,Arsenal,Burnley,2,1,1.1644,1.39172
2019/20,11654,2019-08-17,Aston Villa,Bournemouth,1,2,1.65069,1.62777
2019/20,11655,2019-08-17,Brighton,West Ham,1,1,2.40461,1.00856
2019/20,11656,2019-08-17,Everton,Watford,1,0,0.832913,1.17279
2019/20,11659,2019-08-17,Man City,Tottenham,2,2,3.20076,0.074542
2019/20,11657,2019-08-17,Norwich,Newcastle,3,1,2.09572,0.920429
2019/20,11658,2019-08-17,Southampton,Liverpool,1,2,2.14047,1.52022
2019/20,11661,2019-08-18,Chelsea,Leicester,1,1,1.22629,0.947941
2019/20,11660,2019-08-18,Sheffield United,Crystal Palace,1,0,1.84778,0.241912
2019/20,11662,2019-08-19,Wolves,Man United,1,1,0.307356,1.14332
2019/20,11663,2019-08-23,Aston Villa,Everton,2,0,0.855926,1.25668
2019/20,11666,2019-08-24,Brighton,Southampton,0,2,0.997711,2.07795
2019/20,11670,2019-08-24,Liverpool,Arsenal,3,1,2.78821,0.985542
2019/20,11669,2019-08-24,Man United,Crystal Palace,1,2,2.23561,0.676993
2019/20,11664,2019-08-24,Norwich,Chelsea,2,3,1.07904,1.89428
2019/20,11665,2019-08-24,Sheffield United,Leicester,1,2,0.654318,0.704879
2019/20,11667,2019-08-24,Watford,West Ham,1,3,2.29348,3.45768
2019/20,11671,2019-08-25,Bournemouth,Man City,1,3,1.89345,3.12856
2019/20,11672,2019-08-25,Tottenham,Newcastle,0,1,1.25927,0.51428
2019/20,11668,2019-08-25,Wolves,Burnley,1,1,1.32793,1.22762
2019/20,11680,2019-08-31,Burnley,Liverpool,0,3,0.61739,1.20057
2019/20,11675,2019-08-31,Chelsea,Sheffield United,2,2,2.30579,1.04649
2019/20,11676,2019-08-31,Crystal Palace,Aston Villa,1,0,1.41394,0.30354
2019/20,11677,2019-08-31,Leicester,Bournemouth,3,1,2.23766,0.554726
2019/20,11678,2019-08-31,Man City,Brighton,4,0,2.30818,0.861035
2019/20,11679,2019-08-31,Newcastle,Watford,1,1,1.04131,1.1068
2019/20,11673,2019-08-31,Southampton,Man United,1,1,0.769616,1.90356
2019/20,11674,2019-08-31,West Ham,Norwich,2,0,2.20657,1.1674
2019/20,11682,2019-09-01,Arsenal,Tottenham,2,2,1.92509,1.95514
2019/20,11681,2019-09-01,Everton,Wolves,3,2,1.48842,2.00172
2019/20,11685,2019-09-14,Brighton,Burnley,1,1,1.68545,0.341654
2019/20,11683,2019-09-14,Liverpool,Newcastle,3,1,2.93281,0.291073
2019/20,11684,2019-09-14,Man United,Leicester,1,0,1.10019,0.459141
2019/20,11689,2019-09-14,Norwich,Man City,3,2,1.7413,2.34436
2019/20,11686,2019-09-14,Sheffield United,Southampton,0,1,1.88034,1.57659
2019/20,11687,2019-09-14,Tottenham,Crystal Palace,4,0,1.04944,0.577323
2019/20,11688,2019-09-14,Wolves,Chelsea,2,5,1.49359,3.06799
2019/20,11690,2019-09-15,Bournemouth,Everton,3,1,1.41542,1.50641
2019/20,11691,2019-09-15,Watford,Arsenal,2,2,2.83209,1.00616
2019/20,11692,2019-09-16,Aston Villa,West Ham,0,0,1.40502,0.535279
2019/20,11693,2019-09-20,Southampton,Bournemouth,1,3,2.18021,1.29773
2019/20,11696,2019-09-21,Burnley,Norwich,2,0,2.39312,0.801428
2019/20,11698,2019-09-21,Everton,Sheffield United,0,2,1.26041,0.508011
2019/20,11694,2019-09-21,Leicester,Tottenham,2,1,1.28752,1.33735
2019/20,11695,2019-09-21,Man City,Watford,8,0,6.63049,0.344718
2019/20,11699,2019-09-21,Newcastle,Brighton,0,0,1.09807,1.21592
2019/20,11702,2019-09-22,Arsenal,Aston Villa,3,2,2.53209,1.71546
2019/20,11701,2019-09-22,Chelsea,Liverpool,1,2,1.23321,1.03003
2019/20,11697,2019-09-22,Crystal Palace,Wolves,1,1,0.984777,1.75572
2019/20,11700,2019-09-22,West Ham,Man United,2,0,0.51376,1.27826
2019/20,11706,2019-09-28,Aston Villa,Burnley,2,2,0.914266,1.66919
2019/20,11707,2019-09-28,Bournemouth,West Ham,2,2,2.31957,1.29546
2019/20,11708,2019-09-28,Chelsea,Brighton,2,0,4.26443,0.616263
2019/20,11709,2019-09-28,Crystal Palace,Norwich,2,0,1.80497,0.712129
2019/20,11711,2019-09-28,Everton,Man City,1,3,2.35854,3.1082
2019/20,11703,2019-09-28,Sheffield United,Liverpool,0,1,1.17022,1.97079
2019/20,11704,2019-09-28,Tottenham,Southampton,2,1,1.19008,1.16256
2019/20,11705,2019-09-28,Wolves,Watford,2,0,1.16363,1.06615
2019/20,11710,2019-09-29,Leicester,Newcastle,5,0,1.82438,0.054134
2019/20,11712,2019-09-30,Man United,Arsenal,1,1,1.1335,1.70399
2019/20,11713,2019-10-05,Brighton,Tottenham,3,0,2.60017,0.478504
2019/20,11714,2019-10-05,Burnley,Everton,1,0,0.558912,1.30723
2019/20,11715,2019-10-05,Liverpool,Leicester,2,1,3.74867,0.0982107
2019/20,11717,2019-10-05,Norwich,Aston Villa,1,5,1.84838,3.67827
2019/20,11719,2019-10-05,Watford,Sheffield United,0,0,1.44318,0.353724
2019/20,11720,2019-10-05,West Ham,Crystal Palace,1,2,1.23577,2.0682
2019/20,11722,2019-10-06,Arsenal,Bournemouth,1,0,1.24109,0.683967
2019/20,11716,2019-10-06,Man City,Wolves,0,2,1.61884,1.18825
2019/20,11721,2019-10-06,Newcastle,Man United,1,0,0.650296,0.969204
2019/20,11718,2019-10-06,Southampton,Chelsea,1,4,1.27044,2.15201
2019/20,11723,2019-10-19,Aston Villa,Brighton,2,1,2.96692,1.32184
2019/20,11724,2019-10-19,Bournemouth,Norwich,0,0,0.675554,0.402873
2019/20,11725,2019-10-19,Chelsea,Newcastle,1,0,2.30068,0.197082
2019/20,11726,2019-10-19,Crystal Palace,Man City,0,2,0.616864,4.02104
2019/20,11727,2019-10-19,Everton,West Ham,2,0,2.23324,0.459112
2019/20,11728,2019-10-19,Leicester,Burnley,2,1,0.8291,1.79569
2019/20,11731,2019-10-19,Tottenham,Watford,1,1,0.891617,0.846851
2019/20,11732,2019-10-19,Wolves,Southampton,1,1,0.887495,1.37695
2019/20,11729,2019-10-20,Man United,Liverpool,1,1,0.791862,1.03212
2019/20,11730,2019-10-21,Sheffield United,Arsenal,1,0,0.895722,0.949735
2019/20,11740,2019-10-25,Southampton,Leicester,0,9,0.457334,4.38046
2019/20,11734,2019-10-26,Brighton,Everton,3,2,1.15279,1.04723
2019/20,11735,2019-10-26,Burnley,Chelsea,2,4,2.23494,0.988321
2019/20,11737,2019-10-26,Man City,Aston Villa,3,0,3.19004,0.980145
2019/20,11741,2019-10-26,Watford,Bournemouth,0,0,0.674903,0.899526
2019/20,11742,2019-10-26,West Ham,Sheffield United,1,1,2.33891,1.16171
2019/20,11733,2019-10-27,Arsenal,Crystal Palace,2,2,1.54014,1.77892
2019/20,11736,2019-10-27,Liverpool,Tottenham,2,1,2.18851,1.35143
2019/20,11738,2019-10-27,Newcastle,Wolves,1,1,0.603104,1.93255
2019/20,11739,2019-10-27,Norwich,Man United,1,3,0.8924,4.51232
2019/20,11743,2019-11-02,Arsenal,Wolves,1,1,1.02552,1.5103
2019/20,11744,2019-11-02,Aston Villa,Liverpool,1,2,0.741615,2.38824
2019/20,11745,2019-11-02,Bournemouth,Man United,1,0,1.86862,0.641129
2019/20,11746,2019-11-02,Brighton,Norwich,2,0,2.65496,0.455082
2019/20,11749,2019-11-02,Man City,Southampton,2,1,3.36132,0.893889
2019/20,11750,2019-11-02,Sheffield United,Burnley,3,0,2.58392,0.716613
2019/20,11751,2019-11-02,Watford,Chelsea,1,2,1.4744,2.18313
2019/20,11752,2019-11-02,West Ham,Newcastle,2,3,1.53597,1.93192
2019/20,11747,2019-11-03,Crystal Palace,Leicester,0,2,0.44291,0.981167
2019/20,11748,2019-11-03,Everton,Tottenham,1,1,1.15532,0.243393
2019/20,11757,2019-11-08,Norwich,Watford,0,2,0.62104,1.36017
2019/20,11753,2019-11-09,Burnley,West Ham,3,0,2.4158,0.474281
2019/20,11754,2019-11-09,Chelsea,Crystal Palace,2,0,3.28903,0.479488
2019/20,11762,2019-11-09,Leicester,Arsenal,2,0,1.37055,0.961339
2019/20,11756,2019-11-09,Newcastle,Bournemouth,2,1,2.3306,1.9213
2019/20,11758,2019-11-09,Southampton,Everton,1,2,0.742281,2.08883
2019/20,11759,2019-11-09,Tottenham,Sheffield United,1,1,1.5104,0.923443
2019/20,11755,2019-11-10,Liverpool,Man City,3,1,1.3319,1.48104
2019/20,11761,2019-11-10,Man United,Brighton,3,1,3.65299,1.1342
2019/20,11760,2019-11-10,Wolves,Aston Villa,2,1,2.09891,0.473225
2019/20,11763,2019-11-23,Arsenal,Southampton,2,2,1.60823,2.60312
2019/20,11765,2019-11-23,Bournemouth,Wolves,1,2,0.849789,1.2765
2019/20,11766,2019-11-23,Brighton,Leicester,0,2,0.784706,3.50917
2019/20,11767,2019-11-23,Crystal Palace,Liverpool,1,2,1.02306,1.64291
2019/20,11768,2019-11-23,Everton,Norwich,0,2,0.812693,1.80849
2019/20,11769,2019-11-23,Man City,Chelsea,2,1,1.23596,0.820474
2019/20,11771,2019-11-23,Watford,Burnley,0,3,0.902384,2.66281
2019/20,11772,2019-11-23,West Ham,Tottenham,2,3,0.661449,2.20681
2019/20,11770,2019-11-24,Sheffield United,Man United,3,3,1.56025,1.33065
2019/20,11764,2019-11-25,Aston Villa,Newcastle,2,0,2.6985,0.69784
2019/20,11773,2019-11-30,Burnley,Crystal Palace,0,2,1.8509,0.936732
2019/20,11774,2019-11-30,Chelsea,West Ham,0,1,2.73185,1.12034
2019/20,11776,2019-11-30,Liverpool,Brighton,2,1,1.36832,0.867601
2019/20,11777,2019-11-30,Newcastle,Man City,2,2,0.208252,2.44389
2019/20,11778,2019-11-30,Southampton,Watford,2,1,1.9671,0.504005
2019/20,11779,2019-11-30,Tottenham,Bournemouth,3,2,2.93189,1.02949
2019/20,11775,2019-12-01,Leicester,Everton,2,1,2.24348,1.24986
2019/20,11782,2019-12-01,Man United,Aston Villa,2,2,1.84804,1.29701
2019/20,11781,2019-12-01,Norwich,Arsenal,2,2,0.810596,1.96157
2019/20,11780,2019-12-01,Wolves,Sheffield United,1,1,1.27422,1.47296
2019/20,11784,2019-12-03,Burnley,Man City,1,4,0.486548,2.56057
2019/20,11791,2019-12-03,Crystal Palace,Bournemouth,1,0,0.383763,0.342799
2019/20,11789,2019-12-04,Chelsea,Aston Villa,2,1,1.9774,0.86086
2019/20,11785,2019-12-04,Leicester,Watford,2,0,2.28735,0.199733
2019/20,11792,2019-12-04,Liverpool,Everton,5,2,2.41397,1.76453
2019/20,11788,2019-12-04,Man United,Tottenham,2,1,1.47683,0.542315
2019/20,11790,2019-12-04,Southampton,Norwich,2,1,2.00232,0.896647
2019/20,11787,2019-12-04,Wolves,West Ham,2,0,1.82237,0.501977
2019/20,11783,2019-12-05,Arsenal,Brighton,1,2,0.965377,1.53446
2019/20,11786,2019-12-05,Sheffield United,Newcastle,0,2,1.09175,0.533775
2019/20,11794,2019-12-07,Bournemouth,Liverpool,0,3,0.154608,3.04446
2019/20,11796,2019-12-07,Everton,Chelsea,3,1,2.03892,1.25734
2019/20,11797,2019-12-07,Man City,Man United,1,2,2.07108,1.63385
2019/20,11800,2019-12-07,Tottenham,Burnley,5,0,2.39684,1.08645
2019/20,11801,2019-12-07,Watford,Crystal Palace,0,0,1.57132,0.210746
2019/20,11793,2019-12-08,Aston Villa,Leicester,1,4,1.24141,4.03286
2019/20,11795,2019-12-08,Brighton,Wolves,2,2,0.951621,1.87208
2019/20,11798,2019-12-08,Newcastle,Southampton,2,1,1.10449,1.89255
2019/20,11799,2019-12-08,Norwich,Sheffield United,1,2,0.585805,0.712899
2019/20,11802,2019-12-09,West Ham,Arsenal,1,3,0.521847,1.79181
2019/20,11804,2019-12-14,Burnley,Newcastle,1,0,1.43602,1.08726
2019/20,11805,2019-12-14,Chelsea,Bournemouth,0,1,2.02119,1.20777
2019/20,11807,2019-12-14,Leicester,Norwich,1,1,1.06421,1.16408
2019/20,11808,2019-12-14,Liverpool,Watford,2,0,1.56674,1.01166
2019/20,11810,2019-12-14,Sheffield United,Aston Villa,2,0,1.888,0.97258
2019/20,11811,2019-12-14,Southampton,West Ham,0,1,0.805884,0.90324
2019/20,11803,2019-12-15,Arsenal,Man City,0,3,0.28161,1.69553
2019/20,11809,2019-12-15,Man United,Everton,1,1,1.48327,0.276759
2019/20,11812,2019-12-15,Wolves,Tottenham,1,2,0.718669,0.989205
2019/20,11806,2019-12-16,Crystal Palace,Brighton,1,1,0.484859,2.48355
2019/20,11813,2019-12-21,Aston Villa,Southampton,1,3,0.921054,2.63444
2019/20,11814,2019-12-21,Bournemouth,Burnley,0,1,0.138532,0.144318
2019/20,11815,2019-12-21,Brighton,Sheffield United,0,1,0.428371,1.65933
2019/20,11816,2019-12-21,Everton,Arsenal,0,0,0.486523,0.881818
2019/20,11817,2019-12-21,Man City,Leicester,3,1,3.59139,1.01388
2019/20,11818,2019-12-21,Newcastle,Crystal Palace,1,0,0.714368,0.985368
2019/20,11819,2019-12-21,Norwich,Wolves,1,2,1.26536,1.65224
2019/20,11820,2019-12-22,Tottenham,Chelsea,0,2,0.276667,1.49374
2019/20,11821,2019-12-22,Watford,Man United,2,0,1.59291,1.5309
2019/20,11823,2019-12-26,Aston Villa,Norwich,1,0,0.654194,1.45005
2019/20,11824,2019-12-26,Bournemouth,Arsenal,1,1,1.55463,1.42464
2019/20,11825,2019-12-26,Chelsea,Southampton,0,2,0.859973,0.981321
2019/20,11826,2019-12-26,Crystal Palace,West Ham,2,1,2.14195,0.796338
2019/20,11827,2019-12-26,Everton,Burnley,1,0,1.47521,0.565252
2019/20,11828,2019-12-26,Leicester,Liverpool,0,4,0.120994,3.76973
2019/20,11829,2019-12-26,Man United,Newcastle,4,1,1.99638,1.05018
2019/20,11830,2019-12-26,Sheffield United,Watford,1,1,2.04481,0.596611
2019/20,11831,2019-12-26,Tottenham,Brighton,2,1,1.02645,1.09007
2019/20,11832,2019-12-27,Wolves,Man City,3,2,2.39405,1.52044
2019/20,11834,2019-12-28,Brighton,Bournemouth,2,0,1.05876,0.500726
2019/20,11835,2019-12-28,Burnley,Man United,0,2,0.386662,2.10542
2019/20,11838,2019-12-28,Newcastle,Everton,1,2,1.63211,2.82576
2019/20,11839,2019-12-28,Norwich,Tottenham,2,2,0.268052,1.82189
2019/20,11840,2019-12-28,Southampton,Crystal Palace,1,1,1.47937,0.137837
2019/20,11841,2019-12-28,Watford,Aston Villa,3,0,3.25314,0.610997
2019/20,11842,2019-12-28,West Ham,Leicester,1,2,0.782104,2.62349
2019/20,11833,2019-12-29,Arsenal,Chelsea,1,2,0.785214,1.49666
2019/20,11836,2019-12-29,Liverpool,Wolves,1,0,1.49124,0.363764
2019/20,11837,2019-12-29,Man City,Sheffield United,2,0,1.08628,1.23346
2019/20,11844,2020-01-01,Arsenal,Man United,2,0,1.90747,0.715563
2019/20,11845,2020-01-01,Brighton,Chelsea,1,1,1.56978,1.57497
2019/20,11846,2020-01-01,Burnley,Aston Villa,1,2,2.34418,1.74824
2019/20,11848,2020-01-01,Man City,Everton,2,1,1.79757,0.848942
2019/20,11849,2020-01-01,Newcastle,Leicester,0,3,0.780118,2.43642
2019/20,11850,2020-01-01,Norwich,Crystal Palace,1,1,1.66454,1.29896
2019/20,11851,2020-01-01,Southampton,Tottenham,1,0,1.51192,1.078
2019/20,11852,2020-01-01,Watford,Wolves,2,1,1.07053,1.23252
2019/20,11843,2020-01-01,West Ham,Bournemouth,4,0,2.32825,0.720709
2019/20,11847,2020-01-02,Liverpool,Sheffield United,2,0,3.0465,0.634607
2019/20,11855,2020-01-10,Sheffield United,West Ham,1,0,2.02768,0.90477
2019/20,11858,2020-01-11,Chelsea,Burnley,3,0,2.87633,0.717407
2019/20,11859,2020-01-11,Crystal Palace,Arsenal,1,1,0.317862,1.43924
2019/20,11860,2020-01-11,Everton,Brighton,1,0,2.02533,1.53324
2019/20,11861,2020-01-11,Leicester,Southampton,1,2,0.780114,2.40601
2019/20,11862,2020-01-11,Man United,Norwich,4,0,3.13456,0.275987
2019/20,11854,2020-01-11,Tottenham,Liverpool,0,1,1.10584,1.74564
2019/20,11853,2020-01-11,Wolves,Newcastle,1,1,2.04805,0.184495
2019/20,11856,2020-01-12,Aston Villa,Man City,1,6,1.12565,3.75131
2019/20,11857,2020-01-12,Bournemouth,Watford,0,3,0.320447,2.29827
2019/20,11863,2020-01-18,Arsenal,Sheffield United,1,1,1.22882,1.18444
2019/20,11867,2020-01-18,Brighton,Aston Villa,1,1,1.30028,1.02045
2019/20,11864,2020-01-18,Man City,Crystal Palace,2,2,2.47314,0.586716
2019/20,11868,2020-01-18,Newcastle,Chelsea,1,0,0.892988,2.05436
2019/20,11869,2020-01-18,Norwich,Bournemouth,1,0,1.76046,0.558298
2019/20,11870,2020-01-18,Southampton,Wolves,2,3,0.786974,2.1772
2019/20,11871,2020-01-18,Watford,Tottenham,0,0,2.39174,1.76697
2019/20,11872,2020-01-18,West Ham,Everton,1,1,1.68436,1.95473
2019/20,11866,2020-01-19,Burnley,Leicester,2,1,1.50886,2.33415
2019/20,11865,2020-01-19,Liverpool,Man United,2,0,2.00655,1.4185
2019/20,11873,2020-01-21,Aston Villa,Watford,2,1,1.06739,1.81101
2019/20,11878,2020-01-21,Bournemouth,Brighton,3,1,1.92315,1.97227
2019/20,11881,2020-01-21,Chelsea,Arsenal,2,2,3.38612,0.568077
2019/20,11882,2020-01-21,Crystal Palace,Southampton,0,2,0.674589,1.1306
2019/20,11877,2020-01-21,Everton,Newcastle,2,2,2.05254,0.570931
2019/20,11875,2020-01-21,Sheffield United,Man City,0,1,0.774943,2.873
2019/20,11876,2020-01-22,Leicester,West Ham,4,1,2.91302,1.16254
2019/20,11879,2020-01-22,Man United,Burnley,0,2,1.416,0.717284
2019/20,11880,2020-01-22,Tottenham,Norwich,2,1,2.22282,1.42472
2019/20,11874,2020-01-23,Wolves,Liverpool,1,2,1.85442,1.59024
2019/20,11822,2020-01-29,West Ham,Liverpool,0,2,0.878341,2.59926
2019/20,11883,2020-02-01,Bournemouth,Aston Villa,2,1,2.72236,1.40955
2019/20,11885,2020-02-01,Crystal Palace,Sheffield United,0,1,0.970063,0.860755
2019/20,11886,2020-02-01,Leicester,Chelsea,2,2,1.65956,0.806995
2019/20,11887,2020-02-01,Liverpool,Southampton,4,0,3.7195,0.716298
2019/20,11888,2020-02-01,Man United,Wolves,0,0,1.18608,1.54211
2019/20,11889,2020-02-01,Newcastle,Norwich,0,0,0.937293,2.39985
2019/20,11891,2020-02-01,Watford,Everton,2,3,0.919248,2.70178
2019/20,11892,2020-02-01,West Ham,Brighton,3,3,1.30774,2.03179
2019/20,11884,2020-02-02,Burnley,Arsenal,0,0,2.24562,1.48025
2019/20,11890,2020-02-02,Tottenham,Man City,2,0,0.420293,3.25139
2019/20,11895,2020-02-08,Brighton,Watford,1,1,0.76201,0.280048
2019/20,11897,2020-02-08,Everton,Crystal Palace,3,1,2.79103,0.865323
2019/20,11900,2020-02-09,Sheffield United,Bournemouth,2,1,2.04467,1.07183
2019/20,11902,2020-02-14,Wolves,Leicester,0,0,1.14491,0.527366
2019/20,11899,2020-02-15,Norwich,Liverpool,0,1,0.383495,2.07331
2019/20,11901,2020-02-15,Southampton,Burnley,1,2,0.694025,0.892699
2019/20,11893,2020-02-16,Arsenal,Newcastle,4,0,3.02257,1.16662
2019/20,11894,2020-02-16,Aston Villa,Tottenham,2,3,1.71313,3.86024
2019/20,11896,2020-02-17,Chelsea,Man United,0,2,0.940204,0.681814
2019/20,11898,2020-02-19,Man City,West Ham,2,0,2.13777,0.0895892
2019/20,11907,2020-02-22,Burnley,Bournemouth,3,0,3.09935,1.75718
2019/20,11906,2020-02-22,Chelsea,Tottenham,2,1,1.78193,0.265879
2019/20,11905,2020-02-22,Crystal Palace,Newcastle,1,0,1.75552,0.164495
2019/20,11904,2020-02-22,Leicester,Man City,0,1,0.723269,2.42749
2019/20,11909,2020-02-22,Sheffield United,Brighton,1,1,1.6597,1.06035
2019/20,11908,2020-02-22,Southampton,Aston Villa,2,0,3.02926,0.47235
2019/20,11903,2020-02-23,Arsenal,Everton,3,2,1.33567,2.65691
2019/20,11910,2020-02-23,Man United,Watford,3,0,2.5042,0.294956
2019/20,11912,2020-02-23,Wolves,Norwich,3,0,3.25033,0.360646
2019/20,11911,2020-02-24,Liverpool,West Ham,3,2,2.48209,0.638236
2019/20,11919,2020-02-28,Norwich,Leicester,1,0,0.591716,1.42581
2019/20,11914,2020-02-29,Bournemouth,Chelsea,2,2,1.58495,1.98271
2019/20,11915,2020-02-29,Brighton,Crystal Palace,0,1,1.78712,2.17159
2019/20,11918,2020-02-29,Newcastle,Burnley,0,0,1.11713,0.617612
2019/20,11921,2020-02-29,Watford,Liverpool,3,0,2.71351,0.206031
2019/20,11922,2020-02-29,West Ham,Southampton,3,1,2.78682,0.868573
2019/20,11916,2020-03-01,Everton,Man United,1,1,2.41259,1.12561
2019/20,11920,2020-03-01,Tottenham,Wolves,2,3,1.63079,2.62251
2019/20,11923,2020-03-07,Arsenal,West Ham,1,0,1.55974,1.61615
2019/20,11924,2020-03-07,Burnley,Tottenham,1,1,3.33302,1.13669
2019/20,11926,2020-03-07,Crystal Palace,Watford,1,0,0.856107,0.449161
2019/20,11928,2020-03-07,Liverpool,Bournemouth,2,1,1.89453,1.29544
2019/20,11929,2020-03-07,Sheffield United,Norwich,1,0,1.17263,2.55449
2019/20,11930,2020-03-07,Southampton,Newcastle,0,1,0.348871,3.06384
2019/20,11931,2020-03-07,Wolves,Brighton,0,0,0.898221,0.308874
2019/20,11925,2020-03-08,Chelsea,Everton,4,0,2.02883,0.445922
2019/20,11932,2020-03-08,Man United,Man City,2,0,1.7389,0.585469
2019/20,11927,2020-03-09,Leicester,Aston Villa,4,0,2.41239,0.672448
2019/20,11913,2020-06-17,Aston Villa,Sheffield United,0,0,1.00877,0.235909
2019/20,11917,2020-06-17,Man City,Arsenal,3,0,2.73725,0.496759
2019/20,11937,2020-06-19,Norwich,Southampton,0,3,0.654932,1.87099
2019/20,11936,2020-06-19,Tottenham,Man United,1,1,0.534852,1.77307
2019/20,11942,2020-06-20,Bournemouth,Crystal Palace,0,2,0.363637,0.788453
2019/20,11941,2020-06-20,Brighton,Arsenal,2,1,0.670973,0.69627
2019/20,11935,2020-06-20,Watford,Leicester,1,1,1.00765,1.05245
2019/20,11934,2020-06-20,West Ham,Wolves,0,2,0.44207,1.06433
2019/20,11933,2020-06-21,Aston Villa,Chelsea,1,2,1.57223,1.14011
2019/20,11940,2020-06-21,Everton,Liverpool,0,0,0.621456,0.659123
2019/20,11938,2020-06-21,Newcastle,Sheffield United,3,0,2.15148,0.57107
2019/20,11939,2020-06-22,Man City,Burnley,5,0,2.71096,0.0303408
2019/20,11945,2020-06-23,Leicester,Brighton,0,0,0.505486,1.10227
2019/20,11944,2020-06-23,Tottenham,West Ham,2,0,2.24125,0.83104
2019/20,11951,2020-06-24,Liverpool,Crystal Palace,4,0,2.56729,0.0645285
2019/20,11950,2020-06-24,Man United,Sheffield United,3,0,2.8416,0.108082
2019/20,11949,2020-06-24,Newcastle,Aston Villa,1,1,0.661808,1.22985
2019/20,11948,2020-06-24,Norwich,Everton,0,1,0.382813,0.654912
2019/20,11947,2020-06-24,Wolves,Bournemouth,1,0,0.715002,0.0619009
2019/20,11943,2020-06-25,Burnley,Watford,1,0,0.964774,0.495542
2019/20,11946,2020-06-25,Chelsea,Man City,2,1,4.206,0.690594
2019/20,11952,2020-06-25,Southampton,Arsenal,0,2,0.738305,2.18595
2019/20,11954,2020-06-27,Aston Villa,Wolves,0,1,0.403418,0.703549
2019/20,11961,2020-06-28,Watford,Southampton,1,3,0.365347,1.3364
2019/20,11957,2020-06-29,Crystal Palace,Burnley,0,1,1.06533,0.359906
2019/20,11956,2020-06-30,Brighton,Man United,0,3,0.31013,1.20903
2019/20,11953,2020-07-01,Arsenal,Norwich,4,0,1.76496,0.153871
2019/20,11955,2020-07-01,Bournemouth,Newcastle,1,4,1.27503,2.23457
2019/20,11958,2020-07-01,Everton,Leicester,2,1,1.17592,1.80384
2019/20,11962,2020-07-01,West Ham,Chelsea,3,2,2.10497,1.57609
2019/20,11959,2020-07-02,Man City,Liverpool,4,0,2.65433,0.819606
2019/20,11960,2020-07-02,Sheffield United,Tottenham,3,1,1.59994,1.01524
2019/20,11964,2020-07-04,Chelsea,Watford,3,0,2.78877,0.608971
2019/20,11965,2020-07-04,Leicester,Crystal Palace,3,0,2.20683,0.507537
2019/20,11967,2020-07-04,Man United,Bournemouth,5,2,2.63259,1.52161
2019/20,11969,2020-07-04,Norwich,Brighton,0,1,0.545069,0.903046
2019/20,11972,2020-07-04,Wolves,Arsenal,0,2,0.985166,1.28273
2019/20,11963,2020-07-05,Burnley,Sheffield United,1,1,1.31966,1.63343
2019/20,11966,2020-07-05,Liverpool,Aston Villa,2,0,1.0837,0.689775
2019/20,11968,2020-07-05,Newcastle,West Ham,2,2,1.49121,2.03065
2019/20,11970,2020-07-05,Southampton,Man City,1,0,0.628765,3.39575
2019/20,11971,2020-07-06,Tottenham,Everton,1,0,0.511828,0.403762
2019/20,11973,2020-07-07,Arsenal,Leicester,1,1,1.29023,1.00238
2019/20,11977,2020-07-07,Crystal Palace,Chelsea,2,3,1.2882,2.65753
2019/20,11981,2020-07-07,Watford,Norwich,2,1,0.725199,1.13378
2019/20,11976,2020-07-08,Brighton,Liverpool,1,3,2.3646,2.61624
2019/20,11979,2020-07-08,Man City,Newcastle,5,0,3.28662,0.21643
2019/20,11980,2020-07-08,Sheffield United,Wolves,1,0,0.470483,0.326909
2019/20,11982,2020-07-08,West Ham,Burnley,0,1,1.99821,1.05291
2019/20,11974,2020-07-09,Aston Villa,Man United,0,3,0.598873,2.86531
2019/20,11975,2020-07-09,Bournemouth,Tottenham,0,0,0.960349,0.479274
2019/20,11978,2020-07-09,Everton,Southampton,1,1,0.671442,2.29684
2019/20,11985,2020-07-11,Brighton,Man City,0,5,0.149588,5.51767
2019/20,11986,2020-07-11,Liverpool,Burnley,1,1,2.17649,0.452331
2019/20,11988,2020-07-11,Norwich,West Ham,0,4,0.613251,3.81088
2019/20,11989,2020-07-11,Sheffield United,Chelsea,3,0,2.00632,1.17509
2019/20,11991,2020-07-11,Watford,Newcastle,2,1,3.12855,1.49134
2019/20,11983,2020-07-12,Aston Villa,Crystal Palace,2,0,1.6977,0.974181
2019/20,11984,2020-07-12,Bournemouth,Leicester,4,1,2.54311,1.66084
2019/20,11990,2020-07-12,Tottenham,Arsenal,2,1,1.81846,0.68991
2019/20,11992,2020-07-12,Wolves,Everton,3,0,2.86724,0.286561
2019/20,11987,2020-07-13,Man United,Southampton,2,2,1.5033,1.8051
2019/20,11995,2020-07-14,Chelsea,Norwich,1,0,3.05119,0.0631109
2019/20,11993,2020-07-15,Arsenal,Liverpool,2,1,1.31516,2.2233
2019/20,11994,2020-07-15,Burnley,Wolves,1,1,1.53435,1.2857
2019/20,11999,2020-07-15,Man City,Bournemouth,2,1,0.82755,1.66635
2019/20,12000,2020-07-15,Newcastle,Tottenham,1,3,1.05748,1.7498
2019/20,11996,2020-07-16,Crystal Palace,Man United,0,2,0.572141,1.90448
2019/20,11997,2020-07-16,Everton,Aston Villa,1,1,0.944434,1.52021
2019/20,11998,2020-07-16,Leicester,Sheffield United,2,0,3.05752,0.660214
2019/20,12002,2020-07-16,Southampton,Brighton,1,1,2.33745,0.67264
2019/20,12001,2020-07-17,West Ham,Watford,3,1,0.833995,1.03402
2019/20,12008,2020-07-18,Norwich,Burnley,0,2,0.576602,1.8233
2019/20,12004,2020-07-19,Bournemouth,Southampton,0,2,0.583117,2.24527
2019/20,12010,2020-07-19,Tottenham,Leicester,3,0,0.766922,1.20085
2019/20,12005,2020-07-20,Brighton,Newcastle,0,0,0.855896,0.929091
2019/20,12009,2020-07-20,Sheffield United,Everton,0,1,0.468461,0.624814
2019/20,12012,2020-07-20,Wolves,Crystal Palace,2,0,1.48696,0.440119
2019/20,12003,2020-07-21,Aston Villa,Arsenal,1,0,0.57408,0.737137
2019/20,12011,2020-07-21,Watford,Man City,0,4,0.131868,3.73814
2019/20,12006,2020-07-22,Liverpool,Chelsea,5,3,1.45179,2.38205
2019/20,12007,2020-07-22,Man United,West Ham,1,1,0.984161,1.29009
2019/20,12014,2020-07-26,Arsenal,Watford,3,2,1.95282,3.9197
2019/20,12022,2020-07-26,Burnley,Brighton,1,2,1.44244,1.3696
2019/20,12021,2020-07-26,Chelsea,Wolves,2,0,1.15938,0.164561
2019/20,12020,2020-07-26,Crystal Palace,Tottenham,1,1,0.988534,0.310302
2019/20,12019,2020-07-26,Everton,Bournemouth,1,3,1.74699,1.46461
2019/20,12018,2020-07-26,Leicester,Man United,0,2,0.754668,1.41019
2019/20,12017,2020-07-26,Man City,Norwich,5,0,3.56749,0.786563
2019/20,12016,2020-07-26,Newcastle,Liverpool,1,3,0.339294,0.56818
2019/20,12015,2020-07-26,Southampton,Sheffield United,3,1,1.64306,1.41051
2019/20,12013,2020-07-26,West Ham,Aston Villa,1,1,0.781465,0.983594
2020/21,14087,2020-09-12,Crystal Palace,Southampton,1,0,1.39569,1.26267
2020/21,14086,2020-09-12,Fulham,Arsenal,0,3,0.126327,2.16287
2020/21,14090,2020-09-12,Liverpool,Leeds,4,3,3.15412,0.269813
2020/21,14091,2020-09-12,West Ham,Newcastle,0,2,0.861445,1.65911
2020/21,14093,2020-09-13,Tottenham,Everton,0,1,0.822944,1.26793
2020/21,14092,2020-09-13,West Brom,Leicester,0,3,0.352997,2.95581
2020/21,14095,2020-09-14,Brighton,Chelsea,1,3,1.44281,1.27062
2020/21,14094,2020-09-14,Sheffield United,Wolves,0,2,0.949316,1.61307
2020/21,14099,2020-09-19,Arsenal,West Ham,2,1,1.32902,2.06377
2020/21,14096,2020-09-19,Everton,West Brom,5,2,4.16254,0.315347
2020/21,14097,2020-09-19,Leeds,Fulham,4,3,1.45254,1.55503
2020/21,14098,2020-09-19,Man United,Crystal Palace,1,3,1.09737,1.91456
2020/21,14102,2020-09-20,Chelsea,Liverpool,0,2,0.904183,2.25211
2020/21,14103,2020-09-20,Leicester,Burnley,4,2,0.987365,1.52404
2020/21,14101,2020-09-20,Newcastle,Brighton,0,3,0.520678,1.8766
2020/21,14100,2020-09-20,Southampton,Tottenham,2,5,2.27708,2.28004
2020/21,14104,2020-09-21,Aston Villa,Sheffield United,1,0,0.80527,0.849709
2020/21,14105,2020-09-21,Wolves,Man City,1,3,0.727677,2.07651
2020/21,14106,2020-09-26,Brighton,Man United,2,3,2.97659,1.57583
2020/21,14109,2020-09-26,Burnley,Southampton,0,1,0.347136,0.706632
2020/21,14107,2020-09-26,Crystal Palace,Everton,1,2,0.443115,2.27189
2020/21,14108,2020-09-26,West Brom,Chelsea,3,3,0.911185,2.36046
2020/21,14112,2020-09-27,Man City,Leicester,2,5,1.44633,2.86721
2020/21,14110,2020-09-27,Sheffield United,Leeds,0,1,1.53278,1.46641
2020/21,14111,2020-09-27,Tottenham,Newcastle,1,1,3.18765,0.942726
2020/21,14113,2020-09-27,West Ham,Wolves,4,0,3.05703,0.385152
2020/21,14114,2020-09-28,Fulham,Aston Villa,0,3,0.534675,2.03222
2020/21,14115,2020-09-28,Liverpool,Arsenal,3,1,2.73834,1.17817
2020/21,14467,2020-10-03,Chelsea,Crystal Palace,4,0,2.51433,0.103249
2020/21,14468,2020-10-03,Everton,Brighton,4,2,2.34034,1.16568
2020/21,14469,2020-10-03,Leeds,Man City,1,1,2.56662,1.41533
2020/21,14472,2020-10-03,Newcastle,Burnley,3,1,1.95629,0.438849
2020/21,14465,2020-10-04,Arsenal,Sheffield United,2,1,0.667131,0.144994
2020/21,14466,2020-10-04,Aston Villa,Liverpool,7,2,3.07626,1.65705
2020/21,14470,2020-10-04,Leicester,West Ham,0,3,0.456022,2.03227
2020/21,14471,2020-10-04,Man United,Tottenham,1,6,0.873435,3.3017
2020/21,14473,2020-10-04,Southampton,West Brom,2,0,0.949079,0.161283
2020/21,14474,2020-10-04,Wolves,Fulham,1,0,0.89359,0.969393
2020/21,14475,2020-10-17,Chelsea,Southampton,3,3,1.98708,1.42348
2020/21,14477,2020-10-17,Everton,Liverpool,2,2,1.35998,2.49492
2020/21,14480,2020-10-17,Man City,Arsenal,1,0,1.43023,0.838322
2020/21,14481,2020-10-17,Newcastle,Man United,1,4,0.867496,2.21729
2020/21,14476,2020-10-18,Crystal Palace,Brighton,1,1,0.761169,1.0935
2020/21,14479,2020-10-18,Leicester,Aston Villa,0,1,0.671595,0.873776
2020/21,14482,2020-10-18,Sheffield United,Fulham,1,1,1.66363,1.35611
2020/21,14483,2020-10-18,Tottenham,West Ham,3,3,1.77602,1.49992
2020/21,14478,2020-10-19,Leeds,Wolves,0,1,1.08332,0.618191
2020/21,14484,2020-10-19,West Brom,Burnley,0,0,0.731692,1.08532
2020/21,14486,2020-10-23,Aston Villa,Leeds,0,3,1.50125,2.37695
2020/21,14489,2020-10-24,Fulham,Crystal Palace,1,2,1.05258,2.81049
2020/21,14490,2020-10-24,Liverpool,Sheffield United,2,1,2.40286,1.39788
2020/21,14491,2020-10-24,Man United,Chelsea,0,0,0.648427,0.219906
2020/21,14493,2020-10-24,West Ham,Man City,1,1,0.263739,0.892456
2020/21,14485,2020-10-25,Arsenal,Leicester,0,1,0.73944,0.736172
2020/21,14492,2020-10-25,Southampton,Everton,2,0,0.74151,0.287054
2020/21,14494,2020-10-25,Wolves,Newcastle,1,1,0.758626,0.253685
2020/21,14487,2020-10-26,Brighton,West Brom,1,1,0.546807,0.295654
2020/21,14488,2020-10-26,Burnley,Tottenham,0,1,0.95045,0.797344
2020/21,14504,2020-10-30,Wolves,Crystal Palace,2,0,1.34895,0.802767
2020/21,14496,2020-10-31,Burnley,Chelsea,0,3,0.407341,1.23077
2020/21,14499,2020-10-31,Liverpool,West Ham,2,1,1.56302,0.269048
2020/21,14502,2020-10-31,Sheffield United,Man City,0,1,0.687544,1.89643
2020/21,14495,2020-11-01,Aston Villa,Southampton,3,4,2.44855,1.00333
2020/21,14500,2020-11-01,Man United,Arsenal,0,1,0.394113,0.998072
2020/21,14501,2020-11-01,Newcastle,Everton,2,1,2.6311,1.21805
2020/21,14503,2020-11-01,Tottenham,Brighton,2,1,1.97236,0.324457
2020/21,14497,2020-11-02,Fulham,West Brom,2,0,1.62247,0.482685
2020/21,14498,2020-11-02,Leeds,Leicester,1,4,1.74822,3.07657
2020/21,14506,2020-11-06,Brighton,Burnley,0,0,1.59022,0.326933
2020/21,14512,2020-11-06,Southampton,Newcastle,2,0,0.985828,0.175633
2020/21,14507,2020-11-07,Chelsea,Sheffield United,4,1,2.87622,0.743967
2020/21,14508,2020-11-07,Crystal Palace,Leeds,4,1,1.30169,0.847913
2020/21,14509,2020-11-07,Everton,Man United,1,3,0.376464,1.59642
2020/21,14514,2020-11-07,West Ham,Fulham,1,0,1.42614,1.84922
2020/21,14505,2020-11-08,Arsenal,Aston Villa,0,3,1.39037,1.98553
2020/21,14510,2020-11-08,Leicester,Wolves,1,0,2.0545,0.57936
2020/21,14511,2020-11-08,Man City,Liverpool,1,1,1.58487,1.18789
2020/21,14513,2020-11-08,West Brom,Tottenham,0,1,0.799352,1.87063
2020/21,14515,2020-11-21,Aston Villa,Brighton,1,2,1.76514,1.50038
2020/21,14520,2020-11-21,Man United,West Brom,1,0,2.42994,0.438646
2020/21,14521,2020-11-21,Newcastle,Chelsea,0,2,0.368286,1.81923
2020/21,14523,2020-11-21,Tottenham,Man City,2,0,0.761142,1.66325
2020/21,14517,2020-11-22,Fulham,Everton,2,3,1.87028,2.2508
2020/21,14518,2020-11-22,Leeds,Arsenal,0,0,1.9617,0.710778
2020/21,14519,2020-11-22,Liverpool,Leicester,3,0,3.77245,1.98397
2020/21,14522,2020-11-22,Sheffield United,West Ham,0,1,0.692374,2.1142
2020/21,14516,2020-11-23,Burnley,Crystal Palace,1,0,1.75343,1.28331
2020/21,14524,2020-11-23,Wolves,Southampton,1,1,1.57479,1.0785
2020/21,14530,2020-11-27,Crystal Palace,Newcastle,0,2,0.534893,1.27929
2020/21,14528,2020-11-28,Brighton,Liverpool,1,1,2.30722,0.28109
2020/21,14531,2020-11-28,Everton,Leeds,0,1,1.29229,3.11324
2020/21,14533,2020-11-28,Man City,Burnley,5,0,2.26129,0.419877
2020/21,14527,2020-11-28,West Brom,Sheffield United,1,0,1.71644,3.36544
2020/21,14525,2020-11-29,Arsenal,Wolves,1,2,1.1185,2.0069
2020/21,14529,2020-11-29,Chelsea,Tottenham,0,0,0.974755,0.22689
2020/21,14534,2020-11-29,Southampton,Man United,2,3,0.498783,2.47547
2020/21,14532,2020-11-30,Leicester,Fulham,1,2,1.27814,2.03719
2020/21,14526,2020-11-30,West Ham,Aston Villa,2,1,0.571633,2.39051
2020/21,14537,2020-12-05,Burnley,Everton,1,1,0.730434,2.28139
2020/21,14538,2020-12-05,Chelsea,Leeds,3,1,4.89472,1.0277
2020/21,14540,2020-12-05,Man City,Fulham,2,0,3.26328,0.287444
2020/21,14544,2020-12-05,West Ham,Man United,1,3,2.53006,1.78708
2020/21,14539,2020-12-06,Liverpool,Wolves,4,0,1.59454,0.357753
2020/21,14541,2020-12-06,Sheffield United,Leicester,1,2,0.290743,1.3904
2020/21,14542,2020-12-06,Tottenham,Arsenal,2,0,0.390629,0.595216
2020/21,14543,2020-12-06,West Brom,Crystal Palace,1,5,0.567234,1.68656
2020/21,14536,2020-12-07,Brighton,Southampton,1,2,2.03376,1.34801
2020/21,14548,2020-12-11,Leeds,West Ham,1,2,1.56644,1.7851
2020/21,14546,2020-12-12,Everton,Chelsea,1,0,1.2216,1.00627
2020/21,14549,2020-12-12,Man United,Man City,0,0,0.591617,1.28434
2020/21,14550,2020-12-12,Newcastle,West Brom,2,1,0.904163,0.57319
2020/21,14552,2020-12-12,Wolves,Aston Villa,0,1,1.1356,1.26872
2020/21,14554,2020-12-13,Arsenal,Burnley,0,1,1.85362,0.815375
2020/21,14545,2020-12-13,Crystal Palace,Tottenham,1,1,1.84443,1.40792
2020/21,14547,2020-12-13,Fulham,Liverpool,1,1,1.72509,1.82445
2020/21,14553,2020-12-13,Leicester,Brighton,3,0,1.64351,0.791673
2020/21,14551,2020-12-13,Southampton,Sheffield United,3,0,2.27973,0.219115
2020/21,14564,2020-12-15,Man City,West Brom,1,1,2.58593,0.210243
2020/21,14562,2020-12-15,Wolves,Chelsea,2,1,0.683783,1.56772
2020/21,14555,2020-12-16,Arsenal,Southampton,1,1,0.661135,1.11296
2020/21,14557,2020-12-16,Fulham,Brighton,0,0,1.00448,0.462456
2020/21,14558,2020-12-16,Leeds,Newcastle,5,2,2.95137,1.44437
2020/21,14559,2020-12-16,Leicester,Everton,0,2,0.83883,1.51486
2020/21,14563,2020-12-16,Liverpool,Tottenham,2,1,1.21783,1.5161
2020/21,14561,2020-12-16,West Ham,Crystal Palace,1,1,0.449469,1.09108
2020/21,14556,2020-12-17,Aston Villa,Burnley,0,0,1.81142,0.316737
2020/21,14560,2020-12-17,Sheffield United,Man United,2,3,1.23525,1.78667
2020/21,14568,2020-12-19,Crystal Palace,Liverpool,0,7,0.489318,2.86902
2020/21,14569,2020-12-19,Everton,Arsenal,2,1,0.661744,1.25206
2020/21,14571,2020-12-19,Newcastle,Fulham,1,1,1.26725,1.10645
2020/21,14572,2020-12-19,Southampton,Man City,0,1,0.586972,1.15599
2020/21,14565,2020-12-20,Brighton,Sheffield United,1,1,2.90097,1.03713
2020/21,14570,2020-12-20,Man United,Leeds,6,2,4.77743,1.63467
2020/21,14573,2020-12-20,Tottenham,Leicester,0,2,0.945932,1.74772
2020/21,14574,2020-12-20,West Brom,Aston Villa,0,3,0.0388442,2.61964
2020/21,14566,2020-12-21,Burnley,Wolves,2,1,1.20465,1.45722
2020/21,14567,2020-12-21,Chelsea,West Ham,3,0,2.41157,0.277737
2020/21,14575,2020-12-26,Arsenal,Chelsea,3,1,1.94485,2.25414
2020/21,14576,2020-12-26,Aston Villa,Crystal Palace,3,0,4.58214,0.849086
2020/21,14577,2020-12-26,Fulham,Southampton,0,0,0.781855,0.119709
2020/21,14579,2020-12-26,Leicester,Man United,2,2,1.0396,2.08423
2020/21,14581,2020-12-26,Man City,Newcastle,2,0,3.19575,0.200953
2020/21,14582,2020-12-26,Sheffield United,Everton,0,1,1.25106,0.568803
2020/21,14578,2020-12-27,Leeds,Burnley,1,0,2.13271,1.54591
2020/21,14580,2020-12-27,Liverpool,West Brom,1,1,1.45485,0.739845
2020/21,14583,2020-12-27,West Ham,Brighton,2,2,1.38877,1.50551
2020/21,14584,2020-12-27,Wolves,Tottenham,1,1,0.742598,0.408109
2020/21,14586,2020-12-28,Chelsea,Aston Villa,1,1,1.53701,0.730859
2020/21,14594,2020-12-28,Crystal Palace,Leicester,1,1,0.321348,1.72132
2020/21,14585,2020-12-29,Brighton,Arsenal,0,1,0.799368,1.31394
2020/21,14587,2020-12-29,Burnley,Sheffield United,1,0,0.973831,0.492578
2020/21,14592,2020-12-29,Man United,Wolves,1,0,1.48207,0.411046
2020/21,14588,2020-12-29,Southampton,West Ham,0,0,0.670996,1.07246
2020/21,14590,2020-12-29,West Brom,Leeds,0,5,0.43551,1.54225
2020/21,14591,2020-12-30,Newcastle,Liverpool,0,0,0.817935,1.32047
2020/21,14595,2021-01-01,Everton,West Ham,0,1,0.371045,1.19713
2020/21,14596,2021-01-01,Man United,Aston Villa,2,1,2.46473,1.56434
2020/21,14601,2021-01-02,Brighton,Wolves,3,3,2.4228,1.81856
2020/21,14604,2021-01-02,Crystal Palace,Sheffield United,2,0,0.598888,0.323158
2020/21,14599,2021-01-02,Tottenham,Leeds,3,0,2.5286,1.15626
2020/21,14600,2021-01-02,West Brom,Arsenal,0,4,0.869874,4.03429
2020/21,14603,2021-01-03,Chelsea,Man City,1,3,0.691013,3.18063
2020/21,14597,2021-01-03,Newcastle,Leicester,1,2,0.264584,0.702081
2020/21,14598,2021-01-04,Southampton,Liverpool,1,0,0.500436,1.37204
2020/21,14088,2021-01-12,Burnley,Man United,0,1,0.648582,1.23996
2020/21,14610,2021-01-12,Sheffield United,Newcastle,1,0,2.01315,1.04745
2020/21,14612,2021-01-12,Wolves,Everton,1,2,0.852495,0.323445
2020/21,14614,2021-01-13,Man City,Brighton,1,0,2.90855,0.177084
2020/21,14589,2021-01-13,Tottenham,Fulham,1,1,3.14372,1.05329
2020/21,14605,2021-01-14,Arsenal,Crystal Palace,0,0,0.368554,0.709634
2020/21,14617,2021-01-16,Fulham,Chelsea,0,1,0.46126,1.37939
2020/21,14618,2021-01-16,Leeds,Brighton,0,1,0.245193,1.14424
2020/21,14619,2021-01-16,Leicester,Southampton,2,0,2.12019,0.378147
2020/21,14623,2021-01-16,West Ham,Burnley,1,0,1.73397,0.395668
2020/21,14624,2021-01-16,Wolves,West Brom,2,3,1.94358,2.46332
2020/21,14620,2021-01-17,Liverpool,Man United,0,0,1.20205,1.18929
2020/21,14621,2021-01-17,Man City,Crystal Palace,4,0,0.961088,0.0515836
2020/21,14622,2021-01-17,Sheffield United,Tottenham,1,3,0.978133,1.28385
2020/21,14615,2021-01-18,Arsenal,Newcastle,3,0,2.30744,0.168796
2020/21,14609,2021-01-19,Leicester,Chelsea,2,0,1.1449,0.615727
2020/21,14611,2021-01-19,West Ham,West Brom,2,1,2.17512,0.464091
2020/21,14607,2021-01-20,Fulham,Man United,1,2,0.753669,1.68401
2020/21,14089,2021-01-20,Man City,Aston Villa,2,0,3.34385,0.601768
2020/21,14613,2021-01-21,Liverpool,Burnley,0,1,1.64907,1.08059
2020/21,14535,2021-01-23,Aston Villa,Newcastle,2,0,2.6026,0.400364
2020/21,14634,2021-01-26,Crystal Palace,West Ham,2,3,0.629033,3.30321
2020/21,14631,2021-01-26,Newcastle,Leeds,1,2,1.1364,0.785914
2020/21,14632,2021-01-26,Southampton,Arsenal,1,3,0.99504,2.4339
2020/21,14629,2021-01-26,West Brom,Man City,0,5,0.568258,2.24838
2020/21,14625,2021-01-27,Brighton,Fulham,0,0,2.29129,0.513226
2020/21,14626,2021-01-27,Burnley,Aston Villa,3,2,0.717681,2.70718
2020/21,14630,2021-01-27,Chelsea,Wolves,0,0,0.663324,0.63192
2020/21,14627,2021-01-27,Everton,Leicester,1,1,0.474981,0.792045
2020/21,14628,2021-01-27,Man United,Sheffield United,1,2,0.9931,0.689548
2020/21,14633,2021-01-28,Tottenham,Liverpool,1,3,0.104586,2.58798
2020/21,14635,2021-01-30,Arsenal,Man United,0,0,0.747166,1.51332
2020/21,14638,2021-01-30,Crystal Palace,Wolves,1,0,1.36877,0.450907
2020/21,14644,2021-01-30,Everton,Newcastle,0,2,0.966012,2.08832
2020/21,14642,2021-01-30,Man City,Sheffield United,1,0,1.53116,0.154537
2020/21,14641,2021-01-30,Southampton,Aston Villa,0,1,2.22557,0.795508
2020/21,14640,2021-01-30,West Brom,Fulham,2,2,0.994664,1.52044
2020/21,14636,2021-01-31,Brighton,Tottenham,1,0,1.77386,0.372524
2020/21,14637,2021-01-31,Chelsea,Burnley,2,0,1.4405,0.390714
2020/21,14643,2021-01-31,Leicester,Leeds,1,3,1.73432,1.8141
2020/21,14639,2021-01-31,West Ham,Liverpool,1,3,0.883061,2.05809
2020/21,14651,2021-02-02,Man United,Southampton,9,0,5.0325,0.507893
2020/21,14652,2021-02-02,Newcastle,Crystal Palace,1,2,1.90755,0.809312
2020/21,14649,2021-02-02,Sheffield United,West Brom,2,1,1.35804,1.61871
2020/21,14650,2021-02-02,Wolves,Arsenal,2,1,1.56162,0.716265
2020/21,14645,2021-02-03,Aston Villa,West Ham,1,3,0.741154,1.79064
2020/21,14646,2021-02-03,Burnley,Man City,0,2,0.0489155,2.12153
2020/21,14647,2021-02-03,Fulham,Leicester,0,2,0.731288,1.71299
2020/21,14648,2021-02-03,Leeds,Everton,1,2,1.14303,1.91539
2020/21,14654,2021-02-03,Liverpool,Brighton,0,1,1.09518,1.18977
2020/21,14653,2021-02-04,Tottenham,Chelsea,0,1,0.569446,2.393
2020/21,14655,2021-02-06,Aston Villa,Arsenal,1,0,1.19792,0.679649
2020/21,14656,2021-02-06,Burnley,Brighton,1,1,1.88934,0.612682
2020/21,14657,2021-02-06,Fulham,West Ham,0,0,1.60884,0.943539
2020/21,14660,2021-02-06,Man United,Everton,3,3,1.71769,1.5571
2020/21,14661,2021-02-06,Newcastle,Southampton,3,2,0.910553,1.43445
2020/21,14659,2021-02-07,Liverpool,Man City,1,4,1.17728,3.55196
2020/21,14662,2021-02-07,Sheffield United,Chelsea,1,2,0.623045,1.64144
2020/21,14663,2021-02-07,Tottenham,West Brom,2,0,1.92997,0.698686
2020/21,14664,2021-02-07,Wolves,Leicester,0,0,1.35506,0.632232
2020/21,14658,2021-02-08,Leeds,Crystal Palace,2,0,2.64769,0.370278
2020/21,14666,2021-02-13,Brighton,Aston Villa,0,0,2.33232,0.144036
2020/21,14668,2021-02-13,Crystal Palace,Burnley,0,3,0.645616,1.95502
2020/21,14670,2021-02-13,Leicester,Liverpool,3,1,2.07383,1.68325
2020/21,14671,2021-02-13,Man City,Tottenham,3,0,2.46219,0.4235
2020/21,14665,2021-02-14,Arsenal,Leeds,4,2,2.50614,0.77074
2020/21,14669,2021-02-14,Everton,Fulham,0,2,0.314075,2.55085
2020/21,14672,2021-02-14,Southampton,Wolves,1,2,0.8536,1.09361
2020/21,14673,2021-02-14,West Brom,Man United,1,1,0.945964,0.423885
2020/21,14667,2021-02-15,Chelsea,Newcastle,2,0,2.5428,0.432603
2020/21,14674,2021-02-15,West Ham,Sheffield United,3,0,2.32735,0.926652
2020/21,14602,2021-02-17,Burnley,Fulham,1,1,1.20642,0.594471
2020/21,14593,2021-02-17,Everton,Man City,1,3,1.04664,1.23218
2020/21,14684,2021-02-19,Wolves,Leeds,1,0,0.592049,2.4793
2020/21,14678,2021-02-20,Burnley,West Brom,0,0,0.535153,1.71922
2020/21,14679,2021-02-20,Fulham,Sheffield United,1,0,1.21006,0.977747
2020/21,14680,2021-02-20,Liverpool,Everton,0,2,1.54046,2.01468
2020/21,14682,2021-02-20,Southampton,Chelsea,1,1,0.496603,1.44849
2020/21,14675,2021-02-21,Arsenal,Man City,0,1,0.331188,2.08868
2020/21,14676,2021-02-21,Aston Villa,Leicester,1,2,1.7084,1.23852
2020/21,14681,2021-02-21,Man United,Newcastle,3,1,1.7256,0.341778
2020/21,14683,2021-02-21,West Ham,Tottenham,2,1,1.09246,0.770706
2020/21,14677,2021-02-22,Brighton,Crystal Palace,1,2,2.59204,0.179886
2020/21,14608,2021-02-23,Leeds,Southampton,3,0,1.84753,1.47981
2020/21,14691,2021-02-27,Leeds,Aston Villa,0,1,1.00106,0.876255
2020/21,14689,2021-02-27,Man City,West Ham,2,1,0.760574,1.92892
2020/21,14688,2021-02-27,Newcastle,Wolves,1,1,1.9519,1.27827
2020/21,14692,2021-02-27,West Brom,Brighton,1,0,0.687091,3.12111
2020/21,14685,2021-02-28,Chelsea,Man United,0,0,1.17294,0.35954
2020/21,14687,2021-02-28,Crystal Palace,Fulham,0,0,0.0880148,0.813134
2020/21,14690,2021-02-28,Leicester,Arsenal,1,3,0.533575,2.1065
2020/21,14694,2021-02-28,Sheffield United,Liverpool,0,2,0.777149,2.80551
2020/21,14693,2021-02-28,Tottenham,Burnley,4,0,2.35788,0.603212
2020/21,14686,2021-03-01,Everton,Southampton,1,0,1.42054,0.665743
2020/21,14720,2021-03-02,Man City,Wolves,4,1,3.26196,0.318824
2020/21,14716,2021-03-03,Burnley,Leicester,1,1,1.26793,1.24109
2020/21,14717,2021-03-03,Crystal Palace,Man United,0,0,0.742397,0.584016
2020/21,14721,2021-03-03,Sheffield United,Aston Villa,1,0,0.716254,1.44176
2020/21,14757,2021-03-04,Fulham,Tottenham,0,1,1.1715,1.5519
2020/21,14719,2021-03-04,Liverpool,Chelsea,0,1,0.247034,1.22635
2020/21,14723,2021-03-04,West Brom,Everton,0,1,1.02038,1.40789
2020/21,14695,2021-03-06,Aston Villa,Wolves,0,0,0.956392,2.15087
2020/21,14696,2021-03-06,Brighton,Leicester,1,2,0.75471,1.03801
2020/21,14697,2021-03-06,Burnley,Arsenal,1,1,1.10374,2.53692
2020/21,14701,2021-03-06,Sheffield United,Southampton,0,2,0.908155,2.37386
2020/21,14699,2021-03-07,Liverpool,Fulham,0,1,0.701764,1.37047
2020/21,14700,2021-03-07,Man City,Man United,0,2,1.27561,2.11411
2020/21,14702,2021-03-07,Tottenham,Crystal Palace,4,1,2.24159,0.559383
2020/21,14703,2021-03-07,West Brom,Newcastle,0,0,1.46503,0.454577
2020/21,14698,2021-03-08,Chelsea,Everton,2,0,2.57224,0.270757
2020/21,14704,2021-03-08,West Ham,Leeds,2,0,2.37556,1.34971
2020/21,14761,2021-03-10,Man City,Southampton,5,2,3.10503,1.60561
2020/21,14712,2021-03-12,Newcastle,Aston Villa,1,1,0.873171,0.748665
2020/21,14706,2021-03-13,Crystal Palace,West Brom,1,0,1.30694,0.513439
2020/21,14707,2021-03-13,Everton,Burnley,1,2,1.69849,0.74852
2020/21,14708,2021-03-13,Fulham,Man City,0,3,0.449499,2.72578
2020/21,14709,2021-03-13,Leeds,Chelsea,0,0,0.382957,0.971054
2020/21,14705,2021-03-14,Arsenal,Tottenham,2,1,1.56529,0.705566
2020/21,14710,2021-03-14,Leicester,Sheffield United,5,0,4.54571,0.0934777
2020/21,14711,2021-03-14,Man United,West Ham,1,0,1.70128,0.463737
2020/21,14713,2021-03-14,Southampton,Brighton,1,2,1.03495,0.895967
2020/21,14714,2021-03-15,Wolves,Liverpool,0,1,1.29175,1.0552
2020/21,14718,2021-03-19,Fulham,Leeds,1,2,1.47498,1.40706
2020/21,14715,2021-03-20,Brighton,Newcastle,3,0,0.951921,0.100945
2020/21,14606,2021-03-21,Aston Villa,Tottenham,0,2,0.439681,1.72011
2020/21,14724,2021-03-21,West Ham,Arsenal,3,3,2.50629,1.35217
2020/21,14725,2021-04-03,Arsenal,Liverpool,0,3,0.161161,2.43732
2020/21,14727,2021-04-03,Chelsea,West Brom,2,5,2.55917,1.38315
2020/21,14729,2021-04-03,Leeds,Sheffield United,2,1,2.50597,0.867652
2020/21,14730,2021-04-03,Leicester,Man City,0,2,0.284781,1.98438
2020/21,14726,2021-04-04,Aston Villa,Fulham,3,1,1.52229,1.52172
2020/21,14731,2021-04-04,Man United,Brighton,2,1,1.73474,1.41071
2020/21,14732,2021-04-04,Newcastle,Tottenham,2,2,3.30098,2.43683
2020/21,14733,2021-04-04,Southampton,Burnley,3,2,2.40272,1.50285
2020/21,14728,2021-04-05,Everton,Crystal Palace,1,1,2.53386,0.603749
2020/21,14734,2021-04-05,Wolves,West Ham,2,3,1.95649,1.59694
2020/21,14738,2021-04-09,Fulham,Wolves,0,1,0.733154,0.428134
2020/21,14737,2021-04-10,Crystal Palace,Chelsea,1,4,0.602167,3.85472
2020/21,14739,2021-04-10,Liverpool,Aston Villa,2,1,2.14592,0.760621
2020/21,14740,2021-04-10,Man City,Leeds,1,2,1.98825,0.17525
2020/21,14736,2021-04-11,Burnley,Newcastle,1,2,1.84262,1.34279
2020/21,14741,2021-04-11,Sheffield United,Arsenal,0,3,0.315121,1.93838
2020/21,14742,2021-04-11,Tottenham,Man United,1,3,0.921801,2.09737
2020/21,14744,2021-04-11,West Ham,Leicester,3,2,1.02408,1.17188
2020/21,14735,2021-04-12,Brighton,Everton,0,0,1.16465,0.306287
2020/21,14743,2021-04-12,West Brom,Southampton,3,0,2.77089,1.5002
2020/21,14748,2021-04-16,Everton,Tottenham,2,2,2.26022,1.4815
2020/21,14752,2021-04-17,Newcastle,West Ham,3,2,2.4314,2.06741
2020/21,14754,2021-04-17,Wolves,Sheffield United,1,0,1.22604,0.295925
2020/21,14745,2021-04-18,Arsenal,Fulham,1,1,2.85573,0.839128
2020/21,14751,2021-04-18,Man United,Burnley,3,1,2.87455,0.959804
2020/21,14749,2021-04-19,Leeds,Liverpool,1,1,2.59719,1.60043
2020/21,14747,2021-04-20,Chelsea,Brighton,0,0,0.807348,0.459568
2020/21,14746,2021-04-21,Aston Villa,Man City,1,2,0.801733,1.5634
2020/21,14722,2021-04-21,Tottenham,Southampton,2,1,1.28824,1.06134
2020/21,14750,2021-04-22,Leicester,West Brom,3,0,2.6712,0.277126
2020/21,14755,2021-04-23,Arsenal,Everton,0,1,0.735767,0.529676
2020/21,14760,2021-04-24,Liverpool,Newcastle,1,1,2.84708,0.860694
2020/21,14762,2021-04-24,Sheffield United,Brighton,1,0,0.786324,2.06038
2020/21,14763,2021-04-24,West Ham,Chelsea,0,1,0.267123,2.52059
2020/21,14756,2021-04-25,Aston Villa,West Brom,2,2,2.65394,1.56764
2020/21,14758,2021-04-25,Leeds,Man United,0,0,0.216834,1.11635
2020/21,14764,2021-04-25,Wolves,Burnley,0,4,0.351673,2.24049
2020/21,14759,2021-04-26,Leicester,Crystal Palace,2,1,1.23419,0.723112
2020/21,14772,2021-04-30,Southampton,Leicester,1,1,0.954057,2.51518
2020/21,14765,2021-05-01,Brighton,Leeds,2,0,2.52542,0.510874
2020/21,14767,2021-05-01,Chelsea,Fulham,2,0,1.8433,0.290042
2020/21,14768,2021-05-01,Crystal Palace,Man City,0,2,0.361866,2.04443
2020/21,14769,2021-05-01,Everton,Aston Villa,1,2,1.223,1.58811
2020/21,14771,2021-05-02,Newcastle,Arsenal,0,2,0.172988,1.78751
2020/21,14773,2021-05-02,Tottenham,Sheffield United,4,0,2.26016,0.469026
2020/21,14766,2021-05-03,Burnley,West Ham,1,2,1.68312,2.42477
2020/21,14774,2021-05-03,West Brom,Wolves,1,1,1.07133,0.844138
2020/21,14779,2021-05-07,Leicester,Newcastle,2,4,2.315,2.87261
2020/21,14778,2021-05-08,Leeds,Tottenham,3,1,2.55216,1.03384
2020/21,14780,2021-05-08,Liverpool,Southampton,2,0,2.26367,1.2289
2020/21,14781,2021-05-08,Man City,Chelsea,1,2,1.79168,0.619724
2020/21,14782,2021-05-08,Sheffield United,Crystal Palace,0,2,0.639325,2.25382
2020/21,14775,2021-05-09,Arsenal,West Brom,3,1,1.07042,1.83076
2020/21,14776,2021-05-09,Aston Villa,Man United,1,3,0.565472,1.88793
2020/21,14783,2021-05-09,West Ham,Everton,0,1,1.09704,1.56222
2020/21,14784,2021-05-09,Wolves,Brighton,2,1,1.1199,0.27571
2020/21,14777,2021-05-10,Fulham,Burnley,0,2,0.778074,1.65831
2020/21,14788,2021-05-11,Man United,Leicester,1,2,0.212874,0.991522
2020/21,14753,2021-05-11,Southampton,Crystal Palace,3,1,1.58872,1.32586
2020/21,14790,2021-05-12,Chelsea,Arsenal,0,1,1.56786,0.692043
2020/21,14616,2021-05-13,Aston Villa,Everton,0,0,0.558976,0.975408
2020/21,14770,2021-05-13,Man United,Liverpool,2,4,1.71328,2.938
2020/21,14791,2021-05-14,Newcastle,Man City,3,4,2.18312,1.477
2020/21,14785,2021-05-15,Brighton,West Ham,1,1,0.922587,1.92378
2020/21,14786,2021-05-15,Burnley,Leeds,0,4,1.41338,1.85654
2020/21,14792,2021-05-15,Southampton,Fulham,3,1,2.29146,0.875957
2020/21,14794,2021-05-16,Crystal Palace,Aston Villa,3,2,1.95285,1.2303
2020/21,14787,2021-05-16,Everton,Sheffield United,0,1,1.24609,1.391
2020/21,14793,2021-05-16,Tottenham,Wolves,2,0,3.13947,1.09206
2020/21,14789,2021-05-16,West Brom,Liverpool,1,2,1.14202,2.07854
2020/21,14795,2021-05-18,Brighton,Man City,3,2,1.22824,1.07139
2020/21,14797,2021-05-18,Chelsea,Leicester,2,1,2.86149,0.832596
2020/21,14800,2021-05-18,Man United,Fulham,1,1,0.92243,0.872643
2020/21,14802,2021-05-18,Southampton,Leeds,0,2,1.3084,1.58132
2020/21,14796,2021-05-19,Burnley,Liverpool,0,3,0.837048,2.73316
2020/21,14798,2021-05-19,Crystal Palace,Arsenal,1,3,0.998377,1.7945
2020/21,14799,2021-05-19,Everton,Wolves,1,0,0.670997,0.265526
2020/21,14801,2021-05-19,Newcastle,Sheffield United,1,0,1.82508,0.882242
2020/21,14803,2021-05-19,Tottenham,Aston Villa,1,2,0.89279,1.63669
2020/21,14804,2021-05-19,West Brom,West Ham,1,3,1.10741,3.56991
2020/21,14805,2021-05-23,Arsenal,Brighton,2,0,0.772904,0.193968
2020/21,14806,2021-05-23,Aston Villa,Chelsea,2,1,0.980413,3.43414
2020/21,14807,2021-05-23,Fulham,Newcastle,0,2,0.98902,1.60157
2020/21,14808,2021-05-23,Leeds,West Brom,3,1,2.49009,1.02209
2020/21,14809,2021-05-23,Leicester,Tottenham,2,4,1.82554,1.85229
2020/21,14810,2021-05-23,Liverpool,Crystal Palace,2,0,2.20348,0.772317
2020/21,14811,2021-05-23,Man City,Everton,5,0,2.88355,1.07258
2020/21,14812,2021-05-23,Sheffield United,Burnley,1,0,0.420006,0.558508
2020/21,14813,2021-05-23,West Ham,Southampton,3,0,1.98344,1.35179
2020/21,14814,2021-05-23,Wolves,Man United,1,2,0.701256,2.05229
2021/22,16376,2021-08-13,Brentford,Arsenal,2,0,1.88818,1.02385
2021/22,16378,2021-08-14,Burnley,Brighton,1,2,1.79548,1.6853
2021/22,16379,2021-08-14,Chelsea,Crystal Palace,3,0,1.18709,0.321701
2021/22,16380,2021-08-14,Everton,Southampton,3,1,2.38863,0.580601
2021/22,16381,2021-08-14,Leicester,Wolves,1,0,0.668082,1.32714
2021/22,16377,2021-08-14,Man United,Leeds,5,1,1.64248,0.568342
2021/22,16383,2021-08-14,Norwich,Liverpool,0,3,1.3333,1.78728
2021/22,16382,2021-08-14,Watford,Aston Villa,3,2,1.35036,1.13718
2021/22,16384,2021-08-15,Newcastle,West Ham,2,4,1.67926,3.00939
2021/22,16385,2021-08-15,Tottenham,Man City,1,0,1.06014,2.10585
2021/22,16388,2021-08-21,Aston Villa,Newcastle,2,0,1.18426,0.63163
2021/22,16391,2021-08-21,Brighton,Watford,2,0,1.77896,0.407224
2021/22,16389,2021-08-21,Crystal Palace,Brentford,0,0,0.606313,0.712439
2021/22,16390,2021-08-21,Leeds,Everton,2,2,0.966093,1.85713
2021/22,16386,2021-08-21,Liverpool,Burnley,2,0,2.63945,0.690464
2021/22,16387,2021-08-21,Man City,Norwich,5,0,2.43928,0.0250088
2021/22,16394,2021-08-22,Arsenal,Chelsea,0,2,0.630099,3.64132
2021/22,16392,2021-08-22,Southampton,Man United,1,1,0.587526,2.26173
2021/22,16393,2021-08-22,Wolves,Tottenham,0,1,1.51127,1.72636
2021/22,16395,2021-08-23,West Ham,Leicester,4,1,2.28613,0.62676
2021/22,16399,2021-08-28,Aston Villa,Brentford,1,1,0.431464,1.13312
2021/22,16400,2021-08-28,Brighton,Everton,0,2,0.701622,1.54868
2021/22,16402,2021-08-28,Liverpool,Chelsea,1,1,2.08462,0.573638
2021/22,16396,2021-08-28,Man City,Arsenal,5,0,4.47273,0.116805
2021/22,16397,2021-08-28,Newcastle,Southampton,2,2,1.19077,3.46036
2021/22,16398,2021-08-28,Norwich,Leicester,1,2,1.44084,1.27371
2021/22,16401,2021-08-28,West Ham,Crystal Palace,2,2,1.44748,1.67658
2021/22,16403,2021-08-29,Burnley,Leeds,1,1,1.71102,1.52078
2021/22,16404,2021-08-29,Tottenham,Watford,1,0,0.920963,0.596016
2021/22,16405,2021-08-29,Wolves,Man United,0,1,1.79575,0.944083
2021/22,16407,2021-09-11,Arsenal,Norwich,1,0,2.68515,0.577292
2021/22,16408,2021-09-11,Brentford,Brighton,0,1,0.729786,0.287902
2021/22,16413,2021-09-11,Chelsea,Aston Villa,3,0,1.22153,1.17349
2021/22,16406,2021-09-11,Crystal Palace,Tottenham,3,0,2.89372,0.0775646
2021/22,16409,2021-09-11,Leicester,Man City,0,1,0.8001,2.75058
2021/22,16410,2021-09-11,Man United,Newcastle,4,1,2.77326,0.622042
2021/22,16411,2021-09-11,Southampton,West Ham,0,0,0.692135,0.725407
2021/22,16412,2021-09-11,Watford,Wolves,0,2,0.185407,2.55922
2021/22,16414,2021-09-12,Leeds,Liverpool,0,3,0.652514,4.4016
2021/22,16415,2021-09-13,Everton,Burnley,3,1,1.80386,1.82061
2021/22,16416,2021-09-17,Newcastle,Leeds,1,1,1.17668,1.42995
2021/22,16422,2021-09-18,Aston Villa,Everton,3,0,0.777716,0.755035
2021/22,16419,2021-09-18,Burnley,Arsenal,0,1,0.775574,1.09928
2021/22,16420,2021-09-18,Liverpool,Crystal Palace,3,0,2.76793,0.644168
2021/22,16421,2021-09-18,Man City,Southampton,0,0,1.22451,0.490923
2021/22,16418,2021-09-18,Norwich,Watford,1,3,0.782665,2.42487
2021/22,16417,2021-09-18,Wolves,Brentford,0,2,1.02316,2.32741
2021/22,16423,2021-09-19,Brighton,Leicester,2,1,1.47438,1.25373
2021/22,16425,2021-09-19,Tottenham,Chelsea,0,3,0.70567,2.5869
2021/22,16424,2021-09-19,West Ham,Man United,1,2,1.6671,1.8954
2021/22,16432,2021-09-25,Brentford,Liverpool,3,3,2.94058,2.25736
2021/22,16426,2021-09-25,Chelsea,Man City,0,1,0.194202,1.69244
2021/22,16428,2021-09-25,Everton,Norwich,2,0,2.26681,0.800903
2021/22,16429,2021-09-25,Leeds,West Ham,1,2,1.1967,1.98962
2021/22,16430,2021-09-25,Leicester,Burnley,2,2,2.16233,0.428866
2021/22,16431,2021-09-25,Man United,Aston Villa,0,1,1.9251,1.57249
2021/22,16427,2021-09-25,Watford,Newcastle,1,1,0.904061,2.52338
2021/22,16434,2021-09-26,Arsenal,Tottenham,3,1,1.44499,0.980166
2021/22,16433,2021-09-26,Southampton,Wolves,0,1,0.909342,0.909833
2021/22,16435,2021-09-27,Crystal Palace,Brighton,1,1,1.36836,0.649566
2021/22,16436,2021-10-02,Brighton,Arsenal,0,0,1.11551,0.36431
2021/22,16437,2021-10-02,Burnley,Norwich,0,0,0.584725,0.673617
2021/22,16438,2021-10-02,Chelsea,Southampton,3,1,3.79243,1.52634
2021/22,16440,2021-10-02,Leeds,Watford,1,0,1.57388,0.192794
2021/22,16442,2021-10-02,Man United,Everton,1,1,1.0496,1.32211
2021/22,16445,2021-10-02,Wolves,Newcastle,2,1,1.15849,0.865217
2021/22,16439,2021-10-03,Crystal Palace,Leicester,2,2,1.1703,1.04322
2021/22,16441,2021-10-03,Liverpool,Man City,2,2,0.949368,1.04319
2021/22,16443,2021-10-03,Tottenham,Aston Villa,2,1,1.78187,1.07395
2021/22,16444,2021-10-03,West Ham,Brentford,1,2,1.37258,1.30098
2021/22,16447,2021-10-16,Aston Villa,Wolves,2,3,1.21276,2.19633
2021/22,16448,2021-10-16,Brentford,Chelsea,0,1,1.62169,0.248256
2021/22,16450,2021-10-16,Leicester,Man United,4,2,2.96611,1.02494
2021/22,16451,2021-10-16,Man City,Burnley,2,0,2.15712,1.07719
2021/22,16453,2021-10-16,Norwich,Brighton,0,0,1.16088,1.17572
2021/22,16454,2021-10-16,Southampton,Leeds,1,0,1.83082,0.446173
2021/22,16455,2021-10-16,Watford,Liverpool,0,5,0.302302,3.65553
2021/22,16449,2021-10-17,Everton,West Ham,0,1,0.854165,2.03034
2021/22,16452,2021-10-17,Newcastle,Tottenham,2,3,0.645658,1.55008
2021/22,16446,2021-10-18,Arsenal,Crystal Palace,2,2,1.7436,0.492239
2021/22,16456,2021-10-22,Arsenal,Aston Villa,3,1,3.4984,1.41088
2021/22,16458,2021-10-23,Brighton,Man City,1,4,1.1695,3.57376
2021/22,16459,2021-10-23,Chelsea,Norwich,7,0,3.10509,0.267429
2021/22,16460,2021-10-23,Crystal Palace,Newcastle,1,1,2.25588,0.721813
2021/22,16461,2021-10-23,Everton,Watford,2,5,1.84089,3.10344
2021/22,16462,2021-10-23,Leeds,Wolves,1,1,1.71313,0.858644
2021/22,16464,2021-10-23,Southampton,Burnley,2,2,1.42567,0.673195
2021/22,16457,2021-10-24,Brentford,Leicester,1,2,1.16789,1.00254
2021/22,16463,2021-10-24,Man United,Liverpool,0,5,1.35584,4.04765
2021/22,16465,2021-10-24,West Ham,Tottenham,1,0,1.73468,0.672198
2021/22,16467,2021-10-30,Burnley,Brentford,3,1,2.72901,0.834312
2021/22,16468,2021-10-30,Leicester,Arsenal,0,2,1.98801,1.10288
2021/22,16469,2021-10-30,Liverpool,Brighton,2,2,1.39778,1.51032
2021/22,16470,2021-10-30,Man City,Crystal Palace,0,2,0.65739,1.05029
2021/22,16471,2021-10-30,Newcastle,Chelsea,0,3,0.157616,2.16608
2021/22,16473,2021-10-30,Tottenham,Man United,0,3,1.15787,1.38612
2021/22,16474,2021-10-30,Watford,Southampton,0,1,0.852556,1.90757
2021/22,16466,2021-10-31,Aston Villa,West Ham,1,4,0.687551,2.66391
2021/22,16472,2021-10-31,Norwich,Leeds,1,2,0.661887,1.16855
2021/22,16475,2021-11-01,Wolves,Everton,2,1,1.69344,1.69767
2021/22,16484,2021-11-05,Southampton,Aston Villa,1,0,0.89818,0.536077
2021/22,16477,2021-11-06,Brentford,Norwich,1,2,2.79229,1.15797
2021/22,16478,2021-11-06,Brighton,Newcastle,1,1,1.43123,0.227321
2021/22,16479,2021-11-06,Chelsea,Burnley,1,1,3.00585,0.674072
2021/22,16480,2021-11-06,Crystal Palace,Wolves,2,0,2.65161,0.25416
2021/22,16483,2021-11-06,Man United,Man City,0,2,0.759561,2.04202
2021/22,16476,2021-11-07,Arsenal,Watford,1,0,1.49208,0.491659
2021/22,16481,2021-11-07,Everton,Tottenham,0,0,0.597906,0.801798
2021/22,16482,2021-11-07,Leeds,Leicester,1,1,1.96551,0.795292
2021/22,16485,2021-11-07,West Ham,Liverpool,3,2,1.25298,1.45641
2021/22,16486,2021-11-20,Aston Villa,Brighton,2,0,1.06946,0.582787
2021/22,16487,2021-11-20,Burnley,Crystal Palace,3,3,1.04224,1.74839
2021/22,16488,2021-11-20,Leicester,Chelsea,0,3,0.499504,2.57178
2021/22,16489,2021-11-20,Liverpool,Arsenal,4,0,3.97374,0.268025
2021/22,16491,2021-11-20,Newcastle,Brentford,3,3,2.18388,1.23275
2021/22,16492,2021-11-20,Norwich,Southampton,2,1,0.43778,1.13118
2021/22,16494,2021-11-20,Watford,Man United,4,1,2.73393,1.66794
2021/22,16495,2021-11-20,Wolves,West Ham,1,0,1.31903,0.436331
2021/22,16490,2021-11-21,Man City,Everton,3,0,2.61302,0.266894
2021/22,16493,2021-11-21,Tottenham,Leeds,2,1,2.31744,1.46689
2021/22,16496,2021-11-27,Arsenal,Newcastle,2,0,2.84493,0.185383
2021/22,16498,2021-11-27,Brighton,Leeds,0,0,1.90498,0.864829
2021/22,16501,2021-11-27,Crystal Palace,Aston Villa,1,2,0.962129,0.454305
2021/22,16503,2021-11-27,Liverpool,Southampton,4,0,3.07278,0.966132
2021/22,16505,2021-11-27,Norwich,Wolves,0,0,1.4047,0.297157
2021/22,16497,2021-11-28,Brentford,Everton,1,0,1.19813,0.968075
2021/22,16500,2021-11-28,Chelsea,Man United,1,1,2.34525,0.563367
2021/22,16502,2021-11-28,Leicester,Watford,4,2,2.16027,2.38383
2021/22,16504,2021-11-28,Man City,West Ham,2,1,2.72187,0.171763
2021/22,16508,2021-11-30,Leeds,Crystal Palace,1,0,1.9818,0.707328
2021/22,16513,2021-11-30,Newcastle,Norwich,1,1,1.15636,1.51084
2021/22,16506,2021-12-01,Aston Villa,Man City,1,2,0.772083,1.01897
2021/22,16507,2021-12-01,Everton,Liverpool,1,4,0.512263,2.86067
2021/22,16514,2021-12-01,Southampton,Leicester,2,2,1.91169,1.4401
2021/22,16509,2021-12-01,Watford,Chelsea,1,2,0.990877,0.908574
2021/22,16510,2021-12-01,West Ham,Brighton,1,1,1.14679,1.2607
2021/22,16511,2021-12-01,Wolves,Burnley,0,0,0.711691,0.195537
2021/22,16512,2021-12-02,Man United,Arsenal,3,2,1.85597,1.16638
2021/22,16515,2021-12-02,Tottenham,Brentford,2,0,2.07248,0.225492
2021/22,16520,2021-12-04,Newcastle,Burnley,1,0,1.70609,0.604599
2021/22,16521,2021-12-04,Southampton,Brighton,1,1,1.34236,1.4872
2021/22,16523,2021-12-04,Watford,Man City,1,3,0.675105,4.03223
2021/22,16524,2021-12-04,West Ham,Chelsea,3,2,2.0174,1.37049
2021/22,16525,2021-12-04,Wolves,Liverpool,0,1,0.095167,2.42332
2021/22,16516,2021-12-05,Aston Villa,Leicester,2,1,1.84818,0.982614
2021/22,16518,2021-12-05,Leeds,Brentford,2,2,1.41896,1.19959
2021/22,16519,2021-12-05,Man United,Crystal Palace,1,0,0.870376,0.520593
2021/22,16522,2021-12-05,Tottenham,Norwich,3,0,2.00668,1.06562
2021/22,16517,2021-12-06,Everton,Arsenal,2,1,1.06108,1.05723
2021/22,16527,2021-12-10,Brentford,Watford,2,1,1.82799,0.561554
2021/22,16526,2021-12-11,Arsenal,Southampton,3,0,2.08429,0.502215
2021/22,16530,2021-12-11,Chelsea,Leeds,3,2,2.74844,1.72934
2021/22,16533,2021-12-11,Liverpool,Aston Villa,1,0,2.71181,0.140573
2021/22,16534,2021-12-11,Man City,Wolves,1,0,2.99915,0.0762839
2021/22,16535,2021-12-11,Norwich,Man United,0,1,0.986107,2.09817
2021/22,16529,2021-12-12,Burnley,West Ham,0,0,0.54801,0.998813
2021/22,16531,2021-12-12,Crystal Palace,Everton,3,1,2.09864,1.27556
2021/22,16532,2021-12-12,Leicester,Newcastle,4,0,2.05771,0.511934
2021/22,16545,2021-12-14,Man City,Leeds,7,0,3.31349,0.227498
2021/22,16541,2021-12-14,Norwich,Aston Villa,0,2,0.502647,1.96261
2021/22,16536,2021-12-15,Arsenal,West Ham,2,0,2.81482,0.338855
2021/22,16538,2021-12-15,Brighton,Wolves,0,1,1.20118,1.11736
2021/22,16542,2021-12-15,Crystal Palace,Southampton,2,2,1.49244,0.625183
2021/22,16543,2021-12-16,Chelsea,Everton,1,1,3.20239,0.627528
2021/22,16544,2021-12-16,Liverpool,Newcastle,3,1,2.93912,0.2064
2021/22,16548,2021-12-18,Leeds,Arsenal,1,4,1.31408,3.69008
2021/22,16550,2021-12-19,Newcastle,Man City,0,4,0.174208,3.64686
2021/22,16552,2021-12-19,Tottenham,Liverpool,2,2,2.79777,1.54944
2021/22,16555,2021-12-19,Wolves,Chelsea,0,0,0.321371,0.793952
2021/22,16556,2021-12-26,Aston Villa,Chelsea,1,3,0.474029,2.8285
2021/22,16557,2021-12-26,Brighton,Brentford,2,0,0.943363,1.10342
2021/22,16560,2021-12-26,Man City,Leicester,6,3,3.82869,2.43425
2021/22,16562,2021-12-26,Norwich,Arsenal,0,5,0.154212,2.87539
2021/22,16563,2021-12-26,Tottenham,Crystal Palace,3,0,2.82148,0.178324
2021/22,16564,2021-12-26,West Ham,Southampton,2,3,1.53745,1.35643
2021/22,16561,2021-12-27,Newcastle,Man United,1,1,1.26586,1.75587
2021/22,16570,2021-12-28,Crystal Palace,Norwich,3,0,2.38978,0.594134
2021/22,16573,2021-12-28,Leicester,Liverpool,1,0,0.615892,2.72682
2021/22,16575,2021-12-28,Southampton,Tottenham,1,1,0.353043,2.80917
2021/22,16569,2021-12-28,Watford,West Ham,1,4,1.0143,2.84084
2021/22,16567,2021-12-29,Brentford,Man City,0,1,0.238829,1.01763
2021/22,16568,2021-12-29,Chelsea,Brighton,1,1,0.763458,0.78663
2021/22,16574,2021-12-30,Man United,Burnley,3,1,1.80776,0.871738
2021/22,16576,2022-01-01,Arsenal,Man City,1,2,0.836949,1.94623
2021/22,16579,2022-01-01,Crystal Palace,West Ham,2,3,2.69204,2.23146
2021/22,16585,2022-01-01,Watford,Tottenham,0,1,0.303514,1.93752
2021/22,16577,2022-01-02,Brentford,Aston Villa,2,1,0.501329,1.13821
2021/22,16578,2022-01-02,Chelsea,Liverpool,2,2,1.389,1.78897
2021/22,16580,2022-01-02,Everton,Brighton,2,3,1.82698,1.48397
2021/22,16581,2022-01-02,Leeds,Burnley,3,1,2.04186,0.960493
2021/22,16583,2022-01-03,Man United,Wolves,0,1,0.768752,0.840925
2021/22,16551,2022-01-11,Southampton,Brentford,4,1,1.59306,0.621466
2021/22,16554,2022-01-12,West Ham,Norwich,2,0,2.89217,0.343347
2021/22,16587,2022-01-14,Brighton,Crystal Palace,1,1,2.18053,0.509681
2021/22,16586,2022-01-15,Aston Villa,Man United,2,2,1.82784,1.35378
2021/22,16590,2022-01-15,Man City,Chelsea,1,0,0.901703,0.613757
2021/22,16591,2022-01-15,Newcastle,Watford,1,1,1.03855,1.49623
2021/22,16592,2022-01-15,Norwich,Everton,2,1,1.00153,0.541027
2021/22,16595,2022-01-15,Wolves,Southampton,3,1,2.29917,0.91728
2021/22,16589,2022-01-16,Liverpool,Brentford,3,0,3.49099,0.376656
2021/22,16594,2022-01-16,West Ham,Leeds,2,3,2.3549,2.26884
2021/22,16607,2022-01-18,Brighton,Chelsea,1,1,0.747557,0.572994
2021/22,16537,2022-01-19,Brentford,Man United,1,3,2.081,2.05969
2021/22,16540,2022-01-19,Leicester,Tottenham,2,3,1.95031,4.24711
2021/22,16605,2022-01-21,Watford,Norwich,0,3,1.30606,0.925212
2021/22,16597,2022-01-22,Brentford,Wolves,1,2,0.742573,0.218211
2021/22,16600,2022-01-22,Everton,Aston Villa,0,1,1.2384,0.860245
2021/22,16601,2022-01-22,Leeds,Newcastle,0,1,1.12992,1.15904
2021/22,16603,2022-01-22,Man United,West Ham,1,0,1.75857,0.238027
2021/22,16604,2022-01-22,Southampton,Man City,1,1,1.00222,1.62907
2021/22,16596,2022-01-23,Arsenal,Burnley,0,0,1.35507,0.388963
2021/22,16598,2022-01-23,Chelsea,Tottenham,2,0,1.04212,0.328818
2021/22,16599,2022-01-23,Crystal Palace,Liverpool,1,3,1.62615,1.49697
2021/22,16602,2022-01-23,Leicester,Brighton,1,1,1.70979,1.19738
2021/22,16539,2022-02-05,Burnley,Watford,0,0,0.765905,0.933965
2021/22,16608,2022-02-08,Burnley,Man United,1,1,0.772721,1.83387
2021/22,16612,2022-02-08,Newcastle,Everton,3,1,2.68732,0.823607
2021/22,16610,2022-02-08,West Ham,Watford,1,0,0.905143,0.335474
2021/22,16606,2022-02-09,Aston Villa,Leeds,3,3,1.5013,2.52914
2021/22,16615,2022-02-09,Man City,Brentford,2,0,1.98246,0.461305
2021/22,16609,2022-02-09,Norwich,Crystal Palace,1,1,0.296411,1.22883
2021/22,16613,2022-02-09,Tottenham,Southampton,2,3,1.74286,1.73293
2021/22,16614,2022-02-10,Liverpool,Leicester,2,0,2.72997,0.544954
2021/22,16611,2022-02-10,Wolves,Arsenal,0,1,0.641359,1.45247
2021/22,16616,2022-02-12,Brentford,Crystal Palace,0,0,1.97576,0.49802
2021/22,16619,2022-02-12,Everton,Leeds,3,0,2.58561,0.242668
2021/22,16621,2022-02-12,Man United,Southampton,1,1,2.99207,0.677386
2021/22,16623,2022-02-12,Norwich,Man City,0,4,0.356755,4.44653
2021/22,16625,2022-02-12,Watford,Brighton,0,2,0.532979,1.80456
2021/22,16617,2022-02-13,Burnley,Liverpool,0,1,1.16081,1.95722
2021/22,16620,2022-02-13,Leicester,West Ham,2,2,1.40693,0.745068
2021/22,16622,2022-02-13,Newcastle,Aston Villa,1,0,0.527571,0.455206
2021/22,16624,2022-02-13,Tottenham,Wolves,0,2,0.838197,1.87026
2021/22,16549,2022-02-15,Man United,Brighton,2,0,2.74936,1.26179
2021/22,16626,2022-02-19,Arsenal,Brentford,2,1,1.52247,0.640726
2021/22,16627,2022-02-19,Aston Villa,Watford,0,1,1.0267,1.82051
2021/22,16628,2022-02-19,Brighton,Burnley,0,3,0.44587,0.821228
2021/22,16629,2022-02-19,Crystal Palace,Chelsea,0,1,0.624023,1.12339
2021/22,16631,2022-02-19,Liverpool,Norwich,3,1,3.15449,0.66975
2021/22,16632,2022-02-19,Man City,Tottenham,2,3,2.31773,2.00235
2021/22,16633,2022-02-19,Southampton,Everton,2,0,2.72851,0.19991
2021/22,16634,2022-02-19,West Ham,Newcastle,1,1,0.847948,0.932574
2021/22,16630,2022-02-20,Leeds,Man United,2,4,1.74476,2.60999
2021/22,16635,2022-02-20,Wolves,Leicester,2,1,0.472777,1.55048
2021/22,16499,2022-02-23,Burnley,Tottenham,1,0,1.55576,0.691655
2021/22,16559,2022-02-23,Liverpool,Leeds,6,0,5.3303,0.141547
2021/22,16553,2022-02-23,Watford,Crystal Palace,1,4,1.71917,0.818403
2021/22,16566,2022-02-24,Arsenal,Wolves,2,1,2.50961,1.10934
2021/22,16644,2022-02-25,Southampton,Norwich,2,0,3.08863,0.424877
2021/22,16637,2022-02-26,Brentford,Newcastle,0,2,0.494232,2.25373
2021/22,16638,2022-02-26,Brighton,Aston Villa,0,2,0.627107,1.3027
2021/22,16640,2022-02-26,Crystal Palace,Burnley,1,1,1.03765,0.255988
2021/22,16641,2022-02-26,Everton,Man City,0,1,0.770819,1.93422
2021/22,16642,2022-02-26,Leeds,Tottenham,0,4,1.89569,2.47025
2021/22,16643,2022-02-26,Man United,Watford,0,0,2.41457,0.437185
2021/22,16645,2022-02-27,West Ham,Wolves,1,0,1.62241,0.892018
2021/22,16588,2022-03-01,Burnley,Leicester,0,2,1.04214,1.79558
2021/22,16646,2022-03-05,Aston Villa,Southampton,4,0,2.85379,1.32947
2021/22,16647,2022-03-05,Burnley,Chelsea,0,4,0.849232,2.2868
2021/22,16648,2022-03-05,Leicester,Leeds,1,0,0.359129,2.14389
2021/22,16649,2022-03-05,Liverpool,West Ham,1,0,2.18865,1.33829
2021/22,16651,2022-03-05,Newcastle,Brighton,2,1,1.58028,1.64995
2021/22,16652,2022-03-05,Norwich,Brentford,1,3,0.77334,2.22064
2021/22,16655,2022-03-05,Wolves,Crystal Palace,0,2,0.710865,2.53759
2021/22,16650,2022-03-06,Man City,Man United,4,1,2.74434,0.361782
2021/22,16654,2022-03-06,Watford,Arsenal,2,3,1.29603,1.00457
2021/22,16653,2022-03-07,Tottenham,Everton,5,0,3.24279,0.208263
2021/22,16572,2022-03-10,Leeds,Aston Villa,0,3,0.194028,1.2729
2021/22,16672,2022-03-10,Norwich,Chelsea,1,3,0.965723,2.1308
2021/22,16584,2022-03-10,Southampton,Newcastle,1,2,1.79835,0.812233
2021/22,16565,2022-03-10,Wolves,Watford,4,0,1.55037,0.498696
2021/22,16657,2022-03-12,Brentford,Burnley,2,0,1.82002,0.825311
2021/22,16658,2022-03-12,Brighton,Liverpool,0,2,0.629316,2.48312
2021/22,16663,2022-03-12,Man United,Tottenham,3,2,1.0181,1.62374
2021/22,16656,2022-03-13,Arsenal,Leicester,2,0,2.93665,0.54911
2021/22,16659,2022-03-13,Chelsea,Newcastle,1,0,1.07072,0.246037
2021/22,16661,2022-03-13,Everton,Wolves,0,1,0.397268,0.712135
2021/22,16662,2022-03-13,Leeds,Norwich,2,1,3.11755,1.40148
2021/22,16664,2022-03-13,Southampton,Watford,1,2,1.25696,1.29385
2021/22,16665,2022-03-13,West Ham,Aston Villa,2,1,1.58468,1.05391
2021/22,16660,2022-03-14,Crystal Palace,Man City,0,0,0.474002,2.04021
2021/22,16636,2022-03-16,Arsenal,Liverpool,0,2,0.534265,1.27681
2021/22,16528,2022-03-16,Brighton,Tottenham,0,2,1.04171,2.05196
2021/22,16571,2022-03-17,Everton,Newcastle,1,0,0.708809,0.75803
2021/22,16675,2022-03-18,Wolves,Leeds,2,3,1.24075,2.82103
2021/22,16666,2022-03-19,Aston Villa,Arsenal,0,1,0.309375,1.14522
2021/22,16668,2022-03-20,Leicester,Brentford,2,1,1.27865,1.72466
2021/22,16673,2022-03-20,Tottenham,West Ham,3,1,2.54795,0.644964
2021/22,16685,2022-04-02,Brighton,Norwich,0,0,2.38297,0.494112
2021/22,16684,2022-04-02,Burnley,Man City,0,2,0.0591223,1.62008
2021/22,16683,2022-04-02,Chelsea,Brentford,1,4,1.29014,2.43422
2021/22,16681,2022-04-02,Leeds,Southampton,1,1,1.50715,2.06387
2021/22,16680,2022-04-02,Liverpool,Watford,2,0,2.23651,0.753307
2021/22,16679,2022-04-02,Man United,Leicester,1,1,0.902127,1.07638
2021/22,16676,2022-04-02,Wolves,Aston Villa,2,1,1.62151,1.91256
2021/22,16678,2022-04-03,Tottenham,Newcastle,5,1,3.6081,0.538152
2021/22,16677,2022-04-03,West Ham,Everton,2,1,1.49657,0.657846
2021/22,16682,2022-04-04,Crystal Palace,Arsenal,3,0,1.39707,1.05199
2021/22,16558,2022-04-06,Burnley,Everton,3,2,2.24439,2.31574
2021/22,16689,2022-04-08,Newcastle,Wolves,1,0,1.43878,0.306867
2021/22,16695,2022-04-09,Arsenal,Brighton,1,2,2.35153,0.596106
2021/22,16694,2022-04-09,Aston Villa,Tottenham,0,4,1.48712,0.983601
2021/22,16692,2022-04-09,Everton,Man United,1,0,0.357295,0.762357
2021/22,16687,2022-04-09,Southampton,Chelsea,0,6,0.564726,4.39683
2021/22,16686,2022-04-09,Watford,Leeds,0,3,1.07422,0.895612
2021/22,16693,2022-04-10,Brentford,West Ham,2,0,1.85534,0.244824
2021/22,16691,2022-04-10,Leicester,Crystal Palace,2,1,0.879235,1.52767
2021/22,16690,2022-04-10,Man City,Liverpool,2,2,1.34647,1.29983
2021/22,16688,2022-04-10,Norwich,Burnley,2,0,1.6723,1.44652
2021/22,16702,2022-04-16,Man United,Norwich,3,2,1.66737,1.79754
2021/22,16700,2022-04-16,Southampton,Arsenal,1,0,1.04007,1.35002
2021/22,16699,2022-04-16,Tottenham,Brighton,0,1,0.58624,0.711155
2021/22,16698,2022-04-16,Watford,Brentford,1,2,1.50381,2.12457
2021/22,16701,2022-04-17,Newcastle,Leicester,2,1,2.54294,0.541084
2021/22,16697,2022-04-17,West Ham,Burnley,1,1,2.79175,1.88137
2021/22,16669,2022-04-19,Liverpool,Man United,4,0,2.25967,0.110227
2021/22,16618,2022-04-20,Chelsea,Arsenal,2,4,0.593801,1.87331
2021/22,16547,2022-04-20,Everton,Leicester,1,1,1.68819,0.786333
2021/22,16670,2022-04-20,Man City,Brighton,3,0,1.52844,0.117354
2021/22,16671,2022-04-20,Newcastle,Crystal Palace,1,0,0.767855,0.432788
2021/22,16667,2022-04-21,Burnley,Southampton,2,0,2.14743,1.31837
2021/22,16715,2022-04-23,Arsenal,Man United,3,1,2.54173,2.04244
2021/22,16714,2022-04-23,Brentford,Tottenham,0,0,1.3153,0.517755
2021/22,16709,2022-04-23,Leicester,Aston Villa,0,0,0.235635,0.593202
2021/22,16707,2022-04-23,Man City,Watford,5,1,3.68,0.42632
2021/22,16706,2022-04-23,Norwich,Newcastle,0,3,0.657661,1.87558
2021/22,16713,2022-04-24,Brighton,Southampton,2,2,1.87343,0.926764
2021/22,16712,2022-04-24,Burnley,Wolves,1,0,1.27298,0.592902
2021/22,16711,2022-04-24,Chelsea,West Ham,1,0,2.34959,0.388975
2021/22,16708,2022-04-24,Liverpool,Everton,2,0,1.70397,0.424961
2021/22,16710,2022-04-25,Crystal Palace,Leeds,0,0,1.61656,0.374044
2021/22,16742,2022-04-28,Man United,Chelsea,1,1,0.618456,2.46868
2021/22,16725,2022-04-30,Aston Villa,Norwich,2,0,2.31192,0.352212
2021/22,16723,2022-04-30,Leeds,Man City,0,4,1.03608,3.01431
2021/22,16721,2022-04-30,Newcastle,Liverpool,0,1,0.115353,2.73435
2021/22,16720,2022-04-30,Southampton,Crystal Palace,1,2,0.650256,0.756217
2021/22,16718,2022-04-30,Watford,Burnley,1,2,0.785742,1.37022
2021/22,16716,2022-04-30,Wolves,Brighton,0,3,0.525912,2.90679
2021/22,16724,2022-05-01,Everton,Chelsea,1,0,1.11712,1.21141
2021/22,16719,2022-05-01,Tottenham,Leicester,3,1,1.65338,0.274133
2021/22,16717,2022-05-01,West Ham,Arsenal,1,2,0.451976,0.964564
2021/22,16722,2022-05-02,Man United,Brentford,3,0,1.84111,0.681425
2021/22,16734,2022-05-07,Brentford,Southampton,3,0,3.68223,0.988574
2021/22,16733,2022-05-07,Brighton,Man United,4,0,2.82636,0.930715
2021/22,16732,2022-05-07,Burnley,Aston Villa,1,3,1.31028,1.81256
2021/22,16731,2022-05-07,Chelsea,Wolves,2,2,1.82098,1.6842
2021/22,16730,2022-05-07,Crystal Palace,Watford,1,0,2.49142,0.255373
2021/22,16728,2022-05-07,Liverpool,Tottenham,1,1,1.0481,0.982635
2021/22,16735,2022-05-08,Arsenal,Leeds,2,1,2.7227,0.696785
2021/22,16729,2022-05-08,Leicester,Everton,1,2,1.47479,1.55635
2021/22,16727,2022-05-08,Man City,Newcastle,5,0,4.05613,0.995099
2021/22,16726,2022-05-08,Norwich,West Ham,0,4,0.77895,3.25894
2021/22,16705,2022-05-10,Aston Villa,Liverpool,1,2,1.44726,1.75417
2021/22,16703,2022-05-11,Leeds,Chelsea,0,3,0.499789,1.46853
2021/22,16582,2022-05-11,Leicester,Norwich,3,0,2.57058,1.21966
2021/22,16674,2022-05-11,Watford,Everton,0,0,0.232236,0.812193
2021/22,16696,2022-05-11,Wolves,Man City,1,5,0.411857,3.39304
2021/22,16593,2022-05-12,Tottenham,Arsenal,3,0,3.42522,0.387446
2021/22,16745,2022-05-15,Aston Villa,Crystal Palace,1,1,0.799443,1.39009
2021/22,16744,2022-05-15,Everton,Brentford,2,3,2.69589,1.81626
2021/22,16743,2022-05-15,Leeds,Brighton,1,1,2.22282,2.25898
2021/22,16739,2022-05-15,Tottenham,Burnley,1,0,2.39449,0.629888
2021/22,16738,2022-05-15,Watford,Leicester,1,5,2.58968,2.27297
2021/22,16737,2022-05-15,West Ham,Man City,2,2,1.0088,2.14723
2021/22,16736,2022-05-15,Wolves,Norwich,1,1,0.999066,1.53212
2021/22,16741,2022-05-16,Newcastle,Arsenal,2,0,1.68299,0.492454
2021/22,16740,2022-05-17,Southampton,Liverpool,1,2,0.121506,1.19178
2021/22,16546,2022-05-19,Aston Villa,Burnley,1,1,0.996403,1.63117
2021/22,16639,2022-05-19,Chelsea,Leicester,1,1,1.61996,0.0417972
2021/22,16704,2022-05-19,Everton,Crystal Palace,3,2,0.813157,1.6023
2021/22,16746,2022-05-22,Arsenal,Everton,5,1,4.35597,1.08601
2021/22,16747,2022-05-22,Brentford,Leeds,1,2,0.844985,1.47786
2021/22,16748,2022-05-22,Brighton,West Ham,3,1,1.67774,0.268845
2021/22,16749,2022-05-22,Burnley,Newcastle,1,2,1.49164,1.74291
2021/22,16750,2022-05-22,Chelsea,Watford,2,1,2.59231,0.575755
2021/22,16751,2022-05-22,Crystal Palace,Man United,1,0,0.354618,0.782005
2021/22,16752,2022-05-22,Leicester,Southampton,4,1,3.42058,1.05141
2021/22,16753,2022-05-22,Liverpool,Wolves,3,1,3.19385,1.11708
2021/22,16754,2022-05-22,Man City,Aston Villa,3,2,3.3209,0.247841
2021/22,16755,2022-05-22,Norwich,Tottenham,0,5,0.310789,3.815
2022/23,18202,2022-08-05,Crystal Palace,Arsenal,0,2,1.20637,1.43601
2022/23,18204,2022-08-06,Bournemouth,Aston Villa,2,0,0.588341,0.488895
2022/23,18208,2022-08-06,Everton,Chelsea,0,1,0.541983,1.92315
2022/23,18203,2022-08-06,Fulham,Liverpool,2,2,1.26822,2.34111
2022/23,18205,2022-08-06,Leeds,Wolves,2,1,0.88917,1.10119
2022/23,18206,2022-08-06,Newcastle,Nott'm Forest,2,0,1.8591,0.235825
2022/23,18207,2022-08-06,Tottenham,Southampton,4,1,1.6172,0.386546
2022/23,18210,2022-08-07,Leicester,Brentford,2,2,0.455695,0.931067
2022/23,18209,2022-08-07,Man United,Brighton,1,2,1.42103,1.7289
2022/23,18211,2022-08-07,West Ham,Man City,0,2,0.246188,2.58739
2022/23,18217,2022-08-13,Arsenal,Leicester,4,2,3.0107,0.690679
2022/23,18212,2022-08-13,Aston Villa,Everton,2,1,2.66696,1.37507
2022/23,18218,2022-08-13,Brentford,Man United,4,0,1.38785,0.896038
2022/23,18213,2022-08-13,Brighton,Newcastle,0,0,1.60835,0.183952
2022/23,18214,2022-08-13,Man City,Bournemouth,4,0,1.69064,0.123946
2022/23,18215,2022-08-13,Southampton,Leeds,2,2,1.40906,1.99694
2022/23,18216,2022-08-13,Wolves,Fulham,0,0,0.975375,1.08813
2022/23,18220,2022-08-14,Chelsea,Tottenham,2,2,1.83945,1.58708
2022/23,18219,2022-08-14,Nott'm Forest,West Ham,1,0,1.9717,2.08634
2022/23,18221,2022-08-15,Liverpool,Crystal Palace,1,1,2.23596,1.64468
2022/23,18227,2022-08-20,Bournemouth,Arsenal,0,3,0.211335,1.71081
2022/23,18223,2022-08-20,Crystal Palace,Aston Villa,3,1,2.91137,0.803828
2022/23,18224,2022-08-20,Everton,Nott'm Forest,1,1,1.43408,0.918315
2022/23,18225,2022-08-20,Fulham,Brentford,3,2,2.89934,1.59352
2022/23,18226,2022-08-20,Leicester,Southampton,1,2,0.242948,1.24155
2022/23,18222,2022-08-20,Tottenham,Wolves,1,0,1.46608,0.686123
2022/23,18228,2022-08-21,Leeds,Chelsea,3,0,2.20971,0.692492
2022/23,18230,2022-08-21,Newcastle,Man City,3,3,2.2127,3.67382
2022/23,18229,2022-08-21,West Ham,Brighton,0,2,0.768634,1.82645
2022/23,18231,2022-08-22,Man United,Liverpool,2,1,2.01764,1.52301
2022/23,18238,2022-08-27,Arsenal,Fulham,2,1,2.47427,0.926007
2022/23,18233,2022-08-27,Brentford,Everton,1,1,2.28391,1.65465
2022/23,18234,2022-08-27,Brighton,Leeds,1,0,1.60986,1.14874
2022/23,18235,2022-08-27,Chelsea,Leicester,2,1,1.74916,1.96023
2022/23,18236,2022-08-27,Liverpool,Bournemouth,9,0,4.86035,0.180991
2022/23,18237,2022-08-27,Man City,Crystal Palace,4,2,2.3853,0.091976
2022/23,18232,2022-08-27,Southampton,Man United,0,1,1.35887,1.34359
2022/23,18239,2022-08-28,Aston Villa,West Ham,0,1,0.304555,0.334589
2022/23,18241,2022-08-28,Nott'm Forest,Tottenham,0,2,0.801369,2.44473
2022/23,18240,2022-08-28,Wolves,Newcastle,1,1,1.13248,1.93362
2022/23,18243,2022-08-30,Crystal Palace,Brentford,1,1,0.777363,1.61808
2022/23,18242,2022-08-30,Fulham,Brighton,2,1,1.07093,1.75359
2022/23,18245,2022-08-30,Leeds,Everton,1,1,1.04551,1.17189
2022/23,18244,2022-08-30,Southampton,Chelsea,2,1,1.44086,1.5047
2022/23,18247,2022-08-31,Arsenal,Aston Villa,2,1,2.79971,0.297168
2022/23,18248,2022-08-31,Bournemouth,Wolves,0,0,0.362035,1.53246
2022/23,18250,2022-08-31,Liverpool,Newcastle,2,1,1.76119,0.643546
2022/23,18246,2022-08-31,Man City,Nott'm Forest,6,0,3.83759,0.729752
2022/23,18249,2022-08-31,West Ham,Tottenham,1,1,1.52267,0.723285
2022/23,18251,2022-09-01,Leicester,Man United,0,1,0.615266,1.09969
2022/23,18258,2022-09-03,Aston Villa,Man City,1,1,0.279392,1.92143
2022/23,18257,2022-09-03,Brentford,Leeds,5,2,2.7485,1.796
2022/23,18260,2022-09-03,Chelsea,West Ham,2,1,0.707333,1.4196
2022/23,18252,2022-09-03,Everton,Liverpool,0,0,1.39169,1.38617
2022/23,18253,2022-09-03,Newcastle,Crystal Palace,0,0,2.90672,0.920595
2022/23,18254,2022-09-03,Nott'm Forest,Bournemouth,2,3,1.32895,0.905041
2022/23,18255,2022-09-03,Tottenham,Fulham,2,1,2.67823,0.381556
2022/23,18256,2022-09-03,Wolves,Southampton,1,0,1.10039,1.20838
2022/23,18259,2022-09-04,Brighton,Leicester,5,2,2.73166,1.06549
2022/23,18261,2022-09-04,Man United,Arsenal,3,1,2.02904,1.42238
2022/23,18272,2022-09-16,Aston Villa,Southampton,1,0,1.34365,0.218302
2022/23,18273,2022-09-16,Nott'm Forest,Fulham,2,3,1.41541,1.3496
2022/23,18275,2022-09-17,Newcastle,Bournemouth,1,1,1.54758,0.976948
2022/23,18278,2022-09-17,Tottenham,Leicester,6,2,1.98619,1.59449
2022/23,18274,2022-09-17,Wolves,Man City,0,3,0.310995,1.4242
2022/23,18280,2022-09-18,Brentford,Arsenal,0,3,0.54011,1.32021
2022/23,18277,2022-09-18,Everton,West Ham,1,0,0.39773,0.655351
2022/23,18282,2022-10-01,Arsenal,Tottenham,3,1,2.48403,1.5027
2022/23,18283,2022-10-01,Bournemouth,Brentford,0,0,0.758128,1.046
2022/23,18284,2022-10-01,Crystal Palace,Chelsea,1,2,0.70987,1.25506
2022/23,18285,2022-10-01,Fulham,Newcastle,1,4,0.683701,4.67198
2022/23,18288,2022-10-01,Liverpool,Brighton,3,3,2.1515,2.36567
2022/23,18290,2022-10-01,Southampton,Everton,1,2,1.95961,1.99979
2022/23,18291,2022-10-01,West Ham,Wolves,2,0,1.03934,0.575988
2022/23,18286,2022-10-02,Leeds,Aston Villa,0,0,0.298626,1.89645
2022/23,18289,2022-10-02,Man City,Man United,6,3,3.01103,1.71335
2022/23,18287,2022-10-03,Leicester,Nott'm Forest,4,0,1.2497,1.22169
2022/23,18293,2022-10-08,Bournemouth,Leicester,2,1,1.14891,1.18125
2022/23,18294,2022-10-08,Brighton,Tottenham,0,1,0.899735,0.771641
2022/23,18295,2022-10-08,Chelsea,Wolves,3,0,2.43092,0.748449
2022/23,18298,2022-10-08,Man City,Southampton,4,0,2.73536,0.101148
2022/23,18299,2022-10-08,Newcastle,Brentford,5,1,2.44631,1.13466
2022/23,18292,2022-10-09,Arsenal,Liverpool,3,2,2.81968,0.765151
2022/23,18296,2022-10-09,Crystal Palace,Leeds,2,1,1.65194,1.06564
2022/23,18297,2022-10-09,Everton,Man United,1,2,0.365844,1.82612
2022/23,18301,2022-10-09,West Ham,Fulham,3,1,3.43676,0.549848
2022/23,18300,2022-10-10,Nott'm Forest,Aston Villa,1,1,0.221346,0.657187
2022/23,18303,2022-10-14,Brentford,Brighton,2,0,1.90636,2.15668
2022/23,18304,2022-10-15,Fulham,Bournemouth,2,2,1.61738,1.62829
2022/23,18306,2022-10-15,Leicester,Crystal Palace,0,0,0.973426,0.346808
2022/23,18310,2022-10-15,Tottenham,Everton,2,0,2.49409,0.560039
2022/23,18311,2022-10-15,Wolves,Nott'm Forest,1,0,1.22368,1.24761
2022/23,18302,2022-10-16,Aston Villa,Chelsea,0,2,2.44542,1.23643
2022/23,18305,2022-10-16,Leeds,Arsenal,0,1,2.02232,0.821757
2022/23,18307,2022-10-16,Liverpool,Man City,1,0,1.9992,0.911493
2022/23,18308,2022-10-16,Man United,Newcastle,0,0,1.41606,0.78815
2022/23,18309,2022-10-16,Southampton,West Ham,1,1,0.524479,1.70727
2022/23,18315,2022-10-18,Brighton,Nott'm Forest,0,0,2.10188,0.195003
2022/23,18318,2022-10-18,Crystal Palace,Wolves,2,1,1.25617,0.857837
2022/23,18313,2022-10-19,Bournemouth,Southampton,0,1,0.810452,1.23878
2022/23,18314,2022-10-19,Brentford,Chelsea,0,0,1.45228,0.557405
2022/23,18320,2022-10-19,Liverpool,West Ham,1,0,2.24066,2.48649
2022/23,18321,2022-10-19,Man United,Tottenham,2,0,1.70973,0.658526
2022/23,18319,2022-10-19,Newcastle,Everton,1,0,1.13393,0.0609567
2022/23,18316,2022-10-20,Fulham,Aston Villa,3,0,2.892,0.711487
2022/23,18317,2022-10-20,Leicester,Leeds,2,0,0.655249,1.19464
2022/23,18323,2022-10-22,Chelsea,Man United,1,1,1.20238,0.730935
2022/23,18324,2022-10-22,Everton,Crystal Palace,3,0,1.93396,0.597167
2022/23,18326,2022-10-22,Man City,Brighton,3,1,1.86239,0.52863
2022/23,18327,2022-10-22,Nott'm Forest,Liverpool,1,0,2.50163,2.19752
2022/23,18322,2022-10-23,Aston Villa,Brentford,4,0,3.45617,1.00462
2022/23,18325,2022-10-23,Leeds,Fulham,2,3,1.96384,2.47512
2022/23,18328,2022-10-23,Southampton,Arsenal,1,1,0.622653,1.57897
2022/23,18329,2022-10-23,Tottenham,Newcastle,1,2,1.56513,1.1294
2022/23,18331,2022-10-23,Wolves,Leicester,0,4,1.61785,0.989075
2022/23,18330,2022-10-24,West Ham,Bournemouth,2,0,1.97715,0.730443
2022/23,18333,2022-10-29,Bournemouth,Tottenham,2,3,0.887533,2.1946
2022/23,18334,2022-10-29,Brentford,Wolves,1,1,1.29257,0.557605
2022/23,18335,2022-10-29,Brighton,Chelsea,4,1,2.881,1.07554
2022/23,18336,2022-10-29,Crystal Palace,Southampton,1,0,1.00384,1.35803
2022/23,18337,2022-10-29,Fulham,Everton,0,0,1.76438,1.19166
2022/23,18338,2022-10-29,Leicester,Man City,0,1,0.693597,0.703827
2022/23,18339,2022-10-29,Liverpool,Leeds,1,2,1.90889,1.61271
2022/23,18341,2022-10-29,Newcastle,Aston Villa,4,0,4.18808,0.270814
2022/23,18332,2022-10-30,Arsenal,Nott'm Forest,5,0,3.00699,0.206127
2022/23,18340,2022-10-30,Man United,West Ham,1,0,1.7514,1.00033
2022/23,18344,2022-11-05,Everton,Leicester,0,2,1.3729,2.2679
2022/23,18345,2022-11-05,Leeds,Bournemouth,4,3,2.22532,1.55594
2022/23,18346,2022-11-05,Man City,Fulham,2,1,2.39332,0.843884
2022/23,18347,2022-11-05,Nott'm Forest,Brentford,2,2,1.29696,1.2204
2022/23,18351,2022-11-05,Wolves,Brighton,2,3,1.29252,1.87375
2022/23,18342,2022-11-06,Aston Villa,Man United,3,1,0.578563,0.517189
2022/23,18343,2022-11-06,Chelsea,Arsenal,0,1,0.278815,2.37846
2022/23,18348,2022-11-06,Southampton,Newcastle,1,4,1.65228,1.42101
2022/23,18349,2022-11-06,Tottenham,Liverpool,1,2,1.81736,1.46548
2022/23,18350,2022-11-06,West Ham,Crystal Palace,1,2,0.192579,1.03344
2022/23,18352,2022-11-12,Bournemouth,Everton,3,0,2.45642,0.768756
2022/23,18355,2022-11-12,Liverpool,Southampton,3,1,2.74418,1.43427
2022/23,18356,2022-11-12,Man City,Brentford,1,2,1.605,3.29012
2022/23,18357,2022-11-12,Newcastle,Chelsea,1,0,1.3601,0.359105
2022/23,18358,2022-11-12,Nott'm Forest,Crystal Palace,1,0,1.23752,1.14552
2022/23,18359,2022-11-12,Tottenham,Leeds,4,3,2.58046,1.71731
2022/23,18360,2022-11-12,West Ham,Leicester,0,2,0.720721,1.60566
2022/23,18361,2022-11-12,Wolves,Arsenal,0,2,0.512339,2.27996
2022/23,18353,2022-11-13,Brighton,Aston Villa,1,2,0.829107,1.15437
2022/23,18354,2022-11-13,Fulham,Man United,1,2,1.70218,3.37664
2022/23,18362,2022-12-26,Arsenal,West Ham,3,1,1.88828,1.02652
2022/23,18363,2022-12-26,Aston Villa,Liverpool,1,3,1.69155,3.50694
2022/23,18364,2022-12-26,Brentford,Tottenham,2,2,2.25263,0.883787
2022/23,18366,2022-12-26,Crystal Palace,Fulham,0,3,0.421754,2.69927
2022/23,18367,2022-12-26,Everton,Wolves,1,2,1.22653,1.22076
2022/23,18369,2022-12-26,Leicester,Newcastle,0,3,0.31099,1.76382
2022/23,18371,2022-12-26,Southampton,Brighton,1,3,1.70709,1.00714
2022/23,18365,2022-12-27,Chelsea,Bournemouth,2,0,1.91378,0.44307
2022/23,18370,2022-12-27,Man United,Nott'm Forest,3,0,2.13668,0.477076
2022/23,18368,2022-12-28,Leeds,Man City,1,3,0.603751,4.16249
2022/23,18375,2022-12-30,Liverpool,Leicester,2,1,2.02463,0.863312
2022/23,18380,2022-12-30,West Ham,Brentford,0,2,1.13979,1.51436
2022/23,18372,2022-12-31,Bournemouth,Crystal Palace,0,2,0.895819,1.75264
2022/23,18373,2022-12-31,Brighton,Arsenal,2,4,1.15663,3.22106
2022/23,18374,2022-12-31,Fulham,Southampton,2,1,1.49305,0.698711
2022/23,18376,2022-12-31,Man City,Everton,1,1,2.36333,0.0760019
2022/23,18377,2022-12-31,Newcastle,Leeds,0,0,2.78846,0.517099
2022/23,18381,2022-12-31,Wolves,Man United,0,1,0.587672,2.44728
2022/23,18378,2023-01-01,Nott'm Forest,Chelsea,1,1,0.985219,1.37305
2022/23,18379,2023-01-01,Tottenham,Aston Villa,0,2,0.569383,1.21733
2022/23,18384,2023-01-02,Brentford,Liverpool,3,1,2.0991,2.10461
2022/23,18382,2023-01-03,Arsenal,Newcastle,0,0,0.970637,0.959523
2022/23,18387,2023-01-03,Everton,Brighton,1,4,1.16896,2.50731
2022/23,18389,2023-01-03,Leicester,Fulham,0,1,1.45221,1.33493
2022/23,18390,2023-01-03,Man United,Bournemouth,3,0,2.97383,0.679022
2022/23,18383,2023-01-04,Aston Villa,Wolves,1,1,1.03226,0.832522
2022/23,18386,2023-01-04,Crystal Palace,Tottenham,0,4,0.787525,1.66514
2022/23,18388,2023-01-04,Leeds,West Ham,2,2,1.2577,1.29245
2022/23,18391,2023-01-04,Southampton,Nott'm Forest,0,1,0.62937,1.22324
2022/23,18385,2023-01-05,Chelsea,Man City,0,1,0.493576,1.71972
2022/23,18262,2023-01-12,Fulham,Chelsea,2,1,0.711266,2.39911
2022/23,18392,2023-01-13,Aston Villa,Leeds,2,1,1.64599,2.46295
2022/23,18393,2023-01-14,Brentford,Bournemouth,2,0,1.29815,0.269283
2022/23,18394,2023-01-14,Brighton,Liverpool,3,0,2.40062,1.28853
2022/23,18396,2023-01-14,Everton,Southampton,1,2,1.18191,1.08412
2022/23,18397,2023-01-14,Man United,Man City,2,1,1.98228,0.73695
2022/23,18399,2023-01-14,Nott'm Forest,Leicester,2,0,1.75313,0.803421
2022/23,18401,2023-01-14,Wolves,West Ham,1,0,0.806232,0.735105
2022/23,18395,2023-01-15,Chelsea,Crystal Palace,1,0,2.12987,0.837366
2022/23,18398,2023-01-15,Newcastle,Fulham,1,0,1.96256,0.989872
2022/23,18400,2023-01-15,Tottenham,Arsenal,0,2,1.71032,2.04232
2022/23,18270,2023-01-18,Crystal Palace,Man United,1,1,0.413339,1.39437
2022/23,18267,2023-01-19,Man City,Tottenham,4,2,2.34166,1.16499
2022/23,18403,2023-01-21,Bournemouth,Nott'm Forest,1,1,1.80549,1.57544
2022/23,18404,2023-01-21,Crystal Palace,Newcastle,0,0,0.333154,1.44384
2022/23,18407,2023-01-21,Leicester,Brighton,2,2,1.35941,1.94491
2022/23,18408,2023-01-21,Liverpool,Chelsea,0,0,1.30125,1.84467
2022/23,18410,2023-01-21,Southampton,Aston Villa,0,1,0.672444,1.16432
2022/23,18411,2023-01-21,West Ham,Everton,2,0,2.46879,0.286826
2022/23,18402,2023-01-22,Arsenal,Man United,3,2,2.90273,0.272246
2022/23,18406,2023-01-22,Leeds,Brentford,0,0,0.374736,0.17114
2022/23,18409,2023-01-22,Man City,Wolves,3,0,3.32757,0.469277
2022/23,18405,2023-01-23,Fulham,Tottenham,0,1,1.09339,0.993805
2022/23,18415,2023-02-03,Chelsea,Fulham,0,0,1.41471,0.493341
2022/23,18412,2023-02-04,Aston Villa,Leicester,2,4,1.4989,2.49784
2022/23,18413,2023-02-04,Brentford,Southampton,3,0,2.36747,0.644385
2022/23,18414,2023-02-04,Brighton,Bournemouth,1,0,2.55696,0.908298
2022/23,18416,2023-02-04,Everton,Arsenal,1,0,2.09191,0.690102
2022/23,18417,2023-02-04,Man United,Crystal Palace,2,1,2.07035,1.3798
2022/23,18418,2023-02-04,Newcastle,West Ham,1,1,1.22883,1.27831
2022/23,18421,2023-02-04,Wolves,Liverpool,3,0,2.63328,1.30193
2022/23,18419,2023-02-05,Nott'm Forest,Leeds,1,0,0.3325,1.12331
2022/23,18420,2023-02-05,Tottenham,Man City,1,0,1.42168,0.773747
2022/23,18279,2023-02-08,Man United,Leeds,2,2,2.00007,0.554798
2022/23,18422,2023-02-11,Arsenal,Brentford,1,1,1.36738,2.17538
2022/23,18423,2023-02-11,Bournemouth,Newcastle,1,1,1.54458,1.54853
2022/23,18424,2023-02-11,Crystal Palace,Brighton,1,1,0.928279,2.64981
2022/23,18425,2023-02-11,Fulham,Nott'm Forest,2,0,1.69704,0.686824
2022/23,18427,2023-02-11,Leicester,Tottenham,4,1,1.41208,1.11709
2022/23,18430,2023-02-11,Southampton,Wolves,1,2,1.30203,0.615651
2022/23,18431,2023-02-11,West Ham,Chelsea,1,1,1.07615,0.900465
2022/23,18426,2023-02-12,Leeds,Man United,0,2,1.89163,1.30375
2022/23,18429,2023-02-12,Man City,Aston Villa,3,1,3.60987,0.275348
2022/23,18428,2023-02-13,Liverpool,Everton,2,0,2.23291,0.402331
2022/23,18312,2023-02-15,Arsenal,Man City,1,3,1.70139,2.00841
2022/23,18432,2023-02-18,Aston Villa,Arsenal,2,4,0.335752,2.85981
2022/23,18433,2023-02-18,Brentford,Crystal Palace,1,1,0.610105,1.12202
2022/23,18434,2023-02-18,Brighton,Fulham,0,1,2.71375,0.224214
2022/23,18435,2023-02-18,Chelsea,Southampton,0,1,1.61723,0.619532
2022/23,18436,2023-02-18,Everton,Leeds,1,0,1.53811,0.597403
2022/23,18438,2023-02-18,Newcastle,Liverpool,0,2,1.74852,2.16549
2022/23,18439,2023-02-18,Nott'm Forest,Man City,1,1,1.12735,2.80966
2022/23,18441,2023-02-18,Wolves,Bournemouth,0,1,0.911415,1.15274
2022/23,18437,2023-02-19,Man United,Leicester,3,0,4.24663,1.39678
2022/23,18440,2023-02-19,Tottenham,West Ham,2,0,1.43042,0.365173
2022/23,18445,2023-02-24,Fulham,Wolves,1,1,0.913133,0.997097
2022/23,18442,2023-02-25,Bournemouth,Man City,1,4,1.08527,2.98206
2022/23,18443,2023-02-25,Crystal Palace,Liverpool,0,0,0.989086,1.35123
2022/23,18444,2023-02-25,Everton,Aston Villa,0,2,1.54109,2.06037
2022/23,18446,2023-02-25,Leeds,Southampton,1,0,0.720048,0.391128
2022/23,18447,2023-02-25,Leicester,Arsenal,0,1,0.0203463,0.722059
2022/23,18451,2023-02-25,West Ham,Nott'm Forest,4,0,3.05032,0.350849
2022/23,18450,2023-02-26,Tottenham,Chelsea,2,0,0.926313,0.262281
2022/23,18269,2023-03-01,Arsenal,Everton,4,0,3.06919,1.604
2022/23,18264,2023-03-01,Liverpool,Wolves,2,0,2.70191,0.78681
2022/23,18452,2023-03-04,Arsenal,Bournemouth,3,2,2.46279,1.74267
2022/23,18453,2023-03-04,Aston Villa,Crystal Palace,1,0,0.890605,0.152761
2022/23,18455,2023-03-04,Brighton,West Ham,4,0,3.49993,0.250045
2022/23,18456,2023-03-04,Chelsea,Leeds,1,0,1.8678,0.633995
2022/23,18458,2023-03-04,Man City,Newcastle,2,0,1.34144,0.359809
2022/23,18460,2023-03-04,Southampton,Leicester,1,0,1.34332,1.67051
2022/23,18461,2023-03-04,Wolves,Tottenham,1,0,0.562477,1.25588
2022/23,18457,2023-03-05,Liverpool,Man United,7,0,3.44269,0.837542
2022/23,18459,2023-03-05,Nott'm Forest,Everton,2,2,0.799733,1.70877
2022/23,18454,2023-03-06,Brentford,Fulham,3,2,2.44358,1.67531
2022/23,18462,2023-03-11,Bournemouth,Liverpool,1,0,1.10128,2.13465
2022/23,18463,2023-03-11,Crystal Palace,Man City,0,1,0.185498,2.1884
2022/23,18464,2023-03-11,Everton,Brentford,1,0,1.71599,1.95088
2022/23,18466,2023-03-11,Leeds,Brighton,2,2,0.596738,1.51388
2022/23,18467,2023-03-11,Leicester,Chelsea,1,3,2.36139,1.49478
2022/23,18470,2023-03-11,Tottenham,Nott'm Forest,3,1,1.73482,1.62805
2022/23,18465,2023-03-12,Fulham,Arsenal,0,3,0.61832,2.64355
2022/23,18468,2023-03-12,Man United,Southampton,0,0,0.910911,1.18053
2022/23,18469,2023-03-12,Newcastle,Wolves,2,1,2.45527,0.709895
2022/23,18471,2023-03-12,West Ham,Aston Villa,1,1,2.14634,1.99139
2022/23,18276,2023-03-15,Brighton,Crystal Palace,1,0,0.588727,1.21452
2022/23,18265,2023-03-15,Southampton,Brentford,0,2,0.358977,1.66591
2022/23,18479,2023-03-17,Nott'm Forest,Newcastle,1,2,0.531985,2.50027
2022/23,18473,2023-03-18,Aston Villa,Bournemouth,3,0,3.45474,0.50014
2022/23,18474,2023-03-18,Brentford,Leicester,1,1,0.476467,1.42133
2022/23,18476,2023-03-18,Chelsea,Everton,2,2,1.90027,1.64675
2022/23,18480,2023-03-18,Southampton,Tottenham,3,3,2.52077,1.88473
2022/23,18481,2023-03-18,Wolves,Leeds,2,4,2.76358,1.6549
2022/23,18472,2023-03-19,Arsenal,Crystal Palace,4,1,1.53568,1.19194
2022/23,18482,2023-04-01,Arsenal,Leeds,4,1,3.29548,0.497609
2022/23,18483,2023-04-01,Bournemouth,Fulham,2,1,3.14054,0.601049
2022/23,18484,2023-04-01,Brighton,Brentford,3,3,3.8195,1.2788
2022/23,18485,2023-04-01,Chelsea,Aston Villa,0,2,2.38024,0.765794
2022/23,18486,2023-04-01,Crystal Palace,Leicester,2,1,1.93471,0.198959
2022/23,18488,2023-04-01,Man City,Liverpool,4,1,3.01243,0.318171
2022/23,18490,2023-04-01,Nott'm Forest,Wolves,1,1,1.11441,0.383739
2022/23,18489,2023-04-02,Newcastle,Man United,2,0,3.33162,0.334127
2022/23,18491,2023-04-02,West Ham,Southampton,1,0,1.40363,0.318261
2022/23,18487,2023-04-03,Everton,Tottenham,1,1,0.823365,1.39177
2022/23,18266,2023-04-04,Bournemouth,Brighton,0,2,1.15322,2.63392
2022/23,18281,2023-04-04,Chelsea,Liverpool,0,0,2.18903,0.202217
2022/23,18271,2023-04-04,Leeds,Nott'm Forest,2,1,2.43248,0.613917
2022/23,18263,2023-04-04,Leicester,Aston Villa,1,2,0.671597,1.00159
2022/23,18448,2023-04-05,Man United,Brentford,1,0,1.1445,0.64499
2022/23,18268,2023-04-05,West Ham,Newcastle,1,5,0.83342,2.84091
2022/23,18492,2023-04-08,Aston Villa,Nott'm Forest,2,0,1.42718,0.232452
2022/23,18493,2023-04-08,Brentford,Newcastle,1,2,2.06521,1.02337
2022/23,18494,2023-04-08,Fulham,West Ham,0,1,0.456524,1.23261
2022/23,18496,2023-04-08,Leicester,Bournemouth,0,1,0.731965,1.92396
2022/23,18498,2023-04-08,Man United,Everton,2,0,4.38578,0.949183
2022/23,18499,2023-04-08,Southampton,Man City,1,4,0.492801,3.05999
2022/23,18500,2023-04-08,Tottenham,Brighton,2,1,0.594139,1.47549
2022/23,18501,2023-04-08,Wolves,Chelsea,1,0,0.601153,0.815308
2022/23,18495,2023-04-09,Leeds,Crystal Palace,1,5,1.02075,3.22687
2022/23,18497,2023-04-09,Liverpool,Arsenal,2,2,4.64012,1.53631
2022/23,18502,2023-04-15,Aston Villa,Newcastle,3,0,1.91802,0.425086
2022/23,18503,2023-04-15,Chelsea,Brighton,1,2,0.46331,2.52107
2022/23,18504,2023-04-15,Everton,Fulham,1,3,2.24262,1.92209
2022/23,18506,2023-04-15,Man City,Leicester,3,1,1.60702,1.92692
2022/23,18508,2023-04-15,Southampton,Crystal Palace,0,2,0.678449,0.86306
2022/23,18509,2023-04-15,Tottenham,Bournemouth,2,3,2.30604,1.20598
2022/23,18511,2023-04-15,Wolves,Brentford,2,0,0.93912,1.5133
2022/23,18507,2023-04-16,Nott'm Forest,Man United,0,2,1.05289,3.33747
2022/23,18510,2023-04-16,West Ham,Arsenal,2,2,1.96095,2.71782
2022/23,18505,2023-04-17,Leeds,Liverpool,1,6,1.16748,2.65476
2022/23,18512,2023-04-21,Arsenal,Southampton,3,3,2.39609,1.43063
2022/23,18514,2023-04-22,Brentford,Aston Villa,1,1,2.03162,1.66602
2022/23,18516,2023-04-22,Crystal Palace,Everton,0,0,0.368137,0.433712
2022/23,18517,2023-04-22,Fulham,Leeds,2,1,1.43763,1.07482
2022/23,18518,2023-04-22,Leicester,Wolves,2,1,2.66929,0.59626
2022/23,18519,2023-04-22,Liverpool,Nott'm Forest,3,2,3.32745,0.724666
2022/23,18513,2023-04-23,Bournemouth,West Ham,0,4,0.974687,2.52322
2022/23,18521,2023-04-23,Newcastle,Tottenham,6,1,3.98532,0.883001
2022/23,18528,2023-04-25,Aston Villa,Fulham,1,0,0.839159,0.079864
2022/23,18523,2023-04-25,Leeds,Leicester,1,1,2.09645,2.08594
2022/23,18527,2023-04-25,Wolves,Crystal Palace,2,0,1.12829,0.580294
2022/23,18529,2023-04-26,Chelsea,Brentford,0,2,1.21124,0.695344
2022/23,18531,2023-04-26,Man City,Arsenal,4,1,2.01168,0.398372
2022/23,18524,2023-04-26,Nott'm Forest,Brighton,3,1,2.43846,2.33064
2022/23,18526,2023-04-26,West Ham,Liverpool,1,2,0.939348,1.7045
2022/23,18522,2023-04-27,Everton,Newcastle,1,4,0.777008,2.86368
2022/23,18530,2023-04-27,Southampton,Bournemouth,0,1,0.477034,0.988554
2022/23,18525,2023-04-27,Tottenham,Man United,2,2,2.37239,1.96508
2022/23,18534,2023-04-29,Brentford,Nott'm Forest,2,1,1.32059,0.939693
2022/23,18535,2023-04-29,Brighton,Wolves,6,0,3.60471,0.603985
2022/23,18536,2023-04-29,Crystal Palace,West Ham,4,3,2.31888,1.98262
2022/23,18533,2023-04-30,Bournemouth,Leeds,4,1,2.51723,1.33691
2022/23,18537,2023-04-30,Fulham,Man City,1,2,0.431813,2.32338
2022/23,18539,2023-04-30,Liverpool,Tottenham,4,3,2.42911,1.44927
2022/23,18540,2023-04-30,Man United,Aston Villa,1,0,1.3056,0.434738
2022/23,18541,2023-04-30,Newcastle,Southampton,3,1,3.91457,0.897175
2022/23,18538,2023-05-01,Leicester,Everton,2,2,3.32486,3.28648
2022/23,18532,2023-05-02,Arsenal,Chelsea,3,1,2.7832,0.785202
2022/23,18477,2023-05-03,Liverpool,Fulham,1,0,1.67372,0.740125
2022/23,18478,2023-05-03,Man City,West Ham,3,0,2.99908,0.492075
2022/23,18475,2023-05-04,Brighton,Man United,1,0,2.09953,1.32105
2022/23,18542,2023-05-06,Bournemouth,Chelsea,1,3,1.21755,1.76852
2022/23,18545,2023-05-06,Liverpool,Brentford,1,0,1.992,0.183892
2022/23,18546,2023-05-06,Man City,Leeds,2,1,2.83472,0.140924
2022/23,18549,2023-05-06,Tottenham,Crystal Palace,1,0,1.15665,0.306669
2022/23,18551,2023-05-06,Wolves,Aston Villa,1,0,0.80605,1.50158
2022/23,18547,2023-05-07,Newcastle,Arsenal,0,2,1.37224,1.29061
2022/23,18550,2023-05-07,West Ham,Man United,1,0,1.76618,1.1942
2022/23,18543,2023-05-08,Brighton,Everton,1,5,3.23717,2.94223
2022/23,18544,2023-05-08,Fulham,Leicester,5,3,1.75276,2.92566
2022/23,18548,2023-05-08,Nott'm Forest,Southampton,4,3,1.91326,3.31096
2022/23,18553,2023-05-13,Aston Villa,Tottenham,2,1,1.79987,1.18505
2022/23,18555,2023-05-13,Chelsea,Nott'm Forest,2,2,0.999181,1.96797
2022/23,18556,2023-05-13,Crystal Palace,Bournemouth,2,0,1.40237,0.262022
2022/23,18558,2023-05-13,Leeds,Newcastle,2,2,2.01567,2.35118
2022/23,18560,2023-05-13,Man United,Wolves,2,0,3.10118,0.268789
2022/23,18561,2023-05-13,Southampton,Fulham,0,2,0.149649,1.27085
2022/23,18552,2023-05-14,Arsenal,Brighton,0,3,0.958651,2.21276
2022/23,18554,2023-05-14,Brentford,West Ham,2,0,4.42571,0.203312
2022/23,18557,2023-05-14,Everton,Man City,0,3,1.18597,1.04338
2022/23,18559,2023-05-15,Leicester,Liverpool,0,3,0.527496,1.77085
2022/23,18449,2023-05-18,Newcastle,Brighton,4,1,4.11359,0.593493
2022/23,18562,2023-05-20,Bournemouth,Man United,0,1,0.815723,1.71783
2022/23,18564,2023-05-20,Fulham,Crystal Palace,2,2,1.95519,1.70785
2022/23,18565,2023-05-20,Liverpool,Aston Villa,1,1,0.918508,1.46948
2022/23,18568,2023-05-20,Nott'm Forest,Arsenal,1,0,1.1397,0.4902
2022/23,18569,2023-05-20,Tottenham,Brentford,1,3,1.61667,1.15344
2022/23,18571,2023-05-20,Wolves,Everton,1,1,1.28976,2.46976
2022/23,18563,2023-05-21,Brighton,Southampton,3,1,2.41418,0.863659
2022/23,18566,2023-05-21,Man City,Chelsea,1,0,1.20557,1.15648
2022/23,18570,2023-05-21,West Ham,Leeds,3,1,2.48001,0.645828
2022/23,18567,2023-05-22,Newcastle,Leicester,0,0,2.05089,0.0839072
2022/23,18515,2023-05-24,Brighton,Man City,1,1,2.11486,1.92973
2022/23,18520,2023-05-25,Man United,Chelsea,4,1,4.92231,1.68364
2022/23,18572,2023-05-28,Arsenal,Wolves,5,0,3.02466,0.38772
2022/23,18573,2023-05-28,Aston Villa,Brighton,2,1,2.55845,1.23117
2022/23,18574,2023-05-28,Brentford,Man City,1,0,1.43893,1.18649
2022/23,18575,2023-05-28,Chelsea,Newcastle,1,1,2.01924,1.51899
2022/23,18576,2023-05-28,Crystal Palace,Nott'm Forest,1,1,1.00786,0.436439
2022/23,18577,2023-05-28,Everton,Bournemouth,1,0,1.12933,0.432084
2022/23,18578,2023-05-28,Leeds,Tottenham,1,4,1.19151,2.03315
2022/23,18579,2023-05-28,Leicester,West Ham,2,1,2.03013,0.970352
2022/23,18580,2023-05-28,Man United,Fulham,2,1,2.74766,1.88167
2022/23,18581,2023-05-28,Southampton,Liverpool,4,4,1.33964,4.00345
2023/24,22275,2023-08-11,Burnley,Man City,0,3,0.311032,2.40074
2023/24,22276,2023-08-12,Arsenal,Nott'm Forest,2,1,0.84262,0.966305
2023/24,22277,2023-08-12,Bournemouth,West Ham,1,1,1.51025,1.4834
2023/24,22278,2023-08-12,Brighton,Luton,4,1,4.36748,1.88594
2023/24,22279,2023-08-12,Everton,Fulham,0,1,2.59001,1.58144
2023/24,22281,2023-08-12,Newcastle,Aston Villa,5,1,4.32208,1.486
2023/24,22280,2023-08-12,Sheffield United,Crystal Palace,0,1,0.422704,2.27616
2023/24,22282,2023-08-13,Brentford,Tottenham,2,2,1.90756,1.45316
2023/24,22283,2023-08-13,Chelsea,Liverpool,1,1,1.93258,1.29994
2023/24,22284,2023-08-14,Man United,Wolves,1,0,1.97087,1.72228
2023/24,22285,2023-08-18,Nott'm Forest,Sheffield United,2,1,1.37181,0.551038
2023/24,22287,2023-08-19,Fulham,Brentford,0,3,0.399899,3.46888
2023/24,22288,2023-08-19,Liverpool,Bournemouth,3,1,3.25448,1.3867
2023/24,22291,2023-08-19,Man City,Newcastle,1,0,1.22528,0.257154
2023/24,22290,2023-08-19,Tottenham,Man United,2,0,2.53904,2.44604
2023/24,22286,2023-08-19,Wolves,Brighton,1,4,2.68821,3.15562
2023/24,22292,2023-08-20,Aston Villa,Everton,4,0,3.24336,0.721465
2023/24,22293,2023-08-20,West Ham,Chelsea,3,1,1.71234,1.60916
2023/24,22294,2023-08-21,Crystal Palace,Arsenal,0,1,1.06916,2.20593
2023/24,22295,2023-08-25,Chelsea,Luton,3,0,3.41419,0.465741
2023/24,22297,2023-08-26,Arsenal,Fulham,2,2,3.23088,0.849817
2023/24,22296,2023-08-26,Bournemouth,Tottenham,0,2,0.483582,2.26115
2023/24,22298,2023-08-26,Brentford,Crystal Palace,1,1,0.948011,1.06061
2023/24,22301,2023-08-26,Brighton,West Ham,1,3,1.3743,2.9527
2023/24,22299,2023-08-26,Everton,Wolves,0,1,1.89792,1.40228
2023/24,22300,2023-08-26,Man United,Nott'm Forest,3,2,3.02803,0.960354
2023/24,22302,2023-08-27,Burnley,Aston Villa,1,3,0.630605,2.83691
2023/24,22304,2023-08-27,Newcastle,Liverpool,1,2,1.62037,0.856121
2023/24,22303,2023-08-27,Sheffield United,Man City,1,2,0.762232,3.84804
2023/24,21925,2023-09-01,Luton,West Ham,1,2,2.02244,1.22528
2023/24,21928,2023-09-02,Brentford,Bournemouth,2,2,3.07185,2.11013
2023/24,21931,2023-09-02,Brighton,Newcastle,3,1,1.32258,0.90476
2023/24,21929,2023-09-02,Burnley,Tottenham,2,5,1.66604,2.39785
2023/24,21930,2023-09-02,Chelsea,Nott'm Forest,0,1,2.28442,1.1505
2023/24,21927,2023-09-02,Man City,Fulham,5,1,2.00152,1.46427
2023/24,21926,2023-09-02,Sheffield United,Everton,2,2,1.575,2.73871
2023/24,21934,2023-09-03,Arsenal,Man United,3,1,1.90973,0.966109
2023/24,21932,2023-09-03,Crystal Palace,Wolves,3,2,2.32935,1.13911
2023/24,21933,2023-09-03,Liverpool,Aston Villa,3,0,2.73138,0.615503
2023/24,21938,2023-09-16,Aston Villa,Crystal Palace,3,1,2.31518,1.11696
2023/24,21939,2023-09-16,Fulham,Luton,1,0,1.75704,1.45705
2023/24,21940,2023-09-16,Man United,Brighton,1,3,0.719951,1.93908
2023/24,21943,2023-09-16,Newcastle,Brentford,1,0,1.50126,0.633678
2023/24,21936,2023-09-16,Tottenham,Sheffield United,2,1,2.15909,0.790655
2023/24,21937,2023-09-16,West Ham,Man City,1,3,0.895632,4.15046
2023/24,21935,2023-09-16,Wolves,Liverpool,1,3,0.538833,2.82701
2023/24,21942,2023-09-17,Bournemouth,Chelsea,0,0,1.32515,1.39677
2023/24,21941,2023-09-17,Everton,Arsenal,0,1,0.28317,0.802605
2023/24,21944,2023-09-18,Nott'm Forest,Burnley,1,1,0.705795,0.807651
2023/24,21949,2023-09-23,Brentford,Everton,1,3,1.57402,2.51497
2023/24,21950,2023-09-23,Burnley,Man United,0,1,0.935444,0.840273
2023/24,21948,2023-09-23,Crystal Palace,Fulham,0,0,0.37236,0.542678
2023/24,21945,2023-09-23,Luton,Wolves,1,1,2.24101,0.762984
2023/24,21946,2023-09-23,Man City,Nott'm Forest,2,0,1.33984,0.729109
2023/24,21952,2023-09-24,Arsenal,Tottenham,2,2,2.3429,2.21166
2023/24,21951,2023-09-24,Brighton,Bournemouth,3,1,2.14533,1.58984
2023/24,21947,2023-09-24,Chelsea,Aston Villa,0,1,1.19716,1.13479
2023/24,21953,2023-09-24,Liverpool,West Ham,3,1,4.14262,1.53878
2023/24,21954,2023-09-24,Sheffield United,Newcastle,0,8,0.579392,5.1082
2023/24,21955,2023-09-30,Aston Villa,Brighton,6,1,1.90746,1.72819
2023/24,21959,2023-09-30,Bournemouth,Arsenal,0,4,0.644443,4.0742
2023/24,21956,2023-09-30,Everton,Luton,1,2,3.65377,1.5102
2023/24,21957,2023-09-30,Man United,Crystal Palace,0,1,1.55408,1.19015
2023/24,21958,2023-09-30,Newcastle,Burnley,2,0,3.08516,0.801849
2023/24,21962,2023-09-30,Tottenham,Liverpool,2,1,2.18823,1.12299
2023/24,21960,2023-09-30,West Ham,Sheffield United,2,0,3.19753,0.911997
2023/24,21961,2023-09-30,Wolves,Man City,2,1,0.673985,0.98075
2023/24,21963,2023-10-01,Nott'm Forest,Brentford,1,1,0.800317,1.75862
2023/24,21964,2023-10-02,Fulham,Chelsea,0,2,0.889383,1.98461
2023/24,22289,2023-10-03,Luton,Burnley,1,2,1.53058,0.920206
2023/24,21967,2023-10-07,Burnley,Chelsea,1,4,0.956642,1.97566
2023/24,21968,2023-10-07,Crystal Palace,Nott'm Forest,0,0,0.982452,1.22105
2023/24,21969,2023-10-07,Everton,Bournemouth,3,0,3.16482,0.981732
2023/24,21970,2023-10-07,Fulham,Sheffield United,3,1,2.26612,0.251809
2023/24,21971,2023-10-07,Luton,Tottenham,0,1,0.848118,2.37947
2023/24,21972,2023-10-07,Man United,Brentford,2,1,1.29356,1.02509
2023/24,21965,2023-10-08,Arsenal,Man City,1,0,0.386558,0.858071
2023/24,21966,2023-10-08,Brighton,Liverpool,2,2,2.23187,2.51029
2023/24,21973,2023-10-08,West Ham,Newcastle,2,2,0.931345,1.97865
2023/24,21974,2023-10-08,Wolves,Aston Villa,1,1,1.76232,1.81618
2023/24,21975,2023-10-21,Bournemouth,Wolves,1,2,1.01839,2.30454
2023/24,21977,2023-10-21,Brentford,Burnley,3,0,3.15685,0.693129
2023/24,21978,2023-10-21,Chelsea,Arsenal,2,2,1.71838,1.05791
2023/24,21979,2023-10-21,Liverpool,Everton,2,0,2.28568,0.0937725
2023/24,21980,2023-10-21,Man City,Brighton,2,1,0.962509,0.963733
2023/24,21981,2023-10-21,Newcastle,Crystal Palace,4,0,3.73336,1.08795
2023/24,21982,2023-10-21,Nott'm Forest,Luton,2,2,3.27549,1.49555
2023/24,21983,2023-10-21,Sheffield United,Man United,1,2,1.41074,1.46187
2023/24,21976,2023-10-22,Aston Villa,West Ham,4,1,2.34143,0.659622
2023/24,21984,2023-10-23,Tottenham,Fulham,2,0,1.63523,0.745838
2023/24,21990,2023-10-27,Crystal Palace,Tottenham,1,2,0.561834,0.989103
2023/24,21986,2023-10-28,Arsenal,Sheffield United,5,0,3.03496,0.0281554
2023/24,21985,2023-10-28,Bournemouth,Burnley,2,1,1.10052,0.90255
2023/24,21989,2023-10-28,Chelsea,Brentford,0,2,1.71801,2.48137
2023/24,21994,2023-10-28,Wolves,Newcastle,2,2,0.863393,2.31987
2023/24,21987,2023-10-29,Aston Villa,Luton,3,1,3.07654,0.453117
2023/24,21988,2023-10-29,Brighton,Fulham,1,1,1.31996,0.552523
2023/24,21991,2023-10-29,Liverpool,Nott'm Forest,3,0,2.70428,0.642014
2023/24,21992,2023-10-29,Man United,Man City,0,3,0.714628,4.54595
2023/24,21993,2023-10-29,West Ham,Everton,0,1,0.618578,0.733813
2023/24,21995,2023-11-04,Brentford,West Ham,3,2,1.82944,1.75505
2023/24,21996,2023-11-04,Burnley,Crystal Palace,0,2,1.4998,1.43653
2023/24,21997,2023-11-04,Everton,Brighton,1,1,0.617607,0.442489
2023/24,21998,2023-11-04,Fulham,Man United,0,1,1.18241,0.697095
2023/24,22000,2023-11-04,Man City,Bournemouth,6,1,2.39949,0.643127
2023/24,22001,2023-11-04,Newcastle,Arsenal,1,0,1.12355,0.535473
2023/24,22003,2023-11-04,Sheffield United,Wolves,2,1,1.10165,1.14803
2023/24,21999,2023-11-05,Luton,Liverpool,1,1,1.3411,3.03925
2023/24,22002,2023-11-05,Nott'm Forest,Aston Villa,2,0,0.592447,1.33116
2023/24,22004,2023-11-06,Tottenham,Chelsea,1,4,0.959108,4.05865
2023/24,22006,2023-11-11,Arsenal,Burnley,3,1,2.63194,0.327706
2023/24,22005,2023-11-11,Bournemouth,Newcastle,2,0,2.78424,0.306141
2023/24,22010,2023-11-11,Crystal Palace,Everton,2,3,1.89194,1.7904
2023/24,22012,2023-11-11,Man United,Luton,1,0,2.74105,0.408265
2023/24,22014,2023-11-11,Wolves,Tottenham,2,1,1.90884,0.432315
2023/24,22007,2023-11-12,Aston Villa,Fulham,3,1,2.86039,0.648745
2023/24,22008,2023-11-12,Brighton,Sheffield United,1,1,1.08601,0.84434
2023/24,22009,2023-11-12,Chelsea,Man City,4,4,3.47238,3.19324
2023/24,22011,2023-11-12,Liverpool,Brentford,3,0,1.56004,1.44954
2023/24,22013,2023-11-12,West Ham,Nott'm Forest,3,2,2.06402,1.42128
2023/24,22015,2023-11-25,Brentford,Arsenal,0,1,1.66315,1.82699
2023/24,22016,2023-11-25,Burnley,West Ham,1,2,1.44228,1.36963
2023/24,22019,2023-11-25,Luton,Crystal Palace,2,1,0.996153,1.83546
2023/24,22020,2023-11-25,Man City,Liverpool,1,1,1.79622,0.766278
2023/24,22021,2023-11-25,Newcastle,Chelsea,4,1,2.15227,0.968061
2023/24,22022,2023-11-25,Nott'm Forest,Brighton,2,3,2.22655,1.21792
2023/24,22023,2023-11-25,Sheffield United,Bournemouth,1,3,0.816227,3.13975
2023/24,22017,2023-11-26,Everton,Man United,0,3,2.49764,2.07334
2023/24,22024,2023-11-26,Tottenham,Aston Villa,1,2,2.22542,2.39755
2023/24,22018,2023-11-27,Fulham,Wolves,3,2,2.49057,1.57875
2023/24,22026,2023-12-02,Arsenal,Wolves,2,1,3.30368,1.07886
2023/24,22027,2023-12-02,Brentford,Luton,3,1,3.25952,0.227176
2023/24,22028,2023-12-02,Burnley,Sheffield United,5,0,2.60469,0.618131
2023/24,22032,2023-12-02,Newcastle,Man United,1,0,2.90191,0.422674
2023/24,22033,2023-12-02,Nott'm Forest,Everton,0,1,0.673085,0.623789
2023/24,22025,2023-12-03,Bournemouth,Aston Villa,2,2,2.54937,0.89511
2023/24,22029,2023-12-03,Chelsea,Brighton,3,2,1.66304,0.855058
2023/24,22030,2023-12-03,Liverpool,Fulham,4,3,2.72831,1.51005
2023/24,22031,2023-12-03,Man City,Tottenham,3,3,2.90729,0.433077
2023/24,22034,2023-12-03,West Ham,Crystal Palace,1,1,1.1466,0.987682
2023/24,22039,2023-12-05,Luton,Arsenal,3,4,0.526254,2.58815
2023/24,22042,2023-12-05,Wolves,Burnley,1,0,1.11886,0.781542
2023/24,22035,2023-12-06,Aston Villa,Man City,1,0,2.1922,1.00198
2023/24,22036,2023-12-06,Brighton,Brentford,2,1,1.54099,1.22007
2023/24,22043,2023-12-06,Crystal Palace,Bournemouth,0,2,1.26441,1.79997
2023/24,22038,2023-12-06,Fulham,Nott'm Forest,5,0,3.09427,0.218659
2023/24,22044,2023-12-06,Man United,Chelsea,2,1,4.03949,2.3512
2023/24,22040,2023-12-06,Sheffield United,Liverpool,0,2,0.834172,1.80116
2023/24,22037,2023-12-07,Everton,Newcastle,3,0,2.95393,1.29564
2023/24,22041,2023-12-07,Tottenham,West Ham,1,2,1.61268,1.7409
2023/24,22045,2023-12-09,Aston Villa,Arsenal,1,0,0.628499,1.71667
2023/24,22046,2023-12-09,Brighton,Burnley,1,1,2.96247,1.05162
2023/24,22047,2023-12-09,Crystal Palace,Liverpool,1,2,1.79152,1.3708
2023/24,22051,2023-12-09,Man United,Bournemouth,0,3,1.11296,1.9742
2023/24,22052,2023-12-09,Sheffield United,Brentford,1,0,0.841976,0.644638
2023/24,22054,2023-12-09,Wolves,Nott'm Forest,1,1,1.02199,1.21801
2023/24,22048,2023-12-10,Everton,Chelsea,2,0,1.11437,0.885512
2023/24,22049,2023-12-10,Fulham,West Ham,5,0,2.1884,0.983
2023/24,22050,2023-12-10,Luton,Man City,1,2,0.689037,2.23353
2023/24,22053,2023-12-10,Tottenham,Newcastle,4,1,4.40118,1.61368
2023/24,22063,2023-12-15,Nott'm Forest,Tottenham,0,2,1.70569,1.60738
2023/24,22058,2023-12-16,Burnley,Everton,0,2,0.811435,2.22305
2023/24,22059,2023-12-16,Chelsea,Sheffield United,2,0,3.27322,0.44014
2023/24,22061,2023-12-16,Man City,Crystal Palace,2,2,2.41646,1.64977
2023/24,22062,2023-12-16,Newcastle,Fulham,3,0,4.27933,0.471042
2023/24,22056,2023-12-17,Arsenal,Brighton,2,0,2.76976,0.663054
2023/24,22057,2023-12-17,Brentford,Aston Villa,1,2,0.796812,1.4664
2023/24,22060,2023-12-17,Liverpool,Man United,0,0,1.97111,0.632715
2023/24,22064,2023-12-17,West Ham,Wolves,3,0,1.03828,0.556206
2023/24,22066,2023-12-21,Crystal Palace,Brighton,1,1,1.65409,1.33653
2023/24,22065,2023-12-22,Aston Villa,Sheffield United,1,1,1.21861,0.646159
2023/24,22067,2023-12-23,Fulham,Burnley,0,2,1.38096,0.41714
2023/24,22068,2023-12-23,Liverpool,Arsenal,1,1,0.982901,0.851681
2023/24,22069,2023-12-23,Luton,Newcastle,1,0,1.81844,1.41488
2023/24,22070,2023-12-23,Nott'm Forest,Bournemouth,2,3,0.791806,1.89067
2023/24,22071,2023-12-23,Tottenham,Everton,2,1,1.57527,1.98385
2023/24,22072,2023-12-23,West Ham,Man United,2,0,1.51468,0.730496
2023/24,22073,2023-12-24,Wolves,Chelsea,2,1,1.74626,1.75447
2023/24,22075,2023-12-26,Bournemouth,Fulham,3,0,2.07911,0.324365
2023/24,22079,2023-12-26,Burnley,Liverpool,0,2,0.972389,1.68451
2023/24,22082,2023-12-26,Man United,Aston Villa,3,2,1.20104,1.83637
2023/24,22083,2023-12-26,Newcastle,Nott'm Forest,1,3,2.79106,3.1074
2023/24,22084,2023-12-26,Sheffield United,Luton,2,3,3.61788,0.715575
2023/24,22077,2023-12-27,Brentford,Wolves,1,4,2.59347,1.89483
2023/24,22080,2023-12-27,Chelsea,Crystal Palace,2,1,2.73005,0.958077
2023/24,22081,2023-12-27,Everton,Man City,1,3,1.23529,2.28321
2023/24,22076,2023-12-28,Arsenal,West Ham,0,2,2.7884,1.59711
2023/24,22078,2023-12-28,Brighton,Tottenham,4,2,3.84702,2.06955
2023/24,22085,2023-12-30,Aston Villa,Burnley,3,2,2.92587,1.11923
2023/24,22086,2023-12-30,Crystal Palace,Brentford,3,1,1.61057,1.28731
2023/24,22089,2023-12-30,Luton,Chelsea,2,3,2.64093,1.57463
2023/24,22090,2023-12-30,Man City,Sheffield United,2,0,2.24229,0.263211
2023/24,22091,2023-12-30,Nott'm Forest,Man United,2,1,0.744348,0.651905
2023/24,22094,2023-12-30,Wolves,Everton,3,0,2.64477,0.519641
2023/24,22087,2023-12-31,Fulham,Arsenal,2,1,1.52829,1.6591
2023/24,22092,2023-12-31,Tottenham,Bournemouth,3,1,2.15027,1.58229
2023/24,22088,2024-01-01,Liverpool,Newcastle,4,2,6.67151,0.910974
2023/24,22093,2024-01-02,West Ham,Brighton,0,0,0.9831,2.1552
2023/24,22096,2024-01-12,Burnley,Luton,1,1,1.52023,0.965167
2023/24,22097,2024-01-13,Chelsea,Fulham,1,0,2.0456,0.697847
2023/24,22100,2024-01-13,Newcastle,Man City,2,3,1.23638,2.55452
2023/24,22098,2024-01-14,Everton,Aston Villa,0,0,1.03664,1.3435
2023/24,22099,2024-01-14,Man United,Tottenham,2,2,0.923233,1.31224
2023/24,22103,2024-01-20,Arsenal,Crystal Palace,5,0,3.52167,0.288083
2023/24,22104,2024-01-20,Brentford,Nott'm Forest,3,2,1.94219,1.22251
2023/24,22102,2024-01-21,Bournemouth,Liverpool,0,4,0.834585,1.53344
2023/24,22101,2024-01-21,Sheffield United,West Ham,2,2,2.61362,2.4241
2023/24,22095,2024-01-22,Brighton,Wolves,0,0,1.3701,1.14116
2023/24,22105,2024-01-30,Aston Villa,Newcastle,1,3,1.44485,3.3224
2023/24,22112,2024-01-30,Crystal Palace,Sheffield United,3,2,1.1601,0.768467
2023/24,22106,2024-01-30,Fulham,Everton,0,0,2.37499,2.83317
2023/24,22107,2024-01-30,Luton,Brighton,4,0,3.63312,1.01366
2023/24,22108,2024-01-30,Nott'm Forest,Arsenal,1,2,0.631618,1.39143
2023/24,22113,2024-01-31,Liverpool,Chelsea,4,1,3.6627,0.477972
2023/24,22114,2024-01-31,Man City,Burnley,3,1,1.84756,1.49114
2023/24,22109,2024-01-31,Tottenham,Brentford,3,2,3.36194,1.59637
2023/24,22110,2024-02-01,West Ham,Bournemouth,1,1,1.3128,1.13487
2023/24,22111,2024-02-01,Wolves,Man United,3,4,2.27609,3.22698
2023/24,22118,2024-02-03,Brighton,Crystal Palace,4,1,1.92591,0.241137
2023/24,22119,2024-02-03,Burnley,Fulham,2,2,1.00428,1.28806
2023/24,22121,2024-02-03,Everton,Tottenham,2,2,3.25881,0.922371
2023/24,22123,2024-02-03,Newcastle,Luton,4,4,2.37353,2.67463
2023/24,22124,2024-02-03,Sheffield United,Aston Villa,0,5,1.52784,2.99015
2023/24,22116,2024-02-04,Arsenal,Liverpool,3,1,2.8526,0.542052
2023/24,22115,2024-02-04,Bournemouth,Nott'm Forest,1,1,1.1895,0.456548
2023/24,22120,2024-02-04,Chelsea,Wolves,2,4,2.35967,2.48996
2023/24,22122,2024-02-04,Man United,West Ham,3,0,0.96721,1.1807
2023/24,22117,2024-02-05,Brentford,Man City,1,3,0.865741,2.10785
2023/24,22127,2024-02-10,Fulham,Bournemouth,3,1,1.7456,2.60612
2023/24,22128,2024-02-10,Liverpool,Burnley,3,1,3.14734,1.11123
2023/24,22129,2024-02-10,Luton,Sheffield United,1,3,1.76215,1.98283
2023/24,22130,2024-02-10,Man City,Everton,2,0,1.58971,0.192072
2023/24,22131,2024-02-10,Nott'm Forest,Newcastle,2,3,0.968075,0.511375
2023/24,22132,2024-02-10,Tottenham,Brighton,2,1,2.10928,1.49285
2023/24,22134,2024-02-10,Wolves,Brentford,0,2,1.05781,1.84908
2023/24,22125,2024-02-11,Aston Villa,Man United,1,2,2.64675,2.44591
2023/24,22133,2024-02-11,West Ham,Arsenal,0,6,0.191065,3.99893
2023/24,22126,2024-02-12,Crystal Palace,Chelsea,1,3,0.719516,1.26948
2023/24,22135,2024-02-17,Brentford,Liverpool,1,4,1.69518,3.08952
2023/24,22136,2024-02-17,Burnley,Arsenal,0,5,0.335143,2.20575
2023/24,22138,2024-02-17,Fulham,Aston Villa,1,2,1.41796,1.57297
2023/24,22140,2024-02-17,Man City,Chelsea,1,1,2.77713,1.82903
2023/24,22141,2024-02-17,Newcastle,Bournemouth,2,2,2.38425,2.08098
2023/24,22142,2024-02-17,Nott'm Forest,West Ham,2,0,2.66942,0.520016
2023/24,22144,2024-02-17,Tottenham,Wolves,1,2,1.59768,1.77591
2023/24,22139,2024-02-18,Luton,Man United,1,2,1.57234,3.58973
2023/24,22143,2024-02-18,Sheffield United,Brighton,0,5,0.586214,3.35549
2023/24,22137,2024-02-19,Everton,Crystal Palace,1,1,2.44588,0.734685
2023/24,22074,2024-02-20,Man City,Brentford,1,0,2.53766,0.503799
2023/24,22151,2024-02-21,Liverpool,Luton,4,1,3.70302,0.956512
2023/24,22146,2024-02-24,Arsenal,Newcastle,4,1,2.59336,0.217373
2023/24,22147,2024-02-24,Aston Villa,Nott'm Forest,4,2,3.48861,2.25569
2023/24,22145,2024-02-24,Bournemouth,Man City,0,1,0.925889,1.79636
2023/24,22148,2024-02-24,Brighton,Everton,1,1,1.6538,0.286655
2023/24,22150,2024-02-24,Crystal Palace,Burnley,3,0,2.41612,0.0760216
2023/24,22152,2024-02-24,Man United,Fulham,1,2,1.96036,1.1385
2023/24,22154,2024-02-25,Wolves,Sheffield United,1,0,1.21618,0.654342
2023/24,22153,2024-02-26,West Ham,Brentford,4,2,2.06873,1.33683
2023/24,22155,2024-03-02,Brentford,Chelsea,2,2,2.4732,2.1523
2023/24,22157,2024-03-02,Everton,West Ham,1,3,3.12075,2.17948
2023/24,22158,2024-03-02,Fulham,Brighton,3,0,1.37604,1.15198
2023/24,22159,2024-03-02,Luton,Aston Villa,2,3,2.43312,2.08586
2023/24,22161,2024-03-02,Newcastle,Wolves,3,0,3.33495,0.507769
2023/24,22162,2024-03-02,Nott'm Forest,Liverpool,0,1,0.971466,1.32259
2023/24,22164,2024-03-02,Tottenham,Crystal Palace,3,1,2.6625,0.277887
2023/24,22156,2024-03-03,Burnley,Bournemouth,0,2,1.60461,1.43616
2023/24,22160,2024-03-03,Man City,Man United,3,1,2.64173,0.153764
2023/24,22163,2024-03-04,Sheffield United,Arsenal,0,6,0.201374,2.47294
2023/24,22166,2024-03-09,Arsenal,Brentford,2,1,1.59369,0.733239
2023/24,22165,2024-03-09,Bournemouth,Sheffield United,2,2,3.92657,1.91752
2023/24,22170,2024-03-09,Crystal Palace,Luton,1,1,3.25103,1.08531
2023/24,22172,2024-03-09,Man United,Everton,2,0,2.9016,1.8214
2023/24,22174,2024-03-09,Wolves,Fulham,2,1,1.29589,2.94155
2023/24,22167,2024-03-10,Aston Villa,Tottenham,0,4,1.23267,2.25381
2023/24,22168,2024-03-10,Brighton,Nott'm Forest,1,0,0.534518,0.687034
2023/24,22171,2024-03-10,Liverpool,Man City,1,1,2.25492,1.37289
2023/24,22173,2024-03-10,West Ham,Burnley,2,2,1.87414,0.88131
2023/24,22169,2024-03-11,Chelsea,Newcastle,3,2,1.78315,0.568435
2023/24,25861,2024-03-13,Bournemouth,Luton,4,3,2.84403,2.79419
2023/24,22177,2024-03-16,Burnley,Brentford,2,1,2.69776,1.25123
2023/24,22180,2024-03-16,Fulham,Tottenham,3,0,2.47234,2.14564
2023/24,22181,2024-03-16,Luton,Nott'm Forest,1,1,0.853782,1.95268
2023/24,22183,2024-03-17,West Ham,Aston Villa,1,1,1.32829,0.911274
2023/24,22186,2024-03-30,Aston Villa,Wolves,2,0,1.28271,1.66232
2023/24,22185,2024-03-30,Bournemouth,Everton,2,1,1.39268,0.93378
2023/24,22187,2024-03-30,Brentford,Man United,1,1,3.16487,0.989565
2023/24,22188,2024-03-30,Chelsea,Burnley,2,2,4.46643,2.10422
2023/24,22191,2024-03-30,Newcastle,West Ham,4,3,3.80922,0.994584
2023/24,22192,2024-03-30,Nott'm Forest,Crystal Palace,1,1,0.784652,0.900972
2023/24,22193,2024-03-30,Sheffield United,Fulham,3,3,1.78824,1.10254
2023/24,22194,2024-03-30,Tottenham,Luton,2,1,2.46523,0.402402
2023/24,22189,2024-03-31,Liverpool,Brighton,2,1,3.21149,0.43922
2023/24,22190,2024-03-31,Man City,Arsenal,0,0,1.22009,0.511402
2023/24,22195,2024-04-02,Bournemouth,Crystal Palace,1,0,1.30969,0.174389
2023/24,22197,2024-04-02,Burnley,Wolves,1,1,1.12581,1.01021
2023/24,22202,2024-04-02,Newcastle,Everton,1,1,2.65009,1.69834
2023/24,22198,2024-04-02,Nott'm Forest,Fulham,3,1,1.94619,1.04304
2023/24,22199,2024-04-02,West Ham,Tottenham,1,1,1.47017,1.39423
2023/24,22196,2024-04-03,Arsenal,Luton,2,0,1.14384,0.292082
2023/24,22200,2024-04-03,Brentford,Brighton,0,0,0.423299,1.22404
2023/24,22204,2024-04-03,Man City,Aston Villa,4,1,3.87704,1.18643
2023/24,22201,2024-04-04,Chelsea,Man United,4,3,3.48048,1.56686
2023/24,22203,2024-04-04,Liverpool,Sheffield United,3,1,2.51772,0.720948
2023/24,22205,2024-04-06,Aston Villa,Brentford,3,3,1.16333,1.42064
2023/24,22206,2024-04-06,Brighton,Arsenal,0,3,0.428514,4.16518
2023/24,22207,2024-04-06,Crystal Palace,Man City,2,4,1.49472,2.26381
2023/24,22208,2024-04-06,Everton,Burnley,1,0,0.659844,0.34699
2023/24,22209,2024-04-06,Fulham,Newcastle,0,1,0.834564,1.18012
2023/24,22210,2024-04-06,Luton,Bournemouth,2,1,1.30478,0.616108
2023/24,22214,2024-04-06,Wolves,West Ham,1,2,1.78341,1.14133
2023/24,22211,2024-04-07,Man United,Liverpool,2,2,0.814509,4.43457
2023/24,22212,2024-04-07,Sheffield United,Chelsea,2,2,1.74265,0.521789
2023/24,22213,2024-04-07,Tottenham,Nott'm Forest,3,1,1.61978,2.00122
2023/24,22215,2024-04-13,Bournemouth,Man United,2,2,2.38519,1.52274
2023/24,22217,2024-04-13,Brentford,Sheffield United,2,0,1.09071,0.834498
2023/24,22218,2024-04-13,Burnley,Brighton,1,1,1.8522,0.889445
2023/24,22221,2024-04-13,Man City,Luton,5,1,4.64245,0.809775
2023/24,22222,2024-04-13,Newcastle,Tottenham,4,0,3.1483,0.737596
2023/24,22223,2024-04-13,Nott'm Forest,Wolves,2,2,1.76244,1.45688
2023/24,22216,2024-04-14,Arsenal,Aston Villa,0,2,1.89003,0.929049
2023/24,22220,2024-04-14,Liverpool,Crystal Palace,0,1,3.04497,2.12879
2023/24,22224,2024-04-14,West Ham,Fulham,0,2,1.45307,3.61413
2023/24,22219,2024-04-15,Chelsea,Everton,6,0,3.37093,1.21791
2023/24,22230,2024-04-20,Luton,Brentford,1,5,0.497799,3.7809
2023/24,22232,2024-04-20,Sheffield United,Burnley,1,4,1.97816,2.42338
2023/24,22234,2024-04-20,Wolves,Arsenal,0,2,0.164516,1.66179
2023/24,22225,2024-04-21,Aston Villa,Bournemouth,3,1,2.62687,2.05211
2023/24,22227,2024-04-21,Crystal Palace,West Ham,5,2,3.7185,1.34536
2023/24,22228,2024-04-21,Everton,Nott'm Forest,2,0,0.473233,1.18916
2023/24,22229,2024-04-21,Fulham,Liverpool,1,3,0.83885,1.02445
2023/24,22175,2024-04-23,Arsenal,Chelsea,5,0,3.45858,1.60343
2023/24,22178,2024-04-24,Crystal Palace,Newcastle,2,0,1.43661,0.55129
2023/24,22179,2024-04-24,Everton,Liverpool,2,0,1.89111,1.87155
2023/24,22182,2024-04-24,Man United,Sheffield United,4,2,3.51311,1.20517
2023/24,22184,2024-04-24,Wolves,Bournemouth,0,1,0.484454,2.40311
2023/24,22176,2024-04-25,Brighton,Man City,0,4,0.572021,1.90507
2023/24,22236,2024-04-27,Aston Villa,Chelsea,2,2,0.612257,1.56401
2023/24,22237,2024-04-27,Everton,Brentford,1,0,1.21399,0.956356
2023/24,22238,2024-04-27,Fulham,Crystal Palace,1,1,1.39418,1.05387
2023/24,22239,2024-04-27,Man United,Burnley,1,1,3.06197,1.89591
2023/24,22240,2024-04-27,Newcastle,Sheffield United,5,1,2.93477,1.82408
2023/24,22243,2024-04-27,West Ham,Liverpool,2,2,0.794025,2.29298
2023/24,22244,2024-04-27,Wolves,Luton,2,1,1.49011,0.90435
2023/24,22235,2024-04-28,Bournemouth,Brighton,3,0,2.48132,1.35682
2023/24,22242,2024-04-28,Nott'm Forest,Man City,0,2,2.17312,0.932063
2023/24,22241,2024-04-28,Tottenham,Arsenal,2,3,2.60458,1.51469
2023/24,22149,2024-05-02,Chelsea,Tottenham,2,0,2.22432,1.27064
2023/24,22252,2024-05-03,Luton,Everton,1,1,0.950391,1.22959
2023/24,22245,2024-05-04,Arsenal,Bournemouth,3,0,3.91372,0.4687
2023/24,22246,2024-05-04,Brentford,Fulham,0,0,0.809379,1.45579
2023/24,22248,2024-05-04,Burnley,Newcastle,1,4,1.28632,4.25643
2023/24,22253,2024-05-04,Man City,Wolves,5,1,4.52542,0.396887
2023/24,22254,2024-05-04,Sheffield United,Nott'm Forest,1,3,2.48986,1.93818
2023/24,22247,2024-05-05,Brighton,Aston Villa,1,0,2.63566,0.0644055
2023/24,22249,2024-05-05,Chelsea,West Ham,5,0,4.21838,0.893899
2023/24,22251,2024-05-05,Liverpool,Tottenham,4,2,3.26222,1.17205
2023/24,22250,2024-05-06,Crystal Palace,Man United,4,0,2.0656,0.341417
2023/24,22255,2024-05-11,Bournemouth,Brentford,1,2,1.07237,1.92722
2023/24,22257,2024-05-11,Everton,Sheffield United,1,0,1.82411,0.465523
2023/24,22258,2024-05-11,Fulham,Man City,0,4,0.0886245,3.15218
2023/24,22260,2024-05-11,Newcastle,Brighton,1,1,2.45163,1.91556
2023/24,22261,2024-05-11,Nott'm Forest,Chelsea,2,3,2.44569,2.41068
2023/24,22262,2024-05-11,Tottenham,Burnley,2,1,3.00238,0.950331
2023/24,22263,2024-05-11,West Ham,Luton,3,1,3.71009,0.640456
2023/24,22264,2024-05-11,Wolves,Crystal Palace,1,3,1.1561,2.51452
2023/24,22259,2024-05-12,Man United,Arsenal,0,1,0.551669,1.73104
2023/24,22256,2024-05-13,Aston Villa,Liverpool,3,3,2.71655,1.89968
2023/24,22233,2024-05-14,Tottenham,Man City,0,2,1.84285,2.70331
2023/24,22226,2024-05-15,Brighton,Chelsea,1,2,1.32423,1.544
2023/24,22231,2024-05-15,Man United,Newcastle,3,2,1.49706,2.27657
2023/24,22265,2024-05-19,Arsenal,Everton,2,1,3.2117,0.664904
2023/24,22266,2024-05-19,Brentford,Newcastle,2,4,1.70157,3.65044
2023/24,22267,2024-05-19,Brighton,Man United,0,2,1.9717,1.00404
2023/24,22268,2024-05-19,Burnley,Nott'm Forest,1,2,1.08222,1.57962
2023/24,22269,2024-05-19,Chelsea,Bournemouth,2,1,1.59771,2.002
2023/24,22270,2024-05-19,Crystal Palace,Aston Villa,5,0,2.23189,0.598846
2023/24,22271,2024-05-19,Liverpool,Wolves,2,0,5.65937,0.731254
2023/24,22272,2024-05-19,Luton,Fulham,2,4,2.06743,1.11598
2023/24,22273,2024-05-19,Man City,West Ham,3,1,2.31504,0.240159
2023/24,22274,2024-05-19,Sheffield United,Tottenham,0,3,0.697312,3.19675
2024/25,26602,2024-08-16,Man United,Fulham,1,0,2.04268,0.418711
2024/25,26604,2024-08-17,Arsenal,Wolves,2,0,1.6283,0.575835
2024/25,26605,2024-08-17,Everton,Brighton,0,3,0.405325,1.79083
2024/25,26603,2024-08-17,Ipswich,Liverpool,0,2,0.342601,3.92906
2024/25,26606,2024-08-17,Newcastle,Southampton,1,0,0.433489,1.95483
2024/25,26607,2024-08-17,Nott'm Forest,Bournemouth,1,1,1.24405,1.90915
2024/25,26608,2024-08-17,West Ham,Aston Villa,1,2,2.8047,2.6703
2024/25,26609,2024-08-18,Brentford,Crystal Palace,2,1,1.38064,1.14757
2024/25,26610,2024-08-18,Chelsea,Man City,0,2,1.06123,1.18038
2024/25,26611,2024-08-19,Leicester,Tottenham,1,1,1.02614,1.40775
2024/25,26618,2024-08-24,Aston Villa,Arsenal,0,2,1.31664,1.41399
2024/25,26612,2024-08-24,Brighton,Man United,2,1,2.14153,1.28556
2024/25,26613,2024-08-24,Crystal Palace,West Ham,0,2,1.3761,1.53421
2024/25,26614,2024-08-24,Fulham,Leicester,2,1,1.96218,0.857005
2024/25,26615,2024-08-24,Man City,Ipswich,4,1,3.07818,0.479999
2024/25,26616,2024-08-24,Southampton,Nott'm Forest,0,1,0.214952,2.86475
2024/25,26617,2024-08-24,Tottenham,Everton,4,0,2.61143,0.648869
2024/25,26620,2024-08-25,Bournemouth,Newcastle,1,1,2.53513,1.89287
2024/25,26621,2024-08-25,Liverpool,Brentford,2,0,2.71877,0.457239
2024/25,26619,2024-08-25,Wolves,Chelsea,2,6,2.4181,2.02935
2024/25,26622,2024-08-31,Arsenal,Brighton,1,1,2.41798,1.81748
2024/25,26623,2024-08-31,Brentford,Southampton,3,1,3.86281,1.64713
2024/25,26624,2024-08-31,Everton,Bournemouth,2,3,2.55629,2.95688
2024/25,26625,2024-08-31,Ipswich,Fulham,1,1,0.707048,1.18883
2024/25,26626,2024-08-31,Leicester,Aston Villa,1,2,0.774741,2.16385
2024/25,26627,2024-08-31,Nott'm Forest,Wolves,1,1,1.41069,0.937632
2024/25,26628,2024-08-31,West Ham,Man City,1,3,0.947201,3.19297
2024/25,26630,2024-09-01,Chelsea,Crystal Palace,1,1,2.97743,0.459708
2024/25,26631,2024-09-01,Man United,Liverpool,0,3,1.50087,2.10397
2024/25,26629,2024-09-01,Newcastle,Tottenham,2,1,1.58694,1.63304
2024/25,26638,2024-09-14,Aston Villa,Everton,3,2,3.15876,0.852158
2024/25,26639,2024-09-14,Bournemouth,Chelsea,0,1,1.53731,0.932726
2024/25,26633,2024-09-14,Brighton,Ipswich,0,0,1.75696,0.721323
2024/25,26636,2024-09-14,Crystal Palace,Leicester,2,2,2.88716,1.65187
2024/25,26634,2024-09-14,Fulham,West Ham,1,1,2.88601,0.682719
2024/25,26635,2024-09-14,Liverpool,Nott'm Forest,0,1,1.17044,0.589532
2024/25,26637,2024-09-14,Man City,Brentford,2,1,1.55279,1.05094
2024/25,26632,2024-09-14,Southampton,Man United,0,3,1.35593,3.02693
2024/25,26640,2024-09-15,Tottenham,Arsenal,0,1,0.792595,1.1209
2024/25,26641,2024-09-15,Wolves,Newcastle,1,2,1.46969,1.48343
2024/25,26647,2024-09-21,Aston Villa,Wolves,3,1,2.37351,0.520117
2024/25,26649,2024-09-21,Crystal Palace,Man United,0,0,1.66928,2.35056
2024/25,26646,2024-09-21,Fulham,Newcastle,3,1,3.21141,1.09768
2024/25,26644,2024-09-21,Leicester,Everton,1,1,1.33793,1.82377
2024/25,26645,2024-09-21,Liverpool,Bournemouth,3,0,2.43731,1.46979
2024/25,26643,2024-09-21,Southampton,Ipswich,1,1,2.89813,1.645
2024/25,26648,2024-09-21,Tottenham,Brentford,3,1,3.89481,0.893565
2024/25,26642,2024-09-21,West Ham,Chelsea,0,3,0.758267,2.39727
2024/25,26650,2024-09-22,Brighton,Nott'm Forest,2,2,1.56836,1.36923
2024/25,26651,2024-09-22,Man City,Arsenal,2,2,2.75588,1.28411
2024/25,26655,2024-09-28,Arsenal,Leicester,4,2,6.05305,0.337909
2024/25,26656,2024-09-28,Brentford,West Ham,1,1,0.370222,0.878617
2024/25,26657,2024-09-28,Chelsea,Brighton,4,2,3.65839,1.20712
2024/25,26654,2024-09-28,Everton,Crystal Palace,2,1,1.10959,1.12358
2024/25,26652,2024-09-28,Newcastle,Man City,1,1,1.34344,1.26516
2024/25,26653,2024-09-28,Nott'm Forest,Fulham,0,1,0.614351,1.43592
2024/25,26658,2024-09-28,Wolves,Liverpool,1,2,0.748925,2.11724
2024/25,26659,2024-09-29,Ipswich,Aston Villa,2,2,1.84608,1.14494
2024/25,26660,2024-09-29,Man United,Tottenham,0,3,0.600721,5.4072
2024/25,26661,2024-09-30,Bournemouth,Southampton,3,1,1.44215,0.696068
2024/25,26666,2024-10-05,Arsenal,Southampton,3,1,3.25165,1.27313
2024/25,26667,2024-10-05,Brentford,Wolves,5,3,4.13513,0.696254
2024/25,26662,2024-10-05,Crystal Palace,Liverpool,0,1,0.609481,2.07332
2024/25,26669,2024-10-05,Everton,Newcastle,0,0,0.692214,1.79048
2024/25,26663,2024-10-05,Leicester,Bournemouth,1,0,0.912063,1.94963
2024/25,26664,2024-10-05,Man City,Fulham,3,2,1.36684,2.75846
2024/25,26665,2024-10-05,West Ham,Ipswich,4,1,4.39402,1.18463
2024/25,26670,2024-10-06,Aston Villa,Man United,0,0,0.532809,0.448537
2024/25,26671,2024-10-06,Brighton,Tottenham,3,2,1.97217,1.09279
2024/25,26668,2024-10-06,Chelsea,Nott'm Forest,1,1,2.27752,1.66654
2024/25,26680,2024-10-19,Bournemouth,Arsenal,2,0,2.18419,0.740758
2024/25,26673,2024-10-19,Fulham,Aston Villa,1,3,2.63074,1.43595
2024/25,26674,2024-10-19,Ipswich,Everton,0,2,1.174,1.60804
2024/25,26675,2024-10-19,Man United,Brentford,2,1,1.76555,0.892843
2024/25,26676,2024-10-19,Newcastle,Brighton,0,1,1.93657,1.6779
2024/25,26678,2024-10-19,Southampton,Leicester,2,3,2.42776,2.83826
2024/25,26672,2024-10-19,Tottenham,West Ham,4,1,1.44052,0.858803
2024/25,26679,2024-10-20,Liverpool,Chelsea,2,1,2.22517,1.33904
2024/25,26681,2024-10-20,Wolves,Man City,1,2,0.761217,1.36569
2024/25,26677,2024-10-21,Nott'm Forest,Crystal Palace,1,0,1.88573,0.835001
2024/25,26682,2024-10-25,Leicester,Nott'm Forest,1,3,0.832415,2.54488
2024/25,26684,2024-10-26,Aston Villa,Bournemouth,1,1,1.974,0.328651
2024/25,26685,2024-10-26,Brentford,Ipswich,4,3,4.09663,1.65698
2024/25,26686,2024-10-26,Brighton,Wolves,2,2,1.51347,1.11074
2024/25,26687,2024-10-26,Everton,Fulham,1,1,0.884845,1.49531
2024/25,26683,2024-10-26,Man City,Southampton,1,0,3.16286,0.369989
2024/25,26691,2024-10-27,Arsenal,Liverpool,2,2,1.0883,1.35346
2024/25,26688,2024-10-27,Chelsea,Newcastle,2,1,1.61794,1.74225
2024/25,26689,2024-10-27,Crystal Palace,Tottenham,1,0,0.978611,1.0192
2024/25,26690,2024-10-27,West Ham,Man United,2,1,2.99312,2.62598
2024/25,26692,2024-11-02,Bournemouth,Man City,2,1,2.4493,2.3527
2024/25,26695,2024-11-02,Ipswich,Leicester,1,1,1.33617,2.33858
2024/25,26696,2024-11-02,Liverpool,Brighton,2,1,1.81037,1.01568
2024/25,26694,2024-11-02,Newcastle,Arsenal,1,0,0.859715,0.911305
2024/25,26698,2024-11-02,Nott'm Forest,West Ham,3,0,2.35011,0.132317
2024/25,26699,2024-11-02,Southampton,Everton,1,0,0.540345,1.78581
2024/25,26701,2024-11-02,Wolves,Crystal Palace,2,2,1.65018,2.64849
2024/25,26697,2024-11-03,Man United,Chelsea,1,1,2.1605,1.21071
2024/25,26700,2024-11-03,Tottenham,Aston Villa,4,1,2.09751,2.48749
2024/25,26693,2024-11-04,Fulham,Brentford,2,1,1.43017,0.739231
2024/25,26702,2024-11-09,Brentford,Bournemouth,3,2,1.56474,2.49234
2024/25,26703,2024-11-09,Brighton,Man City,2,1,2.87116,2.60334
2024/25,26706,2024-11-09,Crystal Palace,Fulham,0,2,1.96037,2.25331
2024/25,26707,2024-11-09,Liverpool,Aston Villa,2,0,2.68196,1.66337
2024/25,26710,2024-11-09,West Ham,Everton,0,0,1.1237,0.865983
2024/25,26711,2024-11-09,Wolves,Southampton,2,0,0.912781,0.792655
2024/25,26705,2024-11-10,Chelsea,Arsenal,1,1,1.24067,1.9605
2024/25,26708,2024-11-10,Man United,Leicester,3,0,1.2369,0.417295
2024/25,26704,2024-11-10,Nott'm Forest,Newcastle,1,3,1.17852,1.86904
2024/25,26709,2024-11-10,Tottenham,Ipswich,1,2,1.75088,2.18392
2024/25,26714,2024-11-23,Arsenal,Nott'm Forest,3,0,1.66016,0.403136
2024/25,26716,2024-11-23,Aston Villa,Crystal Palace,2,2,3.04455,1.61437
2024/25,26712,2024-11-23,Bournemouth,Brighton,1,2,1.91157,1.23059
2024/25,26715,2024-11-23,Everton,Brentford,0,0,1.5951,1.34314
2024/25,26717,2024-11-23,Fulham,Wolves,1,4,0.717158,1.33903
2024/25,26719,2024-11-23,Leicester,Chelsea,1,2,0.967987,2.81658
2024/25,26720,2024-11-23,Man City,Tottenham,0,4,2.15899,3.30449
2024/25,26718,2024-11-24,Ipswich,Man United,1,1,1.98714,1.26912
2024/25,26721,2024-11-24,Southampton,Liverpool,2,3,1.53985,3.18835
2024/25,26713,2024-11-25,Newcastle,West Ham,0,2,1.49781,0.942824
2024/25,26723,2024-11-29,Brighton,Southampton,1,1,1.86986,0.934969
2024/25,26722,2024-11-30,Brentford,Leicester,4,1,2.21885,0.907555
2024/25,26725,2024-11-30,Crystal Palace,Newcastle,1,1,2.29595,0.020989
2024/25,26728,2024-11-30,Nott'm Forest,Ipswich,1,0,1.76587,0.462771
2024/25,26730,2024-11-30,West Ham,Arsenal,2,5,1.23539,3.99935
2024/25,26731,2024-11-30,Wolves,Bournemouth,2,4,0.866034,3.07901
2024/25,26724,2024-12-01,Chelsea,Aston Villa,3,0,1.94939,0.875443
2024/25,26726,2024-12-01,Liverpool,Man City,2,0,3.70054,0.745015
2024/25,26727,2024-12-01,Man United,Everton,4,0,1.76161,0.766749
2024/25,26729,2024-12-01,Tottenham,Fulham,1,1,1.01086,1.57274
2024/25,26737,2024-12-03,Ipswich,Crystal Palace,0,1,0.471708,1.65422
2024/25,26738,2024-12-03,Leicester,West Ham,3,1,2.78061,2.87716
2024/25,26733,2024-12-04,Arsenal,Man United,2,0,2.96684,0.256083
2024/25,26734,2024-12-04,Aston Villa,Brentford,3,1,3.21673,1.13266
2024/25,26735,2024-12-04,Everton,Wolves,4,0,1.49904,0.847724
2024/25,26739,2024-12-04,Man City,Nott'm Forest,3,0,3.20169,0.802155
2024/25,26740,2024-12-04,Newcastle,Liverpool,3,3,1.52057,2.22766
2024/25,26741,2024-12-04,Southampton,Chelsea,1,5,1.91014,5.8331
2024/25,26732,2024-12-05,Bournemouth,Tottenham,1,0,3.27716,0.623934
2024/25,26736,2024-12-05,Fulham,Brighton,3,1,0.666644,1.09939
2024/25,26742,2024-12-07,Aston Villa,Southampton,1,0,2.51338,0.385832
2024/25,26743,2024-12-07,Brentford,Newcastle,4,2,1.746,1.95645
2024/25,26747,2024-12-07,Crystal Palace,Man City,2,2,1.21476,1.5846
2024/25,26744,2024-12-07,Man United,Nott'm Forest,2,3,1.4697,0.651217
2024/25,26749,2024-12-08,Fulham,Arsenal,1,1,0.150988,2.4333
2024/25,26750,2024-12-08,Ipswich,Bournemouth,1,2,1.5668,3.49127
2024/25,26751,2024-12-08,Leicester,Brighton,2,2,1.42438,1.12184
2024/25,26745,2024-12-08,Tottenham,Chelsea,3,4,3.25488,2.57326
2024/25,26746,2024-12-09,West Ham,Wolves,2,1,1.19808,1.47567
2024/25,26755,2024-12-14,Arsenal,Everton,0,0,1.30865,0.132166
2024/25,26752,2024-12-14,Liverpool,Fulham,2,2,2.09698,1.2862
2024/25,26760,2024-12-14,Newcastle,Leicester,4,0,3.95461,0.186759
2024/25,26761,2024-12-14,Nott'm Forest,Aston Villa,2,1,2.2861,0.389423
2024/25,26758,2024-12-14,Wolves,Ipswich,1,2,1.23748,1.73349
2024/25,26756,2024-12-15,Brighton,Crystal Palace,1,3,1.32323,3.00618
2024/25,26757,2024-12-15,Chelsea,Brentford,2,1,2.59146,1.65861
2024/25,26753,2024-12-15,Man City,Man United,1,2,0.638103,2.04662
2024/25,26759,2024-12-15,Southampton,Tottenham,0,5,1.27356,3.89322
2024/25,26754,2024-12-16,Bournemouth,West Ham,1,1,2.04842,1.81827
2024/25,26762,2024-12-21,Aston Villa,Man City,2,1,2.05988,1.09627
2024/25,26766,2024-12-21,Brentford,Nott'm Forest,0,2,0.769004,0.964897
2024/25,26765,2024-12-21,Crystal Palace,Arsenal,1,5,1.6052,3.05434
2024/25,26771,2024-12-21,Ipswich,Newcastle,0,4,1.06427,3.23386
2024/25,26767,2024-12-21,West Ham,Brighton,1,1,1.22937,1.34379
2024/25,26764,2024-12-22,Everton,Chelsea,0,0,1.07081,1.51591
2024/25,26763,2024-12-22,Fulham,Southampton,0,0,1.25255,0.280031
2024/25,26770,2024-12-22,Leicester,Wolves,0,3,0.78868,1.13531
2024/25,26769,2024-12-22,Man United,Bournemouth,0,3,2.28533,1.82831
2024/25,26768,2024-12-22,Tottenham,Liverpool,3,6,1.20245,5.20214
2024/25,26772,2024-12-26,Bournemouth,Crystal Palace,0,0,1.20189,0.500066
2024/25,26775,2024-12-26,Chelsea,Fulham,1,2,1.55626,1.77929
2024/25,26776,2024-12-26,Liverpool,Leicester,3,1,1.89935,0.22097
2024/25,26777,2024-12-26,Man City,Everton,1,1,2.51965,0.653289
2024/25,26778,2024-12-26,Newcastle,Aston Villa,3,0,2.82867,0.225522
2024/25,26779,2024-12-26,Nott'm Forest,Tottenham,1,0,1.30018,1.05758
2024/25,26780,2024-12-26,Southampton,West Ham,0,1,2.19833,1.90111
2024/25,26781,2024-12-26,Wolves,Man United,2,0,0.826489,0.358876
2024/25,26773,2024-12-27,Arsenal,Ipswich,1,0,2.16462,0.0783327
2024/25,26774,2024-12-27,Brighton,Brentford,0,0,1.33538,0.961233
2024/25,26784,2024-12-29,Crystal Palace,Southampton,2,1,3.05417,1.21853
2024/25,26785,2024-12-29,Everton,Nott'm Forest,0,2,0.615191,2.02753
2024/25,26786,2024-12-29,Fulham,Bournemouth,2,2,0.961566,1.70692
2024/25,26788,2024-12-29,Leicester,Man City,0,2,1.84208,1.58002
2024/25,26790,2024-12-29,Tottenham,Wolves,2,2,2.28433,0.640697
2024/25,26791,2024-12-29,West Ham,Liverpool,0,5,0.518279,3.29868
2024/25,26782,2024-12-30,Aston Villa,Brighton,2,2,1.87997,0.938042
2024/25,26787,2024-12-30,Ipswich,Chelsea,2,0,1.50093,1.60622
2024/25,26789,2024-12-30,Man United,Newcastle,0,2,1.00073,2.2424
2024/25,26783,2025-01-01,Brentford,Arsenal,1,3,0.272604,1.99848
2024/25,26793,2025-01-04,Aston Villa,Leicester,2,1,2.3456,0.81548
2024/25,26792,2025-01-04,Bournemouth,Everton,1,0,2.61852,0.561015
2024/25,26794,2025-01-04,Brighton,Arsenal,1,1,1.76513,1.81142
2024/25,26795,2025-01-04,Crystal Palace,Chelsea,1,1,1.2766,1.51541
2024/25,26798,2025-01-04,Man City,West Ham,4,1,1.97986,1.53286
2024/25,26799,2025-01-04,Southampton,Brentford,0,5,0.249614,5.54874
2024/25,26800,2025-01-04,Tottenham,Newcastle,1,2,1.00333,2.42963
2024/25,26796,2025-01-05,Fulham,Ipswich,2,2,2.65469,1.4434
2024/25,26797,2025-01-05,Liverpool,Man United,2,2,2.862,1.67469
2024/25,26801,2025-01-06,Wolves,Nott'm Forest,0,3,1.90463,2.57227
2024/25,26803,2025-01-14,Brentford,Man City,2,2,2.39088,2.65315
2024/25,26809,2025-01-14,Chelsea,Bournemouth,2,2,2.53808,1.14845
2024/25,26807,2025-01-14,Nott'm Forest,Liverpool,1,1,0.5292,2.72291
2024/25,26808,2025-01-14,West Ham,Fulham,3,2,0.937322,2.83581
2024/25,26802,2025-01-15,Arsenal,Tottenham,2,1,2.25501,0.777071
2024/25,26804,2025-01-15,Everton,Aston Villa,0,1,1.23126,1.28522
2024/25,26806,2025-01-15,Leicester,Crystal Palace,0,2,2.09904,2.2647
2024/25,26810,2025-01-15,Newcastle,Wolves,3,0,2.13327,1.47433
2024/25,26805,2025-01-16,Ipswich,Brighton,0,2,0.268127,1.06343
2024/25,26811,2025-01-16,Man United,Southampton,3,1,3.10847,1.36705
2024/25,26812,2025-01-18,Arsenal,Aston Villa,2,2,1.64458,1.20602
2024/25,26813,2025-01-18,Brentford,Liverpool,0,2,1.20021,4.16249
2024/25,26817,2025-01-18,Leicester,Fulham,0,2,0.676934,2.36823
2024/25,26819,2025-01-18,Newcastle,Bournemouth,1,4,0.837801,2.70174
2024/25,26821,2025-01-18,West Ham,Crystal Palace,0,2,0.221062,1.62561
2024/25,26815,2025-01-19,Everton,Tottenham,3,2,2.56089,1.35719
2024/25,26816,2025-01-19,Ipswich,Man City,0,6,0.795637,3.20228
2024/25,26818,2025-01-19,Man United,Brighton,1,3,1.31823,2.17172
2024/25,26820,2025-01-19,Nott'm Forest,Southampton,3,2,2.36419,1.25922
2024/25,26814,2025-01-20,Chelsea,Wolves,3,1,3.14882,1.06726
2024/25,26822,2025-01-25,Bournemouth,Nott'm Forest,5,0,2.8254,0.996166
2024/25,26824,2025-01-25,Brighton,Everton,0,1,0.64378,0.870883
2024/25,26827,2025-01-25,Liverpool,Ipswich,4,1,2.16809,0.804707
2024/25,26828,2025-01-25,Man City,Chelsea,3,1,2.23213,1.49843
2024/25,26829,2025-01-25,Southampton,Newcastle,1,3,0.825621,3.08319
2024/25,26831,2025-01-25,Wolves,Arsenal,0,1,0.514724,0.887358
2024/25,26823,2025-01-26,Aston Villa,West Ham,1,1,0.907851,1.67886
2024/25,26825,2025-01-26,Crystal Palace,Brentford,1,2,1.23177,1.92037
2024/25,26826,2025-01-26,Fulham,Man United,0,1,0.560571,0.201988
2024/25,26830,2025-01-26,Tottenham,Leicester,1,2,1.27483,1.40469
2024/25,26832,2025-02-01,Bournemouth,Liverpool,0,2,1.65273,2.7219
2024/25,26836,2025-02-01,Everton,Leicester,4,0,3.11261,0.447136
2024/25,26837,2025-02-01,Ipswich,Southampton,1,2,1.94845,1.17566
2024/25,26839,2025-02-01,Newcastle,Fulham,1,2,1.22716,1.60881
2024/25,26840,2025-02-01,Nott'm Forest,Brighton,7,0,4.0677,0.756296
2024/25,26841,2025-02-01,Wolves,Aston Villa,2,0,2.00146,0.742809
2024/25,26833,2025-02-02,Arsenal,Man City,5,1,1.53202,0.743191
2024/25,26834,2025-02-02,Brentford,Tottenham,0,2,1.66475,0.945355
2024/25,26838,2025-02-02,Man United,Crystal Palace,0,2,1.50706,2.44633
2024/25,26835,2025-02-03,Chelsea,West Ham,2,1,1.39066,1.1868
2024/25,26748,2025-02-12,Everton,Liverpool,2,2,0.910523,0.929103
2024/25,26843,2025-02-14,Brighton,Chelsea,3,0,2.06892,0.649788
2024/25,26842,2025-02-15,Aston Villa,Ipswich,1,1,2.89841,0.332864
2024/25,26844,2025-02-15,Crystal Palace,Everton,1,2,2.30646,1.01565
2024/25,26845,2025-02-15,Fulham,Nott'm Forest,2,1,2.20993,0.331301
2024/25,26846,2025-02-15,Leicester,Arsenal,0,2,0.233209,1.75
2024/25,26848,2025-02-15,Man City,Newcastle,4,0,2.12004,0.157211
2024/25,26849,2025-02-15,Southampton,Bournemouth,1,3,0.974418,2.08722
2024/25,26851,2025-02-15,West Ham,Brentford,0,1,0.673466,1.96499
2024/25,26847,2025-02-16,Liverpool,Wolves,2,1,1.86758,1.05329
2024/25,26850,2025-02-16,Tottenham,Man United,1,0,1.97109,1.42652
2024/25,26884,2025-02-19,Aston Villa,Liverpool,2,2,1.02269,2.04279
2024/25,26858,2025-02-21,Leicester,Brentford,0,4,0.727901,2.03465
2024/25,26853,2025-02-22,Arsenal,West Ham,0,1,1.37264,1.02684
2024/25,26854,2025-02-22,Aston Villa,Chelsea,2,1,2.69413,2.17418
2024/25,26852,2025-02-22,Bournemouth,Wolves,0,1,0.629691,2.10124
2024/25,26855,2025-02-22,Everton,Man United,2,2,2.10444,0.645685
2024/25,26856,2025-02-22,Fulham,Crystal Palace,0,2,0.23426,1.46203
2024/25,26857,2025-02-22,Ipswich,Tottenham,1,4,1.15389,1.58741
2024/25,26861,2025-02-22,Southampton,Brighton,0,4,0.154147,5.12018
2024/25,26859,2025-02-23,Man City,Liverpool,0,2,0.58248,0.807058
2024/25,26860,2025-02-23,Newcastle,Nott'm Forest,4,3,3.45858,2.38603
2024/25,26863,2025-02-25,Brighton,Bournemouth,2,1,2.57927,1.70169
2024/25,26869,2025-02-25,Chelsea,Southampton,4,0,2.98234,0.845039
2024/25,26868,2025-02-25,Crystal Palace,Aston Villa,4,1,4.02522,0.667217
2024/25,26867,2025-02-25,Wolves,Fulham,1,2,0.928973,1.43473
2024/25,26862,2025-02-26,Brentford,Everton,1,1,1.34009,1.44955
2024/25,26870,2025-02-26,Liverpool,Newcastle,2,0,1.40027,0.45882
2024/25,26871,2025-02-26,Man United,Ipswich,3,2,1.40202,1.04498
2024/25,26864,2025-02-26,Nott'm Forest,Arsenal,0,0,0.508611,1.31766
2024/25,26865,2025-02-26,Tottenham,Man City,0,1,1.28426,2.38641
2024/25,26866,2025-02-27,West Ham,Leicester,2,0,1.70437,0.289578
2024/25,26872,2025-03-08,Brentford,Aston Villa,0,1,0.637743,1.29638
2024/25,26873,2025-03-08,Brighton,Fulham,2,1,1.94417,0.708227
2024/25,26875,2025-03-08,Crystal Palace,Ipswich,1,0,3.13879,1.63282
2024/25,26876,2025-03-08,Liverpool,Southampton,3,1,4.98996,0.511566
2024/25,26878,2025-03-08,Nott'm Forest,Man City,1,0,0.501476,0.721234
2024/25,26881,2025-03-08,Wolves,Everton,1,1,0.812432,1.3672
2024/25,26874,2025-03-09,Chelsea,Leicester,1,0,1.76844,0.108487
2024/25,26877,2025-03-09,Man United,Arsenal,1,1,1.31107,1.82996
2024/25,26879,2025-03-09,Tottenham,Bournemouth,2,2,1.35053,2.22536
2024/25,26880,2025-03-10,West Ham,Newcastle,0,1,0.823986,1.62976
2024/25,26882,2025-03-15,Bournemouth,Brentford,1,2,2.02714,1.60321
2024/25,26885,2025-03-15,Everton,West Ham,1,1,1.189,0.516029
2024/25,26887,2025-03-15,Ipswich,Nott'm Forest,2,4,0.520839,1.30722
2024/25,26889,2025-03-15,Man City,Brighton,2,2,2.02642,2.11119
2024/25,26891,2025-03-15,Southampton,Wolves,1,2,1.2821,0.540718
2024/25,26883,2025-03-16,Arsenal,Chelsea,1,0,0.695725,0.286036
2024/25,26886,2025-03-16,Fulham,Tottenham,2,0,1.03966,1.40865
2024/25,26888,2025-03-16,Leicester,Man United,0,3,1.30455,1.13892
2024/25,26892,2025-04-01,Arsenal,Fulham,2,1,2.30189,1.44206
2024/25,26894,2025-04-01,Nott'm Forest,Man United,1,0,0.512063,1.86688
2024/25,26895,2025-04-01,Wolves,West Ham,1,0,1.10359,1.73057
2024/25,26896,2025-04-02,Bournemouth,Ipswich,1,2,1.99637,1.41263
2024/25,26893,2025-04-02,Brighton,Aston Villa,0,3,0.558009,1.20715
2024/25,26901,2025-04-02,Liverpool,Everton,1,0,1.29718,0.823136
2024/25,26898,2025-04-02,Man City,Leicester,2,0,2.07165,0.104741
2024/25,26899,2025-04-02,Newcastle,Brentford,2,1,2.26584,1.53201
2024/25,26900,2025-04-02,Southampton,Crystal Palace,1,1,0.687304,0.93776
2024/25,26897,2025-04-03,Chelsea,Tottenham,1,0,1.30443,1.40274
2024/25,26902,2025-04-05,Aston Villa,Nott'm Forest,2,1,2.63349,0.96769
2024/25,26904,2025-04-05,Crystal Palace,Brighton,2,1,0.443965,1.27226
2024/25,26905,2025-04-05,Everton,Arsenal,1,1,1.22875,1.4031
2024/25,26907,2025-04-05,Ipswich,Wolves,1,2,0.872356,2.8096
2024/25,26911,2025-04-05,West Ham,Bournemouth,2,2,0.907832,1.94869
2024/25,26903,2025-04-06,Brentford,Chelsea,0,0,1.36123,1.47829
2024/25,26906,2025-04-06,Fulham,Liverpool,3,2,1.72764,1.40638
2024/25,26909,2025-04-06,Man United,Man City,0,0,1.23317,0.687894
2024/25,26910,2025-04-06,Tottenham,Southampton,3,1,2.648,0.780439
2024/25,26908,2025-04-07,Leicester,Newcastle,0,3,0.354575,3.44111
2024/25,26913,2025-04-12,Arsenal,Brentford,1,1,0.767369,0.588583
2024/25,26914,2025-04-12,Brighton,Leicester,2,2,3.6978,1.98444
2024/25,26917,2025-04-12,Man City,Crystal Palace,5,2,4.59724,1.33808
2024/25,26920,2025-04-12,Nott'm Forest,Everton,0,1,0.423949,1.26036
2024/25,26921,2025-04-12,Southampton,Aston Villa,0,3,0.412256,2.99927
2024/25,26915,2025-04-13,Chelsea,Ipswich,2,2,2.90758,1.60301
2024/25,26916,2025-04-13,Liverpool,West Ham,2,1,1.42902,1.46598
2024/25,26918,2025-04-13,Newcastle,Man United,4,1,2.6383,0.786568
2024/25,26919,2025-04-13,Wolves,Tottenham,4,2,2.22977,1.62887
2024/25,26912,2025-04-14,Bournemouth,Fulham,1,0,1.8577,1.07203
2024/25,26890,2025-04-16,Newcastle,Crystal Palace,5,0,2.32947,2.37548
2024/25,26922,2025-04-19,Aston Villa,Newcastle,4,1,3.05371,1.27176
2024/25,26923,2025-04-19,Brentford,Brighton,4,2,2.95516,1.24107
2024/25,26924,2025-04-19,Crystal Palace,Bournemouth,0,0,0.337818,0.664093
2024/25,26925,2025-04-19,Everton,Man City,0,2,0.81683,1.87989
2024/25,26931,2025-04-19,West Ham,Southampton,1,1,0.98423,0.922877
2024/25,26926,2025-04-20,Fulham,Chelsea,1,2,0.306122,0.75172
2024/25,26927,2025-04-20,Ipswich,Arsenal,0,4,0.192879,2.81362
2024/25,26928,2025-04-20,Leicester,Liverpool,0,1,0.232205,4.52706
2024/25,26929,2025-04-20,Man United,Wolves,0,1,1.13966,0.187814
2024/25,26930,2025-04-21,Tottenham,Nott'm Forest,1,2,2.4024,0.557682
2024/25,26937,2025-04-22,Man City,Aston Villa,2,1,1.36232,1.85906
2024/25,26933,2025-04-23,Arsenal,Crystal Palace,2,2,1.92149,2.50515
2024/25,26934,2025-04-26,Brighton,West Ham,3,2,1.29433,1.24134
2024/25,26935,2025-04-26,Chelsea,Everton,1,0,0.768313,0.916838
2024/25,26938,2025-04-26,Newcastle,Ipswich,3,0,4.11539,0.127203
2024/25,26940,2025-04-26,Southampton,Fulham,1,2,0.935581,1.9956
2024/25,26941,2025-04-26,Wolves,Leicester,3,0,2.57666,1.04978
2024/25,26932,2025-04-27,Bournemouth,Man United,1,1,0.60995,1.91039
2024/25,26936,2025-04-27,Liverpool,Tottenham,5,1,2.51104,0.512812
2024/25,26939,2025-05-01,Nott'm Forest,Brentford,0,2,0.670607,1.52054
2024/25,26942,2025-05-02,Man City,Wolves,1,0,0.859463,0.622455
2024/25,26945,2025-05-03,Arsenal,Bournemouth,1,2,2.05484,1.41783
2024/25,26946,2025-05-03,Aston Villa,Fulham,1,0,1.29013,0.702787
2024/25,26950,2025-05-03,Everton,Ipswich,2,2,0.808481,1.14351
2024/25,26951,2025-05-03,Leicester,Southampton,2,0,1.60739,0.550774
2024/25,26947,2025-05-04,Brentford,Man United,4,3,3.58737,1.13404
2024/25,26944,2025-05-04,Brighton,Newcastle,1,1,0.687863,1.63777
2024/25,26948,2025-05-04,Chelsea,Liverpool,3,1,3.51944,1.4267
2024/25,26943,2025-05-04,West Ham,Tottenham,1,1,1.15166,0.847022
2024/25,26949,2025-05-05,Crystal Palace,Nott'm Forest,1,1,2.34037,0.63684
2024/25,26955,2025-05-10,Bournemouth,Aston Villa,0,1,1.02272,1.12376
2024/25,26953,2025-05-10,Fulham,Everton,1,3,1.20869,1.32604
2024/25,26954,2025-05-10,Ipswich,Brentford,0,1,0.717433,1.32077
2024/25,26959,2025-05-10,Southampton,Man City,0,0,0.136995,1.58463
2024/25,26961,2025-05-10,Wolves,Brighton,0,2,0.73395,1.41254
2024/25,26952,2025-05-11,Liverpool,Arsenal,2,2,2.74682,2.18795
2024/25,26956,2025-05-11,Man United,West Ham,0,2,2.31287,2.15985
2024/25,26957,2025-05-11,Newcastle,Chelsea,2,0,1.6703,0.646426
2024/25,26958,2025-05-11,Nott'm Forest,Leicester,2,2,1.76909,1.22949
2024/25,26960,2025-05-11,Tottenham,Crystal Palace,0,2,0.806792,3.98546
2024/25,26963,2025-05-16,Aston Villa,Tottenham,2,0,1.69061,0.523016
2024/25,26966,2025-05-16,Chelsea,Man United,1,0,1.29571,0.337632
2024/25,26962,2025-05-18,Arsenal,Newcastle,1,0,1.15958,2.24634
2024/25,26964,2025-05-18,Brentford,Fulham,2,3,2.43045,1.61741
2024/25,26968,2025-05-18,Everton,Southampton,2,0,2.67793,1.05025
2024/25,26969,2025-05-18,Leicester,Ipswich,2,0,0.788544,1.36957
2024/25,26971,2025-05-18,West Ham,Nott'm Forest,1,2,0.850457,2.14756
2024/25,26965,2025-05-19,Brighton,Liverpool,3,2,2.17789,3.065
2024/25,26967,2025-05-20,Crystal Palace,Wolves,4,2,1.68451,1.42886
2024/25,26970,2025-05-20,Man City,Bournemouth,3,1,1.59779,0.962014
2024/25,26979,2025-05-25,Bournemouth,Leicester,2,0,2.72449,0.156702
2024/25,26981,2025-05-25,Fulham,Man City,0,2,2.21797,2.45923
2024/25,26980,2025-05-25,Ipswich,West Ham,1,3,0.893095,0.967379
2024/25,26975,2025-05-25,Liverpool,Crystal Palace,1,1,1.92122,1.4144
2024/25,26974,2025-05-25,Man United,Aston Villa,2,0,2.96259,0.335222
2024/25,26973,2025-05-25,Newcastle,Everton,0,1,1.1591,1.07279
2024/25,26972,2025-05-25,Nott'm Forest,Chelsea,0,1,1.58014,1.30874
2024/25,26977,2025-05-25,Southampton,Arsenal,1,2,0.598144,2.40711
2024/25,26976,2025-05-25,Tottenham,Brighton,1,4,1.85265,3.11624
2024/25,26978,2025-05-25,Wolves,Brentford,1,1,1.10889,1.97196
2025/26,28778,2025-08-15,Liverpool,Bournemouth,4,2,2.33007,1.57303
2025/26,28779,2025-08-16,Aston Villa,Newcastle,0,0,0.318601,1.40098
2025/26,28780,2025-08-16,Brighton,Fulham,1,1,1.44008,0.902883
2025/26,28781,2025-08-16,Sunderland,West Ham,3,0,0.724368,0.558948
2025/26,28782,2025-08-16,Tottenham,Burnley,3,0,1.97858,0.734138
2025/26,28783,2025-08-16,Wolves,Man City,0,4,0.519436,2.29903
2025/26,28784,2025-08-17,Chelsea,Crystal Palace,0,0,1.36793,1.03414
2025/26,28786,2025-08-17,Man United,Arsenal,0,1,1.37653,1.3304
2025/26,28785,2025-08-17,Nott'm Forest,Brentford,3,1,1.7555,1.32516
2025/26,28787,2025-08-18,Leeds,Everton,1,0,2.3812,0.674338
2025/26,28788,2025-08-22,West Ham,Chelsea,1,5,0.978572,3.94997
2025/26,28793,2025-08-23,Arsenal,Leeds,5,0,2.73761,0.156761
2025/26,28792,2025-08-23,Bournemouth,Wolves,1,0,1.78462,0.373367
2025/26,28790,2025-08-23,Brentford,Aston Villa,1,0,1.12964,0.976852
2025/26,28791,2025-08-23,Burnley,Sunderland,2,0,1.00381,1.12127
2025/26,28789,2025-08-23,Man City,Tottenham,0,2,1.2475,1.28015
2025/26,28794,2025-08-24,Crystal Palace,Nott'm Forest,1,1,1.10188,1.32987
2025/26,28795,2025-08-24,Everton,Brighton,2,0,1.80116,2.08487
2025/26,28796,2025-08-24,Fulham,Man United,1,1,1.65333,1.54603
2025/26,28797,2025-08-25,Newcastle,Liverpool,2,3,1.96342,0.646559
2025/26,28798,2025-08-30,Chelsea,Fulham,2,0,2.4324,0.736228
2025/26,28803,2025-08-30,Leeds,Newcastle,0,0,0.6773,0.303635
2025/26,28802,2025-08-30,Man United,Burnley,3,2,4.02237,1.32618
2025/26,28801,2025-08-30,Sunderland,Brentford,2,1,1.57127,1.44604
2025/26,28799,2025-08-30,Tottenham,Bournemouth,0,1,0.17067,2.1201
2025/26,28800,2025-08-30,Wolves,Everton,2,3,0.943257,2.03791
2025/26,28807,2025-08-31,Aston Villa,Crystal Palace,0,3,1.20586,2.59713
2025/26,28805,2025-08-31,Brighton,Man City,2,1,2.20864,2.13418
2025/26,28806,2025-08-31,Liverpool,Arsenal,1,0,0.481404,0.485679
2025/26,28804,2025-08-31,Nott'm Forest,West Ham,0,3,0.716018,2.236
2025/26,28808,2025-09-13,Arsenal,Nott'm Forest,3,0,2.8817,0.293681
2025/26,28810,2025-09-13,Bournemouth,Brighton,2,1,1.44187,0.624923
2025/26,28815,2025-09-13,Brentford,Chelsea,2,2,1.17533,0.755999
2025/26,28811,2025-09-13,Crystal Palace,Sunderland,0,0,1.75805,0.354129
2025/26,28812,2025-09-13,Everton,Aston Villa,0,0,1.8927,0.354327
2025/26,28813,2025-09-13,Fulham,Leeds,1,0,1.13979,0.830398
2025/26,28809,2025-09-13,Newcastle,Wolves,1,0,1.19186,0.375942
2025/26,28814,2025-09-13,West Ham,Tottenham,0,3,0.793248,1.51402
2025/26,28816,2025-09-14,Burnley,Liverpool,0,1,0.168041,2.79492
2025/26,28817,2025-09-14,Man City,Man United,3,0,1.99725,1.51915
2025/26,28821,2025-09-20,Brighton,Tottenham,2,2,1.40466,1.19181
2025/26,28822,2025-09-20,Burnley,Nott'm Forest,1,1,1.14159,0.830779
2025/26,28825,2025-09-20,Fulham,Brentford,3,1,1.52431,0.826556
2025/26,28818,2025-09-20,Liverpool,Everton,2,1,1.06166,0.721371
2025/26,28824,2025-09-20,Man United,Chelsea,2,1,1.34458,0.469843
2025/26,28819,2025-09-20,West Ham,Crystal Palace,1,2,0.466365,2.33565
2025/26,28820,2025-09-20,Wolves,Leeds,1,3,1.5661,0.456988
2025/26,28827,2025-09-21,Arsenal,Man City,1,1,0.718575,1.1227
2025/26,28823,2025-09-21,Bournemouth,Newcastle,0,0,0.55066,0.153629
2025/26,28826,2025-09-21,Sunderland,Aston Villa,1,1,0.938312,0.939354
2025/26,28828,2025-09-27,Brentford,Man United,3,1,2.78726,2.23609
2025/26,28829,2025-09-27,Chelsea,Brighton,1,3,2.02653,2.4751
2025/26,28830,2025-09-27,Crystal Palace,Liverpool,2,1,3.53323,3.10176
2025/26,28832,2025-09-27,Leeds,Bournemouth,2,2,2.04728,1.06033
2025/26,28833,2025-09-27,Man City,Burnley,5,1,3.22133,0.509491
2025/26,28834,2025-09-27,Nott'm Forest,Sunderland,0,1,1.4203,1.94154
2025/26,28835,2025-09-27,Tottenham,Wolves,1,1,0.818711,1.15951
2025/26,28831,2025-09-28,Aston Villa,Fulham,3,1,1.36575,0.952612
2025/26,28836,2025-09-28,Newcastle,Arsenal,1,2,0.739851,2.07048
2025/26,28837,2025-09-29,Everton,West Ham,1,1,0.909703,0.775766
2025/26,28838,2025-10-03,Bournemouth,Fulham,3,1,1.33458,0.84335
2025/26,28839,2025-10-04,Arsenal,West Ham,2,0,3.0585,0.864549
2025/26,28842,2025-10-04,Chelsea,Liverpool,2,1,1.23721,2.05981
2025/26,28844,2025-10-04,Leeds,Tottenham,1,2,1.48051,0.688198
2025/26,28845,2025-10-04,Man United,Sunderland,2,0,1.9298,0.807119
2025/26,28840,2025-10-05,Aston Villa,Burnley,2,1,1.73572,0.502292
2025/26,28841,2025-10-05,Brentford,Man City,0,1,0.693758,1.09647
2025/26,28843,2025-10-05,Everton,Crystal Palace,2,1,2.13876,2.17789
2025/26,28846,2025-10-05,Newcastle,Nott'm Forest,2,0,3.81662,0.337689
2025/26,28847,2025-10-05,Wolves,Brighton,1,1,0.369404,1.39158
2025/26,28848,2025-10-18,Brighton,Newcastle,2,1,0.857104,1.28313
2025/26,28849,2025-10-18,Burnley,Leeds,2,0,0.509647,2.33152
2025/26,28850,2025-10-18,Crystal Palace,Bournemouth,3,3,4.56284,2.0471
2025/26,28851,2025-10-18,Fulham,Arsenal,0,1,0.502332,2.07823
2025/26,28853,2025-10-18,Man City,Everton,2,0,2.4799,0.794622
2025/26,28854,2025-10-18,Nott'm Forest,Chelsea,0,3,2.0555,2.5583
2025/26,28855,2025-10-18,Sunderland,Wolves,2,0,1.02481,0.676323
2025/26,28852,2025-10-19,Liverpool,Man United,1,2,2.60972,2.53117
2025/26,28856,2025-10-19,Tottenham,Aston Villa,1,2,1.51461,0.352231
2025/26,28857,2025-10-20,West Ham,Brentford,0,2,0.260251,3.46635
2025/26,28864,2025-10-24,Leeds,West Ham,2,1,2.2214,0.498653
2025/26,28861,2025-10-25,Brentford,Liverpool,3,2,3.27126,2.11838
2025/26,28862,2025-10-25,Chelsea,Sunderland,1,2,1.21332,1.5506
2025/26,28865,2025-10-25,Man United,Brighton,4,2,1.96231,0.947154
2025/26,28866,2025-10-25,Newcastle,Fulham,2,1,2.76806,1.52001
2025/26,28859,2025-10-26,Arsenal,Crystal Palace,1,0,0.856175,0.350534
2025/26,28860,2025-10-26,Aston Villa,Man City,1,0,0.843906,1.36914
2025/26,28858,2025-10-26,Bournemouth,Nott'm Forest,2,0,0.656601,0.305493
2025/26,28863,2025-10-26,Everton,Tottenham,0,3,1.4032,2.09327
2025/26,28867,2025-10-26,Wolves,Burnley,2,3,2.58132,1.54544
2025/26,28868,2025-11-01,Brighton,Leeds,3,0,2.64127,0.35919
2025/26,28869,2025-11-01,Burnley,Arsenal,0,2,0.679177,2.51649
2025/26,28870,2025-11-01,Crystal Palace,Brentford,2,0,0.734558,0.820498
2025/26,28871,2025-11-01,Fulham,Wolves,3,0,1.91207,0.209934
2025/26,28872,2025-11-01,Liverpool,Aston Villa,2,0,1.47021,0.43502
2025/26,28874,2025-11-01,Nott'm Forest,Man United,2,2,1.55066,0.91622
2025/26,28876,2025-11-01,Tottenham,Chelsea,0,1,0.146954,3.34251
2025/26,28873,2025-11-02,Man City,Bournemouth,3,1,2.48999,0.899846
2025/26,28877,2025-11-02,West Ham,Newcastle,3,1,1.41383,0.523615
2025/26,28875,2025-11-03,Sunderland,Everton,1,1,1.18068,1.00741
2025/26,28880,2025-11-08,Chelsea,Wolves,3,0,3.98342,0.111462
2025/26,28882,2025-11-08,Everton,Fulham,2,0,2.30607,0.424478
2025/26,28885,2025-11-08,Sunderland,Arsenal,2,2,1.20495,2.32943
2025/26,28886,2025-11-08,Tottenham,Man United,2,2,1.35532,0.820256
2025/26,28887,2025-11-08,West Ham,Burnley,3,2,2.96728,1.87478
2025/26,28878,2025-11-09,Aston Villa,Bournemouth,4,0,1.88282,2.00992
2025/26,28879,2025-11-09,Brentford,Newcastle,3,1,2.73729,0.432277
2025/26,28881,2025-11-09,Crystal Palace,Brighton,0,0,0.839547,0.637037
2025/26,28883,2025-11-09,Man City,Liverpool,3,0,1.59542,1.0281
2025/26,28884,2025-11-09,Nott'm Forest,Leeds,3,1,2.49097,0.419461
2025/26,28888,2025-11-22,Bournemouth,West Ham,2,2,3.48299,0.390782
2025/26,28890,2025-11-22,Brighton,Brentford,2,1,0.977488,2.19979
2025/26,28891,2025-11-22,Burnley,Chelsea,0,2,0.660943,1.72093
2025/26,28892,2025-11-22,Fulham,Sunderland,1,0,2.83729,0.222768
2025/26,28894,2025-11-22,Liverpool,Nott'm Forest,0,3,1.79273,1.19459
2025/26,28896,2025-11-22,Newcastle,Man City,2,1,2.40555,2.45648
2025/26,28897,2025-11-22,Wolves,Crystal Palace,0,2,1.66409,1.44933
2025/26,28889,2025-11-23,Arsenal,Tottenham,4,1,2.27827,0.0300672
2025/26,28893,2025-11-23,Leeds,Aston Villa,1,2,1.84668,1.35978
2025/26,28895,2025-11-24,Man United,Everton,0,1,2.2737,0.155063
2025/26,28899,2025-11-29,Brentford,Burnley,3,1,3.72106,0.874025
2025/26,28902,2025-11-29,Everton,Newcastle,1,4,1.01125,2.45882
2025/26,28903,2025-11-29,Man City,Leeds,3,2,2.85292,1.75142
2025/26,28905,2025-11-29,Sunderland,Bournemouth,3,2,1.16955,1.79274
2025/26,28906,2025-11-29,Tottenham,Fulham,1,2,1.04396,0.494736
2025/26,28898,2025-11-30,Aston Villa,Wolves,1,0,1.15486,0.692588
2025/26,28900,2025-11-30,Chelsea,Arsenal,1,1,0.791914,1.22828
2025/26,28901,2025-11-30,Crystal Palace,Man United,1,2,2.13561,1.47768
2025/26,28904,2025-11-30,Nott'm Forest,Brighton,0,2,0.960325,2.0572
2025/26,28907,2025-11-30,West Ham,Liverpool,0,2,0.364152,1.56793
2025/26,28908,2025-12-02,Bournemouth,Everton,0,1,0.635415,1.19573
2025/26,28912,2025-12-02,Fulham,Man City,4,5,0.972635,1.96225
2025/26,28916,2025-12-02,Newcastle,Tottenham,2,2,1.88558,1.05205
2025/26,28909,2025-12-03,Arsenal,Brentford,2,0,2.63126,0.588716
2025/26,28910,2025-12-03,Brighton,Aston Villa,3,4,1.96298,3.15745
2025/26,28911,2025-12-03,Burnley,Crystal Palace,0,1,1.16852,0.987797
2025/26,28913,2025-12-03,Leeds,Chelsea,3,1,2.2047,0.964018
2025/26,28914,2025-12-03,Liverpool,Sunderland,1,1,1.37633,0.712662
2025/26,28917,2025-12-03,Wolves,Nott'm Forest,0,1,1.02461,1.12389
2025/26,28915,2025-12-04,Man United,West Ham,1,1,2.27674,1.36584
2025/26,28919,2025-12-06,Aston Villa,Arsenal,2,1,2.71986,1.85965
2025/26,28918,2025-12-06,Bournemouth,Chelsea,0,0,1.41931,0.672602
2025/26,28921,2025-12-06,Everton,Nott'm Forest,3,0,1.25348,0.31234
2025/26,28923,2025-12-06,Leeds,Liverpool,3,3,1.79333,2.04805
2025/26,28924,2025-12-06,Man City,Sunderland,3,0,2.41605,0.626486
2025/26,28925,2025-12-06,Newcastle,Burnley,2,1,1.80708,1.58375
2025/26,28926,2025-12-06,Tottenham,Brentford,2,0,2.42388,0.470563
2025/26,28920,2025-12-07,Brighton,West Ham,1,1,2.10077,1.7064
2025/26,28922,2025-12-07,Fulham,Crystal Palace,1,2,0.766771,1.71109
2025/26,28927,2025-12-08,Wolves,Man United,1,4,0.262147,4.04708
2025/26,28928,2025-12-13,Arsenal,Wolves,2,1,1.61796,0.61997
2025/26,28930,2025-12-13,Burnley,Fulham,2,3,2.05486,1.65053
2025/26,28931,2025-12-13,Chelsea,Everton,2,0,2.64457,1.34
2025/26,28933,2025-12-13,Liverpool,Brighton,2,0,2.4127,1.69004
2025/26,28929,2025-12-14,Brentford,Leeds,1,1,0.697006,1.63409
2025/26,28932,2025-12-14,Crystal Palace,Man City,0,3,1.30092,1.35317
2025/26,28935,2025-12-14,Nott'm Forest,Tottenham,3,0,2.32658,0.380246
2025/26,28936,2025-12-14,Sunderland,Newcastle,1,0,0.630045,0.169329
2025/26,28937,2025-12-14,West Ham,Aston Villa,2,3,1.27701,0.595093
2025/26,28934,2025-12-15,Man United,Bournemouth,4,4,3.21204,2.35196
2025/26,28938,2025-12-20,Bournemouth,Burnley,1,1,1.81847,0.480528
2025/26,28940,2025-12-20,Brighton,Sunderland,0,0,0.919272,1.31044
2025/26,28941,2025-12-20,Everton,Arsenal,0,1,0.213273,1.84723
2025/26,28943,2025-12-20,Leeds,Crystal Palace,4,1,2.90786,1.53058
2025/26,28944,2025-12-20,Man City,West Ham,3,0,3.58188,1.02143
2025/26,28945,2025-12-20,Newcastle,Chelsea,2,2,2.87863,1.0261
2025/26,28946,2025-12-20,Tottenham,Liverpool,1,2,1.34905,1.23164
2025/26,28947,2025-12-20,Wolves,Brentford,0,2,1.26823,1.56309
2025/26,28939,2025-12-21,Aston Villa,Man United,2,1,1.86917,1.30455
2025/26,28942,2025-12-22,Fulham,Nott'm Forest,1,0,1.70568,0.486296
2025/26,28954,2025-12-26,Man United,Newcastle,1,0,0.940811,1.12998
2025/26,28948,2025-12-27,Arsenal,Brighton,2,1,2.54318,0.710064
2025/26,28949,2025-12-27,Brentford,Bournemouth,4,1,2.8513,2.56183
2025/26,28950,2025-12-27,Burnley,Everton,0,0,1.24948,1.25204
2025/26,28951,2025-12-27,Chelsea,Aston Villa,1,2,1.97155,2.05918
2025/26,28953,2025-12-27,Liverpool,Wolves,2,1,1.56502,0.780664
2025/26,28955,2025-12-27,Nott'm Forest,Man City,1,2,0.600141,1.46468
2025/26,28957,2025-12-27,West Ham,Fulham,0,1,1.13719,1.11436
2025/26,28952,2025-12-28,Crystal Palace,Tottenham,0,1,0.929681,0.870768
2025/26,28956,2025-12-28,Sunderland,Leeds,1,1,0.805957,2.60653
2025/26,28958,2025-12-30,Arsenal,Aston Villa,4,1,4.41335,2.94195
2025/26,28960,2025-12-30,Burnley,Newcastle,1,3,1.32551,2.49248
2025/26,28961,2025-12-30,Chelsea,Bournemouth,2,2,2.33294,3.49142
2025/26,28964,2025-12-30,Man United,Wolves,1,1,1.13306,1.21784
2025/26,28965,2025-12-30,Nott'm Forest,Everton,0,2,1.75445,1.69525
2025/26,28967,2025-12-30,West Ham,Brighton,2,2,2.27644,3.08914
2025/26,28959,2026-01-01,Brentford,Tottenham,0,0,0.556304,0.608309
2025/26,28962,2026-01-01,Crystal Palace,Fulham,1,1,2.35346,1.75434
2025/26,28963,2026-01-01,Liverpool,Leeds,0,0,1.67833,0.15936
2025/26,28966,2026-01-01,Sunderland,Man City,0,0,0.962141,2.44247
2025/26,28972,2026-01-03,Aston Villa,Nott'm Forest,3,1,1.42988,0.8982
2025/26,28971,2026-01-03,Bournemouth,Arsenal,2,3,0.947846,1.28
2025/26,28973,2026-01-03,Brighton,Burnley,2,0,1.4717,0.254551
2025/26,28970,2026-01-03,Wolves,West Ham,3,0,2.23925,0.235678
2025/26,28974,2026-01-04,Everton,Brentford,2,4,1.00566,3.05179
2025/26,28975,2026-01-04,Fulham,Liverpool,2,2,0.609182,1.7188
2025/26,28976,2026-01-04,Leeds,Man United,1,1,0.970138,1.94781
2025/26,28977,2026-01-04,Man City,Chelsea,1,1,1.03049,2.03726
2025/26,28968,2026-01-04,Newcastle,Crystal Palace,2,0,2.72764,1.27825
2025/26,28969,2026-01-04,Tottenham,Sunderland,1,1,1.4175,0.467481
2025/26,28987,2026-01-06,West Ham,Nott'm Forest,1,2,1.73697,1.26683
2025/26,28979,2026-01-07,Bournemouth,Tottenham,3,2,1.19014,1.6261
2025/26,28981,2026-01-07,Brentford,Sunderland,3,0,3.86096,1.50644
2025/26,28982,2026-01-07,Burnley,Man United,2,2,0.31971,2.52488
2025/26,28983,2026-01-07,Crystal Palace,Aston Villa,0,0,1.32505,2.07015
2025/26,28978,2026-01-07,Everton,Wolves,1,1,1.63321,0.71329
2025/26,28984,2026-01-07,Fulham,Chelsea,2,1,1.06013,2.45107
2025/26,28985,2026-01-07,Man City,Brighton,1,1,2.95904,1.33162
2025/26,28986,2026-01-07,Newcastle,Leeds,4,3,2.43495,2.35318
2025/26,28980,2026-01-08,Arsenal,Liverpool,0,0,0.701832,0.318642
2025/26,28990,2026-01-17,Chelsea,Brentford,2,0,1.62263,1.47521
2025/26,28991,2026-01-17,Leeds,Fulham,1,0,2.16898,0.258796
2025/26,28992,2026-01-17,Liverpool,Burnley,1,1,3.49045,0.546971
2025/26,28993,2026-01-17,Man United,Man City,2,0,3.07278,0.387015
2025/26,28994,2026-01-17,Nott'm Forest,Arsenal,0,0,0.318481,2.86323
2025/26,28995,2026-01-17,Sunderland,Crystal Palace,2,1,1.84601,1.15169
2025/26,28996,2026-01-17,Tottenham,West Ham,1,2,1.65292,2.76761
2025/26,28988,2026-01-18,Aston Villa,Everton,0,1,0.905393,0.745859
2025/26,28997,2026-01-18,Wolves,Newcastle,0,0,0.390216,0.813313
2025/26,28989,2026-01-19,Brighton,Bournemouth,1,1,0.995777,1.69737
2025/26,28998,2026-01-24,Bournemouth,Liverpool,3,2,3.31474,0.937335
2025/26,29001,2026-01-24,Burnley,Tottenham,2,2,1.54884,2.59093
2025/26,29004,2026-01-24,Fulham,Brighton,2,1,1.13243,1.94652
2025/26,29005,2026-01-24,Man City,Wolves,2,0,1.0654,0.542683
2025/26,29007,2026-01-24,West Ham,Sunderland,3,1,2.18675,0.713838
2025/26,28999,2026-01-25,Arsenal,Man United,2,3,1.42411,0.640902
2025/26,29000,2026-01-25,Brentford,Nott'm Forest,0,2,2.00413,1.38958
2025/26,29002,2026-01-25,Crystal Palace,Chelsea,1,3,2.41793,3.08817
2025/26,29006,2026-01-25,Newcastle,Aston Villa,0,2,1.95484,1.32143
2025/26,29003,2026-01-26,Everton,Leeds,1,1,0.889916,1.6766
2025/26,29010,2026-01-31,Brighton,Everton,1,1,1.42825,1.28126
2025/26,29009,2026-01-31,Chelsea,West Ham,3,2,2.66133,1.72585
2025/26,29015,2026-01-31,Leeds,Arsenal,0,4,0.17871,3.54427
2025/26,29014,2026-01-31,Liverpool,Newcastle,4,1,3.09973,0.284319
2025/26,29017,2026-01-31,Wolves,Bournemouth,0,2,2.10353,1.59116
2025/26,29008,2026-02-01,Aston Villa,Brentford,0,1,2.15316,0.314916
2025/26,29012,2026-02-01,Man United,Fulham,3,2,1.84362,1.71998
2025/26,29013,2026-02-01,Nott'm Forest,Crystal Palace,1,1,0.987254,1.648
2025/26,29016,2026-02-01,Tottenham,Man City,2,2,1.49738,2.03614
2025/26,29011,2026-02-02,Sunderland,Burnley,3,0,1.8865,0.126371
2025/26,29023,2026-02-06,Leeds,Nott'm Forest,3,1,3.38179,1.6608
2025/26,29019,2026-02-07,Arsenal,Sunderland,3,0,1.19401,0.427225
2025/26,29018,2026-02-07,Bournemouth,Aston Villa,1,1,1.82646,0.646496
2025/26,29021,2026-02-07,Burnley,West Ham,0,2,1.84644,1.1223
2025/26,29022,2026-02-07,Fulham,Everton,1,2,2.20126,1.88778
2025/26,29025,2026-02-07,Man United,Tottenham,2,0,2.16576,0.593404
2025/26,29026,2026-02-07,Newcastle,Brentford,2,3,3.3215,1.65022
2025/26,29027,2026-02-07,Wolves,Chelsea,1,3,1.11372,3.76278
2025/26,29020,2026-02-08,Brighton,Crystal Palace,0,1,0.737798,0.928404
2025/26,29024,2026-02-08,Liverpool,Man City,1,2,1.26652,2.41476
2025/26,29030,2026-02-10,Chelsea,Leeds,2,2,3.21176,1.28948
2025/26,29032,2026-02-10,Everton,Bournemouth,1,2,2.33114,1.4121
2025/26,29036,2026-02-10,Tottenham,Newcastle,1,2,1.68925,2.46991
2025/26,29037,2026-02-10,West Ham,Man United,1,1,1.30746,0.735767
2025/26,29028,2026-02-11,Aston Villa,Brighton,1,0,0.576138,0.481306
2025/26,29031,2026-02-11,Crystal Palace,Burnley,2,3,2.1276,0.691273
2025/26,29033,2026-02-11,Man City,Fulham,3,0,1.67722,1.05283
2025/26,29034,2026-02-11,Nott'm Forest,Wolves,0,0,3.69094,0.406959
2025/26,29035,2026-02-11,Sunderland,Liverpool,0,1,0.693794,3.08172
2025/26,29029,2026-02-12,Brentford,Arsenal,1,1,1.81154,0.78418
2025/26,29087,2026-02-18,Wolves,Arsenal,2,2,0.173119,2.01018
2025/26,29038,2026-02-21,Aston Villa,Leeds,1,1,1.25439,1.27855
2025/26,29039,2026-02-21,Brentford,Brighton,0,2,1.69023,1.37203
2025/26,29040,2026-02-21,Chelsea,Burnley,1,1,2.51534,1.01255
2025/26,29043,2026-02-21,Man City,Newcastle,2,1,2.22648,0.507954
2025/26,29047,2026-02-21,West Ham,Bournemouth,0,0,2.34412,0.522731
2025/26,29041,2026-02-22,Crystal Palace,Wolves,1,0,2.03559,1.67749
2025/26,29044,2026-02-22,Nott'm Forest,Liverpool,0,1,0.934768,2.39634
2025/26,29045,2026-02-22,Sunderland,Fulham,1,3,1.7609,2.16696
2025/26,29046,2026-02-22,Tottenham,Arsenal,1,4,0.383264,3.31701
2025/26,29042,2026-02-23,Everton,Man United,0,1,0.560924,1.4547
2025/26,29057,2026-02-27,Wolves,Aston Villa,2,0,1.50771,1.31328
2025/26,29048,2026-02-28,Bournemouth,Sunderland,1,1,1.82434,1.07887
2025/26,29051,2026-02-28,Burnley,Brentford,3,4,0.823824,2.44595
2025/26,29053,2026-02-28,Leeds,Man City,0,1,1.37824,2.46834
2025/26,29054,2026-02-28,Liverpool,West Ham,5,2,2.09939,1.3517
2025/26,29056,2026-02-28,Newcastle,Everton,2,3,1.11889,2.40731
2025/26,29049,2026-03-01,Arsenal,Chelsea,2,1,1.71598,1.35268
2025/26,29050,2026-03-01,Brighton,Nott'm Forest,2,1,1.20107,0.83055
2025/26,29052,2026-03-01,Fulham,Tottenham,2,1,2.3207,0.952091
2025/26,29055,2026-03-01,Man United,Crystal Palace,2,1,2.34609,0.384699
2025/26,29058,2026-03-03,Bournemouth,Brentford,0,0,2.3177,0.673328
2025/26,29061,2026-03-03,Everton,Burnley,2,0,1.15845,0.762229
2025/26,29063,2026-03-03,Leeds,Sunderland,0,1,0.888232,0.843856
2025/26,29067,2026-03-03,Wolves,Liverpool,2,1,0.636033,2.17217
2025/26,29059,2026-03-04,Aston Villa,Chelsea,1,4,1.06854,3.38883
2025/26,29060,2026-03-04,Brighton,Arsenal,0,1,0.919228,0.514803
2025/26,29062,2026-03-04,Fulham,West Ham,0,1,0.628123,1.49528
2025/26,29064,2026-03-04,Man City,Nott'm Forest,2,2,2.72655,1.23642
2025/26,29065,2026-03-04,Newcastle,Man United,2,1,1.96637,1.80571
2025/26,29066,2026-03-05,Tottenham,Crystal Palace,1,3,1.29615,1.91515
2025/26,29068,2026-03-14,Arsenal,Everton,2,0,1.90855,1.17847
2025/26,29070,2026-03-14,Burnley,Bournemouth,0,0,1.67695,2.36979
2025/26,29071,2026-03-14,Chelsea,Newcastle,0,1,1.72508,1.03251
2025/26,29076,2026-03-14,Sunderland,Brighton,0,1,0.659083,1.12832
2025/26,29077,2026-03-14,West Ham,Man City,1,1,0.488982,1.9546
2025/26,29072,2026-03-15,Crystal Palace,Leeds,0,0,0.525205,1.13558
2025/26,29073,2026-03-15,Liverpool,Tottenham,1,1,1.30076,1.15636
2025/26,29074,2026-03-15,Man United,Aston Villa,3,1,1.67823,1.21071
2025/26,29075,2026-03-15,Nott'm Forest,Fulham,0,0,0.821011,0.933988
2025/26,29069,2026-03-16,Brentford,Wolves,2,2,2.7966,1.80044
2025/26,29078,2026-03-20,Bournemouth,Man United,2,2,1.76664,1.74574
2025/26,29080,2026-03-21,Brighton,Liverpool,2,1,3.42956,0.956801
2025/26,29081,2026-03-21,Everton,Chelsea,3,0,1.44532,1.35143
2025/26,29082,2026-03-21,Fulham,Burnley,3,1,3.48438,1.92556
2025/26,29083,2026-03-21,Leeds,Brentford,0,0,0.417296,0.302221
2025/26,29079,2026-03-22,Aston Villa,West Ham,2,0,2.48528,0.760054
2025/26,29085,2026-03-22,Newcastle,Sunderland,1,2,1.26705,2.66657
2025/26,29086,2026-03-22,Tottenham,Nott'm Forest,0,3,1.6189,1.54408
2025/26,29091,2026-04-10,West Ham,Wolves,4,0,2.54379,0.571967
2025/26,29092,2026-04-11,Arsenal,Bournemouth,1,2,3.16346,1.39461
2025/26,29093,2026-04-11,Brentford,Everton,2,2,2.26302,1.57033
2025/26,29094,2026-04-11,Burnley,Brighton,0,2,0.812029,1.07182
2025/26,29097,2026-04-11,Liverpool,Fulham,2,0,2.01499,1.42024
2025/26,29095,2026-04-12,Chelsea,Man City,0,3,1.22108,2.40839
2025/26,29096,2026-04-12,Crystal Palace,Newcastle,2,1,3.13933,1.27299
2025/26,29089,2026-04-12,Nott'm Forest,Aston Villa,1,1,0.85045,1.36297
2025/26,29090,2026-04-12,Sunderland,Tottenham,1,0,1.77584,1.01598
2025/26,29088,2026-04-13,Man United,Leeds,1,2,1.36555,2.95118
2025/26,29099,2026-04-18,Brentford,Fulham,0,0,2.33552,0.790707
2025/26,29100,2026-04-18,Chelsea,Man United,0,1,1.28109,0.436043
2025/26,29103,2026-04-18,Leeds,Wolves,3,0,3.55804,0.568627
2025/26,29105,2026-04-18,Newcastle,Bournemouth,1,2,1.61167,3.36662
2025/26,29107,2026-04-18,Tottenham,Brighton,2,2,1.56052,1.1373
2025/26,29098,2026-04-19,Aston Villa,Sunderland,4,3,3.90223,1.56008
2025/26,29102,2026-04-19,Everton,Liverpool,1,2,1.4784,1.38333
2025/26,29104,2026-04-19,Man City,Arsenal,2,1,2.61528,2.28964
2025/26,29106,2026-04-19,Nott'm Forest,Burnley,4,1,1.4425,0.601418
2025/26,29101,2026-04-20,Crystal Palace,West Ham,0,0,0.733442,0.622445
2025/26,29110,2026-04-21,Brighton,Chelsea,3,0,2.51784,0.297865
2025/26,29108,2026-04-22,Bournemouth,Leeds,2,2,1.91355,1.21601
2025/26,29111,2026-04-22,Burnley,Man City,0,1,0.973776,3.40888
2025/26,29115,2026-04-24,Sunderland,Nott'm Forest,0,5,0.614323,1.54208
2025/26,29109,2026-04-25,Arsenal,Newcastle,1,0,0.639189,0.868897
2025/26,29112,2026-04-25,Fulham,Aston Villa,1,0,1.24069,0.906156
2025/26,29113,2026-04-25,Liverpool,Crystal Palace,3,1,1.45071,2.19912
2025/26,29116,2026-04-25,West Ham,Everton,2,1,1.8356,1.1144
2025/26,29117,2026-04-25,Wolves,Tottenham,0,1,0.762656,1.06403
2025/26,29114,2026-04-27,Man United,Brentford,2,1,1.84852,1.30383
2025/26,29124,2026-05-01,Leeds,Burnley,3,1,2.09546,0.434597
2025/26,29119,2026-05-02,Arsenal,Fulham,3,0,4.09079,0.696714
2025/26,29121,2026-05-02,Brentford,West Ham,3,0,2.27374,0.753895
2025/26,29126,2026-05-02,Newcastle,Brighton,3,1,3.12933,1.87112
2025/26,29127,2026-05-02,Wolves,Sunderland,1,1,1.96131,0.923954
2025/26,29120,2026-05-03,Aston Villa,Tottenham,1,2,0.609494,1.12225
2025/26,29118,2026-05-03,Bournemouth,Crystal Palace,3,0,2.29626,0.678329
2025/26,29125,2026-05-03,Man United,Liverpool,3,2,2.55612,1.02814
2025/26,29122,2026-05-04,Chelsea,Nott'm Forest,1,3,2.17132,2.31019
2025/26,29123,2026-05-04,Everton,Man City,3,3,1.68558,1.41706
2025/26,29128,2026-05-09,Brighton,Wolves,3,0,2.22427,0.515647
2025/26,29131,2026-05-09,Fulham,Bournemouth,0,1,1.24334,0.998003
2025/26,29132,2026-05-09,Liverpool,Chelsea,1,1,0.623191,0.597184
2025/26,29133,2026-05-09,Man City,Brentford,3,0,4.37429,0.670038
2025/26,29135,2026-05-09,Sunderland,Man United,0,0,1.2376,0.535981
2025/26,29129,2026-05-10,Burnley,Aston Villa,2,2,1.71234,1.75493
2025/26,29130,2026-05-10,Crystal Palace,Everton,2,2,3.28826,2.10265
2025/26,29134,2026-05-10,Nott'm Forest,Newcastle,1,1,1.46434,1.65067
2025/26,29137,2026-05-10,West Ham,Arsenal,0,1,1.32011,1.42953
2025/26,29136,2026-05-11,Tottenham,Leeds,1,1,1.49036,1.86976
2025/26,29084,2026-05-13,Man City,Crystal Palace,3,0,1.95679,0.428862
2025/26,29140,2026-05-15,Aston Villa,Liverpool,4,2,2.5252,1.55027
2025/26,29141,2026-05-17,Brentford,Crystal Palace,2,2,1.54564,1.82274
2025/26,29143,2026-05-17,Everton,Sunderland,1,3,1.32181,1.28383
2025/26,29144,2026-05-17,Leeds,Brighton,1,0,0.747756,2.23238
2025/26,29145,2026-05-17,Man United,Nott'm Forest,3,2,4.28532,1.84418
2025/26,29146,2026-05-17,Newcastle,West Ham,3,1,2.1336,0.957771
2025/26,29147,2026-05-17,Wolves,Fulham,1,1,1.49725,1.48412
2025/26,29139,2026-05-18,Arsenal,Burnley,1,0,1.22695,0.194884
2025/26,29138,2026-05-19,Bournemouth,Man City,1,1,1.71486,1.26917
2025/26,29142,2026-05-19,Chelsea,Tottenham,2,1,1.09262,2.15227
2025/26,29148,2026-05-24,Brighton,Man United,0,3,0.702398,2.32868
2025/26,29149,2026-05-24,Burnley,Wolves,1,1,1.28476,2.8433
2025/26,29150,2026-05-24,Crystal Palace,Arsenal,1,2,1.00492,3.90645
2025/26,29151,2026-05-24,Fulham,Newcastle,2,0,1.72878,0.24232
2025/26,29152,2026-05-24,Liverpool,Brentford,1,1,2.99412,1.46082
2025/26,29153,2026-05-24,Man City,Aston Villa,1,2,1.38085,2.4397
2025/26,29154,2026-05-24,Nott'm Forest,Bournemouth,1,1,2.05852,1.33684
2025/26,29155,2026-05-24,Sunderland,Chelsea,2,1,2.33109,0.920885
2025/26,29156,2026-05-24,Tottenham,Everton,1,0,1.40597,0.268476
2025/26,29157,2026-05-24,West Ham,Leeds,3,0,2.73135,1.94969
