event_idx,group,relative_match,points,team,season,manager,appointment_type
203,Changed manager,-10,1.0,Arsenal,2019/20,Freddie Ljungberg,caretaker
481,Changed manager,-10,0.0,Aston Villa,2014/15,Tim Sherwood,permanent
504,Changed manager,-10,3.0,Aston Villa,2015/16,Kevin MacDonald,caretaker
619,Changed manager,-10,3.0,Aston Villa,2021/22,Steven Gerrard,permanent
657,Changed manager,-10,3.0,Aston Villa,2022/23,Aaron Danks,caretaker
2106,Changed manager,-10,1.0,Chelsea,2015/16,Steve Holland,caretaker
2299,Changed manager,-10,1.0,Chelsea,2020/21,Thomas Tuchel,permanent
2384,Changed manager,-10,3.0,Chelsea,2022/23,Bruno Saltor,caretaker
2489,Changed manager,-10,3.0,Chelsea,2025/26,Calum McFarlane,caretaker
2526,Changed manager,-10,1.0,Crystal Palace,2014/15,Keith Millen,caretaker
2601,Changed manager,-10,0.0,Crystal Palace,2016/17,Sam Allardyce,permanent
2839,Changed manager,-10,0.0,Crystal Palace,2022/23,Patrick McCarthy,caretaker
2874,Changed manager,-10,0.0,Crystal Palace,2023/24,Ray Lewington,caretaker
3169,Changed manager,-10,0.0,Everton,2019/20,Duncan Ferguson,caretaker
3249,Changed manager,-10,0.0,Everton,2021/22,Duncan Ferguson,caretaker
3288,Changed manager,-10,0.0,Everton,2022/23,Sean Dyche,permanent
3363,Changed manager,-10,0.0,Everton,2024/25,David Moyes,permanent
3432,Changed manager,-10,3.0,Fulham,2018/19,Claudio Ranieri,permanent
3448,Changed manager,-10,1.0,Fulham,2018/19,Scott Parker,permanent
3708,Changed manager,-10,3.0,Huddersfield,2018/19,Mark Hudson,caretaker
3782,Changed manager,-10,3.0,Hull,2016/17,Marco Silva,permanent
3902,Changed manager,-10,0.0,Leeds,2021/22,Jesse Marsch,permanent
3934,Changed manager,-10,0.0,Leeds,2022/23,Michael Skubala,caretaker
4091,Changed manager,-10,0.0,Leicester,2016/17,Craig Shakespeare,caretaker_made_permanent
4169,Changed manager,-10,3.0,Leicester,2018/19,Mike Stowell,caretaker
4322,Changed manager,-10,0.0,Leicester,2022/23,Adam Sadler,caretaker
4344,Changed manager,-10,0.0,Leicester,2024/25,Ben Dawson,caretaker
5489,Changed manager,-10,3.0,Man United,2018/19,Ole Gunnar Solskjær,permanent
5598,Changed manager,-10,3.0,Man United,2021/22,Michael Carrick,caretaker
5758,Changed manager,-10,1.0,Man United,2025/26,Darren Fletcher,caretaker
5803,Changed manager,-10,0.0,Middlesbrough,2016/17,Steve Agnew,caretaker
5833,Changed manager,-10,3.0,Newcastle,2014/15,John Carver,caretaker_made_permanent
5880,Changed manager,-10,0.0,Newcastle,2015/16,Rafael Benítez,permanent
6319,Changed manager,-10,0.0,Norwich,2021/22,Dean Smith,permanent
6401,Changed manager,-10,1.0,Nott'm Forest,2023/24,Nuno Espírito Santo,permanent
6486,Changed manager,-10,0.0,Nott'm Forest,2025/26,Vítor Pereira,permanent
6521,Changed manager,-10,0.0,QPR,2014/15,Chris Ramsey,caretaker_made_permanent
6602,Changed manager,-10,0.0,Sheffield United,2020/21,Paul Heckingbottom,caretaker_made_permanent
6626,Changed manager,-10,0.0,Sheffield United,2023/24,Chris Wilder,permanent
6816,Changed manager,-10,1.0,Southampton,2018/19,Kelvin Davis,caretaker
6968,Changed manager,-10,3.0,Southampton,2022/23,Nathan Jones,permanent
7008,Changed manager,-10,0.0,Southampton,2024/25,Simon Rusk,caretaker
7166,Changed manager,-10,0.0,Stoke,2017/18,Eddie Niedzwiecki,caretaker
7387,Changed manager,-10,1.0,Swansea,2015/16,Alan Curtis,caretaker_made_permanent
7428,Changed manager,-10,1.0,Swansea,2016/17,Alan Curtis,caretaker
7466,Changed manager,-10,0.0,Swansea,2017/18,Leon Britton,caretaker
7688,Changed manager,-10,0.0,Tottenham,2019/20,José Mourinho,permanent
7762,Changed manager,-10,3.0,Tottenham,2021/22,Antonio Conte,permanent
7818,Changed manager,-10,0.0,Tottenham,2022/23,Cristian Stellini,caretaker
7930,Changed manager,-10,0.0,Tottenham,2025/26,Igor Tudor,permanent
8042,Changed manager,-10,1.0,Watford,2017/18,Javi Gracia,permanent
8108,Changed manager,-10,1.0,Watford,2019/20,Hayden Mullins,caretaker
8152,Changed manager,-10,0.0,Watford,2021/22,Roy Hodgson,permanent
8189,Changed manager,-10,3.0,West Brom,2014/15,Rob Kelly,caretaker
8296,Changed manager,-10,1.0,West Brom,2017/18,Gary Megson,caretaker
8335,Changed manager,-10,0.0,West Brom,2020/21,Sam Allardyce,permanent
8485,Changed manager,-10,0.0,West Ham,2017/18,David Moyes,permanent
8569,Changed manager,-10,1.0,West Ham,2019/20,David Moyes,permanent
8760,Changed manager,-10,1.0,West Ham,2024/25,Graham Potter,permanent
9060,Changed manager,-10,0.0,Wolves,2024/25,Vítor Pereira,permanent
9092,Changed manager,-10,0.0,Wolves,2025/26,Jamie Collins,caretaker
203,Matched controls (kept manager),-10,1.2431192660550459,Arsenal,2019/20,Freddie Ljungberg,caretaker
481,Matched controls (kept manager),-10,0.2857142857142857,Aston Villa,2014/15,Tim Sherwood,permanent
504,Matched controls (kept manager),-10,0.5510204081632653,Aston Villa,2015/16,Kevin MacDonald,caretaker
619,Matched controls (kept manager),-10,1.5212765957446808,Aston Villa,2021/22,Steven Gerrard,permanent
657,Matched controls (kept manager),-10,1.2559241706161137,Aston Villa,2022/23,Aaron Danks,caretaker
2106,Matched controls (kept manager),-10,1.144736842105263,Chelsea,2015/16,Steve Holland,caretaker
2299,Matched controls (kept manager),-10,1.018181818181818,Chelsea,2020/21,Thomas Tuchel,permanent
2384,Matched controls (kept manager),-10,1.3910034602076125,Chelsea,2022/23,Bruno Saltor,caretaker
2489,Matched controls (kept manager),-10,2.13,Chelsea,2025/26,Calum McFarlane,caretaker
2526,Matched controls (kept manager),-10,0.6306306306306306,Crystal Palace,2014/15,Keith Millen,caretaker
2601,Matched controls (kept manager),-10,0.543859649122807,Crystal Palace,2016/17,Sam Allardyce,permanent
2839,Matched controls (kept manager),-10,0.5176470588235295,Crystal Palace,2022/23,Patrick McCarthy,caretaker
2874,Matched controls (kept manager),-10,0.7959183673469388,Crystal Palace,2023/24,Ray Lewington,caretaker
3169,Matched controls (kept manager),-10,0.6022727272727273,Everton,2019/20,Duncan Ferguson,caretaker
3249,Matched controls (kept manager),-10,0.5098039215686274,Everton,2021/22,Duncan Ferguson,caretaker
3288,Matched controls (kept manager),-10,0.5176470588235295,Everton,2022/23,Sean Dyche,permanent
3363,Matched controls (kept manager),-10,1.144736842105263,Everton,2024/25,David Moyes,permanent
3432,Matched controls (kept manager),-10,0.5176470588235295,Fulham,2018/19,Claudio Ranieri,permanent
3448,Matched controls (kept manager),-10,0.6022727272727273,Fulham,2018/19,Scott Parker,permanent
3708,Matched controls (kept manager),-10,0.543859649122807,Huddersfield,2018/19,Mark Hudson,caretaker
3782,Matched controls (kept manager),-10,0.6232876712328768,Hull,2016/17,Marco Silva,permanent
3902,Matched controls (kept manager),-10,0.6022727272727273,Leeds,2021/22,Jesse Marsch,permanent
3934,Matched controls (kept manager),-10,1.2559241706161137,Leeds,2022/23,Michael Skubala,caretaker
4091,Matched controls (kept manager),-10,0.5176470588235295,Leicester,2016/17,Craig Shakespeare,caretaker_made_permanent
4169,Matched controls (kept manager),-10,1.5212765957446808,Leicester,2018/19,Mike Stowell,caretaker
4322,Matched controls (kept manager),-10,1.144736842105263,Leicester,2022/23,Adam Sadler,caretaker
4344,Matched controls (kept manager),-10,1.2559241706161137,Leicester,2024/25,Ben Dawson,caretaker
5489,Matched controls (kept manager),-10,1.8615384615384616,Man United,2018/19,Ole Gunnar Solskjær,permanent
5598,Matched controls (kept manager),-10,1.3868613138686132,Man United,2021/22,Michael Carrick,caretaker
5758,Matched controls (kept manager),-10,1.2820512820512822,Man United,2025/26,Darren Fletcher,caretaker
5803,Matched controls (kept manager),-10,0.543859649122807,Middlesbrough,2016/17,Steve Agnew,caretaker
5833,Matched controls (kept manager),-10,1.9378531073446328,Newcastle,2014/15,John Carver,caretaker_made_permanent
5880,Matched controls (kept manager),-10,0.6022727272727273,Newcastle,2015/16,Rafael Benítez,permanent
6319,Matched controls (kept manager),-10,0.3333333333333333,Norwich,2021/22,Dean Smith,permanent
6401,Matched controls (kept manager),-10,0.6232876712328768,Nott'm Forest,2023/24,Nuno Espírito Santo,permanent
6486,Matched controls (kept manager),-10,1.060483870967742,Nott'm Forest,2025/26,Vítor Pereira,permanent
6521,Matched controls (kept manager),-10,1.2457627118644068,QPR,2014/15,Chris Ramsey,caretaker_made_permanent
6602,Matched controls (kept manager),-10,0.869198312236287,Sheffield United,2020/21,Paul Heckingbottom,caretaker_made_permanent
6626,Matched controls (kept manager),-10,0.543859649122807,Sheffield United,2023/24,Chris Wilder,permanent
6816,Matched controls (kept manager),-10,0.3925233644859813,Southampton,2018/19,Kelvin Davis,caretaker
6968,Matched controls (kept manager),-10,1.144736842105263,Southampton,2022/23,Nathan Jones,permanent
7008,Matched controls (kept manager),-10,0.5510204081632653,Southampton,2024/25,Simon Rusk,caretaker
7166,Matched controls (kept manager),-10,0.6306306306306306,Stoke,2017/18,Eddie Niedzwiecki,caretaker
7387,Matched controls (kept manager),-10,0.6232876712328768,Swansea,2015/16,Alan Curtis,caretaker_made_permanent
7428,Matched controls (kept manager),-10,1.2457627118644068,Swansea,2016/17,Alan Curtis,caretaker
7466,Matched controls (kept manager),-10,0.2727272727272727,Swansea,2017/18,Leon Britton,caretaker
7688,Matched controls (kept manager),-10,1.1592356687898089,Tottenham,2019/20,José Mourinho,permanent
7762,Matched controls (kept manager),-10,1.7863247863247864,Tottenham,2021/22,Antonio Conte,permanent
7818,Matched controls (kept manager),-10,1.8615384615384616,Tottenham,2022/23,Cristian Stellini,caretaker
7930,Matched controls (kept manager),-10,0.6306306306306306,Tottenham,2025/26,Igor Tudor,permanent
8042,Matched controls (kept manager),-10,0.5098039215686274,Watford,2017/18,Javi Gracia,permanent
8108,Matched controls (kept manager),-10,0.5119047619047619,Watford,2019/20,Hayden Mullins,caretaker
8152,Matched controls (kept manager),-10,0.543859649122807,Watford,2021/22,Roy Hodgson,permanent
8189,Matched controls (kept manager),-10,0.6022727272727273,West Brom,2014/15,Rob Kelly,caretaker
8296,Matched controls (kept manager),-10,0.5510204081632653,West Brom,2017/18,Gary Megson,caretaker
8335,Matched controls (kept manager),-10,0.6232876712328768,West Brom,2020/21,Sam Allardyce,permanent
8485,Matched controls (kept manager),-10,1.2559241706161137,West Ham,2017/18,David Moyes,permanent
8569,Matched controls (kept manager),-10,0.5119047619047619,West Ham,2019/20,David Moyes,permanent
8760,Matched controls (kept manager),-10,1.018181818181818,West Ham,2024/25,Graham Potter,permanent
9060,Matched controls (kept manager),-10,1.2457627118644068,Wolves,2024/25,Vítor Pereira,permanent
9092,Matched controls (kept manager),-10,0.17391304347826086,Wolves,2025/26,Jamie Collins,caretaker
203,Changed manager,-9,1.0,Arsenal,2019/20,Freddie Ljungberg,caretaker
481,Changed manager,-9,1.0,Aston Villa,2014/15,Tim Sherwood,permanent
504,Changed manager,-9,0.0,Aston Villa,2015/16,Kevin MacDonald,caretaker
619,Changed manager,-9,1.0,Aston Villa,2021/22,Steven Gerrard,permanent
657,Changed manager,-9,0.0,Aston Villa,2022/23,Aaron Danks,caretaker
2106,Changed manager,-9,0.0,Chelsea,2015/16,Steve Holland,caretaker
2299,Changed manager,-9,3.0,Chelsea,2020/21,Thomas Tuchel,permanent
2384,Changed manager,-9,1.0,Chelsea,2022/23,Bruno Saltor,caretaker
2489,Changed manager,-9,3.0,Chelsea,2025/26,Calum McFarlane,caretaker
2526,Changed manager,-9,0.0,Crystal Palace,2014/15,Keith Millen,caretaker
2601,Changed manager,-9,0.0,Crystal Palace,2016/17,Sam Allardyce,permanent
2839,Changed manager,-9,1.0,Crystal Palace,2022/23,Patrick McCarthy,caretaker
2874,Changed manager,-9,0.0,Crystal Palace,2023/24,Ray Lewington,caretaker
3169,Changed manager,-9,0.0,Everton,2019/20,Duncan Ferguson,caretaker
3249,Changed manager,-9,1.0,Everton,2021/22,Duncan Ferguson,caretaker
3288,Changed manager,-9,3.0,Everton,2022/23,Sean Dyche,permanent
3363,Changed manager,-9,1.0,Everton,2024/25,David Moyes,permanent
3432,Changed manager,-9,1.0,Fulham,2018/19,Claudio Ranieri,permanent
3448,Changed manager,-9,3.0,Fulham,2018/19,Scott Parker,permanent
3708,Changed manager,-9,0.0,Huddersfield,2018/19,Mark Hudson,caretaker
3782,Changed manager,-9,0.0,Hull,2016/17,Marco Silva,permanent
3902,Changed manager,-9,0.0,Leeds,2021/22,Jesse Marsch,permanent
3934,Changed manager,-9,3.0,Leeds,2022/23,Michael Skubala,caretaker
4091,Changed manager,-9,1.0,Leicester,2016/17,Craig Shakespeare,caretaker_made_permanent
4169,Changed manager,-9,3.0,Leicester,2018/19,Mike Stowell,caretaker
4322,Changed manager,-9,1.0,Leicester,2022/23,Adam Sadler,caretaker
4344,Changed manager,-9,1.0,Leicester,2024/25,Ben Dawson,caretaker
5489,Changed manager,-9,1.0,Man United,2018/19,Ole Gunnar Solskjær,permanent
5598,Changed manager,-9,3.0,Man United,2021/22,Michael Carrick,caretaker
5758,Changed manager,-9,0.0,Man United,2025/26,Darren Fletcher,caretaker
5803,Changed manager,-9,0.0,Middlesbrough,2016/17,Steve Agnew,caretaker
5833,Changed manager,-9,3.0,Newcastle,2014/15,John Carver,caretaker_made_permanent
5880,Changed manager,-9,0.0,Newcastle,2015/16,Rafael Benítez,permanent
6319,Changed manager,-9,0.0,Norwich,2021/22,Dean Smith,permanent
6401,Changed manager,-9,1.0,Nott'm Forest,2023/24,Nuno Espírito Santo,permanent
6486,Changed manager,-9,0.0,Nott'm Forest,2025/26,Vítor Pereira,permanent
6521,Changed manager,-9,3.0,QPR,2014/15,Chris Ramsey,caretaker_made_permanent
6602,Changed manager,-9,3.0,Sheffield United,2020/21,Paul Heckingbottom,caretaker_made_permanent
6626,Changed manager,-9,0.0,Sheffield United,2023/24,Chris Wilder,permanent
6816,Changed manager,-9,0.0,Southampton,2018/19,Kelvin Davis,caretaker
6968,Changed manager,-9,0.0,Southampton,2022/23,Nathan Jones,permanent
7008,Changed manager,-9,0.0,Southampton,2024/25,Simon Rusk,caretaker
7166,Changed manager,-9,0.0,Stoke,2017/18,Eddie Niedzwiecki,caretaker
7387,Changed manager,-9,0.0,Swansea,2015/16,Alan Curtis,caretaker_made_permanent
7428,Changed manager,-9,0.0,Swansea,2016/17,Alan Curtis,caretaker
7466,Changed manager,-9,0.0,Swansea,2017/18,Leon Britton,caretaker
7688,Changed manager,-9,1.0,Tottenham,2019/20,José Mourinho,permanent
7762,Changed manager,-9,3.0,Tottenham,2021/22,Antonio Conte,permanent
7818,Changed manager,-9,0.0,Tottenham,2022/23,Cristian Stellini,caretaker
7930,Changed manager,-9,3.0,Tottenham,2025/26,Igor Tudor,permanent
8042,Changed manager,-9,0.0,Watford,2017/18,Javi Gracia,permanent
8108,Changed manager,-9,0.0,Watford,2019/20,Hayden Mullins,caretaker
8152,Changed manager,-9,3.0,Watford,2021/22,Roy Hodgson,permanent
8189,Changed manager,-9,0.0,West Brom,2014/15,Rob Kelly,caretaker
8296,Changed manager,-9,0.0,West Brom,2017/18,Gary Megson,caretaker
8335,Changed manager,-9,1.0,West Brom,2020/21,Sam Allardyce,permanent
8485,Changed manager,-9,0.0,West Ham,2017/18,David Moyes,permanent
8569,Changed manager,-9,0.0,West Ham,2019/20,David Moyes,permanent
8760,Changed manager,-9,3.0,West Ham,2024/25,Graham Potter,permanent
9060,Changed manager,-9,0.0,Wolves,2024/25,Vítor Pereira,permanent
9092,Changed manager,-9,0.0,Wolves,2025/26,Jamie Collins,caretaker
203,Matched controls (kept manager),-9,1.261467889908257,Arsenal,2019/20,Freddie Ljungberg,caretaker
481,Matched controls (kept manager),-9,0.21428571428571427,Aston Villa,2014/15,Tim Sherwood,permanent
504,Matched controls (kept manager),-9,0.4897959183673469,Aston Villa,2015/16,Kevin MacDonald,caretaker
619,Matched controls (kept manager),-9,1.3297872340425532,Aston Villa,2021/22,Steven Gerrard,permanent
657,Matched controls (kept manager),-9,1.146919431279621,Aston Villa,2022/23,Aaron Danks,caretaker
2106,Matched controls (kept manager),-9,1.0723684210526316,Chelsea,2015/16,Steve Holland,caretaker
2299,Matched controls (kept manager),-9,1.1563636363636363,Chelsea,2020/21,Thomas Tuchel,permanent
2384,Matched controls (kept manager),-9,1.4083044982698962,Chelsea,2022/23,Bruno Saltor,caretaker
2489,Matched controls (kept manager),-9,2.11,Chelsea,2025/26,Calum McFarlane,caretaker
2526,Matched controls (kept manager),-9,0.8288288288288288,Crystal Palace,2014/15,Keith Millen,caretaker
2601,Matched controls (kept manager),-9,0.43859649122807015,Crystal Palace,2016/17,Sam Allardyce,permanent
2839,Matched controls (kept manager),-9,0.611764705882353,Crystal Palace,2022/23,Patrick McCarthy,caretaker
2874,Matched controls (kept manager),-9,0.7210884353741497,Crystal Palace,2023/24,Ray Lewington,caretaker
3169,Matched controls (kept manager),-9,0.8409090909090909,Everton,2019/20,Duncan Ferguson,caretaker
3249,Matched controls (kept manager),-9,0.5686274509803921,Everton,2021/22,Duncan Ferguson,caretaker
3288,Matched controls (kept manager),-9,0.611764705882353,Everton,2022/23,Sean Dyche,permanent
3363,Matched controls (kept manager),-9,1.0723684210526316,Everton,2024/25,David Moyes,permanent
3432,Matched controls (kept manager),-9,0.611764705882353,Fulham,2018/19,Claudio Ranieri,permanent
3448,Matched controls (kept manager),-9,0.8409090909090909,Fulham,2018/19,Scott Parker,permanent
3708,Matched controls (kept manager),-9,0.43859649122807015,Huddersfield,2018/19,Mark Hudson,caretaker
3782,Matched controls (kept manager),-9,0.7671232876712328,Hull,2016/17,Marco Silva,permanent
3902,Matched controls (kept manager),-9,0.8409090909090909,Leeds,2021/22,Jesse Marsch,permanent
3934,Matched controls (kept manager),-9,1.146919431279621,Leeds,2022/23,Michael Skubala,caretaker
4091,Matched controls (kept manager),-9,0.611764705882353,Leicester,2016/17,Craig Shakespeare,caretaker_made_permanent
4169,Matched controls (kept manager),-9,1.3297872340425532,Leicester,2018/19,Mike Stowell,caretaker
4322,Matched controls (kept manager),-9,1.0723684210526316,Leicester,2022/23,Adam Sadler,caretaker
4344,Matched controls (kept manager),-9,1.146919431279621,Leicester,2024/25,Ben Dawson,caretaker
5489,Matched controls (kept manager),-9,1.9333333333333333,Man United,2018/19,Ole Gunnar Solskjær,permanent
5598,Matched controls (kept manager),-9,1.4817518248175183,Man United,2021/22,Michael Carrick,caretaker
5758,Matched controls (kept manager),-9,1.2857142857142858,Man United,2025/26,Darren Fletcher,caretaker
5803,Matched controls (kept manager),-9,0.43859649122807015,Middlesbrough,2016/17,Steve Agnew,caretaker
5833,Matched controls (kept manager),-9,2.0112994350282487,Newcastle,2014/15,John Carver,caretaker_made_permanent
5880,Matched controls (kept manager),-9,0.8409090909090909,Newcastle,2015/16,Rafael Benítez,permanent
6319,Matched controls (kept manager),-9,0.3181818181818182,Norwich,2021/22,Dean Smith,permanent
6401,Matched controls (kept manager),-9,0.7671232876712328,Nott'm Forest,2023/24,Nuno Espírito Santo,permanent
6486,Matched controls (kept manager),-9,0.9637096774193549,Nott'm Forest,2025/26,Vítor Pereira,permanent
6521,Matched controls (kept manager),-9,1.11864406779661,QPR,2014/15,Chris Ramsey,caretaker_made_permanent
6602,Matched controls (kept manager),-9,0.8649789029535865,Sheffield United,2020/21,Paul Heckingbottom,caretaker_made_permanent
6626,Matched controls (kept manager),-9,0.43859649122807015,Sheffield United,2023/24,Chris Wilder,permanent
6816,Matched controls (kept manager),-9,0.5233644859813084,Southampton,2018/19,Kelvin Davis,caretaker
6968,Matched controls (kept manager),-9,1.0723684210526316,Southampton,2022/23,Nathan Jones,permanent
7008,Matched controls (kept manager),-9,0.4897959183673469,Southampton,2024/25,Simon Rusk,caretaker
7166,Matched controls (kept manager),-9,0.8288288288288288,Stoke,2017/18,Eddie Niedzwiecki,caretaker
7387,Matched controls (kept manager),-9,0.7671232876712328,Swansea,2015/16,Alan Curtis,caretaker_made_permanent
7428,Matched controls (kept manager),-9,1.11864406779661,Swansea,2016/17,Alan Curtis,caretaker
7466,Matched controls (kept manager),-9,0.21212121212121213,Swansea,2017/18,Leon Britton,caretaker
7688,Matched controls (kept manager),-9,0.9872611464968153,Tottenham,2019/20,José Mourinho,permanent
7762,Matched controls (kept manager),-9,1.6923076923076923,Tottenham,2021/22,Antonio Conte,permanent
7818,Matched controls (kept manager),-9,1.9333333333333333,Tottenham,2022/23,Cristian Stellini,caretaker
7930,Matched controls (kept manager),-9,0.8288288288288288,Tottenham,2025/26,Igor Tudor,permanent
8042,Matched controls (kept manager),-9,0.5686274509803921,Watford,2017/18,Javi Gracia,permanent
8108,Matched controls (kept manager),-9,0.5357142857142857,Watford,2019/20,Hayden Mullins,caretaker
8152,Matched controls (kept manager),-9,0.43859649122807015,Watford,2021/22,Roy Hodgson,permanent
8189,Matched controls (kept manager),-9,0.8409090909090909,West Brom,2014/15,Rob Kelly,caretaker
8296,Matched controls (kept manager),-9,0.4897959183673469,West Brom,2017/18,Gary Megson,caretaker
8335,Matched controls (kept manager),-9,0.7671232876712328,West Brom,2020/21,Sam Allardyce,permanent
8485,Matched controls (kept manager),-9,1.146919431279621,West Ham,2017/18,David Moyes,permanent
8569,Matched controls (kept manager),-9,0.5357142857142857,West Ham,2019/20,David Moyes,permanent
8760,Matched controls (kept manager),-9,1.1563636363636363,West Ham,2024/25,Graham Potter,permanent
9060,Matched controls (kept manager),-9,1.11864406779661,Wolves,2024/25,Vítor Pereira,permanent
9092,Matched controls (kept manager),-9,0.17391304347826086,Wolves,2025/26,Jamie Collins,caretaker
203,Changed manager,-8,3.0,Arsenal,2019/20,Freddie Ljungberg,caretaker
481,Changed manager,-8,0.0,Aston Villa,2014/15,Tim Sherwood,permanent
504,Changed manager,-8,0.0,Aston Villa,2015/16,Kevin MacDonald,caretaker
619,Changed manager,-8,0.0,Aston Villa,2021/22,Steven Gerrard,permanent
657,Changed manager,-8,0.0,Aston Villa,2022/23,Aaron Danks,caretaker
2106,Changed manager,-8,3.0,Chelsea,2015/16,Steve Holland,caretaker
2299,Changed manager,-8,0.0,Chelsea,2020/21,Thomas Tuchel,permanent
2384,Changed manager,-8,1.0,Chelsea,2022/23,Bruno Saltor,caretaker
2489,Changed manager,-8,3.0,Chelsea,2025/26,Calum McFarlane,caretaker
2526,Changed manager,-8,0.0,Crystal Palace,2014/15,Keith Millen,caretaker
2601,Changed manager,-8,0.0,Crystal Palace,2016/17,Sam Allardyce,permanent
2839,Changed manager,-8,1.0,Crystal Palace,2022/23,Patrick McCarthy,caretaker
2874,Changed manager,-8,1.0,Crystal Palace,2023/24,Ray Lewington,caretaker
3169,Changed manager,-8,0.0,Everton,2019/20,Duncan Ferguson,caretaker
3249,Changed manager,-8,0.0,Everton,2021/22,Duncan Ferguson,caretaker
3288,Changed manager,-8,1.0,Everton,2022/23,Sean Dyche,permanent
3363,Changed manager,-8,1.0,Everton,2024/25,David Moyes,permanent
3432,Changed manager,-8,0.0,Fulham,2018/19,Claudio Ranieri,permanent
3448,Changed manager,-8,0.0,Fulham,2018/19,Scott Parker,permanent
3708,Changed manager,-8,0.0,Huddersfield,2018/19,Mark Hudson,caretaker
3782,Changed manager,-8,1.0,Hull,2016/17,Marco Silva,permanent
3902,Changed manager,-8,3.0,Leeds,2021/22,Jesse Marsch,permanent
3934,Changed manager,-8,3.0,Leeds,2022/23,Michael Skubala,caretaker
4091,Changed manager,-8,0.0,Leicester,2016/17,Craig Shakespeare,caretaker_made_permanent
4169,Changed manager,-8,0.0,Leicester,2018/19,Mike Stowell,caretaker
4322,Changed manager,-8,3.0,Leicester,2022/23,Adam Sadler,caretaker
4344,Changed manager,-8,1.0,Leicester,2024/25,Ben Dawson,caretaker
5489,Changed manager,-8,3.0,Man United,2018/19,Ole Gunnar Solskjær,permanent
5598,Changed manager,-8,3.0,Man United,2021/22,Michael Carrick,caretaker
5758,Changed manager,-8,3.0,Man United,2025/26,Darren Fletcher,caretaker
5803,Changed manager,-8,1.0,Middlesbrough,2016/17,Steve Agnew,caretaker
5833,Changed manager,-8,3.0,Newcastle,2014/15,John Carver,caretaker_made_permanent
5880,Changed manager,-8,1.0,Newcastle,2015/16,Rafael Benítez,permanent
6319,Changed manager,-8,0.0,Norwich,2021/22,Dean Smith,permanent
6401,Changed manager,-8,0.0,Nott'm Forest,2023/24,Nuno Espírito Santo,permanent
6486,Changed manager,-8,0.0,Nott'm Forest,2025/26,Vítor Pereira,permanent
6521,Changed manager,-8,0.0,QPR,2014/15,Chris Ramsey,caretaker_made_permanent
6602,Changed manager,-8,0.0,Sheffield United,2020/21,Paul Heckingbottom,caretaker_made_permanent
6626,Changed manager,-8,0.0,Sheffield United,2023/24,Chris Wilder,permanent
6816,Changed manager,-8,0.0,Southampton,2018/19,Kelvin Davis,caretaker
6968,Changed manager,-8,0.0,Southampton,2022/23,Nathan Jones,permanent
7008,Changed manager,-8,0.0,Southampton,2024/25,Simon Rusk,caretaker
7166,Changed manager,-8,3.0,Stoke,2017/18,Eddie Niedzwiecki,caretaker
7387,Changed manager,-8,1.0,Swansea,2015/16,Alan Curtis,caretaker_made_permanent
7428,Changed manager,-8,0.0,Swansea,2016/17,Alan Curtis,caretaker
7466,Changed manager,-8,0.0,Swansea,2017/18,Leon Britton,caretaker
7688,Changed manager,-8,3.0,Tottenham,2019/20,José Mourinho,permanent
7762,Changed manager,-8,3.0,Tottenham,2021/22,Antonio Conte,permanent
7818,Changed manager,-8,3.0,Tottenham,2022/23,Cristian Stellini,caretaker
7930,Changed manager,-8,1.0,Tottenham,2025/26,Igor Tudor,permanent
8042,Changed manager,-8,0.0,Watford,2017/18,Javi Gracia,permanent
8108,Changed manager,-8,0.0,Watford,2019/20,Hayden Mullins,caretaker
8152,Changed manager,-8,0.0,Watford,2021/22,Roy Hodgson,permanent
8189,Changed manager,-8,0.0,West Brom,2014/15,Rob Kelly,caretaker
8296,Changed manager,-8,1.0,West Brom,2017/18,Gary Megson,caretaker
8335,Changed manager,-8,1.0,West Brom,2020/21,Sam Allardyce,permanent
8485,Changed manager,-8,3.0,West Ham,2017/18,David Moyes,permanent
8569,Changed manager,-8,0.0,West Ham,2019/20,David Moyes,permanent
8760,Changed manager,-8,0.0,West Ham,2024/25,Graham Potter,permanent
9060,Changed manager,-8,1.0,Wolves,2024/25,Vítor Pereira,permanent
9092,Changed manager,-8,0.0,Wolves,2025/26,Jamie Collins,caretaker
203,Matched controls (kept manager),-8,1.311926605504587,Arsenal,2019/20,Freddie Ljungberg,caretaker
481,Matched controls (kept manager),-8,0.21428571428571427,Aston Villa,2014/15,Tim Sherwood,permanent
504,Matched controls (kept manager),-8,0.7959183673469388,Aston Villa,2015/16,Kevin MacDonald,caretaker
619,Matched controls (kept manager),-8,1.3085106382978724,Aston Villa,2021/22,Steven Gerrard,permanent
657,Matched controls (kept manager),-8,1.09478672985782,Aston Villa,2022/23,Aaron Danks,caretaker
2106,Matched controls (kept manager),-8,1.0,Chelsea,2015/16,Steve Holland,caretaker
2299,Matched controls (kept manager),-8,1.1345454545454545,Chelsea,2020/21,Thomas Tuchel,permanent
2384,Matched controls (kept manager),-8,1.397923875432526,Chelsea,2022/23,Bruno Saltor,caretaker
2489,Matched controls (kept manager),-8,1.92,Chelsea,2025/26,Calum McFarlane,caretaker
2526,Matched controls (kept manager),-8,0.8018018018018018,Crystal Palace,2014/15,Keith Millen,caretaker
2601,Matched controls (kept manager),-8,0.8070175438596491,Crystal Palace,2016/17,Sam Allardyce,permanent
2839,Matched controls (kept manager),-8,0.9647058823529412,Crystal Palace,2022/23,Patrick McCarthy,caretaker
2874,Matched controls (kept manager),-8,0.7551020408163265,Crystal Palace,2023/24,Ray Lewington,caretaker
3169,Matched controls (kept manager),-8,0.8636363636363636,Everton,2019/20,Duncan Ferguson,caretaker
3249,Matched controls (kept manager),-8,0.9313725490196079,Everton,2021/22,Duncan Ferguson,caretaker
3288,Matched controls (kept manager),-8,0.9647058823529412,Everton,2022/23,Sean Dyche,permanent
3363,Matched controls (kept manager),-8,1.0,Everton,2024/25,David Moyes,permanent
3432,Matched controls (kept manager),-8,0.9647058823529412,Fulham,2018/19,Claudio Ranieri,permanent
3448,Matched controls (kept manager),-8,0.8636363636363636,Fulham,2018/19,Scott Parker,permanent
3708,Matched controls (kept manager),-8,0.8070175438596491,Huddersfield,2018/19,Mark Hudson,caretaker
3782,Matched controls (kept manager),-8,0.8356164383561644,Hull,2016/17,Marco Silva,permanent
3902,Matched controls (kept manager),-8,0.8636363636363636,Leeds,2021/22,Jesse Marsch,permanent
3934,Matched controls (kept manager),-8,1.09478672985782,Leeds,2022/23,Michael Skubala,caretaker
4091,Matched controls (kept manager),-8,0.9647058823529412,Leicester,2016/17,Craig Shakespeare,caretaker_made_permanent
4169,Matched controls (kept manager),-8,1.3085106382978724,Leicester,2018/19,Mike Stowell,caretaker
4322,Matched controls (kept manager),-8,1.0,Leicester,2022/23,Adam Sadler,caretaker
4344,Matched controls (kept manager),-8,1.09478672985782,Leicester,2024/25,Ben Dawson,caretaker
5489,Matched controls (kept manager),-8,1.8153846153846154,Man United,2018/19,Ole Gunnar Solskjær,permanent
5598,Matched controls (kept manager),-8,1.4598540145985401,Man United,2021/22,Michael Carrick,caretaker
5758,Matched controls (kept manager),-8,1.3516483516483517,Man United,2025/26,Darren Fletcher,caretaker
5803,Matched controls (kept manager),-8,0.8070175438596491,Middlesbrough,2016/17,Steve Agnew,caretaker
5833,Matched controls (kept manager),-8,1.8361581920903955,Newcastle,2014/15,John Carver,caretaker_made_permanent
5880,Matched controls (kept manager),-8,0.8636363636363636,Newcastle,2015/16,Rafael Benítez,permanent
6319,Matched controls (kept manager),-8,0.4393939393939394,Norwich,2021/22,Dean Smith,permanent
6401,Matched controls (kept manager),-8,0.8356164383561644,Nott'm Forest,2023/24,Nuno Espírito Santo,permanent
6486,Matched controls (kept manager),-8,1.032258064516129,Nott'm Forest,2025/26,Vítor Pereira,permanent
6521,Matched controls (kept manager),-8,1.0508474576271187,QPR,2014/15,Chris Ramsey,caretaker_made_permanent
6602,Matched controls (kept manager),-8,0.7679324894514767,Sheffield United,2020/21,Paul Heckingbottom,caretaker_made_permanent
6626,Matched controls (kept manager),-8,0.8070175438596491,Sheffield United,2023/24,Chris Wilder,permanent
6816,Matched controls (kept manager),-8,0.7850467289719626,Southampton,2018/19,Kelvin Davis,caretaker
6968,Matched controls (kept manager),-8,1.0,Southampton,2022/23,Nathan Jones,permanent
7008,Matched controls (kept manager),-8,0.7959183673469388,Southampton,2024/25,Simon Rusk,caretaker
7166,Matched controls (kept manager),-8,0.8018018018018018,Stoke,2017/18,Eddie Niedzwiecki,caretaker
7387,Matched controls (kept manager),-8,0.8356164383561644,Swansea,2015/16,Alan Curtis,caretaker_made_permanent
7428,Matched controls (kept manager),-8,1.0508474576271187,Swansea,2016/17,Alan Curtis,caretaker
7466,Matched controls (kept manager),-8,0.36363636363636365,Swansea,2017/18,Leon Britton,caretaker
7688,Matched controls (kept manager),-8,1.127388535031847,Tottenham,2019/20,José Mourinho,permanent
7762,Matched controls (kept manager),-8,1.8205128205128205,Tottenham,2021/22,Antonio Conte,permanent
7818,Matched controls (kept manager),-8,1.8153846153846154,Tottenham,2022/23,Cristian Stellini,caretaker
7930,Matched controls (kept manager),-8,0.8018018018018018,Tottenham,2025/26,Igor Tudor,permanent
8042,Matched controls (kept manager),-8,0.9313725490196079,Watford,2017/18,Javi Gracia,permanent
8108,Matched controls (kept manager),-8,0.47619047619047616,Watford,2019/20,Hayden Mullins,caretaker
8152,Matched controls (kept manager),-8,0.8070175438596491,Watford,2021/22,Roy Hodgson,permanent
8189,Matched controls (kept manager),-8,0.8636363636363636,West Brom,2014/15,Rob Kelly,caretaker
8296,Matched controls (kept manager),-8,0.7959183673469388,West Brom,2017/18,Gary Megson,caretaker
8335,Matched controls (kept manager),-8,0.8356164383561644,West Brom,2020/21,Sam Allardyce,permanent
8485,Matched controls (kept manager),-8,1.09478672985782,West Ham,2017/18,David Moyes,permanent
8569,Matched controls (kept manager),-8,0.47619047619047616,West Ham,2019/20,David Moyes,permanent
8760,Matched controls (kept manager),-8,1.1345454545454545,West Ham,2024/25,Graham Potter,permanent
9060,Matched controls (kept manager),-8,1.0508474576271187,Wolves,2024/25,Vítor Pereira,permanent
9092,Matched controls (kept manager),-8,0.17391304347826086,Wolves,2025/26,Jamie Collins,caretaker
203,Changed manager,-7,1.0,Arsenal,2019/20,Freddie Ljungberg,caretaker
481,Changed manager,-7,1.0,Aston Villa,2014/15,Tim Sherwood,permanent
504,Changed manager,-7,1.0,Aston Villa,2015/16,Kevin MacDonald,caretaker
619,Changed manager,-7,3.0,Aston Villa,2021/22,Steven Gerrard,permanent
657,Changed manager,-7,0.0,Aston Villa,2022/23,Aaron Danks,caretaker
2106,Changed manager,-7,0.0,Chelsea,2015/16,Steve Holland,caretaker
2299,Changed manager,-7,0.0,Chelsea,2020/21,Thomas Tuchel,permanent
2384,Changed manager,-7,1.0,Chelsea,2022/23,Bruno Saltor,caretaker
2489,Changed manager,-7,1.0,Chelsea,2025/26,Calum McFarlane,caretaker
2526,Changed manager,-7,3.0,Crystal Palace,2014/15,Keith Millen,caretaker
2601,Changed manager,-7,0.0,Crystal Palace,2016/17,Sam Allardyce,permanent
2839,Changed manager,-7,0.0,Crystal Palace,2022/23,Patrick McCarthy,caretaker
2874,Changed manager,-7,1.0,Crystal Palace,2023/24,Ray Lewington,caretaker
3169,Changed manager,-7,3.0,Everton,2019/20,Duncan Ferguson,caretaker
3249,Changed manager,-7,0.0,Everton,2021/22,Duncan Ferguson,caretaker
3288,Changed manager,-7,0.0,Everton,2022/23,Sean Dyche,permanent
3363,Changed manager,-7,0.0,Everton,2024/25,David Moyes,permanent
3432,Changed manager,-7,1.0,Fulham,2018/19,Claudio Ranieri,permanent
3448,Changed manager,-7,0.0,Fulham,2018/19,Scott Parker,permanent
3708,Changed manager,-7,0.0,Huddersfield,2018/19,Mark Hudson,caretaker
3782,Changed manager,-7,0.0,Hull,2016/17,Marco Silva,permanent
3902,Changed manager,-7,3.0,Leeds,2021/22,Jesse Marsch,permanent
3934,Changed manager,-7,0.0,Leeds,2022/23,Michael Skubala,caretaker
4091,Changed manager,-7,3.0,Leicester,2016/17,Craig Shakespeare,caretaker_made_permanent
4169,Changed manager,-7,3.0,Leicester,2018/19,Mike Stowell,caretaker
4322,Changed manager,-7,3.0,Leicester,2022/23,Adam Sadler,caretaker
4344,Changed manager,-7,0.0,Leicester,2024/25,Ben Dawson,caretaker
5489,Changed manager,-7,3.0,Man United,2018/19,Ole Gunnar Solskjær,permanent
5598,Changed manager,-7,0.0,Man United,2021/22,Michael Carrick,caretaker
5758,Changed manager,-7,1.0,Man United,2025/26,Darren Fletcher,caretaker
5803,Changed manager,-7,1.0,Middlesbrough,2016/17,Steve Agnew,caretaker
5833,Changed manager,-7,0.0,Newcastle,2014/15,John Carver,caretaker_made_permanent
5880,Changed manager,-7,3.0,Newcastle,2015/16,Rafael Benítez,permanent
6319,Changed manager,-7,0.0,Norwich,2021/22,Dean Smith,permanent
6401,Changed manager,-7,3.0,Nott'm Forest,2023/24,Nuno Espírito Santo,permanent
6486,Changed manager,-7,0.0,Nott'm Forest,2025/26,Vítor Pereira,permanent
6521,Changed manager,-7,3.0,QPR,2014/15,Chris Ramsey,caretaker_made_permanent
6602,Changed manager,-7,3.0,Sheffield United,2020/21,Paul Heckingbottom,caretaker_made_permanent
6626,Changed manager,-7,0.0,Sheffield United,2023/24,Chris Wilder,permanent
6816,Changed manager,-7,0.0,Southampton,2018/19,Kelvin Davis,caretaker
6968,Changed manager,-7,0.0,Southampton,2022/23,Nathan Jones,permanent
7008,Changed manager,-7,3.0,Southampton,2024/25,Simon Rusk,caretaker
7166,Changed manager,-7,0.0,Stoke,2017/18,Eddie Niedzwiecki,caretaker
7387,Changed manager,-7,0.0,Swansea,2015/16,Alan Curtis,caretaker_made_permanent
7428,Changed manager,-7,1.0,Swansea,2016/17,Alan Curtis,caretaker
7466,Changed manager,-7,0.0,Swansea,2017/18,Leon Britton,caretaker
7688,Changed manager,-7,0.0,Tottenham,2019/20,José Mourinho,permanent
7762,Changed manager,-7,0.0,Tottenham,2021/22,Antonio Conte,permanent
7818,Changed manager,-7,3.0,Tottenham,2022/23,Cristian Stellini,caretaker
7930,Changed manager,-7,1.0,Tottenham,2025/26,Igor Tudor,permanent
8042,Changed manager,-7,0.0,Watford,2017/18,Javi Gracia,permanent
8108,Changed manager,-7,1.0,Watford,2019/20,Hayden Mullins,caretaker
8152,Changed manager,-7,0.0,Watford,2021/22,Roy Hodgson,permanent
8189,Changed manager,-7,0.0,West Brom,2014/15,Rob Kelly,caretaker
8296,Changed manager,-7,0.0,West Brom,2017/18,Gary Megson,caretaker
8335,Changed manager,-7,0.0,West Brom,2020/21,Sam Allardyce,permanent
8485,Changed manager,-7,1.0,West Ham,2017/18,David Moyes,permanent
8569,Changed manager,-7,0.0,West Ham,2019/20,David Moyes,permanent
8760,Changed manager,-7,0.0,West Ham,2024/25,Graham Potter,permanent
9060,Changed manager,-7,1.0,Wolves,2024/25,Vítor Pereira,permanent
9092,Changed manager,-7,0.0,Wolves,2025/26,Jamie Collins,caretaker
203,Matched controls (kept manager),-7,1.348623853211009,Arsenal,2019/20,Freddie Ljungberg,caretaker
481,Matched controls (kept manager),-7,0.07142857142857142,Aston Villa,2014/15,Tim Sherwood,permanent
504,Matched controls (kept manager),-7,0.6326530612244898,Aston Villa,2015/16,Kevin MacDonald,caretaker
619,Matched controls (kept manager),-7,1.0319148936170213,Aston Villa,2021/22,Steven Gerrard,permanent
657,Matched controls (kept manager),-7,1.042654028436019,Aston Villa,2022/23,Aaron Danks,caretaker
2106,Matched controls (kept manager),-7,1.0526315789473684,Chelsea,2015/16,Steve Holland,caretaker
2299,Matched controls (kept manager),-7,1.3054545454545454,Chelsea,2020/21,Thomas Tuchel,permanent
2384,Matched controls (kept manager),-7,1.3910034602076125,Chelsea,2022/23,Bruno Saltor,caretaker
2489,Matched controls (kept manager),-7,1.87,Chelsea,2025/26,Calum McFarlane,caretaker
2526,Matched controls (kept manager),-7,0.8558558558558559,Crystal Palace,2014/15,Keith Millen,caretaker
2601,Matched controls (kept manager),-7,0.5964912280701754,Crystal Palace,2016/17,Sam Allardyce,permanent
2839,Matched controls (kept manager),-7,0.7411764705882353,Crystal Palace,2022/23,Patrick McCarthy,caretaker
2874,Matched controls (kept manager),-7,0.7278911564625851,Crystal Palace,2023/24,Ray Lewington,caretaker
3169,Matched controls (kept manager),-7,0.9318181818181818,Everton,2019/20,Duncan Ferguson,caretaker
3249,Matched controls (kept manager),-7,0.696078431372549,Everton,2021/22,Duncan Ferguson,caretaker
3288,Matched controls (kept manager),-7,0.7411764705882353,Everton,2022/23,Sean Dyche,permanent
3363,Matched controls (kept manager),-7,1.0526315789473684,Everton,2024/25,David Moyes,permanent
3432,Matched controls (kept manager),-7,0.7411764705882353,Fulham,2018/19,Claudio Ranieri,permanent
3448,Matched controls (kept manager),-7,0.9318181818181818,Fulham,2018/19,Scott Parker,permanent
3708,Matched controls (kept manager),-7,0.5964912280701754,Huddersfield,2018/19,Mark Hudson,caretaker
3782,Matched controls (kept manager),-7,0.8013698630136986,Hull,2016/17,Marco Silva,permanent
3902,Matched controls (kept manager),-7,0.9318181818181818,Leeds,2021/22,Jesse Marsch,permanent
3934,Matched controls (kept manager),-7,1.042654028436019,Leeds,2022/23,Michael Skubala,caretaker
4091,Matched controls (kept manager),-7,0.7411764705882353,Leicester,2016/17,Craig Shakespeare,caretaker_made_permanent
4169,Matched controls (kept manager),-7,1.0319148936170213,Leicester,2018/19,Mike Stowell,caretaker
4322,Matched controls (kept manager),-7,1.0526315789473684,Leicester,2022/23,Adam Sadler,caretaker
4344,Matched controls (kept manager),-7,1.042654028436019,Leicester,2024/25,Ben Dawson,caretaker
5489,Matched controls (kept manager),-7,1.676923076923077,Man United,2018/19,Ole Gunnar Solskjær,permanent
5598,Matched controls (kept manager),-7,1.4233576642335766,Man United,2021/22,Michael Carrick,caretaker
5758,Matched controls (kept manager),-7,1.2307692307692308,Man United,2025/26,Darren Fletcher,caretaker
5803,Matched controls (kept manager),-7,0.5964912280701754,Middlesbrough,2016/17,Steve Agnew,caretaker
5833,Matched controls (kept manager),-7,1.7514124293785311,Newcastle,2014/15,John Carver,caretaker_made_permanent
5880,Matched controls (kept manager),-7,0.9318181818181818,Newcastle,2015/16,Rafael Benítez,permanent
6319,Matched controls (kept manager),-7,0.2727272727272727,Norwich,2021/22,Dean Smith,permanent
6401,Matched controls (kept manager),-7,0.8013698630136986,Nott'm Forest,2023/24,Nuno Espírito Santo,permanent
6486,Matched controls (kept manager),-7,0.9637096774193549,Nott'm Forest,2025/26,Vítor Pereira,permanent
6521,Matched controls (kept manager),-7,1.11864406779661,QPR,2014/15,Chris Ramsey,caretaker_made_permanent
6602,Matched controls (kept manager),-7,0.8438818565400844,Sheffield United,2020/21,Paul Heckingbottom,caretaker_made_permanent
6626,Matched controls (kept manager),-7,0.5964912280701754,Sheffield United,2023/24,Chris Wilder,permanent
6816,Matched controls (kept manager),-7,0.4766355140186916,Southampton,2018/19,Kelvin Davis,caretaker
6968,Matched controls (kept manager),-7,1.0526315789473684,Southampton,2022/23,Nathan Jones,permanent
7008,Matched controls (kept manager),-7,0.6326530612244898,Southampton,2024/25,Simon Rusk,caretaker
7166,Matched controls (kept manager),-7,0.8558558558558559,Stoke,2017/18,Eddie Niedzwiecki,caretaker
7387,Matched controls (kept manager),-7,0.8013698630136986,Swansea,2015/16,Alan Curtis,caretaker_made_permanent
7428,Matched controls (kept manager),-7,1.11864406779661,Swansea,2016/17,Alan Curtis,caretaker
7466,Matched controls (kept manager),-7,0.30303030303030304,Swansea,2017/18,Leon Britton,caretaker
7688,Matched controls (kept manager),-7,0.9426751592356688,Tottenham,2019/20,José Mourinho,permanent
7762,Matched controls (kept manager),-7,1.4871794871794872,Tottenham,2021/22,Antonio Conte,permanent
7818,Matched controls (kept manager),-7,1.676923076923077,Tottenham,2022/23,Cristian Stellini,caretaker
7930,Matched controls (kept manager),-7,0.8558558558558559,Tottenham,2025/26,Igor Tudor,permanent
8042,Matched controls (kept manager),-7,0.696078431372549,Watford,2017/18,Javi Gracia,permanent
8108,Matched controls (kept manager),-7,0.35714285714285715,Watford,2019/20,Hayden Mullins,caretaker
8152,Matched controls (kept manager),-7,0.5964912280701754,Watford,2021/22,Roy Hodgson,permanent
8189,Matched controls (kept manager),-7,0.9318181818181818,West Brom,2014/15,Rob Kelly,caretaker
8296,Matched controls (kept manager),-7,0.6326530612244898,West Brom,2017/18,Gary Megson,caretaker
8335,Matched controls (kept manager),-7,0.8013698630136986,West Brom,2020/21,Sam Allardyce,permanent
8485,Matched controls (kept manager),-7,1.042654028436019,West Ham,2017/18,David Moyes,permanent
8569,Matched controls (kept manager),-7,0.35714285714285715,West Ham,2019/20,David Moyes,permanent
8760,Matched controls (kept manager),-7,1.3054545454545454,West Ham,2024/25,Graham Potter,permanent
9060,Matched controls (kept manager),-7,1.11864406779661,Wolves,2024/25,Vítor Pereira,permanent
9092,Matched controls (kept manager),-7,0.13043478260869565,Wolves,2025/26,Jamie Collins,caretaker
203,Changed manager,-6,3.0,Arsenal,2019/20,Freddie Ljungberg,caretaker
481,Changed manager,-6,1.0,Aston Villa,2014/15,Tim Sherwood,permanent
504,Changed manager,-6,0.0,Aston Villa,2015/16,Kevin MacDonald,caretaker
619,Changed manager,-6,3.0,Aston Villa,2021/22,Steven Gerrard,permanent
657,Changed manager,-6,1.0,Aston Villa,2022/23,Aaron Danks,caretaker
2106,Changed manager,-6,0.0,Chelsea,2015/16,Steve Holland,caretaker
2299,Changed manager,-6,3.0,Chelsea,2020/21,Thomas Tuchel,permanent
2384,Changed manager,-6,0.0,Chelsea,2022/23,Bruno Saltor,caretaker
2489,Changed manager,-6,0.0,Chelsea,2025/26,Calum McFarlane,caretaker
2526,Changed manager,-6,1.0,Crystal Palace,2014/15,Keith Millen,caretaker
2601,Changed manager,-6,0.0,Crystal Palace,2016/17,Sam Allardyce,permanent
2839,Changed manager,-6,1.0,Crystal Palace,2022/23,Patrick McCarthy,caretaker
2874,Changed manager,-6,0.0,Crystal Palace,2023/24,Ray Lewington,caretaker
3169,Changed manager,-6,0.0,Everton,2019/20,Duncan Ferguson,caretaker
3249,Changed manager,-6,0.0,Everton,2021/22,Duncan Ferguson,caretaker
3288,Changed manager,-6,0.0,Everton,2022/23,Sean Dyche,permanent
3363,Changed manager,-6,3.0,Everton,2024/25,David Moyes,permanent
3432,Changed manager,-6,0.0,Fulham,2018/19,Claudio Ranieri,permanent
3448,Changed manager,-6,0.0,Fulham,2018/19,Scott Parker,permanent
3708,Changed manager,-6,0.0,Huddersfield,2018/19,Mark Hudson,caretaker
3782,Changed manager,-6,1.0,Hull,2016/17,Marco Silva,permanent
3902,Changed manager,-6,0.0,Leeds,2021/22,Jesse Marsch,permanent
3934,Changed manager,-6,0.0,Leeds,2022/23,Michael Skubala,caretaker
4091,Changed manager,-6,1.0,Leicester,2016/17,Craig Shakespeare,caretaker_made_permanent
4169,Changed manager,-6,0.0,Leicester,2018/19,Mike Stowell,caretaker
4322,Changed manager,-6,0.0,Leicester,2022/23,Adam Sadler,caretaker
4344,Changed manager,-6,3.0,Leicester,2024/25,Ben Dawson,caretaker
5489,Changed manager,-6,0.0,Man United,2018/19,Ole Gunnar Solskjær,permanent
5598,Changed manager,-6,1.0,Man United,2021/22,Michael Carrick,caretaker
5758,Changed manager,-6,3.0,Man United,2025/26,Darren Fletcher,caretaker
5803,Changed manager,-6,0.0,Middlesbrough,2016/17,Steve Agnew,caretaker
5833,Changed manager,-6,1.0,Newcastle,2014/15,John Carver,caretaker_made_permanent
5880,Changed manager,-6,0.0,Newcastle,2015/16,Rafael Benítez,permanent
6319,Changed manager,-6,0.0,Norwich,2021/22,Dean Smith,permanent
6401,Changed manager,-6,0.0,Nott'm Forest,2023/24,Nuno Espírito Santo,permanent
6486,Changed manager,-6,3.0,Nott'm Forest,2025/26,Vítor Pereira,permanent
6521,Changed manager,-6,0.0,QPR,2014/15,Chris Ramsey,caretaker_made_permanent
6602,Changed manager,-6,0.0,Sheffield United,2020/21,Paul Heckingbottom,caretaker_made_permanent
6626,Changed manager,-6,0.0,Sheffield United,2023/24,Chris Wilder,permanent
6816,Changed manager,-6,1.0,Southampton,2018/19,Kelvin Davis,caretaker
6968,Changed manager,-6,0.0,Southampton,2022/23,Nathan Jones,permanent
7008,Changed manager,-6,0.0,Southampton,2024/25,Simon Rusk,caretaker
7166,Changed manager,-6,0.0,Stoke,2017/18,Eddie Niedzwiecki,caretaker
7387,Changed manager,-6,3.0,Swansea,2015/16,Alan Curtis,caretaker_made_permanent
7428,Changed manager,-6,3.0,Swansea,2016/17,Alan Curtis,caretaker
7466,Changed manager,-6,1.0,Swansea,2017/18,Leon Britton,caretaker
7688,Changed manager,-6,3.0,Tottenham,2019/20,José Mourinho,permanent
7762,Changed manager,-6,0.0,Tottenham,2021/22,Antonio Conte,permanent
7818,Changed manager,-6,0.0,Tottenham,2022/23,Cristian Stellini,caretaker
7930,Changed manager,-6,0.0,Tottenham,2025/26,Igor Tudor,permanent
8042,Changed manager,-6,0.0,Watford,2017/18,Javi Gracia,permanent
8108,Changed manager,-6,1.0,Watford,2019/20,Hayden Mullins,caretaker
8152,Changed manager,-6,0.0,Watford,2021/22,Roy Hodgson,permanent
8189,Changed manager,-6,0.0,West Brom,2014/15,Rob Kelly,caretaker
8296,Changed manager,-6,1.0,West Brom,2017/18,Gary Megson,caretaker
8335,Changed manager,-6,0.0,West Brom,2020/21,Sam Allardyce,permanent
8485,Changed manager,-6,0.0,West Ham,2017/18,David Moyes,permanent
8569,Changed manager,-6,3.0,West Ham,2019/20,David Moyes,permanent
8760,Changed manager,-6,3.0,West Ham,2024/25,Graham Potter,permanent
9060,Changed manager,-6,3.0,Wolves,2024/25,Vítor Pereira,permanent
9092,Changed manager,-6,0.0,Wolves,2025/26,Jamie Collins,caretaker
203,Matched controls (kept manager),-6,1.1238532110091743,Arsenal,2019/20,Freddie Ljungberg,caretaker
481,Matched controls (kept manager),-6,0.2857142857142857,Aston Villa,2014/15,Tim Sherwood,permanent
504,Matched controls (kept manager),-6,0.46938775510204084,Aston Villa,2015/16,Kevin MacDonald,caretaker
619,Matched controls (kept manager),-6,1.446808510638298,Aston Villa,2021/22,Steven Gerrard,permanent
657,Matched controls (kept manager),-6,1.1943127962085307,Aston Villa,2022/23,Aaron Danks,caretaker
2106,Matched controls (kept manager),-6,1.230263157894737,Chelsea,2015/16,Steve Holland,caretaker
2299,Matched controls (kept manager),-6,1.0545454545454545,Chelsea,2020/21,Thomas Tuchel,permanent
2384,Matched controls (kept manager),-6,1.5363321799307958,Chelsea,2022/23,Bruno Saltor,caretaker
2489,Matched controls (kept manager),-6,1.93,Chelsea,2025/26,Calum McFarlane,caretaker
2526,Matched controls (kept manager),-6,0.954954954954955,Crystal Palace,2014/15,Keith Millen,caretaker
2601,Matched controls (kept manager),-6,0.43859649122807015,Crystal Palace,2016/17,Sam Allardyce,permanent
2839,Matched controls (kept manager),-6,0.6,Crystal Palace,2022/23,Patrick McCarthy,caretaker
2874,Matched controls (kept manager),-6,0.7619047619047619,Crystal Palace,2023/24,Ray Lewington,caretaker
3169,Matched controls (kept manager),-6,1.0568181818181819,Everton,2019/20,Duncan Ferguson,caretaker
3249,Matched controls (kept manager),-6,0.5588235294117647,Everton,2021/22,Duncan Ferguson,caretaker
3288,Matched controls (kept manager),-6,0.6,Everton,2022/23,Sean Dyche,permanent
3363,Matched controls (kept manager),-6,1.230263157894737,Everton,2024/25,David Moyes,permanent
3432,Matched controls (kept manager),-6,0.6,Fulham,2018/19,Claudio Ranieri,permanent
3448,Matched controls (kept manager),-6,1.0568181818181819,Fulham,2018/19,Scott Parker,permanent
3708,Matched controls (kept manager),-6,0.43859649122807015,Huddersfield,2018/19,Mark Hudson,caretaker
3782,Matched controls (kept manager),-6,0.821917808219178,Hull,2016/17,Marco Silva,permanent
3902,Matched controls (kept manager),-6,1.0568181818181819,Leeds,2021/22,Jesse Marsch,permanent
3934,Matched controls (kept manager),-6,1.1943127962085307,Leeds,2022/23,Michael Skubala,caretaker
4091,Matched controls (kept manager),-6,0.6,Leicester,2016/17,Craig Shakespeare,caretaker_made_permanent
4169,Matched controls (kept manager),-6,1.446808510638298,Leicester,2018/19,Mike Stowell,caretaker
4322,Matched controls (kept manager),-6,1.230263157894737,Leicester,2022/23,Adam Sadler,caretaker
4344,Matched controls (kept manager),-6,1.1943127962085307,Leicester,2024/25,Ben Dawson,caretaker
5489,Matched controls (kept manager),-6,1.7025641025641025,Man United,2018/19,Ole Gunnar Solskjær,permanent
5598,Matched controls (kept manager),-6,1.5474452554744527,Man United,2021/22,Michael Carrick,caretaker
5758,Matched controls (kept manager),-6,1.304029304029304,Man United,2025/26,Darren Fletcher,caretaker
5803,Matched controls (kept manager),-6,0.43859649122807015,Middlesbrough,2016/17,Steve Agnew,caretaker
5833,Matched controls (kept manager),-6,1.7457627118644068,Newcastle,2014/15,John Carver,caretaker_made_permanent
5880,Matched controls (kept manager),-6,1.0568181818181819,Newcastle,2015/16,Rafael Benítez,permanent
6319,Matched controls (kept manager),-6,0.3484848484848485,Norwich,2021/22,Dean Smith,permanent
6401,Matched controls (kept manager),-6,0.821917808219178,Nott'm Forest,2023/24,Nuno Espírito Santo,permanent
6486,Matched controls (kept manager),-6,0.9879032258064516,Nott'm Forest,2025/26,Vítor Pereira,permanent
6521,Matched controls (kept manager),-6,1.3135593220338984,QPR,2014/15,Chris Ramsey,caretaker_made_permanent
6602,Matched controls (kept manager),-6,0.8016877637130801,Sheffield United,2020/21,Paul Heckingbottom,caretaker_made_permanent
6626,Matched controls (kept manager),-6,0.43859649122807015,Sheffield United,2023/24,Chris Wilder,permanent
6816,Matched controls (kept manager),-6,0.45794392523364486,Southampton,2018/19,Kelvin Davis,caretaker
6968,Matched controls (kept manager),-6,1.230263157894737,Southampton,2022/23,Nathan Jones,permanent
7008,Matched controls (kept manager),-6,0.46938775510204084,Southampton,2024/25,Simon Rusk,caretaker
7166,Matched controls (kept manager),-6,0.954954954954955,Stoke,2017/18,Eddie Niedzwiecki,caretaker
7387,Matched controls (kept manager),-6,0.821917808219178,Swansea,2015/16,Alan Curtis,caretaker_made_permanent
7428,Matched controls (kept manager),-6,1.3135593220338984,Swansea,2016/17,Alan Curtis,caretaker
7466,Matched controls (kept manager),-6,0.24242424242424243,Swansea,2017/18,Leon Britton,caretaker
7688,Matched controls (kept manager),-6,1.0764331210191083,Tottenham,2019/20,José Mourinho,permanent
7762,Matched controls (kept manager),-6,1.5982905982905984,Tottenham,2021/22,Antonio Conte,permanent
7818,Matched controls (kept manager),-6,1.7025641025641025,Tottenham,2022/23,Cristian Stellini,caretaker
7930,Matched controls (kept manager),-6,0.954954954954955,Tottenham,2025/26,Igor Tudor,permanent
8042,Matched controls (kept manager),-6,0.5588235294117647,Watford,2017/18,Javi Gracia,permanent
8108,Matched controls (kept manager),-6,0.4642857142857143,Watford,2019/20,Hayden Mullins,caretaker
8152,Matched controls (kept manager),-6,0.43859649122807015,Watford,2021/22,Roy Hodgson,permanent
8189,Matched controls (kept manager),-6,1.0568181818181819,West Brom,2014/15,Rob Kelly,caretaker
8296,Matched controls (kept manager),-6,0.46938775510204084,West Brom,2017/18,Gary Megson,caretaker
8335,Matched controls (kept manager),-6,0.821917808219178,West Brom,2020/21,Sam Allardyce,permanent
8485,Matched controls (kept manager),-6,1.1943127962085307,West Ham,2017/18,David Moyes,permanent
8569,Matched controls (kept manager),-6,0.4642857142857143,West Ham,2019/20,David Moyes,permanent
8760,Matched controls (kept manager),-6,1.0545454545454545,West Ham,2024/25,Graham Potter,permanent
9060,Matched controls (kept manager),-6,1.3135593220338984,Wolves,2024/25,Vítor Pereira,permanent
9092,Matched controls (kept manager),-6,0.2608695652173913,Wolves,2025/26,Jamie Collins,caretaker
203,Changed manager,-5,0.0,Arsenal,2019/20,Freddie Ljungberg,caretaker
481,Changed manager,-5,0.0,Aston Villa,2014/15,Tim Sherwood,permanent
504,Changed manager,-5,0.0,Aston Villa,2015/16,Kevin MacDonald,caretaker
619,Changed manager,-5,0.0,Aston Villa,2021/22,Steven Gerrard,permanent
657,Changed manager,-5,3.0,Aston Villa,2022/23,Aaron Danks,caretaker
2106,Changed manager,-5,0.0,Chelsea,2015/16,Steve Holland,caretaker
2299,Changed manager,-5,0.0,Chelsea,2020/21,Thomas Tuchel,permanent
2384,Changed manager,-5,0.0,Chelsea,2022/23,Bruno Saltor,caretaker
2489,Changed manager,-5,1.0,Chelsea,2025/26,Calum McFarlane,caretaker
2526,Changed manager,-5,0.0,Crystal Palace,2014/15,Keith Millen,caretaker
2601,Changed manager,-5,0.0,Crystal Palace,2016/17,Sam Allardyce,permanent
2839,Changed manager,-5,1.0,Crystal Palace,2022/23,Patrick McCarthy,caretaker
2874,Changed manager,-5,3.0,Crystal Palace,2023/24,Ray Lewington,caretaker
3169,Changed manager,-5,1.0,Everton,2019/20,Duncan Ferguson,caretaker
3249,Changed manager,-5,3.0,Everton,2021/22,Duncan Ferguson,caretaker
3288,Changed manager,-5,0.0,Everton,2022/23,Sean Dyche,permanent
3363,Changed manager,-5,1.0,Everton,2024/25,David Moyes,permanent
3432,Changed manager,-5,0.0,Fulham,2018/19,Claudio Ranieri,permanent
3448,Changed manager,-5,3.0,Fulham,2018/19,Scott Parker,permanent
3708,Changed manager,-5,0.0,Huddersfield,2018/19,Mark Hudson,caretaker
3782,Changed manager,-5,0.0,Hull,2016/17,Marco Silva,permanent
3902,Changed manager,-5,1.0,Leeds,2021/22,Jesse Marsch,permanent
3934,Changed manager,-5,1.0,Leeds,2022/23,Michael Skubala,caretaker
4091,Changed manager,-5,0.0,Leicester,2016/17,Craig Shakespeare,caretaker_made_permanent
4169,Changed manager,-5,0.0,Leicester,2018/19,Mike Stowell,caretaker
4322,Changed manager,-5,0.0,Leicester,2022/23,Adam Sadler,caretaker
4344,Changed manager,-5,3.0,Leicester,2024/25,Ben Dawson,caretaker
5489,Changed manager,-5,1.0,Man United,2018/19,Ole Gunnar Solskjær,permanent
5598,Changed manager,-5,0.0,Man United,2021/22,Michael Carrick,caretaker
5758,Changed manager,-5,1.0,Man United,2025/26,Darren Fletcher,caretaker
5803,Changed manager,-5,1.0,Middlesbrough,2016/17,Steve Agnew,caretaker
5833,Changed manager,-5,3.0,Newcastle,2014/15,John Carver,caretaker_made_permanent
5880,Changed manager,-5,0.0,Newcastle,2015/16,Rafael Benítez,permanent
6319,Changed manager,-5,1.0,Norwich,2021/22,Dean Smith,permanent
6401,Changed manager,-5,0.0,Nott'm Forest,2023/24,Nuno Espírito Santo,permanent
6486,Changed manager,-5,1.0,Nott'm Forest,2025/26,Vítor Pereira,permanent
6521,Changed manager,-5,1.0,QPR,2014/15,Chris Ramsey,caretaker_made_permanent
6602,Changed manager,-5,0.0,Sheffield United,2020/21,Paul Heckingbottom,caretaker_made_permanent
6626,Changed manager,-5,0.0,Sheffield United,2023/24,Chris Wilder,permanent
6816,Changed manager,-5,1.0,Southampton,2018/19,Kelvin Davis,caretaker
6968,Changed manager,-5,1.0,Southampton,2022/23,Nathan Jones,permanent
7008,Changed manager,-5,0.0,Southampton,2024/25,Simon Rusk,caretaker
7166,Changed manager,-5,0.0,Stoke,2017/18,Eddie Niedzwiecki,caretaker
7387,Changed manager,-5,0.0,Swansea,2015/16,Alan Curtis,caretaker_made_permanent
7428,Changed manager,-5,0.0,Swansea,2016/17,Alan Curtis,caretaker
7466,Changed manager,-5,0.0,Swansea,2017/18,Leon Britton,caretaker
7688,Changed manager,-5,0.0,Tottenham,2019/20,José Mourinho,permanent
7762,Changed manager,-5,0.0,Tottenham,2021/22,Antonio Conte,permanent
7818,Changed manager,-5,3.0,Tottenham,2022/23,Cristian Stellini,caretaker
7930,Changed manager,-5,0.0,Tottenham,2025/26,Igor Tudor,permanent
8042,Changed manager,-5,3.0,Watford,2017/18,Javi Gracia,permanent
8108,Changed manager,-5,1.0,Watford,2019/20,Hayden Mullins,caretaker
8152,Changed manager,-5,0.0,Watford,2021/22,Roy Hodgson,permanent
8189,Changed manager,-5,1.0,West Brom,2014/15,Rob Kelly,caretaker
8296,Changed manager,-5,1.0,West Brom,2017/18,Gary Megson,caretaker
8335,Changed manager,-5,0.0,West Brom,2020/21,Sam Allardyce,permanent
8485,Changed manager,-5,3.0,West Ham,2017/18,David Moyes,permanent
8569,Changed manager,-5,0.0,West Ham,2019/20,David Moyes,permanent
8760,Changed manager,-5,1.0,West Ham,2024/25,Graham Potter,permanent
9060,Changed manager,-5,3.0,Wolves,2024/25,Vítor Pereira,permanent
9092,Changed manager,-5,1.0,Wolves,2025/26,Jamie Collins,caretaker
203,Matched controls (kept manager),-5,1.3440366972477065,Arsenal,2019/20,Freddie Ljungberg,caretaker
481,Matched controls (kept manager),-5,0.42857142857142855,Aston Villa,2014/15,Tim Sherwood,permanent
504,Matched controls (kept manager),-5,0.46938775510204084,Aston Villa,2015/16,Kevin MacDonald,caretaker
619,Matched controls (kept manager),-5,1.127659574468085,Aston Villa,2021/22,Steven Gerrard,permanent
657,Matched controls (kept manager),-5,1.1895734597156398,Aston Villa,2022/23,Aaron Danks,caretaker
2106,Matched controls (kept manager),-5,1.105263157894737,Chelsea,2015/16,Steve Holland,caretaker
2299,Matched controls (kept manager),-5,1.2545454545454546,Chelsea,2020/21,Thomas Tuchel,permanent
2384,Matched controls (kept manager),-5,1.2837370242214532,Chelsea,2022/23,Bruno Saltor,caretaker
2489,Matched controls (kept manager),-5,2.06,Chelsea,2025/26,Calum McFarlane,caretaker
2526,Matched controls (kept manager),-5,0.8288288288288288,Crystal Palace,2014/15,Keith Millen,caretaker
2601,Matched controls (kept manager),-5,0.45614035087719296,Crystal Palace,2016/17,Sam Allardyce,permanent
2839,Matched controls (kept manager),-5,0.5294117647058824,Crystal Palace,2022/23,Patrick McCarthy,caretaker
2874,Matched controls (kept manager),-5,0.8435374149659864,Crystal Palace,2023/24,Ray Lewington,caretaker
3169,Matched controls (kept manager),-5,0.8863636363636364,Everton,2019/20,Duncan Ferguson,caretaker
3249,Matched controls (kept manager),-5,0.5294117647058824,Everton,2021/22,Duncan Ferguson,caretaker
3288,Matched controls (kept manager),-5,0.5294117647058824,Everton,2022/23,Sean Dyche,permanent
3363,Matched controls (kept manager),-5,1.105263157894737,Everton,2024/25,David Moyes,permanent
3432,Matched controls (kept manager),-5,0.5294117647058824,Fulham,2018/19,Claudio Ranieri,permanent
3448,Matched controls (kept manager),-5,0.8863636363636364,Fulham,2018/19,Scott Parker,permanent
3708,Matched controls (kept manager),-5,0.45614035087719296,Huddersfield,2018/19,Mark Hudson,caretaker
3782,Matched controls (kept manager),-5,0.7191780821917808,Hull,2016/17,Marco Silva,permanent
3902,Matched controls (kept manager),-5,0.8863636363636364,Leeds,2021/22,Jesse Marsch,permanent
3934,Matched controls (kept manager),-5,1.1895734597156398,Leeds,2022/23,Michael Skubala,caretaker
4091,Matched controls (kept manager),-5,0.5294117647058824,Leicester,2016/17,Craig Shakespeare,caretaker_made_permanent
4169,Matched controls (kept manager),-5,1.127659574468085,Leicester,2018/19,Mike Stowell,caretaker
4322,Matched controls (kept manager),-5,1.105263157894737,Leicester,2022/23,Adam Sadler,caretaker
4344,Matched controls (kept manager),-5,1.1895734597156398,Leicester,2024/25,Ben Dawson,caretaker
5489,Matched controls (kept manager),-5,1.8923076923076922,Man United,2018/19,Ole Gunnar Solskjær,permanent
5598,Matched controls (kept manager),-5,1.364963503649635,Man United,2021/22,Michael Carrick,caretaker
5758,Matched controls (kept manager),-5,1.1794871794871795,Man United,2025/26,Darren Fletcher,caretaker
5803,Matched controls (kept manager),-5,0.45614035087719296,Middlesbrough,2016/17,Steve Agnew,caretaker
5833,Matched controls (kept manager),-5,2.022598870056497,Newcastle,2014/15,John Carver,caretaker_made_permanent
5880,Matched controls (kept manager),-5,0.8863636363636364,Newcastle,2015/16,Rafael Benítez,permanent
6319,Matched controls (kept manager),-5,0.4090909090909091,Norwich,2021/22,Dean Smith,permanent
6401,Matched controls (kept manager),-5,0.7191780821917808,Nott'm Forest,2023/24,Nuno Espírito Santo,permanent
6486,Matched controls (kept manager),-5,1.0120967741935485,Nott'm Forest,2025/26,Vítor Pereira,permanent
6521,Matched controls (kept manager),-5,1.0593220338983051,QPR,2014/15,Chris Ramsey,caretaker_made_permanent
6602,Matched controls (kept manager),-5,0.8860759493670886,Sheffield United,2020/21,Paul Heckingbottom,caretaker_made_permanent
6626,Matched controls (kept manager),-5,0.45614035087719296,Sheffield United,2023/24,Chris Wilder,permanent
6816,Matched controls (kept manager),-5,0.4953271028037383,Southampton,2018/19,Kelvin Davis,caretaker
6968,Matched controls (kept manager),-5,1.105263157894737,Southampton,2022/23,Nathan Jones,permanent
7008,Matched controls (kept manager),-5,0.46938775510204084,Southampton,2024/25,Simon Rusk,caretaker
7166,Matched controls (kept manager),-5,0.8288288288288288,Stoke,2017/18,Eddie Niedzwiecki,caretaker
7387,Matched controls (kept manager),-5,0.7191780821917808,Swansea,2015/16,Alan Curtis,caretaker_made_permanent
7428,Matched controls (kept manager),-5,1.0593220338983051,Swansea,2016/17,Alan Curtis,caretaker
7466,Matched controls (kept manager),-5,0.24242424242424243,Swansea,2017/18,Leon Britton,caretaker
7688,Matched controls (kept manager),-5,1.019108280254777,Tottenham,2019/20,José Mourinho,permanent
7762,Matched controls (kept manager),-5,1.6324786324786325,Tottenham,2021/22,Antonio Conte,permanent
7818,Matched controls (kept manager),-5,1.8923076923076922,Tottenham,2022/23,Cristian Stellini,caretaker
7930,Matched controls (kept manager),-5,0.8288288288288288,Tottenham,2025/26,Igor Tudor,permanent
8042,Matched controls (kept manager),-5,0.5294117647058824,Watford,2017/18,Javi Gracia,permanent
8108,Matched controls (kept manager),-5,0.5595238095238095,Watford,2019/20,Hayden Mullins,caretaker
8152,Matched controls (kept manager),-5,0.45614035087719296,Watford,2021/22,Roy Hodgson,permanent
8189,Matched controls (kept manager),-5,0.8863636363636364,West Brom,2014/15,Rob Kelly,caretaker
8296,Matched controls (kept manager),-5,0.46938775510204084,West Brom,2017/18,Gary Megson,caretaker
8335,Matched controls (kept manager),-5,0.7191780821917808,West Brom,2020/21,Sam Allardyce,permanent
8485,Matched controls (kept manager),-5,1.1895734597156398,West Ham,2017/18,David Moyes,permanent
8569,Matched controls (kept manager),-5,0.5595238095238095,West Ham,2019/20,David Moyes,permanent
8760,Matched controls (kept manager),-5,1.2545454545454546,West Ham,2024/25,Graham Potter,permanent
9060,Matched controls (kept manager),-5,1.0593220338983051,Wolves,2024/25,Vítor Pereira,permanent
9092,Matched controls (kept manager),-5,0.2608695652173913,Wolves,2025/26,Jamie Collins,caretaker
203,Changed manager,-4,1.0,Arsenal,2019/20,Freddie Ljungberg,caretaker
481,Changed manager,-4,0.0,Aston Villa,2014/15,Tim Sherwood,permanent
504,Changed manager,-4,0.0,Aston Villa,2015/16,Kevin MacDonald,caretaker
619,Changed manager,-4,0.0,Aston Villa,2021/22,Steven Gerrard,permanent
657,Changed manager,-4,1.0,Aston Villa,2022/23,Aaron Danks,caretaker
2106,Changed manager,-4,3.0,Chelsea,2015/16,Steve Holland,caretaker
2299,Changed manager,-4,1.0,Chelsea,2020/21,Thomas Tuchel,permanent
2384,Changed manager,-4,3.0,Chelsea,2022/23,Bruno Saltor,caretaker
2489,Changed manager,-4,3.0,Chelsea,2025/26,Calum McFarlane,caretaker
2526,Changed manager,-4,1.0,Crystal Palace,2014/15,Keith Millen,caretaker
2601,Changed manager,-4,3.0,Crystal Palace,2016/17,Sam Allardyce,permanent
2839,Changed manager,-4,1.0,Crystal Palace,2022/23,Patrick McCarthy,caretaker
2874,Changed manager,-4,0.0,Crystal Palace,2023/24,Ray Lewington,caretaker
3169,Changed manager,-4,3.0,Everton,2019/20,Duncan Ferguson,caretaker
3249,Changed manager,-4,0.0,Everton,2021/22,Duncan Ferguson,caretaker
3288,Changed manager,-4,1.0,Everton,2022/23,Sean Dyche,permanent
3363,Changed manager,-4,1.0,Everton,2024/25,David Moyes,permanent
3432,Changed manager,-4,0.0,Fulham,2018/19,Claudio Ranieri,permanent
3448,Changed manager,-4,0.0,Fulham,2018/19,Scott Parker,permanent
3708,Changed manager,-4,0.0,Huddersfield,2018/19,Mark Hudson,caretaker
3782,Changed manager,-4,0.0,Hull,2016/17,Marco Silva,permanent
3902,Changed manager,-4,0.0,Leeds,2021/22,Jesse Marsch,permanent
3934,Changed manager,-4,1.0,Leeds,2022/23,Michael Skubala,caretaker
4091,Changed manager,-4,0.0,Leicester,2016/17,Craig Shakespeare,caretaker_made_permanent
4169,Changed manager,-4,1.0,Leicester,2018/19,Mike Stowell,caretaker
4322,Changed manager,-4,0.0,Leicester,2022/23,Adam Sadler,caretaker
4344,Changed manager,-4,0.0,Leicester,2024/25,Ben Dawson,caretaker
5489,Changed manager,-4,1.0,Man United,2018/19,Ole Gunnar Solskjær,permanent
5598,Changed manager,-4,0.0,Man United,2021/22,Michael Carrick,caretaker
5758,Changed manager,-4,0.0,Man United,2025/26,Darren Fletcher,caretaker
5803,Changed manager,-4,0.0,Middlesbrough,2016/17,Steve Agnew,caretaker
5833,Changed manager,-4,0.0,Newcastle,2014/15,John Carver,caretaker_made_permanent
5880,Changed manager,-4,3.0,Newcastle,2015/16,Rafael Benítez,permanent
6319,Changed manager,-4,1.0,Norwich,2021/22,Dean Smith,permanent
6401,Changed manager,-4,0.0,Nott'm Forest,2023/24,Nuno Espírito Santo,permanent
6486,Changed manager,-4,3.0,Nott'm Forest,2025/26,Vítor Pereira,permanent
6521,Changed manager,-4,1.0,QPR,2014/15,Chris Ramsey,caretaker_made_permanent
6602,Changed manager,-4,0.0,Sheffield United,2020/21,Paul Heckingbottom,caretaker_made_permanent
6626,Changed manager,-4,3.0,Sheffield United,2023/24,Chris Wilder,permanent
6816,Changed manager,-4,0.0,Southampton,2018/19,Kelvin Davis,caretaker
6968,Changed manager,-4,3.0,Southampton,2022/23,Nathan Jones,permanent
7008,Changed manager,-4,1.0,Southampton,2024/25,Simon Rusk,caretaker
7166,Changed manager,-4,3.0,Stoke,2017/18,Eddie Niedzwiecki,caretaker
7387,Changed manager,-4,0.0,Swansea,2015/16,Alan Curtis,caretaker_made_permanent
7428,Changed manager,-4,3.0,Swansea,2016/17,Alan Curtis,caretaker
7466,Changed manager,-4,0.0,Swansea,2017/18,Leon Britton,caretaker
7688,Changed manager,-4,1.0,Tottenham,2019/20,José Mourinho,permanent
7762,Changed manager,-4,3.0,Tottenham,2021/22,Antonio Conte,permanent
7818,Changed manager,-4,3.0,Tottenham,2022/23,Cristian Stellini,caretaker
7930,Changed manager,-4,1.0,Tottenham,2025/26,Igor Tudor,permanent
8042,Changed manager,-4,0.0,Watford,2017/18,Javi Gracia,permanent
8108,Changed manager,-4,0.0,Watford,2019/20,Hayden Mullins,caretaker
8152,Changed manager,-4,0.0,Watford,2021/22,Roy Hodgson,permanent
8189,Changed manager,-4,3.0,West Brom,2014/15,Rob Kelly,caretaker
8296,Changed manager,-4,0.0,West Brom,2017/18,Gary Megson,caretaker
8335,Changed manager,-4,3.0,West Brom,2020/21,Sam Allardyce,permanent
8485,Changed manager,-4,1.0,West Ham,2017/18,David Moyes,permanent
8569,Changed manager,-4,0.0,West Ham,2019/20,David Moyes,permanent
8760,Changed manager,-4,1.0,West Ham,2024/25,Graham Potter,permanent
9060,Changed manager,-4,0.0,Wolves,2024/25,Vítor Pereira,permanent
9092,Changed manager,-4,1.0,Wolves,2025/26,Jamie Collins,caretaker
203,Matched controls (kept manager),-4,1.5642201834862386,Arsenal,2019/20,Freddie Ljungberg,caretaker
481,Matched controls (kept manager),-4,0.5714285714285714,Aston Villa,2014/15,Tim Sherwood,permanent
504,Matched controls (kept manager),-4,0.6326530612244898,Aston Villa,2015/16,Kevin MacDonald,caretaker
619,Matched controls (kept manager),-4,1.0957446808510638,Aston Villa,2021/22,Steven Gerrard,permanent
657,Matched controls (kept manager),-4,1.0,Aston Villa,2022/23,Aaron Danks,caretaker
2106,Matched controls (kept manager),-4,0.9210526315789473,Chelsea,2015/16,Steve Holland,caretaker
2299,Matched controls (kept manager),-4,1.3709090909090909,Chelsea,2020/21,Thomas Tuchel,permanent
2384,Matched controls (kept manager),-4,1.3494809688581315,Chelsea,2022/23,Bruno Saltor,caretaker
2489,Matched controls (kept manager),-4,1.88,Chelsea,2025/26,Calum McFarlane,caretaker
2526,Matched controls (kept manager),-4,0.7477477477477478,Crystal Palace,2014/15,Keith Millen,caretaker
2601,Matched controls (kept manager),-4,0.5964912280701754,Crystal Palace,2016/17,Sam Allardyce,permanent
2839,Matched controls (kept manager),-4,0.5764705882352941,Crystal Palace,2022/23,Patrick McCarthy,caretaker
2874,Matched controls (kept manager),-4,0.7482993197278912,Crystal Palace,2023/24,Ray Lewington,caretaker
3169,Matched controls (kept manager),-4,0.7386363636363636,Everton,2019/20,Duncan Ferguson,caretaker
3249,Matched controls (kept manager),-4,0.5686274509803921,Everton,2021/22,Duncan Ferguson,caretaker
3288,Matched controls (kept manager),-4,0.5764705882352941,Everton,2022/23,Sean Dyche,permanent
3363,Matched controls (kept manager),-4,0.9210526315789473,Everton,2024/25,David Moyes,permanent
3432,Matched controls (kept manager),-4,0.5764705882352941,Fulham,2018/19,Claudio Ranieri,permanent
3448,Matched controls (kept manager),-4,0.7386363636363636,Fulham,2018/19,Scott Parker,permanent
3708,Matched controls (kept manager),-4,0.5964912280701754,Huddersfield,2018/19,Mark Hudson,caretaker
3782,Matched controls (kept manager),-4,0.7123287671232876,Hull,2016/17,Marco Silva,permanent
3902,Matched controls (kept manager),-4,0.7386363636363636,Leeds,2021/22,Jesse Marsch,permanent
3934,Matched controls (kept manager),-4,1.0,Leeds,2022/23,Michael Skubala,caretaker
4091,Matched controls (kept manager),-4,0.5764705882352941,Leicester,2016/17,Craig Shakespeare,caretaker_made_permanent
4169,Matched controls (kept manager),-4,1.0957446808510638,Leicester,2018/19,Mike Stowell,caretaker
4322,Matched controls (kept manager),-4,0.9210526315789473,Leicester,2022/23,Adam Sadler,caretaker
4344,Matched controls (kept manager),-4,1.0,Leicester,2024/25,Ben Dawson,caretaker
5489,Matched controls (kept manager),-4,1.7435897435897436,Man United,2018/19,Ole Gunnar Solskjær,permanent
5598,Matched controls (kept manager),-4,1.4708029197080292,Man United,2021/22,Michael Carrick,caretaker
5758,Matched controls (kept manager),-4,1.1611721611721613,Man United,2025/26,Darren Fletcher,caretaker
5803,Matched controls (kept manager),-4,0.5964912280701754,Middlesbrough,2016/17,Steve Agnew,caretaker
5833,Matched controls (kept manager),-4,1.7118644067796611,Newcastle,2014/15,John Carver,caretaker_made_permanent
5880,Matched controls (kept manager),-4,0.7386363636363636,Newcastle,2015/16,Rafael Benítez,permanent
6319,Matched controls (kept manager),-4,0.30303030303030304,Norwich,2021/22,Dean Smith,permanent
6401,Matched controls (kept manager),-4,0.7123287671232876,Nott'm Forest,2023/24,Nuno Espírito Santo,permanent
6486,Matched controls (kept manager),-4,0.9475806451612904,Nott'm Forest,2025/26,Vítor Pereira,permanent
6521,Matched controls (kept manager),-4,0.9067796610169492,QPR,2014/15,Chris Ramsey,caretaker_made_permanent
6602,Matched controls (kept manager),-4,0.890295358649789,Sheffield United,2020/21,Paul Heckingbottom,caretaker_made_permanent
6626,Matched controls (kept manager),-4,0.5964912280701754,Sheffield United,2023/24,Chris Wilder,permanent
6816,Matched controls (kept manager),-4,0.3644859813084112,Southampton,2018/19,Kelvin Davis,caretaker
6968,Matched controls (kept manager),-4,0.9210526315789473,Southampton,2022/23,Nathan Jones,permanent
7008,Matched controls (kept manager),-4,0.6326530612244898,Southampton,2024/25,Simon Rusk,caretaker
7166,Matched controls (kept manager),-4,0.7477477477477478,Stoke,2017/18,Eddie Niedzwiecki,caretaker
7387,Matched controls (kept manager),-4,0.7123287671232876,Swansea,2015/16,Alan Curtis,caretaker_made_permanent
7428,Matched controls (kept manager),-4,0.9067796610169492,Swansea,2016/17,Alan Curtis,caretaker
7466,Matched controls (kept manager),-4,0.18181818181818182,Swansea,2017/18,Leon Britton,caretaker
7688,Matched controls (kept manager),-4,1.0955414012738853,Tottenham,2019/20,José Mourinho,permanent
7762,Matched controls (kept manager),-4,1.6923076923076923,Tottenham,2021/22,Antonio Conte,permanent
7818,Matched controls (kept manager),-4,1.7435897435897436,Tottenham,2022/23,Cristian Stellini,caretaker
7930,Matched controls (kept manager),-4,0.7477477477477478,Tottenham,2025/26,Igor Tudor,permanent
8042,Matched controls (kept manager),-4,0.5686274509803921,Watford,2017/18,Javi Gracia,permanent
8108,Matched controls (kept manager),-4,0.6904761904761905,Watford,2019/20,Hayden Mullins,caretaker
8152,Matched controls (kept manager),-4,0.5964912280701754,Watford,2021/22,Roy Hodgson,permanent
8189,Matched controls (kept manager),-4,0.7386363636363636,West Brom,2014/15,Rob Kelly,caretaker
8296,Matched controls (kept manager),-4,0.6326530612244898,West Brom,2017/18,Gary Megson,caretaker
8335,Matched controls (kept manager),-4,0.7123287671232876,West Brom,2020/21,Sam Allardyce,permanent
8485,Matched controls (kept manager),-4,1.0,West Ham,2017/18,David Moyes,permanent
8569,Matched controls (kept manager),-4,0.6904761904761905,West Ham,2019/20,David Moyes,permanent
8760,Matched controls (kept manager),-4,1.3709090909090909,West Ham,2024/25,Graham Potter,permanent
9060,Matched controls (kept manager),-4,0.9067796610169492,Wolves,2024/25,Vítor Pereira,permanent
9092,Matched controls (kept manager),-4,0.391304347826087,Wolves,2025/26,Jamie Collins,caretaker
203,Changed manager,-3,1.0,Arsenal,2019/20,Freddie Ljungberg,caretaker
481,Changed manager,-3,0.0,Aston Villa,2014/15,Tim Sherwood,permanent
504,Changed manager,-3,0.0,Aston Villa,2015/16,Kevin MacDonald,caretaker
619,Changed manager,-3,0.0,Aston Villa,2021/22,Steven Gerrard,permanent
657,Changed manager,-3,1.0,Aston Villa,2022/23,Aaron Danks,caretaker
2106,Changed manager,-3,1.0,Chelsea,2015/16,Steve Holland,caretaker
2299,Changed manager,-3,0.0,Chelsea,2020/21,Thomas Tuchel,permanent
2384,Changed manager,-3,3.0,Chelsea,2022/23,Bruno Saltor,caretaker
2489,Changed manager,-3,1.0,Chelsea,2025/26,Calum McFarlane,caretaker
2526,Changed manager,-3,1.0,Crystal Palace,2014/15,Keith Millen,caretaker
2601,Changed manager,-3,1.0,Crystal Palace,2016/17,Sam Allardyce,permanent
2839,Changed manager,-3,0.0,Crystal Palace,2022/23,Patrick McCarthy,caretaker
2874,Changed manager,-3,3.0,Crystal Palace,2023/24,Ray Lewington,caretaker
3169,Changed manager,-3,0.0,Everton,2019/20,Duncan Ferguson,caretaker
3249,Changed manager,-3,1.0,Everton,2021/22,Duncan Ferguson,caretaker
3288,Changed manager,-3,0.0,Everton,2022/23,Sean Dyche,permanent
3363,Changed manager,-3,1.0,Everton,2024/25,David Moyes,permanent
3432,Changed manager,-3,0.0,Fulham,2018/19,Claudio Ranieri,permanent
3448,Changed manager,-3,0.0,Fulham,2018/19,Scott Parker,permanent
3708,Changed manager,-3,0.0,Huddersfield,2018/19,Mark Hudson,caretaker
3782,Changed manager,-3,0.0,Hull,2016/17,Marco Silva,permanent
3902,Changed manager,-3,0.0,Leeds,2021/22,Jesse Marsch,permanent
3934,Changed manager,-3,0.0,Leeds,2022/23,Michael Skubala,caretaker
4091,Changed manager,-3,0.0,Leicester,2016/17,Craig Shakespeare,caretaker_made_permanent
4169,Changed manager,-3,0.0,Leicester,2018/19,Mike Stowell,caretaker
4322,Changed manager,-3,0.0,Leicester,2022/23,Adam Sadler,caretaker
4344,Changed manager,-3,1.0,Leicester,2024/25,Ben Dawson,caretaker
5489,Changed manager,-3,1.0,Man United,2018/19,Ole Gunnar Solskjær,permanent
5598,Changed manager,-3,3.0,Man United,2021/22,Michael Carrick,caretaker
5758,Changed manager,-3,3.0,Man United,2025/26,Darren Fletcher,caretaker
5803,Changed manager,-3,1.0,Middlesbrough,2016/17,Steve Agnew,caretaker
5833,Changed manager,-3,0.0,Newcastle,2014/15,John Carver,caretaker_made_permanent
5880,Changed manager,-3,0.0,Newcastle,2015/16,Rafael Benítez,permanent
6319,Changed manager,-3,0.0,Norwich,2021/22,Dean Smith,permanent
6401,Changed manager,-3,0.0,Nott'm Forest,2023/24,Nuno Espírito Santo,permanent
6486,Changed manager,-3,1.0,Nott'm Forest,2025/26,Vítor Pereira,permanent
6521,Changed manager,-3,0.0,QPR,2014/15,Chris Ramsey,caretaker_made_permanent
6602,Changed manager,-3,0.0,Sheffield United,2020/21,Paul Heckingbottom,caretaker_made_permanent
6626,Changed manager,-3,1.0,Sheffield United,2023/24,Chris Wilder,permanent
6816,Changed manager,-3,1.0,Southampton,2018/19,Kelvin Davis,caretaker
6968,Changed manager,-3,1.0,Southampton,2022/23,Nathan Jones,permanent
7008,Changed manager,-3,0.0,Southampton,2024/25,Simon Rusk,caretaker
7166,Changed manager,-3,1.0,Stoke,2017/18,Eddie Niedzwiecki,caretaker
7387,Changed manager,-3,1.0,Swansea,2015/16,Alan Curtis,caretaker_made_permanent
7428,Changed manager,-3,0.0,Swansea,2016/17,Alan Curtis,caretaker
7466,Changed manager,-3,3.0,Swansea,2017/18,Leon Britton,caretaker
7688,Changed manager,-3,0.0,Tottenham,2019/20,José Mourinho,permanent
7762,Changed manager,-3,3.0,Tottenham,2021/22,Antonio Conte,permanent
7818,Changed manager,-3,0.0,Tottenham,2022/23,Cristian Stellini,caretaker
7930,Changed manager,-3,1.0,Tottenham,2025/26,Igor Tudor,permanent
8042,Changed manager,-3,0.0,Watford,2017/18,Javi Gracia,permanent
8108,Changed manager,-3,3.0,Watford,2019/20,Hayden Mullins,caretaker
8152,Changed manager,-3,0.0,Watford,2021/22,Roy Hodgson,permanent
8189,Changed manager,-3,0.0,West Brom,2014/15,Rob Kelly,caretaker
8296,Changed manager,-3,0.0,West Brom,2017/18,Gary Megson,caretaker
8335,Changed manager,-3,0.0,West Brom,2020/21,Sam Allardyce,permanent
8485,Changed manager,-3,0.0,West Ham,2017/18,David Moyes,permanent
8569,Changed manager,-3,3.0,West Ham,2019/20,David Moyes,permanent
8760,Changed manager,-3,3.0,West Ham,2024/25,Graham Potter,permanent
9060,Changed manager,-3,0.0,Wolves,2024/25,Vítor Pereira,permanent
9092,Changed manager,-3,0.0,Wolves,2025/26,Jamie Collins,caretaker
203,Matched controls (kept manager),-3,0.8165137614678899,Arsenal,2019/20,Freddie Ljungberg,caretaker
481,Matched controls (kept manager),-3,0.21428571428571427,Aston Villa,2014/15,Tim Sherwood,permanent
504,Matched controls (kept manager),-3,0.24489795918367346,Aston Villa,2015/16,Kevin MacDonald,caretaker
619,Matched controls (kept manager),-3,0.19148936170212766,Aston Villa,2021/22,Steven Gerrard,permanent
657,Matched controls (kept manager),-3,0.33175355450236965,Aston Villa,2022/23,Aaron Danks,caretaker
2106,Matched controls (kept manager),-3,0.32894736842105265,Chelsea,2015/16,Steve Holland,caretaker
2299,Matched controls (kept manager),-3,1.2254545454545454,Chelsea,2020/21,Thomas Tuchel,permanent
2384,Matched controls (kept manager),-3,1.2249134948096885,Chelsea,2022/23,Bruno Saltor,caretaker
2489,Matched controls (kept manager),-3,0.78,Chelsea,2025/26,Calum McFarlane,caretaker
2526,Matched controls (kept manager),-3,0.27927927927927926,Crystal Palace,2014/15,Keith Millen,caretaker
2601,Matched controls (kept manager),-3,0.3157894736842105,Crystal Palace,2016/17,Sam Allardyce,permanent
2839,Matched controls (kept manager),-3,0.21176470588235294,Crystal Palace,2022/23,Patrick McCarthy,caretaker
2874,Matched controls (kept manager),-3,1.0,Crystal Palace,2023/24,Ray Lewington,caretaker
3169,Matched controls (kept manager),-3,0.18181818181818182,Everton,2019/20,Duncan Ferguson,caretaker
3249,Matched controls (kept manager),-3,0.28431372549019607,Everton,2021/22,Duncan Ferguson,caretaker
3288,Matched controls (kept manager),-3,0.21176470588235294,Everton,2022/23,Sean Dyche,permanent
3363,Matched controls (kept manager),-3,0.32894736842105265,Everton,2024/25,David Moyes,permanent
3432,Matched controls (kept manager),-3,0.21176470588235294,Fulham,2018/19,Claudio Ranieri,permanent
3448,Matched controls (kept manager),-3,0.18181818181818182,Fulham,2018/19,Scott Parker,permanent
3708,Matched controls (kept manager),-3,0.3157894736842105,Huddersfield,2018/19,Mark Hudson,caretaker
3782,Matched controls (kept manager),-3,0.3013698630136986,Hull,2016/17,Marco Silva,permanent
3902,Matched controls (kept manager),-3,0.18181818181818182,Leeds,2021/22,Jesse Marsch,permanent
3934,Matched controls (kept manager),-3,0.33175355450236965,Leeds,2022/23,Michael Skubala,caretaker
4091,Matched controls (kept manager),-3,0.21176470588235294,Leicester,2016/17,Craig Shakespeare,caretaker_made_permanent
4169,Matched controls (kept manager),-3,0.19148936170212766,Leicester,2018/19,Mike Stowell,caretaker
4322,Matched controls (kept manager),-3,0.32894736842105265,Leicester,2022/23,Adam Sadler,caretaker
4344,Matched controls (kept manager),-3,0.33175355450236965,Leicester,2024/25,Ben Dawson,caretaker
5489,Matched controls (kept manager),-3,1.205128205128205,Man United,2018/19,Ole Gunnar Solskjær,permanent
5598,Matched controls (kept manager),-3,1.0912408759124088,Man United,2021/22,Michael Carrick,caretaker
5758,Matched controls (kept manager),-3,1.4505494505494505,Man United,2025/26,Darren Fletcher,caretaker
5803,Matched controls (kept manager),-3,0.3157894736842105,Middlesbrough,2016/17,Steve Agnew,caretaker
5833,Matched controls (kept manager),-3,1.0508474576271187,Newcastle,2014/15,John Carver,caretaker_made_permanent
5880,Matched controls (kept manager),-3,0.18181818181818182,Newcastle,2015/16,Rafael Benítez,permanent
6319,Matched controls (kept manager),-3,0.9242424242424242,Norwich,2021/22,Dean Smith,permanent
6401,Matched controls (kept manager),-3,0.3013698630136986,Nott'm Forest,2023/24,Nuno Espírito Santo,permanent
6486,Matched controls (kept manager),-3,0.7056451612903226,Nott'm Forest,2025/26,Vítor Pereira,permanent
6521,Matched controls (kept manager),-3,0.22033898305084745,QPR,2014/15,Chris Ramsey,caretaker_made_permanent
6602,Matched controls (kept manager),-3,1.0506329113924051,Sheffield United,2020/21,Paul Heckingbottom,caretaker_made_permanent
6626,Matched controls (kept manager),-3,0.3157894736842105,Sheffield United,2023/24,Chris Wilder,permanent
6816,Matched controls (kept manager),-3,0.5420560747663551,Southampton,2018/19,Kelvin Davis,caretaker
6968,Matched controls (kept manager),-3,0.32894736842105265,Southampton,2022/23,Nathan Jones,permanent
7008,Matched controls (kept manager),-3,0.24489795918367346,Southampton,2024/25,Simon Rusk,caretaker
7166,Matched controls (kept manager),-3,0.27927927927927926,Stoke,2017/18,Eddie Niedzwiecki,caretaker
7387,Matched controls (kept manager),-3,0.3013698630136986,Swansea,2015/16,Alan Curtis,caretaker_made_permanent
7428,Matched controls (kept manager),-3,0.22033898305084745,Swansea,2016/17,Alan Curtis,caretaker
7466,Matched controls (kept manager),-3,0.9696969696969697,Swansea,2017/18,Leon Britton,caretaker
7688,Matched controls (kept manager),-3,0.7452229299363057,Tottenham,2019/20,José Mourinho,permanent
7762,Matched controls (kept manager),-3,1.017094017094017,Tottenham,2021/22,Antonio Conte,permanent
7818,Matched controls (kept manager),-3,1.205128205128205,Tottenham,2022/23,Cristian Stellini,caretaker
7930,Matched controls (kept manager),-3,0.27927927927927926,Tottenham,2025/26,Igor Tudor,permanent
8042,Matched controls (kept manager),-3,0.28431372549019607,Watford,2017/18,Javi Gracia,permanent
8108,Matched controls (kept manager),-3,0.8809523809523809,Watford,2019/20,Hayden Mullins,caretaker
8152,Matched controls (kept manager),-3,0.3157894736842105,Watford,2021/22,Roy Hodgson,permanent
8189,Matched controls (kept manager),-3,0.18181818181818182,West Brom,2014/15,Rob Kelly,caretaker
8296,Matched controls (kept manager),-3,0.24489795918367346,West Brom,2017/18,Gary Megson,caretaker
8335,Matched controls (kept manager),-3,0.3013698630136986,West Brom,2020/21,Sam Allardyce,permanent
8485,Matched controls (kept manager),-3,0.33175355450236965,West Ham,2017/18,David Moyes,permanent
8569,Matched controls (kept manager),-3,0.8809523809523809,West Ham,2019/20,David Moyes,permanent
8760,Matched controls (kept manager),-3,1.2254545454545454,West Ham,2024/25,Graham Potter,permanent
9060,Matched controls (kept manager),-3,0.22033898305084745,Wolves,2024/25,Vítor Pereira,permanent
9092,Matched controls (kept manager),-3,0.17391304347826086,Wolves,2025/26,Jamie Collins,caretaker
203,Changed manager,-2,0.0,Arsenal,2019/20,Freddie Ljungberg,caretaker
481,Changed manager,-2,0.0,Aston Villa,2014/15,Tim Sherwood,permanent
504,Changed manager,-2,0.0,Aston Villa,2015/16,Kevin MacDonald,caretaker
619,Changed manager,-2,0.0,Aston Villa,2021/22,Steven Gerrard,permanent
657,Changed manager,-2,0.0,Aston Villa,2022/23,Aaron Danks,caretaker
2106,Changed manager,-2,0.0,Chelsea,2015/16,Steve Holland,caretaker
2299,Changed manager,-2,3.0,Chelsea,2020/21,Thomas Tuchel,permanent
2384,Changed manager,-2,1.0,Chelsea,2022/23,Bruno Saltor,caretaker
2489,Changed manager,-2,0.0,Chelsea,2025/26,Calum McFarlane,caretaker
2526,Changed manager,-2,0.0,Crystal Palace,2014/15,Keith Millen,caretaker
2601,Changed manager,-2,0.0,Crystal Palace,2016/17,Sam Allardyce,permanent
2839,Changed manager,-2,0.0,Crystal Palace,2022/23,Patrick McCarthy,caretaker
2874,Changed manager,-2,0.0,Crystal Palace,2023/24,Ray Lewington,caretaker
3169,Changed manager,-2,0.0,Everton,2019/20,Duncan Ferguson,caretaker
3249,Changed manager,-2,0.0,Everton,2021/22,Duncan Ferguson,caretaker
3288,Changed manager,-2,0.0,Everton,2022/23,Sean Dyche,permanent
3363,Changed manager,-2,0.0,Everton,2024/25,David Moyes,permanent
3432,Changed manager,-2,0.0,Fulham,2018/19,Claudio Ranieri,permanent
3448,Changed manager,-2,0.0,Fulham,2018/19,Scott Parker,permanent
3708,Changed manager,-2,0.0,Huddersfield,2018/19,Mark Hudson,caretaker
3782,Changed manager,-2,1.0,Hull,2016/17,Marco Silva,permanent
3902,Changed manager,-2,0.0,Leeds,2021/22,Jesse Marsch,permanent
3934,Changed manager,-2,1.0,Leeds,2022/23,Michael Skubala,caretaker
4091,Changed manager,-2,0.0,Leicester,2016/17,Craig Shakespeare,caretaker_made_permanent
4169,Changed manager,-2,0.0,Leicester,2018/19,Mike Stowell,caretaker
4322,Changed manager,-2,1.0,Leicester,2022/23,Adam Sadler,caretaker
4344,Changed manager,-2,0.0,Leicester,2024/25,Ben Dawson,caretaker
5489,Changed manager,-2,3.0,Man United,2018/19,Ole Gunnar Solskjær,permanent
5598,Changed manager,-2,0.0,Man United,2021/22,Michael Carrick,caretaker
5758,Changed manager,-2,1.0,Man United,2025/26,Darren Fletcher,caretaker
5803,Changed manager,-2,0.0,Middlesbrough,2016/17,Steve Agnew,caretaker
5833,Changed manager,-2,0.0,Newcastle,2014/15,John Carver,caretaker_made_permanent
5880,Changed manager,-2,0.0,Newcastle,2015/16,Rafael Benítez,permanent
6319,Changed manager,-2,0.0,Norwich,2021/22,Dean Smith,permanent
6401,Changed manager,-2,1.0,Nott'm Forest,2023/24,Nuno Espírito Santo,permanent
6486,Changed manager,-2,0.0,Nott'm Forest,2025/26,Vítor Pereira,permanent
6521,Changed manager,-2,0.0,QPR,2014/15,Chris Ramsey,caretaker_made_permanent
6602,Changed manager,-2,3.0,Sheffield United,2020/21,Paul Heckingbottom,caretaker_made_permanent
6626,Changed manager,-2,0.0,Sheffield United,2023/24,Chris Wilder,permanent
6816,Changed manager,-2,0.0,Southampton,2018/19,Kelvin Davis,caretaker
6968,Changed manager,-2,0.0,Southampton,2022/23,Nathan Jones,permanent
7008,Changed manager,-2,0.0,Southampton,2024/25,Simon Rusk,caretaker
7166,Changed manager,-2,0.0,Stoke,2017/18,Eddie Niedzwiecki,caretaker
7387,Changed manager,-2,0.0,Swansea,2015/16,Alan Curtis,caretaker_made_permanent
7428,Changed manager,-2,0.0,Swansea,2016/17,Alan Curtis,caretaker
7466,Changed manager,-2,0.0,Swansea,2017/18,Leon Britton,caretaker
7688,Changed manager,-2,1.0,Tottenham,2019/20,José Mourinho,permanent
7762,Changed manager,-2,0.0,Tottenham,2021/22,Antonio Conte,permanent
7818,Changed manager,-2,3.0,Tottenham,2022/23,Cristian Stellini,caretaker
7930,Changed manager,-2,0.0,Tottenham,2025/26,Igor Tudor,permanent
8042,Changed manager,-2,1.0,Watford,2017/18,Javi Gracia,permanent
8108,Changed manager,-2,0.0,Watford,2019/20,Hayden Mullins,caretaker
8152,Changed manager,-2,1.0,Watford,2021/22,Roy Hodgson,permanent
8189,Changed manager,-2,0.0,West Brom,2014/15,Rob Kelly,caretaker
8296,Changed manager,-2,0.0,West Brom,2017/18,Gary Megson,caretaker
8335,Changed manager,-2,0.0,West Brom,2020/21,Sam Allardyce,permanent
8485,Changed manager,-2,1.0,West Ham,2017/18,David Moyes,permanent
8569,Changed manager,-2,0.0,West Ham,2019/20,David Moyes,permanent
8760,Changed manager,-2,0.0,West Ham,2024/25,Graham Potter,permanent
9060,Changed manager,-2,0.0,Wolves,2024/25,Vítor Pereira,permanent
9092,Changed manager,-2,0.0,Wolves,2025/26,Jamie Collins,caretaker
203,Matched controls (kept manager),-2,0.7155963302752294,Arsenal,2019/20,Freddie Ljungberg,caretaker
481,Matched controls (kept manager),-2,0.0,Aston Villa,2014/15,Tim Sherwood,permanent
504,Matched controls (kept manager),-2,0.22448979591836735,Aston Villa,2015/16,Kevin MacDonald,caretaker
619,Matched controls (kept manager),-2,0.1276595744680851,Aston Villa,2021/22,Steven Gerrard,permanent
657,Matched controls (kept manager),-2,0.2890995260663507,Aston Villa,2022/23,Aaron Danks,caretaker
2106,Matched controls (kept manager),-2,0.2894736842105263,Chelsea,2015/16,Steve Holland,caretaker
2299,Matched controls (kept manager),-2,1.0145454545454546,Chelsea,2020/21,Thomas Tuchel,permanent
2384,Matched controls (kept manager),-2,1.2941176470588236,Chelsea,2022/23,Bruno Saltor,caretaker
2489,Matched controls (kept manager),-2,0.95,Chelsea,2025/26,Calum McFarlane,caretaker
2526,Matched controls (kept manager),-2,0.3333333333333333,Crystal Palace,2014/15,Keith Millen,caretaker
2601,Matched controls (kept manager),-2,0.2807017543859649,Crystal Palace,2016/17,Sam Allardyce,permanent
2839,Matched controls (kept manager),-2,0.24705882352941178,Crystal Palace,2022/23,Patrick McCarthy,caretaker
2874,Matched controls (kept manager),-2,1.0068027210884354,Crystal Palace,2023/24,Ray Lewington,caretaker
3169,Matched controls (kept manager),-2,0.23863636363636365,Everton,2019/20,Duncan Ferguson,caretaker
3249,Matched controls (kept manager),-2,0.3137254901960784,Everton,2021/22,Duncan Ferguson,caretaker
3288,Matched controls (kept manager),-2,0.24705882352941178,Everton,2022/23,Sean Dyche,permanent
3363,Matched controls (kept manager),-2,0.2894736842105263,Everton,2024/25,David Moyes,permanent
3432,Matched controls (kept manager),-2,0.24705882352941178,Fulham,2018/19,Claudio Ranieri,permanent
3448,Matched controls (kept manager),-2,0.23863636363636365,Fulham,2018/19,Scott Parker,permanent
3708,Matched controls (kept manager),-2,0.2807017543859649,Huddersfield,2018/19,Mark Hudson,caretaker
3782,Matched controls (kept manager),-2,0.3356164383561644,Hull,2016/17,Marco Silva,permanent
3902,Matched controls (kept manager),-2,0.23863636363636365,Leeds,2021/22,Jesse Marsch,permanent
3934,Matched controls (kept manager),-2,0.2890995260663507,Leeds,2022/23,Michael Skubala,caretaker
4091,Matched controls (kept manager),-2,0.24705882352941178,Leicester,2016/17,Craig Shakespeare,caretaker_made_permanent
4169,Matched controls (kept manager),-2,0.1276595744680851,Leicester,2018/19,Mike Stowell,caretaker
4322,Matched controls (kept manager),-2,0.2894736842105263,Leicester,2022/23,Adam Sadler,caretaker
4344,Matched controls (kept manager),-2,0.2890995260663507,Leicester,2024/25,Ben Dawson,caretaker
5489,Matched controls (kept manager),-2,1.3025641025641026,Man United,2018/19,Ole Gunnar Solskjær,permanent
5598,Matched controls (kept manager),-2,1.1313868613138687,Man United,2021/22,Michael Carrick,caretaker
5758,Matched controls (kept manager),-2,1.7326007326007327,Man United,2025/26,Darren Fletcher,caretaker
5803,Matched controls (kept manager),-2,0.2807017543859649,Middlesbrough,2016/17,Steve Agnew,caretaker
5833,Matched controls (kept manager),-2,1.152542372881356,Newcastle,2014/15,John Carver,caretaker_made_permanent
5880,Matched controls (kept manager),-2,0.23863636363636365,Newcastle,2015/16,Rafael Benítez,permanent
6319,Matched controls (kept manager),-2,1.0757575757575757,Norwich,2021/22,Dean Smith,permanent
6401,Matched controls (kept manager),-2,0.3356164383561644,Nott'm Forest,2023/24,Nuno Espírito Santo,permanent
6486,Matched controls (kept manager),-2,0.6088709677419355,Nott'm Forest,2025/26,Vítor Pereira,permanent
6521,Matched controls (kept manager),-2,0.17796610169491525,QPR,2014/15,Chris Ramsey,caretaker_made_permanent
6602,Matched controls (kept manager),-2,1.0168776371308017,Sheffield United,2020/21,Paul Heckingbottom,caretaker_made_permanent
6626,Matched controls (kept manager),-2,0.2807017543859649,Sheffield United,2023/24,Chris Wilder,permanent
6816,Matched controls (kept manager),-2,0.7102803738317757,Southampton,2018/19,Kelvin Davis,caretaker
6968,Matched controls (kept manager),-2,0.2894736842105263,Southampton,2022/23,Nathan Jones,permanent
7008,Matched controls (kept manager),-2,0.22448979591836735,Southampton,2024/25,Simon Rusk,caretaker
7166,Matched controls (kept manager),-2,0.3333333333333333,Stoke,2017/18,Eddie Niedzwiecki,caretaker
7387,Matched controls (kept manager),-2,0.3356164383561644,Swansea,2015/16,Alan Curtis,caretaker_made_permanent
7428,Matched controls (kept manager),-2,0.17796610169491525,Swansea,2016/17,Alan Curtis,caretaker
7466,Matched controls (kept manager),-2,1.121212121212121,Swansea,2017/18,Leon Britton,caretaker
7688,Matched controls (kept manager),-2,0.643312101910828,Tottenham,2019/20,José Mourinho,permanent
7762,Matched controls (kept manager),-2,1.0341880341880343,Tottenham,2021/22,Antonio Conte,permanent
7818,Matched controls (kept manager),-2,1.3025641025641026,Tottenham,2022/23,Cristian Stellini,caretaker
7930,Matched controls (kept manager),-2,0.3333333333333333,Tottenham,2025/26,Igor Tudor,permanent
8042,Matched controls (kept manager),-2,0.3137254901960784,Watford,2017/18,Javi Gracia,permanent
8108,Matched controls (kept manager),-2,0.9523809523809523,Watford,2019/20,Hayden Mullins,caretaker
8152,Matched controls (kept manager),-2,0.2807017543859649,Watford,2021/22,Roy Hodgson,permanent
8189,Matched controls (kept manager),-2,0.23863636363636365,West Brom,2014/15,Rob Kelly,caretaker
8296,Matched controls (kept manager),-2,0.22448979591836735,West Brom,2017/18,Gary Megson,caretaker
8335,Matched controls (kept manager),-2,0.3356164383561644,West Brom,2020/21,Sam Allardyce,permanent
8485,Matched controls (kept manager),-2,0.2890995260663507,West Ham,2017/18,David Moyes,permanent
8569,Matched controls (kept manager),-2,0.9523809523809523,West Ham,2019/20,David Moyes,permanent
8760,Matched controls (kept manager),-2,1.0145454545454546,West Ham,2024/25,Graham Potter,permanent
9060,Matched controls (kept manager),-2,0.17796610169491525,Wolves,2024/25,Vítor Pereira,permanent
9092,Matched controls (kept manager),-2,0.043478260869565216,Wolves,2025/26,Jamie Collins,caretaker
203,Changed manager,-1,1.0,Arsenal,2019/20,Freddie Ljungberg,caretaker
481,Changed manager,-1,0.0,Aston Villa,2014/15,Tim Sherwood,permanent
504,Changed manager,-1,0.0,Aston Villa,2015/16,Kevin MacDonald,caretaker
619,Changed manager,-1,0.0,Aston Villa,2021/22,Steven Gerrard,permanent
657,Changed manager,-1,0.0,Aston Villa,2022/23,Aaron Danks,caretaker
2106,Changed manager,-1,0.0,Chelsea,2015/16,Steve Holland,caretaker
2299,Changed manager,-1,0.0,Chelsea,2020/21,Thomas Tuchel,permanent
2384,Changed manager,-1,0.0,Chelsea,2022/23,Bruno Saltor,caretaker
2489,Changed manager,-1,1.0,Chelsea,2025/26,Calum McFarlane,caretaker
2526,Changed manager,-1,0.0,Crystal Palace,2014/15,Keith Millen,caretaker
2601,Changed manager,-1,0.0,Crystal Palace,2016/17,Sam Allardyce,permanent
2839,Changed manager,-1,0.0,Crystal Palace,2022/23,Patrick McCarthy,caretaker
2874,Changed manager,-1,0.0,Crystal Palace,2023/24,Ray Lewington,caretaker
3169,Changed manager,-1,0.0,Everton,2019/20,Duncan Ferguson,caretaker
3249,Changed manager,-1,0.0,Everton,2021/22,Duncan Ferguson,caretaker
3288,Changed manager,-1,0.0,Everton,2022/23,Sean Dyche,permanent
3363,Changed manager,-1,0.0,Everton,2024/25,David Moyes,permanent
3432,Changed manager,-1,0.0,Fulham,2018/19,Claudio Ranieri,permanent
3448,Changed manager,-1,0.0,Fulham,2018/19,Scott Parker,permanent
3708,Changed manager,-1,1.0,Huddersfield,2018/19,Mark Hudson,caretaker
3782,Changed manager,-1,0.0,Hull,2016/17,Marco Silva,permanent
3902,Changed manager,-1,0.0,Leeds,2021/22,Jesse Marsch,permanent
3934,Changed manager,-1,0.0,Leeds,2022/23,Michael Skubala,caretaker
4091,Changed manager,-1,0.0,Leicester,2016/17,Craig Shakespeare,caretaker_made_permanent
4169,Changed manager,-1,0.0,Leicester,2018/19,Mike Stowell,caretaker
4322,Changed manager,-1,0.0,Leicester,2022/23,Adam Sadler,caretaker
4344,Changed manager,-1,0.0,Leicester,2024/25,Ben Dawson,caretaker
5489,Changed manager,-1,0.0,Man United,2018/19,Ole Gunnar Solskjær,permanent
5598,Changed manager,-1,0.0,Man United,2021/22,Michael Carrick,caretaker
5758,Changed manager,-1,1.0,Man United,2025/26,Darren Fletcher,caretaker
5803,Changed manager,-1,0.0,Middlesbrough,2016/17,Steve Agnew,caretaker
5833,Changed manager,-1,3.0,Newcastle,2014/15,John Carver,caretaker_made_permanent
5880,Changed manager,-1,0.0,Newcastle,2015/16,Rafael Benítez,permanent
6319,Changed manager,-1,3.0,Norwich,2021/22,Dean Smith,permanent
6401,Changed manager,-1,0.0,Nott'm Forest,2023/24,Nuno Espírito Santo,permanent
6486,Changed manager,-1,1.0,Nott'm Forest,2025/26,Vítor Pereira,permanent
6521,Changed manager,-1,0.0,QPR,2014/15,Chris Ramsey,caretaker_made_permanent
6602,Changed manager,-1,0.0,Sheffield United,2020/21,Paul Heckingbottom,caretaker_made_permanent
6626,Changed manager,-1,0.0,Sheffield United,2023/24,Chris Wilder,permanent
6816,Changed manager,-1,1.0,Southampton,2018/19,Kelvin Davis,caretaker
6968,Changed manager,-1,0.0,Southampton,2022/23,Nathan Jones,permanent
7008,Changed manager,-1,0.0,Southampton,2024/25,Simon Rusk,caretaker
7166,Changed manager,-1,0.0,Stoke,2017/18,Eddie Niedzwiecki,caretaker
7387,Changed manager,-1,0.0,Swansea,2015/16,Alan Curtis,caretaker_made_permanent
7428,Changed manager,-1,0.0,Swansea,2016/17,Alan Curtis,caretaker
7466,Changed manager,-1,0.0,Swansea,2017/18,Leon Britton,caretaker
7688,Changed manager,-1,1.0,Tottenham,2019/20,José Mourinho,permanent
7762,Changed manager,-1,0.0,Tottenham,2021/22,Antonio Conte,permanent
7818,Changed manager,-1,1.0,Tottenham,2022/23,Cristian Stellini,caretaker
7930,Changed manager,-1,0.0,Tottenham,2025/26,Igor Tudor,permanent
8042,Changed manager,-1,0.0,Watford,2017/18,Javi Gracia,permanent
8108,Changed manager,-1,0.0,Watford,2019/20,Hayden Mullins,caretaker
8152,Changed manager,-1,0.0,Watford,2021/22,Roy Hodgson,permanent
8189,Changed manager,-1,0.0,West Brom,2014/15,Rob Kelly,caretaker
8296,Changed manager,-1,0.0,West Brom,2017/18,Gary Megson,caretaker
8335,Changed manager,-1,1.0,West Brom,2020/21,Sam Allardyce,permanent
8485,Changed manager,-1,0.0,West Ham,2017/18,David Moyes,permanent
8569,Changed manager,-1,0.0,West Ham,2019/20,David Moyes,permanent
8760,Changed manager,-1,0.0,West Ham,2024/25,Graham Potter,permanent
9060,Changed manager,-1,0.0,Wolves,2024/25,Vítor Pereira,permanent
9092,Changed manager,-1,0.0,Wolves,2025/26,Jamie Collins,caretaker
203,Matched controls (kept manager),-1,0.7522935779816514,Arsenal,2019/20,Freddie Ljungberg,caretaker
481,Matched controls (kept manager),-1,0.35714285714285715,Aston Villa,2014/15,Tim Sherwood,permanent
504,Matched controls (kept manager),-1,0.061224489795918366,Aston Villa,2015/16,Kevin MacDonald,caretaker
619,Matched controls (kept manager),-1,0.23404255319148937,Aston Villa,2021/22,Steven Gerrard,permanent
657,Matched controls (kept manager),-1,0.36018957345971564,Aston Villa,2022/23,Aaron Danks,caretaker
2106,Matched controls (kept manager),-1,0.3355263157894737,Chelsea,2015/16,Steve Holland,caretaker
2299,Matched controls (kept manager),-1,0.9890909090909091,Chelsea,2020/21,Thomas Tuchel,permanent
2384,Matched controls (kept manager),-1,1.2802768166089966,Chelsea,2022/23,Bruno Saltor,caretaker
2489,Matched controls (kept manager),-1,0.79,Chelsea,2025/26,Calum McFarlane,caretaker
2526,Matched controls (kept manager),-1,0.3333333333333333,Crystal Palace,2014/15,Keith Millen,caretaker
2601,Matched controls (kept manager),-1,0.14035087719298245,Crystal Palace,2016/17,Sam Allardyce,permanent
2839,Matched controls (kept manager),-1,0.17647058823529413,Crystal Palace,2022/23,Patrick McCarthy,caretaker
2874,Matched controls (kept manager),-1,1.1360544217687074,Crystal Palace,2023/24,Ray Lewington,caretaker
3169,Matched controls (kept manager),-1,0.25,Everton,2019/20,Duncan Ferguson,caretaker
3249,Matched controls (kept manager),-1,0.2647058823529412,Everton,2021/22,Duncan Ferguson,caretaker
3288,Matched controls (kept manager),-1,0.17647058823529413,Everton,2022/23,Sean Dyche,permanent
3363,Matched controls (kept manager),-1,0.3355263157894737,Everton,2024/25,David Moyes,permanent
3432,Matched controls (kept manager),-1,0.17647058823529413,Fulham,2018/19,Claudio Ranieri,permanent
3448,Matched controls (kept manager),-1,0.25,Fulham,2018/19,Scott Parker,permanent
3708,Matched controls (kept manager),-1,0.14035087719298245,Huddersfield,2018/19,Mark Hudson,caretaker
3782,Matched controls (kept manager),-1,0.2945205479452055,Hull,2016/17,Marco Silva,permanent
3902,Matched controls (kept manager),-1,0.25,Leeds,2021/22,Jesse Marsch,permanent
3934,Matched controls (kept manager),-1,0.36018957345971564,Leeds,2022/23,Michael Skubala,caretaker
4091,Matched controls (kept manager),-1,0.17647058823529413,Leicester,2016/17,Craig Shakespeare,caretaker_made_permanent
4169,Matched controls (kept manager),-1,0.23404255319148937,Leicester,2018/19,Mike Stowell,caretaker
4322,Matched controls (kept manager),-1,0.3355263157894737,Leicester,2022/23,Adam Sadler,caretaker
4344,Matched controls (kept manager),-1,0.36018957345971564,Leicester,2024/25,Ben Dawson,caretaker
5489,Matched controls (kept manager),-1,1.3333333333333333,Man United,2018/19,Ole Gunnar Solskjær,permanent
5598,Matched controls (kept manager),-1,1.1934306569343065,Man United,2021/22,Michael Carrick,caretaker
5758,Matched controls (kept manager),-1,1.6080586080586081,Man United,2025/26,Darren Fletcher,caretaker
5803,Matched controls (kept manager),-1,0.14035087719298245,Middlesbrough,2016/17,Steve Agnew,caretaker
5833,Matched controls (kept manager),-1,1.2146892655367232,Newcastle,2014/15,John Carver,caretaker_made_permanent
5880,Matched controls (kept manager),-1,0.25,Newcastle,2015/16,Rafael Benítez,permanent
6319,Matched controls (kept manager),-1,0.9393939393939394,Norwich,2021/22,Dean Smith,permanent
6401,Matched controls (kept manager),-1,0.2945205479452055,Nott'm Forest,2023/24,Nuno Espírito Santo,permanent
6486,Matched controls (kept manager),-1,0.6693548387096774,Nott'm Forest,2025/26,Vítor Pereira,permanent
6521,Matched controls (kept manager),-1,0.2542372881355932,QPR,2014/15,Chris Ramsey,caretaker_made_permanent
6602,Matched controls (kept manager),-1,1.0759493670886076,Sheffield United,2020/21,Paul Heckingbottom,caretaker_made_permanent
6626,Matched controls (kept manager),-1,0.14035087719298245,Sheffield United,2023/24,Chris Wilder,permanent
6816,Matched controls (kept manager),-1,0.5794392523364486,Southampton,2018/19,Kelvin Davis,caretaker
6968,Matched controls (kept manager),-1,0.3355263157894737,Southampton,2022/23,Nathan Jones,permanent
7008,Matched controls (kept manager),-1,0.061224489795918366,Southampton,2024/25,Simon Rusk,caretaker
7166,Matched controls (kept manager),-1,0.3333333333333333,Stoke,2017/18,Eddie Niedzwiecki,caretaker
7387,Matched controls (kept manager),-1,0.2945205479452055,Swansea,2015/16,Alan Curtis,caretaker_made_permanent
7428,Matched controls (kept manager),-1,0.2542372881355932,Swansea,2016/17,Alan Curtis,caretaker
7466,Matched controls (kept manager),-1,0.8181818181818182,Swansea,2017/18,Leon Britton,caretaker
7688,Matched controls (kept manager),-1,0.7070063694267515,Tottenham,2019/20,José Mourinho,permanent
7762,Matched controls (kept manager),-1,1.2393162393162394,Tottenham,2021/22,Antonio Conte,permanent
7818,Matched controls (kept manager),-1,1.3333333333333333,Tottenham,2022/23,Cristian Stellini,caretaker
7930,Matched controls (kept manager),-1,0.3333333333333333,Tottenham,2025/26,Igor Tudor,permanent
8042,Matched controls (kept manager),-1,0.2647058823529412,Watford,2017/18,Javi Gracia,permanent
8108,Matched controls (kept manager),-1,1.1785714285714286,Watford,2019/20,Hayden Mullins,caretaker
8152,Matched controls (kept manager),-1,0.14035087719298245,Watford,2021/22,Roy Hodgson,permanent
8189,Matched controls (kept manager),-1,0.25,West Brom,2014/15,Rob Kelly,caretaker
8296,Matched controls (kept manager),-1,0.061224489795918366,West Brom,2017/18,Gary Megson,caretaker
8335,Matched controls (kept manager),-1,0.2945205479452055,West Brom,2020/21,Sam Allardyce,permanent
8485,Matched controls (kept manager),-1,0.36018957345971564,West Ham,2017/18,David Moyes,permanent
8569,Matched controls (kept manager),-1,1.1785714285714286,West Ham,2019/20,David Moyes,permanent
8760,Matched controls (kept manager),-1,0.9890909090909091,West Ham,2024/25,Graham Potter,permanent
9060,Matched controls (kept manager),-1,0.2542372881355932,Wolves,2024/25,Vítor Pereira,permanent
9092,Matched controls (kept manager),-1,0.21739130434782608,Wolves,2025/26,Jamie Collins,caretaker
203,Changed manager,0,1.0,Arsenal,2019/20,Freddie Ljungberg,caretaker
481,Changed manager,0,0.0,Aston Villa,2014/15,Tim Sherwood,permanent
504,Changed manager,0,0.0,Aston Villa,2015/16,Kevin MacDonald,caretaker
619,Changed manager,0,3.0,Aston Villa,2021/22,Steven Gerrard,permanent
657,Changed manager,0,3.0,Aston Villa,2022/23,Aaron Danks,caretaker
2106,Changed manager,0,3.0,Chelsea,2015/16,Steve Holland,caretaker
2299,Changed manager,0,1.0,Chelsea,2020/21,Thomas Tuchel,permanent
2384,Changed manager,0,1.0,Chelsea,2022/23,Bruno Saltor,caretaker
2489,Changed manager,0,1.0,Chelsea,2025/26,Calum McFarlane,caretaker
2526,Changed manager,0,1.0,Crystal Palace,2014/15,Keith Millen,caretaker
2601,Changed manager,0,1.0,Crystal Palace,2016/17,Sam Allardyce,permanent
2839,Changed manager,0,0.0,Crystal Palace,2022/23,Patrick McCarthy,caretaker
2874,Changed manager,0,1.0,Crystal Palace,2023/24,Ray Lewington,caretaker
3169,Changed manager,0,3.0,Everton,2019/20,Duncan Ferguson,caretaker
3249,Changed manager,0,0.0,Everton,2021/22,Duncan Ferguson,caretaker
3288,Changed manager,0,3.0,Everton,2022/23,Sean Dyche,permanent
3363,Changed manager,0,0.0,Everton,2024/25,David Moyes,permanent
3432,Changed manager,0,3.0,Fulham,2018/19,Claudio Ranieri,permanent
3448,Changed manager,0,0.0,Fulham,2018/19,Scott Parker,permanent
3708,Changed manager,0,0.0,Huddersfield,2018/19,Mark Hudson,caretaker
3782,Changed manager,0,3.0,Hull,2016/17,Marco Silva,permanent
3902,Changed manager,0,0.0,Leeds,2021/22,Jesse Marsch,permanent
3934,Changed manager,0,1.0,Leeds,2022/23,Michael Skubala,caretaker
4091,Changed manager,0,3.0,Leicester,2016/17,Craig Shakespeare,caretaker_made_permanent
4169,Changed manager,0,3.0,Leicester,2018/19,Mike Stowell,caretaker
4322,Changed manager,0,0.0,Leicester,2022/23,Adam Sadler,caretaker
4344,Changed manager,0,0.0,Leicester,2024/25,Ben Dawson,caretaker
5489,Changed manager,0,3.0,Man United,2018/19,Ole Gunnar Solskjær,permanent
5598,Changed manager,0,1.0,Man United,2021/22,Michael Carrick,caretaker
5758,Changed manager,0,1.0,Man United,2025/26,Darren Fletcher,caretaker
5803,Changed manager,0,0.0,Middlesbrough,2016/17,Steve Agnew,caretaker
5833,Changed manager,0,1.0,Newcastle,2014/15,John Carver,caretaker_made_permanent
5880,Changed manager,0,0.0,Newcastle,2015/16,Rafael Benítez,permanent
6319,Changed manager,0,3.0,Norwich,2021/22,Dean Smith,permanent
6401,Changed manager,0,0.0,Nott'm Forest,2023/24,Nuno Espírito Santo,permanent
6486,Changed manager,0,0.0,Nott'm Forest,2025/26,Vítor Pereira,permanent
6521,Changed manager,0,0.0,QPR,2014/15,Chris Ramsey,caretaker_made_permanent
6602,Changed manager,0,0.0,Sheffield United,2020/21,Paul Heckingbottom,caretaker_made_permanent
6626,Changed manager,0,0.0,Sheffield United,2023/24,Chris Wilder,permanent
6816,Changed manager,0,0.0,Southampton,2018/19,Kelvin Davis,caretaker
6968,Changed manager,0,0.0,Southampton,2022/23,Nathan Jones,permanent
7008,Changed manager,0,1.0,Southampton,2024/25,Simon Rusk,caretaker
7166,Changed manager,0,0.0,Stoke,2017/18,Eddie Niedzwiecki,caretaker
7387,Changed manager,0,0.0,Swansea,2015/16,Alan Curtis,caretaker_made_permanent
7428,Changed manager,0,0.0,Swansea,2016/17,Alan Curtis,caretaker
7466,Changed manager,0,1.0,Swansea,2017/18,Leon Britton,caretaker
7688,Changed manager,0,3.0,Tottenham,2019/20,José Mourinho,permanent
7762,Changed manager,0,1.0,Tottenham,2021/22,Antonio Conte,permanent
7818,Changed manager,0,1.0,Tottenham,2022/23,Cristian Stellini,caretaker
7930,Changed manager,0,0.0,Tottenham,2025/26,Igor Tudor,permanent
8042,Changed manager,0,1.0,Watford,2017/18,Javi Gracia,permanent
8108,Changed manager,0,0.0,Watford,2019/20,Hayden Mullins,caretaker
8152,Changed manager,0,1.0,Watford,2021/22,Roy Hodgson,permanent
8189,Changed manager,0,1.0,West Brom,2014/15,Rob Kelly,caretaker
8296,Changed manager,0,1.0,West Brom,2017/18,Gary Megson,caretaker
8335,Changed manager,0,0.0,West Brom,2020/21,Sam Allardyce,permanent
8485,Changed manager,0,0.0,West Ham,2017/18,David Moyes,permanent
8569,Changed manager,0,3.0,West Ham,2019/20,David Moyes,permanent
8760,Changed manager,0,3.0,West Ham,2024/25,Graham Potter,permanent
9060,Changed manager,0,3.0,Wolves,2024/25,Vítor Pereira,permanent
9092,Changed manager,0,0.0,Wolves,2025/26,Jamie Collins,caretaker
203,Matched controls (kept manager),0,1.311926605504587,Arsenal,2019/20,Freddie Ljungberg,caretaker
481,Matched controls (kept manager),0,1.0714285714285714,Aston Villa,2014/15,Tim Sherwood,permanent
504,Matched controls (kept manager),0,1.3877551020408163,Aston Villa,2015/16,Kevin MacDonald,caretaker
619,Matched controls (kept manager),0,1.2127659574468086,Aston Villa,2021/22,Steven Gerrard,permanent
657,Matched controls (kept manager),0,1.099526066350711,Aston Villa,2022/23,Aaron Danks,caretaker
2106,Matched controls (kept manager),0,1.0328947368421053,Chelsea,2015/16,Steve Holland,caretaker
2299,Matched controls (kept manager),0,1.3418181818181818,Chelsea,2020/21,Thomas Tuchel,permanent
2384,Matched controls (kept manager),0,1.42560553633218,Chelsea,2022/23,Bruno Saltor,caretaker
2489,Matched controls (kept manager),0,1.52,Chelsea,2025/26,Calum McFarlane,caretaker
2526,Matched controls (kept manager),0,1.0990990990990992,Crystal Palace,2014/15,Keith Millen,caretaker
2601,Matched controls (kept manager),0,1.3333333333333333,Crystal Palace,2016/17,Sam Allardyce,permanent
2839,Matched controls (kept manager),0,1.3058823529411765,Crystal Palace,2022/23,Patrick McCarthy,caretaker
2874,Matched controls (kept manager),0,1.0680272108843538,Crystal Palace,2023/24,Ray Lewington,caretaker
3169,Matched controls (kept manager),0,0.9886363636363636,Everton,2019/20,Duncan Ferguson,caretaker
3249,Matched controls (kept manager),0,1.3725490196078431,Everton,2021/22,Duncan Ferguson,caretaker
3288,Matched controls (kept manager),0,1.3058823529411765,Everton,2022/23,Sean Dyche,permanent
3363,Matched controls (kept manager),0,1.0328947368421053,Everton,2024/25,David Moyes,permanent
3432,Matched controls (kept manager),0,1.3058823529411765,Fulham,2018/19,Claudio Ranieri,permanent
3448,Matched controls (kept manager),0,0.9886363636363636,Fulham,2018/19,Scott Parker,permanent
3708,Matched controls (kept manager),0,1.3333333333333333,Huddersfield,2018/19,Mark Hudson,caretaker
3782,Matched controls (kept manager),0,1.0890410958904109,Hull,2016/17,Marco Silva,permanent
3902,Matched controls (kept manager),0,0.9886363636363636,Leeds,2021/22,Jesse Marsch,permanent
3934,Matched controls (kept manager),0,1.099526066350711,Leeds,2022/23,Michael Skubala,caretaker
4091,Matched controls (kept manager),0,1.3058823529411765,Leicester,2016/17,Craig Shakespeare,caretaker_made_permanent
4169,Matched controls (kept manager),0,1.2127659574468086,Leicester,2018/19,Mike Stowell,caretaker
4322,Matched controls (kept manager),0,1.0328947368421053,Leicester,2022/23,Adam Sadler,caretaker
4344,Matched controls (kept manager),0,1.099526066350711,Leicester,2024/25,Ben Dawson,caretaker
5489,Matched controls (kept manager),0,1.6666666666666667,Man United,2018/19,Ole Gunnar Solskjær,permanent
5598,Matched controls (kept manager),0,1.4452554744525548,Man United,2021/22,Michael Carrick,caretaker
5758,Matched controls (kept manager),0,1.2344322344322345,Man United,2025/26,Darren Fletcher,caretaker
5803,Matched controls (kept manager),0,1.3333333333333333,Middlesbrough,2016/17,Steve Agnew,caretaker
5833,Matched controls (kept manager),0,1.689265536723164,Newcastle,2014/15,John Carver,caretaker_made_permanent
5880,Matched controls (kept manager),0,0.9886363636363636,Newcastle,2015/16,Rafael Benítez,permanent
6319,Matched controls (kept manager),0,1.4393939393939394,Norwich,2021/22,Dean Smith,permanent
6401,Matched controls (kept manager),0,1.0890410958904109,Nott'm Forest,2023/24,Nuno Espírito Santo,permanent
6486,Matched controls (kept manager),0,1.1733870967741935,Nott'm Forest,2025/26,Vítor Pereira,permanent
6521,Matched controls (kept manager),0,1.0593220338983051,QPR,2014/15,Chris Ramsey,caretaker_made_permanent
6602,Matched controls (kept manager),0,1.1983122362869199,Sheffield United,2020/21,Paul Heckingbottom,caretaker_made_permanent
6626,Matched controls (kept manager),0,1.3333333333333333,Sheffield United,2023/24,Chris Wilder,permanent
6816,Matched controls (kept manager),0,1.2710280373831775,Southampton,2018/19,Kelvin Davis,caretaker
6968,Matched controls (kept manager),0,1.0328947368421053,Southampton,2022/23,Nathan Jones,permanent
7008,Matched controls (kept manager),0,1.3877551020408163,Southampton,2024/25,Simon Rusk,caretaker
7166,Matched controls (kept manager),0,1.0990990990990992,Stoke,2017/18,Eddie Niedzwiecki,caretaker
7387,Matched controls (kept manager),0,1.0890410958904109,Swansea,2015/16,Alan Curtis,caretaker_made_permanent
7428,Matched controls (kept manager),0,1.0593220338983051,Swansea,2016/17,Alan Curtis,caretaker
7466,Matched controls (kept manager),0,1.2424242424242424,Swansea,2017/18,Leon Britton,caretaker
7688,Matched controls (kept manager),0,1.2929936305732483,Tottenham,2019/20,José Mourinho,permanent
7762,Matched controls (kept manager),0,1.393162393162393,Tottenham,2021/22,Antonio Conte,permanent
7818,Matched controls (kept manager),0,1.6666666666666667,Tottenham,2022/23,Cristian Stellini,caretaker
7930,Matched controls (kept manager),0,1.0990990990990992,Tottenham,2025/26,Igor Tudor,permanent
8042,Matched controls (kept manager),0,1.3725490196078431,Watford,2017/18,Javi Gracia,permanent
8108,Matched controls (kept manager),0,1.2976190476190477,Watford,2019/20,Hayden Mullins,caretaker
8152,Matched controls (kept manager),0,1.3333333333333333,Watford,2021/22,Roy Hodgson,permanent
8189,Matched controls (kept manager),0,0.9886363636363636,West Brom,2014/15,Rob Kelly,caretaker
8296,Matched controls (kept manager),0,1.3877551020408163,West Brom,2017/18,Gary Megson,caretaker
8335,Matched controls (kept manager),0,1.0890410958904109,West Brom,2020/21,Sam Allardyce,permanent
8485,Matched controls (kept manager),0,1.099526066350711,West Ham,2017/18,David Moyes,permanent
8569,Matched controls (kept manager),0,1.2976190476190477,West Ham,2019/20,David Moyes,permanent
8760,Matched controls (kept manager),0,1.3418181818181818,West Ham,2024/25,Graham Potter,permanent
9060,Matched controls (kept manager),0,1.0593220338983051,Wolves,2024/25,Vítor Pereira,permanent
9092,Matched controls (kept manager),0,0.9565217391304348,Wolves,2025/26,Jamie Collins,caretaker
203,Changed manager,1,0.0,Arsenal,2019/20,Freddie Ljungberg,caretaker
481,Changed manager,1,0.0,Aston Villa,2014/15,Tim Sherwood,permanent
504,Changed manager,1,1.0,Aston Villa,2015/16,Kevin MacDonald,caretaker
619,Changed manager,1,3.0,Aston Villa,2021/22,Steven Gerrard,permanent
657,Changed manager,1,0.0,Aston Villa,2022/23,Aaron Danks,caretaker
2106,Changed manager,1,1.0,Chelsea,2015/16,Steve Holland,caretaker
2299,Changed manager,1,3.0,Chelsea,2020/21,Thomas Tuchel,permanent
2384,Changed manager,1,0.0,Chelsea,2022/23,Bruno Saltor,caretaker
2489,Changed manager,1,0.0,Chelsea,2025/26,Calum McFarlane,caretaker
2526,Changed manager,1,1.0,Crystal Palace,2014/15,Keith Millen,caretaker
2601,Changed manager,1,0.0,Crystal Palace,2016/17,Sam Allardyce,permanent
2839,Changed manager,1,3.0,Crystal Palace,2022/23,Patrick McCarthy,caretaker
2874,Changed manager,1,3.0,Crystal Palace,2023/24,Ray Lewington,caretaker
3169,Changed manager,1,1.0,Everton,2019/20,Duncan Ferguson,caretaker
3249,Changed manager,1,0.0,Everton,2021/22,Duncan Ferguson,caretaker
3288,Changed manager,1,0.0,Everton,2022/23,Sean Dyche,permanent
3363,Changed manager,1,3.0,Everton,2024/25,David Moyes,permanent
3432,Changed manager,1,0.0,Fulham,2018/19,Claudio Ranieri,permanent
3448,Changed manager,1,0.0,Fulham,2018/19,Scott Parker,permanent
3708,Changed manager,1,0.0,Huddersfield,2018/19,Mark Hudson,caretaker
3782,Changed manager,1,0.0,Hull,2016/17,Marco Silva,permanent
3902,Changed manager,1,0.0,Leeds,2021/22,Jesse Marsch,permanent
3934,Changed manager,1,0.0,Leeds,2022/23,Michael Skubala,caretaker
4091,Changed manager,1,3.0,Leicester,2016/17,Craig Shakespeare,caretaker_made_permanent
4169,Changed manager,1,0.0,Leicester,2018/19,Mike Stowell,caretaker
4322,Changed manager,1,0.0,Leicester,2022/23,Adam Sadler,caretaker
4344,Changed manager,1,3.0,Leicester,2024/25,Ben Dawson,caretaker
5489,Changed manager,1,3.0,Man United,2018/19,Ole Gunnar Solskjær,permanent
5598,Changed manager,1,3.0,Man United,2021/22,Michael Carrick,caretaker
5758,Changed manager,1,3.0,Man United,2025/26,Darren Fletcher,caretaker
5803,Changed manager,1,1.0,Middlesbrough,2016/17,Steve Agnew,caretaker
5833,Changed manager,1,0.0,Newcastle,2014/15,John Carver,caretaker_made_permanent
5880,Changed manager,1,1.0,Newcastle,2015/16,Rafael Benítez,permanent
6319,Changed manager,1,1.0,Norwich,2021/22,Dean Smith,permanent
6401,Changed manager,1,3.0,Nott'm Forest,2023/24,Nuno Espírito Santo,permanent
6486,Changed manager,1,0.0,Nott'm Forest,2025/26,Vítor Pereira,permanent
6521,Changed manager,1,3.0,QPR,2014/15,Chris Ramsey,caretaker_made_permanent
6602,Changed manager,1,0.0,Sheffield United,2020/21,Paul Heckingbottom,caretaker_made_permanent
6626,Changed manager,1,3.0,Sheffield United,2023/24,Chris Wilder,permanent
6816,Changed manager,1,0.0,Southampton,2018/19,Kelvin Davis,caretaker
6968,Changed manager,1,0.0,Southampton,2022/23,Nathan Jones,permanent
7008,Changed manager,1,0.0,Southampton,2024/25,Simon Rusk,caretaker
7166,Changed manager,1,3.0,Stoke,2017/18,Eddie Niedzwiecki,caretaker
7387,Changed manager,1,1.0,Swansea,2015/16,Alan Curtis,caretaker_made_permanent
7428,Changed manager,1,3.0,Swansea,2016/17,Alan Curtis,caretaker
7466,Changed manager,1,0.0,Swansea,2017/18,Leon Britton,caretaker
7688,Changed manager,1,3.0,Tottenham,2019/20,José Mourinho,permanent
7762,Changed manager,1,3.0,Tottenham,2021/22,Antonio Conte,permanent
7818,Changed manager,1,3.0,Tottenham,2022/23,Cristian Stellini,caretaker
7930,Changed manager,1,0.0,Tottenham,2025/26,Igor Tudor,permanent
8042,Changed manager,1,3.0,Watford,2017/18,Javi Gracia,permanent
8108,Changed manager,1,1.0,Watford,2019/20,Hayden Mullins,caretaker
8152,Changed manager,1,0.0,Watford,2021/22,Roy Hodgson,permanent
8189,Changed manager,1,3.0,West Brom,2014/15,Rob Kelly,caretaker
8296,Changed manager,1,1.0,West Brom,2017/18,Gary Megson,caretaker
8335,Changed manager,1,1.0,West Brom,2020/21,Sam Allardyce,permanent
8485,Changed manager,1,1.0,West Ham,2017/18,David Moyes,permanent
8569,Changed manager,1,0.0,West Ham,2019/20,David Moyes,permanent
8760,Changed manager,1,0.0,West Ham,2024/25,Graham Potter,permanent
9060,Changed manager,1,3.0,Wolves,2024/25,Vítor Pereira,permanent
9092,Changed manager,1,0.0,Wolves,2025/26,Jamie Collins,caretaker
203,Matched controls (kept manager),1,1.334862385321101,Arsenal,2019/20,Freddie Ljungberg,caretaker
481,Matched controls (kept manager),1,0.7142857142857143,Aston Villa,2014/15,Tim Sherwood,permanent
504,Matched controls (kept manager),1,1.4489795918367347,Aston Villa,2015/16,Kevin MacDonald,caretaker
619,Matched controls (kept manager),1,1.2234042553191489,Aston Villa,2021/22,Steven Gerrard,permanent
657,Matched controls (kept manager),1,1.2227488151658767,Aston Villa,2022/23,Aaron Danks,caretaker
2106,Matched controls (kept manager),1,1.256578947368421,Chelsea,2015/16,Steve Holland,caretaker
2299,Matched controls (kept manager),1,1.2945454545454544,Chelsea,2020/21,Thomas Tuchel,permanent
2384,Matched controls (kept manager),1,1.328719723183391,Chelsea,2022/23,Bruno Saltor,caretaker
2489,Matched controls (kept manager),1,1.56,Chelsea,2025/26,Calum McFarlane,caretaker
2526,Matched controls (kept manager),1,1.009009009009009,Crystal Palace,2014/15,Keith Millen,caretaker
2601,Matched controls (kept manager),1,1.456140350877193,Crystal Palace,2016/17,Sam Allardyce,permanent
2839,Matched controls (kept manager),1,1.2823529411764707,Crystal Palace,2022/23,Patrick McCarthy,caretaker
2874,Matched controls (kept manager),1,1.129251700680272,Crystal Palace,2023/24,Ray Lewington,caretaker
3169,Matched controls (kept manager),1,1.0113636363636365,Everton,2019/20,Duncan Ferguson,caretaker
3249,Matched controls (kept manager),1,1.2843137254901962,Everton,2021/22,Duncan Ferguson,caretaker
3288,Matched controls (kept manager),1,1.2823529411764707,Everton,2022/23,Sean Dyche,permanent
3363,Matched controls (kept manager),1,1.256578947368421,Everton,2024/25,David Moyes,permanent
3432,Matched controls (kept manager),1,1.2823529411764707,Fulham,2018/19,Claudio Ranieri,permanent
3448,Matched controls (kept manager),1,1.0113636363636365,Fulham,2018/19,Scott Parker,permanent
3708,Matched controls (kept manager),1,1.456140350877193,Huddersfield,2018/19,Mark Hudson,caretaker
3782,Matched controls (kept manager),1,1.1164383561643836,Hull,2016/17,Marco Silva,permanent
3902,Matched controls (kept manager),1,1.0113636363636365,Leeds,2021/22,Jesse Marsch,permanent
3934,Matched controls (kept manager),1,1.2227488151658767,Leeds,2022/23,Michael Skubala,caretaker
4091,Matched controls (kept manager),1,1.2823529411764707,Leicester,2016/17,Craig Shakespeare,caretaker_made_permanent
4169,Matched controls (kept manager),1,1.2234042553191489,Leicester,2018/19,Mike Stowell,caretaker
4322,Matched controls (kept manager),1,1.256578947368421,Leicester,2022/23,Adam Sadler,caretaker
4344,Matched controls (kept manager),1,1.2227488151658767,Leicester,2024/25,Ben Dawson,caretaker
5489,Matched controls (kept manager),1,1.564102564102564,Man United,2018/19,Ole Gunnar Solskjær,permanent
5598,Matched controls (kept manager),1,1.332116788321168,Man United,2021/22,Michael Carrick,caretaker
5758,Matched controls (kept manager),1,1.336996336996337,Man United,2025/26,Darren Fletcher,caretaker
5803,Matched controls (kept manager),1,1.456140350877193,Middlesbrough,2016/17,Steve Agnew,caretaker
5833,Matched controls (kept manager),1,1.576271186440678,Newcastle,2014/15,John Carver,caretaker_made_permanent
5880,Matched controls (kept manager),1,1.0113636363636365,Newcastle,2015/16,Rafael Benítez,permanent
6319,Matched controls (kept manager),1,1.378787878787879,Norwich,2021/22,Dean Smith,permanent
6401,Matched controls (kept manager),1,1.1164383561643836,Nott'm Forest,2023/24,Nuno Espírito Santo,permanent
6486,Matched controls (kept manager),1,1.1612903225806452,Nott'm Forest,2025/26,Vítor Pereira,permanent
6521,Matched controls (kept manager),1,1.3220338983050848,QPR,2014/15,Chris Ramsey,caretaker_made_permanent
6602,Matched controls (kept manager),1,1.240506329113924,Sheffield United,2020/21,Paul Heckingbottom,caretaker_made_permanent
6626,Matched controls (kept manager),1,1.456140350877193,Sheffield United,2023/24,Chris Wilder,permanent
6816,Matched controls (kept manager),1,1.2616822429906542,Southampton,2018/19,Kelvin Davis,caretaker
6968,Matched controls (kept manager),1,1.256578947368421,Southampton,2022/23,Nathan Jones,permanent
7008,Matched controls (kept manager),1,1.4489795918367347,Southampton,2024/25,Simon Rusk,caretaker
7166,Matched controls (kept manager),1,1.009009009009009,Stoke,2017/18,Eddie Niedzwiecki,caretaker
7387,Matched controls (kept manager),1,1.1164383561643836,Swansea,2015/16,Alan Curtis,caretaker_made_permanent
7428,Matched controls (kept manager),1,1.3220338983050848,Swansea,2016/17,Alan Curtis,caretaker
7466,Matched controls (kept manager),1,1.4848484848484849,Swansea,2017/18,Leon Britton,caretaker
7688,Matched controls (kept manager),1,1.1910828025477707,Tottenham,2019/20,José Mourinho,permanent
7762,Matched controls (kept manager),1,1.264957264957265,Tottenham,2021/22,Antonio Conte,permanent
7818,Matched controls (kept manager),1,1.564102564102564,Tottenham,2022/23,Cristian Stellini,caretaker
7930,Matched controls (kept manager),1,1.009009009009009,Tottenham,2025/26,Igor Tudor,permanent
8042,Matched controls (kept manager),1,1.2843137254901962,Watford,2017/18,Javi Gracia,permanent
8108,Matched controls (kept manager),1,1.1428571428571428,Watford,2019/20,Hayden Mullins,caretaker
8152,Matched controls (kept manager),1,1.456140350877193,Watford,2021/22,Roy Hodgson,permanent
8189,Matched controls (kept manager),1,1.0113636363636365,West Brom,2014/15,Rob Kelly,caretaker
8296,Matched controls (kept manager),1,1.4489795918367347,West Brom,2017/18,Gary Megson,caretaker
8335,Matched controls (kept manager),1,1.1164383561643836,West Brom,2020/21,Sam Allardyce,permanent
8485,Matched controls (kept manager),1,1.2227488151658767,West Ham,2017/18,David Moyes,permanent
8569,Matched controls (kept manager),1,1.1428571428571428,West Ham,2019/20,David Moyes,permanent
8760,Matched controls (kept manager),1,1.2945454545454544,West Ham,2024/25,Graham Potter,permanent
9060,Matched controls (kept manager),1,1.3220338983050848,Wolves,2024/25,Vítor Pereira,permanent
9092,Matched controls (kept manager),1,0.782608695652174,Wolves,2025/26,Jamie Collins,caretaker
203,Changed manager,2,3.0,Arsenal,2019/20,Freddie Ljungberg,caretaker
481,Changed manager,2,3.0,Aston Villa,2014/15,Tim Sherwood,permanent
504,Changed manager,2,0.0,Aston Villa,2015/16,Kevin MacDonald,caretaker
619,Changed manager,2,0.0,Aston Villa,2021/22,Steven Gerrard,permanent
657,Changed manager,2,3.0,Aston Villa,2022/23,Aaron Danks,caretaker
2106,Changed manager,2,1.0,Chelsea,2015/16,Steve Holland,caretaker
2299,Changed manager,2,3.0,Chelsea,2020/21,Thomas Tuchel,permanent
2384,Changed manager,2,0.0,Chelsea,2022/23,Bruno Saltor,caretaker
2489,Changed manager,2,3.0,Chelsea,2025/26,Calum McFarlane,caretaker
2526,Changed manager,2,3.0,Crystal Palace,2014/15,Keith Millen,caretaker
2601,Changed manager,2,0.0,Crystal Palace,2016/17,Sam Allardyce,permanent
2839,Changed manager,2,3.0,Crystal Palace,2022/23,Patrick McCarthy,caretaker
2874,Changed manager,2,0.0,Crystal Palace,2023/24,Ray Lewington,caretaker
3169,Changed manager,2,1.0,Everton,2019/20,Duncan Ferguson,caretaker
3249,Changed manager,2,3.0,Everton,2021/22,Duncan Ferguson,caretaker
3288,Changed manager,2,3.0,Everton,2022/23,Sean Dyche,permanent
3363,Changed manager,2,3.0,Everton,2024/25,David Moyes,permanent
3432,Changed manager,2,1.0,Fulham,2018/19,Claudio Ranieri,permanent
3448,Changed manager,2,0.0,Fulham,2018/19,Scott Parker,permanent
3708,Changed manager,2,0.0,Huddersfield,2018/19,Mark Hudson,caretaker
3782,Changed manager,2,1.0,Hull,2016/17,Marco Silva,permanent
3902,Changed manager,2,3.0,Leeds,2021/22,Jesse Marsch,permanent
3934,Changed manager,2,0.0,Leeds,2022/23,Michael Skubala,caretaker
4091,Changed manager,2,3.0,Leicester,2016/17,Craig Shakespeare,caretaker_made_permanent
4169,Changed manager,2,3.0,Leicester,2018/19,Mike Stowell,caretaker
4322,Changed manager,2,0.0,Leicester,2022/23,Adam Sadler,caretaker
4344,Changed manager,2,1.0,Leicester,2024/25,Ben Dawson,caretaker
5489,Changed manager,2,3.0,Man United,2018/19,Ole Gunnar Solskjær,permanent
5598,Changed manager,2,3.0,Man United,2021/22,Michael Carrick,caretaker
5758,Changed manager,2,3.0,Man United,2025/26,Darren Fletcher,caretaker
5803,Changed manager,2,0.0,Middlesbrough,2016/17,Steve Agnew,caretaker
5833,Changed manager,2,0.0,Newcastle,2014/15,John Carver,caretaker_made_permanent
5880,Changed manager,2,0.0,Newcastle,2015/16,Rafael Benítez,permanent
6319,Changed manager,2,1.0,Norwich,2021/22,Dean Smith,permanent
6401,Changed manager,2,3.0,Nott'm Forest,2023/24,Nuno Espírito Santo,permanent
6486,Changed manager,2,1.0,Nott'm Forest,2025/26,Vítor Pereira,permanent
6521,Changed manager,2,0.0,QPR,2014/15,Chris Ramsey,caretaker_made_permanent
6602,Changed manager,2,0.0,Sheffield United,2020/21,Paul Heckingbottom,caretaker_made_permanent
6626,Changed manager,2,0.0,Sheffield United,2023/24,Chris Wilder,permanent
6816,Changed manager,2,3.0,Southampton,2018/19,Kelvin Davis,caretaker
6968,Changed manager,2,0.0,Southampton,2022/23,Nathan Jones,permanent
7008,Changed manager,2,0.0,Southampton,2024/25,Simon Rusk,caretaker
7166,Changed manager,2,1.0,Stoke,2017/18,Eddie Niedzwiecki,caretaker
7387,Changed manager,2,3.0,Swansea,2015/16,Alan Curtis,caretaker_made_permanent
7428,Changed manager,2,0.0,Swansea,2016/17,Alan Curtis,caretaker
7466,Changed manager,2,3.0,Swansea,2017/18,Leon Britton,caretaker
7688,Changed manager,2,0.0,Tottenham,2019/20,José Mourinho,permanent
7762,Changed manager,2,3.0,Tottenham,2021/22,Antonio Conte,permanent
7818,Changed manager,2,0.0,Tottenham,2022/23,Cristian Stellini,caretaker
7930,Changed manager,2,0.0,Tottenham,2025/26,Igor Tudor,permanent
8042,Changed manager,2,0.0,Watford,2017/18,Javi Gracia,permanent
8108,Changed manager,2,0.0,Watford,2019/20,Hayden Mullins,caretaker
8152,Changed manager,2,0.0,Watford,2021/22,Roy Hodgson,permanent
8189,Changed manager,2,1.0,West Brom,2014/15,Rob Kelly,caretaker
8296,Changed manager,2,1.0,West Brom,2017/18,Gary Megson,caretaker
8335,Changed manager,2,0.0,West Brom,2020/21,Sam Allardyce,permanent
8485,Changed manager,2,0.0,West Ham,2017/18,David Moyes,permanent
8569,Changed manager,2,1.0,West Ham,2019/20,David Moyes,permanent
8760,Changed manager,2,1.0,West Ham,2024/25,Graham Potter,permanent
9060,Changed manager,2,1.0,Wolves,2024/25,Vítor Pereira,permanent
9092,Changed manager,2,0.0,Wolves,2025/26,Jamie Collins,caretaker
203,Matched controls (kept manager),2,1.3211009174311927,Arsenal,2019/20,Freddie Ljungberg,caretaker
481,Matched controls (kept manager),2,0.8571428571428571,Aston Villa,2014/15,Tim Sherwood,permanent
504,Matched controls (kept manager),2,1.3061224489795917,Aston Villa,2015/16,Kevin MacDonald,caretaker
619,Matched controls (kept manager),2,0.9893617021276596,Aston Villa,2021/22,Steven Gerrard,permanent
657,Matched controls (kept manager),2,1.180094786729858,Aston Villa,2022/23,Aaron Danks,caretaker
2106,Matched controls (kept manager),2,1.1776315789473684,Chelsea,2015/16,Steve Holland,caretaker
2299,Matched controls (kept manager),2,1.298181818181818,Chelsea,2020/21,Thomas Tuchel,permanent
2384,Matched controls (kept manager),2,1.3806228373702423,Chelsea,2022/23,Bruno Saltor,caretaker
2489,Matched controls (kept manager),2,1.68,Chelsea,2025/26,Calum McFarlane,caretaker
2526,Matched controls (kept manager),2,1.1711711711711712,Crystal Palace,2014/15,Keith Millen,caretaker
2601,Matched controls (kept manager),2,1.2982456140350878,Crystal Palace,2016/17,Sam Allardyce,permanent
2839,Matched controls (kept manager),2,1.1529411764705881,Crystal Palace,2022/23,Patrick McCarthy,caretaker
2874,Matched controls (kept manager),2,1.2653061224489797,Crystal Palace,2023/24,Ray Lewington,caretaker
3169,Matched controls (kept manager),2,1.0568181818181819,Everton,2019/20,Duncan Ferguson,caretaker
3249,Matched controls (kept manager),2,1.1568627450980393,Everton,2021/22,Duncan Ferguson,caretaker
3288,Matched controls (kept manager),2,1.1529411764705881,Everton,2022/23,Sean Dyche,permanent
3363,Matched controls (kept manager),2,1.1776315789473684,Everton,2024/25,David Moyes,permanent
3432,Matched controls (kept manager),2,1.1529411764705881,Fulham,2018/19,Claudio Ranieri,permanent
3448,Matched controls (kept manager),2,1.0568181818181819,Fulham,2018/19,Scott Parker,permanent
3708,Matched controls (kept manager),2,1.2982456140350878,Huddersfield,2018/19,Mark Hudson,caretaker
3782,Matched controls (kept manager),2,1.2054794520547945,Hull,2016/17,Marco Silva,permanent
3902,Matched controls (kept manager),2,1.0568181818181819,Leeds,2021/22,Jesse Marsch,permanent
3934,Matched controls (kept manager),2,1.180094786729858,Leeds,2022/23,Michael Skubala,caretaker
4091,Matched controls (kept manager),2,1.1529411764705881,Leicester,2016/17,Craig Shakespeare,caretaker_made_permanent
4169,Matched controls (kept manager),2,0.9893617021276596,Leicester,2018/19,Mike Stowell,caretaker
4322,Matched controls (kept manager),2,1.1776315789473684,Leicester,2022/23,Adam Sadler,caretaker
4344,Matched controls (kept manager),2,1.180094786729858,Leicester,2024/25,Ben Dawson,caretaker
5489,Matched controls (kept manager),2,1.4615384615384615,Man United,2018/19,Ole Gunnar Solskjær,permanent
5598,Matched controls (kept manager),2,1.3613138686131387,Man United,2021/22,Michael Carrick,caretaker
5758,Matched controls (kept manager),2,1.326007326007326,Man United,2025/26,Darren Fletcher,caretaker
5803,Matched controls (kept manager),2,1.2982456140350878,Middlesbrough,2016/17,Steve Agnew,caretaker
5833,Matched controls (kept manager),2,1.4802259887005649,Newcastle,2014/15,John Carver,caretaker_made_permanent
5880,Matched controls (kept manager),2,1.0568181818181819,Newcastle,2015/16,Rafael Benítez,permanent
6319,Matched controls (kept manager),2,1.1818181818181819,Norwich,2021/22,Dean Smith,permanent
6401,Matched controls (kept manager),2,1.2054794520547945,Nott'm Forest,2023/24,Nuno Espírito Santo,permanent
6486,Matched controls (kept manager),2,1.2137096774193548,Nott'm Forest,2025/26,Vítor Pereira,permanent
6521,Matched controls (kept manager),2,1.0932203389830508,QPR,2014/15,Chris Ramsey,caretaker_made_permanent
6602,Matched controls (kept manager),2,1.270042194092827,Sheffield United,2020/21,Paul Heckingbottom,caretaker_made_permanent
6626,Matched controls (kept manager),2,1.2982456140350878,Sheffield United,2023/24,Chris Wilder,permanent
6816,Matched controls (kept manager),2,1.233644859813084,Southampton,2018/19,Kelvin Davis,caretaker
6968,Matched controls (kept manager),2,1.1776315789473684,Southampton,2022/23,Nathan Jones,permanent
7008,Matched controls (kept manager),2,1.3061224489795917,Southampton,2024/25,Simon Rusk,caretaker
7166,Matched controls (kept manager),2,1.1711711711711712,Stoke,2017/18,Eddie Niedzwiecki,caretaker
7387,Matched controls (kept manager),2,1.2054794520547945,Swansea,2015/16,Alan Curtis,caretaker_made_permanent
7428,Matched controls (kept manager),2,1.0932203389830508,Swansea,2016/17,Alan Curtis,caretaker
7466,Matched controls (kept manager),2,1.1515151515151516,Swansea,2017/18,Leon Britton,caretaker
7688,Matched controls (kept manager),2,1.2292993630573248,Tottenham,2019/20,José Mourinho,permanent
7762,Matched controls (kept manager),2,1.5042735042735043,Tottenham,2021/22,Antonio Conte,permanent
7818,Matched controls (kept manager),2,1.4615384615384615,Tottenham,2022/23,Cristian Stellini,caretaker
7930,Matched controls (kept manager),2,1.1711711711711712,Tottenham,2025/26,Igor Tudor,permanent
8042,Matched controls (kept manager),2,1.1568627450980393,Watford,2017/18,Javi Gracia,permanent
8108,Matched controls (kept manager),2,1.2023809523809523,Watford,2019/20,Hayden Mullins,caretaker
8152,Matched controls (kept manager),2,1.2982456140350878,Watford,2021/22,Roy Hodgson,permanent
8189,Matched controls (kept manager),2,1.0568181818181819,West Brom,2014/15,Rob Kelly,caretaker
8296,Matched controls (kept manager),2,1.3061224489795917,West Brom,2017/18,Gary Megson,caretaker
8335,Matched controls (kept manager),2,1.2054794520547945,West Brom,2020/21,Sam Allardyce,permanent
8485,Matched controls (kept manager),2,1.180094786729858,West Ham,2017/18,David Moyes,permanent
8569,Matched controls (kept manager),2,1.2023809523809523,West Ham,2019/20,David Moyes,permanent
8760,Matched controls (kept manager),2,1.298181818181818,West Ham,2024/25,Graham Potter,permanent
9060,Matched controls (kept manager),2,1.0932203389830508,Wolves,2024/25,Vítor Pereira,permanent
9092,Matched controls (kept manager),2,1.0,Wolves,2025/26,Jamie Collins,caretaker
203,Changed manager,3,0.0,Arsenal,2019/20,Freddie Ljungberg,caretaker
481,Changed manager,3,3.0,Aston Villa,2014/15,Tim Sherwood,permanent
504,Changed manager,3,0.0,Aston Villa,2015/16,Kevin MacDonald,caretaker
619,Changed manager,3,3.0,Aston Villa,2021/22,Steven Gerrard,permanent
657,Changed manager,3,3.0,Aston Villa,2022/23,Aaron Danks,caretaker
2106,Changed manager,3,3.0,Chelsea,2015/16,Steve Holland,caretaker
2299,Changed manager,3,3.0,Chelsea,2020/21,Thomas Tuchel,permanent
2384,Changed manager,3,0.0,Chelsea,2022/23,Bruno Saltor,caretaker
2489,Changed manager,3,3.0,Chelsea,2025/26,Calum McFarlane,caretaker
2526,Changed manager,3,3.0,Crystal Palace,2014/15,Keith Millen,caretaker
2601,Changed manager,3,0.0,Crystal Palace,2016/17,Sam Allardyce,permanent
2839,Changed manager,3,3.0,Crystal Palace,2022/23,Patrick McCarthy,caretaker
2874,Changed manager,3,1.0,Crystal Palace,2023/24,Ray Lewington,caretaker
3169,Changed manager,3,3.0,Everton,2019/20,Duncan Ferguson,caretaker
3249,Changed manager,3,0.0,Everton,2021/22,Duncan Ferguson,caretaker
3288,Changed manager,3,0.0,Everton,2022/23,Sean Dyche,permanent
3363,Changed manager,3,3.0,Everton,2024/25,David Moyes,permanent
3432,Changed manager,3,0.0,Fulham,2018/19,Claudio Ranieri,permanent
3448,Changed manager,3,0.0,Fulham,2018/19,Scott Parker,permanent
3708,Changed manager,3,0.0,Huddersfield,2018/19,Mark Hudson,caretaker
3782,Changed manager,3,3.0,Hull,2016/17,Marco Silva,permanent
3902,Changed manager,3,3.0,Leeds,2021/22,Jesse Marsch,permanent
3934,Changed manager,3,3.0,Leeds,2022/23,Michael Skubala,caretaker
4091,Changed manager,3,3.0,Leicester,2016/17,Craig Shakespeare,caretaker_made_permanent
4169,Changed manager,3,3.0,Leicester,2018/19,Mike Stowell,caretaker
4322,Changed manager,3,3.0,Leicester,2022/23,Adam Sadler,caretaker
4344,Changed manager,3,0.0,Leicester,2024/25,Ben Dawson,caretaker
5489,Changed manager,3,3.0,Man United,2018/19,Ole Gunnar Solskjær,permanent
5598,Changed manager,3,3.0,Man United,2021/22,Michael Carrick,caretaker
5758,Changed manager,3,3.0,Man United,2025/26,Darren Fletcher,caretaker
5803,Changed manager,3,1.0,Middlesbrough,2016/17,Steve Agnew,caretaker
5833,Changed manager,3,3.0,Newcastle,2014/15,John Carver,caretaker_made_permanent
5880,Changed manager,3,0.0,Newcastle,2015/16,Rafael Benítez,permanent
6319,Changed manager,3,0.0,Norwich,2021/22,Dean Smith,permanent
6401,Changed manager,3,0.0,Nott'm Forest,2023/24,Nuno Espírito Santo,permanent
6486,Changed manager,3,1.0,Nott'm Forest,2025/26,Vítor Pereira,permanent
6521,Changed manager,3,0.0,QPR,2014/15,Chris Ramsey,caretaker_made_permanent
6602,Changed manager,3,0.0,Sheffield United,2020/21,Paul Heckingbottom,caretaker_made_permanent
6626,Changed manager,3,1.0,Sheffield United,2023/24,Chris Wilder,permanent
6816,Changed manager,3,3.0,Southampton,2018/19,Kelvin Davis,caretaker
6968,Changed manager,3,0.0,Southampton,2022/23,Nathan Jones,permanent
7008,Changed manager,3,0.0,Southampton,2024/25,Simon Rusk,caretaker
7166,Changed manager,3,0.0,Stoke,2017/18,Eddie Niedzwiecki,caretaker
7387,Changed manager,3,1.0,Swansea,2015/16,Alan Curtis,caretaker_made_permanent
7428,Changed manager,3,3.0,Swansea,2016/17,Alan Curtis,caretaker
7466,Changed manager,3,0.0,Swansea,2017/18,Leon Britton,caretaker
7688,Changed manager,3,3.0,Tottenham,2019/20,José Mourinho,permanent
7762,Changed manager,3,3.0,Tottenham,2021/22,Antonio Conte,permanent
7818,Changed manager,3,0.0,Tottenham,2022/23,Cristian Stellini,caretaker
7930,Changed manager,3,1.0,Tottenham,2025/26,Igor Tudor,permanent
8042,Changed manager,3,3.0,Watford,2017/18,Javi Gracia,permanent
8108,Changed manager,3,3.0,Watford,2019/20,Hayden Mullins,caretaker
8152,Changed manager,3,3.0,Watford,2021/22,Roy Hodgson,permanent
8189,Changed manager,3,0.0,West Brom,2014/15,Rob Kelly,caretaker
8296,Changed manager,3,0.0,West Brom,2017/18,Gary Megson,caretaker
8335,Changed manager,3,0.0,West Brom,2020/21,Sam Allardyce,permanent
8485,Changed manager,3,0.0,West Ham,2017/18,David Moyes,permanent
8569,Changed manager,3,0.0,West Ham,2019/20,David Moyes,permanent
8760,Changed manager,3,0.0,West Ham,2024/25,Graham Potter,permanent
9060,Changed manager,3,0.0,Wolves,2024/25,Vítor Pereira,permanent
9092,Changed manager,3,0.0,Wolves,2025/26,Jamie Collins,caretaker
203,Matched controls (kept manager),3,1.114678899082569,Arsenal,2019/20,Freddie Ljungberg,caretaker
481,Matched controls (kept manager),3,1.0714285714285714,Aston Villa,2014/15,Tim Sherwood,permanent
504,Matched controls (kept manager),3,1.0204081632653061,Aston Villa,2015/16,Kevin MacDonald,caretaker
619,Matched controls (kept manager),3,1.3936170212765957,Aston Villa,2021/22,Steven Gerrard,permanent
657,Matched controls (kept manager),3,1.4075829383886256,Aston Villa,2022/23,Aaron Danks,caretaker
2106,Matched controls (kept manager),3,1.486842105263158,Chelsea,2015/16,Steve Holland,caretaker
2299,Matched controls (kept manager),3,1.1963636363636363,Chelsea,2020/21,Thomas Tuchel,permanent
2384,Matched controls (kept manager),3,1.2975778546712802,Chelsea,2022/23,Bruno Saltor,caretaker
2489,Matched controls (kept manager),3,1.39,Chelsea,2025/26,Calum McFarlane,caretaker
2526,Matched controls (kept manager),3,1.2252252252252251,Crystal Palace,2014/15,Keith Millen,caretaker
2601,Matched controls (kept manager),3,1.2105263157894737,Crystal Palace,2016/17,Sam Allardyce,permanent
2839,Matched controls (kept manager),3,1.1058823529411765,Crystal Palace,2022/23,Patrick McCarthy,caretaker
2874,Matched controls (kept manager),3,1.3061224489795917,Crystal Palace,2023/24,Ray Lewington,caretaker
3169,Matched controls (kept manager),3,1.1590909090909092,Everton,2019/20,Duncan Ferguson,caretaker
3249,Matched controls (kept manager),3,1.2352941176470589,Everton,2021/22,Duncan Ferguson,caretaker
3288,Matched controls (kept manager),3,1.1058823529411765,Everton,2022/23,Sean Dyche,permanent
3363,Matched controls (kept manager),3,1.486842105263158,Everton,2024/25,David Moyes,permanent
3432,Matched controls (kept manager),3,1.1058823529411765,Fulham,2018/19,Claudio Ranieri,permanent
3448,Matched controls (kept manager),3,1.1590909090909092,Fulham,2018/19,Scott Parker,permanent
3708,Matched controls (kept manager),3,1.2105263157894737,Huddersfield,2018/19,Mark Hudson,caretaker
3782,Matched controls (kept manager),3,1.2123287671232876,Hull,2016/17,Marco Silva,permanent
3902,Matched controls (kept manager),3,1.1590909090909092,Leeds,2021/22,Jesse Marsch,permanent
3934,Matched controls (kept manager),3,1.4075829383886256,Leeds,2022/23,Michael Skubala,caretaker
4091,Matched controls (kept manager),3,1.1058823529411765,Leicester,2016/17,Craig Shakespeare,caretaker_made_permanent
4169,Matched controls (kept manager),3,1.3936170212765957,Leicester,2018/19,Mike Stowell,caretaker
4322,Matched controls (kept manager),3,1.486842105263158,Leicester,2022/23,Adam Sadler,caretaker
4344,Matched controls (kept manager),3,1.4075829383886256,Leicester,2024/25,Ben Dawson,caretaker
5489,Matched controls (kept manager),3,1.5025641025641026,Man United,2018/19,Ole Gunnar Solskjær,permanent
5598,Matched controls (kept manager),3,1.2883211678832116,Man United,2021/22,Michael Carrick,caretaker
5758,Matched controls (kept manager),3,1.3919413919413919,Man United,2025/26,Darren Fletcher,caretaker
5803,Matched controls (kept manager),3,1.2105263157894737,Middlesbrough,2016/17,Steve Agnew,caretaker
5833,Matched controls (kept manager),3,1.4745762711864407,Newcastle,2014/15,John Carver,caretaker_made_permanent
5880,Matched controls (kept manager),3,1.1590909090909092,Newcastle,2015/16,Rafael Benítez,permanent
6319,Matched controls (kept manager),3,1.196969696969697,Norwich,2021/22,Dean Smith,permanent
6401,Matched controls (kept manager),3,1.2123287671232876,Nott'm Forest,2023/24,Nuno Espírito Santo,permanent
6486,Matched controls (kept manager),3,1.3548387096774193,Nott'm Forest,2025/26,Vítor Pereira,permanent
6521,Matched controls (kept manager),3,1.5338983050847457,QPR,2014/15,Chris Ramsey,caretaker_made_permanent
6602,Matched controls (kept manager),3,1.3037974683544304,Sheffield United,2020/21,Paul Heckingbottom,caretaker_made_permanent
6626,Matched controls (kept manager),3,1.2105263157894737,Sheffield United,2023/24,Chris Wilder,permanent
6816,Matched controls (kept manager),3,1.1495327102803738,Southampton,2018/19,Kelvin Davis,caretaker
6968,Matched controls (kept manager),3,1.486842105263158,Southampton,2022/23,Nathan Jones,permanent
7008,Matched controls (kept manager),3,1.0204081632653061,Southampton,2024/25,Simon Rusk,caretaker
7166,Matched controls (kept manager),3,1.2252252252252251,Stoke,2017/18,Eddie Niedzwiecki,caretaker
7387,Matched controls (kept manager),3,1.2123287671232876,Swansea,2015/16,Alan Curtis,caretaker_made_permanent
7428,Matched controls (kept manager),3,1.5338983050847457,Swansea,2016/17,Alan Curtis,caretaker
7466,Matched controls (kept manager),3,1.2727272727272727,Swansea,2017/18,Leon Britton,caretaker
7688,Matched controls (kept manager),3,1.3312101910828025,Tottenham,2019/20,José Mourinho,permanent
7762,Matched controls (kept manager),3,1.5213675213675213,Tottenham,2021/22,Antonio Conte,permanent
7818,Matched controls (kept manager),3,1.5025641025641026,Tottenham,2022/23,Cristian Stellini,caretaker
7930,Matched controls (kept manager),3,1.2252252252252251,Tottenham,2025/26,Igor Tudor,permanent
8042,Matched controls (kept manager),3,1.2352941176470589,Watford,2017/18,Javi Gracia,permanent
8108,Matched controls (kept manager),3,1.0952380952380953,Watford,2019/20,Hayden Mullins,caretaker
8152,Matched controls (kept manager),3,1.2105263157894737,Watford,2021/22,Roy Hodgson,permanent
8189,Matched controls (kept manager),3,1.1590909090909092,West Brom,2014/15,Rob Kelly,caretaker
8296,Matched controls (kept manager),3,1.0204081632653061,West Brom,2017/18,Gary Megson,caretaker
8335,Matched controls (kept manager),3,1.2123287671232876,West Brom,2020/21,Sam Allardyce,permanent
8485,Matched controls (kept manager),3,1.4075829383886256,West Ham,2017/18,David Moyes,permanent
8569,Matched controls (kept manager),3,1.0952380952380953,West Ham,2019/20,David Moyes,permanent
8760,Matched controls (kept manager),3,1.1963636363636363,West Ham,2024/25,Graham Potter,permanent
9060,Matched controls (kept manager),3,1.5338983050847457,Wolves,2024/25,Vítor Pereira,permanent
9092,Matched controls (kept manager),3,0.9565217391304348,Wolves,2025/26,Jamie Collins,caretaker
203,Changed manager,4,1.0,Arsenal,2019/20,Freddie Ljungberg,caretaker
481,Changed manager,4,0.0,Aston Villa,2014/15,Tim Sherwood,permanent
504,Changed manager,4,1.0,Aston Villa,2015/16,Kevin MacDonald,caretaker
619,Changed manager,4,0.0,Aston Villa,2021/22,Steven Gerrard,permanent
657,Changed manager,4,0.0,Aston Villa,2022/23,Aaron Danks,caretaker
2106,Changed manager,4,1.0,Chelsea,2015/16,Steve Holland,caretaker
2299,Changed manager,4,3.0,Chelsea,2020/21,Thomas Tuchel,permanent
2384,Changed manager,4,0.0,Chelsea,2022/23,Bruno Saltor,caretaker
2489,Changed manager,4,3.0,Chelsea,2025/26,Calum McFarlane,caretaker
2526,Changed manager,4,0.0,Crystal Palace,2014/15,Keith Millen,caretaker
2601,Changed manager,4,0.0,Crystal Palace,2016/17,Sam Allardyce,permanent
2839,Changed manager,4,1.0,Crystal Palace,2022/23,Patrick McCarthy,caretaker
2874,Changed manager,4,1.0,Crystal Palace,2023/24,Ray Lewington,caretaker
3169,Changed manager,4,3.0,Everton,2019/20,Duncan Ferguson,caretaker
3249,Changed manager,4,0.0,Everton,2021/22,Duncan Ferguson,caretaker
3288,Changed manager,4,0.0,Everton,2022/23,Sean Dyche,permanent
3363,Changed manager,4,1.0,Everton,2024/25,David Moyes,permanent
3432,Changed manager,4,0.0,Fulham,2018/19,Claudio Ranieri,permanent
3448,Changed manager,4,0.0,Fulham,2018/19,Scott Parker,permanent
3708,Changed manager,4,0.0,Huddersfield,2018/19,Mark Hudson,caretaker
3782,Changed manager,4,0.0,Hull,2016/17,Marco Silva,permanent
3902,Changed manager,4,1.0,Leeds,2021/22,Jesse Marsch,permanent
3934,Changed manager,4,0.0,Leeds,2022/23,Michael Skubala,caretaker
4091,Changed manager,4,3.0,Leicester,2016/17,Craig Shakespeare,caretaker_made_permanent
4169,Changed manager,4,3.0,Leicester,2018/19,Mike Stowell,caretaker
4322,Changed manager,4,1.0,Leicester,2022/23,Adam Sadler,caretaker
4344,Changed manager,4,0.0,Leicester,2024/25,Ben Dawson,caretaker
5489,Changed manager,4,3.0,Man United,2018/19,Ole Gunnar Solskjær,permanent
5598,Changed manager,4,1.0,Man United,2021/22,Michael Carrick,caretaker
5758,Changed manager,4,3.0,Man United,2025/26,Darren Fletcher,caretaker
5803,Changed manager,4,0.0,Middlesbrough,2016/17,Steve Agnew,caretaker
5833,Changed manager,4,1.0,Newcastle,2014/15,John Carver,caretaker_made_permanent
5880,Changed manager,4,3.0,Newcastle,2015/16,Rafael Benítez,permanent
6319,Changed manager,4,0.0,Norwich,2021/22,Dean Smith,permanent
6401,Changed manager,4,0.0,Nott'm Forest,2023/24,Nuno Espírito Santo,permanent
6486,Changed manager,4,3.0,Nott'm Forest,2025/26,Vítor Pereira,permanent
6521,Changed manager,4,0.0,QPR,2014/15,Chris Ramsey,caretaker_made_permanent
6602,Changed manager,4,3.0,Sheffield United,2020/21,Paul Heckingbottom,caretaker_made_permanent
6626,Changed manager,4,0.0,Sheffield United,2023/24,Chris Wilder,permanent
6816,Changed manager,4,0.0,Southampton,2018/19,Kelvin Davis,caretaker
6968,Changed manager,4,3.0,Southampton,2022/23,Nathan Jones,permanent
7008,Changed manager,4,0.0,Southampton,2024/25,Simon Rusk,caretaker
7166,Changed manager,4,1.0,Stoke,2017/18,Eddie Niedzwiecki,caretaker
7387,Changed manager,4,0.0,Swansea,2015/16,Alan Curtis,caretaker_made_permanent
7428,Changed manager,4,3.0,Swansea,2016/17,Alan Curtis,caretaker
7466,Changed manager,4,1.0,Swansea,2017/18,Leon Britton,caretaker
7688,Changed manager,4,3.0,Tottenham,2019/20,José Mourinho,permanent
7762,Changed manager,4,1.0,Tottenham,2021/22,Antonio Conte,permanent
7818,Changed manager,4,1.0,Tottenham,2022/23,Cristian Stellini,caretaker
7930,Changed manager,4,0.0,Tottenham,2025/26,Igor Tudor,permanent
8042,Changed manager,4,3.0,Watford,2017/18,Javi Gracia,permanent
8108,Changed manager,4,1.0,Watford,2019/20,Hayden Mullins,caretaker
8152,Changed manager,4,0.0,Watford,2021/22,Roy Hodgson,permanent
8189,Changed manager,4,1.0,West Brom,2014/15,Rob Kelly,caretaker
8296,Changed manager,4,1.0,West Brom,2017/18,Gary Megson,caretaker
8335,Changed manager,4,3.0,West Brom,2020/21,Sam Allardyce,permanent
8485,Changed manager,4,3.0,West Ham,2017/18,David Moyes,permanent
8569,Changed manager,4,0.0,West Ham,2019/20,David Moyes,permanent
8760,Changed manager,4,0.0,West Ham,2024/25,Graham Potter,permanent
9060,Changed manager,4,0.0,Wolves,2024/25,Vítor Pereira,permanent
9092,Changed manager,4,0.0,Wolves,2025/26,Jamie Collins,caretaker
203,Matched controls (kept manager),4,1.2798165137614679,Arsenal,2019/20,Freddie Ljungberg,caretaker
481,Matched controls (kept manager),4,1.0,Aston Villa,2014/15,Tim Sherwood,permanent
504,Matched controls (kept manager),4,1.0816326530612246,Aston Villa,2015/16,Kevin MacDonald,caretaker
619,Matched controls (kept manager),4,1.2872340425531914,Aston Villa,2021/22,Steven Gerrard,permanent
657,Matched controls (kept manager),4,1.3838862559241707,Aston Villa,2022/23,Aaron Danks,caretaker
2106,Matched controls (kept manager),4,1.4078947368421053,Chelsea,2015/16,Steve Holland,caretaker
2299,Matched controls (kept manager),4,1.3563636363636364,Chelsea,2020/21,Thomas Tuchel,permanent
2384,Matched controls (kept manager),4,1.28719723183391,Chelsea,2022/23,Bruno Saltor,caretaker
2489,Matched controls (kept manager),4,1.54,Chelsea,2025/26,Calum McFarlane,caretaker
2526,Matched controls (kept manager),4,1.1891891891891893,Crystal Palace,2014/15,Keith Millen,caretaker
2601,Matched controls (kept manager),4,1.1228070175438596,Crystal Palace,2016/17,Sam Allardyce,permanent
2839,Matched controls (kept manager),4,1.1647058823529413,Crystal Palace,2022/23,Patrick McCarthy,caretaker
2874,Matched controls (kept manager),4,1.217687074829932,Crystal Palace,2023/24,Ray Lewington,caretaker
3169,Matched controls (kept manager),4,1.25,Everton,2019/20,Duncan Ferguson,caretaker
3249,Matched controls (kept manager),4,1.107843137254902,Everton,2021/22,Duncan Ferguson,caretaker
3288,Matched controls (kept manager),4,1.1647058823529413,Everton,2022/23,Sean Dyche,permanent
3363,Matched controls (kept manager),4,1.4078947368421053,Everton,2024/25,David Moyes,permanent
3432,Matched controls (kept manager),4,1.1647058823529413,Fulham,2018/19,Claudio Ranieri,permanent
3448,Matched controls (kept manager),4,1.25,Fulham,2018/19,Scott Parker,permanent
3708,Matched controls (kept manager),4,1.1228070175438596,Huddersfield,2018/19,Mark Hudson,caretaker
3782,Matched controls (kept manager),4,1.2054794520547945,Hull,2016/17,Marco Silva,permanent
3902,Matched controls (kept manager),4,1.25,Leeds,2021/22,Jesse Marsch,permanent
3934,Matched controls (kept manager),4,1.3838862559241707,Leeds,2022/23,Michael Skubala,caretaker
4091,Matched controls (kept manager),4,1.1647058823529413,Leicester,2016/17,Craig Shakespeare,caretaker_made_permanent
4169,Matched controls (kept manager),4,1.2872340425531914,Leicester,2018/19,Mike Stowell,caretaker
4322,Matched controls (kept manager),4,1.4078947368421053,Leicester,2022/23,Adam Sadler,caretaker
4344,Matched controls (kept manager),4,1.3838862559241707,Leicester,2024/25,Ben Dawson,caretaker
5489,Matched controls (kept manager),4,1.4153846153846155,Man United,2018/19,Ole Gunnar Solskjær,permanent
5598,Matched controls (kept manager),4,1.2372262773722629,Man United,2021/22,Michael Carrick,caretaker
5758,Matched controls (kept manager),4,1.3296703296703296,Man United,2025/26,Darren Fletcher,caretaker
5803,Matched controls (kept manager),4,1.1228070175438596,Middlesbrough,2016/17,Steve Agnew,caretaker
5833,Matched controls (kept manager),4,1.4406779661016949,Newcastle,2014/15,John Carver,caretaker_made_permanent
5880,Matched controls (kept manager),4,1.25,Newcastle,2015/16,Rafael Benítez,permanent
6319,Matched controls (kept manager),4,1.0303030303030303,Norwich,2021/22,Dean Smith,permanent
6401,Matched controls (kept manager),4,1.2054794520547945,Nott'm Forest,2023/24,Nuno Espírito Santo,permanent
6486,Matched controls (kept manager),4,1.310483870967742,Nott'm Forest,2025/26,Vítor Pereira,permanent
6521,Matched controls (kept manager),4,1.3305084745762712,QPR,2014/15,Chris Ramsey,caretaker_made_permanent
6602,Matched controls (kept manager),4,1.2320675105485233,Sheffield United,2020/21,Paul Heckingbottom,caretaker_made_permanent
6626,Matched controls (kept manager),4,1.1228070175438596,Sheffield United,2023/24,Chris Wilder,permanent
6816,Matched controls (kept manager),4,1.102803738317757,Southampton,2018/19,Kelvin Davis,caretaker
6968,Matched controls (kept manager),4,1.4078947368421053,Southampton,2022/23,Nathan Jones,permanent
7008,Matched controls (kept manager),4,1.0816326530612246,Southampton,2024/25,Simon Rusk,caretaker
7166,Matched controls (kept manager),4,1.1891891891891893,Stoke,2017/18,Eddie Niedzwiecki,caretaker
7387,Matched controls (kept manager),4,1.2054794520547945,Swansea,2015/16,Alan Curtis,caretaker_made_permanent
7428,Matched controls (kept manager),4,1.3305084745762712,Swansea,2016/17,Alan Curtis,caretaker
7466,Matched controls (kept manager),4,1.2424242424242424,Swansea,2017/18,Leon Britton,caretaker
7688,Matched controls (kept manager),4,1.3375796178343948,Tottenham,2019/20,José Mourinho,permanent
7762,Matched controls (kept manager),4,1.4615384615384615,Tottenham,2021/22,Antonio Conte,permanent
7818,Matched controls (kept manager),4,1.4153846153846155,Tottenham,2022/23,Cristian Stellini,caretaker
7930,Matched controls (kept manager),4,1.1891891891891893,Tottenham,2025/26,Igor Tudor,permanent
8042,Matched controls (kept manager),4,1.107843137254902,Watford,2017/18,Javi Gracia,permanent
8108,Matched controls (kept manager),4,0.9642857142857143,Watford,2019/20,Hayden Mullins,caretaker
8152,Matched controls (kept manager),4,1.1228070175438596,Watford,2021/22,Roy Hodgson,permanent
8189,Matched controls (kept manager),4,1.25,West Brom,2014/15,Rob Kelly,caretaker
8296,Matched controls (kept manager),4,1.0816326530612246,West Brom,2017/18,Gary Megson,caretaker
8335,Matched controls (kept manager),4,1.2054794520547945,West Brom,2020/21,Sam Allardyce,permanent
8485,Matched controls (kept manager),4,1.3838862559241707,West Ham,2017/18,David Moyes,permanent
8569,Matched controls (kept manager),4,0.9642857142857143,West Ham,2019/20,David Moyes,permanent
8760,Matched controls (kept manager),4,1.3563636363636364,West Ham,2024/25,Graham Potter,permanent
9060,Matched controls (kept manager),4,1.3305084745762712,Wolves,2024/25,Vítor Pereira,permanent
9092,Matched controls (kept manager),4,1.0,Wolves,2025/26,Jamie Collins,caretaker
203,Changed manager,5,1.0,Arsenal,2019/20,Freddie Ljungberg,caretaker
481,Changed manager,5,0.0,Aston Villa,2014/15,Tim Sherwood,permanent
504,Changed manager,5,0.0,Aston Villa,2015/16,Kevin MacDonald,caretaker
619,Changed manager,5,3.0,Aston Villa,2021/22,Steven Gerrard,permanent
657,Changed manager,5,3.0,Aston Villa,2022/23,Aaron Danks,caretaker
2106,Changed manager,5,1.0,Chelsea,2015/16,Steve Holland,caretaker
2299,Changed manager,5,1.0,Chelsea,2020/21,Thomas Tuchel,permanent
2384,Changed manager,5,3.0,Chelsea,2022/23,Bruno Saltor,caretaker
2489,Changed manager,5,3.0,Chelsea,2025/26,Calum McFarlane,caretaker
2526,Changed manager,5,3.0,Crystal Palace,2014/15,Keith Millen,caretaker
2601,Changed manager,5,3.0,Crystal Palace,2016/17,Sam Allardyce,permanent
2839,Changed manager,5,0.0,Crystal Palace,2022/23,Patrick McCarthy,caretaker
2874,Changed manager,5,0.0,Crystal Palace,2023/24,Ray Lewington,caretaker
3169,Changed manager,5,0.0,Everton,2019/20,Duncan Ferguson,caretaker
3249,Changed manager,5,0.0,Everton,2021/22,Duncan Ferguson,caretaker
3288,Changed manager,5,1.0,Everton,2022/23,Sean Dyche,permanent
3363,Changed manager,5,3.0,Everton,2024/25,David Moyes,permanent
3432,Changed manager,5,1.0,Fulham,2018/19,Claudio Ranieri,permanent
3448,Changed manager,5,3.0,Fulham,2018/19,Scott Parker,permanent
3708,Changed manager,5,3.0,Huddersfield,2018/19,Mark Hudson,caretaker
3782,Changed manager,5,1.0,Hull,2016/17,Marco Silva,permanent
3902,Changed manager,5,3.0,Leeds,2021/22,Jesse Marsch,permanent
3934,Changed manager,5,1.0,Leeds,2022/23,Michael Skubala,caretaker
4091,Changed manager,5,0.0,Leicester,2016/17,Craig Shakespeare,caretaker_made_permanent
4169,Changed manager,5,3.0,Leicester,2018/19,Mike Stowell,caretaker
4322,Changed manager,5,1.0,Leicester,2022/23,Adam Sadler,caretaker
4344,Changed manager,5,0.0,Leicester,2024/25,Ben Dawson,caretaker
5489,Changed manager,5,3.0,Man United,2018/19,Ole Gunnar Solskjær,permanent
5598,Changed manager,5,3.0,Man United,2021/22,Michael Carrick,caretaker
5758,Changed manager,5,1.0,Man United,2025/26,Darren Fletcher,caretaker
5803,Changed manager,5,0.0,Middlesbrough,2016/17,Steve Agnew,caretaker
5833,Changed manager,5,1.0,Newcastle,2014/15,John Carver,caretaker_made_permanent
5880,Changed manager,5,1.0,Newcastle,2015/16,Rafael Benítez,permanent
6319,Changed manager,5,0.0,Norwich,2021/22,Dean Smith,permanent
6401,Changed manager,5,1.0,Nott'm Forest,2023/24,Nuno Espírito Santo,permanent
6486,Changed manager,5,1.0,Nott'm Forest,2025/26,Vítor Pereira,permanent
6521,Changed manager,5,0.0,QPR,2014/15,Chris Ramsey,caretaker_made_permanent
6602,Changed manager,5,0.0,Sheffield United,2020/21,Paul Heckingbottom,caretaker_made_permanent
6626,Changed manager,5,0.0,Sheffield United,2023/24,Chris Wilder,permanent
6816,Changed manager,5,0.0,Southampton,2018/19,Kelvin Davis,caretaker
6968,Changed manager,5,0.0,Southampton,2022/23,Nathan Jones,permanent
7008,Changed manager,5,0.0,Southampton,2024/25,Simon Rusk,caretaker
7166,Changed manager,5,1.0,Stoke,2017/18,Eddie Niedzwiecki,caretaker
7387,Changed manager,5,0.0,Swansea,2015/16,Alan Curtis,caretaker_made_permanent
7428,Changed manager,5,0.0,Swansea,2016/17,Alan Curtis,caretaker
7466,Changed manager,5,3.0,Swansea,2017/18,Leon Britton,caretaker
7688,Changed manager,5,0.0,Tottenham,2019/20,José Mourinho,permanent
7762,Changed manager,5,3.0,Tottenham,2021/22,Antonio Conte,permanent
7818,Changed manager,5,0.0,Tottenham,2022/23,Cristian Stellini,caretaker
7930,Changed manager,5,0.0,Tottenham,2025/26,Igor Tudor,permanent
8042,Changed manager,5,0.0,Watford,2017/18,Javi Gracia,permanent
8108,Changed manager,5,3.0,Watford,2019/20,Hayden Mullins,caretaker
8152,Changed manager,5,1.0,Watford,2021/22,Roy Hodgson,permanent
8189,Changed manager,5,3.0,West Brom,2014/15,Rob Kelly,caretaker
8296,Changed manager,5,0.0,West Brom,2017/18,Gary Megson,caretaker
8335,Changed manager,5,0.0,West Brom,2020/21,Sam Allardyce,permanent
8485,Changed manager,5,1.0,West Ham,2017/18,David Moyes,permanent
8569,Changed manager,5,1.0,West Ham,2019/20,David Moyes,permanent
8760,Changed manager,5,3.0,West Ham,2024/25,Graham Potter,permanent
9060,Changed manager,5,0.0,Wolves,2024/25,Vítor Pereira,permanent
9092,Changed manager,5,0.0,Wolves,2025/26,Jamie Collins,caretaker
203,Matched controls (kept manager),5,1.3302752293577982,Arsenal,2019/20,Freddie Ljungberg,caretaker
481,Matched controls (kept manager),5,1.1428571428571428,Aston Villa,2014/15,Tim Sherwood,permanent
504,Matched controls (kept manager),5,0.9387755102040817,Aston Villa,2015/16,Kevin MacDonald,caretaker
619,Matched controls (kept manager),5,1.2340425531914894,Aston Villa,2021/22,Steven Gerrard,permanent
657,Matched controls (kept manager),5,1.3507109004739337,Aston Villa,2022/23,Aaron Danks,caretaker
2106,Matched controls (kept manager),5,1.3289473684210527,Chelsea,2015/16,Steve Holland,caretaker
2299,Matched controls (kept manager),5,1.2036363636363636,Chelsea,2020/21,Thomas Tuchel,permanent
2384,Matched controls (kept manager),5,1.3875432525951557,Chelsea,2022/23,Bruno Saltor,caretaker
2489,Matched controls (kept manager),5,1.42,Chelsea,2025/26,Calum McFarlane,caretaker
2526,Matched controls (kept manager),5,1.1441441441441442,Crystal Palace,2014/15,Keith Millen,caretaker
2601,Matched controls (kept manager),5,1.0,Crystal Palace,2016/17,Sam Allardyce,permanent
2839,Matched controls (kept manager),5,0.9764705882352941,Crystal Palace,2022/23,Patrick McCarthy,caretaker
2874,Matched controls (kept manager),5,1.2040816326530612,Crystal Palace,2023/24,Ray Lewington,caretaker
3169,Matched controls (kept manager),5,1.0795454545454546,Everton,2019/20,Duncan Ferguson,caretaker
3249,Matched controls (kept manager),5,1.0588235294117647,Everton,2021/22,Duncan Ferguson,caretaker
3288,Matched controls (kept manager),5,0.9764705882352941,Everton,2022/23,Sean Dyche,permanent
3363,Matched controls (kept manager),5,1.3289473684210527,Everton,2024/25,David Moyes,permanent
3432,Matched controls (kept manager),5,0.9764705882352941,Fulham,2018/19,Claudio Ranieri,permanent
3448,Matched controls (kept manager),5,1.0795454545454546,Fulham,2018/19,Scott Parker,permanent
3708,Matched controls (kept manager),5,1.0,Huddersfield,2018/19,Mark Hudson,caretaker
3782,Matched controls (kept manager),5,1.1232876712328768,Hull,2016/17,Marco Silva,permanent
3902,Matched controls (kept manager),5,1.0795454545454546,Leeds,2021/22,Jesse Marsch,permanent
3934,Matched controls (kept manager),5,1.3507109004739337,Leeds,2022/23,Michael Skubala,caretaker
4091,Matched controls (kept manager),5,0.9764705882352941,Leicester,2016/17,Craig Shakespeare,caretaker_made_permanent
4169,Matched controls (kept manager),5,1.2340425531914894,Leicester,2018/19,Mike Stowell,caretaker
4322,Matched controls (kept manager),5,1.3289473684210527,Leicester,2022/23,Adam Sadler,caretaker
4344,Matched controls (kept manager),5,1.3507109004739337,Leicester,2024/25,Ben Dawson,caretaker
5489,Matched controls (kept manager),5,1.4,Man United,2018/19,Ole Gunnar Solskjær,permanent
5598,Matched controls (kept manager),5,1.3430656934306568,Man United,2021/22,Michael Carrick,caretaker
5758,Matched controls (kept manager),5,1.4615384615384615,Man United,2025/26,Darren Fletcher,caretaker
5803,Matched controls (kept manager),5,1.0,Middlesbrough,2016/17,Steve Agnew,caretaker
5833,Matched controls (kept manager),5,1.3502824858757063,Newcastle,2014/15,John Carver,caretaker_made_permanent
5880,Matched controls (kept manager),5,1.0795454545454546,Newcastle,2015/16,Rafael Benítez,permanent
6319,Matched controls (kept manager),5,1.303030303030303,Norwich,2021/22,Dean Smith,permanent
6401,Matched controls (kept manager),5,1.1232876712328768,Nott'm Forest,2023/24,Nuno Espírito Santo,permanent
6486,Matched controls (kept manager),5,1.3669354838709677,Nott'm Forest,2025/26,Vítor Pereira,permanent
6521,Matched controls (kept manager),5,1.347457627118644,QPR,2014/15,Chris Ramsey,caretaker_made_permanent
6602,Matched controls (kept manager),5,1.2067510548523206,Sheffield United,2020/21,Paul Heckingbottom,caretaker_made_permanent
6626,Matched controls (kept manager),5,1.0,Sheffield United,2023/24,Chris Wilder,permanent
6816,Matched controls (kept manager),5,1.1962616822429906,Southampton,2018/19,Kelvin Davis,caretaker
6968,Matched controls (kept manager),5,1.3289473684210527,Southampton,2022/23,Nathan Jones,permanent
7008,Matched controls (kept manager),5,0.9387755102040817,Southampton,2024/25,Simon Rusk,caretaker
7166,Matched controls (kept manager),5,1.1441441441441442,Stoke,2017/18,Eddie Niedzwiecki,caretaker
7387,Matched controls (kept manager),5,1.1232876712328768,Swansea,2015/16,Alan Curtis,caretaker_made_permanent
7428,Matched controls (kept manager),5,1.347457627118644,Swansea,2016/17,Alan Curtis,caretaker
7466,Matched controls (kept manager),5,1.2424242424242424,Swansea,2017/18,Leon Britton,caretaker
7688,Matched controls (kept manager),5,1.375796178343949,Tottenham,2019/20,José Mourinho,permanent
7762,Matched controls (kept manager),5,1.3333333333333333,Tottenham,2021/22,Antonio Conte,permanent
7818,Matched controls (kept manager),5,1.4,Tottenham,2022/23,Cristian Stellini,caretaker
7930,Matched controls (kept manager),5,1.1441441441441442,Tottenham,2025/26,Igor Tudor,permanent
8042,Matched controls (kept manager),5,1.0588235294117647,Watford,2017/18,Javi Gracia,permanent
8108,Matched controls (kept manager),5,0.9285714285714286,Watford,2019/20,Hayden Mullins,caretaker
8152,Matched controls (kept manager),5,1.0,Watford,2021/22,Roy Hodgson,permanent
8189,Matched controls (kept manager),5,1.0795454545454546,West Brom,2014/15,Rob Kelly,caretaker
8296,Matched controls (kept manager),5,0.9387755102040817,West Brom,2017/18,Gary Megson,caretaker
8335,Matched controls (kept manager),5,1.1232876712328768,West Brom,2020/21,Sam Allardyce,permanent
8485,Matched controls (kept manager),5,1.3507109004739337,West Ham,2017/18,David Moyes,permanent
8569,Matched controls (kept manager),5,0.9285714285714286,West Ham,2019/20,David Moyes,permanent
8760,Matched controls (kept manager),5,1.2036363636363636,West Ham,2024/25,Graham Potter,permanent
9060,Matched controls (kept manager),5,1.347457627118644,Wolves,2024/25,Vítor Pereira,permanent
9092,Matched controls (kept manager),5,0.9565217391304348,Wolves,2025/26,Jamie Collins,caretaker
203,Changed manager,6,0.0,Arsenal,2019/20,Freddie Ljungberg,caretaker
481,Changed manager,6,1.0,Aston Villa,2014/15,Tim Sherwood,permanent
504,Changed manager,6,1.0,Aston Villa,2015/16,Kevin MacDonald,caretaker
619,Changed manager,6,0.0,Aston Villa,2021/22,Steven Gerrard,permanent
657,Changed manager,6,1.0,Aston Villa,2022/23,Aaron Danks,caretaker
2106,Changed manager,6,3.0,Chelsea,2015/16,Steve Holland,caretaker
2299,Changed manager,6,1.0,Chelsea,2020/21,Thomas Tuchel,permanent
2384,Changed manager,6,1.0,Chelsea,2022/23,Bruno Saltor,caretaker
2489,Changed manager,6,1.0,Chelsea,2025/26,Calum McFarlane,caretaker
2526,Changed manager,6,1.0,Crystal Palace,2014/15,Keith Millen,caretaker
2601,Changed manager,6,0.0,Crystal Palace,2016/17,Sam Allardyce,permanent
2839,Changed manager,6,3.0,Crystal Palace,2022/23,Patrick McCarthy,caretaker
2874,Changed manager,6,0.0,Crystal Palace,2023/24,Ray Lewington,caretaker
3169,Changed manager,6,3.0,Everton,2019/20,Duncan Ferguson,caretaker
3249,Changed manager,6,0.0,Everton,2021/22,Duncan Ferguson,caretaker
3288,Changed manager,6,3.0,Everton,2022/23,Sean Dyche,permanent
3363,Changed manager,6,1.0,Everton,2024/25,David Moyes,permanent
3432,Changed manager,6,1.0,Fulham,2018/19,Claudio Ranieri,permanent
3448,Changed manager,6,3.0,Fulham,2018/19,Scott Parker,permanent
3708,Changed manager,6,0.0,Huddersfield,2018/19,Mark Hudson,caretaker
3782,Changed manager,6,0.0,Hull,2016/17,Marco Silva,permanent
3902,Changed manager,6,1.0,Leeds,2021/22,Jesse Marsch,permanent
3934,Changed manager,6,3.0,Leeds,2022/23,Michael Skubala,caretaker
4091,Changed manager,6,1.0,Leicester,2016/17,Craig Shakespeare,caretaker_made_permanent
4169,Changed manager,6,0.0,Leicester,2018/19,Mike Stowell,caretaker
4322,Changed manager,6,0.0,Leicester,2022/23,Adam Sadler,caretaker
4344,Changed manager,6,0.0,Leicester,2024/25,Ben Dawson,caretaker
5489,Changed manager,6,1.0,Man United,2018/19,Ole Gunnar Solskjær,permanent
5598,Changed manager,6,0.0,Man United,2021/22,Michael Carrick,caretaker
5758,Changed manager,6,3.0,Man United,2025/26,Darren Fletcher,caretaker
5803,Changed manager,6,3.0,Middlesbrough,2016/17,Steve Agnew,caretaker
5833,Changed manager,6,0.0,Newcastle,2014/15,John Carver,caretaker_made_permanent
5880,Changed manager,6,1.0,Newcastle,2015/16,Rafael Benítez,permanent
6319,Changed manager,6,0.0,Norwich,2021/22,Dean Smith,permanent
6401,Changed manager,6,0.0,Nott'm Forest,2023/24,Nuno Espírito Santo,permanent
6486,Changed manager,6,3.0,Nott'm Forest,2025/26,Vítor Pereira,permanent
6521,Changed manager,6,0.0,QPR,2014/15,Chris Ramsey,caretaker_made_permanent
6602,Changed manager,6,0.0,Sheffield United,2020/21,Paul Heckingbottom,caretaker_made_permanent
6626,Changed manager,6,1.0,Sheffield United,2023/24,Chris Wilder,permanent
6816,Changed manager,6,1.0,Southampton,2018/19,Kelvin Davis,caretaker
6968,Changed manager,6,0.0,Southampton,2022/23,Nathan Jones,permanent
7008,Changed manager,6,0.0,Southampton,2024/25,Simon Rusk,caretaker
7166,Changed manager,6,1.0,Stoke,2017/18,Eddie Niedzwiecki,caretaker
7387,Changed manager,6,3.0,Swansea,2015/16,Alan Curtis,caretaker_made_permanent
7428,Changed manager,6,3.0,Swansea,2016/17,Alan Curtis,caretaker
7466,Changed manager,6,3.0,Swansea,2017/18,Leon Britton,caretaker
7688,Changed manager,6,3.0,Tottenham,2019/20,José Mourinho,permanent
7762,Changed manager,6,1.0,Tottenham,2021/22,Antonio Conte,permanent
7818,Changed manager,6,3.0,Tottenham,2022/23,Cristian Stellini,caretaker
7930,Changed manager,6,1.0,Tottenham,2025/26,Igor Tudor,permanent
8042,Changed manager,6,0.0,Watford,2017/18,Javi Gracia,permanent
8108,Changed manager,6,3.0,Watford,2019/20,Hayden Mullins,caretaker
8152,Changed manager,6,0.0,Watford,2021/22,Roy Hodgson,permanent
8189,Changed manager,6,1.0,West Brom,2014/15,Rob Kelly,caretaker
8296,Changed manager,6,0.0,West Brom,2017/18,Gary Megson,caretaker
8335,Changed manager,6,0.0,West Brom,2020/21,Sam Allardyce,permanent
8485,Changed manager,6,3.0,West Ham,2017/18,David Moyes,permanent
8569,Changed manager,6,0.0,West Ham,2019/20,David Moyes,permanent
8760,Changed manager,6,3.0,West Ham,2024/25,Graham Potter,permanent
9060,Changed manager,6,0.0,Wolves,2024/25,Vítor Pereira,permanent
9092,Changed manager,6,0.0,Wolves,2025/26,Jamie Collins,caretaker
203,Matched controls (kept manager),6,1.3669724770642202,Arsenal,2019/20,Freddie Ljungberg,caretaker
481,Matched controls (kept manager),6,0.8571428571428571,Aston Villa,2014/15,Tim Sherwood,permanent
504,Matched controls (kept manager),6,1.0612244897959184,Aston Villa,2015/16,Kevin MacDonald,caretaker
619,Matched controls (kept manager),6,1.1808510638297873,Aston Villa,2021/22,Steven Gerrard,permanent
657,Matched controls (kept manager),6,1.2464454976303319,Aston Villa,2022/23,Aaron Danks,caretaker
2106,Matched controls (kept manager),6,1.1907894736842106,Chelsea,2015/16,Steve Holland,caretaker
2299,Matched controls (kept manager),6,1.2581818181818183,Chelsea,2020/21,Thomas Tuchel,permanent
2384,Matched controls (kept manager),6,1.3079584775086506,Chelsea,2022/23,Bruno Saltor,caretaker
2489,Matched controls (kept manager),6,1.53,Chelsea,2025/26,Calum McFarlane,caretaker
2526,Matched controls (kept manager),6,0.954954954954955,Crystal Palace,2014/15,Keith Millen,caretaker
2601,Matched controls (kept manager),6,1.0350877192982457,Crystal Palace,2016/17,Sam Allardyce,permanent
2839,Matched controls (kept manager),6,0.9647058823529412,Crystal Palace,2022/23,Patrick McCarthy,caretaker
2874,Matched controls (kept manager),6,1.1972789115646258,Crystal Palace,2023/24,Ray Lewington,caretaker
3169,Matched controls (kept manager),6,0.8295454545454546,Everton,2019/20,Duncan Ferguson,caretaker
3249,Matched controls (kept manager),6,1.0294117647058822,Everton,2021/22,Duncan Ferguson,caretaker
3288,Matched controls (kept manager),6,0.9647058823529412,Everton,2022/23,Sean Dyche,permanent
3363,Matched controls (kept manager),6,1.1907894736842106,Everton,2024/25,David Moyes,permanent
3432,Matched controls (kept manager),6,0.9647058823529412,Fulham,2018/19,Claudio Ranieri,permanent
3448,Matched controls (kept manager),6,0.8295454545454546,Fulham,2018/19,Scott Parker,permanent
3708,Matched controls (kept manager),6,1.0350877192982457,Huddersfield,2018/19,Mark Hudson,caretaker
3782,Matched controls (kept manager),6,0.9931506849315068,Hull,2016/17,Marco Silva,permanent
3902,Matched controls (kept manager),6,0.8295454545454546,Leeds,2021/22,Jesse Marsch,permanent
3934,Matched controls (kept manager),6,1.2464454976303319,Leeds,2022/23,Michael Skubala,caretaker
4091,Matched controls (kept manager),6,0.9647058823529412,Leicester,2016/17,Craig Shakespeare,caretaker_made_permanent
4169,Matched controls (kept manager),6,1.1808510638297873,Leicester,2018/19,Mike Stowell,caretaker
4322,Matched controls (kept manager),6,1.1907894736842106,Leicester,2022/23,Adam Sadler,caretaker
4344,Matched controls (kept manager),6,1.2464454976303319,Leicester,2024/25,Ben Dawson,caretaker
5489,Matched controls (kept manager),6,1.435897435897436,Man United,2018/19,Ole Gunnar Solskjær,permanent
5598,Matched controls (kept manager),6,1.354014598540146,Man United,2021/22,Michael Carrick,caretaker
5758,Matched controls (kept manager),6,1.3113553113553114,Man United,2025/26,Darren Fletcher,caretaker
5803,Matched controls (kept manager),6,1.0350877192982457,Middlesbrough,2016/17,Steve Agnew,caretaker
5833,Matched controls (kept manager),6,1.3728813559322033,Newcastle,2014/15,John Carver,caretaker_made_permanent
5880,Matched controls (kept manager),6,0.8295454545454546,Newcastle,2015/16,Rafael Benítez,permanent
6319,Matched controls (kept manager),6,1.0909090909090908,Norwich,2021/22,Dean Smith,permanent
6401,Matched controls (kept manager),6,0.9931506849315068,Nott'm Forest,2023/24,Nuno Espírito Santo,permanent
6486,Matched controls (kept manager),6,1.2338709677419355,Nott'm Forest,2025/26,Vítor Pereira,permanent
6521,Matched controls (kept manager),6,1.1440677966101696,QPR,2014/15,Chris Ramsey,caretaker_made_permanent
6602,Matched controls (kept manager),6,1.1856540084388185,Sheffield United,2020/21,Paul Heckingbottom,caretaker_made_permanent
6626,Matched controls (kept manager),6,1.0350877192982457,Sheffield United,2023/24,Chris Wilder,permanent
6816,Matched controls (kept manager),6,1.1121495327102804,Southampton,2018/19,Kelvin Davis,caretaker
6968,Matched controls (kept manager),6,1.1907894736842106,Southampton,2022/23,Nathan Jones,permanent
7008,Matched controls (kept manager),6,1.0612244897959184,Southampton,2024/25,Simon Rusk,caretaker
7166,Matched controls (kept manager),6,0.954954954954955,Stoke,2017/18,Eddie Niedzwiecki,caretaker
7387,Matched controls (kept manager),6,0.9931506849315068,Swansea,2015/16,Alan Curtis,caretaker_made_permanent
7428,Matched controls (kept manager),6,1.1440677966101696,Swansea,2016/17,Alan Curtis,caretaker
7466,Matched controls (kept manager),6,0.8181818181818182,Swansea,2017/18,Leon Britton,caretaker
7688,Matched controls (kept manager),6,1.2101910828025477,Tottenham,2019/20,José Mourinho,permanent
7762,Matched controls (kept manager),6,1.7521367521367521,Tottenham,2021/22,Antonio Conte,permanent
7818,Matched controls (kept manager),6,1.435897435897436,Tottenham,2022/23,Cristian Stellini,caretaker
7930,Matched controls (kept manager),6,0.954954954954955,Tottenham,2025/26,Igor Tudor,permanent
8042,Matched controls (kept manager),6,1.0294117647058822,Watford,2017/18,Javi Gracia,permanent
8108,Matched controls (kept manager),6,1.0833333333333333,Watford,2019/20,Hayden Mullins,caretaker
8152,Matched controls (kept manager),6,1.0350877192982457,Watford,2021/22,Roy Hodgson,permanent
8189,Matched controls (kept manager),6,0.8295454545454546,West Brom,2014/15,Rob Kelly,caretaker
8296,Matched controls (kept manager),6,1.0612244897959184,West Brom,2017/18,Gary Megson,caretaker
8335,Matched controls (kept manager),6,0.9931506849315068,West Brom,2020/21,Sam Allardyce,permanent
8485,Matched controls (kept manager),6,1.2464454976303319,West Ham,2017/18,David Moyes,permanent
8569,Matched controls (kept manager),6,1.0833333333333333,West Ham,2019/20,David Moyes,permanent
8760,Matched controls (kept manager),6,1.2581818181818183,West Ham,2024/25,Graham Potter,permanent
9060,Matched controls (kept manager),6,1.1440677966101696,Wolves,2024/25,Vítor Pereira,permanent
9092,Matched controls (kept manager),6,0.9130434782608695,Wolves,2025/26,Jamie Collins,caretaker
203,Changed manager,7,3.0,Arsenal,2019/20,Freddie Ljungberg,caretaker
481,Changed manager,7,3.0,Aston Villa,2014/15,Tim Sherwood,permanent
504,Changed manager,7,1.0,Aston Villa,2015/16,Kevin MacDonald,caretaker
619,Changed manager,7,0.0,Aston Villa,2021/22,Steven Gerrard,permanent
657,Changed manager,7,3.0,Aston Villa,2022/23,Aaron Danks,caretaker
2106,Changed manager,7,1.0,Chelsea,2015/16,Steve Holland,caretaker
2299,Changed manager,7,3.0,Chelsea,2020/21,Thomas Tuchel,permanent
2384,Changed manager,7,0.0,Chelsea,2022/23,Bruno Saltor,caretaker
2489,Changed manager,7,1.0,Chelsea,2025/26,Calum McFarlane,caretaker
2526,Changed manager,7,0.0,Crystal Palace,2014/15,Keith Millen,caretaker
2601,Changed manager,7,0.0,Crystal Palace,2016/17,Sam Allardyce,permanent
2839,Changed manager,7,0.0,Crystal Palace,2022/23,Patrick McCarthy,caretaker
2874,Changed manager,7,3.0,Crystal Palace,2023/24,Ray Lewington,caretaker
3169,Changed manager,7,1.0,Everton,2019/20,Duncan Ferguson,caretaker
3249,Changed manager,7,3.0,Everton,2021/22,Duncan Ferguson,caretaker
3288,Changed manager,7,1.0,Everton,2022/23,Sean Dyche,permanent
3363,Changed manager,7,1.0,Everton,2024/25,David Moyes,permanent
3432,Changed manager,7,3.0,Fulham,2018/19,Claudio Ranieri,permanent
3448,Changed manager,7,3.0,Fulham,2018/19,Scott Parker,permanent
3708,Changed manager,7,0.0,Huddersfield,2018/19,Mark Hudson,caretaker
3782,Changed manager,7,3.0,Hull,2016/17,Marco Silva,permanent
3902,Changed manager,7,0.0,Leeds,2021/22,Jesse Marsch,permanent
3934,Changed manager,7,0.0,Leeds,2022/23,Michael Skubala,caretaker
4091,Changed manager,7,0.0,Leicester,2016/17,Craig Shakespeare,caretaker_made_permanent
4169,Changed manager,7,1.0,Leicester,2018/19,Mike Stowell,caretaker
4322,Changed manager,7,0.0,Leicester,2022/23,Adam Sadler,caretaker
4344,Changed manager,7,0.0,Leicester,2024/25,Ben Dawson,caretaker
5489,Changed manager,7,3.0,Man United,2018/19,Ole Gunnar Solskjær,permanent
5598,Changed manager,7,1.0,Man United,2021/22,Michael Carrick,caretaker
5758,Changed manager,7,3.0,Man United,2025/26,Darren Fletcher,caretaker
5803,Changed manager,7,1.0,Middlesbrough,2016/17,Steve Agnew,caretaker
5833,Changed manager,7,3.0,Newcastle,2014/15,John Carver,caretaker_made_permanent
5880,Changed manager,7,3.0,Newcastle,2015/16,Rafael Benítez,permanent
6319,Changed manager,7,0.0,Norwich,2021/22,Dean Smith,permanent
6401,Changed manager,7,3.0,Nott'm Forest,2023/24,Nuno Espírito Santo,permanent
6486,Changed manager,7,3.0,Nott'm Forest,2025/26,Vítor Pereira,permanent
6521,Changed manager,7,3.0,QPR,2014/15,Chris Ramsey,caretaker_made_permanent
6602,Changed manager,7,3.0,Sheffield United,2020/21,Paul Heckingbottom,caretaker_made_permanent
6626,Changed manager,7,0.0,Sheffield United,2023/24,Chris Wilder,permanent
6816,Changed manager,7,3.0,Southampton,2018/19,Kelvin Davis,caretaker
6968,Changed manager,7,0.0,Southampton,2022/23,Nathan Jones,permanent
7008,Changed manager,7,3.0,Southampton,2024/25,Simon Rusk,caretaker
7166,Changed manager,7,0.0,Stoke,2017/18,Eddie Niedzwiecki,caretaker
7387,Changed manager,7,3.0,Swansea,2015/16,Alan Curtis,caretaker_made_permanent
7428,Changed manager,7,0.0,Swansea,2016/17,Alan Curtis,caretaker
7466,Changed manager,7,1.0,Swansea,2017/18,Leon Britton,caretaker
7688,Changed manager,7,1.0,Tottenham,2019/20,José Mourinho,permanent
7762,Changed manager,7,3.0,Tottenham,2021/22,Antonio Conte,permanent
7818,Changed manager,7,0.0,Tottenham,2022/23,Cristian Stellini,caretaker
7930,Changed manager,7,3.0,Tottenham,2025/26,Igor Tudor,permanent
8042,Changed manager,7,1.0,Watford,2017/18,Javi Gracia,permanent
8108,Changed manager,7,3.0,Watford,2019/20,Hayden Mullins,caretaker
8152,Changed manager,7,0.0,Watford,2021/22,Roy Hodgson,permanent
8189,Changed manager,7,3.0,West Brom,2014/15,Rob Kelly,caretaker
8296,Changed manager,7,1.0,West Brom,2017/18,Gary Megson,caretaker
8335,Changed manager,7,1.0,West Brom,2020/21,Sam Allardyce,permanent
8485,Changed manager,7,0.0,West Ham,2017/18,David Moyes,permanent
8569,Changed manager,7,0.0,West Ham,2019/20,David Moyes,permanent
8760,Changed manager,7,0.0,West Ham,2024/25,Graham Potter,permanent
9060,Changed manager,7,3.0,Wolves,2024/25,Vítor Pereira,permanent
9092,Changed manager,7,0.0,Wolves,2025/26,Jamie Collins,caretaker
203,Matched controls (kept manager),7,1.3256880733944953,Arsenal,2019/20,Freddie Ljungberg,caretaker
481,Matched controls (kept manager),7,0.5714285714285714,Aston Villa,2014/15,Tim Sherwood,permanent
504,Matched controls (kept manager),7,1.0408163265306123,Aston Villa,2015/16,Kevin MacDonald,caretaker
619,Matched controls (kept manager),7,1.148936170212766,Aston Villa,2021/22,Steven Gerrard,permanent
657,Matched controls (kept manager),7,1.2227488151658767,Aston Villa,2022/23,Aaron Danks,caretaker
2106,Matched controls (kept manager),7,1.2236842105263157,Chelsea,2015/16,Steve Holland,caretaker
2299,Matched controls (kept manager),7,1.3272727272727274,Chelsea,2020/21,Thomas Tuchel,permanent
2384,Matched controls (kept manager),7,1.3598615916955017,Chelsea,2022/23,Bruno Saltor,caretaker
2489,Matched controls (kept manager),7,1.31,Chelsea,2025/26,Calum McFarlane,caretaker
2526,Matched controls (kept manager),7,0.9369369369369369,Crystal Palace,2014/15,Keith Millen,caretaker
2601,Matched controls (kept manager),7,1.1228070175438596,Crystal Palace,2016/17,Sam Allardyce,permanent
2839,Matched controls (kept manager),7,1.0235294117647058,Crystal Palace,2022/23,Patrick McCarthy,caretaker
2874,Matched controls (kept manager),7,1.129251700680272,Crystal Palace,2023/24,Ray Lewington,caretaker
3169,Matched controls (kept manager),7,0.8636363636363636,Everton,2019/20,Duncan Ferguson,caretaker
3249,Matched controls (kept manager),7,1.1470588235294117,Everton,2021/22,Duncan Ferguson,caretaker
3288,Matched controls (kept manager),7,1.0235294117647058,Everton,2022/23,Sean Dyche,permanent
3363,Matched controls (kept manager),7,1.2236842105263157,Everton,2024/25,David Moyes,permanent
3432,Matched controls (kept manager),7,1.0235294117647058,Fulham,2018/19,Claudio Ranieri,permanent
3448,Matched controls (kept manager),7,0.8636363636363636,Fulham,2018/19,Scott Parker,permanent
3708,Matched controls (kept manager),7,1.1228070175438596,Huddersfield,2018/19,Mark Hudson,caretaker
3782,Matched controls (kept manager),7,0.9931506849315068,Hull,2016/17,Marco Silva,permanent
3902,Matched controls (kept manager),7,0.8636363636363636,Leeds,2021/22,Jesse Marsch,permanent
3934,Matched controls (kept manager),7,1.2227488151658767,Leeds,2022/23,Michael Skubala,caretaker
4091,Matched controls (kept manager),7,1.0235294117647058,Leicester,2016/17,Craig Shakespeare,caretaker_made_permanent
4169,Matched controls (kept manager),7,1.148936170212766,Leicester,2018/19,Mike Stowell,caretaker
4322,Matched controls (kept manager),7,1.2236842105263157,Leicester,2022/23,Adam Sadler,caretaker
4344,Matched controls (kept manager),7,1.2227488151658767,Leicester,2024/25,Ben Dawson,caretaker
5489,Matched controls (kept manager),7,1.4102564102564104,Man United,2018/19,Ole Gunnar Solskjær,permanent
5598,Matched controls (kept manager),7,1.4306569343065694,Man United,2021/22,Michael Carrick,caretaker
5758,Matched controls (kept manager),7,1.2417582417582418,Man United,2025/26,Darren Fletcher,caretaker
5803,Matched controls (kept manager),7,1.1228070175438596,Middlesbrough,2016/17,Steve Agnew,caretaker
5833,Matched controls (kept manager),7,1.3615819209039548,Newcastle,2014/15,John Carver,caretaker_made_permanent
5880,Matched controls (kept manager),7,0.8636363636363636,Newcastle,2015/16,Rafael Benítez,permanent
6319,Matched controls (kept manager),7,1.1515151515151516,Norwich,2021/22,Dean Smith,permanent
6401,Matched controls (kept manager),7,0.9931506849315068,Nott'm Forest,2023/24,Nuno Espírito Santo,permanent
6486,Matched controls (kept manager),7,1.153225806451613,Nott'm Forest,2025/26,Vítor Pereira,permanent
6521,Matched controls (kept manager),7,1.1271186440677967,QPR,2014/15,Chris Ramsey,caretaker_made_permanent
6602,Matched controls (kept manager),7,1.1856540084388185,Sheffield United,2020/21,Paul Heckingbottom,caretaker_made_permanent
6626,Matched controls (kept manager),7,1.1228070175438596,Sheffield United,2023/24,Chris Wilder,permanent
6816,Matched controls (kept manager),7,1.074766355140187,Southampton,2018/19,Kelvin Davis,caretaker
6968,Matched controls (kept manager),7,1.2236842105263157,Southampton,2022/23,Nathan Jones,permanent
7008,Matched controls (kept manager),7,1.0408163265306123,Southampton,2024/25,Simon Rusk,caretaker
7166,Matched controls (kept manager),7,0.9369369369369369,Stoke,2017/18,Eddie Niedzwiecki,caretaker
7387,Matched controls (kept manager),7,0.9931506849315068,Swansea,2015/16,Alan Curtis,caretaker_made_permanent
7428,Matched controls (kept manager),7,1.1271186440677967,Swansea,2016/17,Alan Curtis,caretaker
7466,Matched controls (kept manager),7,1.2424242424242424,Swansea,2017/18,Leon Britton,caretaker
7688,Matched controls (kept manager),7,1.1019108280254777,Tottenham,2019/20,José Mourinho,permanent
7762,Matched controls (kept manager),7,1.4444444444444444,Tottenham,2021/22,Antonio Conte,permanent
7818,Matched controls (kept manager),7,1.4102564102564104,Tottenham,2022/23,Cristian Stellini,caretaker
7930,Matched controls (kept manager),7,0.9369369369369369,Tottenham,2025/26,Igor Tudor,permanent
8042,Matched controls (kept manager),7,1.1470588235294117,Watford,2017/18,Javi Gracia,permanent
8108,Matched controls (kept manager),7,0.9523809523809523,Watford,2019/20,Hayden Mullins,caretaker
8152,Matched controls (kept manager),7,1.1228070175438596,Watford,2021/22,Roy Hodgson,permanent
8189,Matched controls (kept manager),7,0.8636363636363636,West Brom,2014/15,Rob Kelly,caretaker
8296,Matched controls (kept manager),7,1.0408163265306123,West Brom,2017/18,Gary Megson,caretaker
8335,Matched controls (kept manager),7,0.9931506849315068,West Brom,2020/21,Sam Allardyce,permanent
8485,Matched controls (kept manager),7,1.2227488151658767,West Ham,2017/18,David Moyes,permanent
8569,Matched controls (kept manager),7,0.9523809523809523,West Ham,2019/20,David Moyes,permanent
8760,Matched controls (kept manager),7,1.3272727272727274,West Ham,2024/25,Graham Potter,permanent
9060,Matched controls (kept manager),7,1.1271186440677967,Wolves,2024/25,Vítor Pereira,permanent
9092,Matched controls (kept manager),7,0.6521739130434783,Wolves,2025/26,Jamie Collins,caretaker
203,Changed manager,8,1.0,Arsenal,2019/20,Freddie Ljungberg,caretaker
481,Changed manager,8,0.0,Aston Villa,2014/15,Tim Sherwood,permanent
504,Changed manager,8,0.0,Aston Villa,2015/16,Kevin MacDonald,caretaker
619,Changed manager,8,1.0,Aston Villa,2021/22,Steven Gerrard,permanent
657,Changed manager,8,3.0,Aston Villa,2022/23,Aaron Danks,caretaker
2106,Changed manager,8,1.0,Chelsea,2015/16,Steve Holland,caretaker
2299,Changed manager,8,3.0,Chelsea,2020/21,Thomas Tuchel,permanent
2384,Changed manager,8,0.0,Chelsea,2022/23,Bruno Saltor,caretaker
2489,Changed manager,8,0.0,Chelsea,2025/26,Calum McFarlane,caretaker
2526,Changed manager,8,3.0,Crystal Palace,2014/15,Keith Millen,caretaker
2601,Changed manager,8,3.0,Crystal Palace,2016/17,Sam Allardyce,permanent
2839,Changed manager,8,3.0,Crystal Palace,2022/23,Patrick McCarthy,caretaker
2874,Changed manager,8,3.0,Crystal Palace,2023/24,Ray Lewington,caretaker
3169,Changed manager,8,1.0,Everton,2019/20,Duncan Ferguson,caretaker
3249,Changed manager,8,0.0,Everton,2021/22,Duncan Ferguson,caretaker
3288,Changed manager,8,1.0,Everton,2022/23,Sean Dyche,permanent
3363,Changed manager,8,1.0,Everton,2024/25,David Moyes,permanent
3432,Changed manager,8,0.0,Fulham,2018/19,Claudio Ranieri,permanent
3448,Changed manager,8,0.0,Fulham,2018/19,Scott Parker,permanent
3708,Changed manager,8,0.0,Huddersfield,2018/19,Mark Hudson,caretaker
3782,Changed manager,8,0.0,Hull,2016/17,Marco Silva,permanent
3902,Changed manager,8,0.0,Leeds,2021/22,Jesse Marsch,permanent
3934,Changed manager,8,3.0,Leeds,2022/23,Michael Skubala,caretaker
4091,Changed manager,8,3.0,Leicester,2016/17,Craig Shakespeare,caretaker_made_permanent
4169,Changed manager,8,3.0,Leicester,2018/19,Mike Stowell,caretaker
4322,Changed manager,8,1.0,Leicester,2022/23,Adam Sadler,caretaker
4344,Changed manager,8,0.0,Leicester,2024/25,Ben Dawson,caretaker
5489,Changed manager,8,3.0,Man United,2018/19,Ole Gunnar Solskjær,permanent
5598,Changed manager,8,3.0,Man United,2021/22,Michael Carrick,caretaker
5758,Changed manager,8,0.0,Man United,2025/26,Darren Fletcher,caretaker
5803,Changed manager,8,0.0,Middlesbrough,2016/17,Steve Agnew,caretaker
5833,Changed manager,8,0.0,Newcastle,2014/15,John Carver,caretaker_made_permanent
5880,Changed manager,8,1.0,Newcastle,2015/16,Rafael Benítez,permanent
6319,Changed manager,8,0.0,Norwich,2021/22,Dean Smith,permanent
6401,Changed manager,8,0.0,Nott'm Forest,2023/24,Nuno Espírito Santo,permanent
6486,Changed manager,8,3.0,Nott'm Forest,2025/26,Vítor Pereira,permanent
6521,Changed manager,8,1.0,QPR,2014/15,Chris Ramsey,caretaker_made_permanent
6602,Changed manager,8,0.0,Sheffield United,2020/21,Paul Heckingbottom,caretaker_made_permanent
6626,Changed manager,8,0.0,Sheffield United,2023/24,Chris Wilder,permanent
6816,Changed manager,8,3.0,Southampton,2018/19,Kelvin Davis,caretaker
6968,Changed manager,8,3.0,Southampton,2022/23,Nathan Jones,permanent
7008,Changed manager,8,0.0,Southampton,2024/25,Simon Rusk,caretaker
7166,Changed manager,8,0.0,Stoke,2017/18,Eddie Niedzwiecki,caretaker
7387,Changed manager,8,1.0,Swansea,2015/16,Alan Curtis,caretaker_made_permanent
7428,Changed manager,8,3.0,Swansea,2016/17,Alan Curtis,caretaker
7466,Changed manager,8,3.0,Swansea,2017/18,Leon Britton,caretaker
7688,Changed manager,8,0.0,Tottenham,2019/20,José Mourinho,permanent
7762,Changed manager,8,3.0,Tottenham,2021/22,Antonio Conte,permanent
7818,Changed manager,8,0.0,Tottenham,2022/23,Cristian Stellini,caretaker
7930,Changed manager,8,3.0,Tottenham,2025/26,Igor Tudor,permanent
8042,Changed manager,8,0.0,Watford,2017/18,Javi Gracia,permanent
8108,Changed manager,8,1.0,Watford,2019/20,Hayden Mullins,caretaker
8152,Changed manager,8,3.0,Watford,2021/22,Roy Hodgson,permanent
8189,Changed manager,8,0.0,West Brom,2014/15,Rob Kelly,caretaker
8296,Changed manager,8,1.0,West Brom,2017/18,Gary Megson,caretaker
8335,Changed manager,8,0.0,West Brom,2020/21,Sam Allardyce,permanent
8485,Changed manager,8,1.0,West Ham,2017/18,David Moyes,permanent
8569,Changed manager,8,3.0,West Ham,2019/20,David Moyes,permanent
8760,Changed manager,8,1.0,West Ham,2024/25,Graham Potter,permanent
9060,Changed manager,8,0.0,Wolves,2024/25,Vítor Pereira,permanent
9092,Changed manager,8,1.0,Wolves,2025/26,Jamie Collins,caretaker
203,Matched controls (kept manager),8,1.3027522935779816,Arsenal,2019/20,Freddie Ljungberg,caretaker
481,Matched controls (kept manager),8,0.7857142857142857,Aston Villa,2014/15,Tim Sherwood,permanent
504,Matched controls (kept manager),8,0.9795918367346939,Aston Villa,2015/16,Kevin MacDonald,caretaker
619,Matched controls (kept manager),8,1.1914893617021276,Aston Villa,2021/22,Steven Gerrard,permanent
657,Matched controls (kept manager),8,1.2227488151658767,Aston Villa,2022/23,Aaron Danks,caretaker
2106,Matched controls (kept manager),8,1.1513157894736843,Chelsea,2015/16,Steve Holland,caretaker
2299,Matched controls (kept manager),8,1.3672727272727272,Chelsea,2020/21,Thomas Tuchel,permanent
2384,Matched controls (kept manager),8,1.2525951557093427,Chelsea,2022/23,Bruno Saltor,caretaker
2489,Matched controls (kept manager),8,1.63,Chelsea,2025/26,Calum McFarlane,caretaker
2526,Matched controls (kept manager),8,0.9279279279279279,Crystal Palace,2014/15,Keith Millen,caretaker
2601,Matched controls (kept manager),8,0.9649122807017544,Crystal Palace,2016/17,Sam Allardyce,permanent
2839,Matched controls (kept manager),8,0.8352941176470589,Crystal Palace,2022/23,Patrick McCarthy,caretaker
2874,Matched controls (kept manager),8,0.9795918367346939,Crystal Palace,2023/24,Ray Lewington,caretaker
3169,Matched controls (kept manager),8,1.0227272727272727,Everton,2019/20,Duncan Ferguson,caretaker
3249,Matched controls (kept manager),8,0.8333333333333334,Everton,2021/22,Duncan Ferguson,caretaker
3288,Matched controls (kept manager),8,0.8352941176470589,Everton,2022/23,Sean Dyche,permanent
3363,Matched controls (kept manager),8,1.1513157894736843,Everton,2024/25,David Moyes,permanent
3432,Matched controls (kept manager),8,0.8352941176470589,Fulham,2018/19,Claudio Ranieri,permanent
3448,Matched controls (kept manager),8,1.0227272727272727,Fulham,2018/19,Scott Parker,permanent
3708,Matched controls (kept manager),8,0.9649122807017544,Huddersfield,2018/19,Mark Hudson,caretaker
3782,Matched controls (kept manager),8,0.9315068493150684,Hull,2016/17,Marco Silva,permanent
3902,Matched controls (kept manager),8,1.0227272727272727,Leeds,2021/22,Jesse Marsch,permanent
3934,Matched controls (kept manager),8,1.2227488151658767,Leeds,2022/23,Michael Skubala,caretaker
4091,Matched controls (kept manager),8,0.8352941176470589,Leicester,2016/17,Craig Shakespeare,caretaker_made_permanent
4169,Matched controls (kept manager),8,1.1914893617021276,Leicester,2018/19,Mike Stowell,caretaker
4322,Matched controls (kept manager),8,1.1513157894736843,Leicester,2022/23,Adam Sadler,caretaker
4344,Matched controls (kept manager),8,1.2227488151658767,Leicester,2024/25,Ben Dawson,caretaker
5489,Matched controls (kept manager),8,1.5025641025641026,Man United,2018/19,Ole Gunnar Solskjær,permanent
5598,Matched controls (kept manager),8,1.3248175182481752,Man United,2021/22,Michael Carrick,caretaker
5758,Matched controls (kept manager),8,1.293040293040293,Man United,2025/26,Darren Fletcher,caretaker
5803,Matched controls (kept manager),8,0.9649122807017544,Middlesbrough,2016/17,Steve Agnew,caretaker
5833,Matched controls (kept manager),8,1.5649717514124293,Newcastle,2014/15,John Carver,caretaker_made_permanent
5880,Matched controls (kept manager),8,1.0227272727272727,Newcastle,2015/16,Rafael Benítez,permanent
6319,Matched controls (kept manager),8,1.0151515151515151,Norwich,2021/22,Dean Smith,permanent
6401,Matched controls (kept manager),8,0.9315068493150684,Nott'm Forest,2023/24,Nuno Espírito Santo,permanent
6486,Matched controls (kept manager),8,1.1008064516129032,Nott'm Forest,2025/26,Vítor Pereira,permanent
6521,Matched controls (kept manager),8,1.1779661016949152,QPR,2014/15,Chris Ramsey,caretaker_made_permanent
6602,Matched controls (kept manager),8,1.0759493670886076,Sheffield United,2020/21,Paul Heckingbottom,caretaker_made_permanent
6626,Matched controls (kept manager),8,0.9649122807017544,Sheffield United,2023/24,Chris Wilder,permanent
6816,Matched controls (kept manager),8,0.9813084112149533,Southampton,2018/19,Kelvin Davis,caretaker
6968,Matched controls (kept manager),8,1.1513157894736843,Southampton,2022/23,Nathan Jones,permanent
7008,Matched controls (kept manager),8,0.9795918367346939,Southampton,2024/25,Simon Rusk,caretaker
7166,Matched controls (kept manager),8,0.9279279279279279,Stoke,2017/18,Eddie Niedzwiecki,caretaker
7387,Matched controls (kept manager),8,0.9315068493150684,Swansea,2015/16,Alan Curtis,caretaker_made_permanent
7428,Matched controls (kept manager),8,1.1779661016949152,Swansea,2016/17,Alan Curtis,caretaker
7466,Matched controls (kept manager),8,1.2121212121212122,Swansea,2017/18,Leon Britton,caretaker
7688,Matched controls (kept manager),8,1.1146496815286624,Tottenham,2019/20,José Mourinho,permanent
7762,Matched controls (kept manager),8,1.4700854700854702,Tottenham,2021/22,Antonio Conte,permanent
7818,Matched controls (kept manager),8,1.5025641025641026,Tottenham,2022/23,Cristian Stellini,caretaker
7930,Matched controls (kept manager),8,0.9279279279279279,Tottenham,2025/26,Igor Tudor,permanent
8042,Matched controls (kept manager),8,0.8333333333333334,Watford,2017/18,Javi Gracia,permanent
8108,Matched controls (kept manager),8,0.8214285714285714,Watford,2019/20,Hayden Mullins,caretaker
8152,Matched controls (kept manager),8,0.9649122807017544,Watford,2021/22,Roy Hodgson,permanent
8189,Matched controls (kept manager),8,1.0227272727272727,West Brom,2014/15,Rob Kelly,caretaker
8296,Matched controls (kept manager),8,0.9795918367346939,West Brom,2017/18,Gary Megson,caretaker
8335,Matched controls (kept manager),8,0.9315068493150684,West Brom,2020/21,Sam Allardyce,permanent
8485,Matched controls (kept manager),8,1.2227488151658767,West Ham,2017/18,David Moyes,permanent
8569,Matched controls (kept manager),8,0.8214285714285714,West Ham,2019/20,David Moyes,permanent
8760,Matched controls (kept manager),8,1.3672727272727272,West Ham,2024/25,Graham Potter,permanent
9060,Matched controls (kept manager),8,1.1779661016949152,Wolves,2024/25,Vítor Pereira,permanent
9092,Matched controls (kept manager),8,0.782608695652174,Wolves,2025/26,Jamie Collins,caretaker
203,Changed manager,9,1.0,Arsenal,2019/20,Freddie Ljungberg,caretaker
481,Changed manager,9,3.0,Aston Villa,2014/15,Tim Sherwood,permanent
504,Changed manager,9,0.0,Aston Villa,2015/16,Kevin MacDonald,caretaker
619,Changed manager,9,3.0,Aston Villa,2021/22,Steven Gerrard,permanent
657,Changed manager,9,0.0,Aston Villa,2022/23,Aaron Danks,caretaker
2106,Changed manager,9,3.0,Chelsea,2015/16,Steve Holland,caretaker
2299,Changed manager,9,1.0,Chelsea,2020/21,Thomas Tuchel,permanent
2384,Changed manager,9,1.0,Chelsea,2022/23,Bruno Saltor,caretaker
2489,Changed manager,9,3.0,Chelsea,2025/26,Calum McFarlane,caretaker
2526,Changed manager,9,0.0,Crystal Palace,2014/15,Keith Millen,caretaker
2601,Changed manager,9,3.0,Crystal Palace,2016/17,Sam Allardyce,permanent
2839,Changed manager,9,1.0,Crystal Palace,2022/23,Patrick McCarthy,caretaker
2874,Changed manager,9,3.0,Crystal Palace,2023/24,Ray Lewington,caretaker
3169,Changed manager,9,3.0,Everton,2019/20,Duncan Ferguson,caretaker
3249,Changed manager,9,0.0,Everton,2021/22,Duncan Ferguson,caretaker
3288,Changed manager,9,0.0,Everton,2022/23,Sean Dyche,permanent
3363,Changed manager,9,1.0,Everton,2024/25,David Moyes,permanent
3432,Changed manager,9,0.0,Fulham,2018/19,Claudio Ranieri,permanent
3448,Changed manager,9,0.0,Fulham,2018/19,Scott Parker,permanent
3708,Changed manager,9,0.0,Huddersfield,2018/19,Mark Hudson,caretaker
3782,Changed manager,9,3.0,Hull,2016/17,Marco Silva,permanent
3902,Changed manager,9,0.0,Leeds,2021/22,Jesse Marsch,permanent
3934,Changed manager,9,0.0,Leeds,2022/23,Michael Skubala,caretaker
4091,Changed manager,9,3.0,Leicester,2016/17,Craig Shakespeare,caretaker_made_permanent
4169,Changed manager,9,0.0,Leicester,2018/19,Mike Stowell,caretaker
4322,Changed manager,9,3.0,Leicester,2022/23,Adam Sadler,caretaker
4344,Changed manager,9,0.0,Leicester,2024/25,Ben Dawson,caretaker
5489,Changed manager,9,1.0,Man United,2018/19,Ole Gunnar Solskjær,permanent
5598,Changed manager,9,3.0,Man United,2021/22,Michael Carrick,caretaker
5758,Changed manager,9,3.0,Man United,2025/26,Darren Fletcher,caretaker
5803,Changed manager,9,0.0,Middlesbrough,2016/17,Steve Agnew,caretaker
5833,Changed manager,9,0.0,Newcastle,2014/15,John Carver,caretaker_made_permanent
5880,Changed manager,9,3.0,Newcastle,2015/16,Rafael Benítez,permanent
6319,Changed manager,9,3.0,Norwich,2021/22,Dean Smith,permanent
6401,Changed manager,9,0.0,Nott'm Forest,2023/24,Nuno Espírito Santo,permanent
6486,Changed manager,9,1.0,Nott'm Forest,2025/26,Vítor Pereira,permanent
6521,Changed manager,9,0.0,QPR,2014/15,Chris Ramsey,caretaker_made_permanent
6602,Changed manager,9,3.0,Sheffield United,2020/21,Paul Heckingbottom,caretaker_made_permanent
6626,Changed manager,9,3.0,Sheffield United,2023/24,Chris Wilder,permanent
6816,Changed manager,9,1.0,Southampton,2018/19,Kelvin Davis,caretaker
6968,Changed manager,9,0.0,Southampton,2022/23,Nathan Jones,permanent
7008,Changed manager,9,0.0,Southampton,2024/25,Simon Rusk,caretaker
7166,Changed manager,9,0.0,Stoke,2017/18,Eddie Niedzwiecki,caretaker
7387,Changed manager,9,1.0,Swansea,2015/16,Alan Curtis,caretaker_made_permanent
7428,Changed manager,9,0.0,Swansea,2016/17,Alan Curtis,caretaker
7466,Changed manager,9,0.0,Swansea,2017/18,Leon Britton,caretaker
7688,Changed manager,9,0.0,Tottenham,2019/20,José Mourinho,permanent
7762,Changed manager,9,0.0,Tottenham,2021/22,Antonio Conte,permanent
7818,Changed manager,9,3.0,Tottenham,2022/23,Cristian Stellini,caretaker
7930,Changed manager,9,1.0,Tottenham,2025/26,Igor Tudor,permanent
8042,Changed manager,9,0.0,Watford,2017/18,Javi Gracia,permanent
8108,Changed manager,9,0.0,Watford,2019/20,Hayden Mullins,caretaker
8152,Changed manager,9,0.0,Watford,2021/22,Roy Hodgson,permanent
8189,Changed manager,9,3.0,West Brom,2014/15,Rob Kelly,caretaker
8296,Changed manager,9,0.0,West Brom,2017/18,Gary Megson,caretaker
8335,Changed manager,9,0.0,West Brom,2020/21,Sam Allardyce,permanent
8485,Changed manager,9,3.0,West Ham,2017/18,David Moyes,permanent
8569,Changed manager,9,0.0,West Ham,2019/20,David Moyes,permanent
8760,Changed manager,9,0.0,West Ham,2024/25,Graham Potter,permanent
9060,Changed manager,9,3.0,Wolves,2024/25,Vítor Pereira,permanent
9092,Changed manager,9,3.0,Wolves,2025/26,Jamie Collins,caretaker
203,Matched controls (kept manager),9,1.408256880733945,Arsenal,2019/20,Freddie Ljungberg,caretaker
481,Matched controls (kept manager),9,0.7857142857142857,Aston Villa,2014/15,Tim Sherwood,permanent
504,Matched controls (kept manager),9,0.8571428571428571,Aston Villa,2015/16,Kevin MacDonald,caretaker
619,Matched controls (kept manager),9,1.1170212765957446,Aston Villa,2021/22,Steven Gerrard,permanent
657,Matched controls (kept manager),9,1.1895734597156398,Aston Villa,2022/23,Aaron Danks,caretaker
2106,Matched controls (kept manager),9,1.125,Chelsea,2015/16,Steve Holland,caretaker
2299,Matched controls (kept manager),9,1.4,Chelsea,2020/21,Thomas Tuchel,permanent
2384,Matched controls (kept manager),9,1.2387543252595157,Chelsea,2022/23,Bruno Saltor,caretaker
2489,Matched controls (kept manager),9,1.52,Chelsea,2025/26,Calum McFarlane,caretaker
2526,Matched controls (kept manager),9,0.918918918918919,Crystal Palace,2014/15,Keith Millen,caretaker
2601,Matched controls (kept manager),9,0.8070175438596491,Crystal Palace,2016/17,Sam Allardyce,permanent
2839,Matched controls (kept manager),9,0.8235294117647058,Crystal Palace,2022/23,Patrick McCarthy,caretaker
2874,Matched controls (kept manager),9,0.9251700680272109,Crystal Palace,2023/24,Ray Lewington,caretaker
3169,Matched controls (kept manager),9,0.8636363636363636,Everton,2019/20,Duncan Ferguson,caretaker
3249,Matched controls (kept manager),9,0.8627450980392157,Everton,2021/22,Duncan Ferguson,caretaker
3288,Matched controls (kept manager),9,0.8235294117647058,Everton,2022/23,Sean Dyche,permanent
3363,Matched controls (kept manager),9,1.125,Everton,2024/25,David Moyes,permanent
3432,Matched controls (kept manager),9,0.8235294117647058,Fulham,2018/19,Claudio Ranieri,permanent
3448,Matched controls (kept manager),9,0.8636363636363636,Fulham,2018/19,Scott Parker,permanent
3708,Matched controls (kept manager),9,0.8070175438596491,Huddersfield,2018/19,Mark Hudson,caretaker
3782,Matched controls (kept manager),9,0.8835616438356164,Hull,2016/17,Marco Silva,permanent
3902,Matched controls (kept manager),9,0.8636363636363636,Leeds,2021/22,Jesse Marsch,permanent
3934,Matched controls (kept manager),9,1.1895734597156398,Leeds,2022/23,Michael Skubala,caretaker
4091,Matched controls (kept manager),9,0.8235294117647058,Leicester,2016/17,Craig Shakespeare,caretaker_made_permanent
4169,Matched controls (kept manager),9,1.1170212765957446,Leicester,2018/19,Mike Stowell,caretaker
4322,Matched controls (kept manager),9,1.125,Leicester,2022/23,Adam Sadler,caretaker
4344,Matched controls (kept manager),9,1.1895734597156398,Leicester,2024/25,Ben Dawson,caretaker
5489,Matched controls (kept manager),9,1.5128205128205128,Man United,2018/19,Ole Gunnar Solskjær,permanent
5598,Matched controls (kept manager),9,1.2591240875912408,Man United,2021/22,Michael Carrick,caretaker
5758,Matched controls (kept manager),9,1.358974358974359,Man United,2025/26,Darren Fletcher,caretaker
5803,Matched controls (kept manager),9,0.8070175438596491,Middlesbrough,2016/17,Steve Agnew,caretaker
5833,Matched controls (kept manager),9,1.5310734463276836,Newcastle,2014/15,John Carver,caretaker_made_permanent
5880,Matched controls (kept manager),9,0.8636363636363636,Newcastle,2015/16,Rafael Benítez,permanent
6319,Matched controls (kept manager),9,0.9848484848484849,Norwich,2021/22,Dean Smith,permanent
6401,Matched controls (kept manager),9,0.8835616438356164,Nott'm Forest,2023/24,Nuno Espírito Santo,permanent
6486,Matched controls (kept manager),9,1.0241935483870968,Nott'm Forest,2025/26,Vítor Pereira,permanent
6521,Matched controls (kept manager),9,1.1355932203389831,QPR,2014/15,Chris Ramsey,caretaker_made_permanent
6602,Matched controls (kept manager),9,1.0042194092827004,Sheffield United,2020/21,Paul Heckingbottom,caretaker_made_permanent
6626,Matched controls (kept manager),9,0.8070175438596491,Sheffield United,2023/24,Chris Wilder,permanent
6816,Matched controls (kept manager),9,0.9719626168224299,Southampton,2018/19,Kelvin Davis,caretaker
6968,Matched controls (kept manager),9,1.125,Southampton,2022/23,Nathan Jones,permanent
7008,Matched controls (kept manager),9,0.8571428571428571,Southampton,2024/25,Simon Rusk,caretaker
7166,Matched controls (kept manager),9,0.918918918918919,Stoke,2017/18,Eddie Niedzwiecki,caretaker
7387,Matched controls (kept manager),9,0.8835616438356164,Swansea,2015/16,Alan Curtis,caretaker_made_permanent
7428,Matched controls (kept manager),9,1.1355932203389831,Swansea,2016/17,Alan Curtis,caretaker
7466,Matched controls (kept manager),9,0.9393939393939394,Swansea,2017/18,Leon Britton,caretaker
7688,Matched controls (kept manager),9,1.0254777070063694,Tottenham,2019/20,José Mourinho,permanent
7762,Matched controls (kept manager),9,1.3418803418803418,Tottenham,2021/22,Antonio Conte,permanent
7818,Matched controls (kept manager),9,1.5128205128205128,Tottenham,2022/23,Cristian Stellini,caretaker
7930,Matched controls (kept manager),9,0.918918918918919,Tottenham,2025/26,Igor Tudor,permanent
8042,Matched controls (kept manager),9,0.8627450980392157,Watford,2017/18,Javi Gracia,permanent
8108,Matched controls (kept manager),9,0.9404761904761905,Watford,2019/20,Hayden Mullins,caretaker
8152,Matched controls (kept manager),9,0.8070175438596491,Watford,2021/22,Roy Hodgson,permanent
8189,Matched controls (kept manager),9,0.8636363636363636,West Brom,2014/15,Rob Kelly,caretaker
8296,Matched controls (kept manager),9,0.8571428571428571,West Brom,2017/18,Gary Megson,caretaker
8335,Matched controls (kept manager),9,0.8835616438356164,West Brom,2020/21,Sam Allardyce,permanent
8485,Matched controls (kept manager),9,1.1895734597156398,West Ham,2017/18,David Moyes,permanent
8569,Matched controls (kept manager),9,0.9404761904761905,West Ham,2019/20,David Moyes,permanent
8760,Matched controls (kept manager),9,1.4,West Ham,2024/25,Graham Potter,permanent
9060,Matched controls (kept manager),9,1.1355932203389831,Wolves,2024/25,Vítor Pereira,permanent
9092,Matched controls (kept manager),9,0.9130434782608695,Wolves,2025/26,Jamie Collins,caretaker
