season,date,team,opponent,venue,goals_for,goals_against,points,xg_for,xg_against,head_coach,appointment_type,rolling_ppg_10
2014/15,2014-08-16,Arsenal,Crystal Palace,Home,2,1,3,1.55,0.16,Arsène Wenger,first spell in data,
2014/15,2014-08-23,Arsenal,Everton,Away,2,2,1,1.43,1.33,Arsène Wenger,first spell in data,
2014/15,2014-08-31,Arsenal,Leicester,Away,1,1,1,2.3,0.81,Arsène Wenger,first spell in data,
2014/15,2014-09-13,Arsenal,Man City,Home,2,2,1,2.08,2.31,Arsène Wenger,first spell in data,
2014/15,2014-09-20,Arsenal,Aston Villa,Away,3,0,3,1.36,0.65,Arsène Wenger,first spell in data,
2014/15,2014-09-27,Arsenal,Tottenham,Home,1,1,1,1.26,0.67,Arsène Wenger,first spell in data,
2014/15,2014-10-05,Arsenal,Chelsea,Away,0,2,0,0.33,1.4,Arsène Wenger,first spell in data,
2014/15,2014-10-18,Arsenal,Hull,Home,2,2,1,2.15,0.55,Arsène Wenger,first spell in data,
2014/15,2014-10-25,Arsenal,Sunderland,Away,2,0,3,1.47,0.44,Arsène Wenger,first spell in data,
2014/15,2014-11-01,Arsenal,Burnley,Home,3,0,3,4.33,0.68,Arsène Wenger,first spell in data,1.7
2014/15,2014-11-09,Arsenal,Swansea,Away,1,2,0,1.78,0.52,Arsène Wenger,first spell in data,1.4
2014/15,2014-11-22,Arsenal,Man United,Home,1,2,0,2.0,1.28,Arsène Wenger,first spell in data,1.3
2014/15,2014-11-29,Arsenal,West Brom,Away,1,0,3,1.06,0.32,Arsène Wenger,first spell in data,1.5
2014/15,2014-12-03,Arsenal,Southampton,Home,1,0,3,2.37,0.57,Arsène Wenger,first spell in data,1.7
2014/15,2014-12-06,Arsenal,Stoke,Away,2,3,0,2.02,2.5,Arsène Wenger,first spell in data,1.4
2014/15,2014-12-13,Arsenal,Newcastle,Home,4,1,3,2.39,0.94,Arsène Wenger,first spell in data,1.6
2014/15,2014-12-21,Arsenal,Liverpool,Away,2,2,1,0.75,1.32,Arsène Wenger,first spell in data,1.7
2014/15,2014-12-26,Arsenal,QPR,Home,2,1,3,2.14,1.22,Arsène Wenger,first spell in data,1.9
2014/15,2014-12-28,Arsenal,West Ham,Away,2,1,3,3.36,1.11,Arsène Wenger,first spell in data,1.9
2014/15,2015-01-01,Arsenal,Southampton,Away,0,2,0,0.85,2.41,Arsène Wenger,first spell in data,1.6
2014/15,2015-01-11,Arsenal,Stoke,Home,3,0,3,2.27,0.4,Arsène Wenger,first spell in data,1.9
2014/15,2015-01-18,Arsenal,Man City,Away,2,0,3,1.49,0.56,Arsène Wenger,first spell in data,2.2
2014/15,2015-02-01,Arsenal,Aston Villa,Home,5,0,3,2.36,0.71,Arsène Wenger,first spell in data,2.2
2014/15,2015-02-07,Arsenal,Tottenham,Away,1,2,0,0.83,1.28,Arsène Wenger,first spell in data,1.9
2014/15,2015-02-10,Arsenal,Leicester,Home,2,1,3,1.77,0.8,Arsène Wenger,first spell in data,2.2
2014/15,2015-02-21,Arsenal,Crystal Palace,Away,2,1,3,2.08,2.26,Arsène Wenger,first spell in data,2.2
2014/15,2015-03-01,Arsenal,Everton,Home,2,0,3,1.39,0.37,Arsène Wenger,first spell in data,2.4
2014/15,2015-03-04,Arsenal,QPR,Away,2,1,3,2.17,0.32,Arsène Wenger,first spell in data,2.4
2014/15,2015-03-14,Arsenal,West Ham,Home,3,0,3,3.2,0.48,Arsène Wenger,first spell in data,2.4
2014/15,2015-03-21,Arsenal,Newcastle,Away,2,1,3,0.75,1.01,Arsène Wenger,first spell in data,2.7
2014/15,2015-04-04,Arsenal,Liverpool,Home,4,1,3,1.46,1.21,Arsène Wenger,first spell in data,2.7
2014/15,2015-04-11,Arsenal,Burnley,Away,1,0,3,1.21,0.66,Arsène Wenger,first spell in data,2.7
2014/15,2015-04-26,Arsenal,Chelsea,Home,0,0,1,1.07,0.85,Arsène Wenger,first spell in data,2.5
2014/15,2015-05-04,Arsenal,Hull,Away,3,1,3,2.95,0.47,Arsène Wenger,first spell in data,2.8
2014/15,2015-05-11,Arsenal,Swansea,Home,0,1,0,1.88,0.35,Arsène Wenger,first spell in data,2.5
2014/15,2015-05-17,Arsenal,Man United,Away,1,1,1,1.07,0.72,Arsène Wenger,first spell in data,2.3
2014/15,2015-05-20,Arsenal,Sunderland,Home,0,0,1,1.69,1.5,Arsène Wenger,first spell in data,2.1
2014/15,2015-05-24,Arsenal,West Brom,Home,4,1,3,3.17,0.57,Arsène Wenger,first spell in data,2.1
2015/16,2015-08-09,Arsenal,West Ham,Home,0,2,0,1.33,0.54,Arsène Wenger,first spell in data,1.8
2015/16,2015-08-16,Arsenal,Crystal Palace,Away,2,1,3,2.06,0.96,Arsène Wenger,first spell in data,1.8
2015/16,2015-08-24,Arsenal,Liverpool,Home,0,0,1,1.84,1.29,Arsène Wenger,first spell in data,1.6
2015/16,2015-08-29,Arsenal,Newcastle,Away,1,0,3,2.34,0.03,Arsène Wenger,first spell in data,1.6
2015/16,2015-09-12,Arsenal,Stoke,Home,2,0,3,4.43,0.19,Arsène Wenger,first spell in data,1.8
2015/16,2015-09-19,Arsenal,Chelsea,Away,0,2,0,0.78,2.07,Arsène Wenger,first spell in data,1.5
2015/16,2015-09-26,Arsenal,Leicester,Away,5,2,3,3.9,1.39,Arsène Wenger,first spell in data,1.8
2015/16,2015-10-04,Arsenal,Man United,Home,3,0,3,2.17,1.04,Arsène Wenger,first spell in data,2.0
2015/16,2015-10-17,Arsenal,Watford,Away,3,0,3,2.69,0.25,Arsène Wenger,first spell in data,2.2
2015/16,2015-10-24,Arsenal,Everton,Home,2,1,3,2.56,0.37,Arsène Wenger,first spell in data,2.2
2015/16,2015-10-31,Arsenal,Swansea,Away,3,0,3,2.18,0.26,Arsène Wenger,first spell in data,2.5
2015/16,2015-11-08,Arsenal,Tottenham,Home,1,1,1,2.02,0.91,Arsène Wenger,first spell in data,2.3
2015/16,2015-11-21,Arsenal,West Brom,Away,1,2,0,2.09,0.33,Arsène Wenger,first spell in data,2.2
2015/16,2015-11-29,Arsenal,Norwich,Away,1,1,1,1.66,1.01,Arsène Wenger,first spell in data,2.0
2015/16,2015-12-05,Arsenal,Sunderland,Home,3,1,3,2.3,1.52,Arsène Wenger,first spell in data,2.0
2015/16,2015-12-13,Arsenal,Aston Villa,Away,2,0,3,1.68,1.01,Arsène Wenger,first spell in data,2.3
2015/16,2015-12-21,Arsenal,Man City,Home,2,1,3,1.5,0.77,Arsène Wenger,first spell in data,2.3
2015/16,2015-12-26,Arsenal,Southampton,Away,0,4,0,0.83,2.43,Arsène Wenger,first spell in data,2.0
2015/16,2015-12-28,Arsenal,Bournemouth,Home,2,0,3,3.13,0.34,Arsène Wenger,first spell in data,2.0
2015/16,2016-01-02,Arsenal,Newcastle,Home,1,0,3,1.93,1.15,Arsène Wenger,first spell in data,2.0
2015/16,2016-01-13,Arsenal,Liverpool,Away,3,3,1,2.23,1.16,Arsène Wenger,first spell in data,1.8
2015/16,2016-01-17,Arsenal,Stoke,Away,0,0,1,0.59,0.55,Arsène Wenger,first spell in data,1.8
2015/16,2016-01-24,Arsenal,Chelsea,Home,0,1,0,1.11,1.49,Arsène Wenger,first spell in data,1.8
2015/16,2016-02-02,Arsenal,Southampton,Home,0,0,1,3.38,0.93,Arsène Wenger,first spell in data,1.8
2015/16,2016-02-07,Arsenal,Bournemouth,Away,2,0,3,1.14,0.58,Arsène Wenger,first spell in data,1.8
2015/16,2016-02-14,Arsenal,Leicester,Home,2,1,3,2.36,1.31,Arsène Wenger,first spell in data,1.8
2015/16,2016-02-28,Arsenal,Man United,Away,2,3,0,1.54,1.1,Arsène Wenger,first spell in data,1.5
2015/16,2016-03-02,Arsenal,Swansea,Home,1,2,0,1.49,1.7,Arsène Wenger,first spell in data,1.5
2015/16,2016-03-05,Arsenal,Tottenham,Away,2,2,1,0.54,1.88,Arsène Wenger,first spell in data,1.3
2015/16,2016-03-19,Arsenal,Everton,Away,2,0,3,1.92,0.59,Arsène Wenger,first spell in data,1.3
2015/16,2016-04-02,Arsenal,Watford,Home,4,0,3,3.01,0.29,Arsène Wenger,first spell in data,1.5
2015/16,2016-04-09,Arsenal,West Ham,Away,3,3,1,1.47,1.11,Arsène Wenger,first spell in data,1.5
2015/16,2016-04-17,Arsenal,Crystal Palace,Home,1,1,1,1.73,0.28,Arsène Wenger,first spell in data,1.6
2015/16,2016-04-21,Arsenal,West Brom,Home,2,0,3,1.37,0.84,Arsène Wenger,first spell in data,1.8
2015/16,2016-04-24,Arsenal,Sunderland,Away,0,0,1,0.97,0.62,Arsène Wenger,first spell in data,1.6
2015/16,2016-04-30,Arsenal,Norwich,Home,1,0,3,0.78,0.58,Arsène Wenger,first spell in data,1.6
2015/16,2016-05-08,Arsenal,Man City,Away,2,2,1,1.08,0.75,Arsène Wenger,first spell in data,1.7
2015/16,2016-05-15,Arsenal,Aston Villa,Home,4,0,3,3.4,0.22,Arsène Wenger,first spell in data,2.0
2016/17,2016-08-14,Arsenal,Liverpool,Home,3,4,0,1.18,1.66,Arsène Wenger,first spell in data,1.9
2016/17,2016-08-20,Arsenal,Leicester,Away,0,0,1,0.52,0.55,Arsène Wenger,first spell in data,1.7
2016/17,2016-08-27,Arsenal,Watford,Away,3,1,3,2.03,1.08,Arsène Wenger,first spell in data,1.7
2016/17,2016-09-10,Arsenal,Southampton,Home,2,1,3,1.89,1.18,Arsène Wenger,first spell in data,1.9
2016/17,2016-09-17,Arsenal,Hull,Away,4,1,3,3.63,0.97,Arsène Wenger,first spell in data,2.1
2016/17,2016-09-24,Arsenal,Chelsea,Home,3,0,3,1.66,0.61,Arsène Wenger,first spell in data,2.1
2016/17,2016-10-02,Arsenal,Burnley,Away,1,0,3,1.85,0.61,Arsène Wenger,first spell in data,2.3
2016/17,2016-10-15,Arsenal,Swansea,Home,3,2,3,3.51,1.75,Arsène Wenger,first spell in data,2.3
2016/17,2016-10-22,Arsenal,Middlesbrough,Home,0,0,1,0.71,1.56,Arsène Wenger,first spell in data,2.3
2016/17,2016-10-29,Arsenal,Sunderland,Away,4,1,3,2.48,0.85,Arsène Wenger,first spell in data,2.3
2016/17,2016-11-06,Arsenal,Tottenham,Home,1,1,1,0.68,1.2,Arsène Wenger,first spell in data,2.4
2016/17,2016-11-19,Arsenal,Man United,Away,1,1,1,0.58,0.51,Arsène Wenger,first spell in data,2.4
2016/17,2016-11-27,Arsenal,Bournemouth,Home,3,1,3,2.87,2.05,Arsène Wenger,first spell in data,2.4
2016/17,2016-12-03,Arsenal,West Ham,Away,5,1,3,2.97,0.88,Arsène Wenger,first spell in data,2.4
2016/17,2016-12-10,Arsenal,Stoke,Home,3,1,3,1.58,1.29,Arsène Wenger,first spell in data,2.4
2016/17,2016-12-13,Arsenal,Everton,Away,1,2,0,1.35,1.46,Arsène Wenger,first spell in data,2.1
2016/17,2016-12-18,Arsenal,Man City,Away,1,2,0,0.61,1.52,Arsène Wenger,first spell in data,1.8
2016/17,2016-12-26,Arsenal,West Brom,Home,1,0,3,1.98,0.69,Arsène Wenger,first spell in data,1.8
2016/17,2017-01-01,Arsenal,Crystal Palace,Home,2,0,3,1.67,0.22,Arsène Wenger,first spell in data,2.0
2016/17,2017-01-03,Arsenal,Bournemouth,Away,3,3,1,1.13,1.56,Arsène Wenger,first spell in data,1.8
2016/17,2017-01-14,Arsenal,Swansea,Away,4,0,3,2.32,0.49,Arsène Wenger,first spell in data,2.0
2016/17,2017-01-22,Arsenal,Burnley,Home,2,1,3,1.86,1.3,Arsène Wenger,first spell in data,2.2
2016/17,2017-01-31,Arsenal,Watford,Home,1,2,0,1.08,0.92,Arsène Wenger,first spell in data,1.9
2016/17,2017-02-04,Arsenal,Chelsea,Away,1,3,0,0.95,1.95,Arsène Wenger,first spell in data,1.6
2016/17,2017-02-11,Arsenal,Hull,Home,2,0,3,3.12,0.47,Arsène Wenger,first spell in data,1.6
2016/17,2017-03-04,Arsenal,Liverpool,Away,1,3,0,0.73,2.7,Arsène Wenger,first spell in data,1.6
2016/17,2017-03-18,Arsenal,West Brom,Away,1,3,0,1.0,2.12,Arsène Wenger,first spell in data,1.6
2016/17,2017-04-02,Arsenal,Man City,Home,2,2,1,0.74,1.4,Arsène Wenger,first spell in data,1.4
2016/17,2017-04-05,Arsenal,West Ham,Home,3,0,3,2.16,0.3,Arsène Wenger,first spell in data,1.4
2016/17,2017-04-10,Arsenal,Crystal Palace,Away,0,3,0,0.44,2.16,Arsène Wenger,first spell in data,1.3
2016/17,2017-04-17,Arsenal,Middlesbrough,Away,2,1,3,1.07,1.72,Arsène Wenger,first spell in data,1.3
2016/17,2017-04-26,Arsenal,Leicester,Home,1,0,3,0.41,0.6,Arsène Wenger,first spell in data,1.3
2016/17,2017-04-30,Arsenal,Tottenham,Away,0,2,0,0.59,3.46,Arsène Wenger,first spell in data,1.3
2016/17,2017-05-07,Arsenal,Man United,Home,2,0,3,1.04,0.58,Arsène Wenger,first spell in data,1.6
2016/17,2017-05-10,Arsenal,Southampton,Away,2,0,3,1.36,1.25,Arsène Wenger,first spell in data,1.6
2016/17,2017-05-13,Arsenal,Stoke,Away,4,1,3,2.64,1.3,Arsène Wenger,first spell in data,1.9
2016/17,2017-05-16,Arsenal,Sunderland,Home,2,0,3,3.84,0.27,Arsène Wenger,first spell in data,2.2
2016/17,2017-05-21,Arsenal,Everton,Home,3,1,3,3.35,1.88,Arsène Wenger,first spell in data,2.4
2017/18,2017-08-11,Arsenal,Leicester,Home,4,3,3,2.54,1.46,Arsène Wenger,first spell in data,2.4
2017/18,2017-08-19,Arsenal,Stoke,Away,0,1,0,1.41,0.69,Arsène Wenger,first spell in data,2.4
2017/18,2017-08-27,Arsenal,Liverpool,Away,0,4,0,0.48,3.46,Arsène Wenger,first spell in data,2.1
2017/18,2017-09-09,Arsenal,Bournemouth,Home,3,0,3,2.49,0.58,Arsène Wenger,first spell in data,2.1
2017/18,2017-09-17,Arsenal,Chelsea,Away,0,0,1,1.42,0.76,Arsène Wenger,first spell in data,2.2
2017/18,2017-09-25,Arsenal,West Brom,Home,2,0,3,2.39,0.77,Arsène Wenger,first spell in data,2.2
2017/18,2017-10-01,Arsenal,Brighton,Home,2,0,3,2.48,0.39,Arsène Wenger,first spell in data,2.2
2017/18,2017-10-14,Arsenal,Watford,Away,1,2,0,0.99,1.63,Arsène Wenger,first spell in data,1.9
2017/18,2017-10-22,Arsenal,Everton,Away,5,2,3,3.86,0.81,Arsène Wenger,first spell in data,1.9
2017/18,2017-10-28,Arsenal,Swansea,Home,2,1,3,2.38,0.84,Arsène Wenger,first spell in data,1.9
2017/18,2017-11-05,Arsenal,Man City,Away,1,3,0,0.34,2.15,Arsène Wenger,first spell in data,1.6
2017/18,2017-11-18,Arsenal,Tottenham,Home,2,0,3,2.24,0.59,Arsène Wenger,first spell in data,1.9
2017/18,2017-11-26,Arsenal,Burnley,Away,1,0,3,1.75,0.4,Arsène Wenger,first spell in data,2.2
2017/18,2017-11-29,Arsenal,Huddersfield,Home,5,0,3,4.48,0.48,Arsène Wenger,first spell in data,2.2
2017/18,2017-12-02,Arsenal,Man United,Home,1,3,0,4.24,2.07,Arsène Wenger,first spell in data,2.1
2017/18,2017-12-10,Arsenal,Southampton,Away,1,1,1,0.61,1.22,Arsène Wenger,first spell in data,1.9
2017/18,2017-12-13,Arsenal,West Ham,Away,0,0,1,1.02,0.41,Arsène Wenger,first spell in data,1.7
2017/18,2017-12-16,Arsenal,Newcastle,Home,1,0,3,2.02,0.29,Arsène Wenger,first spell in data,2.0
2017/18,2017-12-22,Arsenal,Liverpool,Home,3,3,1,1.13,2.06,Arsène Wenger,first spell in data,1.8
2017/18,2017-12-28,Arsenal,Crystal Palace,Away,3,2,3,1.84,1.15,Arsène Wenger,first spell in data,1.8
2017/18,2017-12-31,Arsenal,West Brom,Away,1,1,1,0.92,1.39,Arsène Wenger,first spell in data,1.9
2017/18,2018-01-03,Arsenal,Chelsea,Home,2,2,1,1.23,3.08,Arsène Wenger,first spell in data,1.7
2017/18,2018-01-14,Arsenal,Bournemouth,Away,1,2,0,1.01,0.82,Arsène Wenger,first spell in data,1.4
2017/18,2018-01-20,Arsenal,Crystal Palace,Home,4,1,3,3.57,0.5,Arsène Wenger,first spell in data,1.4
2017/18,2018-01-30,Arsenal,Swansea,Away,1,3,0,1.16,2.38,Arsène Wenger,first spell in data,1.4
2017/18,2018-02-03,Arsenal,Everton,Home,5,1,3,3.2,1.49,Arsène Wenger,first spell in data,1.6
2017/18,2018-02-10,Arsenal,Tottenham,Away,0,1,0,0.49,2.64,Arsène Wenger,first spell in data,1.5
2017/18,2018-03-01,Arsenal,Man City,Home,0,3,0,1.3,1.93,Arsène Wenger,first spell in data,1.2
2017/18,2018-03-04,Arsenal,Brighton,Away,1,2,0,0.8,1.48,Arsène Wenger,first spell in data,1.1
2017/18,2018-03-11,Arsenal,Watford,Home,3,0,3,2.38,1.55,Arsène Wenger,first spell in data,1.1
2017/18,2018-04-01,Arsenal,Stoke,Home,3,0,3,3.57,0.34,Arsène Wenger,first spell in data,1.3
2017/18,2018-04-08,Arsenal,Southampton,Home,3,2,3,1.59,2.17,Arsène Wenger,first spell in data,1.5
2017/18,2018-04-15,Arsenal,Newcastle,Away,1,2,0,1.42,0.89,Arsène Wenger,first spell in data,1.5
2017/18,2018-04-22,Arsenal,West Ham,Home,4,1,3,2.07,0.62,Arsène Wenger,first spell in data,1.5
2017/18,2018-04-29,Arsenal,Man United,Away,1,2,0,0.65,1.55,Arsène Wenger,first spell in data,1.5
2017/18,2018-05-06,Arsenal,Burnley,Home,5,0,3,2.92,0.22,Arsène Wenger,first spell in data,1.5
2017/18,2018-05-09,Arsenal,Leicester,Away,1,3,0,1.54,2.2,Arsène Wenger,first spell in data,1.5
2017/18,2018-05-13,Arsenal,Huddersfield,Away,1,0,3,2.33,1.31,Arsène Wenger,first spell in data,1.8
2018/19,2018-08-12,Arsenal,Man City,Home,0,2,0,0.45,2.02,Unai Emery,permanent,1.8
2018/19,2018-08-18,Arsenal,Chelsea,Away,2,3,0,2.46,1.72,Unai Emery,permanent,1.5
2018/19,2018-08-25,Arsenal,West Ham,Home,3,1,3,1.79,1.18,Unai Emery,permanent,1.5
2018/19,2018-09-02,Arsenal,Cardiff,Away,3,2,3,1.41,0.77,Unai Emery,permanent,1.5
2018/19,2018-09-15,Arsenal,Newcastle,Away,2,1,3,0.9,0.41,Unai Emery,permanent,1.8
2018/19,2018-09-23,Arsenal,Everton,Home,2,0,3,0.93,1.07,Unai Emery,permanent,1.8
2018/19,2018-09-29,Arsenal,Watford,Home,2,0,3,1.57,2.62,Unai Emery,permanent,2.1
2018/19,2018-10-07,Arsenal,Fulham,Away,5,1,3,1.14,1.32,Unai Emery,permanent,2.1
2018/19,2018-10-22,Arsenal,Leicester,Home,3,1,3,2.92,0.93,Unai Emery,permanent,2.4
2018/19,2018-10-28,Arsenal,Crystal Palace,Away,2,2,1,0.85,2.38,Unai Emery,permanent,2.2
2018/19,2018-11-03,Arsenal,Liverpool,Home,1,1,1,1.62,1.2,Unai Emery,permanent,2.3
2018/19,2018-11-11,Arsenal,Wolves,Home,1,1,1,0.97,1.87,Unai Emery,permanent,2.4
2018/19,2018-11-25,Arsenal,Bournemouth,Away,2,1,3,1.71,0.65,Unai Emery,permanent,2.4
2018/19,2018-12-02,Arsenal,Tottenham,Home,4,2,3,2.71,1.09,Unai Emery,permanent,2.4
2018/19,2018-12-05,Arsenal,Man United,Away,2,2,1,1.73,1.34,Unai Emery,permanent,2.2
2018/19,2018-12-08,Arsenal,Huddersfield,Home,1,0,3,2.02,0.31,Unai Emery,permanent,2.2
2018/19,2018-12-16,Arsenal,Southampton,Away,2,3,0,1.86,1.21,Unai Emery,permanent,1.9
2018/19,2018-12-22,Arsenal,Burnley,Home,3,1,3,1.47,1.03,Unai Emery,permanent,1.9
2018/19,2018-12-26,Arsenal,Brighton,Away,1,1,1,0.79,1.39,Unai Emery,permanent,1.7
2018/19,2018-12-29,Arsenal,Liverpool,Away,1,5,0,1.08,3.71,Unai Emery,permanent,1.6
2018/19,2019-01-01,Arsenal,Fulham,Home,4,1,3,4.43,1.71,Unai Emery,permanent,1.8
2018/19,2019-01-12,Arsenal,West Ham,Away,0,1,0,0.69,0.67,Unai Emery,permanent,1.7
2018/19,2019-01-19,Arsenal,Chelsea,Home,2,0,3,2.09,0.76,Unai Emery,permanent,1.7
2018/19,2019-01-29,Arsenal,Cardiff,Home,2,1,3,2.69,0.6,Unai Emery,permanent,1.7
2018/19,2019-02-03,Arsenal,Man City,Away,1,3,0,0.7,3.03,Unai Emery,permanent,1.6
2018/19,2019-02-09,Arsenal,Huddersfield,Away,2,1,3,1.47,1.97,Unai Emery,permanent,1.6
2018/19,2019-02-24,Arsenal,Southampton,Home,2,0,3,2.35,0.61,Unai Emery,permanent,1.9
2018/19,2019-02-27,Arsenal,Bournemouth,Home,5,1,3,3.19,0.89,Unai Emery,permanent,1.9
2018/19,2019-03-02,Arsenal,Tottenham,Away,1,1,1,3.46,1.77,Unai Emery,permanent,1.9
2018/19,2019-03-10,Arsenal,Man United,Home,2,0,3,1.53,2.37,Unai Emery,permanent,2.2
2018/19,2019-04-01,Arsenal,Newcastle,Home,2,0,3,1.04,0.04,Unai Emery,permanent,2.2
2018/19,2019-04-07,Arsenal,Everton,Away,0,1,0,0.2,2.69,Unai Emery,permanent,2.2
2018/19,2019-04-15,Arsenal,Watford,Away,1,0,3,2.27,1.13,Unai Emery,permanent,2.2
2018/19,2019-04-21,Arsenal,Crystal Palace,Home,2,3,0,1.54,2.56,Unai Emery,permanent,1.9
2018/19,2019-04-24,Arsenal,Wolves,Away,1,3,0,0.94,0.98,Unai Emery,permanent,1.9
2018/19,2019-04-28,Arsenal,Leicester,Away,0,3,0,0.6,3.68,Unai Emery,permanent,1.6
2018/19,2019-05-05,Arsenal,Brighton,Home,1,1,1,2.36,1.91,Unai Emery,permanent,1.4
2018/19,2019-05-12,Arsenal,Burnley,Away,3,1,3,2.87,1.73,Unai Emery,permanent,1.4
2019/20,2019-08-11,Arsenal,Newcastle,Away,1,0,3,1.13,0.38,Unai Emery,permanent,1.6
2019/20,2019-08-17,Arsenal,Burnley,Home,2,1,3,1.16,1.39,Unai Emery,permanent,1.6
2019/20,2019-08-24,Arsenal,Liverpool,Away,1,3,0,0.99,2.79,Unai Emery,permanent,1.3
2019/20,2019-09-01,Arsenal,Tottenham,Home,2,2,1,1.93,1.96,Unai Emery,permanent,1.4
2019/20,2019-09-15,Arsenal,Watford,Away,2,2,1,1.01,2.83,Unai Emery,permanent,1.2
2019/20,2019-09-22,Arsenal,Aston Villa,Home,3,2,3,2.53,1.72,Unai Emery,permanent,1.5
2019/20,2019-09-30,Arsenal,Man United,Away,1,1,1,1.7,1.13,Unai Emery,permanent,1.6
2019/20,2019-10-06,Arsenal,Bournemouth,Home,1,0,3,1.24,0.68,Unai Emery,permanent,1.9
2019/20,2019-10-21,Arsenal,Sheffield United,Away,0,1,0,0.95,0.9,Unai Emery,permanent,1.8
2019/20,2019-10-27,Arsenal,Crystal Palace,Home,2,2,1,1.54,1.78,Unai Emery,permanent,1.6
2019/20,2019-11-02,Arsenal,Wolves,Home,1,1,1,1.03,1.51,Unai Emery,permanent,1.4
2019/20,2019-11-09,Arsenal,Leicester,Away,0,2,0,0.96,1.37,Unai Emery,permanent,1.1
2019/20,2019-11-23,Arsenal,Southampton,Home,2,2,1,1.61,2.6,Unai Emery,permanent,1.2
2019/20,2019-12-01,Arsenal,Norwich,Away,2,2,1,1.96,0.81,Freddie Ljungberg,caretaker,1.2
2019/20,2019-12-05,Arsenal,Brighton,Home,1,2,0,0.97,1.53,Freddie Ljungberg,caretaker,1.1
2019/20,2019-12-09,Arsenal,West Ham,Away,3,1,3,1.79,0.52,Freddie Ljungberg,caretaker,1.1
2019/20,2019-12-15,Arsenal,Man City,Home,0,3,0,0.28,1.7,Freddie Ljungberg,caretaker,1.0
2019/20,2019-12-21,Arsenal,Everton,Away,0,0,1,0.88,0.49,Freddie Ljungberg,caretaker,0.8
2019/20,2019-12-26,Arsenal,Bournemouth,Away,1,1,1,1.42,1.55,Mikel Arteta,permanent,0.9
2019/20,2019-12-29,Arsenal,Chelsea,Home,1,2,0,0.79,1.5,Mikel Arteta,permanent,0.8
2019/20,2020-01-01,Arsenal,Man United,Home,2,0,3,1.91,0.72,Mikel Arteta,permanent,1.0
2019/20,2020-01-11,Arsenal,Crystal Palace,Away,1,1,1,1.44,0.32,Mikel Arteta,permanent,1.1
2019/20,2020-01-18,Arsenal,Sheffield United,Home,1,1,1,1.23,1.18,Mikel Arteta,permanent,1.1
2019/20,2020-01-21,Arsenal,Chelsea,Away,2,2,1,0.57,3.39,Mikel Arteta,permanent,1.1
2019/20,2020-02-02,Arsenal,Burnley,Away,0,0,1,1.48,2.25,Mikel Arteta,permanent,1.2
2019/20,2020-02-16,Arsenal,Newcastle,Home,4,0,3,3.02,1.17,Mikel Arteta,permanent,1.2
2019/20,2020-02-23,Arsenal,Everton,Home,3,2,3,1.34,2.66,Mikel Arteta,permanent,1.5
2019/20,2020-03-07,Arsenal,West Ham,Home,1,0,3,1.56,1.62,Mikel Arteta,permanent,1.7
2019/20,2020-06-17,Arsenal,Man City,Away,0,3,0,0.5,2.74,Mikel Arteta,permanent,1.6
2019/20,2020-06-20,Arsenal,Brighton,Away,1,2,0,0.7,0.67,Mikel Arteta,permanent,1.6
2019/20,2020-06-25,Arsenal,Southampton,Away,2,0,3,2.19,0.74,Mikel Arteta,permanent,1.6
2019/20,2020-07-01,Arsenal,Norwich,Home,4,0,3,1.76,0.15,Mikel Arteta,permanent,1.8
2019/20,2020-07-04,Arsenal,Wolves,Away,2,0,3,1.28,0.99,Mikel Arteta,permanent,2.0
2019/20,2020-07-07,Arsenal,Leicester,Home,1,1,1,1.29,1.0,Mikel Arteta,permanent,2.0
2019/20,2020-07-12,Arsenal,Tottenham,Away,1,2,0,0.69,1.82,Mikel Arteta,permanent,1.9
2019/20,2020-07-15,Arsenal,Liverpool,Home,2,1,3,1.32,2.22,Mikel Arteta,permanent,1.9
2019/20,2020-07-21,Arsenal,Aston Villa,Away,0,1,0,0.74,0.57,Mikel Arteta,permanent,1.6
2019/20,2020-07-26,Arsenal,Watford,Home,3,2,3,1.95,3.92,Mikel Arteta,permanent,1.6
2020/21,2020-09-12,Arsenal,Fulham,Away,3,0,3,2.16,0.13,Mikel Arteta,permanent,1.9
2020/21,2020-09-19,Arsenal,West Ham,Home,2,1,3,1.33,2.06,Mikel Arteta,permanent,2.2
2020/21,2020-09-28,Arsenal,Liverpool,Away,1,3,0,1.18,2.74,Mikel Arteta,permanent,1.9
2020/21,2020-10-04,Arsenal,Sheffield United,Home,2,1,3,0.67,0.14,Mikel Arteta,permanent,1.9
2020/21,2020-10-17,Arsenal,Man City,Away,0,1,0,0.84,1.43,Mikel Arteta,permanent,1.6
2020/21,2020-10-25,Arsenal,Leicester,Home,0,1,0,0.74,0.74,Mikel Arteta,permanent,1.5
2020/21,2020-11-01,Arsenal,Man United,Away,1,0,3,1.0,0.39,Mikel Arteta,permanent,1.8
2020/21,2020-11-08,Arsenal,Aston Villa,Home,0,3,0,1.39,1.99,Mikel Arteta,permanent,1.5
2020/21,2020-11-22,Arsenal,Leeds,Away,0,0,1,0.71,1.96,Mikel Arteta,permanent,1.6
2020/21,2020-11-29,Arsenal,Wolves,Home,1,2,0,1.12,2.01,Mikel Arteta,permanent,1.3
2020/21,2020-12-06,Arsenal,Tottenham,Away,0,2,0,0.6,0.39,Mikel Arteta,permanent,1.0
2020/21,2020-12-13,Arsenal,Burnley,Home,0,1,0,1.85,0.82,Mikel Arteta,permanent,0.7
2020/21,2020-12-16,Arsenal,Southampton,Home,1,1,1,0.66,1.11,Mikel Arteta,permanent,0.8
2020/21,2020-12-19,Arsenal,Everton,Away,1,2,0,1.25,0.66,Mikel Arteta,permanent,0.5
2020/21,2020-12-26,Arsenal,Chelsea,Home,3,1,3,1.94,2.25,Mikel Arteta,permanent,0.8
2020/21,2020-12-29,Arsenal,Brighton,Away,1,0,3,1.31,0.8,Mikel Arteta,permanent,1.1
2020/21,2021-01-02,Arsenal,West Brom,Away,4,0,3,4.03,0.87,Mikel Arteta,permanent,1.1
2020/21,2021-01-14,Arsenal,Crystal Palace,Home,0,0,1,0.37,0.71,Mikel Arteta,permanent,1.2
2020/21,2021-01-18,Arsenal,Newcastle,Home,3,0,3,2.31,0.17,Mikel Arteta,permanent,1.4
2020/21,2021-01-26,Arsenal,Southampton,Away,3,1,3,2.43,1.0,Mikel Arteta,permanent,1.7
2020/21,2021-01-30,Arsenal,Man United,Home,0,0,1,0.75,1.51,Mikel Arteta,permanent,1.8
2020/21,2021-02-02,Arsenal,Wolves,Away,1,2,0,0.72,1.56,Mikel Arteta,permanent,1.8
2020/21,2021-02-06,Arsenal,Aston Villa,Away,0,1,0,0.68,1.2,Mikel Arteta,permanent,1.7
2020/21,2021-02-14,Arsenal,Leeds,Home,4,2,3,2.51,0.77,Mikel Arteta,permanent,2.0
2020/21,2021-02-21,Arsenal,Man City,Home,0,1,0,0.33,2.09,Mikel Arteta,permanent,1.7
2020/21,2021-02-28,Arsenal,Leicester,Away,3,1,3,2.11,0.53,Mikel Arteta,permanent,1.7
2020/21,2021-03-06,Arsenal,Burnley,Away,1,1,1,2.54,1.1,Mikel Arteta,permanent,1.5
2020/21,2021-03-14,Arsenal,Tottenham,Home,2,1,3,1.57,0.71,Mikel Arteta,permanent,1.7
2020/21,2021-03-21,Arsenal,West Ham,Away,3,3,1,1.35,2.51,Mikel Arteta,permanent,1.5
2020/21,2021-04-03,Arsenal,Liverpool,Home,0,3,0,0.16,2.44,Mikel Arteta,permanent,1.2
2020/21,2021-04-11,Arsenal,Sheffield United,Away,3,0,3,1.94,0.32,Mikel Arteta,permanent,1.4
2020/21,2021-04-18,Arsenal,Fulham,Home,1,1,1,2.86,0.84,Mikel Arteta,permanent,1.5
2020/21,2021-04-23,Arsenal,Everton,Home,0,1,0,0.74,0.53,Mikel Arteta,permanent,1.5
2020/21,2021-05-02,Arsenal,Newcastle,Away,2,0,3,1.79,0.17,Mikel Arteta,permanent,1.5
2020/21,2021-05-09,Arsenal,West Brom,Home,3,1,3,1.07,1.83,Mikel Arteta,permanent,1.8
2020/21,2021-05-12,Arsenal,Chelsea,Away,1,0,3,0.69,1.57,Mikel Arteta,permanent,1.8
2020/21,2021-05-19,Arsenal,Crystal Palace,Away,3,1,3,1.79,1.0,Mikel Arteta,permanent,2.0
2020/21,2021-05-23,Arsenal,Brighton,Home,2,0,3,0.77,0.19,Mikel Arteta,permanent,2.0
2021/22,2021-08-13,Arsenal,Brentford,Away,0,2,0,1.02,1.89,Mikel Arteta,permanent,1.9
2021/22,2021-08-22,Arsenal,Chelsea,Home,0,2,0,0.63,3.64,Mikel Arteta,permanent,1.9
2021/22,2021-08-28,Arsenal,Man City,Away,0,5,0,0.12,4.47,Mikel Arteta,permanent,1.6
2021/22,2021-09-11,Arsenal,Norwich,Home,1,0,3,2.69,0.58,Mikel Arteta,permanent,1.8
2021/22,2021-09-18,Arsenal,Burnley,Away,1,0,3,1.1,0.78,Mikel Arteta,permanent,2.1
2021/22,2021-09-26,Arsenal,Tottenham,Home,3,1,3,1.44,0.98,Mikel Arteta,permanent,2.1
2021/22,2021-10-02,Arsenal,Brighton,Away,0,0,1,0.36,1.12,Mikel Arteta,permanent,1.9
2021/22,2021-10-18,Arsenal,Crystal Palace,Home,2,2,1,1.74,0.49,Mikel Arteta,permanent,1.7
2021/22,2021-10-22,Arsenal,Aston Villa,Home,3,1,3,3.5,1.41,Mikel Arteta,permanent,1.7
2021/22,2021-10-30,Arsenal,Leicester,Away,2,0,3,1.1,1.99,Mikel Arteta,permanent,1.7
2021/22,2021-11-07,Arsenal,Watford,Home,1,0,3,1.49,0.49,Mikel Arteta,permanent,2.0
2021/22,2021-11-20,Arsenal,Liverpool,Away,0,4,0,0.27,3.97,Mikel Arteta,permanent,2.0
2021/22,2021-11-27,Arsenal,Newcastle,Home,2,0,3,2.84,0.19,Mikel Arteta,permanent,2.3
2021/22,2021-12-02,Arsenal,Man United,Away,2,3,0,1.17,1.86,Mikel Arteta,permanent,2.0
2021/22,2021-12-06,Arsenal,Everton,Away,1,2,0,1.06,1.06,Mikel Arteta,permanent,1.7
2021/22,2021-12-11,Arsenal,Southampton,Home,3,0,3,2.08,0.5,Mikel Arteta,permanent,1.7
2021/22,2021-12-15,Arsenal,West Ham,Home,2,0,3,2.81,0.34,Mikel Arteta,permanent,1.9
2021/22,2021-12-18,Arsenal,Leeds,Away,4,1,3,3.69,1.31,Mikel Arteta,permanent,2.1
2021/22,2021-12-26,Arsenal,Norwich,Away,5,0,3,2.88,0.15,Mikel Arteta,permanent,2.1
2021/22,2022-01-01,Arsenal,Man City,Home,1,2,0,0.84,1.95,Mikel Arteta,permanent,1.8
2021/22,2022-01-23,Arsenal,Burnley,Home,0,0,1,1.36,0.39,Mikel Arteta,permanent,1.6
2021/22,2022-02-10,Arsenal,Wolves,Away,1,0,3,1.45,0.64,Mikel Arteta,permanent,1.9
2021/22,2022-02-19,Arsenal,Brentford,Home,2,1,3,1.52,0.64,Mikel Arteta,permanent,1.9
2021/22,2022-02-24,Arsenal,Wolves,Home,2,1,3,2.51,1.11,Mikel Arteta,permanent,2.2
2021/22,2022-03-06,Arsenal,Watford,Away,3,2,3,1.0,1.3,Mikel Arteta,permanent,2.5
2021/22,2022-03-13,Arsenal,Leicester,Home,2,0,3,2.94,0.55,Mikel Arteta,permanent,2.5
2021/22,2022-03-16,Arsenal,Liverpool,Home,0,2,0,0.53,1.28,Mikel Arteta,permanent,2.2
2021/22,2022-03-19,Arsenal,Aston Villa,Away,1,0,3,1.15,0.31,Mikel Arteta,permanent,2.2
2021/22,2022-04-04,Arsenal,Crystal Palace,Away,0,3,0,1.05,1.4,Mikel Arteta,permanent,1.9
2021/22,2022-04-09,Arsenal,Brighton,Home,1,2,0,2.35,0.6,Mikel Arteta,permanent,1.9
2021/22,2022-04-16,Arsenal,Southampton,Away,0,1,0,1.35,1.04,Mikel Arteta,permanent,1.8
2021/22,2022-04-20,Arsenal,Chelsea,Away,4,2,3,1.87,0.59,Mikel Arteta,permanent,1.8
2021/22,2022-04-23,Arsenal,Man United,Home,3,1,3,2.54,2.04,Mikel Arteta,permanent,1.8
2021/22,2022-05-01,Arsenal,West Ham,Away,2,1,3,0.96,0.45,Mikel Arteta,permanent,1.8
2021/22,2022-05-08,Arsenal,Leeds,Home,2,1,3,2.72,0.7,Mikel Arteta,permanent,1.8
2021/22,2022-05-12,Arsenal,Tottenham,Away,0,3,0,0.39,3.43,Mikel Arteta,permanent,1.5
2021/22,2022-05-16,Arsenal,Newcastle,Away,0,2,0,0.49,1.68,Mikel Arteta,permanent,1.5
2021/22,2022-05-22,Arsenal,Everton,Home,5,1,3,4.36,1.09,Mikel Arteta,permanent,1.5
2022/23,2022-08-05,Arsenal,Crystal Palace,Away,2,0,3,1.44,1.21,Mikel Arteta,permanent,1.8
2022/23,2022-08-13,Arsenal,Leicester,Home,4,2,3,3.01,0.69,Mikel Arteta,permanent,2.1
2022/23,2022-08-20,Arsenal,Bournemouth,Away,3,0,3,1.71,0.21,Mikel Arteta,permanent,2.4
2022/23,2022-08-27,Arsenal,Fulham,Home,2,1,3,2.47,0.93,Mikel Arteta,permanent,2.4
2022/23,2022-08-31,Arsenal,Aston Villa,Home,2,1,3,2.8,0.3,Mikel Arteta,permanent,2.4
2022/23,2022-09-04,Arsenal,Man United,Away,1,3,0,1.42,2.03,Mikel Arteta,permanent,2.1
2022/23,2022-09-18,Arsenal,Brentford,Away,3,0,3,1.32,0.54,Mikel Arteta,permanent,2.1
2022/23,2022-10-01,Arsenal,Tottenham,Home,3,1,3,2.48,1.5,Mikel Arteta,permanent,2.4
2022/23,2022-10-09,Arsenal,Liverpool,Home,3,2,3,2.82,0.77,Mikel Arteta,permanent,2.7
2022/23,2022-10-16,Arsenal,Leeds,Away,1,0,3,0.82,2.02,Mikel Arteta,permanent,2.7
2022/23,2022-10-23,Arsenal,Southampton,Away,1,1,1,1.58,0.62,Mikel Arteta,permanent,2.5
2022/23,2022-10-30,Arsenal,Nott'm Forest,Home,5,0,3,3.01,0.21,Mikel Arteta,permanent,2.5
2022/23,2022-11-06,Arsenal,Chelsea,Away,1,0,3,2.38,0.28,Mikel Arteta,permanent,2.5
2022/23,2022-11-12,Arsenal,Wolves,Away,2,0,3,2.28,0.51,Mikel Arteta,permanent,2.5
2022/23,2022-12-26,Arsenal,West Ham,Home,3,1,3,1.89,1.03,Mikel Arteta,permanent,2.5
2022/23,2022-12-31,Arsenal,Brighton,Away,4,2,3,3.22,1.16,Mikel Arteta,permanent,2.8
2022/23,2023-01-03,Arsenal,Newcastle,Home,0,0,1,0.97,0.96,Mikel Arteta,permanent,2.6
2022/23,2023-01-15,Arsenal,Tottenham,Away,2,0,3,2.04,1.71,Mikel Arteta,permanent,2.6
2022/23,2023-01-22,Arsenal,Man United,Home,3,2,3,2.9,0.27,Mikel Arteta,permanent,2.6
2022/23,2023-02-04,Arsenal,Everton,Away,0,1,0,0.69,2.09,Mikel Arteta,permanent,2.3
2022/23,2023-02-11,Arsenal,Brentford,Home,1,1,1,1.37,2.18,Mikel Arteta,permanent,2.3
2022/23,2023-02-15,Arsenal,Man City,Home,1,3,0,1.7,2.01,Mikel Arteta,permanent,2.0
2022/23,2023-02-18,Arsenal,Aston Villa,Away,4,2,3,2.86,0.34,Mikel Arteta,permanent,2.0
2022/23,2023-02-25,Arsenal,Leicester,Away,1,0,3,0.72,0.02,Mikel Arteta,permanent,2.0
2022/23,2023-03-01,Arsenal,Everton,Home,4,0,3,3.07,1.6,Mikel Arteta,permanent,2.0
2022/23,2023-03-04,Arsenal,Bournemouth,Home,3,2,3,2.46,1.74,Mikel Arteta,permanent,2.0
2022/23,2023-03-12,Arsenal,Fulham,Away,3,0,3,2.64,0.62,Mikel Arteta,permanent,2.2
2022/23,2023-03-19,Arsenal,Crystal Palace,Home,4,1,3,1.54,1.19,Mikel Arteta,permanent,2.2
2022/23,2023-04-01,Arsenal,Leeds,Home,4,1,3,3.3,0.5,Mikel Arteta,permanent,2.2
2022/23,2023-04-09,Arsenal,Liverpool,Away,2,2,1,1.54,4.64,Mikel Arteta,permanent,2.3
2022/23,2023-04-16,Arsenal,West Ham,Away,2,2,1,2.72,1.96,Mikel Arteta,permanent,2.3
2022/23,2023-04-21,Arsenal,Southampton,Home,3,3,1,2.4,1.43,Mikel Arteta,permanent,2.4
2022/23,2023-04-26,Arsenal,Man City,Away,1,4,0,0.4,2.01,Mikel Arteta,permanent,2.1
2022/23,2023-05-02,Arsenal,Chelsea,Home,3,1,3,2.78,0.79,Mikel Arteta,permanent,2.1
2022/23,2023-05-07,Arsenal,Newcastle,Away,2,0,3,1.29,1.37,Mikel Arteta,permanent,2.1
2022/23,2023-05-14,Arsenal,Brighton,Home,0,3,0,0.96,2.21,Mikel Arteta,permanent,1.8
2022/23,2023-05-20,Arsenal,Nott'm Forest,Away,0,1,0,0.49,1.14,Mikel Arteta,permanent,1.5
2022/23,2023-05-28,Arsenal,Wolves,Home,5,0,3,3.02,0.39,Mikel Arteta,permanent,1.5
2023/24,2023-08-12,Arsenal,Nott'm Forest,Home,2,1,3,0.84,0.97,Mikel Arteta,permanent,1.5
2023/24,2023-08-21,Arsenal,Crystal Palace,Away,1,0,3,2.21,1.07,Mikel Arteta,permanent,1.7
2023/24,2023-08-26,Arsenal,Fulham,Home,2,2,1,3.23,0.85,Mikel Arteta,permanent,1.7
2023/24,2023-09-03,Arsenal,Man United,Home,3,1,3,1.91,0.97,Mikel Arteta,permanent,1.9
2023/24,2023-09-17,Arsenal,Everton,Away,1,0,3,0.8,0.28,Mikel Arteta,permanent,2.2
2023/24,2023-09-24,Arsenal,Tottenham,Home,2,2,1,2.34,2.21,Mikel Arteta,permanent,2.0
2023/24,2023-09-30,Arsenal,Bournemouth,Away,4,0,3,4.07,0.64,Mikel Arteta,permanent,2.0
2023/24,2023-10-08,Arsenal,Man City,Home,1,0,3,0.39,0.86,Mikel Arteta,permanent,2.3
2023/24,2023-10-21,Arsenal,Chelsea,Away,2,2,1,1.06,1.72,Mikel Arteta,permanent,2.4
2023/24,2023-10-28,Arsenal,Sheffield United,Home,5,0,3,3.03,0.03,Mikel Arteta,permanent,2.4
2023/24,2023-11-04,Arsenal,Newcastle,Away,0,1,0,0.54,1.12,Mikel Arteta,permanent,2.1
2023/24,2023-11-11,Arsenal,Burnley,Home,3,1,3,2.63,0.33,Mikel Arteta,permanent,2.1
2023/24,2023-11-25,Arsenal,Brentford,Away,1,0,3,1.83,1.66,Mikel Arteta,permanent,2.3
2023/24,2023-12-02,Arsenal,Wolves,Home,2,1,3,3.3,1.08,Mikel Arteta,permanent,2.3
2023/24,2023-12-05,Arsenal,Luton,Away,4,3,3,2.59,0.53,Mikel Arteta,permanent,2.3
2023/24,2023-12-09,Arsenal,Aston Villa,Away,0,1,0,1.72,0.63,Mikel Arteta,permanent,2.2
2023/24,2023-12-17,Arsenal,Brighton,Home,2,0,3,2.77,0.66,Mikel Arteta,permanent,2.2
2023/24,2023-12-23,Arsenal,Liverpool,Away,1,1,1,0.85,0.98,Mikel Arteta,permanent,2.0
2023/24,2023-12-28,Arsenal,West Ham,Home,0,2,0,2.79,1.6,Mikel Arteta,permanent,1.9
2023/24,2023-12-31,Arsenal,Fulham,Away,1,2,0,1.66,1.53,Mikel Arteta,permanent,1.6
2023/24,2024-01-20,Arsenal,Crystal Palace,Home,5,0,3,3.52,0.29,Mikel Arteta,permanent,1.9
2023/24,2024-01-30,Arsenal,Nott'm Forest,Away,2,1,3,1.39,0.63,Mikel Arteta,permanent,1.9
2023/24,2024-02-04,Arsenal,Liverpool,Home,3,1,3,2.85,0.54,Mikel Arteta,permanent,1.9
2023/24,2024-02-11,Arsenal,West Ham,Away,6,0,3,4.0,0.19,Mikel Arteta,permanent,1.9
2023/24,2024-02-17,Arsenal,Burnley,Away,5,0,3,2.21,0.34,Mikel Arteta,permanent,1.9
2023/24,2024-02-24,Arsenal,Newcastle,Home,4,1,3,2.59,0.22,Mikel Arteta,permanent,2.2
2023/24,2024-03-04,Arsenal,Sheffield United,Away,6,0,3,2.47,0.2,Mikel Arteta,permanent,2.2
2023/24,2024-03-09,Arsenal,Brentford,Home,2,1,3,1.59,0.73,Mikel Arteta,permanent,2.4
2023/24,2024-03-31,Arsenal,Man City,Away,0,0,1,0.51,1.22,Mikel Arteta,permanent,2.5
2023/24,2024-04-03,Arsenal,Luton,Home,2,0,3,1.14,0.29,Mikel Arteta,permanent,2.8
2023/24,2024-04-06,Arsenal,Brighton,Away,3,0,3,4.17,0.43,Mikel Arteta,permanent,2.8
2023/24,2024-04-14,Arsenal,Aston Villa,Home,0,2,0,1.89,0.93,Mikel Arteta,permanent,2.5
2023/24,2024-04-20,Arsenal,Wolves,Away,2,0,3,1.66,0.16,Mikel Arteta,permanent,2.5
2023/24,2024-04-23,Arsenal,Chelsea,Home,5,0,3,3.46,1.6,Mikel Arteta,permanent,2.5
2023/24,2024-04-28,Arsenal,Tottenham,Away,3,2,3,1.51,2.6,Mikel Arteta,permanent,2.5
2023/24,2024-05-04,Arsenal,Bournemouth,Home,3,0,3,3.91,0.47,Mikel Arteta,permanent,2.5
2023/24,2024-05-12,Arsenal,Man United,Away,1,0,3,1.73,0.55,Mikel Arteta,permanent,2.5
2023/24,2024-05-19,Arsenal,Everton,Home,2,1,3,3.21,0.66,Mikel Arteta,permanent,2.5
2024/25,2024-08-17,Arsenal,Wolves,Home,2,0,3,1.63,0.58,Mikel Arteta,permanent,2.7
2024/25,2024-08-24,Arsenal,Aston Villa,Away,2,0,3,1.41,1.32,Mikel Arteta,permanent,2.7
2024/25,2024-08-31,Arsenal,Brighton,Home,1,1,1,2.42,1.82,Mikel Arteta,permanent,2.5
2024/25,2024-09-15,Arsenal,Tottenham,Away,1,0,3,1.12,0.79,Mikel Arteta,permanent,2.8
2024/25,2024-09-22,Arsenal,Man City,Away,2,2,1,1.28,2.76,Mikel Arteta,permanent,2.6
2024/25,2024-09-28,Arsenal,Leicester,Home,4,2,3,6.05,0.34,Mikel Arteta,permanent,2.6
2024/25,2024-10-05,Arsenal,Southampton,Home,3,1,3,3.25,1.27,Mikel Arteta,permanent,2.6
2024/25,2024-10-19,Arsenal,Bournemouth,Away,0,2,0,0.74,2.18,Mikel Arteta,permanent,2.3
2024/25,2024-10-27,Arsenal,Liverpool,Home,2,2,1,1.09,1.35,Mikel Arteta,permanent,2.1
2024/25,2024-11-02,Arsenal,Newcastle,Away,0,1,0,0.91,0.86,Mikel Arteta,permanent,1.8
2024/25,2024-11-10,Arsenal,Chelsea,Away,1,1,1,1.96,1.24,Mikel Arteta,permanent,1.6
2024/25,2024-11-23,Arsenal,Nott'm Forest,Home,3,0,3,1.66,0.4,Mikel Arteta,permanent,1.6
2024/25,2024-11-30,Arsenal,West Ham,Away,5,2,3,4.0,1.24,Mikel Arteta,permanent,1.8
2024/25,2024-12-04,Arsenal,Man United,Home,2,0,3,2.97,0.26,Mikel Arteta,permanent,1.8
2024/25,2024-12-08,Arsenal,Fulham,Away,1,1,1,2.43,0.15,Mikel Arteta,permanent,1.8
2024/25,2024-12-14,Arsenal,Everton,Home,0,0,1,1.31,0.13,Mikel Arteta,permanent,1.6
2024/25,2024-12-21,Arsenal,Crystal Palace,Away,5,1,3,3.05,1.61,Mikel Arteta,permanent,1.6
2024/25,2024-12-27,Arsenal,Ipswich,Home,1,0,3,2.16,0.08,Mikel Arteta,permanent,1.9
2024/25,2025-01-01,Arsenal,Brentford,Away,3,1,3,2.0,0.27,Mikel Arteta,permanent,2.1
2024/25,2025-01-04,Arsenal,Brighton,Away,1,1,1,1.81,1.77,Mikel Arteta,permanent,2.2
2024/25,2025-01-15,Arsenal,Tottenham,Home,2,1,3,2.26,0.78,Mikel Arteta,permanent,2.4
2024/25,2025-01-18,Arsenal,Aston Villa,Home,2,2,1,1.64,1.21,Mikel Arteta,permanent,2.2
2024/25,2025-01-25,Arsenal,Wolves,Away,1,0,3,0.89,0.51,Mikel Arteta,permanent,2.2
2024/25,2025-02-02,Arsenal,Man City,Home,5,1,3,1.53,0.74,Mikel Arteta,permanent,2.2
2024/25,2025-02-15,Arsenal,Leicester,Away,2,0,3,1.75,0.23,Mikel Arteta,permanent,2.4
2024/25,2025-02-22,Arsenal,West Ham,Home,0,1,0,1.37,1.03,Mikel Arteta,permanent,2.3
2024/25,2025-02-26,Arsenal,Nott'm Forest,Away,0,0,1,1.32,0.51,Mikel Arteta,permanent,2.1
2024/25,2025-03-09,Arsenal,Man United,Away,1,1,1,1.83,1.31,Mikel Arteta,permanent,1.9
2024/25,2025-03-16,Arsenal,Chelsea,Home,1,0,3,0.7,0.29,Mikel Arteta,permanent,1.9
2024/25,2025-04-01,Arsenal,Fulham,Home,2,1,3,2.3,1.44,Mikel Arteta,permanent,2.1
2024/25,2025-04-05,Arsenal,Everton,Away,1,1,1,1.4,1.23,Mikel Arteta,permanent,1.9
2024/25,2025-04-12,Arsenal,Brentford,Home,1,1,1,0.77,0.59,Mikel Arteta,permanent,1.9
2024/25,2025-04-20,Arsenal,Ipswich,Away,4,0,3,2.81,0.19,Mikel Arteta,permanent,1.9
2024/25,2025-04-23,Arsenal,Crystal Palace,Home,2,2,1,1.92,2.51,Mikel Arteta,permanent,1.7
2024/25,2025-05-03,Arsenal,Bournemouth,Home,1,2,0,2.05,1.42,Mikel Arteta,permanent,1.4
2024/25,2025-05-11,Arsenal,Liverpool,Away,2,2,1,2.19,2.75,Mikel Arteta,permanent,1.5
2024/25,2025-05-18,Arsenal,Newcastle,Home,1,0,3,1.16,2.25,Mikel Arteta,permanent,1.7
2024/25,2025-05-25,Arsenal,Southampton,Away,2,1,3,2.41,0.6,Mikel Arteta,permanent,1.9
2025/26,2025-08-17,Arsenal,Man United,Away,1,0,3,1.33,1.38,Mikel Arteta,permanent,1.9
2025/26,2025-08-23,Arsenal,Leeds,Home,5,0,3,2.74,0.16,Mikel Arteta,permanent,1.9
2025/26,2025-08-31,Arsenal,Liverpool,Away,0,1,0,0.49,0.48,Mikel Arteta,permanent,1.8
2025/26,2025-09-13,Arsenal,Nott'm Forest,Home,3,0,3,2.88,0.29,Mikel Arteta,permanent,2.0
2025/26,2025-09-21,Arsenal,Man City,Home,1,1,1,0.72,1.12,Mikel Arteta,permanent,1.8
2025/26,2025-09-28,Arsenal,Newcastle,Away,2,1,3,2.07,0.74,Mikel Arteta,permanent,2.0
2025/26,2025-10-04,Arsenal,West Ham,Home,2,0,3,3.06,0.86,Mikel Arteta,permanent,2.3
2025/26,2025-10-18,Arsenal,Fulham,Away,1,0,3,2.08,0.5,Mikel Arteta,permanent,2.5
2025/26,2025-10-26,Arsenal,Crystal Palace,Home,1,0,3,0.86,0.35,Mikel Arteta,permanent,2.5
2025/26,2025-11-01,Arsenal,Burnley,Away,2,0,3,2.52,0.68,Mikel Arteta,permanent,2.5
2025/26,2025-11-08,Arsenal,Sunderland,Away,2,2,1,2.33,1.2,Mikel Arteta,permanent,2.3
2025/26,2025-11-23,Arsenal,Tottenham,Home,4,1,3,2.28,0.03,Mikel Arteta,permanent,2.3
2025/26,2025-11-30,Arsenal,Chelsea,Away,1,1,1,1.23,0.79,Mikel Arteta,permanent,2.4
2025/26,2025-12-03,Arsenal,Brentford,Home,2,0,3,2.63,0.59,Mikel Arteta,permanent,2.4
2025/26,2025-12-06,Arsenal,Aston Villa,Away,1,2,0,1.86,2.72,Mikel Arteta,permanent,2.3
2025/26,2025-12-13,Arsenal,Wolves,Home,2,1,3,1.62,0.62,Mikel Arteta,permanent,2.3
2025/26,2025-12-20,Arsenal,Everton,Away,1,0,3,1.85,0.21,Mikel Arteta,permanent,2.3
2025/26,2025-12-27,Arsenal,Brighton,Home,2,1,3,2.54,0.71,Mikel Arteta,permanent,2.3
2025/26,2025-12-30,Arsenal,Aston Villa,Home,4,1,3,4.41,2.94,Mikel Arteta,permanent,2.3
2025/26,2026-01-03,Arsenal,Bournemouth,Away,3,2,3,1.28,0.95,Mikel Arteta,permanent,2.3
2025/26,2026-01-08,Arsenal,Liverpool,Home,0,0,1,0.7,0.32,Mikel Arteta,permanent,2.3
2025/26,2026-01-17,Arsenal,Nott'm Forest,Away,0,0,1,2.86,0.32,Mikel Arteta,permanent,2.1
2025/26,2026-01-25,Arsenal,Man United,Home,2,3,0,1.42,0.64,Mikel Arteta,permanent,2.0
2025/26,2026-01-31,Arsenal,Leeds,Away,4,0,3,3.54,0.18,Mikel Arteta,permanent,2.0
2025/26,2026-02-07,Arsenal,Sunderland,Home,3,0,3,1.19,0.43,Mikel Arteta,permanent,2.3
2025/26,2026-02-12,Arsenal,Brentford,Away,1,1,1,0.78,1.81,Mikel Arteta,permanent,2.1
2025/26,2026-02-18,Arsenal,Wolves,Away,2,2,1,2.01,0.17,Mikel Arteta,permanent,1.9
2025/26,2026-02-22,Arsenal,Tottenham,Away,4,1,3,3.32,0.38,Mikel Arteta,permanent,1.9
2025/26,2026-03-01,Arsenal,Chelsea,Home,2,1,3,1.72,1.35,Mikel Arteta,permanent,1.9
2025/26,2026-03-04,Arsenal,Brighton,Away,1,0,3,0.51,0.92,Mikel Arteta,permanent,1.9
2025/26,2026-03-14,Arsenal,Everton,Home,2,0,3,1.91,1.18,Mikel Arteta,permanent,2.1
2025/26,2026-04-11,Arsenal,Bournemouth,Home,1,2,0,3.16,1.39,Mikel Arteta,permanent,2.0
2025/26,2026-04-19,Arsenal,Man City,Away,1,2,0,2.29,2.62,Mikel Arteta,permanent,2.0
2025/26,2026-04-25,Arsenal,Newcastle,Home,1,0,3,0.64,0.87,Mikel Arteta,permanent,2.0
2025/26,2026-05-02,Arsenal,Fulham,Home,3,0,3,4.09,0.7,Mikel Arteta,permanent,2.0
2025/26,2026-05-10,Arsenal,West Ham,Away,1,0,3,1.43,1.32,Mikel Arteta,permanent,2.2
2025/26,2026-05-18,Arsenal,Burnley,Home,1,0,3,1.23,0.19,Mikel Arteta,permanent,2.4
2025/26,2026-05-24,Arsenal,Crystal Palace,Away,2,1,3,3.91,1.0,Mikel Arteta,permanent,2.4
2014/15,2014-08-16,Aston Villa,Stoke,Away,1,0,3,0.91,0.42,Paul Lambert,first spell in data,
2014/15,2014-08-23,Aston Villa,Newcastle,Home,0,0,1,0.51,0.7,Paul Lambert,first spell in data,
2014/15,2014-08-31,Aston Villa,Hull,Home,2,1,3,0.64,0.29,Paul Lambert,first spell in data,
2014/15,2014-09-13,Aston Villa,Liverpool,Away,1,0,3,0.7,0.73,Paul Lambert,first spell in data,
2014/15,2014-09-20,Aston Villa,Arsenal,Home,0,3,0,0.65,1.36,Paul Lambert,first spell in data,
2014/15,2014-09-27,Aston Villa,Chelsea,Away,0,3,0,0.23,3.14,Paul Lambert,first spell in data,
2014/15,2014-10-04,Aston Villa,Man City,Home,0,2,0,0.69,2.31,Paul Lambert,first spell in data,
2014/15,2014-10-18,Aston Villa,Everton,Away,0,3,0,0.37,1.67,Paul Lambert,first spell in data,
2014/15,2014-10-27,Aston Villa,QPR,Away,0,2,0,1.19,0.82,Paul Lambert,first spell in data,
2014/15,2014-11-02,Aston Villa,Tottenham,Home,1,2,0,0.87,2.54,Paul Lambert,first spell in data,1.0
2014/15,2014-11-08,Aston Villa,West Ham,Away,0,0,1,0.56,1.48,Paul Lambert,first spell in data,0.8
2014/15,2014-11-24,Aston Villa,Southampton,Home,1,1,1,1.13,0.86,Paul Lambert,first spell in data,0.8
2014/15,2014-11-29,Aston Villa,Burnley,Away,1,1,1,1.09,2.31,Paul Lambert,first spell in data,0.6
2014/15,2014-12-02,Aston Villa,Crystal Palace,Away,1,0,3,0.19,0.8,Paul Lambert,first spell in data,0.6
2014/15,2014-12-07,Aston Villa,Leicester,Home,2,1,3,1.98,1.01,Paul Lambert,first spell in data,0.9
2014/15,2014-12-13,Aston Villa,West Brom,Away,0,1,0,0.27,1.44,Paul Lambert,first spell in data,0.9
2014/15,2014-12-20,Aston Villa,Man United,Home,1,1,1,0.58,1.07,Paul Lambert,first spell in data,1.0
2014/15,2014-12-26,Aston Villa,Swansea,Away,0,1,0,1.42,0.6,Paul Lambert,first spell in data,1.0
2014/15,2014-12-28,Aston Villa,Sunderland,Home,0,0,1,0.65,0.85,Paul Lambert,first spell in data,1.1
2014/15,2015-01-01,Aston Villa,Crystal Palace,Home,0,0,1,1.39,0.58,Paul Lambert,first spell in data,1.2
2014/15,2015-01-10,Aston Villa,Leicester,Away,0,1,0,0.61,2.37,Paul Lambert,first spell in data,1.1
2014/15,2015-01-17,Aston Villa,Liverpool,Home,0,2,0,0.85,1.54,Paul Lambert,first spell in data,1.0
2014/15,2015-02-01,Aston Villa,Arsenal,Away,0,5,0,0.71,2.36,Paul Lambert,first spell in data,0.9
2014/15,2015-02-07,Aston Villa,Chelsea,Home,1,2,0,0.71,1.12,Paul Lambert,first spell in data,0.6
2014/15,2015-02-10,Aston Villa,Hull,Away,0,2,0,0.42,0.99,Paul Lambert,first spell in data,0.3
2014/15,2015-02-21,Aston Villa,Stoke,Home,1,2,0,0.23,1.12,Tim Sherwood,permanent,0.3
2014/15,2015-02-28,Aston Villa,Newcastle,Away,0,1,0,0.77,0.93,Tim Sherwood,permanent,0.2
2014/15,2015-03-03,Aston Villa,West Brom,Home,2,1,3,1.92,0.91,Tim Sherwood,permanent,0.5
2014/15,2015-03-14,Aston Villa,Sunderland,Away,4,0,3,1.5,0.47,Tim Sherwood,permanent,0.7
2014/15,2015-03-21,Aston Villa,Swansea,Home,0,1,0,0.76,1.9,Tim Sherwood,permanent,0.6
2014/15,2015-04-04,Aston Villa,Man United,Away,1,3,0,0.31,1.98,Tim Sherwood,permanent,0.6
2014/15,2015-04-07,Aston Villa,QPR,Home,3,3,1,1.87,1.43,Tim Sherwood,permanent,0.7
2014/15,2015-04-11,Aston Villa,Tottenham,Away,1,0,3,0.86,0.62,Tim Sherwood,permanent,1.0
2014/15,2015-04-25,Aston Villa,Man City,Away,2,3,0,0.9,1.19,Tim Sherwood,permanent,1.0
2014/15,2015-05-02,Aston Villa,Everton,Home,3,2,3,1.56,1.4,Tim Sherwood,permanent,1.3
2014/15,2015-05-09,Aston Villa,West Ham,Home,1,0,3,1.27,0.15,Tim Sherwood,permanent,1.6
2014/15,2015-05-16,Aston Villa,Southampton,Away,1,6,0,1.19,3.6,Tim Sherwood,permanent,1.6
2014/15,2015-05-24,Aston Villa,Burnley,Home,0,1,0,0.65,0.66,Tim Sherwood,permanent,1.3
2015/16,2015-08-08,Aston Villa,Bournemouth,Away,1,0,3,0.78,0.88,Tim Sherwood,permanent,1.3
2015/16,2015-08-14,Aston Villa,Man United,Home,0,1,0,0.22,0.66,Tim Sherwood,permanent,1.3
2015/16,2015-08-22,Aston Villa,Crystal Palace,Away,1,2,0,0.77,1.24,Tim Sherwood,permanent,1.3
2015/16,2015-08-29,Aston Villa,Sunderland,Home,2,2,1,2.27,0.37,Tim Sherwood,permanent,1.3
2015/16,2015-09-13,Aston Villa,Leicester,Away,2,3,0,0.95,1.35,Tim Sherwood,permanent,1.0
2015/16,2015-09-19,Aston Villa,West Brom,Home,0,1,0,0.88,0.63,Tim Sherwood,permanent,1.0
2015/16,2015-09-26,Aston Villa,Liverpool,Away,2,3,0,0.89,1.78,Tim Sherwood,permanent,0.7
2015/16,2015-10-03,Aston Villa,Stoke,Home,0,1,0,0.84,1.03,Tim Sherwood,permanent,0.4
2015/16,2015-10-17,Aston Villa,Chelsea,Away,0,2,0,0.8,1.23,Tim Sherwood,permanent,0.4
2015/16,2015-10-24,Aston Villa,Swansea,Home,1,2,0,1.1,1.74,Tim Sherwood,permanent,0.4
2015/16,2015-11-02,Aston Villa,Tottenham,Away,1,3,0,0.33,1.14,Kevin MacDonald,caretaker,0.1
2015/16,2015-11-08,Aston Villa,Man City,Home,0,0,1,0.18,1.53,Rémi Garde,permanent,0.2
2015/16,2015-11-21,Aston Villa,Everton,Away,0,4,0,0.32,2.83,Rémi Garde,permanent,0.2
2015/16,2015-11-28,Aston Villa,Watford,Home,2,3,0,1.49,1.45,Rémi Garde,permanent,0.1
2015/16,2015-12-05,Aston Villa,Southampton,Away,1,1,1,1.06,2.86,Rémi Garde,permanent,0.2
2015/16,2015-12-13,Aston Villa,Arsenal,Home,0,2,0,1.01,1.68,Rémi Garde,permanent,0.2
2015/16,2015-12-19,Aston Villa,Newcastle,Away,1,1,1,0.4,1.28,Rémi Garde,permanent,0.3
2015/16,2015-12-26,Aston Villa,West Ham,Home,1,1,1,1.61,0.84,Rémi Garde,permanent,0.4
2015/16,2015-12-28,Aston Villa,Norwich,Away,0,2,0,0.24,1.1,Rémi Garde,permanent,0.4
2015/16,2016-01-02,Aston Villa,Sunderland,Away,1,3,0,0.28,0.76,Rémi Garde,permanent,0.4
2015/16,2016-01-12,Aston Villa,Crystal Palace,Home,1,0,3,0.55,0.55,Rémi Garde,permanent,0.7
2015/16,2016-01-16,Aston Villa,Leicester,Home,1,1,1,0.67,2.22,Rémi Garde,permanent,0.7
2015/16,2016-01-23,Aston Villa,West Brom,Away,0,0,1,0.56,0.23,Rémi Garde,permanent,0.8
2015/16,2016-02-02,Aston Villa,West Ham,Away,0,2,0,0.11,2.35,Rémi Garde,permanent,0.8
2015/16,2016-02-06,Aston Villa,Norwich,Home,2,0,3,0.92,1.14,Rémi Garde,permanent,1.0
2015/16,2016-02-14,Aston Villa,Liverpool,Home,0,6,0,0.17,2.01,Rémi Garde,permanent,1.0
2015/16,2016-02-27,Aston Villa,Stoke,Away,1,2,0,0.41,2.04,Rémi Garde,permanent,0.9
2015/16,2016-03-01,Aston Villa,Everton,Home,1,3,0,0.6,2.64,Rémi Garde,permanent,0.8
2015/16,2016-03-05,Aston Villa,Man City,Away,0,4,0,0.12,2.83,Rémi Garde,permanent,0.8
2015/16,2016-03-13,Aston Villa,Tottenham,Home,0,2,0,1.84,2.0,Rémi Garde,permanent,0.8
2015/16,2016-03-19,Aston Villa,Swansea,Away,0,1,0,0.73,0.49,Rémi Garde,permanent,0.5
2015/16,2016-04-02,Aston Villa,Chelsea,Home,0,4,0,0.73,2.49,Eric Black,permanent,0.4
2015/16,2016-04-09,Aston Villa,Bournemouth,Home,1,2,0,0.22,1.0,Eric Black,permanent,0.3
2015/16,2016-04-16,Aston Villa,Man United,Away,0,1,0,0.26,1.09,Eric Black,permanent,0.3
2015/16,2016-04-23,Aston Villa,Southampton,Home,2,4,0,1.47,3.66,Eric Black,permanent,0.0
2015/16,2016-04-30,Aston Villa,Watford,Away,2,3,0,0.49,1.36,Eric Black,permanent,0.0
2015/16,2016-05-07,Aston Villa,Newcastle,Home,0,0,1,0.03,1.1,Eric Black,permanent,0.1
2015/16,2016-05-15,Aston Villa,Arsenal,Away,0,4,0,0.22,3.4,Eric Black,permanent,0.1
2019/20,2019-08-10,Aston Villa,Tottenham,Away,1,3,0,0.64,2.57,Dean Smith,appointed_outside_pl,0.1
2019/20,2019-08-17,Aston Villa,Bournemouth,Home,1,2,0,1.65,1.63,Dean Smith,appointed_outside_pl,0.1
2019/20,2019-08-23,Aston Villa,Everton,Home,2,0,3,0.86,1.26,Dean Smith,appointed_outside_pl,0.4
2019/20,2019-08-31,Aston Villa,Crystal Palace,Away,0,1,0,0.3,1.41,Dean Smith,appointed_outside_pl,0.4
2019/20,2019-09-16,Aston Villa,West Ham,Home,0,0,1,1.41,0.54,Dean Smith,appointed_outside_pl,0.5
2019/20,2019-09-22,Aston Villa,Arsenal,Away,2,3,0,1.72,2.53,Dean Smith,appointed_outside_pl,0.5
2019/20,2019-09-28,Aston Villa,Burnley,Home,2,2,1,0.91,1.67,Dean Smith,appointed_outside_pl,0.6
2019/20,2019-10-05,Aston Villa,Norwich,Away,5,1,3,3.68,1.85,Dean Smith,appointed_outside_pl,0.9
2019/20,2019-10-19,Aston Villa,Brighton,Home,2,1,3,2.97,1.32,Dean Smith,appointed_outside_pl,1.1
2019/20,2019-10-26,Aston Villa,Man City,Away,0,3,0,0.98,3.19,Dean Smith,appointed_outside_pl,1.1
2019/20,2019-11-02,Aston Villa,Liverpool,Home,1,2,0,0.74,2.39,Dean Smith,appointed_outside_pl,1.1
2019/20,2019-11-10,Aston Villa,Wolves,Away,1,2,0,0.47,2.1,Dean Smith,appointed_outside_pl,1.1
2019/20,2019-11-25,Aston Villa,Newcastle,Home,2,0,3,2.7,0.7,Dean Smith,appointed_outside_pl,1.1
2019/20,2019-12-01,Aston Villa,Man United,Away,2,2,1,1.3,1.85,Dean Smith,appointed_outside_pl,1.2
2019/20,2019-12-04,Aston Villa,Chelsea,Away,1,2,0,0.86,1.98,Dean Smith,appointed_outside_pl,1.1
2019/20,2019-12-08,Aston Villa,Leicester,Home,1,4,0,1.24,4.03,Dean Smith,appointed_outside_pl,1.1
2019/20,2019-12-14,Aston Villa,Sheffield United,Away,0,2,0,0.97,1.89,Dean Smith,appointed_outside_pl,1.0
2019/20,2019-12-21,Aston Villa,Southampton,Home,1,3,0,0.92,2.63,Dean Smith,appointed_outside_pl,0.7
2019/20,2019-12-26,Aston Villa,Norwich,Home,1,0,3,0.65,1.45,Dean Smith,appointed_outside_pl,0.7
2019/20,2019-12-28,Aston Villa,Watford,Away,0,3,0,0.61,3.25,Dean Smith,appointed_outside_pl,0.7
2019/20,2020-01-01,Aston Villa,Burnley,Away,2,1,3,1.75,2.34,Dean Smith,appointed_outside_pl,1.0
2019/20,2020-01-12,Aston Villa,Man City,Home,1,6,0,1.13,3.75,Dean Smith,appointed_outside_pl,1.0
2019/20,2020-01-18,Aston Villa,Brighton,Away,1,1,1,1.02,1.3,Dean Smith,appointed_outside_pl,0.8
2019/20,2020-01-21,Aston Villa,Watford,Home,2,1,3,1.07,1.81,Dean Smith,appointed_outside_pl,1.0
2019/20,2020-02-01,Aston Villa,Bournemouth,Away,1,2,0,1.41,2.72,Dean Smith,appointed_outside_pl,1.0
2019/20,2020-02-16,Aston Villa,Tottenham,Home,2,3,0,1.71,3.86,Dean Smith,appointed_outside_pl,1.0
2019/20,2020-02-22,Aston Villa,Southampton,Away,0,2,0,0.47,3.03,Dean Smith,appointed_outside_pl,1.0
2019/20,2020-03-09,Aston Villa,Leicester,Away,0,4,0,0.67,2.41,Dean Smith,appointed_outside_pl,1.0
2019/20,2020-06-17,Aston Villa,Sheffield United,Home,0,0,1,1.01,0.24,Dean Smith,appointed_outside_pl,0.8
2019/20,2020-06-21,Aston Villa,Chelsea,Home,1,2,0,1.57,1.14,Dean Smith,appointed_outside_pl,0.8
2019/20,2020-06-24,Aston Villa,Newcastle,Away,1,1,1,1.23,0.66,Dean Smith,appointed_outside_pl,0.6
2019/20,2020-06-27,Aston Villa,Wolves,Home,0,1,0,0.4,0.7,Dean Smith,appointed_outside_pl,0.6
2019/20,2020-07-05,Aston Villa,Liverpool,Away,0,2,0,0.69,1.08,Dean Smith,appointed_outside_pl,0.5
2019/20,2020-07-09,Aston Villa,Man United,Home,0,3,0,0.6,2.87,Dean Smith,appointed_outside_pl,0.2
2019/20,2020-07-12,Aston Villa,Crystal Palace,Home,2,0,3,1.7,0.97,Dean Smith,appointed_outside_pl,0.5
2019/20,2020-07-16,Aston Villa,Everton,Away,1,1,1,1.52,0.94,Dean Smith,appointed_outside_pl,0.6
2019/20,2020-07-21,Aston Villa,Arsenal,Home,1,0,3,0.57,0.74,Dean Smith,appointed_outside_pl,0.9
2019/20,2020-07-26,Aston Villa,West Ham,Away,1,1,1,0.98,0.78,Dean Smith,appointed_outside_pl,1.0
2020/21,2020-09-21,Aston Villa,Sheffield United,Home,1,0,3,0.81,0.85,Dean Smith,appointed_outside_pl,1.2
2020/21,2020-09-28,Aston Villa,Fulham,Away,3,0,3,2.03,0.53,Dean Smith,appointed_outside_pl,1.5
2020/21,2020-10-04,Aston Villa,Liverpool,Home,7,2,3,3.08,1.66,Dean Smith,appointed_outside_pl,1.7
2020/21,2020-10-18,Aston Villa,Leicester,Away,1,0,3,0.87,0.67,Dean Smith,appointed_outside_pl,2.0
2020/21,2020-10-23,Aston Villa,Leeds,Home,0,3,0,1.5,2.38,Dean Smith,appointed_outside_pl,2.0
2020/21,2020-11-01,Aston Villa,Southampton,Home,3,4,0,2.45,1.0,Dean Smith,appointed_outside_pl,2.0
2020/21,2020-11-08,Aston Villa,Arsenal,Away,3,0,3,1.99,1.39,Dean Smith,appointed_outside_pl,2.0
2020/21,2020-11-21,Aston Villa,Brighton,Home,1,2,0,1.77,1.5,Dean Smith,appointed_outside_pl,1.9
2020/21,2020-11-30,Aston Villa,West Ham,Away,1,2,0,2.39,0.57,Dean Smith,appointed_outside_pl,1.6
2020/21,2020-12-12,Aston Villa,Wolves,Away,1,0,3,1.27,1.14,Dean Smith,appointed_outside_pl,1.8
2020/21,2020-12-17,Aston Villa,Burnley,Home,0,0,1,1.81,0.32,Dean Smith,appointed_outside_pl,1.6
2020/21,2020-12-20,Aston Villa,West Brom,Away,3,0,3,2.62,0.04,Dean Smith,appointed_outside_pl,1.6
2020/21,2020-12-26,Aston Villa,Crystal Palace,Home,3,0,3,4.58,0.85,Dean Smith,appointed_outside_pl,1.6
2020/21,2020-12-28,Aston Villa,Chelsea,Away,1,1,1,0.73,1.54,Dean Smith,appointed_outside_pl,1.4
2020/21,2021-01-01,Aston Villa,Man United,Away,1,2,0,1.56,2.46,Dean Smith,appointed_outside_pl,1.4
2020/21,2021-01-20,Aston Villa,Man City,Away,0,2,0,0.6,3.34,Dean Smith,appointed_outside_pl,1.4
2020/21,2021-01-23,Aston Villa,Newcastle,Home,2,0,3,2.6,0.4,Dean Smith,appointed_outside_pl,1.4
2020/21,2021-01-27,Aston Villa,Burnley,Away,2,3,0,2.71,0.72,Dean Smith,appointed_outside_pl,1.4
2020/21,2021-01-30,Aston Villa,Southampton,Away,1,0,3,0.8,2.23,Dean Smith,appointed_outside_pl,1.7
2020/21,2021-02-03,Aston Villa,West Ham,Home,1,3,0,0.74,1.79,Dean Smith,appointed_outside_pl,1.4
2020/21,2021-02-06,Aston Villa,Arsenal,Home,1,0,3,1.2,0.68,Dean Smith,appointed_outside_pl,1.6
2020/21,2021-02-13,Aston Villa,Brighton,Away,0,0,1,0.14,2.33,Dean Smith,appointed_outside_pl,1.4
2020/21,2021-02-21,Aston Villa,Leicester,Home,1,2,0,1.71,1.24,Dean Smith,appointed_outside_pl,1.1
2020/21,2021-02-27,Aston Villa,Leeds,Away,1,0,3,0.88,1.0,Dean Smith,appointed_outside_pl,1.3
2020/21,2021-03-03,Aston Villa,Sheffield United,Away,0,1,0,1.44,0.72,Dean Smith,appointed_outside_pl,1.3
2020/21,2021-03-06,Aston Villa,Wolves,Home,0,0,1,0.96,2.15,Dean Smith,appointed_outside_pl,1.4
2020/21,2021-03-12,Aston Villa,Newcastle,Away,1,1,1,0.75,0.87,Dean Smith,appointed_outside_pl,1.2
2020/21,2021-03-21,Aston Villa,Tottenham,Home,0,2,0,0.44,1.72,Dean Smith,appointed_outside_pl,1.2
2020/21,2021-04-04,Aston Villa,Fulham,Home,3,1,3,1.52,1.52,Dean Smith,appointed_outside_pl,1.2
2020/21,2021-04-10,Aston Villa,Liverpool,Away,1,2,0,0.76,2.15,Dean Smith,appointed_outside_pl,1.2
2020/21,2021-04-21,Aston Villa,Man City,Home,1,2,0,0.8,1.56,Dean Smith,appointed_outside_pl,0.9
2020/21,2021-04-25,Aston Villa,West Brom,Home,2,2,1,2.65,1.57,Dean Smith,appointed_outside_pl,0.9
2020/21,2021-05-01,Aston Villa,Everton,Away,2,1,3,1.59,1.22,Dean Smith,appointed_outside_pl,1.2
2020/21,2021-05-09,Aston Villa,Man United,Home,1,3,0,0.57,1.89,Dean Smith,appointed_outside_pl,0.9
2020/21,2021-05-13,Aston Villa,Everton,Home,0,0,1,0.56,0.98,Dean Smith,appointed_outside_pl,1.0
2020/21,2021-05-16,Aston Villa,Crystal Palace,Away,2,3,0,1.23,1.95,Dean Smith,appointed_outside_pl,0.9
2020/21,2021-05-19,Aston Villa,Tottenham,Away,2,1,3,1.64,0.89,Dean Smith,appointed_outside_pl,1.1
2020/21,2021-05-23,Aston Villa,Chelsea,Home,2,1,3,0.98,3.43,Dean Smith,appointed_outside_pl,1.4
2021/22,2021-08-14,Aston Villa,Watford,Away,2,3,0,1.14,1.35,Dean Smith,appointed_outside_pl,1.1
2021/22,2021-08-21,Aston Villa,Newcastle,Home,2,0,3,1.18,0.63,Dean Smith,appointed_outside_pl,1.4
2021/22,2021-08-28,Aston Villa,Brentford,Home,1,1,1,0.43,1.13,Dean Smith,appointed_outside_pl,1.5
2021/22,2021-09-11,Aston Villa,Chelsea,Away,0,3,0,1.17,1.22,Dean Smith,appointed_outside_pl,1.4
2021/22,2021-09-18,Aston Villa,Everton,Home,3,0,3,0.78,0.76,Dean Smith,appointed_outside_pl,1.4
2021/22,2021-09-25,Aston Villa,Man United,Away,1,0,3,1.57,1.93,Dean Smith,appointed_outside_pl,1.7
2021/22,2021-10-03,Aston Villa,Tottenham,Away,1,2,0,1.07,1.78,Dean Smith,appointed_outside_pl,1.6
2021/22,2021-10-16,Aston Villa,Wolves,Home,2,3,0,1.21,2.2,Dean Smith,appointed_outside_pl,1.6
2021/22,2021-10-22,Aston Villa,Arsenal,Away,1,3,0,1.41,3.5,Dean Smith,appointed_outside_pl,1.3
2021/22,2021-10-31,Aston Villa,West Ham,Home,1,4,0,0.69,2.66,Dean Smith,appointed_outside_pl,1.0
2021/22,2021-11-05,Aston Villa,Southampton,Away,0,1,0,0.54,0.9,Dean Smith,appointed_outside_pl,1.0
2021/22,2021-11-20,Aston Villa,Brighton,Home,2,0,3,1.07,0.58,Steven Gerrard,permanent,1.0
2021/22,2021-11-27,Aston Villa,Crystal Palace,Away,2,1,3,0.45,0.96,Steven Gerrard,permanent,1.2
2021/22,2021-12-01,Aston Villa,Man City,Home,1,2,0,0.77,1.02,Steven Gerrard,permanent,1.2
2021/22,2021-12-05,Aston Villa,Leicester,Home,2,1,3,1.85,0.98,Steven Gerrard,permanent,1.2
2021/22,2021-12-11,Aston Villa,Liverpool,Away,0,1,0,0.14,2.71,Steven Gerrard,permanent,0.9
2021/22,2021-12-14,Aston Villa,Norwich,Away,2,0,3,1.96,0.5,Steven Gerrard,permanent,1.2
2021/22,2021-12-26,Aston Villa,Chelsea,Home,1,3,0,0.47,2.83,Steven Gerrard,permanent,1.2
2021/22,2022-01-02,Aston Villa,Brentford,Away,1,2,0,1.14,0.5,Steven Gerrard,permanent,1.2
2021/22,2022-01-15,Aston Villa,Man United,Home,2,2,1,1.83,1.35,Steven Gerrard,permanent,1.3
2021/22,2022-01-22,Aston Villa,Everton,Away,1,0,3,0.86,1.24,Steven Gerrard,permanent,1.6
2021/22,2022-02-09,Aston Villa,Leeds,Home,3,3,1,1.5,2.53,Steven Gerrard,permanent,1.4
2021/22,2022-02-13,Aston Villa,Newcastle,Away,0,1,0,0.46,0.53,Steven Gerrard,permanent,1.1
2021/22,2022-02-19,Aston Villa,Watford,Home,0,1,0,1.03,1.82,Steven Gerrard,permanent,1.1
2021/22,2022-02-26,Aston Villa,Brighton,Away,2,0,3,1.3,0.63,Steven Gerrard,permanent,1.1
2021/22,2022-03-05,Aston Villa,Southampton,Home,4,0,3,2.85,1.33,Steven Gerrard,permanent,1.4
2021/22,2022-03-10,Aston Villa,Leeds,Away,3,0,3,1.27,0.19,Steven Gerrard,permanent,1.4
2021/22,2022-03-13,Aston Villa,West Ham,Away,1,2,0,1.05,1.58,Steven Gerrard,permanent,1.4
2021/22,2022-03-19,Aston Villa,Arsenal,Home,0,1,0,0.31,1.15,Steven Gerrard,permanent,1.4
2021/22,2022-04-02,Aston Villa,Wolves,Away,1,2,0,1.91,1.62,Steven Gerrard,permanent,1.3
2021/22,2022-04-09,Aston Villa,Tottenham,Home,0,4,0,1.49,0.98,Steven Gerrard,permanent,1.0
2021/22,2022-04-23,Aston Villa,Leicester,Away,0,0,1,0.59,0.24,Steven Gerrard,permanent,1.0
2021/22,2022-04-30,Aston Villa,Norwich,Home,2,0,3,2.31,0.35,Steven Gerrard,permanent,1.3
2021/22,2022-05-07,Aston Villa,Burnley,Away,3,1,3,1.81,1.31,Steven Gerrard,permanent,1.6
2021/22,2022-05-10,Aston Villa,Liverpool,Home,1,2,0,1.45,1.75,Steven Gerrard,permanent,1.3
2021/22,2022-05-15,Aston Villa,Crystal Palace,Home,1,1,1,0.8,1.39,Steven Gerrard,permanent,1.1
2021/22,2022-05-19,Aston Villa,Burnley,Home,1,1,1,1.0,1.63,Steven Gerrard,permanent,0.9
2021/22,2022-05-22,Aston Villa,Man City,Away,2,3,0,0.25,3.32,Steven Gerrard,permanent,0.9
2022/23,2022-08-06,Aston Villa,Bournemouth,Away,0,2,0,0.49,0.59,Steven Gerrard,permanent,0.9
2022/23,2022-08-13,Aston Villa,Everton,Home,2,1,3,2.67,1.38,Steven Gerrard,permanent,1.2
2022/23,2022-08-20,Aston Villa,Crystal Palace,Away,1,3,0,0.8,2.91,Steven Gerrard,permanent,1.2
2022/23,2022-08-28,Aston Villa,West Ham,Home,0,1,0,0.3,0.33,Steven Gerrard,permanent,1.1
2022/23,2022-08-31,Aston Villa,Arsenal,Away,1,2,0,0.3,2.8,Steven Gerrard,permanent,0.8
2022/23,2022-09-03,Aston Villa,Man City,Home,1,1,1,0.28,1.92,Steven Gerrard,permanent,0.6
2022/23,2022-09-16,Aston Villa,Southampton,Home,1,0,3,1.34,0.22,Steven Gerrard,permanent,0.9
2022/23,2022-10-02,Aston Villa,Leeds,Away,0,0,1,1.9,0.3,Steven Gerrard,permanent,0.9
2022/23,2022-10-10,Aston Villa,Nott'm Forest,Away,1,1,1,0.66,0.22,Steven Gerrard,permanent,0.9
2022/23,2022-10-16,Aston Villa,Chelsea,Home,0,2,0,2.45,1.24,Steven Gerrard,permanent,0.9
2022/23,2022-10-20,Aston Villa,Fulham,Away,0,3,0,0.71,2.89,Steven Gerrard,permanent,0.9
2022/23,2022-10-23,Aston Villa,Brentford,Home,4,0,3,3.46,1.0,Aaron Danks,caretaker,0.9
2022/23,2022-10-29,Aston Villa,Newcastle,Away,0,4,0,0.27,4.19,Aaron Danks,caretaker,0.9
2022/23,2022-11-06,Aston Villa,Man United,Home,3,1,3,0.58,0.52,Unai Emery,permanent,1.2
2022/23,2022-11-13,Aston Villa,Brighton,Away,2,1,3,1.15,0.83,Unai Emery,permanent,1.5
2022/23,2022-12-26,Aston Villa,Liverpool,Home,1,3,0,1.69,3.51,Unai Emery,permanent,1.4
2022/23,2023-01-01,Aston Villa,Tottenham,Away,2,0,3,1.22,0.57,Unai Emery,permanent,1.4
2022/23,2023-01-04,Aston Villa,Wolves,Home,1,1,1,1.03,0.83,Unai Emery,permanent,1.4
2022/23,2023-01-13,Aston Villa,Leeds,Home,2,1,3,1.65,2.46,Unai Emery,permanent,1.6
2022/23,2023-01-21,Aston Villa,Southampton,Away,1,0,3,1.16,0.67,Unai Emery,permanent,1.9
2022/23,2023-02-04,Aston Villa,Leicester,Home,2,4,0,1.5,2.5,Unai Emery,permanent,1.9
2022/23,2023-02-12,Aston Villa,Man City,Away,1,3,0,0.28,3.61,Unai Emery,permanent,1.6
2022/23,2023-02-18,Aston Villa,Arsenal,Home,2,4,0,0.34,2.86,Unai Emery,permanent,1.6
2022/23,2023-02-25,Aston Villa,Everton,Away,2,0,3,2.06,1.54,Unai Emery,permanent,1.6
2022/23,2023-03-04,Aston Villa,Crystal Palace,Home,1,0,3,0.89,0.15,Unai Emery,permanent,1.6
2022/23,2023-03-12,Aston Villa,West Ham,Away,1,1,1,1.99,2.15,Unai Emery,permanent,1.7
2022/23,2023-03-18,Aston Villa,Bournemouth,Home,3,0,3,3.45,0.5,Unai Emery,permanent,1.7
2022/23,2023-04-01,Aston Villa,Chelsea,Away,2,0,3,0.77,2.38,Unai Emery,permanent,1.9
2022/23,2023-04-04,Aston Villa,Leicester,Away,2,1,3,1.0,0.67,Unai Emery,permanent,1.9
2022/23,2023-04-08,Aston Villa,Nott'm Forest,Home,2,0,3,1.43,0.23,Unai Emery,permanent,1.9
2022/23,2023-04-15,Aston Villa,Newcastle,Home,3,0,3,1.92,0.43,Unai Emery,permanent,2.2
2022/23,2023-04-22,Aston Villa,Brentford,Away,1,1,1,1.67,2.03,Unai Emery,permanent,2.3
2022/23,2023-04-25,Aston Villa,Fulham,Home,1,0,3,0.84,0.08,Unai Emery,permanent,2.6
2022/23,2023-04-30,Aston Villa,Man United,Away,0,1,0,0.43,1.31,Unai Emery,permanent,2.3
2022/23,2023-05-06,Aston Villa,Wolves,Away,0,1,0,1.5,0.81,Unai Emery,permanent,2.0
2022/23,2023-05-13,Aston Villa,Tottenham,Home,2,1,3,1.8,1.19,Unai Emery,permanent,2.2
2022/23,2023-05-20,Aston Villa,Liverpool,Away,1,1,1,1.47,0.92,Unai Emery,permanent,2.0
2022/23,2023-05-28,Aston Villa,Brighton,Home,2,1,3,2.56,1.23,Unai Emery,permanent,2.0
2023/24,2023-08-12,Aston Villa,Newcastle,Away,1,5,0,1.49,4.32,Unai Emery,permanent,1.7
2023/24,2023-08-20,Aston Villa,Everton,Home,4,0,3,3.24,0.72,Unai Emery,permanent,1.7
2023/24,2023-08-27,Aston Villa,Burnley,Away,3,1,3,2.84,0.63,Unai Emery,permanent,1.7
2023/24,2023-09-03,Aston Villa,Liverpool,Away,0,3,0,0.62,2.73,Unai Emery,permanent,1.6
2023/24,2023-09-16,Aston Villa,Crystal Palace,Home,3,1,3,2.32,1.12,Unai Emery,permanent,1.6
2023/24,2023-09-24,Aston Villa,Chelsea,Away,1,0,3,1.13,1.2,Unai Emery,permanent,1.9
2023/24,2023-09-30,Aston Villa,Brighton,Home,6,1,3,1.91,1.73,Unai Emery,permanent,2.2
2023/24,2023-10-08,Aston Villa,Wolves,Away,1,1,1,1.82,1.76,Unai Emery,permanent,2.0
2023/24,2023-10-22,Aston Villa,West Ham,Home,4,1,3,2.34,0.66,Unai Emery,permanent,2.2
2023/24,2023-10-29,Aston Villa,Luton,Home,3,1,3,3.08,0.45,Unai Emery,permanent,2.2
2023/24,2023-11-05,Aston Villa,Nott'm Forest,Away,0,2,0,1.33,0.59,Unai Emery,permanent,2.2
2023/24,2023-11-12,Aston Villa,Fulham,Home,3,1,3,2.86,0.65,Unai Emery,permanent,2.2
2023/24,2023-11-26,Aston Villa,Tottenham,Away,2,1,3,2.4,2.23,Unai Emery,permanent,2.2
2023/24,2023-12-03,Aston Villa,Bournemouth,Away,2,2,1,0.9,2.55,Unai Emery,permanent,2.3
2023/24,2023-12-06,Aston Villa,Man City,Home,1,0,3,2.19,1.0,Unai Emery,permanent,2.3
2023/24,2023-12-09,Aston Villa,Arsenal,Home,1,0,3,0.63,1.72,Unai Emery,permanent,2.3
2023/24,2023-12-17,Aston Villa,Brentford,Away,2,1,3,1.47,0.8,Unai Emery,permanent,2.3
2023/24,2023-12-22,Aston Villa,Sheffield United,Home,1,1,1,1.22,0.65,Unai Emery,permanent,2.3
2023/24,2023-12-26,Aston Villa,Man United,Away,2,3,0,1.84,1.2,Unai Emery,permanent,2.0
2023/24,2023-12-30,Aston Villa,Burnley,Home,3,2,3,2.93,1.12,Unai Emery,permanent,2.0
2023/24,2024-01-14,Aston Villa,Everton,Away,0,0,1,1.34,1.04,Unai Emery,permanent,2.1
2023/24,2024-01-30,Aston Villa,Newcastle,Home,1,3,0,1.44,3.32,Unai Emery,permanent,1.8
2023/24,2024-02-03,Aston Villa,Sheffield United,Away,5,0,3,2.99,1.53,Unai Emery,permanent,1.8
2023/24,2024-02-11,Aston Villa,Man United,Home,1,2,0,2.65,2.45,Unai Emery,permanent,1.7
2023/24,2024-02-17,Aston Villa,Fulham,Away,2,1,3,1.57,1.42,Unai Emery,permanent,1.7
2023/24,2024-02-24,Aston Villa,Nott'm Forest,Home,4,2,3,3.49,2.26,Unai Emery,permanent,1.7
2023/24,2024-03-02,Aston Villa,Luton,Away,3,2,3,2.09,2.43,Unai Emery,permanent,1.7
2023/24,2024-03-10,Aston Villa,Tottenham,Home,0,4,0,1.23,2.25,Unai Emery,permanent,1.6
2023/24,2024-03-17,Aston Villa,West Ham,Away,1,1,1,0.91,1.33,Unai Emery,permanent,1.7
2023/24,2024-03-30,Aston Villa,Wolves,Home,2,0,3,1.28,1.66,Unai Emery,permanent,1.7
2023/24,2024-04-03,Aston Villa,Man City,Away,1,4,0,1.19,3.88,Unai Emery,permanent,1.6
2023/24,2024-04-06,Aston Villa,Brentford,Home,3,3,1,1.16,1.42,Unai Emery,permanent,1.7
2023/24,2024-04-14,Aston Villa,Arsenal,Away,2,0,3,0.93,1.89,Unai Emery,permanent,1.7
2023/24,2024-04-21,Aston Villa,Bournemouth,Home,3,1,3,2.63,2.05,Unai Emery,permanent,2.0
2023/24,2024-04-27,Aston Villa,Chelsea,Home,2,2,1,0.61,1.56,Unai Emery,permanent,1.8
2023/24,2024-05-05,Aston Villa,Brighton,Away,0,1,0,0.06,2.64,Unai Emery,permanent,1.5
2023/24,2024-05-13,Aston Villa,Liverpool,Home,3,3,1,2.72,1.9,Unai Emery,permanent,1.3
2023/24,2024-05-19,Aston Villa,Crystal Palace,Away,0,5,0,0.6,2.23,Unai Emery,permanent,1.3
2024/25,2024-08-17,Aston Villa,West Ham,Away,2,1,3,2.67,2.8,Unai Emery,permanent,1.5
2024/25,2024-08-24,Aston Villa,Arsenal,Home,0,2,0,1.32,1.41,Unai Emery,permanent,1.2
2024/25,2024-08-31,Aston Villa,Leicester,Away,2,1,3,2.16,0.77,Unai Emery,permanent,1.5
2024/25,2024-09-14,Aston Villa,Everton,Home,3,2,3,3.16,0.85,Unai Emery,permanent,1.7
2024/25,2024-09-21,Aston Villa,Wolves,Home,3,1,3,2.37,0.52,Unai Emery,permanent,1.7
2024/25,2024-09-29,Aston Villa,Ipswich,Away,2,2,1,1.14,1.85,Unai Emery,permanent,1.5
2024/25,2024-10-06,Aston Villa,Man United,Home,0,0,1,0.53,0.45,Unai Emery,permanent,1.5
2024/25,2024-10-19,Aston Villa,Fulham,Away,3,1,3,1.44,2.63,Unai Emery,permanent,1.8
2024/25,2024-10-26,Aston Villa,Bournemouth,Home,1,1,1,1.97,0.33,Unai Emery,permanent,1.8
2024/25,2024-11-03,Aston Villa,Tottenham,Away,1,4,0,2.49,2.1,Unai Emery,permanent,1.8
2024/25,2024-11-09,Aston Villa,Liverpool,Away,0,2,0,1.66,2.68,Unai Emery,permanent,1.5
2024/25,2024-11-23,Aston Villa,Crystal Palace,Home,2,2,1,3.04,1.61,Unai Emery,permanent,1.6
2024/25,2024-12-01,Aston Villa,Chelsea,Away,0,3,0,0.88,1.95,Unai Emery,permanent,1.3
2024/25,2024-12-04,Aston Villa,Brentford,Home,3,1,3,3.22,1.13,Unai Emery,permanent,1.3
2024/25,2024-12-07,Aston Villa,Southampton,Home,1,0,3,2.51,0.39,Unai Emery,permanent,1.3
2024/25,2024-12-14,Aston Villa,Nott'm Forest,Away,1,2,0,0.39,2.29,Unai Emery,permanent,1.2
2024/25,2024-12-21,Aston Villa,Man City,Home,2,1,3,2.06,1.1,Unai Emery,permanent,1.4
2024/25,2024-12-26,Aston Villa,Newcastle,Away,0,3,0,0.23,2.83,Unai Emery,permanent,1.1
2024/25,2024-12-30,Aston Villa,Brighton,Home,2,2,1,1.88,0.94,Unai Emery,permanent,1.1
2024/25,2025-01-04,Aston Villa,Leicester,Home,2,1,3,2.35,0.82,Unai Emery,permanent,1.4
2024/25,2025-01-15,Aston Villa,Everton,Away,1,0,3,1.29,1.23,Unai Emery,permanent,1.7
2024/25,2025-01-18,Aston Villa,Arsenal,Away,2,2,1,1.21,1.64,Unai Emery,permanent,1.7
2024/25,2025-01-26,Aston Villa,West Ham,Home,1,1,1,0.91,1.68,Unai Emery,permanent,1.8
2024/25,2025-02-01,Aston Villa,Wolves,Away,0,2,0,0.74,2.0,Unai Emery,permanent,1.5
2024/25,2025-02-15,Aston Villa,Ipswich,Home,1,1,1,2.9,0.33,Unai Emery,permanent,1.3
2024/25,2025-02-19,Aston Villa,Liverpool,Home,2,2,1,1.02,2.04,Unai Emery,permanent,1.4
2024/25,2025-02-22,Aston Villa,Chelsea,Home,2,1,3,2.69,2.17,Unai Emery,permanent,1.4
2024/25,2025-02-25,Aston Villa,Crystal Palace,Away,1,4,0,0.67,4.03,Unai Emery,permanent,1.4
2024/25,2025-03-08,Aston Villa,Brentford,Away,1,0,3,1.3,0.64,Unai Emery,permanent,1.6
2024/25,2025-04-02,Aston Villa,Brighton,Away,3,0,3,1.21,0.56,Unai Emery,permanent,1.6
2024/25,2025-04-05,Aston Villa,Nott'm Forest,Home,2,1,3,2.63,0.97,Unai Emery,permanent,1.6
2024/25,2025-04-12,Aston Villa,Southampton,Away,3,0,3,3.0,0.41,Unai Emery,permanent,1.8
2024/25,2025-04-19,Aston Villa,Newcastle,Home,4,1,3,3.05,1.27,Unai Emery,permanent,2.0
2024/25,2025-04-22,Aston Villa,Man City,Away,1,2,0,1.86,1.36,Unai Emery,permanent,2.0
2024/25,2025-05-03,Aston Villa,Fulham,Home,1,0,3,1.29,0.7,Unai Emery,permanent,2.2
2024/25,2025-05-10,Aston Villa,Bournemouth,Away,1,0,3,1.12,1.02,Unai Emery,permanent,2.4
2024/25,2025-05-16,Aston Villa,Tottenham,Home,2,0,3,1.69,0.52,Unai Emery,permanent,2.4
2024/25,2025-05-25,Aston Villa,Man United,Away,0,2,0,0.34,2.96,Unai Emery,permanent,2.4
2025/26,2025-08-16,Aston Villa,Newcastle,Home,0,0,1,0.32,1.4,Unai Emery,permanent,2.2
2025/26,2025-08-23,Aston Villa,Brentford,Away,0,1,0,0.98,1.13,Unai Emery,permanent,1.9
2025/26,2025-08-31,Aston Villa,Crystal Palace,Home,0,3,0,1.21,2.6,Unai Emery,permanent,1.6
2025/26,2025-09-13,Aston Villa,Everton,Away,0,0,1,0.35,1.89,Unai Emery,permanent,1.4
2025/26,2025-09-21,Aston Villa,Sunderland,Away,1,1,1,0.94,0.94,Unai Emery,permanent,1.2
2025/26,2025-09-28,Aston Villa,Fulham,Home,3,1,3,1.37,0.95,Unai Emery,permanent,1.5
2025/26,2025-10-05,Aston Villa,Burnley,Home,2,1,3,1.74,0.5,Unai Emery,permanent,1.5
2025/26,2025-10-19,Aston Villa,Tottenham,Away,2,1,3,0.35,1.51,Unai Emery,permanent,1.5
2025/26,2025-10-26,Aston Villa,Man City,Home,1,0,3,0.84,1.37,Unai Emery,permanent,1.5
2025/26,2025-11-01,Aston Villa,Liverpool,Away,0,2,0,0.44,1.47,Unai Emery,permanent,1.5
2025/26,2025-11-09,Aston Villa,Bournemouth,Home,4,0,3,1.88,2.01,Unai Emery,permanent,1.7
2025/26,2025-11-23,Aston Villa,Leeds,Away,2,1,3,1.36,1.85,Unai Emery,permanent,2.0
2025/26,2025-11-30,Aston Villa,Wolves,Home,1,0,3,1.15,0.69,Unai Emery,permanent,2.3
2025/26,2025-12-03,Aston Villa,Brighton,Away,4,3,3,3.16,1.96,Unai Emery,permanent,2.5
2025/26,2025-12-06,Aston Villa,Arsenal,Home,2,1,3,2.72,1.86,Unai Emery,permanent,2.7
2025/26,2025-12-14,Aston Villa,West Ham,Away,3,2,3,0.6,1.28,Unai Emery,permanent,2.7
2025/26,2025-12-21,Aston Villa,Man United,Home,2,1,3,1.87,1.3,Unai Emery,permanent,2.7
2025/26,2025-12-27,Aston Villa,Chelsea,Away,2,1,3,2.06,1.97,Unai Emery,permanent,2.7
2025/26,2025-12-30,Aston Villa,Arsenal,Away,1,4,0,2.94,4.41,Unai Emery,permanent,2.4
2025/26,2026-01-03,Aston Villa,Nott'm Forest,Home,3,1,3,1.43,0.9,Unai Emery,permanent,2.7
2025/26,2026-01-07,Aston Villa,Crystal Palace,Away,0,0,1,2.07,1.33,Unai Emery,permanent,2.5
2025/26,2026-01-18,Aston Villa,Everton,Home,0,1,0,0.91,0.75,Unai Emery,permanent,2.2
2025/26,2026-01-25,Aston Villa,Newcastle,Away,2,0,3,1.32,1.95,Unai Emery,permanent,2.2
2025/26,2026-02-01,Aston Villa,Brentford,Home,0,1,0,2.15,0.31,Unai Emery,permanent,1.9
2025/26,2026-02-07,Aston Villa,Bournemouth,Away,1,1,1,0.65,1.83,Unai Emery,permanent,1.7
2025/26,2026-02-11,Aston Villa,Brighton,Home,1,0,3,0.58,0.48,Unai Emery,permanent,1.7
2025/26,2026-02-21,Aston Villa,Leeds,Home,1,1,1,1.25,1.28,Unai Emery,permanent,1.5
2025/26,2026-02-27,Aston Villa,Wolves,Away,0,2,0,1.31,1.51,Unai Emery,permanent,1.2
2025/26,2026-03-04,Aston Villa,Chelsea,Home,1,4,0,1.07,3.39,Unai Emery,permanent,1.2
2025/26,2026-03-15,Aston Villa,Man United,Away,1,3,0,1.21,1.68,Unai Emery,permanent,0.9
2025/26,2026-03-22,Aston Villa,West Ham,Home,2,0,3,2.49,0.76,Unai Emery,permanent,1.1
2025/26,2026-04-12,Aston Villa,Nott'm Forest,Away,1,1,1,1.36,0.85,Unai Emery,permanent,1.2
2025/26,2026-04-19,Aston Villa,Sunderland,Home,4,3,3,3.9,1.56,Unai Emery,permanent,1.2
2025/26,2026-04-25,Aston Villa,Fulham,Away,0,1,0,0.91,1.24,Unai Emery,permanent,1.2
2025/26,2026-05-03,Aston Villa,Tottenham,Home,1,2,0,0.61,1.12,Unai Emery,permanent,1.1
2025/26,2026-05-10,Aston Villa,Burnley,Away,2,2,1,1.75,1.71,Unai Emery,permanent,0.9
2025/26,2026-05-15,Aston Villa,Liverpool,Home,4,2,3,2.53,1.55,Unai Emery,permanent,1.1
2025/26,2026-05-24,Aston Villa,Man City,Away,2,1,3,2.44,1.38,Unai Emery,permanent,1.4
2015/16,2015-08-08,Bournemouth,Aston Villa,Home,0,1,0,0.88,0.78,Eddie Howe,first spell in data,
2015/16,2015-08-17,Bournemouth,Liverpool,Away,0,1,0,0.46,2.15,Eddie Howe,first spell in data,
2015/16,2015-08-22,Bournemouth,West Ham,Away,4,3,3,2.86,1.5,Eddie Howe,first spell in data,
2015/16,2015-08-29,Bournemouth,Leicester,Home,1,1,1,0.32,0.92,Eddie Howe,first spell in data,
2015/16,2015-09-12,Bournemouth,Norwich,Away,1,3,0,0.39,1.33,Eddie Howe,first spell in data,
2015/16,2015-09-19,Bournemouth,Sunderland,Home,2,0,3,0.64,0.85,Eddie Howe,first spell in data,
2015/16,2015-09-26,Bournemouth,Stoke,Away,1,2,0,0.87,1.94,Eddie Howe,first spell in data,
2015/16,2015-10-03,Bournemouth,Watford,Home,1,1,1,1.5,0.91,Eddie Howe,first spell in data,
2015/16,2015-10-17,Bournemouth,Man City,Away,1,5,0,0.17,4.71,Eddie Howe,first spell in data,
2015/16,2015-10-25,Bournemouth,Tottenham,Home,1,5,0,0.49,3.43,Eddie Howe,first spell in data,0.8
2015/16,2015-11-01,Bournemouth,Southampton,Away,0,2,0,0.71,1.16,Eddie Howe,first spell in data,0.8
2015/16,2015-11-07,Bournemouth,Newcastle,Home,0,1,0,1.0,0.5,Eddie Howe,first spell in data,0.8
2015/16,2015-11-21,Bournemouth,Swansea,Away,2,2,1,1.59,1.89,Eddie Howe,first spell in data,0.6
2015/16,2015-11-28,Bournemouth,Everton,Home,3,3,1,1.69,0.73,Eddie Howe,first spell in data,0.6
2015/16,2015-12-05,Bournemouth,Chelsea,Away,1,0,3,1.26,1.67,Eddie Howe,first spell in data,0.9
2015/16,2015-12-12,Bournemouth,Man United,Home,2,1,3,1.05,1.97,Eddie Howe,first spell in data,0.9
2015/16,2015-12-19,Bournemouth,West Brom,Away,2,1,3,1.89,0.7,Eddie Howe,first spell in data,1.2
2015/16,2015-12-26,Bournemouth,Crystal Palace,Home,0,0,1,0.87,0.41,Eddie Howe,first spell in data,1.2
2015/16,2015-12-28,Bournemouth,Arsenal,Away,0,2,0,0.34,3.13,Eddie Howe,first spell in data,1.2
2015/16,2016-01-02,Bournemouth,Leicester,Away,0,0,1,1.26,2.29,Eddie Howe,first spell in data,1.3
2015/16,2016-01-12,Bournemouth,West Ham,Home,1,3,0,0.73,1.18,Eddie Howe,first spell in data,1.3
2015/16,2016-01-16,Bournemouth,Norwich,Home,3,0,3,2.53,0.6,Eddie Howe,first spell in data,1.6
2015/16,2016-01-23,Bournemouth,Sunderland,Away,1,1,1,1.27,0.61,Eddie Howe,first spell in data,1.6
2015/16,2016-02-02,Bournemouth,Crystal Palace,Away,2,1,3,1.17,1.62,Eddie Howe,first spell in data,1.8
2015/16,2016-02-07,Bournemouth,Arsenal,Home,0,2,0,0.58,1.14,Eddie Howe,first spell in data,1.5
2015/16,2016-02-13,Bournemouth,Stoke,Home,1,3,0,1.19,0.93,Eddie Howe,first spell in data,1.2
2015/16,2016-02-27,Bournemouth,Watford,Away,0,0,1,0.96,1.0,Eddie Howe,first spell in data,1.0
2015/16,2016-03-01,Bournemouth,Southampton,Home,2,0,3,1.41,0.95,Eddie Howe,first spell in data,1.2
2015/16,2016-03-05,Bournemouth,Newcastle,Away,3,1,3,1.27,0.83,Eddie Howe,first spell in data,1.5
2015/16,2016-03-12,Bournemouth,Swansea,Home,3,2,3,0.71,1.1,Eddie Howe,first spell in data,1.7
2015/16,2016-03-20,Bournemouth,Tottenham,Away,0,3,0,0.12,2.03,Eddie Howe,first spell in data,1.7
2015/16,2016-04-02,Bournemouth,Man City,Home,0,4,0,1.32,0.87,Eddie Howe,first spell in data,1.4
2015/16,2016-04-09,Bournemouth,Aston Villa,Away,2,1,3,1.0,0.22,Eddie Howe,first spell in data,1.6
2015/16,2016-04-17,Bournemouth,Liverpool,Home,1,2,0,0.86,1.81,Eddie Howe,first spell in data,1.3
2015/16,2016-04-23,Bournemouth,Chelsea,Home,1,4,0,0.58,2.07,Eddie Howe,first spell in data,1.3
2015/16,2016-04-30,Bournemouth,Everton,Away,1,2,0,1.43,0.95,Eddie Howe,first spell in data,1.3
2015/16,2016-05-07,Bournemouth,West Brom,Home,1,1,1,0.81,1.34,Eddie Howe,first spell in data,1.3
2015/16,2016-05-17,Bournemouth,Man United,Away,1,3,0,0.5,1.72,Eddie Howe,first spell in data,1.0
2016/17,2016-08-14,Bournemouth,Man United,Home,1,3,0,0.52,1.91,Eddie Howe,first spell in data,0.7
2016/17,2016-08-21,Bournemouth,West Ham,Away,0,1,0,0.39,1.69,Eddie Howe,first spell in data,0.4
2016/17,2016-08-27,Bournemouth,Crystal Palace,Away,1,1,1,0.97,2.66,Eddie Howe,first spell in data,0.5
2016/17,2016-09-10,Bournemouth,West Brom,Home,1,0,3,0.99,1.48,Eddie Howe,first spell in data,0.8
2016/17,2016-09-17,Bournemouth,Man City,Away,0,4,0,0.39,3.39,Eddie Howe,first spell in data,0.5
2016/17,2016-09-24,Bournemouth,Everton,Home,1,0,3,0.69,1.16,Eddie Howe,first spell in data,0.8
2016/17,2016-10-01,Bournemouth,Watford,Away,2,2,1,1.35,1.23,Eddie Howe,first spell in data,0.9
2016/17,2016-10-15,Bournemouth,Hull,Home,6,1,3,2.93,0.39,Eddie Howe,first spell in data,1.2
2016/17,2016-10-22,Bournemouth,Tottenham,Home,0,0,1,0.52,0.75,Eddie Howe,first spell in data,1.2
2016/17,2016-10-29,Bournemouth,Middlesbrough,Away,0,2,0,1.55,1.44,Eddie Howe,first spell in data,1.2
2016/17,2016-11-05,Bournemouth,Sunderland,Home,1,2,0,2.65,1.14,Eddie Howe,first spell in data,1.2
2016/17,2016-11-19,Bournemouth,Stoke,Away,1,0,3,1.24,1.6,Eddie Howe,first spell in data,1.5
2016/17,2016-11-27,Bournemouth,Arsenal,Away,1,3,0,2.05,2.87,Eddie Howe,first spell in data,1.4
2016/17,2016-12-04,Bournemouth,Liverpool,Home,4,3,3,2.54,1.27,Eddie Howe,first spell in data,1.4
2016/17,2016-12-10,Bournemouth,Burnley,Away,2,3,0,1.0,2.15,Eddie Howe,first spell in data,1.4
2016/17,2016-12-13,Bournemouth,Leicester,Home,1,0,3,0.64,1.68,Eddie Howe,first spell in data,1.4
2016/17,2016-12-18,Bournemouth,Southampton,Home,1,3,0,0.49,1.69,Eddie Howe,first spell in data,1.3
2016/17,2016-12-26,Bournemouth,Chelsea,Away,0,3,0,0.65,1.71,Eddie Howe,first spell in data,1.0
2016/17,2016-12-31,Bournemouth,Swansea,Away,3,0,3,2.44,0.52,Eddie Howe,first spell in data,1.2
2016/17,2017-01-03,Bournemouth,Arsenal,Home,3,3,1,1.56,1.13,Eddie Howe,first spell in data,1.3
2016/17,2017-01-14,Bournemouth,Hull,Away,1,3,0,1.43,1.19,Eddie Howe,first spell in data,1.3
2016/17,2017-01-21,Bournemouth,Watford,Home,2,2,1,1.15,1.09,Eddie Howe,first spell in data,1.1
2016/17,2017-01-31,Bournemouth,Crystal Palace,Home,0,2,0,0.32,1.61,Eddie Howe,first spell in data,1.1
2016/17,2017-02-04,Bournemouth,Everton,Away,3,6,0,2.15,2.76,Eddie Howe,first spell in data,0.8
2016/17,2017-02-13,Bournemouth,Man City,Home,0,2,0,0.15,2.95,Eddie Howe,first spell in data,0.8
2016/17,2017-02-25,Bournemouth,West Brom,Away,1,2,0,1.23,1.61,Eddie Howe,first spell in data,0.5
2016/17,2017-03-04,Bournemouth,Man United,Away,1,1,1,0.82,2.54,Eddie Howe,first spell in data,0.6
2016/17,2017-03-11,Bournemouth,West Ham,Home,3,2,3,3.68,1.25,Eddie Howe,first spell in data,0.9
2016/17,2017-03-18,Bournemouth,Swansea,Home,2,0,3,1.01,0.38,Eddie Howe,first spell in data,0.9
2016/17,2017-04-01,Bournemouth,Southampton,Away,0,0,1,2.06,1.0,Eddie Howe,first spell in data,0.9
2016/17,2017-04-05,Bournemouth,Liverpool,Away,2,2,1,1.31,2.17,Eddie Howe,first spell in data,1.0
2016/17,2017-04-08,Bournemouth,Chelsea,Home,1,3,0,0.38,1.52,Eddie Howe,first spell in data,0.9
2016/17,2017-04-15,Bournemouth,Tottenham,Away,0,4,0,0.21,3.29,Eddie Howe,first spell in data,0.9
2016/17,2017-04-22,Bournemouth,Middlesbrough,Home,4,0,3,3.28,0.21,Eddie Howe,first spell in data,1.2
2016/17,2017-04-29,Bournemouth,Sunderland,Away,1,0,3,1.53,1.67,Eddie Howe,first spell in data,1.5
2016/17,2017-05-06,Bournemouth,Stoke,Home,2,2,1,1.31,2.3,Eddie Howe,first spell in data,1.6
2016/17,2017-05-13,Bournemouth,Burnley,Home,2,1,3,1.55,1.15,Eddie Howe,first spell in data,1.8
2016/17,2017-05-21,Bournemouth,Leicester,Away,1,1,1,0.87,2.45,Eddie Howe,first spell in data,1.6
2017/18,2017-08-12,Bournemouth,West Brom,Away,0,1,0,0.38,1.18,Eddie Howe,first spell in data,1.3
2017/18,2017-08-19,Bournemouth,Watford,Home,0,2,0,0.77,2.18,Eddie Howe,first spell in data,1.2
2017/18,2017-08-26,Bournemouth,Man City,Home,1,2,0,0.42,1.77,Eddie Howe,first spell in data,1.1
2017/18,2017-09-09,Bournemouth,Arsenal,Away,0,3,0,0.58,2.49,Eddie Howe,first spell in data,1.1
2017/18,2017-09-15,Bournemouth,Brighton,Home,2,1,3,1.4,0.87,Eddie Howe,first spell in data,1.4
2017/18,2017-09-23,Bournemouth,Everton,Away,1,2,0,0.38,2.21,Eddie Howe,first spell in data,1.1
2017/18,2017-09-30,Bournemouth,Leicester,Home,0,0,1,1.4,0.59,Eddie Howe,first spell in data,0.9
2017/18,2017-10-14,Bournemouth,Tottenham,Away,0,1,0,0.18,1.96,Eddie Howe,first spell in data,0.8
2017/18,2017-10-21,Bournemouth,Stoke,Away,2,1,3,1.12,1.6,Eddie Howe,first spell in data,0.8
2017/18,2017-10-28,Bournemouth,Chelsea,Home,0,1,0,0.46,1.78,Eddie Howe,first spell in data,0.7
2017/18,2017-11-04,Bournemouth,Newcastle,Away,1,0,3,1.29,0.68,Eddie Howe,first spell in data,1.0
2017/18,2017-11-18,Bournemouth,Huddersfield,Home,4,0,3,1.39,1.16,Eddie Howe,first spell in data,1.3
2017/18,2017-11-25,Bournemouth,Swansea,Away,0,0,1,0.45,0.88,Eddie Howe,first spell in data,1.4
2017/18,2017-11-29,Bournemouth,Burnley,Home,1,2,0,0.92,1.09,Eddie Howe,first spell in data,1.4
2017/18,2017-12-03,Bournemouth,Southampton,Home,1,1,1,1.11,1.0,Eddie Howe,first spell in data,1.2
2017/18,2017-12-09,Bournemouth,Crystal Palace,Away,2,2,1,0.96,4.61,Eddie Howe,first spell in data,1.3
2017/18,2017-12-13,Bournemouth,Man United,Away,0,1,0,0.82,1.24,Eddie Howe,first spell in data,1.2
2017/18,2017-12-17,Bournemouth,Liverpool,Home,0,4,0,0.54,3.25,Eddie Howe,first spell in data,1.2
2017/18,2017-12-23,Bournemouth,Man City,Away,0,4,0,0.33,1.56,Eddie Howe,first spell in data,0.9
2017/18,2017-12-26,Bournemouth,West Ham,Home,3,3,1,2.85,1.88,Eddie Howe,first spell in data,1.0
2017/18,2017-12-30,Bournemouth,Everton,Home,2,1,3,1.4,0.6,Eddie Howe,first spell in data,1.0
2017/18,2018-01-01,Bournemouth,Brighton,Away,2,2,1,1.28,2.37,Eddie Howe,first spell in data,0.8
2017/18,2018-01-14,Bournemouth,Arsenal,Home,2,1,3,0.82,1.01,Eddie Howe,first spell in data,1.0
2017/18,2018-01-20,Bournemouth,West Ham,Away,1,1,1,0.5,0.98,Eddie Howe,first spell in data,1.1
2017/18,2018-01-31,Bournemouth,Chelsea,Away,3,0,3,1.42,1.15,Eddie Howe,first spell in data,1.3
2017/18,2018-02-03,Bournemouth,Stoke,Home,2,1,3,1.91,0.72,Eddie Howe,first spell in data,1.5
2017/18,2018-02-11,Bournemouth,Huddersfield,Away,1,4,0,0.43,2.57,Eddie Howe,first spell in data,1.5
2017/18,2018-02-24,Bournemouth,Newcastle,Home,2,2,1,1.21,4.24,Eddie Howe,first spell in data,1.6
2017/18,2018-03-03,Bournemouth,Leicester,Away,1,1,1,1.4,2.98,Eddie Howe,first spell in data,1.7
2017/18,2018-03-11,Bournemouth,Tottenham,Home,1,4,0,1.17,2.53,Eddie Howe,first spell in data,1.6
2017/18,2018-03-17,Bournemouth,West Brom,Home,2,1,3,0.69,1.74,Eddie Howe,first spell in data,1.6
2017/18,2018-03-31,Bournemouth,Watford,Away,2,2,1,2.11,0.76,Eddie Howe,first spell in data,1.6
2017/18,2018-04-07,Bournemouth,Crystal Palace,Home,2,2,1,2.09,1.15,Eddie Howe,first spell in data,1.4
2017/18,2018-04-14,Bournemouth,Liverpool,Away,0,3,0,0.54,2.64,Eddie Howe,first spell in data,1.3
2017/18,2018-04-18,Bournemouth,Man United,Home,0,2,0,1.18,1.62,Eddie Howe,first spell in data,1.0
2017/18,2018-04-28,Bournemouth,Southampton,Away,1,2,0,1.02,1.73,Eddie Howe,first spell in data,0.7
2017/18,2018-05-05,Bournemouth,Swansea,Home,1,0,3,1.7,1.01,Eddie Howe,first spell in data,1.0
2017/18,2018-05-13,Bournemouth,Burnley,Away,2,1,3,1.39,1.16,Eddie Howe,first spell in data,1.2
2018/19,2018-08-11,Bournemouth,Cardiff,Home,2,0,3,2.6,1.51,Eddie Howe,first spell in data,1.4
2018/19,2018-08-18,Bournemouth,West Ham,Away,2,1,3,1.69,1.1,Eddie Howe,first spell in data,1.7
2018/19,2018-08-25,Bournemouth,Everton,Home,2,2,1,2.59,0.54,Eddie Howe,first spell in data,1.5
2018/19,2018-09-01,Bournemouth,Chelsea,Away,0,2,0,0.95,1.16,Eddie Howe,first spell in data,1.4
2018/19,2018-09-15,Bournemouth,Leicester,Home,4,2,3,2.23,1.83,Eddie Howe,first spell in data,1.6
2018/19,2018-09-22,Bournemouth,Burnley,Away,0,4,0,0.98,2.29,Eddie Howe,first spell in data,1.6
2018/19,2018-10-01,Bournemouth,Crystal Palace,Home,2,1,3,1.97,0.39,Eddie Howe,first spell in data,1.9
2018/19,2018-10-06,Bournemouth,Watford,Away,4,0,3,3.28,1.07,Eddie Howe,first spell in data,2.2
2018/19,2018-10-20,Bournemouth,Southampton,Home,0,0,1,0.84,0.59,Eddie Howe,first spell in data,2.0
2018/19,2018-10-27,Bournemouth,Fulham,Away,3,0,3,2.11,0.38,Eddie Howe,first spell in data,2.0
2018/19,2018-11-03,Bournemouth,Man United,Home,1,2,0,1.93,3.29,Eddie Howe,first spell in data,1.7
2018/19,2018-11-10,Bournemouth,Newcastle,Away,1,2,0,1.92,2.58,Eddie Howe,first spell in data,1.4
2018/19,2018-11-25,Bournemouth,Arsenal,Home,1,2,0,0.65,1.71,Eddie Howe,first spell in data,1.3
2018/19,2018-12-01,Bournemouth,Man City,Away,1,3,0,0.72,2.84,Eddie Howe,first spell in data,1.3
2018/19,2018-12-04,Bournemouth,Huddersfield,Home,2,1,3,1.07,1.56,Eddie Howe,first spell in data,1.3
2018/19,2018-12-08,Bournemouth,Liverpool,Home,0,4,0,0.28,1.81,Eddie Howe,first spell in data,1.3
2018/19,2018-12-15,Bournemouth,Wolves,Away,0,2,0,0.53,2.02,Eddie Howe,first spell in data,1.0
2018/19,2018-12-22,Bournemouth,Brighton,Home,2,0,3,0.89,0.83,Eddie Howe,first spell in data,1.0
2018/19,2018-12-26,Bournemouth,Tottenham,Away,0,5,0,1.22,2.23,Eddie Howe,first spell in data,0.9
2018/19,2018-12-30,Bournemouth,Man United,Away,1,4,0,0.71,3.42,Eddie Howe,first spell in data,0.6
2018/19,2019-01-02,Bournemouth,Watford,Home,3,3,1,2.85,0.98,Eddie Howe,first spell in data,0.7
2018/19,2019-01-13,Bournemouth,Everton,Away,0,2,0,1.53,1.78,Eddie Howe,first spell in data,0.7
2018/19,2019-01-19,Bournemouth,West Ham,Home,2,0,3,1.25,0.97,Eddie Howe,first spell in data,1.0
2018/19,2019-01-30,Bournemouth,Chelsea,Home,4,0,3,2.15,0.72,Eddie Howe,first spell in data,1.3
2018/19,2019-02-02,Bournemouth,Cardiff,Away,0,2,0,0.35,2.53,Eddie Howe,first spell in data,1.0
2018/19,2019-02-09,Bournemouth,Liverpool,Away,0,3,0,0.39,2.53,Eddie Howe,first spell in data,1.0
2018/19,2019-02-23,Bournemouth,Wolves,Home,1,1,1,2.13,1.2,Eddie Howe,first spell in data,1.1
2018/19,2019-02-27,Bournemouth,Arsenal,Away,1,5,0,0.89,3.19,Eddie Howe,first spell in data,0.8
2018/19,2019-03-02,Bournemouth,Man City,Home,0,1,0,0.0,1.6,Eddie Howe,first spell in data,0.8
2018/19,2019-03-09,Bournemouth,Huddersfield,Away,2,0,3,2.16,0.34,Eddie Howe,first spell in data,1.1
2018/19,2019-03-16,Bournemouth,Newcastle,Home,2,2,1,1.62,1.03,Eddie Howe,first spell in data,1.1
2018/19,2019-03-30,Bournemouth,Leicester,Away,0,2,0,0.79,1.89,Eddie Howe,first spell in data,1.1
2018/19,2019-04-06,Bournemouth,Burnley,Home,1,3,0,1.21,1.39,Eddie Howe,first spell in data,0.8
2018/19,2019-04-13,Bournemouth,Brighton,Away,5,0,3,2.77,0.21,Eddie Howe,first spell in data,0.8
2018/19,2019-04-20,Bournemouth,Fulham,Home,0,1,0,2.84,2.62,Eddie Howe,first spell in data,0.8
2018/19,2019-04-27,Bournemouth,Southampton,Away,3,3,1,2.62,2.74,Eddie Howe,first spell in data,0.9
2018/19,2019-05-04,Bournemouth,Tottenham,Home,1,0,3,2.23,0.71,Eddie Howe,first spell in data,1.1
2018/19,2019-05-12,Bournemouth,Crystal Palace,Away,3,5,0,1.9,2.86,Eddie Howe,first spell in data,1.1
2019/20,2019-08-10,Bournemouth,Sheffield United,Home,1,1,1,1.34,1.6,Eddie Howe,first spell in data,1.2
2019/20,2019-08-17,Bournemouth,Aston Villa,Away,2,1,3,1.63,1.65,Eddie Howe,first spell in data,1.2
2019/20,2019-08-25,Bournemouth,Man City,Home,1,3,0,1.89,3.13,Eddie Howe,first spell in data,1.1
2019/20,2019-08-31,Bournemouth,Leicester,Away,1,3,0,0.55,2.24,Eddie Howe,first spell in data,1.1
2019/20,2019-09-15,Bournemouth,Everton,Home,3,1,3,1.42,1.51,Eddie Howe,first spell in data,1.4
2019/20,2019-09-20,Bournemouth,Southampton,Away,3,1,3,1.3,2.18,Eddie Howe,first spell in data,1.4
2019/20,2019-09-28,Bournemouth,West Ham,Home,2,2,1,2.32,1.3,Eddie Howe,first spell in data,1.5
2019/20,2019-10-06,Bournemouth,Arsenal,Away,0,1,0,0.68,1.24,Eddie Howe,first spell in data,1.4
2019/20,2019-10-19,Bournemouth,Norwich,Home,0,0,1,0.68,0.4,Eddie Howe,first spell in data,1.2
2019/20,2019-10-26,Bournemouth,Watford,Away,0,0,1,0.9,0.67,Eddie Howe,first spell in data,1.3
2019/20,2019-11-02,Bournemouth,Man United,Home,1,0,3,1.87,0.64,Eddie Howe,first spell in data,1.5
2019/20,2019-11-09,Bournemouth,Newcastle,Away,1,2,0,1.92,2.33,Eddie Howe,first spell in data,1.2
2019/20,2019-11-23,Bournemouth,Wolves,Home,1,2,0,0.85,1.28,Eddie Howe,first spell in data,1.2
2019/20,2019-11-30,Bournemouth,Tottenham,Away,2,3,0,1.03,2.93,Eddie Howe,first spell in data,1.2
2019/20,2019-12-03,Bournemouth,Crystal Palace,Away,0,1,0,0.34,0.38,Eddie Howe,first spell in data,0.9
2019/20,2019-12-07,Bournemouth,Liverpool,Home,0,3,0,0.15,3.04,Eddie Howe,first spell in data,0.6
2019/20,2019-12-14,Bournemouth,Chelsea,Away,1,0,3,1.21,2.02,Eddie Howe,first spell in data,0.8
2019/20,2019-12-21,Bournemouth,Burnley,Home,0,1,0,0.14,0.14,Eddie Howe,first spell in data,0.8
2019/20,2019-12-26,Bournemouth,Arsenal,Home,1,1,1,1.55,1.42,Eddie Howe,first spell in data,0.8
2019/20,2019-12-28,Bournemouth,Brighton,Away,0,2,0,0.5,1.06,Eddie Howe,first spell in data,0.7
2019/20,2020-01-01,Bournemouth,West Ham,Away,0,4,0,0.72,2.33,Eddie Howe,first spell in data,0.4
2019/20,2020-01-12,Bournemouth,Watford,Home,0,3,0,0.32,2.3,Eddie Howe,first spell in data,0.4
2019/20,2020-01-18,Bournemouth,Norwich,Away,0,1,0,0.56,1.76,Eddie Howe,first spell in data,0.4
2019/20,2020-01-21,Bournemouth,Brighton,Home,3,1,3,1.92,1.97,Eddie Howe,first spell in data,0.7
2019/20,2020-02-01,Bournemouth,Aston Villa,Home,2,1,3,2.72,1.41,Eddie Howe,first spell in data,1.0
2019/20,2020-02-09,Bournemouth,Sheffield United,Away,1,2,0,1.07,2.04,Eddie Howe,first spell in data,1.0
2019/20,2020-02-22,Bournemouth,Burnley,Away,0,3,0,1.76,3.1,Eddie Howe,first spell in data,0.7
2019/20,2020-02-29,Bournemouth,Chelsea,Home,2,2,1,1.58,1.98,Eddie Howe,first spell in data,0.8
2019/20,2020-03-07,Bournemouth,Liverpool,Away,1,2,0,1.3,1.89,Eddie Howe,first spell in data,0.7
2019/20,2020-06-20,Bournemouth,Crystal Palace,Home,0,2,0,0.36,0.79,Eddie Howe,first spell in data,0.7
2019/20,2020-06-24,Bournemouth,Wolves,Away,0,1,0,0.06,0.72,Eddie Howe,first spell in data,0.7
2019/20,2020-07-01,Bournemouth,Newcastle,Home,1,4,0,1.28,2.23,Eddie Howe,first spell in data,0.7
2019/20,2020-07-04,Bournemouth,Man United,Away,2,5,0,1.52,2.63,Eddie Howe,first spell in data,0.7
2019/20,2020-07-09,Bournemouth,Tottenham,Home,0,0,1,0.96,0.48,Eddie Howe,first spell in data,0.5
2019/20,2020-07-12,Bournemouth,Leicester,Home,4,1,3,2.54,1.66,Eddie Howe,first spell in data,0.5
2019/20,2020-07-15,Bournemouth,Man City,Away,1,2,0,1.67,0.83,Eddie Howe,first spell in data,0.5
2019/20,2020-07-19,Bournemouth,Southampton,Home,0,2,0,0.58,2.25,Eddie Howe,first spell in data,0.5
2019/20,2020-07-26,Bournemouth,Everton,Away,3,1,3,1.46,1.75,Eddie Howe,first spell in data,0.7
2022/23,2022-08-06,Bournemouth,Aston Villa,Home,2,0,3,0.59,0.49,Scott Parker,caretaker,1.0
2022/23,2022-08-13,Bournemouth,Man City,Away,0,4,0,0.12,1.69,Scott Parker,caretaker,1.0
2022/23,2022-08-20,Bournemouth,Arsenal,Home,0,3,0,0.21,1.71,Scott Parker,caretaker,1.0
2022/23,2022-08-27,Bournemouth,Liverpool,Away,0,9,0,0.18,4.86,Scott Parker,caretaker,1.0
2022/23,2022-08-31,Bournemouth,Wolves,Home,0,0,1,0.36,1.53,Gary O'Neil,permanent,1.1
2022/23,2022-09-03,Bournemouth,Nott'm Forest,Away,3,2,3,0.91,1.33,Gary O'Neil,permanent,1.3
2022/23,2022-09-17,Bournemouth,Newcastle,Away,1,1,1,0.98,1.55,Gary O'Neil,permanent,1.1
2022/23,2022-10-01,Bournemouth,Brentford,Home,0,0,1,0.76,1.05,Gary O'Neil,permanent,1.2
2022/23,2022-10-08,Bournemouth,Leicester,Home,2,1,3,1.15,1.18,Gary O'Neil,permanent,1.5
2022/23,2022-10-15,Bournemouth,Fulham,Away,2,2,1,1.63,1.62,Gary O'Neil,permanent,1.3
2022/23,2022-10-19,Bournemouth,Southampton,Home,0,1,0,0.81,1.24,Gary O'Neil,permanent,1.0
2022/23,2022-10-24,Bournemouth,West Ham,Away,0,2,0,0.73,1.98,Gary O'Neil,permanent,1.0
2022/23,2022-10-29,Bournemouth,Tottenham,Home,2,3,0,0.89,2.19,Gary O'Neil,permanent,1.0
2022/23,2022-11-05,Bournemouth,Leeds,Away,3,4,0,1.56,2.23,Gary O'Neil,permanent,1.0
2022/23,2022-11-12,Bournemouth,Everton,Home,3,0,3,2.46,0.77,Gary O'Neil,permanent,1.2
2022/23,2022-12-27,Bournemouth,Chelsea,Away,0,2,0,0.44,1.91,Gary O'Neil,permanent,0.9
2022/23,2022-12-31,Bournemouth,Crystal Palace,Home,0,2,0,0.9,1.75,Gary O'Neil,permanent,0.8
2022/23,2023-01-03,Bournemouth,Man United,Away,0,3,0,0.68,2.97,Gary O'Neil,permanent,0.7
2022/23,2023-01-14,Bournemouth,Brentford,Away,0,2,0,0.27,1.3,Gary O'Neil,permanent,0.4
2022/23,2023-01-21,Bournemouth,Nott'm Forest,Home,1,1,1,1.81,1.58,Gary O'Neil,permanent,0.4
2022/23,2023-02-04,Bournemouth,Brighton,Away,0,1,0,0.91,2.56,Gary O'Neil,permanent,0.4
2022/23,2023-02-11,Bournemouth,Newcastle,Home,1,1,1,1.54,1.55,Gary O'Neil,permanent,0.5
2022/23,2023-02-18,Bournemouth,Wolves,Away,1,0,3,1.15,0.91,Gary O'Neil,permanent,0.8
2022/23,2023-02-25,Bournemouth,Man City,Home,1,4,0,1.09,2.98,Gary O'Neil,permanent,0.8
2022/23,2023-03-04,Bournemouth,Arsenal,Away,2,3,0,1.74,2.46,Gary O'Neil,permanent,0.5
2022/23,2023-03-11,Bournemouth,Liverpool,Home,1,0,3,1.1,2.13,Gary O'Neil,permanent,0.8
2022/23,2023-03-18,Bournemouth,Aston Villa,Away,0,3,0,0.5,3.45,Gary O'Neil,permanent,0.8
2022/23,2023-04-01,Bournemouth,Fulham,Home,2,1,3,3.14,0.6,Gary O'Neil,permanent,1.1
2022/23,2023-04-04,Bournemouth,Brighton,Home,0,2,0,1.15,2.63,Gary O'Neil,permanent,1.1
2022/23,2023-04-08,Bournemouth,Leicester,Away,1,0,3,1.92,0.73,Gary O'Neil,permanent,1.3
2022/23,2023-04-15,Bournemouth,Tottenham,Away,3,2,3,1.21,2.31,Gary O'Neil,permanent,1.6
2022/23,2023-04-23,Bournemouth,West Ham,Home,0,4,0,0.97,2.52,Gary O'Neil,permanent,1.5
2022/23,2023-04-27,Bournemouth,Southampton,Away,1,0,3,0.99,0.48,Gary O'Neil,permanent,1.5
2022/23,2023-04-30,Bournemouth,Leeds,Home,4,1,3,2.52,1.34,Gary O'Neil,permanent,1.8
2022/23,2023-05-06,Bournemouth,Chelsea,Home,1,3,0,1.22,1.77,Gary O'Neil,permanent,1.8
2022/23,2023-05-13,Bournemouth,Crystal Palace,Away,0,2,0,0.26,1.4,Gary O'Neil,permanent,1.5
2022/23,2023-05-20,Bournemouth,Man United,Home,0,1,0,0.82,1.72,Gary O'Neil,permanent,1.5
2022/23,2023-05-28,Bournemouth,Everton,Away,0,1,0,0.43,1.13,Gary O'Neil,permanent,1.2
2023/24,2023-08-12,Bournemouth,West Ham,Home,1,1,1,1.51,1.48,Andoni Iraola,permanent,1.3
2023/24,2023-08-19,Bournemouth,Liverpool,Away,1,3,0,1.39,3.25,Andoni Iraola,permanent,1.0
2023/24,2023-08-26,Bournemouth,Tottenham,Home,0,2,0,0.48,2.26,Andoni Iraola,permanent,0.7
2023/24,2023-09-02,Bournemouth,Brentford,Away,2,2,1,2.11,3.07,Andoni Iraola,permanent,0.8
2023/24,2023-09-17,Bournemouth,Chelsea,Home,0,0,1,1.33,1.4,Andoni Iraola,permanent,0.6
2023/24,2023-09-24,Bournemouth,Brighton,Away,1,3,0,1.59,2.15,Andoni Iraola,permanent,0.3
2023/24,2023-09-30,Bournemouth,Arsenal,Home,0,4,0,0.64,4.07,Andoni Iraola,permanent,0.3
2023/24,2023-10-07,Bournemouth,Everton,Away,0,3,0,0.98,3.16,Andoni Iraola,permanent,0.3
2023/24,2023-10-21,Bournemouth,Wolves,Home,1,2,0,1.02,2.3,Andoni Iraola,permanent,0.3
2023/24,2023-10-28,Bournemouth,Burnley,Home,2,1,3,1.1,0.9,Andoni Iraola,permanent,0.6
2023/24,2023-11-04,Bournemouth,Man City,Away,1,6,0,0.64,2.4,Andoni Iraola,permanent,0.5
2023/24,2023-11-11,Bournemouth,Newcastle,Home,2,0,3,2.78,0.31,Andoni Iraola,permanent,0.8
2023/24,2023-11-25,Bournemouth,Sheffield United,Away,3,1,3,3.14,0.82,Andoni Iraola,permanent,1.1
2023/24,2023-12-03,Bournemouth,Aston Villa,Home,2,2,1,2.55,0.9,Andoni Iraola,permanent,1.1
2023/24,2023-12-06,Bournemouth,Crystal Palace,Away,2,0,3,1.8,1.26,Andoni Iraola,permanent,1.3
2023/24,2023-12-09,Bournemouth,Man United,Away,3,0,3,1.97,1.11,Andoni Iraola,permanent,1.6
2023/24,2023-12-23,Bournemouth,Nott'm Forest,Away,3,2,3,1.89,0.79,Andoni Iraola,permanent,1.9
2023/24,2023-12-26,Bournemouth,Fulham,Home,3,0,3,2.08,0.32,Andoni Iraola,permanent,2.2
2023/24,2023-12-31,Bournemouth,Tottenham,Away,1,3,0,1.58,2.15,Andoni Iraola,permanent,2.2
2023/24,2024-01-21,Bournemouth,Liverpool,Home,0,4,0,0.83,1.53,Andoni Iraola,permanent,1.9
2023/24,2024-02-01,Bournemouth,West Ham,Away,1,1,1,1.13,1.31,Andoni Iraola,permanent,2.0
2023/24,2024-02-04,Bournemouth,Nott'm Forest,Home,1,1,1,1.19,0.46,Andoni Iraola,permanent,1.8
2023/24,2024-02-10,Bournemouth,Fulham,Away,1,3,0,2.61,1.75,Andoni Iraola,permanent,1.5
2023/24,2024-02-17,Bournemouth,Newcastle,Away,2,2,1,2.08,2.38,Andoni Iraola,permanent,1.5
2023/24,2024-02-24,Bournemouth,Man City,Home,0,1,0,0.93,1.8,Andoni Iraola,permanent,1.2
2023/24,2024-03-03,Bournemouth,Burnley,Away,2,0,3,1.44,1.6,Andoni Iraola,permanent,1.2
2023/24,2024-03-09,Bournemouth,Sheffield United,Home,2,2,1,3.93,1.92,Andoni Iraola,permanent,1.0
2023/24,2024-03-13,Bournemouth,Luton,Home,4,3,3,2.84,2.79,Andoni Iraola,permanent,1.0
2023/24,2024-03-30,Bournemouth,Everton,Home,2,1,3,1.39,0.93,Andoni Iraola,permanent,1.3
2023/24,2024-04-02,Bournemouth,Crystal Palace,Home,1,0,3,1.31,0.17,Andoni Iraola,permanent,1.6
2023/24,2024-04-06,Bournemouth,Luton,Away,1,2,0,0.62,1.3,Andoni Iraola,permanent,1.5
2023/24,2024-04-13,Bournemouth,Man United,Home,2,2,1,2.39,1.52,Andoni Iraola,permanent,1.5
2023/24,2024-04-21,Bournemouth,Aston Villa,Away,1,3,0,2.05,2.63,Andoni Iraola,permanent,1.5
2023/24,2024-04-24,Bournemouth,Wolves,Away,1,0,3,2.4,0.48,Andoni Iraola,permanent,1.7
2023/24,2024-04-28,Bournemouth,Brighton,Home,3,0,3,2.48,1.36,Andoni Iraola,permanent,2.0
2023/24,2024-05-04,Bournemouth,Arsenal,Away,0,3,0,0.47,3.91,Andoni Iraola,permanent,1.7
2023/24,2024-05-11,Bournemouth,Brentford,Home,1,2,0,1.07,1.93,Andoni Iraola,permanent,1.6
2023/24,2024-05-19,Bournemouth,Chelsea,Away,1,2,0,2.0,1.6,Andoni Iraola,permanent,1.3
2024/25,2024-08-17,Bournemouth,Nott'm Forest,Away,1,1,1,1.91,1.24,Andoni Iraola,permanent,1.1
2024/25,2024-08-25,Bournemouth,Newcastle,Home,1,1,1,2.54,1.89,Andoni Iraola,permanent,0.9
2024/25,2024-08-31,Bournemouth,Everton,Away,3,2,3,2.96,2.56,Andoni Iraola,permanent,1.2
2024/25,2024-09-14,Bournemouth,Chelsea,Home,0,1,0,1.54,0.93,Andoni Iraola,permanent,1.1
2024/25,2024-09-21,Bournemouth,Liverpool,Away,0,3,0,1.47,2.44,Andoni Iraola,permanent,1.1
2024/25,2024-09-30,Bournemouth,Southampton,Home,3,1,3,1.44,0.7,Andoni Iraola,permanent,1.1
2024/25,2024-10-05,Bournemouth,Leicester,Away,0,1,0,1.95,0.91,Andoni Iraola,permanent,0.8
2024/25,2024-10-19,Bournemouth,Arsenal,Home,2,0,3,2.18,0.74,Andoni Iraola,permanent,1.1
2024/25,2024-10-26,Bournemouth,Aston Villa,Away,1,1,1,0.33,1.97,Andoni Iraola,permanent,1.2
2024/25,2024-11-02,Bournemouth,Man City,Home,2,1,3,2.45,2.35,Andoni Iraola,permanent,1.5
2024/25,2024-11-09,Bournemouth,Brentford,Away,2,3,0,2.49,1.56,Andoni Iraola,permanent,1.4
2024/25,2024-11-23,Bournemouth,Brighton,Home,1,2,0,1.91,1.23,Andoni Iraola,permanent,1.3
2024/25,2024-11-30,Bournemouth,Wolves,Away,4,2,3,3.08,0.87,Andoni Iraola,permanent,1.3
2024/25,2024-12-05,Bournemouth,Tottenham,Home,1,0,3,3.28,0.62,Andoni Iraola,permanent,1.6
2024/25,2024-12-08,Bournemouth,Ipswich,Away,2,1,3,3.49,1.57,Andoni Iraola,permanent,1.9
2024/25,2024-12-16,Bournemouth,West Ham,Home,1,1,1,2.05,1.82,Andoni Iraola,permanent,1.7
2024/25,2024-12-22,Bournemouth,Man United,Away,3,0,3,1.83,2.29,Andoni Iraola,permanent,2.0
2024/25,2024-12-26,Bournemouth,Crystal Palace,Home,0,0,1,1.2,0.5,Andoni Iraola,permanent,1.8
2024/25,2024-12-29,Bournemouth,Fulham,Away,2,2,1,1.71,0.96,Andoni Iraola,permanent,1.8
2024/25,2025-01-04,Bournemouth,Everton,Home,1,0,3,2.62,0.56,Andoni Iraola,permanent,1.8
2024/25,2025-01-14,Bournemouth,Chelsea,Away,2,2,1,1.15,2.54,Andoni Iraola,permanent,1.9
2024/25,2025-01-18,Bournemouth,Newcastle,Away,4,1,3,2.7,0.84,Andoni Iraola,permanent,2.2
2024/25,2025-01-25,Bournemouth,Nott'm Forest,Home,5,0,3,2.83,1.0,Andoni Iraola,permanent,2.2
2024/25,2025-02-01,Bournemouth,Liverpool,Home,0,2,0,1.65,2.72,Andoni Iraola,permanent,1.9
2024/25,2025-02-15,Bournemouth,Southampton,Away,3,1,3,2.09,0.97,Andoni Iraola,permanent,1.9
2024/25,2025-02-22,Bournemouth,Wolves,Home,0,1,0,0.63,2.1,Andoni Iraola,permanent,1.8
2024/25,2025-02-25,Bournemouth,Brighton,Away,1,2,0,1.7,2.58,Andoni Iraola,permanent,1.5
2024/25,2025-03-09,Bournemouth,Tottenham,Away,2,2,1,2.23,1.35,Andoni Iraola,permanent,1.5
2024/25,2025-03-15,Bournemouth,Brentford,Home,1,2,0,2.03,1.6,Andoni Iraola,permanent,1.4
2024/25,2025-04-02,Bournemouth,Ipswich,Home,1,2,0,2.0,1.41,Andoni Iraola,permanent,1.1
2024/25,2025-04-05,Bournemouth,West Ham,Away,2,2,1,1.95,0.91,Andoni Iraola,permanent,1.1
2024/25,2025-04-14,Bournemouth,Fulham,Home,1,0,3,1.86,1.07,Andoni Iraola,permanent,1.1
2024/25,2025-04-19,Bournemouth,Crystal Palace,Away,0,0,1,0.66,0.34,Andoni Iraola,permanent,0.9
2024/25,2025-04-27,Bournemouth,Man United,Home,1,1,1,0.61,1.91,Andoni Iraola,permanent,1.0
2024/25,2025-05-03,Bournemouth,Arsenal,Away,2,1,3,1.42,2.05,Andoni Iraola,permanent,1.0
2024/25,2025-05-10,Bournemouth,Aston Villa,Home,0,1,0,1.02,1.12,Andoni Iraola,permanent,1.0
2024/25,2025-05-20,Bournemouth,Man City,Away,1,3,0,0.96,1.6,Andoni Iraola,permanent,1.0
2024/25,2025-05-25,Bournemouth,Leicester,Home,2,0,3,2.72,0.16,Andoni Iraola,permanent,1.2
2025/26,2025-08-15,Bournemouth,Liverpool,Away,2,4,0,1.57,2.33,Andoni Iraola,permanent,1.2
2025/26,2025-08-23,Bournemouth,Wolves,Home,1,0,3,1.78,0.37,Andoni Iraola,permanent,1.5
2025/26,2025-08-30,Bournemouth,Tottenham,Away,1,0,3,2.12,0.17,Andoni Iraola,permanent,1.7
2025/26,2025-09-13,Bournemouth,Brighton,Home,2,1,3,1.44,0.62,Andoni Iraola,permanent,1.7
2025/26,2025-09-21,Bournemouth,Newcastle,Home,0,0,1,0.55,0.15,Andoni Iraola,permanent,1.7
2025/26,2025-09-27,Bournemouth,Leeds,Away,2,2,1,1.06,2.05,Andoni Iraola,permanent,1.7
2025/26,2025-10-03,Bournemouth,Fulham,Home,3,1,3,1.33,0.84,Andoni Iraola,permanent,1.7
2025/26,2025-10-18,Bournemouth,Crystal Palace,Away,3,3,1,2.05,4.56,Andoni Iraola,permanent,1.8
2025/26,2025-10-26,Bournemouth,Nott'm Forest,Home,2,0,3,0.66,0.31,Andoni Iraola,permanent,2.1
2025/26,2025-11-02,Bournemouth,Man City,Away,1,3,0,0.9,2.49,Andoni Iraola,permanent,1.8
2025/26,2025-11-09,Bournemouth,Aston Villa,Away,0,4,0,2.01,1.88,Andoni Iraola,permanent,1.8
2025/26,2025-11-22,Bournemouth,West Ham,Home,2,2,1,3.48,0.39,Andoni Iraola,permanent,1.6
2025/26,2025-11-29,Bournemouth,Sunderland,Away,2,3,0,1.79,1.17,Andoni Iraola,permanent,1.3
2025/26,2025-12-02,Bournemouth,Everton,Home,0,1,0,0.64,1.2,Andoni Iraola,permanent,1.0
2025/26,2025-12-06,Bournemouth,Chelsea,Home,0,0,1,1.42,0.67,Andoni Iraola,permanent,1.0
2025/26,2025-12-15,Bournemouth,Man United,Away,4,4,1,2.35,3.21,Andoni Iraola,permanent,1.0
2025/26,2025-12-20,Bournemouth,Burnley,Home,1,1,1,1.82,0.48,Andoni Iraola,permanent,0.8
2025/26,2025-12-27,Bournemouth,Brentford,Away,1,4,0,2.56,2.85,Andoni Iraola,permanent,0.7
2025/26,2025-12-30,Bournemouth,Chelsea,Away,2,2,1,3.49,2.33,Andoni Iraola,permanent,0.5
2025/26,2026-01-03,Bournemouth,Arsenal,Home,2,3,0,0.95,1.28,Andoni Iraola,permanent,0.5
2025/26,2026-01-07,Bournemouth,Tottenham,Home,3,2,3,1.19,1.63,Andoni Iraola,permanent,0.8
2025/26,2026-01-19,Bournemouth,Brighton,Away,1,1,1,1.7,1.0,Andoni Iraola,permanent,0.8
2025/26,2026-01-24,Bournemouth,Liverpool,Home,3,2,3,3.31,0.94,Andoni Iraola,permanent,1.1
2025/26,2026-01-31,Bournemouth,Wolves,Away,2,0,3,1.59,2.1,Andoni Iraola,permanent,1.4
2025/26,2026-02-07,Bournemouth,Aston Villa,Home,1,1,1,1.83,0.65,Andoni Iraola,permanent,1.4
2025/26,2026-02-10,Bournemouth,Everton,Away,2,1,3,1.41,2.33,Andoni Iraola,permanent,1.6
2025/26,2026-02-21,Bournemouth,West Ham,Away,0,0,1,0.52,2.34,Andoni Iraola,permanent,1.6
2025/26,2026-02-28,Bournemouth,Sunderland,Home,1,1,1,1.82,1.08,Andoni Iraola,permanent,1.7
2025/26,2026-03-03,Bournemouth,Brentford,Home,0,0,1,2.32,0.67,Andoni Iraola,permanent,1.7
2025/26,2026-03-14,Bournemouth,Burnley,Away,0,0,1,2.37,1.68,Andoni Iraola,permanent,1.8
2025/26,2026-03-20,Bournemouth,Man United,Home,2,2,1,1.77,1.75,Andoni Iraola,permanent,1.6
2025/26,2026-04-11,Bournemouth,Arsenal,Away,2,1,3,1.39,3.16,Andoni Iraola,permanent,1.8
2025/26,2026-04-18,Bournemouth,Newcastle,Away,2,1,3,3.37,1.61,Andoni Iraola,permanent,1.8
2025/26,2026-04-22,Bournemouth,Leeds,Home,2,2,1,1.91,1.22,Andoni Iraola,permanent,1.6
2025/26,2026-05-03,Bournemouth,Crystal Palace,Home,3,0,3,2.3,0.68,Andoni Iraola,permanent,1.8
2025/26,2026-05-09,Bournemouth,Fulham,Away,1,0,3,1.0,1.24,Andoni Iraola,permanent,1.8
2025/26,2026-05-19,Bournemouth,Man City,Home,1,1,1,1.71,1.27,Andoni Iraola,permanent,1.8
2025/26,2026-05-24,Bournemouth,Nott'm Forest,Away,1,1,1,1.34,2.06,Andoni Iraola,permanent,1.8
2021/22,2021-08-13,Brentford,Arsenal,Home,2,0,3,1.89,1.02,Thomas Frank,first spell in data,
2021/22,2021-08-21,Brentford,Crystal Palace,Away,0,0,1,0.71,0.61,Thomas Frank,first spell in data,
2021/22,2021-08-28,Brentford,Aston Villa,Away,1,1,1,1.13,0.43,Thomas Frank,first spell in data,
2021/22,2021-09-11,Brentford,Brighton,Home,0,1,0,0.73,0.29,Thomas Frank,first spell in data,
2021/22,2021-09-18,Brentford,Wolves,Away,2,0,3,2.33,1.02,Thomas Frank,first spell in data,
2021/22,2021-09-25,Brentford,Liverpool,Home,3,3,1,2.94,2.26,Thomas Frank,first spell in data,
2021/22,2021-10-03,Brentford,West Ham,Away,2,1,3,1.3,1.37,Thomas Frank,first spell in data,
2021/22,2021-10-16,Brentford,Chelsea,Home,0,1,0,1.62,0.25,Thomas Frank,first spell in data,
2021/22,2021-10-24,Brentford,Leicester,Home,1,2,0,1.17,1.0,Thomas Frank,first spell in data,
2021/22,2021-10-30,Brentford,Burnley,Away,1,3,0,0.83,2.73,Thomas Frank,first spell in data,1.2
2021/22,2021-11-06,Brentford,Norwich,Home,1,2,0,2.79,1.16,Thomas Frank,first spell in data,0.9
2021/22,2021-11-20,Brentford,Newcastle,Away,3,3,1,1.23,2.18,Thomas Frank,first spell in data,0.9
2021/22,2021-11-28,Brentford,Everton,Home,1,0,3,1.2,0.97,Thomas Frank,first spell in data,1.1
2021/22,2021-12-02,Brentford,Tottenham,Away,0,2,0,0.23,2.07,Thomas Frank,first spell in data,1.1
2021/22,2021-12-05,Brentford,Leeds,Away,2,2,1,1.2,1.42,Thomas Frank,first spell in data,0.9
2021/22,2021-12-10,Brentford,Watford,Home,2,1,3,1.83,0.56,Thomas Frank,first spell in data,1.1
2021/22,2021-12-26,Brentford,Brighton,Away,0,2,0,1.1,0.94,Thomas Frank,first spell in data,0.8
2021/22,2021-12-29,Brentford,Man City,Home,0,1,0,0.24,1.02,Thomas Frank,first spell in data,0.8
2021/22,2022-01-02,Brentford,Aston Villa,Home,2,1,3,0.5,1.14,Thomas Frank,first spell in data,1.1
2021/22,2022-01-11,Brentford,Southampton,Away,1,4,0,0.62,1.59,Thomas Frank,first spell in data,1.1
2021/22,2022-01-16,Brentford,Liverpool,Away,0,3,0,0.38,3.49,Thomas Frank,first spell in data,1.1
2021/22,2022-01-19,Brentford,Man United,Home,1,3,0,2.08,2.06,Thomas Frank,first spell in data,1.0
2021/22,2022-01-22,Brentford,Wolves,Home,1,2,0,0.74,0.22,Thomas Frank,first spell in data,0.7
2021/22,2022-02-09,Brentford,Man City,Away,0,2,0,0.46,1.98,Thomas Frank,first spell in data,0.7
2021/22,2022-02-12,Brentford,Crystal Palace,Home,0,0,1,1.98,0.5,Thomas Frank,first spell in data,0.7
2021/22,2022-02-19,Brentford,Arsenal,Away,1,2,0,0.64,1.52,Thomas Frank,first spell in data,0.4
2021/22,2022-02-26,Brentford,Newcastle,Home,0,2,0,0.49,2.25,Thomas Frank,first spell in data,0.4
2021/22,2022-03-05,Brentford,Norwich,Away,3,1,3,2.22,0.77,Thomas Frank,first spell in data,0.7
2021/22,2022-03-12,Brentford,Burnley,Home,2,0,3,1.82,0.83,Thomas Frank,first spell in data,0.7
2021/22,2022-03-20,Brentford,Leicester,Away,1,2,0,1.72,1.28,Thomas Frank,first spell in data,0.7
2021/22,2022-04-02,Brentford,Chelsea,Away,4,1,3,2.43,1.29,Thomas Frank,first spell in data,1.0
2021/22,2022-04-10,Brentford,West Ham,Home,2,0,3,1.86,0.24,Thomas Frank,first spell in data,1.3
2021/22,2022-04-16,Brentford,Watford,Away,2,1,3,2.12,1.5,Thomas Frank,first spell in data,1.6
2021/22,2022-04-23,Brentford,Tottenham,Home,0,0,1,1.32,0.52,Thomas Frank,first spell in data,1.7
2021/22,2022-05-02,Brentford,Man United,Away,0,3,0,0.68,1.84,Thomas Frank,first spell in data,1.6
2021/22,2022-05-07,Brentford,Southampton,Home,3,0,3,3.68,0.99,Thomas Frank,first spell in data,1.9
2021/22,2022-05-15,Brentford,Everton,Away,3,2,3,1.82,2.7,Thomas Frank,first spell in data,2.2
2021/22,2022-05-22,Brentford,Leeds,Home,1,2,0,0.84,1.48,Thomas Frank,first spell in data,1.9
2022/23,2022-08-07,Brentford,Leicester,Away,2,2,1,0.93,0.46,Thomas Frank,first spell in data,1.7
2022/23,2022-08-13,Brentford,Man United,Home,4,0,3,1.39,0.9,Thomas Frank,first spell in data,2.0
2022/23,2022-08-20,Brentford,Fulham,Away,2,3,0,1.59,2.9,Thomas Frank,first spell in data,1.7
2022/23,2022-08-27,Brentford,Everton,Home,1,1,1,2.28,1.65,Thomas Frank,first spell in data,1.5
2022/23,2022-08-30,Brentford,Crystal Palace,Away,1,1,1,1.62,0.78,Thomas Frank,first spell in data,1.3
2022/23,2022-09-03,Brentford,Leeds,Home,5,2,3,2.75,1.8,Thomas Frank,first spell in data,1.5
2022/23,2022-09-18,Brentford,Arsenal,Home,0,3,0,0.54,1.32,Thomas Frank,first spell in data,1.5
2022/23,2022-10-01,Brentford,Bournemouth,Away,0,0,1,1.05,0.76,Thomas Frank,first spell in data,1.3
2022/23,2022-10-08,Brentford,Newcastle,Away,1,5,0,1.13,2.45,Thomas Frank,first spell in data,1.0
2022/23,2022-10-14,Brentford,Brighton,Home,2,0,3,1.91,2.16,Thomas Frank,first spell in data,1.3
2022/23,2022-10-19,Brentford,Chelsea,Home,0,0,1,1.45,0.56,Thomas Frank,first spell in data,1.3
2022/23,2022-10-23,Brentford,Aston Villa,Away,0,4,0,1.0,3.46,Thomas Frank,first spell in data,1.0
2022/23,2022-10-29,Brentford,Wolves,Home,1,1,1,1.29,0.56,Thomas Frank,first spell in data,1.1
2022/23,2022-11-05,Brentford,Nott'm Forest,Away,2,2,1,1.22,1.3,Thomas Frank,first spell in data,1.1
2022/23,2022-11-12,Brentford,Man City,Away,2,1,3,3.29,1.6,Thomas Frank,first spell in data,1.3
2022/23,2022-12-26,Brentford,Tottenham,Home,2,2,1,2.25,0.88,Thomas Frank,first spell in data,1.1
2022/23,2022-12-30,Brentford,West Ham,Away,2,0,3,1.51,1.14,Thomas Frank,first spell in data,1.4
2022/23,2023-01-02,Brentford,Liverpool,Home,3,1,3,2.1,2.1,Thomas Frank,first spell in data,1.6
2022/23,2023-01-14,Brentford,Bournemouth,Home,2,0,3,1.3,0.27,Thomas Frank,first spell in data,1.9
2022/23,2023-01-22,Brentford,Leeds,Away,0,0,1,0.17,0.37,Thomas Frank,first spell in data,1.7
2022/23,2023-02-04,Brentford,Southampton,Home,3,0,3,2.37,0.64,Thomas Frank,first spell in data,1.9
2022/23,2023-02-11,Brentford,Arsenal,Away,1,1,1,2.18,1.37,Thomas Frank,first spell in data,2.0
2022/23,2023-02-18,Brentford,Crystal Palace,Home,1,1,1,0.61,1.12,Thomas Frank,first spell in data,2.0
2022/23,2023-03-06,Brentford,Fulham,Home,3,2,3,2.44,1.68,Thomas Frank,first spell in data,2.2
2022/23,2023-03-11,Brentford,Everton,Away,0,1,0,1.95,1.72,Thomas Frank,first spell in data,1.9
2022/23,2023-03-15,Brentford,Southampton,Away,2,0,3,1.67,0.36,Thomas Frank,first spell in data,2.1
2022/23,2023-03-18,Brentford,Leicester,Home,1,1,1,0.48,1.42,Thomas Frank,first spell in data,1.9
2022/23,2023-04-01,Brentford,Brighton,Away,3,3,1,1.28,3.82,Thomas Frank,first spell in data,1.7
2022/23,2023-04-05,Brentford,Man United,Away,0,1,0,0.64,1.14,Thomas Frank,first spell in data,1.4
2022/23,2023-04-08,Brentford,Newcastle,Home,1,2,0,2.07,1.02,Thomas Frank,first spell in data,1.3
2022/23,2023-04-15,Brentford,Wolves,Away,0,2,0,1.51,0.94,Thomas Frank,first spell in data,1.0
2022/23,2023-04-22,Brentford,Aston Villa,Home,1,1,1,2.03,1.67,Thomas Frank,first spell in data,1.0
2022/23,2023-04-26,Brentford,Chelsea,Away,2,0,3,0.7,1.21,Thomas Frank,first spell in data,1.2
2022/23,2023-04-29,Brentford,Nott'm Forest,Home,2,1,3,1.32,0.94,Thomas Frank,first spell in data,1.2
2022/23,2023-05-06,Brentford,Liverpool,Away,0,1,0,0.18,1.99,Thomas Frank,first spell in data,1.2
2022/23,2023-05-14,Brentford,West Ham,Home,2,0,3,4.43,0.2,Thomas Frank,first spell in data,1.2
2022/23,2023-05-20,Brentford,Tottenham,Away,3,1,3,1.15,1.62,Thomas Frank,first spell in data,1.4
2022/23,2023-05-28,Brentford,Man City,Home,1,0,3,1.44,1.19,Thomas Frank,first spell in data,1.6
2023/24,2023-08-13,Brentford,Tottenham,Home,2,2,1,1.91,1.45,Thomas Frank,first spell in data,1.7
2023/24,2023-08-19,Brentford,Fulham,Away,3,0,3,3.47,0.4,Thomas Frank,first spell in data,2.0
2023/24,2023-08-26,Brentford,Crystal Palace,Home,1,1,1,0.95,1.06,Thomas Frank,first spell in data,2.1
2023/24,2023-09-02,Brentford,Bournemouth,Home,2,2,1,3.07,2.11,Thomas Frank,first spell in data,2.1
2023/24,2023-09-16,Brentford,Newcastle,Away,0,1,0,0.63,1.5,Thomas Frank,first spell in data,1.8
2023/24,2023-09-23,Brentford,Everton,Home,1,3,0,1.57,2.51,Thomas Frank,first spell in data,1.5
2023/24,2023-10-01,Brentford,Nott'm Forest,Away,1,1,1,1.76,0.8,Thomas Frank,first spell in data,1.6
2023/24,2023-10-07,Brentford,Man United,Away,1,2,0,1.03,1.29,Thomas Frank,first spell in data,1.3
2023/24,2023-10-21,Brentford,Burnley,Home,3,0,3,3.16,0.69,Thomas Frank,first spell in data,1.3
2023/24,2023-10-28,Brentford,Chelsea,Away,2,0,3,2.48,1.72,Thomas Frank,first spell in data,1.3
2023/24,2023-11-04,Brentford,West Ham,Home,3,2,3,1.83,1.76,Thomas Frank,first spell in data,1.5
2023/24,2023-11-12,Brentford,Liverpool,Away,0,3,0,1.45,1.56,Thomas Frank,first spell in data,1.2
2023/24,2023-11-25,Brentford,Arsenal,Home,0,1,0,1.66,1.83,Thomas Frank,first spell in data,1.1
2023/24,2023-12-02,Brentford,Luton,Home,3,1,3,3.26,0.23,Thomas Frank,first spell in data,1.3
2023/24,2023-12-06,Brentford,Brighton,Away,1,2,0,1.22,1.54,Thomas Frank,first spell in data,1.3
2023/24,2023-12-09,Brentford,Sheffield United,Away,0,1,0,0.64,0.84,Thomas Frank,first spell in data,1.3
2023/24,2023-12-17,Brentford,Aston Villa,Home,1,2,0,0.8,1.47,Thomas Frank,first spell in data,1.2
2023/24,2023-12-27,Brentford,Wolves,Home,1,4,0,2.59,1.89,Thomas Frank,first spell in data,1.2
2023/24,2023-12-30,Brentford,Crystal Palace,Away,1,3,0,1.29,1.61,Thomas Frank,first spell in data,0.9
2023/24,2024-01-20,Brentford,Nott'm Forest,Home,3,2,3,1.94,1.22,Thomas Frank,first spell in data,0.9
2023/24,2024-01-31,Brentford,Tottenham,Away,2,3,0,1.6,3.36,Thomas Frank,first spell in data,0.6
2023/24,2024-02-05,Brentford,Man City,Home,1,3,0,0.87,2.11,Thomas Frank,first spell in data,0.6
2023/24,2024-02-10,Brentford,Wolves,Away,2,0,3,1.85,1.06,Thomas Frank,first spell in data,0.9
2023/24,2024-02-17,Brentford,Liverpool,Home,1,4,0,1.7,3.09,Thomas Frank,first spell in data,0.6
2023/24,2024-02-20,Brentford,Man City,Away,0,1,0,0.5,2.54,Thomas Frank,first spell in data,0.6
2023/24,2024-02-26,Brentford,West Ham,Away,2,4,0,1.34,2.07,Thomas Frank,first spell in data,0.6
2023/24,2024-03-02,Brentford,Chelsea,Home,2,2,1,2.47,2.15,Thomas Frank,first spell in data,0.7
2023/24,2024-03-09,Brentford,Arsenal,Away,1,2,0,0.73,1.59,Thomas Frank,first spell in data,0.7
2023/24,2024-03-16,Brentford,Burnley,Away,1,2,0,1.25,2.7,Thomas Frank,first spell in data,0.7
2023/24,2024-03-30,Brentford,Man United,Home,1,1,1,3.16,0.99,Thomas Frank,first spell in data,0.5
2023/24,2024-04-03,Brentford,Brighton,Home,0,0,1,0.42,1.22,Thomas Frank,first spell in data,0.6
2023/24,2024-04-06,Brentford,Aston Villa,Away,3,3,1,1.42,1.16,Thomas Frank,first spell in data,0.7
2023/24,2024-04-13,Brentford,Sheffield United,Home,2,0,3,1.09,0.83,Thomas Frank,first spell in data,0.7
2023/24,2024-04-20,Brentford,Luton,Away,5,1,3,3.78,0.5,Thomas Frank,first spell in data,1.0
2023/24,2024-04-27,Brentford,Everton,Away,0,1,0,0.96,1.21,Thomas Frank,first spell in data,1.0
2023/24,2024-05-04,Brentford,Fulham,Home,0,0,1,0.81,1.46,Thomas Frank,first spell in data,1.1
2023/24,2024-05-11,Brentford,Bournemouth,Away,2,1,3,1.93,1.07,Thomas Frank,first spell in data,1.3
2023/24,2024-05-19,Brentford,Newcastle,Home,2,4,0,1.7,3.65,Thomas Frank,first spell in data,1.3
2024/25,2024-08-18,Brentford,Crystal Palace,Home,2,1,3,1.38,1.15,Thomas Frank,first spell in data,1.6
2024/25,2024-08-25,Brentford,Liverpool,Away,0,2,0,0.46,2.72,Thomas Frank,first spell in data,1.5
2024/25,2024-08-31,Brentford,Southampton,Home,3,1,3,3.86,1.65,Thomas Frank,first spell in data,1.7
2024/25,2024-09-14,Brentford,Man City,Away,1,2,0,1.05,1.55,Thomas Frank,first spell in data,1.6
2024/25,2024-09-21,Brentford,Tottenham,Away,1,3,0,0.89,3.89,Thomas Frank,first spell in data,1.3
2024/25,2024-09-28,Brentford,West Ham,Home,1,1,1,0.37,0.88,Thomas Frank,first spell in data,1.1
2024/25,2024-10-05,Brentford,Wolves,Home,5,3,3,4.14,0.7,Thomas Frank,first spell in data,1.4
2024/25,2024-10-19,Brentford,Man United,Away,1,2,0,0.89,1.77,Thomas Frank,first spell in data,1.3
2024/25,2024-10-26,Brentford,Ipswich,Home,4,3,3,4.1,1.66,Thomas Frank,first spell in data,1.3
2024/25,2024-11-04,Brentford,Fulham,Away,1,2,0,0.74,1.43,Thomas Frank,first spell in data,1.3
2024/25,2024-11-09,Brentford,Bournemouth,Home,3,2,3,1.56,2.49,Thomas Frank,first spell in data,1.3
2024/25,2024-11-23,Brentford,Everton,Away,0,0,1,1.34,1.6,Thomas Frank,first spell in data,1.4
2024/25,2024-11-30,Brentford,Leicester,Home,4,1,3,2.22,0.91,Thomas Frank,first spell in data,1.4
2024/25,2024-12-04,Brentford,Aston Villa,Away,1,3,0,1.13,3.22,Thomas Frank,first spell in data,1.4
2024/25,2024-12-07,Brentford,Newcastle,Home,4,2,3,1.75,1.96,Thomas Frank,first spell in data,1.7
2024/25,2024-12-15,Brentford,Chelsea,Away,1,2,0,1.66,2.59,Thomas Frank,first spell in data,1.6
2024/25,2024-12-21,Brentford,Nott'm Forest,Home,0,2,0,0.77,0.96,Thomas Frank,first spell in data,1.3
2024/25,2024-12-27,Brentford,Brighton,Away,0,0,1,0.96,1.34,Thomas Frank,first spell in data,1.4
2024/25,2025-01-01,Brentford,Arsenal,Home,1,3,0,0.27,2.0,Thomas Frank,first spell in data,1.1
2024/25,2025-01-04,Brentford,Southampton,Away,5,0,3,5.55,0.25,Thomas Frank,first spell in data,1.4
2024/25,2025-01-14,Brentford,Man City,Home,2,2,1,2.39,2.65,Thomas Frank,first spell in data,1.2
2024/25,2025-01-18,Brentford,Liverpool,Home,0,2,0,1.2,4.16,Thomas Frank,first spell in data,1.1
2024/25,2025-01-26,Brentford,Crystal Palace,Away,2,1,3,1.92,1.23,Thomas Frank,first spell in data,1.1
2024/25,2025-02-02,Brentford,Tottenham,Home,0,2,0,1.66,0.95,Thomas Frank,first spell in data,1.1
2024/25,2025-02-15,Brentford,West Ham,Away,1,0,3,1.96,0.67,Thomas Frank,first spell in data,1.1
2024/25,2025-02-21,Brentford,Leicester,Away,4,0,3,2.03,0.73,Thomas Frank,first spell in data,1.4
2024/25,2025-02-26,Brentford,Everton,Home,1,1,1,1.34,1.45,Thomas Frank,first spell in data,1.5
2024/25,2025-03-08,Brentford,Aston Villa,Home,0,1,0,0.64,1.3,Thomas Frank,first spell in data,1.4
2024/25,2025-03-15,Brentford,Bournemouth,Away,2,1,3,1.6,2.03,Thomas Frank,first spell in data,1.7
2024/25,2025-04-02,Brentford,Newcastle,Away,1,2,0,1.53,2.27,Thomas Frank,first spell in data,1.4
2024/25,2025-04-06,Brentford,Chelsea,Home,0,0,1,1.36,1.48,Thomas Frank,first spell in data,1.4
2024/25,2025-04-12,Brentford,Arsenal,Away,1,1,1,0.59,0.77,Thomas Frank,first spell in data,1.5
2024/25,2025-04-19,Brentford,Brighton,Home,4,2,3,2.96,1.24,Thomas Frank,first spell in data,1.5
2024/25,2025-05-01,Brentford,Nott'm Forest,Away,2,0,3,1.52,0.67,Thomas Frank,first spell in data,1.8
2024/25,2025-05-04,Brentford,Man United,Home,4,3,3,3.59,1.13,Thomas Frank,first spell in data,1.8
2024/25,2025-05-10,Brentford,Ipswich,Away,1,0,3,1.32,0.72,Thomas Frank,first spell in data,1.8
2024/25,2025-05-18,Brentford,Fulham,Home,2,3,0,2.43,1.62,Thomas Frank,first spell in data,1.7
2024/25,2025-05-25,Brentford,Wolves,Away,1,1,1,1.97,1.11,Thomas Frank,first spell in data,1.8
2025/26,2025-08-17,Brentford,Nott'm Forest,Away,1,3,0,1.33,1.76,Keith Andrews,permanent,1.5
2025/26,2025-08-23,Brentford,Aston Villa,Home,1,0,3,1.13,0.98,Keith Andrews,permanent,1.8
2025/26,2025-08-30,Brentford,Sunderland,Away,1,2,0,1.45,1.57,Keith Andrews,permanent,1.7
2025/26,2025-09-13,Brentford,Chelsea,Home,2,2,1,1.18,0.76,Keith Andrews,permanent,1.7
2025/26,2025-09-20,Brentford,Fulham,Away,1,3,0,0.83,1.52,Keith Andrews,permanent,1.4
2025/26,2025-09-27,Brentford,Man United,Home,3,1,3,2.79,2.24,Keith Andrews,permanent,1.4
2025/26,2025-10-05,Brentford,Man City,Home,0,1,0,0.69,1.1,Keith Andrews,permanent,1.1
2025/26,2025-10-20,Brentford,West Ham,Away,2,0,3,3.47,0.26,Keith Andrews,permanent,1.1
2025/26,2025-10-25,Brentford,Liverpool,Home,3,2,3,3.27,2.12,Keith Andrews,permanent,1.4
2025/26,2025-11-01,Brentford,Crystal Palace,Away,0,2,0,0.82,0.73,Keith Andrews,permanent,1.3
2025/26,2025-11-09,Brentford,Newcastle,Home,3,1,3,2.74,0.43,Keith Andrews,permanent,1.6
2025/26,2025-11-22,Brentford,Brighton,Away,1,2,0,2.2,0.98,Keith Andrews,permanent,1.3
2025/26,2025-11-29,Brentford,Burnley,Home,3,1,3,3.72,0.87,Keith Andrews,permanent,1.6
2025/26,2025-12-03,Brentford,Arsenal,Away,0,2,0,0.59,2.63,Keith Andrews,permanent,1.5
2025/26,2025-12-06,Brentford,Tottenham,Away,0,2,0,0.47,2.42,Keith Andrews,permanent,1.5
2025/26,2025-12-14,Brentford,Leeds,Home,1,1,1,0.7,1.63,Keith Andrews,permanent,1.3
2025/26,2025-12-20,Brentford,Wolves,Away,2,0,3,1.56,1.27,Keith Andrews,permanent,1.6
2025/26,2025-12-27,Brentford,Bournemouth,Home,4,1,3,2.85,2.56,Keith Andrews,permanent,1.6
2025/26,2026-01-01,Brentford,Tottenham,Home,0,0,1,0.56,0.61,Keith Andrews,permanent,1.4
2025/26,2026-01-04,Brentford,Everton,Away,4,2,3,3.05,1.01,Keith Andrews,permanent,1.7
2025/26,2026-01-07,Brentford,Sunderland,Home,3,0,3,3.86,1.51,Keith Andrews,permanent,1.7
2025/26,2026-01-17,Brentford,Chelsea,Away,0,2,0,1.48,1.62,Keith Andrews,permanent,1.7
2025/26,2026-01-25,Brentford,Nott'm Forest,Home,0,2,0,2.0,1.39,Keith Andrews,permanent,1.4
2025/26,2026-02-01,Brentford,Aston Villa,Away,1,0,3,0.31,2.15,Keith Andrews,permanent,1.7
2025/26,2026-02-07,Brentford,Newcastle,Away,3,2,3,1.65,3.32,Keith Andrews,permanent,2.0
2025/26,2026-02-12,Brentford,Arsenal,Home,1,1,1,1.81,0.78,Keith Andrews,permanent,2.0
2025/26,2026-02-21,Brentford,Brighton,Home,0,2,0,1.69,1.37,Keith Andrews,permanent,1.7
2025/26,2026-02-28,Brentford,Burnley,Away,4,3,3,2.45,0.82,Keith Andrews,permanent,1.7
2025/26,2026-03-03,Brentford,Bournemouth,Away,0,0,1,0.67,2.32,Keith Andrews,permanent,1.7
2025/26,2026-03-16,Brentford,Wolves,Home,2,2,1,2.8,1.8,Keith Andrews,permanent,1.5
2025/26,2026-03-21,Brentford,Leeds,Away,0,0,1,0.3,0.42,Keith Andrews,permanent,1.3
2025/26,2026-04-11,Brentford,Everton,Home,2,2,1,2.26,1.57,Keith Andrews,permanent,1.4
2025/26,2026-04-18,Brentford,Fulham,Home,0,0,1,2.34,0.79,Keith Andrews,permanent,1.5
2025/26,2026-04-27,Brentford,Man United,Away,1,2,0,1.3,1.85,Keith Andrews,permanent,1.2
2025/26,2026-05-02,Brentford,West Ham,Home,3,0,3,2.27,0.75,Keith Andrews,permanent,1.2
2025/26,2026-05-09,Brentford,Man City,Away,0,3,0,0.67,4.37,Keith Andrews,permanent,1.1
2025/26,2026-05-17,Brentford,Crystal Palace,Home,2,2,1,1.55,1.82,Keith Andrews,permanent,1.2
2025/26,2026-05-24,Brentford,Liverpool,Away,1,1,1,1.46,2.99,Keith Andrews,permanent,1.0
2017/18,2017-08-12,Brighton,Man City,Home,0,2,0,0.28,1.87,Chris Hughton,first spell in data,
2017/18,2017-08-19,Brighton,Leicester,Away,0,2,0,0.12,1.88,Chris Hughton,first spell in data,
2017/18,2017-08-26,Brighton,Watford,Away,0,0,1,0.95,0.28,Chris Hughton,first spell in data,
2017/18,2017-09-09,Brighton,West Brom,Home,3,1,3,0.4,0.87,Chris Hughton,first spell in data,
2017/18,2017-09-15,Brighton,Bournemouth,Away,1,2,0,0.87,1.4,Chris Hughton,first spell in data,
2017/18,2017-09-24,Brighton,Newcastle,Home,1,0,3,0.51,1.37,Chris Hughton,first spell in data,
2017/18,2017-10-01,Brighton,Arsenal,Away,0,2,0,0.39,2.48,Chris Hughton,first spell in data,
2017/18,2017-10-15,Brighton,Everton,Home,1,1,1,1.06,1.46,Chris Hughton,first spell in data,
2017/18,2017-10-20,Brighton,West Ham,Away,3,0,3,1.98,0.57,Chris Hughton,first spell in data,
2017/18,2017-10-29,Brighton,Southampton,Home,1,1,1,1.51,0.54,Chris Hughton,first spell in data,1.2
2017/18,2017-11-04,Brighton,Swansea,Away,1,0,3,0.87,1.25,Chris Hughton,first spell in data,1.5
2017/18,2017-11-20,Brighton,Stoke,Home,2,2,1,0.49,1.21,Chris Hughton,first spell in data,1.6
2017/18,2017-11-25,Brighton,Man United,Away,0,1,0,0.57,1.5,Chris Hughton,first spell in data,1.5
2017/18,2017-11-28,Brighton,Crystal Palace,Home,0,0,1,0.48,0.58,Chris Hughton,first spell in data,1.3
2017/18,2017-12-02,Brighton,Liverpool,Home,1,5,0,1.66,1.78,Chris Hughton,first spell in data,1.3
2017/18,2017-12-09,Brighton,Huddersfield,Away,0,2,0,0.27,2.68,Chris Hughton,first spell in data,1.0
2017/18,2017-12-13,Brighton,Tottenham,Away,0,2,0,0.32,1.87,Chris Hughton,first spell in data,1.0
2017/18,2017-12-16,Brighton,Burnley,Home,0,0,1,1.49,1.33,Chris Hughton,first spell in data,1.0
2017/18,2017-12-23,Brighton,Watford,Home,1,0,3,1.4,1.3,Chris Hughton,first spell in data,1.0
2017/18,2017-12-26,Brighton,Chelsea,Away,0,2,0,0.45,2.17,Chris Hughton,first spell in data,0.9
2017/18,2017-12-30,Brighton,Newcastle,Away,0,0,1,0.63,0.5,Chris Hughton,first spell in data,0.7
2017/18,2018-01-01,Brighton,Bournemouth,Home,2,2,1,2.37,1.28,Chris Hughton,first spell in data,0.7
2017/18,2018-01-13,Brighton,West Brom,Away,0,2,0,0.53,1.38,Chris Hughton,first spell in data,0.7
2017/18,2018-01-20,Brighton,Chelsea,Home,0,4,0,0.88,1.52,Chris Hughton,first spell in data,0.6
2017/18,2018-01-31,Brighton,Southampton,Away,1,1,1,1.08,1.27,Chris Hughton,first spell in data,0.7
2017/18,2018-02-03,Brighton,West Ham,Home,3,1,3,1.64,0.44,Chris Hughton,first spell in data,1.0
2017/18,2018-02-10,Brighton,Stoke,Away,1,1,1,0.9,1.4,Chris Hughton,first spell in data,1.1
2017/18,2018-02-24,Brighton,Swansea,Home,4,1,3,3.29,0.44,Chris Hughton,first spell in data,1.3
2017/18,2018-03-04,Brighton,Arsenal,Home,2,1,3,1.48,0.8,Chris Hughton,first spell in data,1.3
2017/18,2018-03-10,Brighton,Everton,Away,0,2,0,0.32,1.69,Chris Hughton,first spell in data,1.3
2017/18,2018-03-31,Brighton,Leicester,Home,0,2,0,1.6,1.27,Chris Hughton,first spell in data,1.2
2017/18,2018-04-07,Brighton,Huddersfield,Home,1,1,1,1.53,1.49,Chris Hughton,first spell in data,1.2
2017/18,2018-04-14,Brighton,Crystal Palace,Away,2,3,0,1.54,2.5,Chris Hughton,first spell in data,1.2
2017/18,2018-04-17,Brighton,Tottenham,Home,1,1,1,0.99,1.36,Chris Hughton,first spell in data,1.3
2017/18,2018-04-28,Brighton,Burnley,Away,0,0,1,0.38,1.55,Chris Hughton,first spell in data,1.3
2017/18,2018-05-04,Brighton,Man United,Home,1,0,3,0.92,0.65,Chris Hughton,first spell in data,1.3
2017/18,2018-05-09,Brighton,Man City,Away,1,3,0,1.01,1.65,Chris Hughton,first spell in data,1.2
2017/18,2018-05-13,Brighton,Liverpool,Away,0,4,0,0.04,3.51,Chris Hughton,first spell in data,0.9
2018/19,2018-08-11,Brighton,Watford,Away,0,2,0,0.46,1.42,Chris Hughton,first spell in data,0.6
2018/19,2018-08-19,Brighton,Man United,Home,3,2,3,1.64,1.57,Chris Hughton,first spell in data,0.9
2018/19,2018-08-25,Brighton,Liverpool,Away,0,1,0,0.54,1.81,Chris Hughton,first spell in data,0.9
2018/19,2018-09-01,Brighton,Fulham,Home,2,2,1,2.68,1.52,Chris Hughton,first spell in data,0.9
2018/19,2018-09-17,Brighton,Southampton,Away,2,2,1,1.97,2.2,Chris Hughton,first spell in data,1.0
2018/19,2018-09-22,Brighton,Tottenham,Home,1,2,0,0.82,2.12,Chris Hughton,first spell in data,0.9
2018/19,2018-09-29,Brighton,Man City,Away,0,2,0,0.23,2.91,Chris Hughton,first spell in data,0.8
2018/19,2018-10-05,Brighton,West Ham,Home,1,0,3,1.03,1.44,Chris Hughton,first spell in data,0.8
2018/19,2018-10-20,Brighton,Newcastle,Away,1,0,3,0.68,1.71,Chris Hughton,first spell in data,1.1
2018/19,2018-10-27,Brighton,Wolves,Home,1,0,3,1.01,1.38,Chris Hughton,first spell in data,1.4
2018/19,2018-11-03,Brighton,Everton,Away,1,3,0,0.68,2.59,Chris Hughton,first spell in data,1.4
2018/19,2018-11-10,Brighton,Cardiff,Away,1,2,0,0.77,1.94,Chris Hughton,first spell in data,1.1
2018/19,2018-11-24,Brighton,Leicester,Home,1,1,1,0.86,1.13,Chris Hughton,first spell in data,1.2
2018/19,2018-12-01,Brighton,Huddersfield,Away,2,1,3,1.68,0.56,Chris Hughton,first spell in data,1.4
2018/19,2018-12-04,Brighton,Crystal Palace,Home,3,1,3,1.25,1.53,Chris Hughton,first spell in data,1.6
2018/19,2018-12-08,Brighton,Burnley,Away,0,1,0,0.95,1.81,Chris Hughton,first spell in data,1.6
2018/19,2018-12-16,Brighton,Chelsea,Home,1,2,0,0.26,1.61,Chris Hughton,first spell in data,1.6
2018/19,2018-12-22,Brighton,Bournemouth,Away,0,2,0,0.83,0.89,Chris Hughton,first spell in data,1.3
2018/19,2018-12-26,Brighton,Arsenal,Home,1,1,1,1.39,0.79,Chris Hughton,first spell in data,1.1
2018/19,2018-12-29,Brighton,Everton,Home,1,0,3,1.6,0.66,Chris Hughton,first spell in data,1.1
2018/19,2019-01-02,Brighton,West Ham,Away,2,2,1,0.69,0.64,Chris Hughton,first spell in data,1.2
2018/19,2019-01-12,Brighton,Liverpool,Home,0,1,0,0.38,2.27,Chris Hughton,first spell in data,1.2
2018/19,2019-01-19,Brighton,Man United,Away,1,2,0,0.64,2.64,Chris Hughton,first spell in data,1.1
2018/19,2019-01-29,Brighton,Fulham,Away,2,4,0,2.37,3.46,Chris Hughton,first spell in data,0.8
2018/19,2019-02-02,Brighton,Watford,Home,0,0,1,1.84,0.28,Chris Hughton,first spell in data,0.6
2018/19,2019-02-09,Brighton,Burnley,Home,1,3,0,1.32,1.83,Chris Hughton,first spell in data,0.6
2018/19,2019-02-26,Brighton,Leicester,Away,1,2,0,1.21,1.92,Chris Hughton,first spell in data,0.6
2018/19,2019-03-02,Brighton,Huddersfield,Home,1,0,3,1.4,0.2,Chris Hughton,first spell in data,0.9
2018/19,2019-03-09,Brighton,Crystal Palace,Away,2,1,3,0.13,1.44,Chris Hughton,first spell in data,1.1
2018/19,2019-03-30,Brighton,Southampton,Home,0,1,0,0.56,0.86,Chris Hughton,first spell in data,0.8
2018/19,2019-04-03,Brighton,Chelsea,Away,0,3,0,0.44,3.12,Chris Hughton,first spell in data,0.7
2018/19,2019-04-13,Brighton,Bournemouth,Home,0,5,0,0.21,2.77,Chris Hughton,first spell in data,0.7
2018/19,2019-04-16,Brighton,Cardiff,Home,0,2,0,0.59,0.82,Chris Hughton,first spell in data,0.7
2018/19,2019-04-20,Brighton,Wolves,Away,0,0,1,0.12,2.6,Chris Hughton,first spell in data,0.8
2018/19,2019-04-23,Brighton,Tottenham,Away,0,1,0,0.14,1.0,Chris Hughton,first spell in data,0.7
2018/19,2019-04-27,Brighton,Newcastle,Home,1,1,1,1.2,0.44,Chris Hughton,first spell in data,0.8
2018/19,2019-05-05,Brighton,Arsenal,Away,1,1,1,1.91,2.36,Chris Hughton,first spell in data,0.9
2018/19,2019-05-12,Brighton,Man City,Home,1,4,0,0.6,2.22,Chris Hughton,first spell in data,0.6
2019/20,2019-08-10,Brighton,Watford,Away,3,0,3,0.86,0.67,Graham Potter,permanent,0.6
2019/20,2019-08-17,Brighton,West Ham,Home,1,1,1,2.4,1.01,Graham Potter,permanent,0.7
2019/20,2019-08-24,Brighton,Southampton,Home,0,2,0,1.0,2.08,Graham Potter,permanent,0.7
2019/20,2019-08-31,Brighton,Man City,Away,0,4,0,0.86,2.31,Graham Potter,permanent,0.7
2019/20,2019-09-14,Brighton,Burnley,Home,1,1,1,1.69,0.34,Graham Potter,permanent,0.8
2019/20,2019-09-21,Brighton,Newcastle,Away,0,0,1,1.22,1.1,Graham Potter,permanent,0.8
2019/20,2019-09-28,Brighton,Chelsea,Away,0,2,0,0.62,4.26,Graham Potter,permanent,0.8
2019/20,2019-10-05,Brighton,Tottenham,Home,3,0,3,2.6,0.48,Graham Potter,permanent,1.0
2019/20,2019-10-19,Brighton,Aston Villa,Away,1,2,0,1.32,2.97,Graham Potter,permanent,0.9
2019/20,2019-10-26,Brighton,Everton,Home,3,2,3,1.15,1.05,Graham Potter,permanent,1.2
2019/20,2019-11-02,Brighton,Norwich,Home,2,0,3,2.65,0.46,Graham Potter,permanent,1.2
2019/20,2019-11-10,Brighton,Man United,Away,1,3,0,1.13,3.65,Graham Potter,permanent,1.1
2019/20,2019-11-23,Brighton,Leicester,Home,0,2,0,0.78,3.51,Graham Potter,permanent,1.1
2019/20,2019-11-30,Brighton,Liverpool,Away,1,2,0,0.87,1.37,Graham Potter,permanent,1.1
2019/20,2019-12-05,Brighton,Arsenal,Away,2,1,3,1.53,0.97,Graham Potter,permanent,1.3
2019/20,2019-12-08,Brighton,Wolves,Home,2,2,1,0.95,1.87,Graham Potter,permanent,1.3
2019/20,2019-12-16,Brighton,Crystal Palace,Away,1,1,1,2.48,0.48,Graham Potter,permanent,1.4
2019/20,2019-12-21,Brighton,Sheffield United,Home,0,1,0,0.43,1.66,Graham Potter,permanent,1.1
2019/20,2019-12-26,Brighton,Tottenham,Away,1,2,0,1.09,1.03,Graham Potter,permanent,1.1
2019/20,2019-12-28,Brighton,Bournemouth,Home,2,0,3,1.06,0.5,Graham Potter,permanent,1.1
2019/20,2020-01-01,Brighton,Chelsea,Home,1,1,1,1.57,1.57,Graham Potter,permanent,0.9
2019/20,2020-01-11,Brighton,Everton,Away,0,1,0,1.53,2.03,Graham Potter,permanent,0.9
2019/20,2020-01-18,Brighton,Aston Villa,Home,1,1,1,1.3,1.02,Graham Potter,permanent,1.0
2019/20,2020-01-21,Brighton,Bournemouth,Away,1,3,0,1.97,1.92,Graham Potter,permanent,1.0
2019/20,2020-02-01,Brighton,West Ham,Away,3,3,1,2.03,1.31,Graham Potter,permanent,0.8
2019/20,2020-02-08,Brighton,Watford,Home,1,1,1,0.76,0.28,Graham Potter,permanent,0.8
2019/20,2020-02-22,Brighton,Sheffield United,Away,1,1,1,1.06,1.66,Graham Potter,permanent,0.8
2019/20,2020-02-29,Brighton,Crystal Palace,Home,0,1,0,1.79,2.17,Graham Potter,permanent,0.8
2019/20,2020-03-07,Brighton,Wolves,Away,0,0,1,0.31,0.9,Graham Potter,permanent,0.9
2019/20,2020-06-20,Brighton,Arsenal,Home,2,1,3,0.67,0.7,Graham Potter,permanent,0.9
2019/20,2020-06-23,Brighton,Leicester,Away,0,0,1,1.1,0.51,Graham Potter,permanent,0.9
2019/20,2020-06-30,Brighton,Man United,Home,0,3,0,0.31,1.21,Graham Potter,permanent,0.9
2019/20,2020-07-04,Brighton,Norwich,Away,1,0,3,0.9,0.55,Graham Potter,permanent,1.1
2019/20,2020-07-08,Brighton,Liverpool,Home,1,3,0,2.36,2.62,Graham Potter,permanent,1.1
2019/20,2020-07-11,Brighton,Man City,Home,0,5,0,0.15,5.52,Graham Potter,permanent,1.0
2019/20,2020-07-16,Brighton,Southampton,Away,1,1,1,0.67,2.34,Graham Potter,permanent,1.0
2019/20,2020-07-20,Brighton,Newcastle,Home,0,0,1,0.86,0.93,Graham Potter,permanent,1.0
2019/20,2020-07-26,Brighton,Burnley,Away,2,1,3,1.37,1.44,Graham Potter,permanent,1.3
2020/21,2020-09-14,Brighton,Chelsea,Home,1,3,0,1.44,1.27,Graham Potter,permanent,1.2
2020/21,2020-09-20,Brighton,Newcastle,Away,3,0,3,1.88,0.52,Graham Potter,permanent,1.2
2020/21,2020-09-26,Brighton,Man United,Home,2,3,0,2.98,1.58,Graham Potter,permanent,1.1
2020/21,2020-10-03,Brighton,Everton,Away,2,4,0,1.17,2.34,Graham Potter,permanent,1.1
2020/21,2020-10-18,Brighton,Crystal Palace,Away,1,1,1,1.09,0.76,Graham Potter,permanent,0.9
2020/21,2020-10-26,Brighton,West Brom,Home,1,1,1,0.55,0.3,Graham Potter,permanent,1.0
2020/21,2020-11-01,Brighton,Tottenham,Away,1,2,0,0.32,1.97,Graham Potter,permanent,1.0
2020/21,2020-11-06,Brighton,Burnley,Home,0,0,1,1.59,0.33,Graham Potter,permanent,1.0
2020/21,2020-11-21,Brighton,Aston Villa,Away,2,1,3,1.5,1.77,Graham Potter,permanent,1.2
2020/21,2020-11-28,Brighton,Liverpool,Home,1,1,1,2.31,0.28,Graham Potter,permanent,1.0
2020/21,2020-12-07,Brighton,Southampton,Home,1,2,0,2.03,1.35,Graham Potter,permanent,1.0
2020/21,2020-12-13,Brighton,Leicester,Away,0,3,0,0.79,1.64,Graham Potter,permanent,0.7
2020/21,2020-12-16,Brighton,Fulham,Away,0,0,1,0.46,1.0,Graham Potter,permanent,0.8
2020/21,2020-12-20,Brighton,Sheffield United,Home,1,1,1,2.9,1.04,Graham Potter,permanent,0.9
2020/21,2020-12-27,Brighton,West Ham,Away,2,2,1,1.51,1.39,Graham Potter,permanent,0.9
2020/21,2020-12-29,Brighton,Arsenal,Home,0,1,0,0.8,1.31,Graham Potter,permanent,0.8
2020/21,2021-01-02,Brighton,Wolves,Home,3,3,1,2.42,1.82,Graham Potter,permanent,0.9
2020/21,2021-01-13,Brighton,Man City,Away,0,1,0,0.18,2.91,Graham Potter,permanent,0.8
2020/21,2021-01-16,Brighton,Leeds,Away,1,0,3,1.14,0.25,Graham Potter,permanent,0.8
2020/21,2021-01-27,Brighton,Fulham,Home,0,0,1,2.29,0.51,Graham Potter,permanent,0.8
2020/21,2021-01-31,Brighton,Tottenham,Home,1,0,3,1.77,0.37,Graham Potter,permanent,1.1
2020/21,2021-02-03,Brighton,Liverpool,Away,1,0,3,1.19,1.1,Graham Potter,permanent,1.4
2020/21,2021-02-06,Brighton,Burnley,Away,1,1,1,0.61,1.89,Graham Potter,permanent,1.4
2020/21,2021-02-13,Brighton,Aston Villa,Home,0,0,1,2.33,0.14,Graham Potter,permanent,1.4
2020/21,2021-02-22,Brighton,Crystal Palace,Home,1,2,0,2.59,0.18,Graham Potter,permanent,1.3
2020/21,2021-02-27,Brighton,West Brom,Away,0,1,0,3.12,0.69,Graham Potter,permanent,1.3
2020/21,2021-03-06,Brighton,Leicester,Home,1,2,0,0.75,1.04,Graham Potter,permanent,1.2
2020/21,2021-03-14,Brighton,Southampton,Away,2,1,3,0.9,1.03,Graham Potter,permanent,1.5
2020/21,2021-03-20,Brighton,Newcastle,Home,3,0,3,0.95,0.1,Graham Potter,permanent,1.5
2020/21,2021-04-04,Brighton,Man United,Away,1,2,0,1.41,1.73,Graham Potter,permanent,1.4
2020/21,2021-04-12,Brighton,Everton,Home,0,0,1,1.16,0.31,Graham Potter,permanent,1.2
2020/21,2021-04-20,Brighton,Chelsea,Away,0,0,1,0.46,0.81,Graham Potter,permanent,1.0
2020/21,2021-04-24,Brighton,Sheffield United,Away,0,1,0,2.06,0.79,Graham Potter,permanent,0.9
2020/21,2021-05-01,Brighton,Leeds,Home,2,0,3,2.53,0.51,Graham Potter,permanent,1.1
2020/21,2021-05-09,Brighton,Wolves,Away,1,2,0,0.28,1.12,Graham Potter,permanent,1.1
2020/21,2021-05-15,Brighton,West Ham,Home,1,1,1,0.92,1.92,Graham Potter,permanent,1.2
2020/21,2021-05-18,Brighton,Man City,Home,3,2,3,1.23,1.07,Graham Potter,permanent,1.5
2020/21,2021-05-23,Brighton,Arsenal,Away,0,2,0,0.19,0.77,Graham Potter,permanent,1.2
2021/22,2021-08-14,Brighton,Burnley,Away,2,1,3,1.69,1.8,Graham Potter,permanent,1.2
2021/22,2021-08-21,Brighton,Watford,Home,2,0,3,1.78,0.41,Graham Potter,permanent,1.5
2021/22,2021-08-28,Brighton,Everton,Home,0,2,0,0.7,1.55,Graham Potter,permanent,1.4
2021/22,2021-09-11,Brighton,Brentford,Away,1,0,3,0.29,0.73,Graham Potter,permanent,1.6
2021/22,2021-09-19,Brighton,Leicester,Home,2,1,3,1.47,1.25,Graham Potter,permanent,1.9
2021/22,2021-09-27,Brighton,Crystal Palace,Away,1,1,1,0.65,1.37,Graham Potter,permanent,1.7
2021/22,2021-10-02,Brighton,Arsenal,Home,0,0,1,1.12,0.36,Graham Potter,permanent,1.8
2021/22,2021-10-16,Brighton,Norwich,Away,0,0,1,1.18,1.16,Graham Potter,permanent,1.8
2021/22,2021-10-23,Brighton,Man City,Home,1,4,0,1.17,3.57,Graham Potter,permanent,1.5
2021/22,2021-10-30,Brighton,Liverpool,Away,2,2,1,1.51,1.4,Graham Potter,permanent,1.6
2021/22,2021-11-06,Brighton,Newcastle,Home,1,1,1,1.43,0.23,Graham Potter,permanent,1.4
2021/22,2021-11-20,Brighton,Aston Villa,Away,0,2,0,0.58,1.07,Graham Potter,permanent,1.1
2021/22,2021-11-27,Brighton,Leeds,Home,0,0,1,1.9,0.86,Graham Potter,permanent,1.2
2021/22,2021-12-01,Brighton,West Ham,Away,1,1,1,1.26,1.15,Graham Potter,permanent,1.0
2021/22,2021-12-04,Brighton,Southampton,Away,1,1,1,1.49,1.34,Graham Potter,permanent,0.8
2021/22,2021-12-15,Brighton,Wolves,Home,0,1,0,1.2,1.12,Graham Potter,permanent,0.7
2021/22,2021-12-26,Brighton,Brentford,Home,2,0,3,0.94,1.1,Graham Potter,permanent,0.9
2021/22,2021-12-29,Brighton,Chelsea,Away,1,1,1,0.79,0.76,Graham Potter,permanent,0.9
2021/22,2022-01-02,Brighton,Everton,Away,3,2,3,1.48,1.83,Graham Potter,permanent,1.2
2021/22,2022-01-14,Brighton,Crystal Palace,Home,1,1,1,2.18,0.51,Graham Potter,permanent,1.2
2021/22,2022-01-18,Brighton,Chelsea,Home,1,1,1,0.75,0.57,Graham Potter,permanent,1.2
2021/22,2022-01-23,Brighton,Leicester,Away,1,1,1,1.2,1.71,Graham Potter,permanent,1.3
2021/22,2022-02-12,Brighton,Watford,Away,2,0,3,1.8,0.53,Graham Potter,permanent,1.5
2021/22,2022-02-15,Brighton,Man United,Away,0,2,0,1.26,2.75,Graham Potter,permanent,1.4
2021/22,2022-02-19,Brighton,Burnley,Home,0,3,0,0.45,0.82,Graham Potter,permanent,1.3
2021/22,2022-02-26,Brighton,Aston Villa,Home,0,2,0,0.63,1.3,Graham Potter,permanent,1.3
2021/22,2022-03-05,Brighton,Newcastle,Away,1,2,0,1.65,1.58,Graham Potter,permanent,1.0
2021/22,2022-03-12,Brighton,Liverpool,Home,0,2,0,0.63,2.48,Graham Potter,permanent,0.9
2021/22,2022-03-16,Brighton,Tottenham,Home,0,2,0,1.04,2.05,Graham Potter,permanent,0.6
2021/22,2022-04-02,Brighton,Norwich,Home,0,0,1,2.38,0.49,Graham Potter,permanent,0.6
2021/22,2022-04-09,Brighton,Arsenal,Away,2,1,3,0.6,2.35,Graham Potter,permanent,0.8
2021/22,2022-04-16,Brighton,Tottenham,Away,1,0,3,0.71,0.59,Graham Potter,permanent,1.0
2021/22,2022-04-20,Brighton,Man City,Away,0,3,0,0.12,1.53,Graham Potter,permanent,0.7
2021/22,2022-04-24,Brighton,Southampton,Home,2,2,1,1.87,0.93,Graham Potter,permanent,0.8
2021/22,2022-04-30,Brighton,Wolves,Away,3,0,3,2.91,0.53,Graham Potter,permanent,1.1
2021/22,2022-05-07,Brighton,Man United,Home,4,0,3,2.83,0.93,Graham Potter,permanent,1.4
2021/22,2022-05-15,Brighton,Leeds,Away,1,1,1,2.26,2.22,Graham Potter,permanent,1.5
2021/22,2022-05-22,Brighton,West Ham,Home,3,1,3,1.68,0.27,Graham Potter,permanent,1.8
2022/23,2022-08-07,Brighton,Man United,Away,2,1,3,1.73,1.42,Graham Potter,permanent,2.1
2022/23,2022-08-13,Brighton,Newcastle,Home,0,0,1,1.61,0.18,Graham Potter,permanent,2.1
2022/23,2022-08-21,Brighton,West Ham,Away,2,0,3,1.83,0.77,Graham Potter,permanent,2.1
2022/23,2022-08-27,Brighton,Leeds,Home,1,0,3,1.61,1.15,Graham Potter,permanent,2.1
2022/23,2022-08-30,Brighton,Fulham,Away,1,2,0,1.75,1.07,Graham Potter,permanent,2.1
2022/23,2022-09-04,Brighton,Leicester,Home,5,2,3,2.73,1.07,Graham Potter,permanent,2.3
2022/23,2022-10-01,Brighton,Liverpool,Away,3,3,1,2.37,2.15,Roberto De Zerbi,permanent,2.1
2022/23,2022-10-08,Brighton,Tottenham,Home,0,1,0,0.9,0.77,Roberto De Zerbi,permanent,1.8
2022/23,2022-10-14,Brighton,Brentford,Away,0,2,0,2.16,1.91,Roberto De Zerbi,permanent,1.7
2022/23,2022-10-18,Brighton,Nott'm Forest,Home,0,0,1,2.1,0.2,Roberto De Zerbi,permanent,1.5
2022/23,2022-10-22,Brighton,Man City,Away,1,3,0,0.53,1.86,Roberto De Zerbi,permanent,1.2
2022/23,2022-10-29,Brighton,Chelsea,Home,4,1,3,2.88,1.08,Roberto De Zerbi,permanent,1.4
2022/23,2022-11-05,Brighton,Wolves,Away,3,2,3,1.87,1.29,Roberto De Zerbi,permanent,1.4
2022/23,2022-11-13,Brighton,Aston Villa,Home,1,2,0,0.83,1.15,Roberto De Zerbi,permanent,1.1
2022/23,2022-12-26,Brighton,Southampton,Away,3,1,3,1.01,1.71,Roberto De Zerbi,permanent,1.4
2022/23,2022-12-31,Brighton,Arsenal,Home,2,4,0,1.16,3.22,Roberto De Zerbi,permanent,1.1
2022/23,2023-01-03,Brighton,Everton,Away,4,1,3,2.51,1.17,Roberto De Zerbi,permanent,1.3
2022/23,2023-01-14,Brighton,Liverpool,Home,3,0,3,2.4,1.29,Roberto De Zerbi,permanent,1.6
2022/23,2023-01-21,Brighton,Leicester,Away,2,2,1,1.94,1.36,Roberto De Zerbi,permanent,1.7
2022/23,2023-02-04,Brighton,Bournemouth,Home,1,0,3,2.56,0.91,Roberto De Zerbi,permanent,1.9
2022/23,2023-02-11,Brighton,Crystal Palace,Away,1,1,1,2.65,0.93,Roberto De Zerbi,permanent,2.0
2022/23,2023-02-18,Brighton,Fulham,Home,0,1,0,2.71,0.22,Roberto De Zerbi,permanent,1.7
2022/23,2023-03-04,Brighton,West Ham,Home,4,0,3,3.5,0.25,Roberto De Zerbi,permanent,1.7
2022/23,2023-03-11,Brighton,Leeds,Away,2,2,1,1.51,0.6,Roberto De Zerbi,permanent,1.8
2022/23,2023-03-15,Brighton,Crystal Palace,Home,1,0,3,0.59,1.21,Roberto De Zerbi,permanent,1.8
2022/23,2023-04-01,Brighton,Brentford,Home,3,3,1,3.82,1.28,Roberto De Zerbi,permanent,1.9
2022/23,2023-04-04,Brighton,Bournemouth,Away,2,0,3,2.63,1.15,Roberto De Zerbi,permanent,1.9
2022/23,2023-04-08,Brighton,Tottenham,Away,1,2,0,1.48,0.59,Roberto De Zerbi,permanent,1.6
2022/23,2023-04-15,Brighton,Chelsea,Away,2,1,3,2.52,0.46,Roberto De Zerbi,permanent,1.8
2022/23,2023-04-26,Brighton,Nott'm Forest,Away,1,3,0,2.33,2.44,Roberto De Zerbi,permanent,1.5
2022/23,2023-04-29,Brighton,Wolves,Home,6,0,3,3.6,0.6,Roberto De Zerbi,permanent,1.7
2022/23,2023-05-04,Brighton,Man United,Home,1,0,3,2.1,1.32,Roberto De Zerbi,permanent,2.0
2022/23,2023-05-08,Brighton,Everton,Home,1,5,0,3.24,2.94,Roberto De Zerbi,permanent,1.7
2022/23,2023-05-14,Brighton,Arsenal,Away,3,0,3,2.21,0.96,Roberto De Zerbi,permanent,1.9
2022/23,2023-05-18,Brighton,Newcastle,Away,1,4,0,0.59,4.11,Roberto De Zerbi,permanent,1.6
2022/23,2023-05-21,Brighton,Southampton,Home,3,1,3,2.41,0.86,Roberto De Zerbi,permanent,1.8
2022/23,2023-05-24,Brighton,Man City,Home,1,1,1,2.11,1.93,Roberto De Zerbi,permanent,1.6
2022/23,2023-05-28,Brighton,Aston Villa,Away,1,2,0,1.23,2.56,Roberto De Zerbi,permanent,1.6
2023/24,2023-08-12,Brighton,Luton,Home,4,1,3,4.37,1.89,Roberto De Zerbi,permanent,1.6
2023/24,2023-08-19,Brighton,Wolves,Away,4,1,3,3.16,2.69,Roberto De Zerbi,permanent,1.9
2023/24,2023-08-26,Brighton,West Ham,Home,1,3,0,1.37,2.95,Roberto De Zerbi,permanent,1.6
2023/24,2023-09-02,Brighton,Newcastle,Home,3,1,3,1.32,0.9,Roberto De Zerbi,permanent,1.6
2023/24,2023-09-16,Brighton,Man United,Away,3,1,3,1.94,0.72,Roberto De Zerbi,permanent,1.9
2023/24,2023-09-24,Brighton,Bournemouth,Home,3,1,3,2.15,1.59,Roberto De Zerbi,permanent,1.9
2023/24,2023-09-30,Brighton,Aston Villa,Away,1,6,0,1.73,1.91,Roberto De Zerbi,permanent,1.9
2023/24,2023-10-08,Brighton,Liverpool,Home,2,2,1,2.23,2.51,Roberto De Zerbi,permanent,1.7
2023/24,2023-10-21,Brighton,Man City,Away,1,2,0,0.96,0.96,Roberto De Zerbi,permanent,1.6
2023/24,2023-10-29,Brighton,Fulham,Home,1,1,1,1.32,0.55,Roberto De Zerbi,permanent,1.7
2023/24,2023-11-04,Brighton,Everton,Away,1,1,1,0.44,0.62,Roberto De Zerbi,permanent,1.5
2023/24,2023-11-12,Brighton,Sheffield United,Home,1,1,1,1.09,0.84,Roberto De Zerbi,permanent,1.3
2023/24,2023-11-25,Brighton,Nott'm Forest,Away,3,2,3,1.22,2.23,Roberto De Zerbi,permanent,1.6
2023/24,2023-12-03,Brighton,Chelsea,Away,2,3,0,0.86,1.66,Roberto De Zerbi,permanent,1.3
2023/24,2023-12-06,Brighton,Brentford,Home,2,1,3,1.54,1.22,Roberto De Zerbi,permanent,1.3
2023/24,2023-12-09,Brighton,Burnley,Home,1,1,1,2.96,1.05,Roberto De Zerbi,permanent,1.1
2023/24,2023-12-17,Brighton,Arsenal,Away,0,2,0,0.66,2.77,Roberto De Zerbi,permanent,1.1
2023/24,2023-12-21,Brighton,Crystal Palace,Away,1,1,1,1.34,1.65,Roberto De Zerbi,permanent,1.1
2023/24,2023-12-28,Brighton,Tottenham,Home,4,2,3,3.85,2.07,Roberto De Zerbi,permanent,1.4
2023/24,2024-01-02,Brighton,West Ham,Away,0,0,1,2.16,0.98,Roberto De Zerbi,permanent,1.4
2023/24,2024-01-22,Brighton,Wolves,Home,0,0,1,1.37,1.14,Roberto De Zerbi,permanent,1.4
2023/24,2024-01-30,Brighton,Luton,Away,0,4,0,1.01,3.63,Roberto De Zerbi,permanent,1.3
2023/24,2024-02-03,Brighton,Crystal Palace,Home,4,1,3,1.93,0.24,Roberto De Zerbi,permanent,1.3
2023/24,2024-02-10,Brighton,Tottenham,Away,1,2,0,1.49,2.11,Roberto De Zerbi,permanent,1.3
2023/24,2024-02-18,Brighton,Sheffield United,Away,5,0,3,3.36,0.59,Roberto De Zerbi,permanent,1.3
2023/24,2024-02-24,Brighton,Everton,Home,1,1,1,1.65,0.29,Roberto De Zerbi,permanent,1.3
2023/24,2024-03-02,Brighton,Fulham,Away,0,3,0,1.15,1.38,Roberto De Zerbi,permanent,1.3
2023/24,2024-03-10,Brighton,Nott'm Forest,Home,1,0,3,0.53,0.69,Roberto De Zerbi,permanent,1.5
2023/24,2024-03-31,Brighton,Liverpool,Away,1,2,0,0.44,3.21,Roberto De Zerbi,permanent,1.2
2023/24,2024-04-03,Brighton,Brentford,Away,0,0,1,1.22,0.42,Roberto De Zerbi,permanent,1.2
2023/24,2024-04-06,Brighton,Arsenal,Home,0,3,0,0.43,4.17,Roberto De Zerbi,permanent,1.1
2023/24,2024-04-13,Brighton,Burnley,Away,1,1,1,0.89,1.85,Roberto De Zerbi,permanent,1.2
2023/24,2024-04-25,Brighton,Man City,Home,0,4,0,0.57,1.91,Roberto De Zerbi,permanent,0.9
2023/24,2024-04-28,Brighton,Bournemouth,Away,0,3,0,1.36,2.48,Roberto De Zerbi,permanent,0.9
2023/24,2024-05-05,Brighton,Aston Villa,Home,1,0,3,2.64,0.06,Roberto De Zerbi,permanent,0.9
2023/24,2024-05-11,Brighton,Newcastle,Away,1,1,1,1.92,2.45,Roberto De Zerbi,permanent,0.9
2023/24,2024-05-15,Brighton,Chelsea,Home,1,2,0,1.32,1.54,Roberto De Zerbi,permanent,0.9
2023/24,2024-05-19,Brighton,Man United,Home,0,2,0,1.97,1.0,Roberto De Zerbi,permanent,0.6
2024/25,2024-08-17,Brighton,Everton,Away,3,0,3,1.79,0.41,Fabian Hürzeler,permanent,0.9
2024/25,2024-08-24,Brighton,Man United,Home,2,1,3,2.14,1.29,Fabian Hürzeler,permanent,1.1
2024/25,2024-08-31,Brighton,Arsenal,Away,1,1,1,1.82,2.42,Fabian Hürzeler,permanent,1.2
2024/25,2024-09-14,Brighton,Ipswich,Home,0,0,1,1.76,0.72,Fabian Hürzeler,permanent,1.2
2024/25,2024-09-22,Brighton,Nott'm Forest,Home,2,2,1,1.57,1.37,Fabian Hürzeler,permanent,1.3
2024/25,2024-09-28,Brighton,Chelsea,Away,2,4,0,1.21,3.66,Fabian Hürzeler,permanent,1.3
2024/25,2024-10-06,Brighton,Tottenham,Home,3,2,3,1.97,1.09,Fabian Hürzeler,permanent,1.3
2024/25,2024-10-19,Brighton,Newcastle,Away,1,0,3,1.68,1.94,Fabian Hürzeler,permanent,1.5
2024/25,2024-10-26,Brighton,Wolves,Home,2,2,1,1.51,1.11,Fabian Hürzeler,permanent,1.6
2024/25,2024-11-02,Brighton,Liverpool,Away,1,2,0,1.02,1.81,Fabian Hürzeler,permanent,1.6
2024/25,2024-11-09,Brighton,Man City,Home,2,1,3,2.87,2.6,Fabian Hürzeler,permanent,1.6
2024/25,2024-11-23,Brighton,Bournemouth,Away,2,1,3,1.23,1.91,Fabian Hürzeler,permanent,1.6
2024/25,2024-11-29,Brighton,Southampton,Home,1,1,1,1.87,0.93,Fabian Hürzeler,permanent,1.6
2024/25,2024-12-05,Brighton,Fulham,Away,1,3,0,1.1,0.67,Fabian Hürzeler,permanent,1.5
2024/25,2024-12-08,Brighton,Leicester,Away,2,2,1,1.12,1.42,Fabian Hürzeler,permanent,1.5
2024/25,2024-12-15,Brighton,Crystal Palace,Home,1,3,0,1.32,3.01,Fabian Hürzeler,permanent,1.5
2024/25,2024-12-21,Brighton,West Ham,Away,1,1,1,1.34,1.23,Fabian Hürzeler,permanent,1.3
2024/25,2024-12-27,Brighton,Brentford,Home,0,0,1,1.34,0.96,Fabian Hürzeler,permanent,1.1
2024/25,2024-12-30,Brighton,Aston Villa,Away,2,2,1,0.94,1.88,Fabian Hürzeler,permanent,1.1
2024/25,2025-01-04,Brighton,Arsenal,Home,1,1,1,1.77,1.81,Fabian Hürzeler,permanent,1.2
2024/25,2025-01-16,Brighton,Ipswich,Away,2,0,3,1.06,0.27,Fabian Hürzeler,permanent,1.2
2024/25,2025-01-19,Brighton,Man United,Away,3,1,3,2.17,1.32,Fabian Hürzeler,permanent,1.2
2024/25,2025-01-25,Brighton,Everton,Home,0,1,0,0.64,0.87,Fabian Hürzeler,permanent,1.1
2024/25,2025-02-01,Brighton,Nott'm Forest,Away,0,7,0,0.76,4.07,Fabian Hürzeler,permanent,1.1
2024/25,2025-02-14,Brighton,Chelsea,Home,3,0,3,2.07,0.65,Fabian Hürzeler,permanent,1.3
2024/25,2025-02-22,Brighton,Southampton,Away,4,0,3,5.12,0.15,Fabian Hürzeler,permanent,1.6
2024/25,2025-02-25,Brighton,Bournemouth,Home,2,1,3,2.58,1.7,Fabian Hürzeler,permanent,1.8
2024/25,2025-03-08,Brighton,Fulham,Home,2,1,3,1.94,0.71,Fabian Hürzeler,permanent,2.0
2024/25,2025-03-15,Brighton,Man City,Away,2,2,1,2.11,2.03,Fabian Hürzeler,permanent,2.0
2024/25,2025-04-02,Brighton,Aston Villa,Home,0,3,0,0.56,1.21,Fabian Hürzeler,permanent,1.9
2024/25,2025-04-05,Brighton,Crystal Palace,Away,1,2,0,1.27,0.44,Fabian Hürzeler,permanent,1.6
2024/25,2025-04-12,Brighton,Leicester,Home,2,2,1,3.7,1.98,Fabian Hürzeler,permanent,1.4
2024/25,2025-04-19,Brighton,Brentford,Away,2,4,0,1.24,2.96,Fabian Hürzeler,permanent,1.4
2024/25,2025-04-26,Brighton,West Ham,Home,3,2,3,1.29,1.24,Fabian Hürzeler,permanent,1.7
2024/25,2025-05-04,Brighton,Newcastle,Home,1,1,1,0.69,1.64,Fabian Hürzeler,permanent,1.5
2024/25,2025-05-10,Brighton,Wolves,Away,2,0,3,1.41,0.73,Fabian Hürzeler,permanent,1.5
2024/25,2025-05-19,Brighton,Liverpool,Home,3,2,3,2.18,3.06,Fabian Hürzeler,permanent,1.5
2024/25,2025-05-25,Brighton,Tottenham,Away,4,1,3,3.12,1.85,Fabian Hürzeler,permanent,1.5
2025/26,2025-08-16,Brighton,Fulham,Home,1,1,1,1.44,0.9,Fabian Hürzeler,permanent,1.5
2025/26,2025-08-24,Brighton,Everton,Away,0,2,0,2.08,1.8,Fabian Hürzeler,permanent,1.5
2025/26,2025-08-31,Brighton,Man City,Home,2,1,3,2.21,2.13,Fabian Hürzeler,permanent,1.8
2025/26,2025-09-13,Brighton,Bournemouth,Away,1,2,0,0.62,1.44,Fabian Hürzeler,permanent,1.7
2025/26,2025-09-20,Brighton,Tottenham,Home,2,2,1,1.4,1.19,Fabian Hürzeler,permanent,1.8
2025/26,2025-09-27,Brighton,Chelsea,Away,3,1,3,2.48,2.03,Fabian Hürzeler,permanent,1.8
2025/26,2025-10-05,Brighton,Wolves,Away,1,1,1,1.39,0.37,Fabian Hürzeler,permanent,1.8
2025/26,2025-10-18,Brighton,Newcastle,Home,2,1,3,0.86,1.28,Fabian Hürzeler,permanent,1.8
2025/26,2025-10-25,Brighton,Man United,Away,2,4,0,0.95,1.96,Fabian Hürzeler,permanent,1.5
2025/26,2025-11-01,Brighton,Leeds,Home,3,0,3,2.64,0.36,Fabian Hürzeler,permanent,1.5
2025/26,2025-11-09,Brighton,Crystal Palace,Away,0,0,1,0.64,0.84,Fabian Hürzeler,permanent,1.5
2025/26,2025-11-22,Brighton,Brentford,Home,2,1,3,0.98,2.2,Fabian Hürzeler,permanent,1.8
2025/26,2025-11-30,Brighton,Nott'm Forest,Away,2,0,3,2.06,0.96,Fabian Hürzeler,permanent,1.8
2025/26,2025-12-03,Brighton,Aston Villa,Home,3,4,0,1.96,3.16,Fabian Hürzeler,permanent,1.8
2025/26,2025-12-07,Brighton,West Ham,Home,1,1,1,2.1,1.71,Fabian Hürzeler,permanent,1.8
2025/26,2025-12-13,Brighton,Liverpool,Away,0,2,0,1.69,2.41,Fabian Hürzeler,permanent,1.5
2025/26,2025-12-20,Brighton,Sunderland,Home,0,0,1,0.92,1.31,Fabian Hürzeler,permanent,1.5
2025/26,2025-12-27,Brighton,Arsenal,Away,1,2,0,0.71,2.54,Fabian Hürzeler,permanent,1.2
2025/26,2025-12-30,Brighton,West Ham,Away,2,2,1,3.09,2.28,Fabian Hürzeler,permanent,1.3
2025/26,2026-01-03,Brighton,Burnley,Home,2,0,3,1.47,0.25,Fabian Hürzeler,permanent,1.3
2025/26,2026-01-07,Brighton,Man City,Away,1,1,1,1.33,2.96,Fabian Hürzeler,permanent,1.3
2025/26,2026-01-19,Brighton,Bournemouth,Home,1,1,1,1.0,1.7,Fabian Hürzeler,permanent,1.1
2025/26,2026-01-24,Brighton,Fulham,Away,1,2,0,1.95,1.13,Fabian Hürzeler,permanent,0.8
2025/26,2026-01-31,Brighton,Everton,Home,1,1,1,1.43,1.28,Fabian Hürzeler,permanent,0.9
2025/26,2026-02-08,Brighton,Crystal Palace,Home,0,1,0,0.74,0.93,Fabian Hürzeler,permanent,0.8
2025/26,2026-02-11,Brighton,Aston Villa,Away,0,1,0,0.48,0.58,Fabian Hürzeler,permanent,0.8
2025/26,2026-02-21,Brighton,Brentford,Away,2,0,3,1.37,1.69,Fabian Hürzeler,permanent,1.0
2025/26,2026-03-01,Brighton,Nott'm Forest,Home,2,1,3,1.2,0.83,Fabian Hürzeler,permanent,1.3
2025/26,2026-03-04,Brighton,Arsenal,Home,0,1,0,0.92,0.51,Fabian Hürzeler,permanent,1.2
2025/26,2026-03-14,Brighton,Sunderland,Away,1,0,3,1.13,0.66,Fabian Hürzeler,permanent,1.2
2025/26,2026-03-21,Brighton,Liverpool,Home,2,1,3,3.43,0.96,Fabian Hürzeler,permanent,1.4
2025/26,2026-04-11,Brighton,Burnley,Away,2,0,3,1.07,0.81,Fabian Hürzeler,permanent,1.6
2025/26,2026-04-18,Brighton,Tottenham,Away,2,2,1,1.14,1.56,Fabian Hürzeler,permanent,1.7
2025/26,2026-04-21,Brighton,Chelsea,Home,3,0,3,2.52,0.3,Fabian Hürzeler,permanent,1.9
2025/26,2026-05-02,Brighton,Newcastle,Away,1,3,0,1.87,3.13,Fabian Hürzeler,permanent,1.9
2025/26,2026-05-09,Brighton,Wolves,Home,3,0,3,2.22,0.52,Fabian Hürzeler,permanent,2.2
2025/26,2026-05-17,Brighton,Leeds,Away,0,1,0,2.23,0.75,Fabian Hürzeler,permanent,1.9
2025/26,2026-05-24,Brighton,Man United,Home,0,3,0,0.7,2.33,Fabian Hürzeler,permanent,1.6
2014/15,2014-08-18,Burnley,Chelsea,Home,1,3,0,0.37,2.13,Sean Dyche,first spell in data,
2014/15,2014-08-23,Burnley,Swansea,Away,0,1,0,0.84,0.91,Sean Dyche,first spell in data,
2014/15,2014-08-30,Burnley,Man United,Home,0,0,1,0.51,0.47,Sean Dyche,first spell in data,
2014/15,2014-09-13,Burnley,Crystal Palace,Away,0,0,1,1.25,0.78,Sean Dyche,first spell in data,
2014/15,2014-09-20,Burnley,Sunderland,Home,0,0,1,0.71,0.64,Sean Dyche,first spell in data,
2014/15,2014-09-28,Burnley,West Brom,Away,0,4,0,0.47,1.81,Sean Dyche,first spell in data,
2014/15,2014-10-04,Burnley,Leicester,Away,2,2,1,0.96,1.58,Sean Dyche,first spell in data,
2014/15,2014-10-18,Burnley,West Ham,Home,1,3,0,1.74,2.84,Sean Dyche,first spell in data,
2014/15,2014-10-26,Burnley,Everton,Home,1,3,0,1.56,1.32,Sean Dyche,first spell in data,
2014/15,2014-11-01,Burnley,Arsenal,Away,0,3,0,0.68,4.33,Sean Dyche,first spell in data,0.4
2014/15,2014-11-08,Burnley,Hull,Home,1,0,3,1.1,0.53,Sean Dyche,first spell in data,0.7
2014/15,2014-11-22,Burnley,Stoke,Away,2,1,3,1.28,1.94,Sean Dyche,first spell in data,1.0
2014/15,2014-11-29,Burnley,Aston Villa,Home,1,1,1,2.31,1.09,Sean Dyche,first spell in data,1.0
2014/15,2014-12-02,Burnley,Newcastle,Home,1,1,1,0.68,1.0,Sean Dyche,first spell in data,1.0
2014/15,2014-12-06,Burnley,QPR,Away,0,2,0,1.26,1.64,Sean Dyche,first spell in data,0.9
2014/15,2014-12-13,Burnley,Southampton,Home,1,0,3,0.4,1.71,Sean Dyche,first spell in data,1.2
2014/15,2014-12-20,Burnley,Tottenham,Away,1,2,0,0.66,1.77,Sean Dyche,first spell in data,1.1
2014/15,2014-12-26,Burnley,Liverpool,Home,0,1,0,0.61,1.07,Sean Dyche,first spell in data,1.1
2014/15,2014-12-28,Burnley,Man City,Away,2,2,1,0.96,1.39,Sean Dyche,first spell in data,1.2
2014/15,2015-01-01,Burnley,Newcastle,Away,3,3,1,1.66,1.25,Sean Dyche,first spell in data,1.3
2014/15,2015-01-10,Burnley,QPR,Home,2,1,3,2.19,1.7,Sean Dyche,first spell in data,1.3
2014/15,2015-01-17,Burnley,Crystal Palace,Home,2,3,0,1.08,0.53,Sean Dyche,first spell in data,1.0
2014/15,2015-01-31,Burnley,Sunderland,Away,0,2,0,1.35,1.9,Sean Dyche,first spell in data,0.9
2014/15,2015-02-08,Burnley,West Brom,Home,2,2,1,1.1,2.55,Sean Dyche,first spell in data,0.9
2014/15,2015-02-11,Burnley,Man United,Away,1,3,0,1.85,1.62,Sean Dyche,first spell in data,0.9
2014/15,2015-02-21,Burnley,Chelsea,Away,1,1,1,0.51,1.54,Sean Dyche,first spell in data,0.7
2014/15,2015-02-28,Burnley,Swansea,Home,0,1,0,0.9,1.41,Sean Dyche,first spell in data,0.7
2014/15,2015-03-04,Burnley,Liverpool,Away,0,2,0,0.32,1.3,Sean Dyche,first spell in data,0.7
2014/15,2015-03-14,Burnley,Man City,Home,1,0,3,0.24,1.26,Sean Dyche,first spell in data,0.9
2014/15,2015-03-21,Burnley,Southampton,Away,0,2,0,1.05,1.92,Sean Dyche,first spell in data,0.8
2014/15,2015-04-05,Burnley,Tottenham,Home,0,0,1,1.51,0.38,Sean Dyche,first spell in data,0.6
2014/15,2015-04-11,Burnley,Arsenal,Home,0,1,0,0.66,1.21,Sean Dyche,first spell in data,0.6
2014/15,2015-04-18,Burnley,Everton,Away,0,1,0,1.06,2.36,Sean Dyche,first spell in data,0.6
2014/15,2015-04-25,Burnley,Leicester,Home,0,1,0,1.99,1.22,Sean Dyche,first spell in data,0.5
2014/15,2015-05-02,Burnley,West Ham,Away,0,1,0,0.76,3.24,Sean Dyche,first spell in data,0.5
2014/15,2015-05-09,Burnley,Hull,Away,1,0,3,1.21,1.13,Sean Dyche,first spell in data,0.7
2014/15,2015-05-16,Burnley,Stoke,Home,0,0,1,0.91,1.76,Sean Dyche,first spell in data,0.8
2014/15,2015-05-24,Burnley,Aston Villa,Away,1,0,3,0.66,0.65,Sean Dyche,first spell in data,1.1
2016/17,2016-08-13,Burnley,Swansea,Home,0,1,0,1.05,1.72,Sean Dyche,first spell in data,0.8
2016/17,2016-08-20,Burnley,Liverpool,Home,2,0,3,0.2,0.94,Sean Dyche,first spell in data,1.1
2016/17,2016-08-27,Burnley,Chelsea,Away,0,3,0,0.18,2.66,Sean Dyche,first spell in data,1.0
2016/17,2016-09-10,Burnley,Hull,Home,1,1,1,0.45,0.91,Sean Dyche,first spell in data,1.1
2016/17,2016-09-17,Burnley,Leicester,Away,0,3,0,0.46,1.99,Sean Dyche,first spell in data,1.1
2016/17,2016-09-26,Burnley,Watford,Home,2,0,3,0.57,0.78,Sean Dyche,first spell in data,1.4
2016/17,2016-10-02,Burnley,Arsenal,Home,0,1,0,0.61,1.85,Sean Dyche,first spell in data,1.4
2016/17,2016-10-16,Burnley,Southampton,Away,1,3,0,1.03,4.21,Sean Dyche,first spell in data,1.1
2016/17,2016-10-22,Burnley,Everton,Home,2,1,3,0.91,0.75,Sean Dyche,first spell in data,1.3
2016/17,2016-10-29,Burnley,Man United,Away,0,0,1,0.33,2.72,Sean Dyche,first spell in data,1.1
2016/17,2016-11-05,Burnley,Crystal Palace,Home,3,2,3,2.26,2.06,Sean Dyche,first spell in data,1.4
2016/17,2016-11-21,Burnley,West Brom,Away,0,4,0,0.57,1.41,Sean Dyche,first spell in data,1.1
2016/17,2016-11-26,Burnley,Man City,Home,1,2,0,0.48,2.26,Sean Dyche,first spell in data,1.1
2016/17,2016-12-03,Burnley,Stoke,Away,0,2,0,0.77,1.13,Sean Dyche,first spell in data,1.0
2016/17,2016-12-10,Burnley,Bournemouth,Home,3,2,3,2.15,1.0,Sean Dyche,first spell in data,1.3
2016/17,2016-12-14,Burnley,West Ham,Away,0,1,0,0.92,1.67,Sean Dyche,first spell in data,1.0
2016/17,2016-12-18,Burnley,Tottenham,Away,1,2,0,1.17,1.51,Sean Dyche,first spell in data,1.0
2016/17,2016-12-26,Burnley,Middlesbrough,Home,1,0,3,0.28,0.7,Sean Dyche,first spell in data,1.3
2016/17,2016-12-31,Burnley,Sunderland,Home,4,1,3,2.72,0.47,Sean Dyche,first spell in data,1.3
2016/17,2017-01-02,Burnley,Man City,Away,1,2,0,0.64,0.62,Sean Dyche,first spell in data,1.2
2016/17,2017-01-14,Burnley,Southampton,Home,1,0,3,0.46,0.96,Sean Dyche,first spell in data,1.2
2016/17,2017-01-22,Burnley,Arsenal,Away,1,2,0,1.3,1.86,Sean Dyche,first spell in data,1.2
2016/17,2017-01-31,Burnley,Leicester,Home,1,0,3,1.83,0.78,Sean Dyche,first spell in data,1.5
2016/17,2017-02-04,Burnley,Watford,Away,1,2,0,1.48,1.66,Sean Dyche,first spell in data,1.5
2016/17,2017-02-12,Burnley,Chelsea,Home,1,1,1,0.91,0.8,Sean Dyche,first spell in data,1.3
2016/17,2017-02-25,Burnley,Hull,Away,1,1,1,0.47,1.59,Sean Dyche,first spell in data,1.4
2016/17,2017-03-04,Burnley,Swansea,Away,2,3,0,0.93,1.45,Sean Dyche,first spell in data,1.4
2016/17,2017-03-12,Burnley,Liverpool,Away,1,2,0,0.83,0.97,Sean Dyche,first spell in data,1.1
2016/17,2017-03-18,Burnley,Sunderland,Away,0,0,1,1.19,1.03,Sean Dyche,first spell in data,0.9
2016/17,2017-04-01,Burnley,Tottenham,Home,0,2,0,0.45,2.36,Sean Dyche,first spell in data,0.9
2016/17,2017-04-04,Burnley,Stoke,Home,1,0,3,0.35,1.17,Sean Dyche,first spell in data,0.9
2016/17,2017-04-08,Burnley,Middlesbrough,Away,0,0,1,0.81,0.68,Sean Dyche,first spell in data,1.0
2016/17,2017-04-15,Burnley,Everton,Away,1,3,0,1.15,1.67,Sean Dyche,first spell in data,0.7
2016/17,2017-04-23,Burnley,Man United,Home,0,2,0,0.34,2.25,Sean Dyche,first spell in data,0.7
2016/17,2017-04-29,Burnley,Crystal Palace,Away,2,0,3,1.39,0.63,Sean Dyche,first spell in data,0.9
2016/17,2017-05-06,Burnley,West Brom,Home,2,2,1,1.09,0.83,Sean Dyche,first spell in data,0.9
2016/17,2017-05-13,Burnley,Bournemouth,Away,1,2,0,1.15,1.55,Sean Dyche,first spell in data,0.9
2016/17,2017-05-21,Burnley,West Ham,Home,1,2,0,1.71,1.67,Sean Dyche,first spell in data,0.9
2017/18,2017-08-12,Burnley,Chelsea,Away,3,2,3,0.56,1.36,Sean Dyche,first spell in data,1.1
2017/18,2017-08-19,Burnley,West Brom,Home,0,1,0,1.37,0.65,Sean Dyche,first spell in data,1.1
2017/18,2017-08-27,Burnley,Tottenham,Away,1,1,1,0.67,2.35,Sean Dyche,first spell in data,0.9
2017/18,2017-09-10,Burnley,Crystal Palace,Home,1,0,3,0.43,1.73,Sean Dyche,first spell in data,1.1
2017/18,2017-09-16,Burnley,Liverpool,Away,1,1,1,0.33,2.19,Sean Dyche,first spell in data,1.2
2017/18,2017-09-23,Burnley,Huddersfield,Home,0,0,1,0.37,0.31,Sean Dyche,first spell in data,1.3
2017/18,2017-10-01,Burnley,Everton,Away,1,0,3,0.38,0.93,Sean Dyche,first spell in data,1.3
2017/18,2017-10-14,Burnley,West Ham,Home,1,1,1,0.7,0.84,Sean Dyche,first spell in data,1.3
2017/18,2017-10-21,Burnley,Man City,Away,0,3,0,0.15,3.72,Sean Dyche,first spell in data,1.3
2017/18,2017-10-30,Burnley,Newcastle,Home,1,0,3,1.03,0.52,Sean Dyche,first spell in data,1.6
2017/18,2017-11-04,Burnley,Southampton,Away,1,0,3,0.14,0.79,Sean Dyche,first spell in data,1.6
2017/18,2017-11-18,Burnley,Swansea,Home,2,0,3,1.54,0.43,Sean Dyche,first spell in data,1.9
2017/18,2017-11-26,Burnley,Arsenal,Home,0,1,0,0.4,1.75,Sean Dyche,first spell in data,1.8
2017/18,2017-11-29,Burnley,Bournemouth,Away,2,1,3,1.09,0.92,Sean Dyche,first spell in data,1.8
2017/18,2017-12-02,Burnley,Leicester,Away,0,1,0,0.79,1.61,Sean Dyche,first spell in data,1.7
2017/18,2017-12-09,Burnley,Watford,Home,1,0,3,0.49,0.82,Sean Dyche,first spell in data,1.9
2017/18,2017-12-12,Burnley,Stoke,Home,1,0,3,0.36,0.92,Sean Dyche,first spell in data,1.9
2017/18,2017-12-16,Burnley,Brighton,Away,0,0,1,1.33,1.49,Sean Dyche,first spell in data,1.9
2017/18,2017-12-23,Burnley,Tottenham,Home,0,3,0,0.16,3.31,Sean Dyche,first spell in data,1.9
2017/18,2017-12-26,Burnley,Man United,Away,2,2,1,0.79,1.81,Sean Dyche,first spell in data,1.7
2017/18,2017-12-30,Burnley,Huddersfield,Away,0,0,1,1.21,0.05,Sean Dyche,first spell in data,1.5
2017/18,2018-01-01,Burnley,Liverpool,Home,1,2,0,0.9,1.63,Sean Dyche,first spell in data,1.2
2017/18,2018-01-13,Burnley,Crystal Palace,Away,0,1,0,0.91,1.81,Sean Dyche,first spell in data,1.2
2017/18,2018-01-20,Burnley,Man United,Home,0,1,0,0.57,0.86,Sean Dyche,first spell in data,0.9
2017/18,2018-01-31,Burnley,Newcastle,Away,1,1,1,1.23,2.52,Sean Dyche,first spell in data,1.0
2017/18,2018-02-03,Burnley,Man City,Home,1,1,1,0.8,2.25,Sean Dyche,first spell in data,0.8
2017/18,2018-02-10,Burnley,Swansea,Away,0,1,0,0.43,0.84,Sean Dyche,first spell in data,0.5
2017/18,2018-02-24,Burnley,Southampton,Home,1,1,1,1.28,0.66,Sean Dyche,first spell in data,0.5
2017/18,2018-03-03,Burnley,Everton,Home,2,1,3,2.34,1.8,Sean Dyche,first spell in data,0.8
2017/18,2018-03-10,Burnley,West Ham,Away,3,0,3,1.42,0.73,Sean Dyche,first spell in data,1.0
2017/18,2018-03-31,Burnley,West Brom,Away,2,1,3,1.42,0.39,Sean Dyche,first spell in data,1.2
2017/18,2018-04-07,Burnley,Watford,Away,2,1,3,1.38,1.37,Sean Dyche,first spell in data,1.5
2017/18,2018-04-14,Burnley,Leicester,Home,2,1,3,1.06,2.0,Sean Dyche,first spell in data,1.8
2017/18,2018-04-19,Burnley,Chelsea,Home,1,2,0,0.22,1.77,Sean Dyche,first spell in data,1.8
2017/18,2018-04-22,Burnley,Stoke,Away,1,1,1,1.61,0.36,Sean Dyche,first spell in data,1.8
2017/18,2018-04-28,Burnley,Brighton,Home,0,0,1,1.55,0.38,Sean Dyche,first spell in data,1.8
2017/18,2018-05-06,Burnley,Arsenal,Away,0,5,0,0.22,2.92,Sean Dyche,first spell in data,1.8
2017/18,2018-05-13,Burnley,Bournemouth,Home,1,2,0,1.16,1.39,Sean Dyche,first spell in data,1.7
2018/19,2018-08-12,Burnley,Southampton,Away,0,0,1,1.41,1.02,Sean Dyche,first spell in data,1.5
2018/19,2018-08-19,Burnley,Watford,Home,1,3,0,0.39,1.92,Sean Dyche,first spell in data,1.2
2018/19,2018-08-26,Burnley,Fulham,Away,2,4,0,1.57,1.92,Sean Dyche,first spell in data,0.9
2018/19,2018-09-02,Burnley,Man United,Home,0,2,0,1.1,2.9,Sean Dyche,first spell in data,0.6
2018/19,2018-09-16,Burnley,Wolves,Away,0,1,0,0.21,3.39,Sean Dyche,first spell in data,0.3
2018/19,2018-09-22,Burnley,Bournemouth,Home,4,0,3,2.29,0.98,Sean Dyche,first spell in data,0.6
2018/19,2018-09-30,Burnley,Cardiff,Away,2,1,3,0.11,1.57,Sean Dyche,first spell in data,0.8
2018/19,2018-10-06,Burnley,Huddersfield,Home,1,1,1,0.35,1.03,Sean Dyche,first spell in data,0.8
2018/19,2018-10-20,Burnley,Man City,Away,0,5,0,0.37,4.49,Sean Dyche,first spell in data,0.8
2018/19,2018-10-28,Burnley,Chelsea,Home,0,4,0,0.27,3.02,Sean Dyche,first spell in data,0.8
2018/19,2018-11-03,Burnley,West Ham,Away,2,4,0,0.88,2.56,Sean Dyche,first spell in data,0.7
2018/19,2018-11-10,Burnley,Leicester,Away,0,0,1,0.37,1.51,Sean Dyche,first spell in data,0.8
2018/19,2018-11-26,Burnley,Newcastle,Home,1,2,0,1.49,1.68,Sean Dyche,first spell in data,0.8
2018/19,2018-12-01,Burnley,Crystal Palace,Away,0,2,0,0.3,2.04,Sean Dyche,first spell in data,0.8
2018/19,2018-12-05,Burnley,Liverpool,Home,1,3,0,1.06,2.74,Sean Dyche,first spell in data,0.8
2018/19,2018-12-08,Burnley,Brighton,Home,1,0,3,1.81,0.95,Sean Dyche,first spell in data,0.8
2018/19,2018-12-15,Burnley,Tottenham,Away,0,1,0,0.45,1.75,Sean Dyche,first spell in data,0.5
2018/19,2018-12-22,Burnley,Arsenal,Away,1,3,0,1.03,1.47,Sean Dyche,first spell in data,0.4
2018/19,2018-12-26,Burnley,Everton,Home,1,5,0,1.89,1.89,Sean Dyche,first spell in data,0.4
2018/19,2018-12-30,Burnley,West Ham,Home,2,0,3,2.9,0.66,Sean Dyche,first spell in data,0.7
2018/19,2019-01-02,Burnley,Huddersfield,Away,2,1,3,2.66,0.62,Sean Dyche,first spell in data,1.0
2018/19,2019-01-12,Burnley,Fulham,Home,2,1,3,0.81,0.9,Sean Dyche,first spell in data,1.2
2018/19,2019-01-19,Burnley,Watford,Away,0,0,1,1.97,1.07,Sean Dyche,first spell in data,1.3
2018/19,2019-01-29,Burnley,Man United,Away,2,2,1,0.93,3.23,Sean Dyche,first spell in data,1.4
2018/19,2019-02-02,Burnley,Southampton,Home,1,1,1,2.0,0.79,Sean Dyche,first spell in data,1.5
2018/19,2019-02-09,Burnley,Brighton,Away,3,1,3,1.83,1.32,Sean Dyche,first spell in data,1.5
2018/19,2019-02-23,Burnley,Tottenham,Home,2,1,3,1.09,0.85,Sean Dyche,first spell in data,1.8
2018/19,2019-02-26,Burnley,Newcastle,Away,0,2,0,1.74,1.7,Sean Dyche,first spell in data,1.8
2018/19,2019-03-02,Burnley,Crystal Palace,Home,1,3,0,1.91,0.71,Sean Dyche,first spell in data,1.8
2018/19,2019-03-10,Burnley,Liverpool,Away,2,4,0,0.47,4.12,Sean Dyche,first spell in data,1.5
2018/19,2019-03-16,Burnley,Leicester,Home,1,2,0,1.17,0.61,Sean Dyche,first spell in data,1.2
2018/19,2019-03-30,Burnley,Wolves,Home,2,0,3,0.57,0.4,Sean Dyche,first spell in data,1.2
2018/19,2019-04-06,Burnley,Bournemouth,Away,3,1,3,1.39,1.21,Sean Dyche,first spell in data,1.4
2018/19,2019-04-13,Burnley,Cardiff,Home,2,0,3,2.84,0.87,Sean Dyche,first spell in data,1.6
2018/19,2019-04-22,Burnley,Chelsea,Away,2,2,1,0.79,1.28,Sean Dyche,first spell in data,1.6
2018/19,2019-04-28,Burnley,Man City,Home,0,1,0,0.09,2.35,Sean Dyche,first spell in data,1.3
2018/19,2019-05-03,Burnley,Everton,Away,0,2,0,0.47,1.76,Sean Dyche,first spell in data,1.0
2018/19,2019-05-12,Burnley,Arsenal,Home,1,3,0,1.73,2.87,Sean Dyche,first spell in data,1.0
2019/20,2019-08-10,Burnley,Southampton,Home,3,0,3,0.91,1.09,Sean Dyche,first spell in data,1.3
2019/20,2019-08-17,Burnley,Arsenal,Away,1,2,0,1.39,1.16,Sean Dyche,first spell in data,1.3
2019/20,2019-08-25,Burnley,Wolves,Away,1,1,1,1.23,1.33,Sean Dyche,first spell in data,1.4
2019/20,2019-08-31,Burnley,Liverpool,Home,0,3,0,0.62,1.2,Sean Dyche,first spell in data,1.1
2019/20,2019-09-14,Burnley,Brighton,Away,1,1,1,0.34,1.69,Sean Dyche,first spell in data,0.9
2019/20,2019-09-21,Burnley,Norwich,Home,2,0,3,2.39,0.8,Sean Dyche,first spell in data,0.9
2019/20,2019-09-28,Burnley,Aston Villa,Away,2,2,1,1.67,0.91,Sean Dyche,first spell in data,0.9
2019/20,2019-10-05,Burnley,Everton,Home,1,0,3,0.56,1.31,Sean Dyche,first spell in data,1.2
2019/20,2019-10-19,Burnley,Leicester,Away,1,2,0,1.8,0.83,Sean Dyche,first spell in data,1.2
2019/20,2019-10-26,Burnley,Chelsea,Home,2,4,0,2.23,0.99,Sean Dyche,first spell in data,1.2
2019/20,2019-11-02,Burnley,Sheffield United,Away,0,3,0,0.72,2.58,Sean Dyche,first spell in data,0.9
2019/20,2019-11-09,Burnley,West Ham,Home,3,0,3,2.42,0.47,Sean Dyche,first spell in data,1.2
2019/20,2019-11-23,Burnley,Watford,Away,3,0,3,2.66,0.9,Sean Dyche,first spell in data,1.4
2019/20,2019-11-30,Burnley,Crystal Palace,Home,0,2,0,1.85,0.94,Sean Dyche,first spell in data,1.4
2019/20,2019-12-03,Burnley,Man City,Home,1,4,0,0.49,2.56,Sean Dyche,first spell in data,1.3
2019/20,2019-12-07,Burnley,Tottenham,Away,0,5,0,1.09,2.4,Sean Dyche,first spell in data,1.0
2019/20,2019-12-14,Burnley,Newcastle,Home,1,0,3,1.44,1.09,Sean Dyche,first spell in data,1.2
2019/20,2019-12-21,Burnley,Bournemouth,Away,1,0,3,0.14,0.14,Sean Dyche,first spell in data,1.2
2019/20,2019-12-26,Burnley,Everton,Away,0,1,0,0.57,1.48,Sean Dyche,first spell in data,1.2
2019/20,2019-12-28,Burnley,Man United,Home,0,2,0,0.39,2.11,Sean Dyche,first spell in data,1.2
2019/20,2020-01-01,Burnley,Aston Villa,Home,1,2,0,2.34,1.75,Sean Dyche,first spell in data,1.2
2019/20,2020-01-11,Burnley,Chelsea,Away,0,3,0,0.72,2.88,Sean Dyche,first spell in data,0.9
2019/20,2020-01-19,Burnley,Leicester,Home,2,1,3,1.51,2.33,Sean Dyche,first spell in data,0.9
2019/20,2020-01-22,Burnley,Man United,Away,2,0,3,0.72,1.42,Sean Dyche,first spell in data,1.2
2019/20,2020-02-02,Burnley,Arsenal,Home,0,0,1,2.25,1.48,Sean Dyche,first spell in data,1.3
2019/20,2020-02-15,Burnley,Southampton,Away,2,1,3,0.89,0.69,Sean Dyche,first spell in data,1.6
2019/20,2020-02-22,Burnley,Bournemouth,Home,3,0,3,3.1,1.76,Sean Dyche,first spell in data,1.6
2019/20,2020-02-29,Burnley,Newcastle,Away,0,0,1,0.62,1.12,Sean Dyche,first spell in data,1.4
2019/20,2020-03-07,Burnley,Tottenham,Home,1,1,1,3.33,1.14,Sean Dyche,first spell in data,1.5
2019/20,2020-06-22,Burnley,Man City,Away,0,5,0,0.03,2.71,Sean Dyche,first spell in data,1.5
2019/20,2020-06-25,Burnley,Watford,Home,1,0,3,0.96,0.5,Sean Dyche,first spell in data,1.8
2019/20,2020-06-29,Burnley,Crystal Palace,Away,1,0,3,0.36,1.07,Sean Dyche,first spell in data,2.1
2019/20,2020-07-05,Burnley,Sheffield United,Home,1,1,1,1.32,1.63,Sean Dyche,first spell in data,1.9
2019/20,2020-07-08,Burnley,West Ham,Away,1,0,3,1.05,2.0,Sean Dyche,first spell in data,1.9
2019/20,2020-07-11,Burnley,Liverpool,Away,1,1,1,0.45,2.18,Sean Dyche,first spell in data,1.9
2019/20,2020-07-15,Burnley,Wolves,Home,1,1,1,1.53,1.29,Sean Dyche,first spell in data,1.7
2019/20,2020-07-18,Burnley,Norwich,Away,2,0,3,1.82,0.58,Sean Dyche,first spell in data,1.7
2019/20,2020-07-26,Burnley,Brighton,Home,1,2,0,1.44,1.37,Sean Dyche,first spell in data,1.6
2020/21,2020-09-20,Burnley,Leicester,Away,2,4,0,1.52,0.99,Sean Dyche,first spell in data,1.5
2020/21,2020-09-26,Burnley,Southampton,Home,0,1,0,0.35,0.71,Sean Dyche,first spell in data,1.5
2020/21,2020-10-03,Burnley,Newcastle,Away,1,3,0,0.44,1.96,Sean Dyche,first spell in data,1.2
2020/21,2020-10-19,Burnley,West Brom,Away,0,0,1,1.09,0.73,Sean Dyche,first spell in data,1.0
2020/21,2020-10-26,Burnley,Tottenham,Home,0,1,0,0.95,0.8,Sean Dyche,first spell in data,0.9
2020/21,2020-10-31,Burnley,Chelsea,Home,0,3,0,0.41,1.23,Sean Dyche,first spell in data,0.6
2020/21,2020-11-06,Burnley,Brighton,Away,0,0,1,0.33,1.59,Sean Dyche,first spell in data,0.6
2020/21,2020-11-23,Burnley,Crystal Palace,Home,1,0,3,1.75,1.28,Sean Dyche,first spell in data,0.8
2020/21,2020-11-28,Burnley,Man City,Away,0,5,0,0.42,2.26,Sean Dyche,first spell in data,0.5
2020/21,2020-12-05,Burnley,Everton,Home,1,1,1,0.73,2.28,Sean Dyche,first spell in data,0.6
2020/21,2020-12-13,Burnley,Arsenal,Away,1,0,3,0.82,1.85,Sean Dyche,first spell in data,0.9
2020/21,2020-12-17,Burnley,Aston Villa,Away,0,0,1,0.32,1.81,Sean Dyche,first spell in data,1.0
2020/21,2020-12-21,Burnley,Wolves,Home,2,1,3,1.2,1.46,Sean Dyche,first spell in data,1.3
2020/21,2020-12-27,Burnley,Leeds,Away,0,1,0,1.55,2.13,Sean Dyche,first spell in data,1.2
2020/21,2020-12-29,Burnley,Sheffield United,Home,1,0,3,0.97,0.49,Sean Dyche,first spell in data,1.5
2020/21,2021-01-12,Burnley,Man United,Home,0,1,0,0.65,1.24,Sean Dyche,first spell in data,1.5
2020/21,2021-01-16,Burnley,West Ham,Away,0,1,0,0.4,1.73,Sean Dyche,first spell in data,1.4
2020/21,2021-01-21,Burnley,Liverpool,Away,1,0,3,1.08,1.65,Sean Dyche,first spell in data,1.4
2020/21,2021-01-27,Burnley,Aston Villa,Home,3,2,3,0.72,2.71,Sean Dyche,first spell in data,1.7
2020/21,2021-01-31,Burnley,Chelsea,Away,0,2,0,0.39,1.44,Sean Dyche,first spell in data,1.6
2020/21,2021-02-03,Burnley,Man City,Home,0,2,0,0.05,2.12,Sean Dyche,first spell in data,1.3
2020/21,2021-02-06,Burnley,Brighton,Home,1,1,1,1.89,0.61,Sean Dyche,first spell in data,1.3
2020/21,2021-02-13,Burnley,Crystal Palace,Away,3,0,3,1.96,0.65,Sean Dyche,first spell in data,1.3
2020/21,2021-02-17,Burnley,Fulham,Home,1,1,1,1.21,0.59,Sean Dyche,first spell in data,1.4
2020/21,2021-02-20,Burnley,West Brom,Home,0,0,1,0.54,1.72,Sean Dyche,first spell in data,1.2
2020/21,2021-02-28,Burnley,Tottenham,Away,0,4,0,0.6,2.36,Sean Dyche,first spell in data,1.2
2020/21,2021-03-03,Burnley,Leicester,Home,1,1,1,1.27,1.24,Sean Dyche,first spell in data,1.3
2020/21,2021-03-06,Burnley,Arsenal,Home,1,1,1,1.1,2.54,Sean Dyche,first spell in data,1.1
2020/21,2021-03-13,Burnley,Everton,Away,2,1,3,0.75,1.7,Sean Dyche,first spell in data,1.1
2020/21,2021-04-04,Burnley,Southampton,Away,2,3,0,1.5,2.4,Sean Dyche,first spell in data,1.1
2020/21,2021-04-11,Burnley,Newcastle,Home,1,2,0,1.84,1.34,Sean Dyche,first spell in data,1.1
2020/21,2021-04-18,Burnley,Man United,Away,1,3,0,0.96,2.87,Sean Dyche,first spell in data,1.0
2020/21,2021-04-25,Burnley,Wolves,Away,4,0,3,2.24,0.35,Sean Dyche,first spell in data,1.0
2020/21,2021-05-03,Burnley,West Ham,Home,1,2,0,1.68,2.42,Sean Dyche,first spell in data,0.9
2020/21,2021-05-10,Burnley,Fulham,Away,2,0,3,1.66,0.78,Sean Dyche,first spell in data,1.1
2020/21,2021-05-15,Burnley,Leeds,Home,0,4,0,1.41,1.86,Sean Dyche,first spell in data,1.1
2020/21,2021-05-19,Burnley,Liverpool,Home,0,3,0,0.84,2.73,Sean Dyche,first spell in data,1.0
2020/21,2021-05-23,Burnley,Sheffield United,Away,0,1,0,0.56,0.42,Sean Dyche,first spell in data,0.9
2021/22,2021-08-14,Burnley,Brighton,Home,1,2,0,1.8,1.69,Sean Dyche,first spell in data,0.6
2021/22,2021-08-21,Burnley,Liverpool,Away,0,2,0,0.69,2.64,Sean Dyche,first spell in data,0.6
2021/22,2021-08-29,Burnley,Leeds,Home,1,1,1,1.71,1.52,Sean Dyche,first spell in data,0.7
2021/22,2021-09-13,Burnley,Everton,Away,1,3,0,1.82,1.8,Sean Dyche,first spell in data,0.7
2021/22,2021-09-18,Burnley,Arsenal,Home,0,1,0,0.78,1.1,Sean Dyche,first spell in data,0.4
2021/22,2021-09-25,Burnley,Leicester,Away,2,2,1,0.43,2.16,Sean Dyche,first spell in data,0.5
2021/22,2021-10-02,Burnley,Norwich,Home,0,0,1,0.58,0.67,Sean Dyche,first spell in data,0.3
2021/22,2021-10-16,Burnley,Man City,Away,0,2,0,1.08,2.16,Sean Dyche,first spell in data,0.3
2021/22,2021-10-23,Burnley,Southampton,Away,2,2,1,0.67,1.43,Sean Dyche,first spell in data,0.4
2021/22,2021-10-30,Burnley,Brentford,Home,3,1,3,2.73,0.83,Sean Dyche,first spell in data,0.7
2021/22,2021-11-06,Burnley,Chelsea,Away,1,1,1,0.67,3.01,Sean Dyche,first spell in data,0.8
2021/22,2021-11-20,Burnley,Crystal Palace,Home,3,3,1,1.04,1.75,Sean Dyche,first spell in data,0.9
2021/22,2021-12-01,Burnley,Wolves,Away,0,0,1,0.2,0.71,Sean Dyche,first spell in data,0.9
2021/22,2021-12-04,Burnley,Newcastle,Away,0,1,0,0.6,1.71,Sean Dyche,first spell in data,0.9
2021/22,2021-12-12,Burnley,West Ham,Home,0,0,1,0.55,1.0,Sean Dyche,first spell in data,1.0
2021/22,2021-12-30,Burnley,Man United,Away,1,3,0,0.87,1.81,Sean Dyche,first spell in data,0.9
2021/22,2022-01-02,Burnley,Leeds,Away,1,3,0,0.96,2.04,Sean Dyche,first spell in data,0.8
2021/22,2022-01-23,Burnley,Arsenal,Away,0,0,1,0.39,1.36,Sean Dyche,first spell in data,0.9
2021/22,2022-02-05,Burnley,Watford,Home,0,0,1,0.77,0.93,Sean Dyche,first spell in data,0.9
2021/22,2022-02-08,Burnley,Man United,Home,1,1,1,0.77,1.83,Sean Dyche,first spell in data,0.7
2021/22,2022-02-13,Burnley,Liverpool,Home,0,1,0,1.16,1.96,Sean Dyche,first spell in data,0.6
2021/22,2022-02-19,Burnley,Brighton,Away,3,0,3,0.82,0.45,Sean Dyche,first spell in data,0.8
2021/22,2022-02-23,Burnley,Tottenham,Home,1,0,3,1.56,0.69,Sean Dyche,first spell in data,1.0
2021/22,2022-02-26,Burnley,Crystal Palace,Away,1,1,1,0.26,1.04,Sean Dyche,first spell in data,1.1
2021/22,2022-03-01,Burnley,Leicester,Home,0,2,0,1.04,1.8,Sean Dyche,first spell in data,1.0
2021/22,2022-03-05,Burnley,Chelsea,Home,0,4,0,0.85,2.29,Sean Dyche,first spell in data,1.0
2021/22,2022-03-12,Burnley,Brentford,Away,0,2,0,0.83,1.82,Sean Dyche,first spell in data,1.0
2021/22,2022-04-02,Burnley,Man City,Home,0,2,0,0.06,1.62,Sean Dyche,first spell in data,0.9
2021/22,2022-04-06,Burnley,Everton,Home,3,2,3,2.24,2.32,Sean Dyche,first spell in data,1.1
2021/22,2022-04-10,Burnley,Norwich,Away,0,2,0,1.45,1.67,Sean Dyche,first spell in data,1.0
2021/22,2022-04-17,Burnley,West Ham,Away,1,1,1,1.88,2.79,Mike Jackson,caretaker,1.1
2021/22,2022-04-21,Burnley,Southampton,Home,2,0,3,2.15,1.32,Mike Jackson,caretaker,1.1
2021/22,2022-04-24,Burnley,Wolves,Home,1,0,3,1.27,0.59,Mike Jackson,caretaker,1.1
2021/22,2022-04-30,Burnley,Watford,Away,2,1,3,1.37,0.79,Mike Jackson,caretaker,1.3
2021/22,2022-05-07,Burnley,Aston Villa,Home,1,3,0,1.31,1.81,Mike Jackson,caretaker,1.3
2021/22,2022-05-15,Burnley,Tottenham,Away,0,1,0,0.63,2.39,Mike Jackson,caretaker,1.3
2021/22,2022-05-19,Burnley,Aston Villa,Away,1,1,1,1.63,1.0,Mike Jackson,caretaker,1.4
2021/22,2022-05-22,Burnley,Newcastle,Home,1,2,0,1.49,1.74,Mike Jackson,caretaker,1.4
2023/24,2023-08-11,Burnley,Man City,Home,0,3,0,0.31,2.4,Vincent Kompany,appointed_outside_pl,1.1
2023/24,2023-08-27,Burnley,Aston Villa,Home,1,3,0,0.63,2.84,Vincent Kompany,appointed_outside_pl,1.1
2023/24,2023-09-02,Burnley,Tottenham,Home,2,5,0,1.67,2.4,Vincent Kompany,appointed_outside_pl,1.0
2023/24,2023-09-18,Burnley,Nott'm Forest,Away,1,1,1,0.81,0.71,Vincent Kompany,appointed_outside_pl,0.8
2023/24,2023-09-23,Burnley,Man United,Home,0,1,0,0.94,0.84,Vincent Kompany,appointed_outside_pl,0.5
2023/24,2023-09-30,Burnley,Newcastle,Away,0,2,0,0.8,3.09,Vincent Kompany,appointed_outside_pl,0.2
2023/24,2023-10-03,Burnley,Luton,Away,2,1,3,0.92,1.53,Vincent Kompany,appointed_outside_pl,0.5
2023/24,2023-10-07,Burnley,Chelsea,Home,1,4,0,0.96,1.98,Vincent Kompany,appointed_outside_pl,0.5
2023/24,2023-10-21,Burnley,Brentford,Away,0,3,0,0.69,3.16,Vincent Kompany,appointed_outside_pl,0.4
2023/24,2023-10-28,Burnley,Bournemouth,Away,1,2,0,0.9,1.1,Vincent Kompany,appointed_outside_pl,0.4
2023/24,2023-11-04,Burnley,Crystal Palace,Home,0,2,0,1.5,1.44,Vincent Kompany,appointed_outside_pl,0.4
2023/24,2023-11-11,Burnley,Arsenal,Away,1,3,0,0.33,2.63,Vincent Kompany,appointed_outside_pl,0.4
2023/24,2023-11-25,Burnley,West Ham,Home,1,2,0,1.44,1.37,Vincent Kompany,appointed_outside_pl,0.4
2023/24,2023-12-02,Burnley,Sheffield United,Home,5,0,3,2.6,0.62,Vincent Kompany,appointed_outside_pl,0.6
2023/24,2023-12-05,Burnley,Wolves,Away,0,1,0,0.78,1.12,Vincent Kompany,appointed_outside_pl,0.6
2023/24,2023-12-09,Burnley,Brighton,Away,1,1,1,1.05,2.96,Vincent Kompany,appointed_outside_pl,0.7
2023/24,2023-12-16,Burnley,Everton,Home,0,2,0,0.81,2.22,Vincent Kompany,appointed_outside_pl,0.4
2023/24,2023-12-23,Burnley,Fulham,Away,2,0,3,0.42,1.38,Vincent Kompany,appointed_outside_pl,0.7
2023/24,2023-12-26,Burnley,Liverpool,Home,0,2,0,0.97,1.68,Vincent Kompany,appointed_outside_pl,0.7
2023/24,2023-12-30,Burnley,Aston Villa,Away,2,3,0,1.12,2.93,Vincent Kompany,appointed_outside_pl,0.7
2023/24,2024-01-12,Burnley,Luton,Home,1,1,1,1.52,0.97,Vincent Kompany,appointed_outside_pl,0.8
2023/24,2024-01-31,Burnley,Man City,Away,1,3,0,1.49,1.85,Vincent Kompany,appointed_outside_pl,0.8
2023/24,2024-02-03,Burnley,Fulham,Home,2,2,1,1.0,1.29,Vincent Kompany,appointed_outside_pl,0.9
2023/24,2024-02-10,Burnley,Liverpool,Away,1,3,0,1.11,3.15,Vincent Kompany,appointed_outside_pl,0.6
2023/24,2024-02-17,Burnley,Arsenal,Home,0,5,0,0.34,2.21,Vincent Kompany,appointed_outside_pl,0.6
2023/24,2024-02-24,Burnley,Crystal Palace,Away,0,3,0,0.08,2.42,Vincent Kompany,appointed_outside_pl,0.5
2023/24,2024-03-03,Burnley,Bournemouth,Home,0,2,0,1.6,1.44,Vincent Kompany,appointed_outside_pl,0.5
2023/24,2024-03-10,Burnley,West Ham,Away,2,2,1,0.88,1.87,Vincent Kompany,appointed_outside_pl,0.3
2023/24,2024-03-16,Burnley,Brentford,Home,2,1,3,2.7,1.25,Vincent Kompany,appointed_outside_pl,0.6
2023/24,2024-03-30,Burnley,Chelsea,Away,2,2,1,2.1,4.47,Vincent Kompany,appointed_outside_pl,0.7
2023/24,2024-04-02,Burnley,Wolves,Home,1,1,1,1.13,1.01,Vincent Kompany,appointed_outside_pl,0.7
2023/24,2024-04-06,Burnley,Everton,Away,0,1,0,0.35,0.66,Vincent Kompany,appointed_outside_pl,0.7
2023/24,2024-04-13,Burnley,Brighton,Home,1,1,1,1.85,0.89,Vincent Kompany,appointed_outside_pl,0.7
2023/24,2024-04-20,Burnley,Sheffield United,Away,4,1,3,2.42,1.98,Vincent Kompany,appointed_outside_pl,1.0
2023/24,2024-04-27,Burnley,Man United,Away,1,1,1,1.9,3.06,Vincent Kompany,appointed_outside_pl,1.1
2023/24,2024-05-04,Burnley,Newcastle,Home,1,4,0,1.29,4.26,Vincent Kompany,appointed_outside_pl,1.1
2023/24,2024-05-11,Burnley,Tottenham,Away,1,2,0,0.95,3.0,Vincent Kompany,appointed_outside_pl,1.1
2023/24,2024-05-19,Burnley,Nott'm Forest,Home,1,2,0,1.08,1.58,Vincent Kompany,appointed_outside_pl,1.0
2025/26,2025-08-16,Burnley,Tottenham,Away,0,3,0,0.73,1.98,Scott Parker,appointed_outside_pl,0.7
2025/26,2025-08-23,Burnley,Sunderland,Home,2,0,3,1.0,1.12,Scott Parker,appointed_outside_pl,0.9
2025/26,2025-08-30,Burnley,Man United,Away,2,3,0,1.33,4.02,Scott Parker,appointed_outside_pl,0.8
2025/26,2025-09-14,Burnley,Liverpool,Home,0,1,0,0.17,2.79,Scott Parker,appointed_outside_pl,0.8
2025/26,2025-09-20,Burnley,Nott'm Forest,Home,1,1,1,1.14,0.83,Scott Parker,appointed_outside_pl,0.8
2025/26,2025-09-27,Burnley,Man City,Away,1,5,0,0.51,3.22,Scott Parker,appointed_outside_pl,0.5
2025/26,2025-10-05,Burnley,Aston Villa,Away,1,2,0,0.5,1.74,Scott Parker,appointed_outside_pl,0.4
2025/26,2025-10-18,Burnley,Leeds,Home,2,0,3,0.51,2.33,Scott Parker,appointed_outside_pl,0.7
2025/26,2025-10-26,Burnley,Wolves,Away,3,2,3,1.55,2.58,Scott Parker,appointed_outside_pl,1.0
2025/26,2025-11-01,Burnley,Arsenal,Home,0,2,0,0.68,2.52,Scott Parker,appointed_outside_pl,1.0
2025/26,2025-11-08,Burnley,West Ham,Away,2,3,0,1.87,2.97,Scott Parker,appointed_outside_pl,1.0
2025/26,2025-11-22,Burnley,Chelsea,Home,0,2,0,0.66,1.72,Scott Parker,appointed_outside_pl,0.7
2025/26,2025-11-29,Burnley,Brentford,Away,1,3,0,0.87,3.72,Scott Parker,appointed_outside_pl,0.7
2025/26,2025-12-03,Burnley,Crystal Palace,Home,0,1,0,1.17,0.99,Scott Parker,appointed_outside_pl,0.7
2025/26,2025-12-06,Burnley,Newcastle,Away,1,2,0,1.58,1.81,Scott Parker,appointed_outside_pl,0.6
2025/26,2025-12-13,Burnley,Fulham,Home,2,3,0,2.05,1.65,Scott Parker,appointed_outside_pl,0.6
2025/26,2025-12-20,Burnley,Bournemouth,Away,1,1,1,0.48,1.82,Scott Parker,appointed_outside_pl,0.7
2025/26,2025-12-27,Burnley,Everton,Home,0,0,1,1.25,1.25,Scott Parker,appointed_outside_pl,0.5
2025/26,2025-12-30,Burnley,Newcastle,Home,1,3,0,1.33,2.49,Scott Parker,appointed_outside_pl,0.2
2025/26,2026-01-03,Burnley,Brighton,Away,0,2,0,0.25,1.47,Scott Parker,appointed_outside_pl,0.2
2025/26,2026-01-07,Burnley,Man United,Home,2,2,1,0.32,2.52,Scott Parker,appointed_outside_pl,0.3
2025/26,2026-01-17,Burnley,Liverpool,Away,1,1,1,0.55,3.49,Scott Parker,appointed_outside_pl,0.4
2025/26,2026-01-24,Burnley,Tottenham,Home,2,2,1,1.55,2.59,Scott Parker,appointed_outside_pl,0.5
2025/26,2026-02-02,Burnley,Sunderland,Away,0,3,0,0.13,1.89,Scott Parker,appointed_outside_pl,0.5
2025/26,2026-02-07,Burnley,West Ham,Home,0,2,0,1.85,1.12,Scott Parker,appointed_outside_pl,0.5
2025/26,2026-02-11,Burnley,Crystal Palace,Away,3,2,3,0.69,2.13,Scott Parker,appointed_outside_pl,0.8
2025/26,2026-02-21,Burnley,Chelsea,Away,1,1,1,1.01,2.52,Scott Parker,appointed_outside_pl,0.8
2025/26,2026-02-28,Burnley,Brentford,Home,3,4,0,0.82,2.45,Scott Parker,appointed_outside_pl,0.7
2025/26,2026-03-03,Burnley,Everton,Away,0,2,0,0.76,1.16,Scott Parker,appointed_outside_pl,0.7
2025/26,2026-03-14,Burnley,Bournemouth,Home,0,0,1,1.68,2.37,Scott Parker,appointed_outside_pl,0.8
2025/26,2026-03-21,Burnley,Fulham,Away,1,3,0,1.93,3.48,Scott Parker,appointed_outside_pl,0.7
2025/26,2026-04-11,Burnley,Brighton,Home,0,2,0,0.81,1.07,Scott Parker,appointed_outside_pl,0.6
2025/26,2026-04-19,Burnley,Nott'm Forest,Away,1,4,0,0.6,1.44,Scott Parker,appointed_outside_pl,0.5
2025/26,2026-04-22,Burnley,Man City,Home,0,1,0,0.97,3.41,Scott Parker,appointed_outside_pl,0.5
2025/26,2026-05-01,Burnley,Leeds,Away,1,3,0,0.43,2.1,Mike Jackson,caretaker,0.5
2025/26,2026-05-10,Burnley,Aston Villa,Home,2,2,1,1.71,1.75,Mike Jackson,caretaker,0.3
2025/26,2026-05-18,Burnley,Arsenal,Away,0,1,0,0.19,1.23,Mike Jackson,caretaker,0.2
2025/26,2026-05-24,Burnley,Wolves,Home,1,1,1,1.28,2.84,Mike Jackson,caretaker,0.3
2018/19,2018-08-11,Cardiff,Bournemouth,Away,0,2,0,1.51,2.6,Neil Warnock,first spell in data,
2018/19,2018-08-18,Cardiff,Newcastle,Home,0,0,1,1.16,1.55,Neil Warnock,first spell in data,
2018/19,2018-08-25,Cardiff,Huddersfield,Away,0,0,1,1.06,0.2,Neil Warnock,first spell in data,
2018/19,2018-09-02,Cardiff,Arsenal,Home,2,3,0,0.77,1.41,Neil Warnock,first spell in data,
2018/19,2018-09-15,Cardiff,Chelsea,Away,1,4,0,0.83,2.67,Neil Warnock,first spell in data,
2018/19,2018-09-22,Cardiff,Man City,Home,0,5,0,0.1,3.08,Neil Warnock,first spell in data,
2018/19,2018-09-30,Cardiff,Burnley,Home,1,2,0,1.57,0.11,Neil Warnock,first spell in data,
2018/19,2018-10-06,Cardiff,Tottenham,Away,0,1,0,1.14,2.65,Neil Warnock,first spell in data,
2018/19,2018-10-20,Cardiff,Fulham,Home,4,2,3,1.76,0.95,Neil Warnock,first spell in data,
2018/19,2018-10-27,Cardiff,Liverpool,Away,1,4,0,0.64,2.3,Neil Warnock,first spell in data,0.5
2018/19,2018-11-03,Cardiff,Leicester,Home,0,1,0,0.92,2.18,Neil Warnock,first spell in data,0.5
2018/19,2018-11-10,Cardiff,Brighton,Home,2,1,3,1.94,0.77,Neil Warnock,first spell in data,0.7
2018/19,2018-11-24,Cardiff,Everton,Away,0,1,0,0.88,2.48,Neil Warnock,first spell in data,0.6
2018/19,2018-11-30,Cardiff,Wolves,Home,2,1,3,1.09,0.99,Neil Warnock,first spell in data,0.9
2018/19,2018-12-04,Cardiff,West Ham,Away,1,3,0,1.93,1.57,Neil Warnock,first spell in data,0.9
2018/19,2018-12-08,Cardiff,Southampton,Home,1,0,3,1.56,0.5,Neil Warnock,first spell in data,1.2
2018/19,2018-12-15,Cardiff,Watford,Away,2,3,0,0.49,1.65,Neil Warnock,first spell in data,1.2
2018/19,2018-12-22,Cardiff,Man United,Home,1,5,0,1.27,2.73,Neil Warnock,first spell in data,1.2
2018/19,2018-12-26,Cardiff,Crystal Palace,Away,0,0,1,1.06,2.43,Neil Warnock,first spell in data,1.0
2018/19,2018-12-29,Cardiff,Leicester,Away,1,0,3,0.49,1.52,Neil Warnock,first spell in data,1.3
2018/19,2019-01-01,Cardiff,Tottenham,Home,0,3,0,1.08,1.38,Neil Warnock,first spell in data,1.3
2018/19,2019-01-12,Cardiff,Huddersfield,Home,0,0,1,0.12,0.39,Neil Warnock,first spell in data,1.1
2018/19,2019-01-19,Cardiff,Newcastle,Away,0,3,0,0.26,2.52,Neil Warnock,first spell in data,1.1
2018/19,2019-01-29,Cardiff,Arsenal,Away,1,2,0,0.6,2.69,Neil Warnock,first spell in data,0.8
2018/19,2019-02-02,Cardiff,Bournemouth,Home,2,0,3,2.53,0.35,Neil Warnock,first spell in data,1.1
2018/19,2019-02-09,Cardiff,Southampton,Away,2,1,3,0.98,1.71,Neil Warnock,first spell in data,1.1
2018/19,2019-02-22,Cardiff,Watford,Home,1,5,0,1.9,2.76,Neil Warnock,first spell in data,1.1
2018/19,2019-02-26,Cardiff,Everton,Home,0,3,0,0.22,1.14,Neil Warnock,first spell in data,1.1
2018/19,2019-03-02,Cardiff,Wolves,Away,0,2,0,0.7,3.21,Neil Warnock,first spell in data,1.0
2018/19,2019-03-09,Cardiff,West Ham,Home,2,0,3,3.49,0.3,Neil Warnock,first spell in data,1.0
2018/19,2019-03-31,Cardiff,Chelsea,Home,1,2,0,0.45,2.08,Neil Warnock,first spell in data,1.0
2018/19,2019-04-03,Cardiff,Man City,Away,0,2,0,0.14,3.54,Neil Warnock,first spell in data,0.9
2018/19,2019-04-13,Cardiff,Burnley,Away,0,2,0,0.87,2.84,Neil Warnock,first spell in data,0.9
2018/19,2019-04-16,Cardiff,Brighton,Away,2,0,3,0.82,0.59,Neil Warnock,first spell in data,1.2
2018/19,2019-04-21,Cardiff,Liverpool,Home,0,2,0,1.12,2.42,Neil Warnock,first spell in data,0.9
2018/19,2019-04-27,Cardiff,Fulham,Away,0,1,0,1.11,0.52,Neil Warnock,first spell in data,0.6
2018/19,2019-05-04,Cardiff,Crystal Palace,Home,2,3,0,1.5,1.81,Neil Warnock,first spell in data,0.6
2018/19,2019-05-12,Cardiff,Man United,Away,2,0,3,1.71,1.9,Neil Warnock,first spell in data,0.9
2014/15,2014-08-18,Chelsea,Burnley,Away,3,1,3,2.13,0.37,José Mourinho,first spell in data,
2014/15,2014-08-23,Chelsea,Leicester,Home,2,0,3,2.03,0.55,José Mourinho,first spell in data,
2014/15,2014-08-30,Chelsea,Everton,Away,6,3,3,2.03,1.45,José Mourinho,first spell in data,
2014/15,2014-09-13,Chelsea,Swansea,Home,4,2,3,3.57,1.02,José Mourinho,first spell in data,
2014/15,2014-09-21,Chelsea,Man City,Away,1,1,1,1.02,1.06,José Mourinho,first spell in data,
2014/15,2014-09-27,Chelsea,Aston Villa,Home,3,0,3,3.14,0.23,José Mourinho,first spell in data,
2014/15,2014-10-05,Chelsea,Arsenal,Home,2,0,3,1.4,0.33,José Mourinho,first spell in data,
2014/15,2014-10-18,Chelsea,Crystal Palace,Away,2,1,3,1.02,1.17,José Mourinho,first spell in data,
2014/15,2014-10-26,Chelsea,Man United,Away,1,1,1,0.99,1.84,José Mourinho,first spell in data,
2014/15,2014-11-01,Chelsea,QPR,Home,2,1,3,2.24,0.51,José Mourinho,first spell in data,2.6
2014/15,2014-11-08,Chelsea,Liverpool,Away,2,1,3,1.97,0.53,José Mourinho,first spell in data,2.6
2014/15,2014-11-22,Chelsea,West Brom,Home,2,0,3,4.37,0.09,José Mourinho,first spell in data,2.6
2014/15,2014-11-29,Chelsea,Sunderland,Away,0,0,1,0.76,1.03,José Mourinho,first spell in data,2.4
2014/15,2014-12-03,Chelsea,Tottenham,Home,3,0,3,1.72,0.29,José Mourinho,first spell in data,2.4
2014/15,2014-12-06,Chelsea,Newcastle,Away,1,2,0,2.16,1.49,José Mourinho,first spell in data,2.3
2014/15,2014-12-13,Chelsea,Hull,Home,2,0,3,1.22,0.44,José Mourinho,first spell in data,2.3
2014/15,2014-12-22,Chelsea,Stoke,Away,2,0,3,1.45,0.41,José Mourinho,first spell in data,2.3
2014/15,2014-12-26,Chelsea,West Ham,Home,2,0,3,3.57,0.46,José Mourinho,first spell in data,2.3
2014/15,2014-12-28,Chelsea,Southampton,Away,1,1,1,0.52,0.53,José Mourinho,first spell in data,2.3
2014/15,2015-01-01,Chelsea,Tottenham,Away,3,5,0,3.03,1.82,José Mourinho,first spell in data,2.0
2014/15,2015-01-10,Chelsea,Newcastle,Home,2,0,3,1.08,0.39,José Mourinho,first spell in data,2.0
2014/15,2015-01-17,Chelsea,Swansea,Away,5,0,3,3.2,0.21,José Mourinho,first spell in data,2.0
2014/15,2015-01-31,Chelsea,Man City,Home,1,1,1,0.71,0.91,José Mourinho,first spell in data,2.0
2014/15,2015-02-07,Chelsea,Aston Villa,Away,2,1,3,1.12,0.71,José Mourinho,first spell in data,2.0
2014/15,2015-02-11,Chelsea,Everton,Home,1,0,3,0.9,0.71,José Mourinho,first spell in data,2.3
2014/15,2015-02-21,Chelsea,Burnley,Home,1,1,1,1.54,0.51,José Mourinho,first spell in data,2.1
2014/15,2015-03-04,Chelsea,West Ham,Away,1,0,3,2.38,1.46,José Mourinho,first spell in data,2.1
2014/15,2015-03-15,Chelsea,Southampton,Home,1,1,1,3.19,1.83,José Mourinho,first spell in data,1.9
2014/15,2015-03-22,Chelsea,Hull,Away,3,2,3,0.76,1.32,José Mourinho,first spell in data,2.1
2014/15,2015-04-04,Chelsea,Stoke,Home,2,1,3,3.29,0.28,José Mourinho,first spell in data,2.4
2014/15,2015-04-12,Chelsea,QPR,Away,1,0,3,0.92,0.78,José Mourinho,first spell in data,2.4
2014/15,2015-04-18,Chelsea,Man United,Home,1,0,3,1.15,0.74,José Mourinho,first spell in data,2.4
2014/15,2015-04-26,Chelsea,Arsenal,Away,0,0,1,0.85,1.07,José Mourinho,first spell in data,2.4
2014/15,2015-04-29,Chelsea,Leicester,Away,3,1,3,1.52,0.6,José Mourinho,first spell in data,2.4
2014/15,2015-05-03,Chelsea,Crystal Palace,Home,1,0,3,1.56,0.42,José Mourinho,first spell in data,2.4
2014/15,2015-05-10,Chelsea,Liverpool,Home,1,1,1,0.54,1.33,José Mourinho,first spell in data,2.4
2014/15,2015-05-18,Chelsea,West Brom,Away,0,3,0,1.08,1.23,José Mourinho,first spell in data,2.1
2014/15,2015-05-24,Chelsea,Sunderland,Home,3,1,3,2.53,1.39,José Mourinho,first spell in data,2.3
2015/16,2015-08-08,Chelsea,Swansea,Home,2,2,1,0.64,2.59,José Mourinho,first spell in data,2.1
2015/16,2015-08-16,Chelsea,Man City,Away,0,3,0,0.48,2.19,José Mourinho,first spell in data,1.8
2015/16,2015-08-23,Chelsea,West Brom,Away,3,2,3,2.03,1.43,José Mourinho,first spell in data,1.8
2015/16,2015-08-29,Chelsea,Crystal Palace,Home,1,2,0,1.28,2.19,José Mourinho,first spell in data,1.5
2015/16,2015-09-12,Chelsea,Everton,Away,1,3,0,0.66,1.18,José Mourinho,first spell in data,1.4
2015/16,2015-09-19,Chelsea,Arsenal,Home,2,0,3,2.07,0.78,José Mourinho,first spell in data,1.4
2015/16,2015-09-26,Chelsea,Newcastle,Away,2,2,1,1.31,0.7,José Mourinho,first spell in data,1.2
2015/16,2015-10-03,Chelsea,Southampton,Home,1,3,0,0.52,1.58,José Mourinho,first spell in data,1.1
2015/16,2015-10-17,Chelsea,Aston Villa,Home,2,0,3,1.23,0.8,José Mourinho,first spell in data,1.4
2015/16,2015-10-24,Chelsea,West Ham,Away,1,2,0,1.14,0.77,José Mourinho,first spell in data,1.1
2015/16,2015-10-31,Chelsea,Liverpool,Home,1,3,0,0.74,0.84,José Mourinho,first spell in data,1.0
2015/16,2015-11-07,Chelsea,Stoke,Away,0,1,0,1.03,0.83,José Mourinho,first spell in data,1.0
2015/16,2015-11-21,Chelsea,Norwich,Home,1,0,3,2.16,0.2,José Mourinho,first spell in data,1.0
2015/16,2015-11-29,Chelsea,Tottenham,Away,0,0,1,0.28,0.33,José Mourinho,first spell in data,1.1
2015/16,2015-12-05,Chelsea,Bournemouth,Home,0,1,0,1.67,1.26,José Mourinho,first spell in data,1.1
2015/16,2015-12-14,Chelsea,Leicester,Away,1,2,0,2.27,0.71,José Mourinho,first spell in data,0.8
2015/16,2015-12-19,Chelsea,Sunderland,Home,3,1,3,3.02,1.24,Steve Holland,caretaker,1.0
2015/16,2015-12-26,Chelsea,Watford,Home,2,2,1,2.09,1.67,Guus Hiddink,permanent,1.1
2015/16,2015-12-28,Chelsea,Man United,Away,0,0,1,0.9,1.35,Guus Hiddink,permanent,0.9
2015/16,2016-01-03,Chelsea,Crystal Palace,Away,3,0,3,2.37,0.55,Guus Hiddink,permanent,1.2
2015/16,2016-01-13,Chelsea,West Brom,Home,2,2,1,1.39,0.7,Guus Hiddink,permanent,1.3
2015/16,2016-01-16,Chelsea,Everton,Home,3,3,1,2.45,1.59,Guus Hiddink,permanent,1.4
2015/16,2016-01-24,Chelsea,Arsenal,Away,1,0,3,1.49,1.11,Guus Hiddink,permanent,1.4
2015/16,2016-02-03,Chelsea,Watford,Away,0,0,1,1.14,0.53,Guus Hiddink,permanent,1.4
2015/16,2016-02-07,Chelsea,Man United,Home,1,1,1,1.62,0.78,Guus Hiddink,permanent,1.5
2015/16,2016-02-13,Chelsea,Newcastle,Home,5,1,3,2.09,0.43,Guus Hiddink,permanent,1.8
2015/16,2016-02-27,Chelsea,Southampton,Away,2,1,3,0.63,1.01,Guus Hiddink,permanent,1.8
2015/16,2016-03-01,Chelsea,Norwich,Away,2,1,3,0.98,1.24,Guus Hiddink,permanent,2.0
2015/16,2016-03-05,Chelsea,Stoke,Home,1,1,1,1.06,1.6,Guus Hiddink,permanent,2.0
2015/16,2016-03-19,Chelsea,West Ham,Home,2,2,1,2.14,0.86,Guus Hiddink,permanent,1.8
2015/16,2016-04-02,Chelsea,Aston Villa,Away,4,0,3,2.49,0.73,Guus Hiddink,permanent,2.0
2015/16,2016-04-09,Chelsea,Swansea,Away,0,1,0,1.3,1.91,Guus Hiddink,permanent,1.9
2015/16,2016-04-16,Chelsea,Man City,Home,0,3,0,0.49,2.63,Guus Hiddink,permanent,1.6
2015/16,2016-04-23,Chelsea,Bournemouth,Away,4,1,3,2.07,0.58,Guus Hiddink,permanent,1.8
2015/16,2016-05-02,Chelsea,Tottenham,Home,2,2,1,0.82,1.9,Guus Hiddink,permanent,1.8
2015/16,2016-05-07,Chelsea,Sunderland,Away,2,3,0,1.78,0.77,Guus Hiddink,permanent,1.5
2015/16,2016-05-11,Chelsea,Liverpool,Away,1,1,1,0.81,1.84,Guus Hiddink,permanent,1.3
2015/16,2016-05-15,Chelsea,Leicester,Home,1,1,1,1.86,1.23,Guus Hiddink,permanent,1.1
2016/17,2016-08-15,Chelsea,West Ham,Home,2,1,3,1.46,0.45,Antonio Conte,permanent,1.3
2016/17,2016-08-20,Chelsea,Watford,Away,2,1,3,1.76,0.8,Antonio Conte,permanent,1.5
2016/17,2016-08-27,Chelsea,Burnley,Home,3,0,3,2.66,0.18,Antonio Conte,permanent,1.5
2016/17,2016-09-11,Chelsea,Swansea,Away,2,2,1,2.19,1.23,Antonio Conte,permanent,1.6
2016/17,2016-09-16,Chelsea,Liverpool,Home,1,2,0,1.16,1.42,Antonio Conte,permanent,1.6
2016/17,2016-09-24,Chelsea,Arsenal,Away,0,3,0,0.61,1.66,Antonio Conte,permanent,1.3
2016/17,2016-10-01,Chelsea,Hull,Away,2,0,3,1.99,0.27,Antonio Conte,permanent,1.5
2016/17,2016-10-15,Chelsea,Leicester,Home,3,0,3,3.12,0.18,Antonio Conte,permanent,1.8
2016/17,2016-10-23,Chelsea,Man United,Home,4,0,3,2.25,0.74,Antonio Conte,permanent,2.0
2016/17,2016-10-30,Chelsea,Southampton,Away,2,0,3,1.15,0.42,Antonio Conte,permanent,2.2
2016/17,2016-11-05,Chelsea,Everton,Home,5,0,3,1.94,0.01,Antonio Conte,permanent,2.2
2016/17,2016-11-20,Chelsea,Middlesbrough,Away,1,0,3,1.69,0.56,Antonio Conte,permanent,2.2
2016/17,2016-11-26,Chelsea,Tottenham,Home,2,1,3,1.25,0.42,Antonio Conte,permanent,2.2
2016/17,2016-12-03,Chelsea,Man City,Away,3,1,3,1.28,2.24,Antonio Conte,permanent,2.4
2016/17,2016-12-11,Chelsea,West Brom,Home,1,0,3,0.55,0.21,Antonio Conte,permanent,2.7
2016/17,2016-12-14,Chelsea,Sunderland,Away,1,0,3,1.22,0.47,Antonio Conte,permanent,3.0
2016/17,2016-12-17,Chelsea,Crystal Palace,Away,1,0,3,0.81,0.36,Antonio Conte,permanent,3.0
2016/17,2016-12-26,Chelsea,Bournemouth,Home,3,0,3,1.71,0.65,Antonio Conte,permanent,3.0
2016/17,2016-12-31,Chelsea,Stoke,Home,4,2,3,1.95,0.86,Antonio Conte,permanent,3.0
2016/17,2017-01-04,Chelsea,Tottenham,Away,0,2,0,0.91,1.01,Antonio Conte,permanent,2.7
2016/17,2017-01-14,Chelsea,Leicester,Away,3,0,3,0.74,0.18,Antonio Conte,permanent,2.7
2016/17,2017-01-22,Chelsea,Hull,Home,2,0,3,1.47,0.31,Antonio Conte,permanent,2.7
2016/17,2017-01-31,Chelsea,Liverpool,Away,1,1,1,1.07,1.2,Antonio Conte,permanent,2.5
2016/17,2017-02-04,Chelsea,Arsenal,Home,3,1,3,1.95,0.95,Antonio Conte,permanent,2.5
2016/17,2017-02-12,Chelsea,Burnley,Away,1,1,1,0.8,0.91,Antonio Conte,permanent,2.3
2016/17,2017-02-25,Chelsea,Swansea,Home,3,1,3,1.23,0.28,Antonio Conte,permanent,2.3
2016/17,2017-03-06,Chelsea,West Ham,Away,2,1,3,2.01,0.45,Antonio Conte,permanent,2.3
2016/17,2017-03-18,Chelsea,Stoke,Away,2,1,3,1.96,0.95,Antonio Conte,permanent,2.3
2016/17,2017-04-01,Chelsea,Crystal Palace,Home,1,2,0,3.17,1.57,Antonio Conte,permanent,2.0
2016/17,2017-04-05,Chelsea,Man City,Home,2,1,3,1.37,2.26,Antonio Conte,permanent,2.3
2016/17,2017-04-08,Chelsea,Bournemouth,Away,3,1,3,1.52,0.38,Antonio Conte,permanent,2.3
2016/17,2017-04-16,Chelsea,Man United,Away,0,2,0,0.13,0.81,Antonio Conte,permanent,2.0
2016/17,2017-04-25,Chelsea,Southampton,Home,4,2,3,1.44,1.33,Antonio Conte,permanent,2.2
2016/17,2017-04-30,Chelsea,Everton,Away,3,0,3,1.82,0.68,Antonio Conte,permanent,2.2
2016/17,2017-05-08,Chelsea,Middlesbrough,Home,3,0,3,2.28,0.07,Antonio Conte,permanent,2.4
2016/17,2017-05-12,Chelsea,West Brom,Away,1,0,3,1.77,0.53,Antonio Conte,permanent,2.4
2016/17,2017-05-15,Chelsea,Watford,Home,4,3,3,2.65,0.88,Antonio Conte,permanent,2.4
2016/17,2017-05-21,Chelsea,Sunderland,Home,5,1,3,2.74,0.69,Antonio Conte,permanent,2.4
2017/18,2017-08-12,Chelsea,Burnley,Home,2,3,0,1.36,0.56,Antonio Conte,permanent,2.4
2017/18,2017-08-20,Chelsea,Tottenham,Away,2,1,3,0.83,0.72,Antonio Conte,permanent,2.4
2017/18,2017-08-27,Chelsea,Everton,Home,2,0,3,1.17,0.33,Antonio Conte,permanent,2.4
2017/18,2017-09-09,Chelsea,Leicester,Away,2,1,3,1.04,1.35,Antonio Conte,permanent,2.7
2017/18,2017-09-17,Chelsea,Arsenal,Home,0,0,1,0.76,1.42,Antonio Conte,permanent,2.5
2017/18,2017-09-23,Chelsea,Stoke,Away,4,0,3,1.6,0.6,Antonio Conte,permanent,2.5
2017/18,2017-09-30,Chelsea,Man City,Home,0,1,0,0.91,1.23,Antonio Conte,permanent,2.2
2017/18,2017-10-14,Chelsea,Crystal Palace,Away,1,2,0,0.65,1.52,Antonio Conte,permanent,1.9
2017/18,2017-10-21,Chelsea,Watford,Home,4,2,3,1.78,1.8,Antonio Conte,permanent,1.9
2017/18,2017-10-28,Chelsea,Bournemouth,Away,1,0,3,1.78,0.46,Antonio Conte,permanent,1.9
2017/18,2017-11-05,Chelsea,Man United,Home,1,0,3,1.84,0.77,Antonio Conte,permanent,2.2
2017/18,2017-11-18,Chelsea,West Brom,Away,4,0,3,1.72,0.59,Antonio Conte,permanent,2.2
2017/18,2017-11-25,Chelsea,Liverpool,Away,1,1,1,0.74,1.5,Antonio Conte,permanent,2.0
2017/18,2017-11-29,Chelsea,Swansea,Home,1,0,3,2.3,0.04,Antonio Conte,permanent,2.0
2017/18,2017-12-02,Chelsea,Newcastle,Home,3,1,3,3.08,0.52,Antonio Conte,permanent,2.2
2017/18,2017-12-09,Chelsea,West Ham,Away,0,1,0,1.19,0.42,Antonio Conte,permanent,1.9
2017/18,2017-12-12,Chelsea,Huddersfield,Away,3,1,3,1.87,0.48,Antonio Conte,permanent,2.2
2017/18,2017-12-16,Chelsea,Southampton,Home,1,0,3,1.29,0.59,Antonio Conte,permanent,2.5
2017/18,2017-12-23,Chelsea,Everton,Away,0,0,1,1.85,0.34,Antonio Conte,permanent,2.3
2017/18,2017-12-26,Chelsea,Brighton,Home,2,0,3,2.17,0.45,Antonio Conte,permanent,2.3
2017/18,2017-12-30,Chelsea,Stoke,Home,5,0,3,3.1,0.28,Antonio Conte,permanent,2.3
2017/18,2018-01-03,Chelsea,Arsenal,Away,2,2,1,3.08,1.23,Antonio Conte,permanent,2.1
2017/18,2018-01-13,Chelsea,Leicester,Home,0,0,1,0.62,1.36,Antonio Conte,permanent,2.1
2017/18,2018-01-20,Chelsea,Brighton,Away,4,0,3,1.52,0.88,Antonio Conte,permanent,2.1
2017/18,2018-01-31,Chelsea,Bournemouth,Home,0,3,0,1.15,1.42,Antonio Conte,permanent,1.8
2017/18,2018-02-05,Chelsea,Watford,Away,1,4,0,0.57,2.13,Antonio Conte,permanent,1.8
2017/18,2018-02-12,Chelsea,West Brom,Home,3,0,3,2.38,0.63,Antonio Conte,permanent,1.8
2017/18,2018-02-25,Chelsea,Man United,Away,1,2,0,1.69,1.3,Antonio Conte,permanent,1.5
2017/18,2018-03-04,Chelsea,Man City,Away,0,1,0,0.12,0.95,Antonio Conte,permanent,1.4
2017/18,2018-03-10,Chelsea,Crystal Palace,Home,2,1,3,3.88,1.14,Antonio Conte,permanent,1.4
2017/18,2018-04-01,Chelsea,Tottenham,Home,1,3,0,1.21,1.39,Antonio Conte,permanent,1.1
2017/18,2018-04-08,Chelsea,West Ham,Home,1,1,1,2.12,0.3,Antonio Conte,permanent,1.1
2017/18,2018-04-14,Chelsea,Southampton,Away,3,2,3,0.66,1.29,Antonio Conte,permanent,1.3
2017/18,2018-04-19,Chelsea,Burnley,Away,2,1,3,1.77,0.22,Antonio Conte,permanent,1.3
2017/18,2018-04-28,Chelsea,Swansea,Away,1,0,3,1.45,0.5,Antonio Conte,permanent,1.6
2017/18,2018-05-06,Chelsea,Liverpool,Home,1,0,3,0.81,0.43,Antonio Conte,permanent,1.9
2017/18,2018-05-09,Chelsea,Huddersfield,Home,1,1,1,2.25,0.63,Antonio Conte,permanent,1.7
2017/18,2018-05-13,Chelsea,Newcastle,Away,0,3,0,0.84,2.24,Antonio Conte,permanent,1.7
2018/19,2018-08-11,Chelsea,Huddersfield,Away,3,0,3,2.31,0.4,Maurizio Sarri,permanent,2.0
2018/19,2018-08-18,Chelsea,Arsenal,Home,3,2,3,1.72,2.46,Maurizio Sarri,permanent,2.0
2018/19,2018-08-26,Chelsea,Newcastle,Away,2,1,3,1.5,0.21,Maurizio Sarri,permanent,2.3
2018/19,2018-09-01,Chelsea,Bournemouth,Home,2,0,3,1.16,0.95,Maurizio Sarri,permanent,2.5
2018/19,2018-09-15,Chelsea,Cardiff,Home,4,1,3,2.67,0.83,Maurizio Sarri,permanent,2.5
2018/19,2018-09-23,Chelsea,West Ham,Away,0,0,1,1.88,1.02,Maurizio Sarri,permanent,2.3
2018/19,2018-09-29,Chelsea,Liverpool,Home,1,1,1,1.78,1.74,Maurizio Sarri,permanent,2.1
2018/19,2018-10-07,Chelsea,Southampton,Away,3,0,3,3.55,1.49,Maurizio Sarri,permanent,2.1
2018/19,2018-10-20,Chelsea,Man United,Home,2,2,1,2.21,1.11,Maurizio Sarri,permanent,2.1
2018/19,2018-10-28,Chelsea,Burnley,Away,4,0,3,3.02,0.27,Maurizio Sarri,permanent,2.4
2018/19,2018-11-04,Chelsea,Crystal Palace,Home,3,1,3,1.89,0.45,Maurizio Sarri,permanent,2.4
2018/19,2018-11-11,Chelsea,Everton,Home,0,0,1,1.16,0.2,Maurizio Sarri,permanent,2.2
2018/19,2018-11-24,Chelsea,Tottenham,Away,1,3,0,0.96,3.35,Maurizio Sarri,permanent,1.9
2018/19,2018-12-02,Chelsea,Fulham,Home,2,0,3,2.17,0.29,Maurizio Sarri,permanent,1.9
2018/19,2018-12-05,Chelsea,Wolves,Away,1,2,0,1.11,0.68,Maurizio Sarri,permanent,1.6
2018/19,2018-12-08,Chelsea,Man City,Home,2,0,3,0.53,0.74,Maurizio Sarri,permanent,1.8
2018/19,2018-12-16,Chelsea,Brighton,Away,2,1,3,1.61,0.26,Maurizio Sarri,permanent,2.0
2018/19,2018-12-22,Chelsea,Leicester,Home,0,1,0,2.4,0.46,Maurizio Sarri,permanent,1.7
2018/19,2018-12-26,Chelsea,Watford,Away,2,1,3,2.2,1.24,Maurizio Sarri,permanent,1.9
2018/19,2018-12-30,Chelsea,Crystal Palace,Away,1,0,3,0.74,0.2,Maurizio Sarri,permanent,1.9
2018/19,2019-01-02,Chelsea,Southampton,Home,0,0,1,0.85,0.16,Maurizio Sarri,permanent,1.7
2018/19,2019-01-12,Chelsea,Newcastle,Home,2,1,3,1.32,0.4,Maurizio Sarri,permanent,1.9
2018/19,2019-01-19,Chelsea,Arsenal,Away,0,2,0,0.76,2.09,Maurizio Sarri,permanent,1.9
2018/19,2019-01-30,Chelsea,Bournemouth,Away,0,4,0,0.72,2.15,Maurizio Sarri,permanent,1.6
2018/19,2019-02-02,Chelsea,Huddersfield,Home,5,0,3,2.94,0.26,Maurizio Sarri,permanent,1.9
2018/19,2019-02-10,Chelsea,Man City,Away,0,6,0,0.9,4.04,Maurizio Sarri,permanent,1.6
2018/19,2019-02-27,Chelsea,Tottenham,Home,2,0,3,0.63,0.72,Maurizio Sarri,permanent,1.6
2018/19,2019-03-03,Chelsea,Fulham,Away,2,1,3,1.54,0.9,Maurizio Sarri,permanent,1.9
2018/19,2019-03-10,Chelsea,Wolves,Home,1,1,1,1.05,0.61,Maurizio Sarri,permanent,1.7
2018/19,2019-03-17,Chelsea,Everton,Away,0,2,0,1.24,2.24,Maurizio Sarri,permanent,1.4
2018/19,2019-03-31,Chelsea,Cardiff,Away,2,1,3,2.08,0.45,Maurizio Sarri,permanent,1.6
2018/19,2019-04-03,Chelsea,Brighton,Home,3,0,3,3.12,0.44,Maurizio Sarri,permanent,1.6
2018/19,2019-04-08,Chelsea,West Ham,Home,2,0,3,2.23,0.47,Maurizio Sarri,permanent,1.9
2018/19,2019-04-14,Chelsea,Liverpool,Away,0,2,0,0.87,1.31,Maurizio Sarri,permanent,1.9
2018/19,2019-04-22,Chelsea,Burnley,Home,2,2,1,1.28,0.79,Maurizio Sarri,permanent,1.7
2018/19,2019-04-28,Chelsea,Man United,Away,1,1,1,1.63,1.12,Maurizio Sarri,permanent,1.8
2018/19,2019-05-05,Chelsea,Watford,Home,3,0,3,2.96,1.27,Maurizio Sarri,permanent,1.8
2018/19,2019-05-12,Chelsea,Leicester,Away,0,0,1,1.27,0.35,Maurizio Sarri,permanent,1.6
2019/20,2019-08-11,Chelsea,Man United,Away,0,4,0,1.1,2.37,Frank Lampard,permanent,1.5
2019/20,2019-08-18,Chelsea,Leicester,Home,1,1,1,1.23,0.95,Frank Lampard,permanent,1.6
2019/20,2019-08-24,Chelsea,Norwich,Away,3,2,3,1.89,1.08,Frank Lampard,permanent,1.6
2019/20,2019-08-31,Chelsea,Sheffield United,Home,2,2,1,2.31,1.05,Frank Lampard,permanent,1.4
2019/20,2019-09-14,Chelsea,Wolves,Away,5,2,3,3.07,1.49,Frank Lampard,permanent,1.4
2019/20,2019-09-22,Chelsea,Liverpool,Home,1,2,0,1.23,1.03,Frank Lampard,permanent,1.4
2019/20,2019-09-28,Chelsea,Brighton,Home,2,0,3,4.26,0.62,Frank Lampard,permanent,1.6
2019/20,2019-10-06,Chelsea,Southampton,Away,4,1,3,2.15,1.27,Frank Lampard,permanent,1.8
2019/20,2019-10-19,Chelsea,Newcastle,Home,1,0,3,2.3,0.2,Frank Lampard,permanent,1.8
2019/20,2019-10-26,Chelsea,Burnley,Away,4,2,3,0.99,2.23,Frank Lampard,permanent,2.0
2019/20,2019-11-02,Chelsea,Watford,Away,2,1,3,2.18,1.47,Frank Lampard,permanent,2.3
2019/20,2019-11-09,Chelsea,Crystal Palace,Home,2,0,3,3.29,0.48,Frank Lampard,permanent,2.5
2019/20,2019-11-23,Chelsea,Man City,Away,1,2,0,0.82,1.24,Frank Lampard,permanent,2.2
2019/20,2019-11-30,Chelsea,West Ham,Home,0,1,0,2.73,1.12,Frank Lampard,permanent,2.1
2019/20,2019-12-04,Chelsea,Aston Villa,Home,2,1,3,1.98,0.86,Frank Lampard,permanent,2.1
2019/20,2019-12-07,Chelsea,Everton,Away,1,3,0,1.26,2.04,Frank Lampard,permanent,2.1
2019/20,2019-12-14,Chelsea,Bournemouth,Home,0,1,0,2.02,1.21,Frank Lampard,permanent,1.8
2019/20,2019-12-22,Chelsea,Tottenham,Away,2,0,3,1.49,0.28,Frank Lampard,permanent,1.8
2019/20,2019-12-26,Chelsea,Southampton,Home,0,2,0,0.86,0.98,Frank Lampard,permanent,1.5
2019/20,2019-12-29,Chelsea,Arsenal,Away,2,1,3,1.5,0.79,Frank Lampard,permanent,1.5
2019/20,2020-01-01,Chelsea,Brighton,Away,1,1,1,1.57,1.57,Frank Lampard,permanent,1.3
2019/20,2020-01-11,Chelsea,Burnley,Home,3,0,3,2.88,0.72,Frank Lampard,permanent,1.3
2019/20,2020-01-18,Chelsea,Newcastle,Away,0,1,0,2.05,0.89,Frank Lampard,permanent,1.3
2019/20,2020-01-21,Chelsea,Arsenal,Home,2,2,1,3.39,0.57,Frank Lampard,permanent,1.4
2019/20,2020-02-01,Chelsea,Leicester,Away,2,2,1,0.81,1.66,Frank Lampard,permanent,1.2
2019/20,2020-02-17,Chelsea,Man United,Home,0,2,0,0.94,0.68,Frank Lampard,permanent,1.2
2019/20,2020-02-22,Chelsea,Tottenham,Home,2,1,3,1.78,0.27,Frank Lampard,permanent,1.5
2019/20,2020-02-29,Chelsea,Bournemouth,Away,2,2,1,1.98,1.58,Frank Lampard,permanent,1.3
2019/20,2020-03-08,Chelsea,Everton,Home,4,0,3,2.03,0.45,Frank Lampard,permanent,1.6
2019/20,2020-06-21,Chelsea,Aston Villa,Away,2,1,3,1.14,1.57,Frank Lampard,permanent,1.6
2019/20,2020-06-25,Chelsea,Man City,Home,2,1,3,4.21,0.69,Frank Lampard,permanent,1.8
2019/20,2020-07-01,Chelsea,West Ham,Away,2,3,0,1.58,2.1,Frank Lampard,permanent,1.5
2019/20,2020-07-04,Chelsea,Watford,Home,3,0,3,2.79,0.61,Frank Lampard,permanent,1.8
2019/20,2020-07-07,Chelsea,Crystal Palace,Away,3,2,3,2.66,1.29,Frank Lampard,permanent,2.0
2019/20,2020-07-11,Chelsea,Sheffield United,Away,0,3,0,1.18,2.01,Frank Lampard,permanent,1.9
2019/20,2020-07-14,Chelsea,Norwich,Home,1,0,3,3.05,0.06,Frank Lampard,permanent,2.2
2019/20,2020-07-22,Chelsea,Liverpool,Away,3,5,0,2.38,1.45,Frank Lampard,permanent,1.9
2019/20,2020-07-26,Chelsea,Wolves,Home,2,0,3,1.16,0.16,Frank Lampard,permanent,2.1
2020/21,2020-09-14,Chelsea,Brighton,Away,3,1,3,1.27,1.44,Frank Lampard,permanent,2.1
2020/21,2020-09-20,Chelsea,Liverpool,Home,0,2,0,0.9,2.25,Frank Lampard,permanent,1.8
2020/21,2020-09-26,Chelsea,West Brom,Away,3,3,1,2.36,0.91,Frank Lampard,permanent,1.6
2020/21,2020-10-03,Chelsea,Crystal Palace,Home,4,0,3,2.51,0.1,Frank Lampard,permanent,1.9
2020/21,2020-10-17,Chelsea,Southampton,Home,3,3,1,1.99,1.42,Frank Lampard,permanent,1.7
2020/21,2020-10-24,Chelsea,Man United,Away,0,0,1,0.22,0.65,Frank Lampard,permanent,1.5
2020/21,2020-10-31,Chelsea,Burnley,Away,3,0,3,1.23,0.41,Frank Lampard,permanent,1.8
2020/21,2020-11-07,Chelsea,Sheffield United,Home,4,1,3,2.88,0.74,Frank Lampard,permanent,1.8
2020/21,2020-11-21,Chelsea,Newcastle,Away,2,0,3,1.82,0.37,Frank Lampard,permanent,2.1
2020/21,2020-11-29,Chelsea,Tottenham,Home,0,0,1,0.97,0.23,Frank Lampard,permanent,1.9
2020/21,2020-12-05,Chelsea,Leeds,Home,3,1,3,4.89,1.03,Frank Lampard,permanent,1.9
2020/21,2020-12-12,Chelsea,Everton,Away,0,1,0,1.01,1.22,Frank Lampard,permanent,1.9
2020/21,2020-12-15,Chelsea,Wolves,Away,1,2,0,1.57,0.68,Frank Lampard,permanent,1.8
2020/21,2020-12-21,Chelsea,West Ham,Home,3,0,3,2.41,0.28,Frank Lampard,permanent,1.8
2020/21,2020-12-26,Chelsea,Arsenal,Away,1,3,0,2.25,1.94,Frank Lampard,permanent,1.7
2020/21,2020-12-28,Chelsea,Aston Villa,Home,1,1,1,1.54,0.73,Frank Lampard,permanent,1.7
2020/21,2021-01-03,Chelsea,Man City,Home,1,3,0,0.69,3.18,Frank Lampard,permanent,1.4
2020/21,2021-01-16,Chelsea,Fulham,Away,1,0,3,1.38,0.46,Frank Lampard,permanent,1.4
2020/21,2021-01-19,Chelsea,Leicester,Away,0,2,0,0.62,1.14,Frank Lampard,permanent,1.1
2020/21,2021-01-27,Chelsea,Wolves,Home,0,0,1,0.66,0.63,Thomas Tuchel,permanent,1.1
2020/21,2021-01-31,Chelsea,Burnley,Home,2,0,3,1.44,0.39,Thomas Tuchel,permanent,1.1
2020/21,2021-02-04,Chelsea,Tottenham,Away,1,0,3,2.39,0.57,Thomas Tuchel,permanent,1.4
2020/21,2021-02-07,Chelsea,Sheffield United,Away,2,1,3,1.64,0.62,Thomas Tuchel,permanent,1.7
2020/21,2021-02-15,Chelsea,Newcastle,Home,2,0,3,2.54,0.43,Thomas Tuchel,permanent,1.7
2020/21,2021-02-20,Chelsea,Southampton,Away,1,1,1,1.45,0.5,Thomas Tuchel,permanent,1.8
2020/21,2021-02-28,Chelsea,Man United,Home,0,0,1,1.17,0.36,Thomas Tuchel,permanent,1.8
2020/21,2021-03-04,Chelsea,Liverpool,Away,1,0,3,1.23,0.25,Thomas Tuchel,permanent,2.1
2020/21,2021-03-08,Chelsea,Everton,Home,2,0,3,2.57,0.27,Thomas Tuchel,permanent,2.1
2020/21,2021-03-13,Chelsea,Leeds,Away,0,0,1,0.97,0.38,Thomas Tuchel,permanent,2.2
2020/21,2021-04-03,Chelsea,West Brom,Home,2,5,0,2.56,1.38,Thomas Tuchel,permanent,2.1
2020/21,2021-04-10,Chelsea,Crystal Palace,Away,4,1,3,3.85,0.6,Thomas Tuchel,permanent,2.1
2020/21,2021-04-20,Chelsea,Brighton,Home,0,0,1,0.81,0.46,Thomas Tuchel,permanent,1.9
2020/21,2021-04-24,Chelsea,West Ham,Away,1,0,3,2.52,0.27,Thomas Tuchel,permanent,1.9
2020/21,2021-05-01,Chelsea,Fulham,Home,2,0,3,1.84,0.29,Thomas Tuchel,permanent,1.9
2020/21,2021-05-08,Chelsea,Man City,Away,2,1,3,0.62,1.79,Thomas Tuchel,permanent,2.1
2020/21,2021-05-12,Chelsea,Arsenal,Home,0,1,0,1.57,0.69,Thomas Tuchel,permanent,2.0
2020/21,2021-05-18,Chelsea,Leicester,Home,2,1,3,2.86,0.83,Thomas Tuchel,permanent,2.0
2020/21,2021-05-23,Chelsea,Aston Villa,Away,1,2,0,3.43,0.98,Thomas Tuchel,permanent,1.7
2021/22,2021-08-14,Chelsea,Crystal Palace,Home,3,0,3,1.19,0.32,Thomas Tuchel,permanent,1.9
2021/22,2021-08-22,Chelsea,Arsenal,Away,2,0,3,3.64,0.63,Thomas Tuchel,permanent,2.2
2021/22,2021-08-28,Chelsea,Liverpool,Away,1,1,1,0.57,2.08,Thomas Tuchel,permanent,2.0
2021/22,2021-09-11,Chelsea,Aston Villa,Home,3,0,3,1.22,1.17,Thomas Tuchel,permanent,2.2
2021/22,2021-09-19,Chelsea,Tottenham,Away,3,0,3,2.59,0.71,Thomas Tuchel,permanent,2.2
2021/22,2021-09-25,Chelsea,Man City,Home,0,1,0,0.19,1.69,Thomas Tuchel,permanent,1.9
2021/22,2021-10-02,Chelsea,Southampton,Home,3,1,3,3.79,1.53,Thomas Tuchel,permanent,1.9
2021/22,2021-10-16,Chelsea,Brentford,Away,1,0,3,0.25,1.62,Thomas Tuchel,permanent,2.2
2021/22,2021-10-23,Chelsea,Norwich,Home,7,0,3,3.11,0.27,Thomas Tuchel,permanent,2.2
2021/22,2021-10-30,Chelsea,Newcastle,Away,3,0,3,2.17,0.16,Thomas Tuchel,permanent,2.5
2021/22,2021-11-06,Chelsea,Burnley,Home,1,1,1,3.01,0.67,Thomas Tuchel,permanent,2.3
2021/22,2021-11-20,Chelsea,Leicester,Away,3,0,3,2.57,0.5,Thomas Tuchel,permanent,2.3
2021/22,2021-11-28,Chelsea,Man United,Home,1,1,1,2.35,0.56,Thomas Tuchel,permanent,2.3
2021/22,2021-12-01,Chelsea,Watford,Away,2,1,3,0.91,0.99,Thomas Tuchel,permanent,2.3
2021/22,2021-12-04,Chelsea,West Ham,Away,2,3,0,1.37,2.02,Thomas Tuchel,permanent,2.0
2021/22,2021-12-11,Chelsea,Leeds,Home,3,2,3,2.75,1.73,Thomas Tuchel,permanent,2.3
2021/22,2021-12-16,Chelsea,Everton,Home,1,1,1,3.2,0.63,Thomas Tuchel,permanent,2.1
2021/22,2021-12-19,Chelsea,Wolves,Away,0,0,1,0.79,0.32,Thomas Tuchel,permanent,1.9
2021/22,2021-12-26,Chelsea,Aston Villa,Away,3,1,3,2.83,0.47,Thomas Tuchel,permanent,1.9
2021/22,2021-12-29,Chelsea,Brighton,Home,1,1,1,0.76,0.79,Thomas Tuchel,permanent,1.7
2021/22,2022-01-02,Chelsea,Liverpool,Home,2,2,1,1.39,1.79,Thomas Tuchel,permanent,1.7
2021/22,2022-01-15,Chelsea,Man City,Away,0,1,0,0.61,0.9,Thomas Tuchel,permanent,1.4
2021/22,2022-01-18,Chelsea,Brighton,Away,1,1,1,0.57,0.75,Thomas Tuchel,permanent,1.4
2021/22,2022-01-23,Chelsea,Tottenham,Home,2,0,3,1.04,0.33,Thomas Tuchel,permanent,1.4
2021/22,2022-02-19,Chelsea,Crystal Palace,Away,1,0,3,1.12,0.62,Thomas Tuchel,permanent,1.7
2021/22,2022-03-05,Chelsea,Burnley,Away,4,0,3,2.29,0.85,Thomas Tuchel,permanent,1.7
2021/22,2022-03-10,Chelsea,Norwich,Away,3,1,3,2.13,0.97,Thomas Tuchel,permanent,1.9
2021/22,2022-03-13,Chelsea,Newcastle,Home,1,0,3,1.07,0.25,Thomas Tuchel,permanent,2.1
2021/22,2022-04-02,Chelsea,Brentford,Home,1,4,0,1.29,2.43,Thomas Tuchel,permanent,1.8
2021/22,2022-04-09,Chelsea,Southampton,Away,6,0,3,4.4,0.56,Thomas Tuchel,permanent,2.0
2021/22,2022-04-20,Chelsea,Arsenal,Home,2,4,0,0.59,1.87,Thomas Tuchel,permanent,1.9
2021/22,2022-04-24,Chelsea,West Ham,Home,1,0,3,2.35,0.39,Thomas Tuchel,permanent,2.2
2021/22,2022-04-28,Chelsea,Man United,Away,1,1,1,2.47,0.62,Thomas Tuchel,permanent,2.2
2021/22,2022-05-01,Chelsea,Everton,Away,0,1,0,1.21,1.12,Thomas Tuchel,permanent,1.9
2021/22,2022-05-07,Chelsea,Wolves,Home,2,2,1,1.82,1.68,Thomas Tuchel,permanent,1.7
2021/22,2022-05-11,Chelsea,Leeds,Away,3,0,3,1.47,0.5,Thomas Tuchel,permanent,1.7
2021/22,2022-05-19,Chelsea,Leicester,Home,1,1,1,1.62,0.04,Thomas Tuchel,permanent,1.5
2021/22,2022-05-22,Chelsea,Watford,Home,2,1,3,2.59,0.58,Thomas Tuchel,permanent,1.5
2022/23,2022-08-06,Chelsea,Everton,Away,1,0,3,1.92,0.54,Thomas Tuchel,permanent,1.8
2022/23,2022-08-14,Chelsea,Tottenham,Home,2,2,1,1.84,1.59,Thomas Tuchel,permanent,1.6
2022/23,2022-08-21,Chelsea,Leeds,Away,0,3,0,0.69,2.21,Thomas Tuchel,permanent,1.6
2022/23,2022-08-27,Chelsea,Leicester,Home,2,1,3,1.75,1.96,Thomas Tuchel,permanent,1.6
2022/23,2022-08-30,Chelsea,Southampton,Away,1,2,0,1.5,1.44,Thomas Tuchel,permanent,1.5
2022/23,2022-09-03,Chelsea,West Ham,Home,2,1,3,0.71,1.42,Thomas Tuchel,permanent,1.8
2022/23,2022-10-01,Chelsea,Crystal Palace,Away,2,1,3,1.26,0.71,Graham Potter,permanent,2.0
2022/23,2022-10-08,Chelsea,Wolves,Home,3,0,3,2.43,0.75,Graham Potter,permanent,2.0
2022/23,2022-10-16,Chelsea,Aston Villa,Away,2,0,3,1.24,2.45,Graham Potter,permanent,2.2
2022/23,2022-10-19,Chelsea,Brentford,Away,0,0,1,0.56,1.45,Graham Potter,permanent,2.0
2022/23,2022-10-22,Chelsea,Man United,Home,1,1,1,1.2,0.73,Graham Potter,permanent,1.8
2022/23,2022-10-29,Chelsea,Brighton,Away,1,4,0,1.08,2.88,Graham Potter,permanent,1.7
2022/23,2022-11-06,Chelsea,Arsenal,Home,0,1,0,0.28,2.38,Graham Potter,permanent,1.7
2022/23,2022-11-12,Chelsea,Newcastle,Away,0,1,0,0.36,1.36,Graham Potter,permanent,1.4
2022/23,2022-12-27,Chelsea,Bournemouth,Home,2,0,3,1.91,0.44,Graham Potter,permanent,1.7
2022/23,2023-01-01,Chelsea,Nott'm Forest,Away,1,1,1,1.37,0.99,Graham Potter,permanent,1.5
2022/23,2023-01-05,Chelsea,Man City,Home,0,1,0,0.49,1.72,Graham Potter,permanent,1.2
2022/23,2023-01-12,Chelsea,Fulham,Away,1,2,0,2.4,0.71,Graham Potter,permanent,0.9
2022/23,2023-01-15,Chelsea,Crystal Palace,Home,1,0,3,2.13,0.84,Graham Potter,permanent,0.9
2022/23,2023-01-21,Chelsea,Liverpool,Away,0,0,1,1.84,1.3,Graham Potter,permanent,0.9
2022/23,2023-02-03,Chelsea,Fulham,Home,0,0,1,1.41,0.49,Graham Potter,permanent,0.9
2022/23,2023-02-11,Chelsea,West Ham,Away,1,1,1,0.9,1.08,Graham Potter,permanent,1.0
2022/23,2023-02-18,Chelsea,Southampton,Home,0,1,0,1.62,0.62,Graham Potter,permanent,1.0
2022/23,2023-02-26,Chelsea,Tottenham,Away,0,2,0,0.26,0.93,Graham Potter,permanent,1.0
2022/23,2023-03-04,Chelsea,Leeds,Home,1,0,3,1.87,0.63,Graham Potter,permanent,1.0
2022/23,2023-03-11,Chelsea,Leicester,Away,3,1,3,1.49,2.36,Graham Potter,permanent,1.2
2022/23,2023-03-18,Chelsea,Everton,Home,2,2,1,1.9,1.65,Graham Potter,permanent,1.3
2022/23,2023-04-01,Chelsea,Aston Villa,Home,0,2,0,2.38,0.77,Graham Potter,permanent,1.3
2022/23,2023-04-04,Chelsea,Liverpool,Home,0,0,1,2.19,0.2,Bruno Saltor,caretaker,1.1
2022/23,2023-04-08,Chelsea,Wolves,Away,0,1,0,0.82,0.6,Frank Lampard,caretaker,1.0
2022/23,2023-04-15,Chelsea,Brighton,Home,1,2,0,0.46,2.52,Frank Lampard,caretaker,0.9
2022/23,2023-04-26,Chelsea,Brentford,Home,0,2,0,1.21,0.7,Frank Lampard,caretaker,0.8
2022/23,2023-05-02,Chelsea,Arsenal,Away,1,3,0,0.79,2.78,Frank Lampard,caretaker,0.8
2022/23,2023-05-06,Chelsea,Bournemouth,Away,3,1,3,1.77,1.22,Frank Lampard,caretaker,1.1
2022/23,2023-05-13,Chelsea,Nott'm Forest,Home,2,2,1,1.0,1.97,Frank Lampard,caretaker,0.9
2022/23,2023-05-21,Chelsea,Man City,Away,0,1,0,1.16,1.21,Frank Lampard,caretaker,0.6
2022/23,2023-05-25,Chelsea,Man United,Away,1,4,0,1.68,4.92,Frank Lampard,caretaker,0.5
2022/23,2023-05-28,Chelsea,Newcastle,Home,1,1,1,2.02,1.52,Frank Lampard,caretaker,0.6
2023/24,2023-08-13,Chelsea,Liverpool,Home,1,1,1,1.93,1.3,Mauricio Pochettino,permanent,0.6
2023/24,2023-08-20,Chelsea,West Ham,Away,1,3,0,1.61,1.71,Mauricio Pochettino,permanent,0.6
2023/24,2023-08-25,Chelsea,Luton,Home,3,0,3,3.41,0.47,Mauricio Pochettino,permanent,0.9
2023/24,2023-09-02,Chelsea,Nott'm Forest,Home,0,1,0,2.28,1.15,Mauricio Pochettino,permanent,0.9
2023/24,2023-09-17,Chelsea,Bournemouth,Away,0,0,1,1.4,1.33,Mauricio Pochettino,permanent,1.0
2023/24,2023-09-24,Chelsea,Aston Villa,Home,0,1,0,1.2,1.13,Mauricio Pochettino,permanent,0.7
2023/24,2023-10-02,Chelsea,Fulham,Away,2,0,3,1.98,0.89,Mauricio Pochettino,permanent,0.9
2023/24,2023-10-07,Chelsea,Burnley,Away,4,1,3,1.98,0.96,Mauricio Pochettino,permanent,1.2
2023/24,2023-10-21,Chelsea,Arsenal,Home,2,2,1,1.72,1.06,Mauricio Pochettino,permanent,1.3
2023/24,2023-10-28,Chelsea,Brentford,Home,0,2,0,1.72,2.48,Mauricio Pochettino,permanent,1.2
2023/24,2023-11-06,Chelsea,Tottenham,Away,4,1,3,4.06,0.96,Mauricio Pochettino,permanent,1.4
2023/24,2023-11-12,Chelsea,Man City,Home,4,4,1,3.47,3.19,Mauricio Pochettino,permanent,1.5
2023/24,2023-11-25,Chelsea,Newcastle,Away,1,4,0,0.97,2.15,Mauricio Pochettino,permanent,1.2
2023/24,2023-12-03,Chelsea,Brighton,Home,3,2,3,1.66,0.86,Mauricio Pochettino,permanent,1.5
2023/24,2023-12-06,Chelsea,Man United,Away,1,2,0,2.35,4.04,Mauricio Pochettino,permanent,1.4
2023/24,2023-12-10,Chelsea,Everton,Away,0,2,0,0.89,1.11,Mauricio Pochettino,permanent,1.4
2023/24,2023-12-16,Chelsea,Sheffield United,Home,2,0,3,3.27,0.44,Mauricio Pochettino,permanent,1.4
2023/24,2023-12-24,Chelsea,Wolves,Away,1,2,0,1.75,1.75,Mauricio Pochettino,permanent,1.1
2023/24,2023-12-27,Chelsea,Crystal Palace,Home,2,1,3,2.73,0.96,Mauricio Pochettino,permanent,1.3
2023/24,2023-12-30,Chelsea,Luton,Away,3,2,3,1.57,2.64,Mauricio Pochettino,permanent,1.6
2023/24,2024-01-13,Chelsea,Fulham,Home,1,0,3,2.05,0.7,Mauricio Pochettino,permanent,1.6
2023/24,2024-01-31,Chelsea,Liverpool,Away,1,4,0,0.48,3.66,Mauricio Pochettino,permanent,1.5
2023/24,2024-02-04,Chelsea,Wolves,Home,2,4,0,2.36,2.49,Mauricio Pochettino,permanent,1.5
2023/24,2024-02-12,Chelsea,Crystal Palace,Away,3,1,3,1.27,0.72,Mauricio Pochettino,permanent,1.5
2023/24,2024-02-17,Chelsea,Man City,Away,1,1,1,1.83,2.78,Mauricio Pochettino,permanent,1.6
2023/24,2024-03-02,Chelsea,Brentford,Away,2,2,1,2.15,2.47,Mauricio Pochettino,permanent,1.7
2023/24,2024-03-11,Chelsea,Newcastle,Home,3,2,3,1.78,0.57,Mauricio Pochettino,permanent,1.7
2023/24,2024-03-30,Chelsea,Burnley,Home,2,2,1,4.47,2.1,Mauricio Pochettino,permanent,1.8
2023/24,2024-04-04,Chelsea,Man United,Home,4,3,3,3.48,1.57,Mauricio Pochettino,permanent,1.8
2023/24,2024-04-07,Chelsea,Sheffield United,Away,2,2,1,0.52,1.74,Mauricio Pochettino,permanent,1.6
2023/24,2024-04-15,Chelsea,Everton,Home,6,0,3,3.37,1.22,Mauricio Pochettino,permanent,1.6
2023/24,2024-04-23,Chelsea,Arsenal,Away,0,5,0,1.6,3.46,Mauricio Pochettino,permanent,1.6
2023/24,2024-04-27,Chelsea,Aston Villa,Away,2,2,1,1.56,0.61,Mauricio Pochettino,permanent,1.7
2023/24,2024-05-02,Chelsea,Tottenham,Home,2,0,3,2.22,1.27,Mauricio Pochettino,permanent,1.7
2023/24,2024-05-05,Chelsea,West Ham,Home,5,0,3,4.22,0.89,Mauricio Pochettino,permanent,1.9
2023/24,2024-05-11,Chelsea,Nott'm Forest,Away,3,2,3,2.41,2.45,Mauricio Pochettino,permanent,2.1
2023/24,2024-05-15,Chelsea,Brighton,Away,2,1,3,1.54,1.32,Mauricio Pochettino,permanent,2.1
2023/24,2024-05-19,Chelsea,Bournemouth,Home,2,1,3,1.6,2.0,Mauricio Pochettino,permanent,2.3
2024/25,2024-08-18,Chelsea,Man City,Home,0,2,0,1.06,1.18,Enzo Maresca,permanent,2.0
2024/25,2024-08-25,Chelsea,Wolves,Away,6,2,3,2.03,2.42,Enzo Maresca,permanent,2.2
2024/25,2024-09-01,Chelsea,Crystal Palace,Home,1,1,1,2.98,0.46,Enzo Maresca,permanent,2.0
2024/25,2024-09-14,Chelsea,Bournemouth,Away,1,0,3,0.93,1.54,Enzo Maresca,permanent,2.3
2024/25,2024-09-21,Chelsea,West Ham,Away,3,0,3,2.4,0.76,Enzo Maresca,permanent,2.5
2024/25,2024-09-28,Chelsea,Brighton,Home,4,2,3,3.66,1.21,Enzo Maresca,permanent,2.5
2024/25,2024-10-06,Chelsea,Nott'm Forest,Home,1,1,1,2.28,1.67,Enzo Maresca,permanent,2.3
2024/25,2024-10-20,Chelsea,Liverpool,Away,1,2,0,1.34,2.23,Enzo Maresca,permanent,2.0
2024/25,2024-10-27,Chelsea,Newcastle,Home,2,1,3,1.62,1.74,Enzo Maresca,permanent,2.0
2024/25,2024-11-03,Chelsea,Man United,Away,1,1,1,1.21,2.16,Enzo Maresca,permanent,1.8
2024/25,2024-11-10,Chelsea,Arsenal,Home,1,1,1,1.24,1.96,Enzo Maresca,permanent,1.9
2024/25,2024-11-23,Chelsea,Leicester,Away,2,1,3,2.82,0.97,Enzo Maresca,permanent,1.9
2024/25,2024-12-01,Chelsea,Aston Villa,Home,3,0,3,1.95,0.88,Enzo Maresca,permanent,2.1
2024/25,2024-12-04,Chelsea,Southampton,Away,5,1,3,5.83,1.91,Enzo Maresca,permanent,2.1
2024/25,2024-12-08,Chelsea,Tottenham,Away,4,3,3,2.57,3.25,Enzo Maresca,permanent,2.1
2024/25,2024-12-15,Chelsea,Brentford,Home,2,1,3,2.59,1.66,Enzo Maresca,permanent,2.1
2024/25,2024-12-22,Chelsea,Everton,Away,0,0,1,1.52,1.07,Enzo Maresca,permanent,2.1
2024/25,2024-12-26,Chelsea,Fulham,Home,1,2,0,1.56,1.78,Enzo Maresca,permanent,2.1
2024/25,2024-12-30,Chelsea,Ipswich,Away,0,2,0,1.61,1.5,Enzo Maresca,permanent,1.8
2024/25,2025-01-04,Chelsea,Crystal Palace,Away,1,1,1,1.52,1.28,Enzo Maresca,permanent,1.8
2024/25,2025-01-14,Chelsea,Bournemouth,Home,2,2,1,2.54,1.15,Enzo Maresca,permanent,1.8
2024/25,2025-01-20,Chelsea,Wolves,Home,3,1,3,3.15,1.07,Enzo Maresca,permanent,1.8
2024/25,2025-01-25,Chelsea,Man City,Away,1,3,0,1.5,2.23,Enzo Maresca,permanent,1.5
2024/25,2025-02-03,Chelsea,West Ham,Home,2,1,3,1.39,1.19,Enzo Maresca,permanent,1.5
2024/25,2025-02-14,Chelsea,Brighton,Away,0,3,0,0.65,2.07,Enzo Maresca,permanent,1.2
2024/25,2025-02-22,Chelsea,Aston Villa,Away,1,2,0,2.17,2.69,Enzo Maresca,permanent,0.9
2024/25,2025-02-25,Chelsea,Southampton,Home,4,0,3,2.98,0.85,Enzo Maresca,permanent,1.1
2024/25,2025-03-09,Chelsea,Leicester,Home,1,0,3,1.77,0.11,Enzo Maresca,permanent,1.4
2024/25,2025-03-16,Chelsea,Arsenal,Away,0,1,0,0.29,0.7,Enzo Maresca,permanent,1.4
2024/25,2025-04-03,Chelsea,Tottenham,Home,1,0,3,1.3,1.4,Enzo Maresca,permanent,1.6
2024/25,2025-04-06,Chelsea,Brentford,Away,0,0,1,1.48,1.36,Enzo Maresca,permanent,1.6
2024/25,2025-04-13,Chelsea,Ipswich,Home,2,2,1,2.91,1.6,Enzo Maresca,permanent,1.4
2024/25,2025-04-20,Chelsea,Fulham,Away,2,1,3,0.75,0.31,Enzo Maresca,permanent,1.7
2024/25,2025-04-26,Chelsea,Everton,Home,1,0,3,0.77,0.92,Enzo Maresca,permanent,1.7
2024/25,2025-05-04,Chelsea,Liverpool,Home,3,1,3,3.52,1.43,Enzo Maresca,permanent,2.0
2024/25,2025-05-11,Chelsea,Newcastle,Away,0,2,0,0.65,1.67,Enzo Maresca,permanent,2.0
2024/25,2025-05-16,Chelsea,Man United,Home,1,0,3,1.3,0.34,Enzo Maresca,permanent,2.0
2024/25,2025-05-25,Chelsea,Nott'm Forest,Away,1,0,3,1.31,1.58,Enzo Maresca,permanent,2.0
2025/26,2025-08-17,Chelsea,Crystal Palace,Home,0,0,1,1.37,1.03,Enzo Maresca,permanent,2.1
2025/26,2025-08-22,Chelsea,West Ham,Away,5,1,3,3.95,0.98,Enzo Maresca,permanent,2.1
2025/26,2025-08-30,Chelsea,Fulham,Home,2,0,3,2.43,0.74,Enzo Maresca,permanent,2.3
2025/26,2025-09-13,Chelsea,Brentford,Away,2,2,1,0.76,1.18,Enzo Maresca,permanent,2.3
2025/26,2025-09-20,Chelsea,Man United,Away,1,2,0,0.47,1.34,Enzo Maresca,permanent,2.0
2025/26,2025-09-27,Chelsea,Brighton,Home,1,3,0,2.03,2.48,Enzo Maresca,permanent,1.7
2025/26,2025-10-04,Chelsea,Liverpool,Home,2,1,3,1.24,2.06,Enzo Maresca,permanent,1.7
2025/26,2025-10-18,Chelsea,Nott'm Forest,Away,3,0,3,2.56,2.06,Enzo Maresca,permanent,2.0
2025/26,2025-10-25,Chelsea,Sunderland,Home,1,2,0,1.21,1.55,Enzo Maresca,permanent,1.7
2025/26,2025-11-01,Chelsea,Tottenham,Away,1,0,3,3.34,0.15,Enzo Maresca,permanent,1.7
2025/26,2025-11-08,Chelsea,Wolves,Home,3,0,3,3.98,0.11,Enzo Maresca,permanent,1.9
2025/26,2025-11-22,Chelsea,Burnley,Away,2,0,3,1.72,0.66,Enzo Maresca,permanent,1.9
2025/26,2025-11-30,Chelsea,Arsenal,Home,1,1,1,0.79,1.23,Enzo Maresca,permanent,1.7
2025/26,2025-12-03,Chelsea,Leeds,Away,1,3,0,0.96,2.2,Enzo Maresca,permanent,1.6
2025/26,2025-12-06,Chelsea,Bournemouth,Away,0,0,1,0.67,1.42,Enzo Maresca,permanent,1.7
2025/26,2025-12-13,Chelsea,Everton,Home,2,0,3,2.64,1.34,Enzo Maresca,permanent,2.0
2025/26,2025-12-20,Chelsea,Newcastle,Away,2,2,1,1.03,2.88,Enzo Maresca,permanent,1.8
2025/26,2025-12-27,Chelsea,Aston Villa,Home,1,2,0,1.97,2.06,Enzo Maresca,permanent,1.5
2025/26,2025-12-30,Chelsea,Bournemouth,Home,2,2,1,2.33,3.49,Enzo Maresca,permanent,1.6
2025/26,2026-01-04,Chelsea,Man City,Away,1,1,1,2.04,1.03,Calum McFarlane,caretaker,1.4
2025/26,2026-01-07,Chelsea,Fulham,Away,1,2,0,2.45,1.06,Calum McFarlane,caretaker,1.1
2025/26,2026-01-17,Chelsea,Brentford,Home,2,0,3,1.62,1.48,Liam Rosenior,permanent,1.1
2025/26,2026-01-25,Chelsea,Crystal Palace,Away,3,1,3,3.09,2.42,Liam Rosenior,permanent,1.3
2025/26,2026-01-31,Chelsea,West Ham,Home,3,2,3,2.66,1.73,Liam Rosenior,permanent,1.6
2025/26,2026-02-07,Chelsea,Wolves,Away,3,1,3,3.76,1.11,Liam Rosenior,permanent,1.8
2025/26,2026-02-10,Chelsea,Leeds,Home,2,2,1,3.21,1.29,Liam Rosenior,permanent,1.6
2025/26,2026-02-21,Chelsea,Burnley,Home,1,1,1,2.52,1.01,Liam Rosenior,permanent,1.6
2025/26,2026-03-01,Chelsea,Arsenal,Away,1,2,0,1.35,1.72,Liam Rosenior,permanent,1.6
2025/26,2026-03-04,Chelsea,Aston Villa,Away,4,1,3,3.39,1.07,Liam Rosenior,permanent,1.8
2025/26,2026-03-14,Chelsea,Newcastle,Home,0,1,0,1.73,1.03,Liam Rosenior,permanent,1.7
2025/26,2026-03-21,Chelsea,Everton,Away,0,3,0,1.35,1.45,Liam Rosenior,permanent,1.7
2025/26,2026-04-12,Chelsea,Man City,Home,0,3,0,1.22,2.41,Liam Rosenior,permanent,1.4
2025/26,2026-04-18,Chelsea,Man United,Home,0,1,0,1.28,0.44,Liam Rosenior,permanent,1.1
2025/26,2026-04-21,Chelsea,Brighton,Away,0,3,0,0.3,2.52,Liam Rosenior,permanent,0.8
2025/26,2026-05-04,Chelsea,Nott'm Forest,Home,1,3,0,2.17,2.31,Calum McFarlane,caretaker,0.5
2025/26,2026-05-09,Chelsea,Liverpool,Away,1,1,1,0.6,0.62,Calum McFarlane,caretaker,0.5
2025/26,2026-05-19,Chelsea,Tottenham,Home,2,1,3,1.09,2.15,Calum McFarlane,caretaker,0.7
2025/26,2026-05-24,Chelsea,Sunderland,Away,1,2,0,0.92,2.33,Calum McFarlane,caretaker,0.7
2014/15,2014-08-16,Crystal Palace,Arsenal,Away,1,2,0,0.16,1.55,Keith Millen,first spell in data,
2014/15,2014-08-23,Crystal Palace,West Ham,Home,1,3,0,0.62,1.34,Keith Millen,first spell in data,
2014/15,2014-08-30,Crystal Palace,Newcastle,Away,3,3,1,1.66,1.7,Neil Warnock,permanent,
2014/15,2014-09-13,Crystal Palace,Burnley,Home,0,0,1,0.78,1.25,Neil Warnock,permanent,
2014/15,2014-09-21,Crystal Palace,Everton,Away,3,2,3,1.63,2.56,Neil Warnock,permanent,
2014/15,2014-09-27,Crystal Palace,Leicester,Home,2,0,3,2.11,0.45,Neil Warnock,permanent,
2014/15,2014-10-04,Crystal Palace,Hull,Away,0,2,0,0.62,1.07,Neil Warnock,permanent,
2014/15,2014-10-18,Crystal Palace,Chelsea,Home,1,2,0,1.17,1.02,Neil Warnock,permanent,
2014/15,2014-10-25,Crystal Palace,West Brom,Away,2,2,1,1.77,1.46,Neil Warnock,permanent,
2014/15,2014-11-03,Crystal Palace,Sunderland,Home,1,3,0,0.77,0.73,Neil Warnock,permanent,0.9
2014/15,2014-11-08,Crystal Palace,Man United,Away,0,1,0,0.4,0.96,Neil Warnock,permanent,0.9
2014/15,2014-11-23,Crystal Palace,Liverpool,Home,3,1,3,1.47,0.95,Neil Warnock,permanent,1.2
2014/15,2014-11-29,Crystal Palace,Swansea,Away,1,1,1,1.51,1.46,Neil Warnock,permanent,1.2
2014/15,2014-12-02,Crystal Palace,Aston Villa,Home,0,1,0,0.8,0.19,Neil Warnock,permanent,1.1
2014/15,2014-12-06,Crystal Palace,Tottenham,Away,0,0,1,1.17,0.96,Neil Warnock,permanent,0.9
2014/15,2014-12-13,Crystal Palace,Stoke,Home,1,1,1,0.5,0.9,Neil Warnock,permanent,0.7
2014/15,2014-12-20,Crystal Palace,Man City,Away,0,3,0,0.76,1.41,Neil Warnock,permanent,0.7
2014/15,2014-12-26,Crystal Palace,Southampton,Home,1,3,0,0.38,1.3,Neil Warnock,permanent,0.7
2014/15,2014-12-28,Crystal Palace,QPR,Away,0,0,1,0.33,0.41,Keith Millen,caretaker,0.7
2014/15,2015-01-01,Crystal Palace,Aston Villa,Away,0,0,1,0.58,1.39,Keith Millen,caretaker,0.8
2014/15,2015-01-10,Crystal Palace,Tottenham,Home,2,1,3,2.86,0.92,Alan Pardew,permanent,1.1
2014/15,2015-01-17,Crystal Palace,Burnley,Away,3,2,3,0.53,1.08,Alan Pardew,permanent,1.1
2014/15,2015-01-31,Crystal Palace,Everton,Home,0,1,0,1.21,1.36,Alan Pardew,permanent,1.0
2014/15,2015-02-07,Crystal Palace,Leicester,Away,1,0,3,1.01,0.78,Alan Pardew,permanent,1.3
2014/15,2015-02-11,Crystal Palace,Newcastle,Home,1,1,1,0.93,0.44,Alan Pardew,permanent,1.3
2014/15,2015-02-21,Crystal Palace,Arsenal,Home,1,2,0,2.26,2.08,Alan Pardew,permanent,1.2
2014/15,2015-02-28,Crystal Palace,West Ham,Away,3,1,3,0.85,1.29,Alan Pardew,permanent,1.5
2014/15,2015-03-03,Crystal Palace,Southampton,Away,0,1,0,0.39,2.23,Alan Pardew,permanent,1.5
2014/15,2015-03-14,Crystal Palace,QPR,Home,3,1,3,2.2,0.27,Alan Pardew,permanent,1.7
2014/15,2015-03-21,Crystal Palace,Stoke,Away,2,1,3,2.15,2.08,Alan Pardew,permanent,1.9
2014/15,2015-04-06,Crystal Palace,Man City,Home,2,1,3,1.33,1.11,Alan Pardew,permanent,1.9
2014/15,2015-04-11,Crystal Palace,Sunderland,Away,4,1,3,2.35,0.62,Alan Pardew,permanent,1.9
2014/15,2015-04-18,Crystal Palace,West Brom,Home,0,2,0,2.06,0.7,Alan Pardew,permanent,1.9
2014/15,2015-04-25,Crystal Palace,Hull,Home,0,2,0,0.91,2.38,Alan Pardew,permanent,1.6
2014/15,2015-05-03,Crystal Palace,Chelsea,Away,0,1,0,0.42,1.56,Alan Pardew,permanent,1.5
2014/15,2015-05-09,Crystal Palace,Man United,Home,1,2,0,1.04,2.3,Alan Pardew,permanent,1.5
2014/15,2015-05-16,Crystal Palace,Liverpool,Away,3,1,3,2.0,1.11,Alan Pardew,permanent,1.5
2014/15,2015-05-24,Crystal Palace,Swansea,Home,1,0,3,1.08,0.12,Alan Pardew,permanent,1.8
2015/16,2015-08-08,Crystal Palace,Norwich,Away,3,1,3,2.11,1.13,Alan Pardew,permanent,1.8
2015/16,2015-08-16,Crystal Palace,Arsenal,Home,1,2,0,0.96,2.06,Alan Pardew,permanent,1.5
2015/16,2015-08-22,Crystal Palace,Aston Villa,Home,2,1,3,1.24,0.77,Alan Pardew,permanent,1.5
2015/16,2015-08-29,Crystal Palace,Chelsea,Away,2,1,3,2.19,1.28,Alan Pardew,permanent,1.5
2015/16,2015-09-12,Crystal Palace,Man City,Home,0,1,0,0.74,3.09,Alan Pardew,permanent,1.5
2015/16,2015-09-20,Crystal Palace,Tottenham,Away,0,1,0,0.54,1.02,Alan Pardew,permanent,1.5
2015/16,2015-09-27,Crystal Palace,Watford,Away,1,0,3,2.34,0.69,Alan Pardew,permanent,1.8
2015/16,2015-10-03,Crystal Palace,West Brom,Home,2,0,3,1.99,0.26,Alan Pardew,permanent,2.1
2015/16,2015-10-17,Crystal Palace,West Ham,Home,1,3,0,1.08,2.76,Alan Pardew,permanent,1.8
2015/16,2015-10-24,Crystal Palace,Leicester,Away,0,1,0,0.24,1.34,Alan Pardew,permanent,1.5
2015/16,2015-10-31,Crystal Palace,Man United,Home,0,0,1,0.94,0.39,Alan Pardew,permanent,1.3
2015/16,2015-11-08,Crystal Palace,Liverpool,Away,2,1,3,0.85,2.16,Alan Pardew,permanent,1.6
2015/16,2015-11-23,Crystal Palace,Sunderland,Home,0,1,0,0.7,1.31,Alan Pardew,permanent,1.3
2015/16,2015-11-28,Crystal Palace,Newcastle,Home,5,1,3,1.68,0.79,Alan Pardew,permanent,1.3
2015/16,2015-12-07,Crystal Palace,Everton,Away,1,1,1,1.19,1.7,Alan Pardew,permanent,1.4
2015/16,2015-12-12,Crystal Palace,Southampton,Home,1,0,3,1.31,0.89,Alan Pardew,permanent,1.7
2015/16,2015-12-19,Crystal Palace,Stoke,Away,2,1,3,1.95,2.41,Alan Pardew,permanent,1.7
2015/16,2015-12-26,Crystal Palace,Bournemouth,Away,0,0,1,0.41,0.87,Alan Pardew,permanent,1.5
2015/16,2015-12-28,Crystal Palace,Swansea,Home,0,0,1,0.74,0.17,Alan Pardew,permanent,1.6
2015/16,2016-01-03,Crystal Palace,Chelsea,Home,0,3,0,0.55,2.37,Alan Pardew,permanent,1.6
2015/16,2016-01-12,Crystal Palace,Aston Villa,Away,0,1,0,0.55,0.55,Alan Pardew,permanent,1.5
2015/16,2016-01-16,Crystal Palace,Man City,Away,0,4,0,0.61,1.74,Alan Pardew,permanent,1.2
2015/16,2016-01-23,Crystal Palace,Tottenham,Home,1,3,0,0.93,1.74,Alan Pardew,permanent,1.2
2015/16,2016-02-02,Crystal Palace,Bournemouth,Home,1,2,0,1.62,1.17,Alan Pardew,permanent,0.9
2015/16,2016-02-06,Crystal Palace,Swansea,Away,1,1,1,1.01,1.32,Alan Pardew,permanent,0.9
2015/16,2016-02-13,Crystal Palace,Watford,Home,1,2,0,0.98,2.0,Alan Pardew,permanent,0.6
2015/16,2016-02-27,Crystal Palace,West Brom,Away,2,3,0,1.22,2.07,Alan Pardew,permanent,0.3
2015/16,2016-03-01,Crystal Palace,Sunderland,Away,2,2,1,0.89,0.93,Alan Pardew,permanent,0.3
2015/16,2016-03-06,Crystal Palace,Liverpool,Home,1,2,0,1.44,2.27,Alan Pardew,permanent,0.2
2015/16,2016-03-19,Crystal Palace,Leicester,Home,0,1,0,0.78,1.2,Alan Pardew,permanent,0.2
2015/16,2016-04-02,Crystal Palace,West Ham,Away,2,2,1,1.66,1.71,Alan Pardew,permanent,0.3
2015/16,2016-04-09,Crystal Palace,Norwich,Home,1,0,3,1.45,0.68,Alan Pardew,permanent,0.6
2015/16,2016-04-13,Crystal Palace,Everton,Home,0,0,1,1.59,0.76,Alan Pardew,permanent,0.7
2015/16,2016-04-17,Crystal Palace,Arsenal,Away,1,1,1,0.28,1.73,Alan Pardew,permanent,0.8
2015/16,2016-04-20,Crystal Palace,Man United,Away,0,2,0,0.14,1.47,Alan Pardew,permanent,0.7
2015/16,2016-04-30,Crystal Palace,Newcastle,Away,0,1,0,1.05,0.53,Alan Pardew,permanent,0.7
2015/16,2016-05-07,Crystal Palace,Stoke,Home,2,1,3,1.31,1.28,Alan Pardew,permanent,1.0
2015/16,2016-05-15,Crystal Palace,Southampton,Away,1,4,0,1.25,2.32,Alan Pardew,permanent,0.9
2016/17,2016-08-13,Crystal Palace,West Brom,Home,0,1,0,0.99,0.68,Alan Pardew,permanent,0.9
2016/17,2016-08-20,Crystal Palace,Tottenham,Away,0,1,0,0.36,2.26,Alan Pardew,permanent,0.9
2016/17,2016-08-27,Crystal Palace,Bournemouth,Home,1,1,1,2.66,0.97,Alan Pardew,permanent,0.9
2016/17,2016-09-10,Crystal Palace,Middlesbrough,Away,2,1,3,1.12,0.61,Alan Pardew,permanent,0.9
2016/17,2016-09-18,Crystal Palace,Stoke,Home,4,1,3,1.31,1.2,Alan Pardew,permanent,1.1
2016/17,2016-09-24,Crystal Palace,Sunderland,Away,3,2,3,1.79,1.51,Alan Pardew,permanent,1.3
2016/17,2016-09-30,Crystal Palace,Everton,Away,1,1,1,0.48,1.15,Alan Pardew,permanent,1.4
2016/17,2016-10-15,Crystal Palace,West Ham,Home,0,1,0,1.95,0.87,Alan Pardew,permanent,1.4
2016/17,2016-10-22,Crystal Palace,Leicester,Away,1,3,0,1.66,1.7,Alan Pardew,permanent,1.1
2016/17,2016-10-29,Crystal Palace,Liverpool,Home,2,4,0,0.5,2.26,Alan Pardew,permanent,1.1
2016/17,2016-11-05,Crystal Palace,Burnley,Away,2,3,0,2.06,2.26,Alan Pardew,permanent,1.1
2016/17,2016-11-19,Crystal Palace,Man City,Home,1,2,0,0.43,1.39,Alan Pardew,permanent,1.1
2016/17,2016-11-26,Crystal Palace,Swansea,Away,4,5,0,2.28,3.4,Alan Pardew,permanent,1.0
2016/17,2016-12-03,Crystal Palace,Southampton,Home,3,0,3,2.2,0.76,Alan Pardew,permanent,1.0
2016/17,2016-12-10,Crystal Palace,Hull,Away,3,3,1,1.5,2.17,Alan Pardew,permanent,0.8
2016/17,2016-12-14,Crystal Palace,Man United,Home,1,2,0,0.71,1.27,Alan Pardew,permanent,0.5
2016/17,2016-12-17,Crystal Palace,Chelsea,Home,0,1,0,0.36,0.81,Alan Pardew,permanent,0.4
2016/17,2016-12-26,Crystal Palace,Watford,Away,1,1,1,1.54,0.96,Sam Allardyce,permanent,0.5
2016/17,2017-01-01,Crystal Palace,Arsenal,Away,0,2,0,0.22,1.67,Sam Allardyce,permanent,0.5
2016/17,2017-01-03,Crystal Palace,Swansea,Home,1,2,0,0.33,1.19,Sam Allardyce,permanent,0.5
2016/17,2017-01-14,Crystal Palace,West Ham,Away,0,3,0,1.06,1.72,Sam Allardyce,permanent,0.5
2016/17,2017-01-21,Crystal Palace,Everton,Home,0,1,0,0.46,0.95,Sam Allardyce,permanent,0.5
2016/17,2017-01-31,Crystal Palace,Bournemouth,Away,2,0,3,1.61,0.32,Sam Allardyce,permanent,0.8
2016/17,2017-02-04,Crystal Palace,Sunderland,Home,0,4,0,2.46,0.84,Sam Allardyce,permanent,0.5
2016/17,2017-02-11,Crystal Palace,Stoke,Away,0,1,0,0.2,0.72,Sam Allardyce,permanent,0.4
2016/17,2017-02-25,Crystal Palace,Middlesbrough,Home,1,0,3,0.81,0.83,Sam Allardyce,permanent,0.7
2016/17,2017-03-04,Crystal Palace,West Brom,Away,2,0,3,1.39,0.37,Sam Allardyce,permanent,1.0
2016/17,2017-03-18,Crystal Palace,Watford,Home,1,0,3,0.38,0.19,Sam Allardyce,permanent,1.2
2016/17,2017-04-01,Crystal Palace,Chelsea,Away,2,1,3,1.57,3.17,Sam Allardyce,permanent,1.5
2016/17,2017-04-05,Crystal Palace,Southampton,Away,1,3,0,1.73,3.34,Sam Allardyce,permanent,1.5
2016/17,2017-04-10,Crystal Palace,Arsenal,Home,3,0,3,2.16,0.44,Sam Allardyce,permanent,1.8
2016/17,2017-04-15,Crystal Palace,Leicester,Home,2,2,1,1.68,0.47,Sam Allardyce,permanent,1.9
2016/17,2017-04-23,Crystal Palace,Liverpool,Away,2,1,3,1.22,0.89,Sam Allardyce,permanent,1.9
2016/17,2017-04-26,Crystal Palace,Tottenham,Home,0,1,0,0.32,1.01,Sam Allardyce,permanent,1.9
2016/17,2017-04-29,Crystal Palace,Burnley,Home,0,2,0,0.63,1.39,Sam Allardyce,permanent,1.9
2016/17,2017-05-06,Crystal Palace,Man City,Away,0,5,0,0.24,2.7,Sam Allardyce,permanent,1.6
2016/17,2017-05-14,Crystal Palace,Hull,Home,4,0,3,2.73,0.52,Sam Allardyce,permanent,1.6
2016/17,2017-05-21,Crystal Palace,Man United,Away,0,2,0,0.3,1.04,Sam Allardyce,permanent,1.3
2017/18,2017-08-12,Crystal Palace,Huddersfield,Home,0,3,0,0.99,1.74,Frank de Boer,permanent,1.0
2017/18,2017-08-19,Crystal Palace,Liverpool,Away,0,1,0,0.73,2.85,Frank de Boer,permanent,1.0
2017/18,2017-08-26,Crystal Palace,Swansea,Home,0,2,0,0.82,0.97,Frank de Boer,permanent,0.7
2017/18,2017-09-10,Crystal Palace,Burnley,Away,0,1,0,1.73,0.43,Frank de Boer,permanent,0.6
2017/18,2017-09-16,Crystal Palace,Southampton,Home,0,1,0,2.03,1.11,Roy Hodgson,permanent,0.3
2017/18,2017-09-23,Crystal Palace,Man City,Away,0,5,0,0.61,5.73,Roy Hodgson,permanent,0.3
2017/18,2017-09-30,Crystal Palace,Man United,Away,0,4,0,0.24,3.48,Roy Hodgson,permanent,0.3
2017/18,2017-10-14,Crystal Palace,Chelsea,Home,2,1,3,1.52,0.65,Roy Hodgson,permanent,0.6
2017/18,2017-10-21,Crystal Palace,Newcastle,Away,0,1,0,0.57,0.27,Roy Hodgson,permanent,0.3
2017/18,2017-10-28,Crystal Palace,West Ham,Home,2,2,1,2.92,0.74,Roy Hodgson,permanent,0.4
2017/18,2017-11-05,Crystal Palace,Tottenham,Away,0,1,0,1.1,0.99,Roy Hodgson,permanent,0.4
2017/18,2017-11-18,Crystal Palace,Everton,Home,2,2,1,2.03,1.69,Roy Hodgson,permanent,0.5
2017/18,2017-11-25,Crystal Palace,Stoke,Home,2,1,3,1.48,0.63,Roy Hodgson,permanent,0.8
2017/18,2017-11-28,Crystal Palace,Brighton,Away,0,0,1,0.58,0.48,Roy Hodgson,permanent,0.9
2017/18,2017-12-02,Crystal Palace,West Brom,Away,0,0,1,0.81,1.65,Roy Hodgson,permanent,1.0
2017/18,2017-12-09,Crystal Palace,Bournemouth,Home,2,2,1,4.61,0.96,Roy Hodgson,permanent,1.1
2017/18,2017-12-12,Crystal Palace,Watford,Home,2,1,3,1.11,1.4,Roy Hodgson,permanent,1.4
2017/18,2017-12-16,Crystal Palace,Leicester,Away,3,0,3,2.26,0.76,Roy Hodgson,permanent,1.4
2017/18,2017-12-23,Crystal Palace,Swansea,Away,1,1,1,1.26,0.55,Roy Hodgson,permanent,1.5
2017/18,2017-12-28,Crystal Palace,Arsenal,Home,2,3,0,1.15,1.84,Roy Hodgson,permanent,1.4
2017/18,2017-12-31,Crystal Palace,Man City,Home,0,0,1,1.72,1.1,Roy Hodgson,permanent,1.5
2017/18,2018-01-02,Crystal Palace,Southampton,Away,2,1,3,1.34,0.45,Roy Hodgson,permanent,1.7
2017/18,2018-01-13,Crystal Palace,Burnley,Home,1,0,3,1.81,0.91,Roy Hodgson,permanent,1.7
2017/18,2018-01-20,Crystal Palace,Arsenal,Away,1,4,0,0.5,3.57,Roy Hodgson,permanent,1.6
2017/18,2018-01-30,Crystal Palace,West Ham,Away,1,1,1,1.16,1.12,Roy Hodgson,permanent,1.6
2017/18,2018-02-04,Crystal Palace,Newcastle,Home,1,1,1,3.0,1.14,Roy Hodgson,permanent,1.6
2017/18,2018-02-10,Crystal Palace,Everton,Away,1,3,0,1.66,1.49,Roy Hodgson,permanent,1.3
2017/18,2018-02-25,Crystal Palace,Tottenham,Home,0,1,0,0.18,1.65,Roy Hodgson,permanent,1.0
2017/18,2018-03-05,Crystal Palace,Man United,Home,2,3,0,0.74,1.25,Roy Hodgson,permanent,0.9
2017/18,2018-03-10,Crystal Palace,Chelsea,Away,1,2,0,1.14,3.88,Roy Hodgson,permanent,0.9
2017/18,2018-03-17,Crystal Palace,Huddersfield,Away,2,0,3,2.75,0.22,Roy Hodgson,permanent,1.1
2017/18,2018-03-31,Crystal Palace,Liverpool,Home,1,2,0,1.91,1.72,Roy Hodgson,permanent,0.8
2017/18,2018-04-07,Crystal Palace,Bournemouth,Away,2,2,1,1.15,2.09,Roy Hodgson,permanent,0.6
2017/18,2018-04-14,Crystal Palace,Brighton,Home,3,2,3,2.5,1.54,Roy Hodgson,permanent,0.9
2017/18,2018-04-21,Crystal Palace,Watford,Away,0,0,1,0.18,0.59,Roy Hodgson,permanent,0.9
2017/18,2018-04-28,Crystal Palace,Leicester,Home,5,0,3,2.79,0.94,Roy Hodgson,permanent,1.1
2017/18,2018-05-05,Crystal Palace,Stoke,Away,2,1,3,1.31,0.75,Roy Hodgson,permanent,1.4
2017/18,2018-05-13,Crystal Palace,West Brom,Home,2,0,3,2.36,0.22,Roy Hodgson,permanent,1.7
2018/19,2018-08-11,Crystal Palace,Fulham,Away,2,0,3,1.08,0.64,Roy Hodgson,permanent,2.0
2018/19,2018-08-20,Crystal Palace,Liverpool,Home,0,2,0,0.37,2.82,Roy Hodgson,permanent,2.0
2018/19,2018-08-26,Crystal Palace,Watford,Away,1,2,0,1.22,1.15,Roy Hodgson,permanent,1.7
2018/19,2018-09-01,Crystal Palace,Southampton,Home,0,2,0,2.35,3.14,Roy Hodgson,permanent,1.7
2018/19,2018-09-15,Crystal Palace,Huddersfield,Away,1,0,3,0.75,0.88,Roy Hodgson,permanent,1.9
2018/19,2018-09-22,Crystal Palace,Newcastle,Home,0,0,1,0.93,0.23,Roy Hodgson,permanent,1.7
2018/19,2018-10-01,Crystal Palace,Bournemouth,Away,1,2,0,0.39,1.97,Roy Hodgson,permanent,1.6
2018/19,2018-10-06,Crystal Palace,Wolves,Home,0,1,0,1.04,0.76,Roy Hodgson,permanent,1.3
2018/19,2018-10-21,Crystal Palace,Everton,Away,0,2,0,1.5,1.93,Roy Hodgson,permanent,1.0
2018/19,2018-10-28,Crystal Palace,Arsenal,Home,2,2,1,2.38,0.85,Roy Hodgson,permanent,0.8
2018/19,2018-11-04,Crystal Palace,Chelsea,Away,1,3,0,0.45,1.89,Roy Hodgson,permanent,0.5
2018/19,2018-11-10,Crystal Palace,Tottenham,Home,0,1,0,0.69,1.55,Roy Hodgson,permanent,0.5
2018/19,2018-11-24,Crystal Palace,Man United,Away,0,0,1,1.05,1.34,Roy Hodgson,permanent,0.6
2018/19,2018-12-01,Crystal Palace,Burnley,Home,2,0,3,2.04,0.3,Roy Hodgson,permanent,0.9
2018/19,2018-12-04,Crystal Palace,Brighton,Away,1,3,0,1.53,1.25,Roy Hodgson,permanent,0.6
2018/19,2018-12-08,Crystal Palace,West Ham,Away,2,3,0,0.93,1.54,Roy Hodgson,permanent,0.5
2018/19,2018-12-15,Crystal Palace,Leicester,Home,1,0,3,0.4,0.9,Roy Hodgson,permanent,0.8
2018/19,2018-12-22,Crystal Palace,Man City,Away,3,2,3,1.15,1.27,Roy Hodgson,permanent,1.1
2018/19,2018-12-26,Crystal Palace,Cardiff,Home,0,0,1,2.43,1.06,Roy Hodgson,permanent,1.2
2018/19,2018-12-30,Crystal Palace,Chelsea,Home,0,1,0,0.2,0.74,Roy Hodgson,permanent,1.1
2018/19,2019-01-02,Crystal Palace,Wolves,Away,2,0,3,1.95,0.66,Roy Hodgson,permanent,1.4
2018/19,2019-01-12,Crystal Palace,Watford,Home,1,2,0,1.16,1.56,Roy Hodgson,permanent,1.4
2018/19,2019-01-19,Crystal Palace,Liverpool,Away,3,4,0,0.7,2.83,Roy Hodgson,permanent,1.3
2018/19,2019-01-30,Crystal Palace,Southampton,Away,1,1,1,1.53,1.33,Roy Hodgson,permanent,1.1
2018/19,2019-02-02,Crystal Palace,Fulham,Home,2,0,3,2.2,0.56,Roy Hodgson,permanent,1.4
2018/19,2019-02-09,Crystal Palace,West Ham,Home,1,1,1,2.68,1.75,Roy Hodgson,permanent,1.5
2018/19,2019-02-23,Crystal Palace,Leicester,Away,4,1,3,1.58,0.95,Roy Hodgson,permanent,1.5
2018/19,2019-02-27,Crystal Palace,Man United,Home,1,3,0,1.69,1.54,Roy Hodgson,permanent,1.2
2018/19,2019-03-02,Crystal Palace,Burnley,Away,3,1,3,0.71,1.91,Roy Hodgson,permanent,1.4
2018/19,2019-03-09,Crystal Palace,Brighton,Home,1,2,0,1.44,0.13,Roy Hodgson,permanent,1.4
2018/19,2019-03-30,Crystal Palace,Huddersfield,Home,2,0,3,2.85,0.93,Roy Hodgson,permanent,1.4
2018/19,2019-04-03,Crystal Palace,Tottenham,Away,0,2,0,0.56,2.57,Roy Hodgson,permanent,1.4
2018/19,2019-04-06,Crystal Palace,Newcastle,Away,1,0,3,0.91,0.94,Roy Hodgson,permanent,1.7
2018/19,2019-04-14,Crystal Palace,Man City,Home,1,3,0,0.32,2.86,Roy Hodgson,permanent,1.6
2018/19,2019-04-21,Crystal Palace,Arsenal,Away,3,2,3,2.56,1.54,Roy Hodgson,permanent,1.6
2018/19,2019-04-27,Crystal Palace,Everton,Home,0,0,1,0.26,1.15,Roy Hodgson,permanent,1.6
2018/19,2019-05-04,Crystal Palace,Cardiff,Away,3,2,3,1.81,1.5,Roy Hodgson,permanent,1.6
2018/19,2019-05-12,Crystal Palace,Bournemouth,Home,5,3,3,2.86,1.9,Roy Hodgson,permanent,1.9
2019/20,2019-08-10,Crystal Palace,Everton,Home,0,0,1,0.87,1.22,Roy Hodgson,permanent,1.7
2019/20,2019-08-18,Crystal Palace,Sheffield United,Away,0,1,0,0.24,1.85,Roy Hodgson,permanent,1.7
2019/20,2019-08-24,Crystal Palace,Man United,Away,2,1,3,0.68,2.24,Roy Hodgson,permanent,1.7
2019/20,2019-08-31,Crystal Palace,Aston Villa,Home,1,0,3,1.41,0.3,Roy Hodgson,permanent,2.0
2019/20,2019-09-14,Crystal Palace,Tottenham,Away,0,4,0,0.58,1.05,Roy Hodgson,permanent,1.7
2019/20,2019-09-22,Crystal Palace,Wolves,Home,1,1,1,0.98,1.76,Roy Hodgson,permanent,1.8
2019/20,2019-09-28,Crystal Palace,Norwich,Home,2,0,3,1.8,0.71,Roy Hodgson,permanent,1.8
2019/20,2019-10-05,Crystal Palace,West Ham,Away,2,1,3,2.07,1.24,Roy Hodgson,permanent,2.0
2019/20,2019-10-19,Crystal Palace,Man City,Home,0,2,0,0.62,4.02,Roy Hodgson,permanent,1.7
2019/20,2019-10-27,Crystal Palace,Arsenal,Away,2,2,1,1.78,1.54,Roy Hodgson,permanent,1.5
2019/20,2019-11-03,Crystal Palace,Leicester,Home,0,2,0,0.44,0.98,Roy Hodgson,permanent,1.4
2019/20,2019-11-09,Crystal Palace,Chelsea,Away,0,2,0,0.48,3.29,Roy Hodgson,permanent,1.4
2019/20,2019-11-23,Crystal Palace,Liverpool,Home,1,2,0,1.02,1.64,Roy Hodgson,permanent,1.1
2019/20,2019-11-30,Crystal Palace,Burnley,Away,2,0,3,0.94,1.85,Roy Hodgson,permanent,1.1
2019/20,2019-12-03,Crystal Palace,Bournemouth,Home,1,0,3,0.38,0.34,Roy Hodgson,permanent,1.4
2019/20,2019-12-07,Crystal Palace,Watford,Away,0,0,1,0.21,1.57,Roy Hodgson,permanent,1.4
2019/20,2019-12-16,Crystal Palace,Brighton,Home,1,1,1,0.48,2.48,Roy Hodgson,permanent,1.2
2019/20,2019-12-21,Crystal Palace,Newcastle,Away,0,1,0,0.99,0.71,Roy Hodgson,permanent,0.9
2019/20,2019-12-26,Crystal Palace,West Ham,Home,2,1,3,2.14,0.8,Roy Hodgson,permanent,1.2
2019/20,2019-12-28,Crystal Palace,Southampton,Away,1,1,1,0.14,1.48,Roy Hodgson,permanent,1.2
2019/20,2020-01-01,Crystal Palace,Norwich,Away,1,1,1,1.3,1.66,Roy Hodgson,permanent,1.3
2019/20,2020-01-11,Crystal Palace,Arsenal,Home,1,1,1,0.32,1.44,Roy Hodgson,permanent,1.4
2019/20,2020-01-18,Crystal Palace,Man City,Away,2,2,1,0.59,2.47,Roy Hodgson,permanent,1.5
2019/20,2020-01-21,Crystal Palace,Southampton,Home,0,2,0,0.67,1.13,Roy Hodgson,permanent,1.2
2019/20,2020-02-01,Crystal Palace,Sheffield United,Home,0,1,0,0.97,0.86,Roy Hodgson,permanent,0.9
2019/20,2020-02-08,Crystal Palace,Everton,Away,1,3,0,0.87,2.79,Roy Hodgson,permanent,0.8
2019/20,2020-02-22,Crystal Palace,Newcastle,Home,1,0,3,1.76,0.16,Roy Hodgson,permanent,1.0
2019/20,2020-02-29,Crystal Palace,Brighton,Away,1,0,3,2.17,1.79,Roy Hodgson,permanent,1.3
2019/20,2020-03-07,Crystal Palace,Watford,Home,1,0,3,0.86,0.45,Roy Hodgson,permanent,1.3
2019/20,2020-06-20,Crystal Palace,Bournemouth,Away,2,0,3,0.79,0.36,Roy Hodgson,permanent,1.5
2019/20,2020-06-24,Crystal Palace,Liverpool,Away,0,4,0,0.06,2.57,Roy Hodgson,permanent,1.4
2019/20,2020-06-29,Crystal Palace,Burnley,Home,0,1,0,1.07,0.36,Roy Hodgson,permanent,1.3
2019/20,2020-07-04,Crystal Palace,Leicester,Away,0,3,0,0.51,2.21,Roy Hodgson,permanent,1.2
2019/20,2020-07-07,Crystal Palace,Chelsea,Home,2,3,0,1.29,2.66,Roy Hodgson,permanent,1.2
2019/20,2020-07-12,Crystal Palace,Aston Villa,Away,0,2,0,0.97,1.7,Roy Hodgson,permanent,1.2
2019/20,2020-07-16,Crystal Palace,Man United,Home,0,2,0,0.57,1.9,Roy Hodgson,permanent,1.2
2019/20,2020-07-20,Crystal Palace,Wolves,Away,0,2,0,0.44,1.49,Roy Hodgson,permanent,0.9
2019/20,2020-07-26,Crystal Palace,Tottenham,Home,1,1,1,0.99,0.31,Roy Hodgson,permanent,0.7
2020/21,2020-09-12,Crystal Palace,Southampton,Home,1,0,3,1.4,1.26,Roy Hodgson,permanent,0.7
2020/21,2020-09-19,Crystal Palace,Man United,Away,3,1,3,1.91,1.1,Roy Hodgson,permanent,0.7
2020/21,2020-09-26,Crystal Palace,Everton,Home,1,2,0,0.44,2.27,Roy Hodgson,permanent,0.7
2020/21,2020-10-03,Crystal Palace,Chelsea,Away,0,4,0,0.1,2.51,Roy Hodgson,permanent,0.7
2020/21,2020-10-18,Crystal Palace,Brighton,Home,1,1,1,0.76,1.09,Roy Hodgson,permanent,0.8
2020/21,2020-10-24,Crystal Palace,Fulham,Away,2,1,3,2.81,1.05,Roy Hodgson,permanent,1.1
2020/21,2020-10-30,Crystal Palace,Wolves,Away,0,2,0,0.8,1.35,Roy Hodgson,permanent,1.1
2020/21,2020-11-07,Crystal Palace,Leeds,Home,4,1,3,1.3,0.85,Roy Hodgson,permanent,1.4
2020/21,2020-11-23,Crystal Palace,Burnley,Away,0,1,0,1.28,1.75,Roy Hodgson,permanent,1.4
2020/21,2020-11-27,Crystal Palace,Newcastle,Home,0,2,0,0.53,1.28,Roy Hodgson,permanent,1.3
2020/21,2020-12-06,Crystal Palace,West Brom,Away,5,1,3,1.69,0.57,Roy Hodgson,permanent,1.3
2020/21,2020-12-13,Crystal Palace,Tottenham,Home,1,1,1,1.84,1.41,Roy Hodgson,permanent,1.1
2020/21,2020-12-16,Crystal Palace,West Ham,Away,1,1,1,1.09,0.45,Roy Hodgson,permanent,1.2
2020/21,2020-12-19,Crystal Palace,Liverpool,Home,0,7,0,0.49,2.87,Roy Hodgson,permanent,1.2
2020/21,2020-12-26,Crystal Palace,Aston Villa,Away,0,3,0,0.85,4.58,Roy Hodgson,permanent,1.1
2020/21,2020-12-28,Crystal Palace,Leicester,Home,1,1,1,0.32,1.72,Roy Hodgson,permanent,0.9
2020/21,2021-01-02,Crystal Palace,Sheffield United,Home,2,0,3,0.6,0.32,Roy Hodgson,permanent,1.2
2020/21,2021-01-14,Crystal Palace,Arsenal,Away,0,0,1,0.71,0.37,Roy Hodgson,permanent,1.0
2020/21,2021-01-17,Crystal Palace,Man City,Away,0,4,0,0.05,0.96,Roy Hodgson,permanent,1.0
2020/21,2021-01-26,Crystal Palace,West Ham,Home,2,3,0,0.63,3.3,Roy Hodgson,permanent,1.0
2020/21,2021-01-30,Crystal Palace,Wolves,Home,1,0,3,1.37,0.45,Roy Hodgson,permanent,1.0
2020/21,2021-02-02,Crystal Palace,Newcastle,Away,2,1,3,0.81,1.91,Roy Hodgson,permanent,1.2
2020/21,2021-02-08,Crystal Palace,Leeds,Away,0,2,0,0.37,2.65,Roy Hodgson,permanent,1.1
2020/21,2021-02-13,Crystal Palace,Burnley,Home,0,3,0,0.65,1.96,Roy Hodgson,permanent,1.1
2020/21,2021-02-22,Crystal Palace,Brighton,Away,2,1,3,0.18,2.59,Roy Hodgson,permanent,1.4
2020/21,2021-02-28,Crystal Palace,Fulham,Home,0,0,1,0.09,0.81,Roy Hodgson,permanent,1.4
2020/21,2021-03-03,Crystal Palace,Man United,Home,0,0,1,0.74,0.58,Roy Hodgson,permanent,1.2
2020/21,2021-03-07,Crystal Palace,Tottenham,Away,1,4,0,0.56,2.24,Roy Hodgson,permanent,1.1
2020/21,2021-03-13,Crystal Palace,West Brom,Home,1,0,3,1.31,0.51,Roy Hodgson,permanent,1.4
2020/21,2021-04-05,Crystal Palace,Everton,Away,1,1,1,0.6,2.53,Roy Hodgson,permanent,1.5
2020/21,2021-04-10,Crystal Palace,Chelsea,Home,1,4,0,0.6,3.85,Roy Hodgson,permanent,1.2
2020/21,2021-04-26,Crystal Palace,Leicester,Away,1,2,0,0.72,1.23,Roy Hodgson,permanent,0.9
2020/21,2021-05-01,Crystal Palace,Man City,Home,0,2,0,0.36,2.04,Roy Hodgson,permanent,0.9
2020/21,2021-05-08,Crystal Palace,Sheffield United,Away,2,0,3,2.25,0.64,Roy Hodgson,permanent,1.2
2020/21,2021-05-11,Crystal Palace,Southampton,Away,1,3,0,1.33,1.59,Roy Hodgson,permanent,0.9
2020/21,2021-05-16,Crystal Palace,Aston Villa,Home,3,2,3,1.95,1.23,Roy Hodgson,permanent,1.1
2020/21,2021-05-19,Crystal Palace,Arsenal,Home,1,3,0,1.0,1.79,Roy Hodgson,permanent,1.0
2020/21,2021-05-23,Crystal Palace,Liverpool,Away,0,2,0,0.77,2.2,Roy Hodgson,permanent,1.0
2021/22,2021-08-14,Crystal Palace,Chelsea,Away,0,3,0,0.32,1.19,Patrick Vieira,permanent,0.7
2021/22,2021-08-21,Crystal Palace,Brentford,Home,0,0,1,0.61,0.71,Patrick Vieira,permanent,0.7
2021/22,2021-08-28,Crystal Palace,West Ham,Away,2,2,1,1.68,1.45,Patrick Vieira,permanent,0.8
2021/22,2021-09-11,Crystal Palace,Tottenham,Home,3,0,3,2.89,0.08,Patrick Vieira,permanent,1.1
2021/22,2021-09-18,Crystal Palace,Liverpool,Away,0,3,0,0.64,2.77,Patrick Vieira,permanent,1.1
2021/22,2021-09-27,Crystal Palace,Brighton,Home,1,1,1,1.37,0.65,Patrick Vieira,permanent,0.9
2021/22,2021-10-03,Crystal Palace,Leicester,Home,2,2,1,1.17,1.04,Patrick Vieira,permanent,1.0
2021/22,2021-10-18,Crystal Palace,Arsenal,Away,2,2,1,0.49,1.74,Patrick Vieira,permanent,0.8
2021/22,2021-10-23,Crystal Palace,Newcastle,Home,1,1,1,2.26,0.72,Patrick Vieira,permanent,0.9
2021/22,2021-10-30,Crystal Palace,Man City,Away,2,0,3,1.05,0.66,Patrick Vieira,permanent,1.2
2021/22,2021-11-06,Crystal Palace,Wolves,Home,2,0,3,2.65,0.25,Patrick Vieira,permanent,1.5
2021/22,2021-11-20,Crystal Palace,Burnley,Away,3,3,1,1.75,1.04,Patrick Vieira,permanent,1.5
2021/22,2021-11-27,Crystal Palace,Aston Villa,Home,1,2,0,0.96,0.45,Patrick Vieira,permanent,1.4
2021/22,2021-11-30,Crystal Palace,Leeds,Away,0,1,0,0.71,1.98,Patrick Vieira,permanent,1.1
2021/22,2021-12-05,Crystal Palace,Man United,Away,0,1,0,0.52,0.87,Patrick Vieira,permanent,1.1
2021/22,2021-12-12,Crystal Palace,Everton,Home,3,1,3,2.1,1.28,Patrick Vieira,permanent,1.3
2021/22,2021-12-15,Crystal Palace,Southampton,Home,2,2,1,1.49,0.63,Patrick Vieira,permanent,1.3
2021/22,2021-12-26,Crystal Palace,Tottenham,Away,0,3,0,0.18,2.82,Patrick Vieira,permanent,1.2
2021/22,2021-12-28,Crystal Palace,Norwich,Home,3,0,3,2.39,0.59,Patrick Vieira,permanent,1.4
2021/22,2022-01-01,Crystal Palace,West Ham,Home,2,3,0,2.69,2.23,Patrick Vieira,permanent,1.1
2021/22,2022-01-14,Crystal Palace,Brighton,Away,1,1,1,0.51,2.18,Patrick Vieira,permanent,0.9
2021/22,2022-01-23,Crystal Palace,Liverpool,Home,1,3,0,1.63,1.5,Patrick Vieira,permanent,0.8
2021/22,2022-02-09,Crystal Palace,Norwich,Away,1,1,1,1.23,0.3,Patrick Vieira,permanent,0.9
2021/22,2022-02-12,Crystal Palace,Brentford,Away,0,0,1,0.5,1.98,Patrick Vieira,permanent,1.0
2021/22,2022-02-19,Crystal Palace,Chelsea,Home,0,1,0,0.62,1.12,Patrick Vieira,permanent,1.0
2021/22,2022-02-23,Crystal Palace,Watford,Away,4,1,3,0.82,1.72,Patrick Vieira,permanent,1.0
2021/22,2022-02-26,Crystal Palace,Burnley,Home,1,1,1,1.04,0.26,Patrick Vieira,permanent,1.0
2021/22,2022-03-05,Crystal Palace,Wolves,Away,2,0,3,2.54,0.71,Patrick Vieira,permanent,1.3
2021/22,2022-03-14,Crystal Palace,Man City,Home,0,0,1,0.47,2.04,Patrick Vieira,permanent,1.1
2021/22,2022-04-04,Crystal Palace,Arsenal,Home,3,0,3,1.4,1.05,Patrick Vieira,permanent,1.4
2021/22,2022-04-10,Crystal Palace,Leicester,Away,1,2,0,1.53,0.88,Patrick Vieira,permanent,1.3
2021/22,2022-04-20,Crystal Palace,Newcastle,Away,0,1,0,0.43,0.77,Patrick Vieira,permanent,1.3
2021/22,2022-04-25,Crystal Palace,Leeds,Home,0,0,1,1.62,0.37,Patrick Vieira,permanent,1.3
2021/22,2022-04-30,Crystal Palace,Southampton,Away,2,1,3,0.76,0.65,Patrick Vieira,permanent,1.5
2021/22,2022-05-07,Crystal Palace,Watford,Home,1,0,3,2.49,0.26,Patrick Vieira,permanent,1.8
2021/22,2022-05-15,Crystal Palace,Aston Villa,Away,1,1,1,1.39,0.8,Patrick Vieira,permanent,1.6
2021/22,2022-05-19,Crystal Palace,Everton,Away,2,3,0,1.6,0.81,Patrick Vieira,permanent,1.5
2021/22,2022-05-22,Crystal Palace,Man United,Home,1,0,3,0.35,0.78,Patrick Vieira,permanent,1.5
2022/23,2022-08-05,Crystal Palace,Arsenal,Home,0,2,0,1.21,1.44,Patrick Vieira,permanent,1.4
2022/23,2022-08-15,Crystal Palace,Liverpool,Away,1,1,1,1.64,2.24,Patrick Vieira,permanent,1.2
2022/23,2022-08-20,Crystal Palace,Aston Villa,Home,3,1,3,2.91,0.8,Patrick Vieira,permanent,1.5
2022/23,2022-08-27,Crystal Palace,Man City,Away,2,4,0,0.09,2.39,Patrick Vieira,permanent,1.5
2022/23,2022-08-30,Crystal Palace,Brentford,Home,1,1,1,0.78,1.62,Patrick Vieira,permanent,1.5
2022/23,2022-09-03,Crystal Palace,Newcastle,Away,0,0,1,0.92,2.91,Patrick Vieira,permanent,1.3
2022/23,2022-10-01,Crystal Palace,Chelsea,Home,1,2,0,0.71,1.26,Patrick Vieira,permanent,1.0
2022/23,2022-10-09,Crystal Palace,Leeds,Home,2,1,3,1.65,1.07,Patrick Vieira,permanent,1.2
2022/23,2022-10-15,Crystal Palace,Leicester,Away,0,0,1,0.35,0.97,Patrick Vieira,permanent,1.3
2022/23,2022-10-18,Crystal Palace,Wolves,Home,2,1,3,1.26,0.86,Patrick Vieira,permanent,1.3
2022/23,2022-10-22,Crystal Palace,Everton,Away,0,3,0,0.6,1.93,Patrick Vieira,permanent,1.3
2022/23,2022-10-29,Crystal Palace,Southampton,Home,1,0,3,1.0,1.36,Patrick Vieira,permanent,1.5
2022/23,2022-11-06,Crystal Palace,West Ham,Away,2,1,3,1.03,0.19,Patrick Vieira,permanent,1.5
2022/23,2022-11-12,Crystal Palace,Nott'm Forest,Away,0,1,0,1.15,1.24,Patrick Vieira,permanent,1.5
2022/23,2022-12-26,Crystal Palace,Fulham,Home,0,3,0,0.42,2.7,Patrick Vieira,permanent,1.4
2022/23,2022-12-31,Crystal Palace,Bournemouth,Away,2,0,3,1.75,0.9,Patrick Vieira,permanent,1.6
2022/23,2023-01-04,Crystal Palace,Tottenham,Home,0,4,0,0.79,1.67,Patrick Vieira,permanent,1.6
2022/23,2023-01-15,Crystal Palace,Chelsea,Away,0,1,0,0.84,2.13,Patrick Vieira,permanent,1.3
2022/23,2023-01-18,Crystal Palace,Man United,Home,1,1,1,0.41,1.39,Patrick Vieira,permanent,1.3
2022/23,2023-01-21,Crystal Palace,Newcastle,Home,0,0,1,0.33,1.44,Patrick Vieira,permanent,1.1
2022/23,2023-02-04,Crystal Palace,Man United,Away,1,2,0,1.38,2.07,Patrick Vieira,permanent,1.1
2022/23,2023-02-11,Crystal Palace,Brighton,Home,1,1,1,0.93,2.65,Patrick Vieira,permanent,0.9
2022/23,2023-02-18,Crystal Palace,Brentford,Away,1,1,1,1.12,0.61,Patrick Vieira,permanent,0.7
2022/23,2023-02-25,Crystal Palace,Liverpool,Home,0,0,1,0.99,1.35,Patrick Vieira,permanent,0.8
2022/23,2023-03-04,Crystal Palace,Aston Villa,Away,0,1,0,0.15,0.89,Patrick Vieira,permanent,0.8
2022/23,2023-03-11,Crystal Palace,Man City,Home,0,1,0,0.19,2.19,Patrick Vieira,permanent,0.5
2022/23,2023-03-15,Crystal Palace,Brighton,Away,0,1,0,1.21,0.59,Patrick Vieira,permanent,0.5
2022/23,2023-03-19,Crystal Palace,Arsenal,Away,1,4,0,1.19,1.54,Patrick McCarthy,caretaker,0.5
2022/23,2023-04-01,Crystal Palace,Leicester,Home,2,1,3,1.93,0.2,Roy Hodgson,caretaker_made_permanent,0.7
2022/23,2023-04-09,Crystal Palace,Leeds,Away,5,1,3,3.23,1.02,Roy Hodgson,caretaker_made_permanent,0.9
2022/23,2023-04-15,Crystal Palace,Southampton,Away,2,0,3,0.86,0.68,Roy Hodgson,caretaker_made_permanent,1.2
2022/23,2023-04-22,Crystal Palace,Everton,Home,0,0,1,0.37,0.43,Roy Hodgson,caretaker_made_permanent,1.2
2022/23,2023-04-25,Crystal Palace,Wolves,Away,0,2,0,0.58,1.13,Roy Hodgson,caretaker_made_permanent,1.1
2022/23,2023-04-29,Crystal Palace,West Ham,Home,4,3,3,2.32,1.98,Roy Hodgson,caretaker_made_permanent,1.3
2022/23,2023-05-06,Crystal Palace,Tottenham,Away,0,1,0,0.31,1.16,Roy Hodgson,caretaker_made_permanent,1.3
2022/23,2023-05-13,Crystal Palace,Bournemouth,Home,2,0,3,1.4,0.26,Roy Hodgson,caretaker_made_permanent,1.6
2022/23,2023-05-20,Crystal Palace,Fulham,Away,2,2,1,1.71,1.96,Roy Hodgson,caretaker_made_permanent,1.7
2022/23,2023-05-28,Crystal Palace,Nott'm Forest,Home,1,1,1,1.01,0.44,Roy Hodgson,caretaker_made_permanent,1.8
2023/24,2023-08-12,Crystal Palace,Sheffield United,Away,1,0,3,2.28,0.42,Roy Hodgson,caretaker_made_permanent,1.8
2023/24,2023-08-21,Crystal Palace,Arsenal,Home,0,1,0,1.07,2.21,Roy Hodgson,caretaker_made_permanent,1.5
2023/24,2023-08-26,Crystal Palace,Brentford,Away,1,1,1,1.06,0.95,Roy Hodgson,caretaker_made_permanent,1.3
2023/24,2023-09-03,Crystal Palace,Wolves,Home,3,2,3,2.33,1.14,Roy Hodgson,caretaker_made_permanent,1.5
2023/24,2023-09-16,Crystal Palace,Aston Villa,Away,1,3,0,1.12,2.32,Roy Hodgson,caretaker_made_permanent,1.5
2023/24,2023-09-23,Crystal Palace,Fulham,Home,0,0,1,0.37,0.54,Roy Hodgson,caretaker_made_permanent,1.3
2023/24,2023-09-30,Crystal Palace,Man United,Away,1,0,3,1.19,1.55,Roy Hodgson,caretaker_made_permanent,1.6
2023/24,2023-10-07,Crystal Palace,Nott'm Forest,Home,0,0,1,0.98,1.22,Roy Hodgson,caretaker_made_permanent,1.4
2023/24,2023-10-21,Crystal Palace,Newcastle,Away,0,4,0,1.09,3.73,Roy Hodgson,caretaker_made_permanent,1.3
2023/24,2023-10-27,Crystal Palace,Tottenham,Home,1,2,0,0.56,0.99,Roy Hodgson,caretaker_made_permanent,1.2
2023/24,2023-11-04,Crystal Palace,Burnley,Away,2,0,3,1.44,1.5,Roy Hodgson,caretaker_made_permanent,1.2
2023/24,2023-11-11,Crystal Palace,Everton,Home,2,3,0,1.89,1.79,Roy Hodgson,caretaker_made_permanent,1.2
2023/24,2023-11-25,Crystal Palace,Luton,Away,1,2,0,1.84,1.0,Roy Hodgson,caretaker_made_permanent,1.1
2023/24,2023-12-03,Crystal Palace,West Ham,Away,1,1,1,0.99,1.15,Roy Hodgson,caretaker_made_permanent,0.9
2023/24,2023-12-06,Crystal Palace,Bournemouth,Home,0,2,0,1.26,1.8,Roy Hodgson,caretaker_made_permanent,0.9
2023/24,2023-12-09,Crystal Palace,Liverpool,Home,1,2,0,1.79,1.37,Roy Hodgson,caretaker_made_permanent,0.8
2023/24,2023-12-16,Crystal Palace,Man City,Away,2,2,1,1.65,2.42,Roy Hodgson,caretaker_made_permanent,0.6
2023/24,2023-12-21,Crystal Palace,Brighton,Home,1,1,1,1.65,1.34,Roy Hodgson,caretaker_made_permanent,0.6
2023/24,2023-12-27,Crystal Palace,Chelsea,Away,1,2,0,0.96,2.73,Roy Hodgson,caretaker_made_permanent,0.6
2023/24,2023-12-30,Crystal Palace,Brentford,Home,3,1,3,1.61,1.29,Roy Hodgson,caretaker_made_permanent,0.9
2023/24,2024-01-20,Crystal Palace,Arsenal,Away,0,5,0,0.29,3.52,Roy Hodgson,caretaker_made_permanent,0.6
2023/24,2024-01-30,Crystal Palace,Sheffield United,Home,3,2,3,1.16,0.77,Roy Hodgson,caretaker_made_permanent,0.9
2023/24,2024-02-03,Crystal Palace,Brighton,Away,1,4,0,0.24,1.93,Roy Hodgson,caretaker_made_permanent,0.9
2023/24,2024-02-12,Crystal Palace,Chelsea,Home,1,3,0,0.72,1.27,Roy Hodgson,caretaker_made_permanent,0.8
2023/24,2024-02-19,Crystal Palace,Everton,Away,1,1,1,0.73,2.45,Ray Lewington,caretaker,0.9
2023/24,2024-02-24,Crystal Palace,Burnley,Home,3,0,3,2.42,0.08,Oliver Glasner,permanent,1.2
2023/24,2024-03-02,Crystal Palace,Tottenham,Away,1,3,0,0.28,2.66,Oliver Glasner,permanent,1.1
2023/24,2024-03-09,Crystal Palace,Luton,Home,1,1,1,3.25,1.09,Oliver Glasner,permanent,1.1
2023/24,2024-03-30,Crystal Palace,Nott'm Forest,Away,1,1,1,0.9,0.78,Oliver Glasner,permanent,1.2
2023/24,2024-04-02,Crystal Palace,Bournemouth,Away,0,1,0,0.17,1.31,Oliver Glasner,permanent,0.9
2023/24,2024-04-06,Crystal Palace,Man City,Home,2,4,0,1.49,2.26,Oliver Glasner,permanent,0.9
2023/24,2024-04-14,Crystal Palace,Liverpool,Away,1,0,3,2.13,3.04,Oliver Glasner,permanent,0.9
2023/24,2024-04-21,Crystal Palace,West Ham,Home,5,2,3,3.72,1.35,Oliver Glasner,permanent,1.2
2023/24,2024-04-24,Crystal Palace,Newcastle,Home,2,0,3,1.44,0.55,Oliver Glasner,permanent,1.5
2023/24,2024-04-27,Crystal Palace,Fulham,Away,1,1,1,1.05,1.39,Oliver Glasner,permanent,1.5
2023/24,2024-05-06,Crystal Palace,Man United,Home,4,0,3,2.07,0.34,Oliver Glasner,permanent,1.5
2023/24,2024-05-11,Crystal Palace,Wolves,Away,3,1,3,2.51,1.16,Oliver Glasner,permanent,1.8
2023/24,2024-05-19,Crystal Palace,Aston Villa,Home,5,0,3,2.23,0.6,Oliver Glasner,permanent,2.0
2024/25,2024-08-18,Crystal Palace,Brentford,Away,1,2,0,1.15,1.38,Oliver Glasner,permanent,1.9
2024/25,2024-08-24,Crystal Palace,West Ham,Home,0,2,0,1.38,1.53,Oliver Glasner,permanent,1.9
2024/25,2024-09-01,Crystal Palace,Chelsea,Away,1,1,1,0.46,2.98,Oliver Glasner,permanent,2.0
2024/25,2024-09-14,Crystal Palace,Leicester,Home,2,2,1,2.89,1.65,Oliver Glasner,permanent,1.8
2024/25,2024-09-21,Crystal Palace,Man United,Home,0,0,1,1.67,2.35,Oliver Glasner,permanent,1.6
2024/25,2024-09-28,Crystal Palace,Everton,Away,1,2,0,1.12,1.11,Oliver Glasner,permanent,1.3
2024/25,2024-10-05,Crystal Palace,Liverpool,Home,0,1,0,0.61,2.07,Oliver Glasner,permanent,1.2
2024/25,2024-10-21,Crystal Palace,Nott'm Forest,Away,0,1,0,0.84,1.89,Oliver Glasner,permanent,0.9
2024/25,2024-10-27,Crystal Palace,Tottenham,Home,1,0,3,0.98,1.02,Oliver Glasner,permanent,0.9
2024/25,2024-11-02,Crystal Palace,Wolves,Away,2,2,1,2.65,1.65,Oliver Glasner,permanent,0.7
2024/25,2024-11-09,Crystal Palace,Fulham,Home,0,2,0,1.96,2.25,Oliver Glasner,permanent,0.7
2024/25,2024-11-23,Crystal Palace,Aston Villa,Away,2,2,1,1.61,3.04,Oliver Glasner,permanent,0.8
2024/25,2024-11-30,Crystal Palace,Newcastle,Home,1,1,1,2.3,0.02,Oliver Glasner,permanent,0.8
2024/25,2024-12-03,Crystal Palace,Ipswich,Away,1,0,3,1.65,0.47,Oliver Glasner,permanent,1.0
2024/25,2024-12-07,Crystal Palace,Man City,Home,2,2,1,1.21,1.58,Oliver Glasner,permanent,1.0
2024/25,2024-12-15,Crystal Palace,Brighton,Away,3,1,3,3.01,1.32,Oliver Glasner,permanent,1.3
2024/25,2024-12-21,Crystal Palace,Arsenal,Home,1,5,0,1.61,3.05,Oliver Glasner,permanent,1.3
2024/25,2024-12-26,Crystal Palace,Bournemouth,Away,0,0,1,0.5,1.2,Oliver Glasner,permanent,1.4
2024/25,2024-12-29,Crystal Palace,Southampton,Home,2,1,3,3.05,1.22,Oliver Glasner,permanent,1.4
2024/25,2025-01-04,Crystal Palace,Chelsea,Home,1,1,1,1.28,1.52,Oliver Glasner,permanent,1.4
2024/25,2025-01-15,Crystal Palace,Leicester,Away,2,0,3,2.26,2.1,Oliver Glasner,permanent,1.7
2024/25,2025-01-18,Crystal Palace,West Ham,Away,2,0,3,1.63,0.22,Oliver Glasner,permanent,1.9
2024/25,2025-01-26,Crystal Palace,Brentford,Home,1,2,0,1.23,1.92,Oliver Glasner,permanent,1.8
2024/25,2025-02-02,Crystal Palace,Man United,Away,2,0,3,2.45,1.51,Oliver Glasner,permanent,1.8
2024/25,2025-02-15,Crystal Palace,Everton,Home,1,2,0,2.31,1.02,Oliver Glasner,permanent,1.7
2024/25,2025-02-22,Crystal Palace,Fulham,Away,2,0,3,1.46,0.23,Oliver Glasner,permanent,1.7
2024/25,2025-02-25,Crystal Palace,Aston Villa,Home,4,1,3,4.03,0.67,Oliver Glasner,permanent,2.0
2024/25,2025-03-08,Crystal Palace,Ipswich,Home,1,0,3,3.14,1.63,Oliver Glasner,permanent,2.2
2024/25,2025-04-02,Crystal Palace,Southampton,Away,1,1,1,0.94,0.69,Oliver Glasner,permanent,2.0
2024/25,2025-04-05,Crystal Palace,Brighton,Home,2,1,3,0.44,1.27,Oliver Glasner,permanent,2.2
2024/25,2025-04-12,Crystal Palace,Man City,Away,2,5,0,1.34,4.6,Oliver Glasner,permanent,1.9
2024/25,2025-04-16,Crystal Palace,Newcastle,Away,0,5,0,2.38,2.33,Oliver Glasner,permanent,1.6
2024/25,2025-04-19,Crystal Palace,Bournemouth,Home,0,0,1,0.34,0.66,Oliver Glasner,permanent,1.7
2024/25,2025-04-23,Crystal Palace,Arsenal,Away,2,2,1,2.51,1.92,Oliver Glasner,permanent,1.5
2024/25,2025-05-05,Crystal Palace,Nott'm Forest,Home,1,1,1,2.34,0.64,Oliver Glasner,permanent,1.6
2024/25,2025-05-11,Crystal Palace,Tottenham,Away,2,0,3,3.99,0.81,Oliver Glasner,permanent,1.6
2024/25,2025-05-20,Crystal Palace,Wolves,Home,4,2,3,1.68,1.43,Oliver Glasner,permanent,1.6
2024/25,2025-05-25,Crystal Palace,Liverpool,Away,1,1,1,1.41,1.92,Oliver Glasner,permanent,1.4
2025/26,2025-08-17,Crystal Palace,Chelsea,Away,0,0,1,1.03,1.37,Oliver Glasner,permanent,1.4
2025/26,2025-08-24,Crystal Palace,Nott'm Forest,Home,1,1,1,1.1,1.33,Oliver Glasner,permanent,1.2
2025/26,2025-08-31,Crystal Palace,Aston Villa,Away,3,0,3,2.6,1.21,Oliver Glasner,permanent,1.5
2025/26,2025-09-13,Crystal Palace,Sunderland,Home,0,0,1,1.76,0.35,Oliver Glasner,permanent,1.6
2025/26,2025-09-20,Crystal Palace,West Ham,Away,2,1,3,2.34,0.47,Oliver Glasner,permanent,1.8
2025/26,2025-09-27,Crystal Palace,Liverpool,Home,2,1,3,3.53,3.1,Oliver Glasner,permanent,2.0
2025/26,2025-10-05,Crystal Palace,Everton,Away,1,2,0,2.18,2.14,Oliver Glasner,permanent,1.9
2025/26,2025-10-18,Crystal Palace,Bournemouth,Home,3,3,1,4.56,2.05,Oliver Glasner,permanent,1.7
2025/26,2025-10-26,Crystal Palace,Arsenal,Away,0,1,0,0.35,0.86,Oliver Glasner,permanent,1.4
2025/26,2025-11-01,Crystal Palace,Brentford,Home,2,0,3,0.73,0.82,Oliver Glasner,permanent,1.6
2025/26,2025-11-09,Crystal Palace,Brighton,Home,0,0,1,0.84,0.64,Oliver Glasner,permanent,1.6
2025/26,2025-11-22,Crystal Palace,Wolves,Away,2,0,3,1.45,1.66,Oliver Glasner,permanent,1.8
2025/26,2025-11-30,Crystal Palace,Man United,Home,1,2,0,2.14,1.48,Oliver Glasner,permanent,1.5
2025/26,2025-12-03,Crystal Palace,Burnley,Away,1,0,3,0.99,1.17,Oliver Glasner,permanent,1.7
2025/26,2025-12-07,Crystal Palace,Fulham,Away,2,1,3,1.71,0.77,Oliver Glasner,permanent,1.7
2025/26,2025-12-14,Crystal Palace,Man City,Home,0,3,0,1.3,1.35,Oliver Glasner,permanent,1.4
2025/26,2025-12-20,Crystal Palace,Leeds,Away,1,4,0,1.53,2.91,Oliver Glasner,permanent,1.4
2025/26,2025-12-28,Crystal Palace,Tottenham,Home,0,1,0,0.93,0.87,Oliver Glasner,permanent,1.3
2025/26,2026-01-01,Crystal Palace,Fulham,Home,1,1,1,2.35,1.75,Oliver Glasner,permanent,1.4
2025/26,2026-01-04,Crystal Palace,Newcastle,Away,0,2,0,1.28,2.73,Oliver Glasner,permanent,1.1
2025/26,2026-01-07,Crystal Palace,Aston Villa,Home,0,0,1,1.33,2.07,Oliver Glasner,permanent,1.1
2025/26,2026-01-17,Crystal Palace,Sunderland,Away,1,2,0,1.15,1.85,Oliver Glasner,permanent,0.8
2025/26,2026-01-25,Crystal Palace,Chelsea,Home,1,3,0,2.42,3.09,Oliver Glasner,permanent,0.8
2025/26,2026-02-01,Crystal Palace,Nott'm Forest,Away,1,1,1,1.65,0.99,Oliver Glasner,permanent,0.6
2025/26,2026-02-08,Crystal Palace,Brighton,Away,1,0,3,0.93,0.74,Oliver Glasner,permanent,0.6
2025/26,2026-02-11,Crystal Palace,Burnley,Home,2,3,0,2.13,0.69,Oliver Glasner,permanent,0.6
2025/26,2026-02-22,Crystal Palace,Wolves,Home,1,0,3,2.04,1.68,Oliver Glasner,permanent,0.9
2025/26,2026-03-01,Crystal Palace,Man United,Away,1,2,0,0.38,2.35,Oliver Glasner,permanent,0.9
2025/26,2026-03-05,Crystal Palace,Tottenham,Away,3,1,3,1.92,1.3,Oliver Glasner,permanent,1.1
2025/26,2026-03-15,Crystal Palace,Leeds,Home,0,0,1,0.53,1.14,Oliver Glasner,permanent,1.2
2025/26,2026-04-12,Crystal Palace,Newcastle,Home,2,1,3,3.14,1.27,Oliver Glasner,permanent,1.4
2025/26,2026-04-20,Crystal Palace,West Ham,Home,0,0,1,0.73,0.62,Oliver Glasner,permanent,1.5
2025/26,2026-04-25,Crystal Palace,Liverpool,Away,1,3,0,2.2,1.45,Oliver Glasner,permanent,1.5
2025/26,2026-05-03,Crystal Palace,Bournemouth,Away,0,3,0,0.68,2.3,Oliver Glasner,permanent,1.4
2025/26,2026-05-10,Crystal Palace,Everton,Home,2,2,1,3.29,2.1,Oliver Glasner,permanent,1.2
2025/26,2026-05-13,Crystal Palace,Man City,Away,0,3,0,0.43,1.96,Oliver Glasner,permanent,1.2
2025/26,2026-05-17,Crystal Palace,Brentford,Away,2,2,1,1.82,1.55,Oliver Glasner,permanent,1.0
2025/26,2026-05-24,Crystal Palace,Arsenal,Home,1,2,0,1.0,3.91,Oliver Glasner,permanent,1.0
2014/15,2014-08-16,Everton,Leicester,Away,2,2,1,0.61,1.28,Roberto Martínez,first spell in data,
2014/15,2014-08-23,Everton,Arsenal,Home,2,2,1,1.33,1.43,Roberto Martínez,first spell in data,
2014/15,2014-08-30,Everton,Chelsea,Home,3,6,0,1.45,2.03,Roberto Martínez,first spell in data,
2014/15,2014-09-13,Everton,West Brom,Away,2,0,3,0.81,0.6,Roberto Martínez,first spell in data,
2014/15,2014-09-21,Everton,Crystal Palace,Home,2,3,0,2.56,1.63,Roberto Martínez,first spell in data,
2014/15,2014-09-27,Everton,Liverpool,Away,1,1,1,0.48,1.53,Roberto Martínez,first spell in data,
2014/15,2014-10-05,Everton,Man United,Away,1,2,0,2.14,1.62,Roberto Martínez,first spell in data,
2014/15,2014-10-18,Everton,Aston Villa,Home,3,0,3,1.67,0.37,Roberto Martínez,first spell in data,
2014/15,2014-10-26,Everton,Burnley,Away,3,1,3,1.32,1.56,Roberto Martínez,first spell in data,
2014/15,2014-11-01,Everton,Swansea,Home,0,0,1,1.15,0.69,Roberto Martínez,first spell in data,1.3
2014/15,2014-11-09,Everton,Sunderland,Away,1,1,1,1.32,0.51,Roberto Martínez,first spell in data,1.3
2014/15,2014-11-22,Everton,West Ham,Home,2,1,3,1.83,1.12,Roberto Martínez,first spell in data,1.5
2014/15,2014-11-30,Everton,Tottenham,Away,1,2,0,0.93,1.13,Roberto Martínez,first spell in data,1.5
2014/15,2014-12-03,Everton,Hull,Home,1,1,1,1.28,0.3,Roberto Martínez,first spell in data,1.3
2014/15,2014-12-06,Everton,Man City,Away,0,1,0,0.39,2.25,Roberto Martínez,first spell in data,1.3
2014/15,2014-12-15,Everton,QPR,Home,3,1,3,0.75,0.97,Roberto Martínez,first spell in data,1.5
2014/15,2014-12-20,Everton,Southampton,Away,0,3,0,0.6,2.21,Roberto Martínez,first spell in data,1.5
2014/15,2014-12-26,Everton,Stoke,Home,0,1,0,1.01,1.4,Roberto Martínez,first spell in data,1.2
2014/15,2014-12-28,Everton,Newcastle,Away,2,3,0,1.07,1.71,Roberto Martínez,first spell in data,0.9
2014/15,2015-01-01,Everton,Hull,Away,0,2,0,0.96,1.96,Roberto Martínez,first spell in data,0.8
2014/15,2015-01-10,Everton,Man City,Home,1,1,1,0.95,1.51,Roberto Martínez,first spell in data,0.8
2014/15,2015-01-19,Everton,West Brom,Home,0,0,1,1.49,0.2,Roberto Martínez,first spell in data,0.6
2014/15,2015-01-31,Everton,Crystal Palace,Away,1,0,3,1.36,1.21,Roberto Martínez,first spell in data,0.9
2014/15,2015-02-07,Everton,Liverpool,Home,0,0,1,0.23,1.04,Roberto Martínez,first spell in data,0.9
2014/15,2015-02-11,Everton,Chelsea,Away,0,1,0,0.71,0.9,Roberto Martínez,first spell in data,0.9
2014/15,2015-02-22,Everton,Leicester,Home,2,2,1,2.05,2.0,Roberto Martínez,first spell in data,0.7
2014/15,2015-03-01,Everton,Arsenal,Away,0,2,0,0.37,1.39,Roberto Martínez,first spell in data,0.7
2014/15,2015-03-04,Everton,Stoke,Away,0,2,0,0.42,1.04,Roberto Martínez,first spell in data,0.7
2014/15,2015-03-15,Everton,Newcastle,Home,3,0,3,2.26,0.81,Roberto Martínez,first spell in data,1.0
2014/15,2015-03-22,Everton,QPR,Away,2,1,3,0.84,1.39,Roberto Martínez,first spell in data,1.3
2014/15,2015-04-04,Everton,Southampton,Home,1,0,3,1.02,0.53,Roberto Martínez,first spell in data,1.5
2014/15,2015-04-11,Everton,Swansea,Away,1,1,1,0.84,1.1,Roberto Martínez,first spell in data,1.5
2014/15,2015-04-18,Everton,Burnley,Home,1,0,3,2.36,1.06,Roberto Martínez,first spell in data,1.5
2014/15,2015-04-26,Everton,Man United,Home,3,0,3,1.08,0.75,Roberto Martínez,first spell in data,1.7
2014/15,2015-05-02,Everton,Aston Villa,Away,2,3,0,1.4,1.56,Roberto Martínez,first spell in data,1.7
2014/15,2015-05-09,Everton,Sunderland,Home,0,2,0,1.14,1.2,Roberto Martínez,first spell in data,1.6
2014/15,2015-05-16,Everton,West Ham,Away,2,1,3,2.07,0.81,Roberto Martínez,first spell in data,1.9
2014/15,2015-05-24,Everton,Tottenham,Home,0,1,0,0.65,1.39,Roberto Martínez,first spell in data,1.9
2015/16,2015-08-08,Everton,Watford,Home,2,2,1,0.6,0.56,Roberto Martínez,first spell in data,1.7
2015/16,2015-08-15,Everton,Southampton,Away,3,0,3,1.4,1.06,Roberto Martínez,first spell in data,1.7
2015/16,2015-08-23,Everton,Man City,Home,0,2,0,0.58,1.58,Roberto Martínez,first spell in data,1.4
2015/16,2015-08-29,Everton,Tottenham,Away,0,0,1,0.69,2.0,Roberto Martínez,first spell in data,1.4
2015/16,2015-09-12,Everton,Chelsea,Home,3,1,3,1.18,0.66,Roberto Martínez,first spell in data,1.4
2015/16,2015-09-19,Everton,Swansea,Away,0,0,1,1.77,0.86,Roberto Martínez,first spell in data,1.2
2015/16,2015-09-28,Everton,West Brom,Away,3,2,3,2.3,1.28,Roberto Martínez,first spell in data,1.5
2015/16,2015-10-04,Everton,Liverpool,Home,1,1,1,1.2,1.31,Roberto Martínez,first spell in data,1.6
2015/16,2015-10-17,Everton,Man United,Home,0,3,0,0.65,1.48,Roberto Martínez,first spell in data,1.3
2015/16,2015-10-24,Everton,Arsenal,Away,1,2,0,0.37,2.56,Roberto Martínez,first spell in data,1.3
2015/16,2015-11-01,Everton,Sunderland,Home,6,2,3,2.35,1.22,Roberto Martínez,first spell in data,1.5
2015/16,2015-11-07,Everton,West Ham,Away,1,1,1,1.09,0.59,Roberto Martínez,first spell in data,1.3
2015/16,2015-11-21,Everton,Aston Villa,Home,4,0,3,2.83,0.32,Roberto Martínez,first spell in data,1.6
2015/16,2015-11-28,Everton,Bournemouth,Away,3,3,1,0.73,1.69,Roberto Martínez,first spell in data,1.6
2015/16,2015-12-07,Everton,Crystal Palace,Home,1,1,1,1.7,1.19,Roberto Martínez,first spell in data,1.4
2015/16,2015-12-12,Everton,Norwich,Away,1,1,1,2.44,1.49,Roberto Martínez,first spell in data,1.4
2015/16,2015-12-19,Everton,Leicester,Home,2,3,0,1.49,2.03,Roberto Martínez,first spell in data,1.1
2015/16,2015-12-26,Everton,Newcastle,Away,1,0,3,1.7,1.36,Roberto Martínez,first spell in data,1.3
2015/16,2015-12-28,Everton,Stoke,Home,3,4,0,2.25,1.58,Roberto Martínez,first spell in data,1.3
2015/16,2016-01-03,Everton,Tottenham,Home,1,1,1,0.72,0.76,Roberto Martínez,first spell in data,1.4
2015/16,2016-01-13,Everton,Man City,Away,0,0,1,0.37,1.45,Roberto Martínez,first spell in data,1.2
2015/16,2016-01-16,Everton,Chelsea,Away,3,3,1,1.59,2.45,Roberto Martínez,first spell in data,1.2
2015/16,2016-01-24,Everton,Swansea,Home,1,2,0,1.94,1.08,Roberto Martínez,first spell in data,0.9
2015/16,2016-02-03,Everton,Newcastle,Home,3,0,3,2.48,0.63,Roberto Martínez,first spell in data,1.1
2015/16,2016-02-06,Everton,Stoke,Away,3,0,3,3.06,0.69,Roberto Martínez,first spell in data,1.3
2015/16,2016-02-13,Everton,West Brom,Home,0,1,0,1.83,1.2,Roberto Martínez,first spell in data,1.2
2015/16,2016-03-01,Everton,Aston Villa,Away,3,1,3,2.64,0.6,Roberto Martínez,first spell in data,1.5
2015/16,2016-03-05,Everton,West Ham,Home,2,3,0,2.09,2.72,Roberto Martínez,first spell in data,1.2
2015/16,2016-03-19,Everton,Arsenal,Home,0,2,0,0.59,1.92,Roberto Martínez,first spell in data,1.2
2015/16,2016-04-03,Everton,Man United,Away,0,1,0,0.76,1.0,Roberto Martínez,first spell in data,1.1
2015/16,2016-04-09,Everton,Watford,Away,1,1,1,1.6,0.41,Roberto Martínez,first spell in data,1.1
2015/16,2016-04-13,Everton,Crystal Palace,Away,0,0,1,0.76,1.59,Roberto Martínez,first spell in data,1.1
2015/16,2016-04-16,Everton,Southampton,Home,1,1,1,0.32,1.38,Roberto Martínez,first spell in data,1.2
2015/16,2016-04-20,Everton,Liverpool,Away,0,4,0,0.09,3.24,Roberto Martínez,first spell in data,0.9
2015/16,2016-04-30,Everton,Bournemouth,Home,2,1,3,0.95,1.43,Roberto Martínez,first spell in data,0.9
2015/16,2016-05-07,Everton,Leicester,Away,1,3,0,1.3,4.51,Roberto Martínez,first spell in data,0.9
2015/16,2016-05-11,Everton,Sunderland,Away,0,3,0,1.17,2.45,Roberto Martínez,first spell in data,0.6
2015/16,2016-05-15,Everton,Norwich,Home,3,0,3,2.41,0.43,David Unsworth,caretaker,0.9
2016/17,2016-08-13,Everton,Tottenham,Home,1,1,1,0.79,1.12,Ronald Koeman,permanent,1.0
2016/17,2016-08-20,Everton,West Brom,Away,2,1,3,1.84,2.02,Ronald Koeman,permanent,1.3
2016/17,2016-08-27,Everton,Stoke,Home,1,0,3,2.32,0.19,Ronald Koeman,permanent,1.5
2016/17,2016-09-12,Everton,Sunderland,Away,3,0,3,2.85,1.04,Ronald Koeman,permanent,1.7
2016/17,2016-09-17,Everton,Middlesbrough,Home,3,1,3,1.17,0.18,Ronald Koeman,permanent,1.9
2016/17,2016-09-24,Everton,Bournemouth,Away,0,1,0,1.16,0.69,Ronald Koeman,permanent,1.9
2016/17,2016-09-30,Everton,Crystal Palace,Home,1,1,1,1.15,0.48,Ronald Koeman,permanent,1.7
2016/17,2016-10-15,Everton,Man City,Away,1,1,1,0.14,2.69,Ronald Koeman,permanent,1.8
2016/17,2016-10-22,Everton,Burnley,Away,1,2,0,0.75,0.91,Ronald Koeman,permanent,1.8
2016/17,2016-10-30,Everton,West Ham,Home,2,0,3,2.01,0.94,Ronald Koeman,permanent,1.8
2016/17,2016-11-05,Everton,Chelsea,Away,0,5,0,0.01,1.94,Ronald Koeman,permanent,1.7
2016/17,2016-11-19,Everton,Swansea,Home,1,1,1,1.55,1.07,Ronald Koeman,permanent,1.5
2016/17,2016-11-27,Everton,Southampton,Away,0,1,0,0.62,2.81,Ronald Koeman,permanent,1.2
2016/17,2016-12-04,Everton,Man United,Home,1,1,1,1.65,0.54,Ronald Koeman,permanent,1.0
2016/17,2016-12-10,Everton,Watford,Away,2,3,0,1.1,1.49,Ronald Koeman,permanent,0.7
2016/17,2016-12-13,Everton,Arsenal,Home,2,1,3,1.46,1.35,Ronald Koeman,permanent,1.0
2016/17,2016-12-19,Everton,Liverpool,Home,0,1,0,0.46,1.88,Ronald Koeman,permanent,0.9
2016/17,2016-12-26,Everton,Leicester,Away,2,0,3,1.26,0.38,Ronald Koeman,permanent,1.1
2016/17,2016-12-30,Everton,Hull,Away,2,2,1,1.28,0.85,Ronald Koeman,permanent,1.2
2016/17,2017-01-02,Everton,Southampton,Home,3,0,3,2.35,1.01,Ronald Koeman,permanent,1.2
2016/17,2017-01-15,Everton,Man City,Home,4,0,3,0.57,0.57,Ronald Koeman,permanent,1.5
2016/17,2017-01-21,Everton,Crystal Palace,Away,1,0,3,0.95,0.46,Ronald Koeman,permanent,1.7
2016/17,2017-02-01,Everton,Stoke,Away,1,1,1,0.87,1.74,Ronald Koeman,permanent,1.8
2016/17,2017-02-04,Everton,Bournemouth,Home,6,3,3,2.76,2.15,Ronald Koeman,permanent,2.0
2016/17,2017-02-11,Everton,Middlesbrough,Away,0,0,1,0.83,0.65,Ronald Koeman,permanent,2.1
2016/17,2017-02-25,Everton,Sunderland,Home,2,0,3,1.7,0.51,Ronald Koeman,permanent,2.1
2016/17,2017-03-05,Everton,Tottenham,Away,2,3,0,0.81,1.7,Ronald Koeman,permanent,2.1
2016/17,2017-03-11,Everton,West Brom,Home,3,0,3,2.18,0.13,Ronald Koeman,permanent,2.1
2016/17,2017-03-18,Everton,Hull,Home,4,0,3,2.63,0.53,Ronald Koeman,permanent,2.3
2016/17,2017-04-01,Everton,Liverpool,Away,1,3,0,1.44,0.63,Ronald Koeman,permanent,2.0
2016/17,2017-04-04,Everton,Man United,Away,1,1,1,0.59,1.67,Ronald Koeman,permanent,1.8
2016/17,2017-04-09,Everton,Leicester,Home,4,2,3,2.65,0.84,Ronald Koeman,permanent,1.8
2016/17,2017-04-15,Everton,Burnley,Home,3,1,3,1.67,1.15,Ronald Koeman,permanent,2.0
2016/17,2017-04-22,Everton,West Ham,Away,0,0,1,0.1,0.67,Ronald Koeman,permanent,1.8
2016/17,2017-04-30,Everton,Chelsea,Home,0,3,0,0.68,1.82,Ronald Koeman,permanent,1.7
2016/17,2017-05-06,Everton,Swansea,Away,0,1,0,0.27,2.09,Ronald Koeman,permanent,1.4
2016/17,2017-05-12,Everton,Watford,Home,1,0,3,1.13,1.55,Ronald Koeman,permanent,1.7
2016/17,2017-05-21,Everton,Arsenal,Away,1,3,0,1.88,3.35,Ronald Koeman,permanent,1.4
2017/18,2017-08-12,Everton,Stoke,Home,1,0,3,0.72,0.28,Ronald Koeman,permanent,1.4
2017/18,2017-08-21,Everton,Man City,Away,1,1,1,0.6,1.14,Ronald Koeman,permanent,1.5
2017/18,2017-08-27,Everton,Chelsea,Away,0,2,0,0.33,1.17,Ronald Koeman,permanent,1.4
2017/18,2017-09-09,Everton,Tottenham,Home,0,3,0,1.15,2.18,Ronald Koeman,permanent,1.1
2017/18,2017-09-17,Everton,Man United,Away,0,4,0,1.06,3.29,Ronald Koeman,permanent,0.8
2017/18,2017-09-23,Everton,Bournemouth,Home,2,1,3,2.21,0.38,Ronald Koeman,permanent,1.0
2017/18,2017-10-01,Everton,Burnley,Home,0,1,0,0.93,0.38,Ronald Koeman,permanent,1.0
2017/18,2017-10-15,Everton,Brighton,Away,1,1,1,1.46,1.06,Ronald Koeman,permanent,1.1
2017/18,2017-10-22,Everton,Arsenal,Home,2,5,0,0.81,3.86,Ronald Koeman,permanent,0.8
2017/18,2017-10-29,Everton,Leicester,Away,0,2,0,0.58,1.37,David Unsworth,caretaker,0.8
2017/18,2017-11-05,Everton,Watford,Home,3,2,3,2.58,2.06,David Unsworth,caretaker,0.8
2017/18,2017-11-18,Everton,Crystal Palace,Away,2,2,1,1.69,2.03,David Unsworth,caretaker,0.8
2017/18,2017-11-26,Everton,Southampton,Away,1,4,0,0.15,1.97,David Unsworth,caretaker,0.8
2017/18,2017-11-29,Everton,West Ham,Home,4,0,3,1.76,1.04,David Unsworth,caretaker,1.1
2017/18,2017-12-02,Everton,Huddersfield,Home,2,0,3,0.82,0.22,Sam Allardyce,permanent,1.4
2017/18,2017-12-10,Everton,Liverpool,Away,1,1,1,0.82,1.9,Sam Allardyce,permanent,1.2
2017/18,2017-12-13,Everton,Newcastle,Away,1,0,3,1.39,0.57,Sam Allardyce,permanent,1.5
2017/18,2017-12-18,Everton,Swansea,Home,3,1,3,2.02,0.77,Sam Allardyce,permanent,1.7
2017/18,2017-12-23,Everton,Chelsea,Home,0,0,1,0.34,1.85,Sam Allardyce,permanent,1.8
2017/18,2017-12-26,Everton,West Brom,Away,0,0,1,0.41,1.18,Sam Allardyce,permanent,1.9
2017/18,2017-12-30,Everton,Bournemouth,Away,1,2,0,0.6,1.4,Sam Allardyce,permanent,1.6
2017/18,2018-01-01,Everton,Man United,Home,0,2,0,1.24,1.26,Sam Allardyce,permanent,1.5
2017/18,2018-01-13,Everton,Tottenham,Away,0,4,0,0.29,4.21,Sam Allardyce,permanent,1.5
2017/18,2018-01-20,Everton,West Brom,Home,1,1,1,0.92,1.35,Sam Allardyce,permanent,1.3
2017/18,2018-01-31,Everton,Leicester,Home,2,1,3,1.53,2.65,Sam Allardyce,permanent,1.3
2017/18,2018-02-03,Everton,Arsenal,Away,1,5,0,1.49,3.2,Sam Allardyce,permanent,1.2
2017/18,2018-02-10,Everton,Crystal Palace,Home,3,1,3,1.49,1.66,Sam Allardyce,permanent,1.2
2017/18,2018-02-24,Everton,Watford,Away,0,1,0,0.67,0.61,Sam Allardyce,permanent,0.9
2017/18,2018-03-03,Everton,Burnley,Away,1,2,0,1.8,2.34,Sam Allardyce,permanent,0.8
2017/18,2018-03-10,Everton,Brighton,Home,2,0,3,1.69,0.32,Sam Allardyce,permanent,1.0
2017/18,2018-03-17,Everton,Stoke,Away,2,1,3,2.98,0.89,Sam Allardyce,permanent,1.3
2017/18,2018-03-31,Everton,Man City,Home,1,3,0,0.86,1.91,Sam Allardyce,permanent,1.3
2017/18,2018-04-07,Everton,Liverpool,Home,0,0,1,0.72,0.95,Sam Allardyce,permanent,1.4
2017/18,2018-04-14,Everton,Swansea,Away,1,1,1,1.61,1.2,Sam Allardyce,permanent,1.4
2017/18,2018-04-23,Everton,Newcastle,Home,1,0,3,0.95,0.48,Sam Allardyce,permanent,1.4
2017/18,2018-04-28,Everton,Huddersfield,Away,2,0,3,0.94,0.57,Sam Allardyce,permanent,1.7
2017/18,2018-05-05,Everton,Southampton,Home,1,1,1,0.42,0.63,Sam Allardyce,permanent,1.5
2017/18,2018-05-13,Everton,West Ham,Away,1,3,0,1.68,1.18,Sam Allardyce,permanent,1.5
2018/19,2018-08-11,Everton,Wolves,Away,2,2,1,0.72,0.89,Marco Silva,permanent,1.6
2018/19,2018-08-18,Everton,Southampton,Home,2,1,3,2.02,1.77,Marco Silva,permanent,1.6
2018/19,2018-08-25,Everton,Bournemouth,Away,2,2,1,0.54,2.59,Marco Silva,permanent,1.4
2018/19,2018-09-01,Everton,Huddersfield,Home,1,1,1,0.62,0.66,Marco Silva,permanent,1.5
2018/19,2018-09-16,Everton,West Ham,Home,1,3,0,1.27,1.52,Marco Silva,permanent,1.4
2018/19,2018-09-23,Everton,Arsenal,Away,0,2,0,1.07,0.93,Marco Silva,permanent,1.3
2018/19,2018-09-29,Everton,Fulham,Home,3,0,3,2.32,0.54,Marco Silva,permanent,1.3
2018/19,2018-10-06,Everton,Leicester,Away,2,1,3,1.15,1.1,Marco Silva,permanent,1.3
2018/19,2018-10-21,Everton,Crystal Palace,Home,2,0,3,1.93,1.5,Marco Silva,permanent,1.5
2018/19,2018-10-28,Everton,Man United,Away,1,2,0,1.67,2.51,Marco Silva,permanent,1.5
2018/19,2018-11-03,Everton,Brighton,Home,3,1,3,2.59,0.68,Marco Silva,permanent,1.7
2018/19,2018-11-11,Everton,Chelsea,Away,0,0,1,0.2,1.16,Marco Silva,permanent,1.5
2018/19,2018-11-24,Everton,Cardiff,Home,1,0,3,2.48,0.88,Marco Silva,permanent,1.7
2018/19,2018-12-02,Everton,Liverpool,Away,0,1,0,1.23,3.08,Marco Silva,permanent,1.6
2018/19,2018-12-05,Everton,Newcastle,Home,1,1,1,2.11,1.52,Marco Silva,permanent,1.7
2018/19,2018-12-10,Everton,Watford,Home,2,2,1,1.73,1.63,Marco Silva,permanent,1.8
2018/19,2018-12-15,Everton,Man City,Away,1,3,0,1.62,1.8,Marco Silva,permanent,1.5
2018/19,2018-12-23,Everton,Tottenham,Home,2,6,0,1.0,2.56,Marco Silva,permanent,1.2
2018/19,2018-12-26,Everton,Burnley,Away,5,1,3,1.89,1.89,Marco Silva,permanent,1.2
2018/19,2018-12-29,Everton,Brighton,Away,0,1,0,0.66,1.6,Marco Silva,permanent,1.2
2018/19,2019-01-01,Everton,Leicester,Home,0,1,0,0.87,0.64,Marco Silva,permanent,0.9
2018/19,2019-01-13,Everton,Bournemouth,Home,2,0,3,1.78,1.53,Marco Silva,permanent,1.1
2018/19,2019-01-19,Everton,Southampton,Away,1,2,0,1.31,1.06,Marco Silva,permanent,0.8
2018/19,2019-01-29,Everton,Huddersfield,Away,1,0,3,1.06,0.73,Marco Silva,permanent,1.1
2018/19,2019-02-02,Everton,Wolves,Home,1,3,0,1.36,1.86,Marco Silva,permanent,1.0
2018/19,2019-02-06,Everton,Man City,Home,0,2,0,0.11,2.61,Marco Silva,permanent,0.9
2018/19,2019-02-09,Everton,Watford,Away,0,1,0,0.64,1.53,Marco Silva,permanent,0.9
2018/19,2019-02-26,Everton,Cardiff,Away,3,0,3,1.14,0.22,Marco Silva,permanent,1.2
2018/19,2019-03-03,Everton,Liverpool,Home,0,0,1,0.24,0.81,Marco Silva,permanent,1.0
2018/19,2019-03-09,Everton,Newcastle,Away,2,3,0,1.15,2.38,Marco Silva,permanent,1.0
2018/19,2019-03-17,Everton,Chelsea,Home,2,0,3,2.24,1.24,Marco Silva,permanent,1.3
2018/19,2019-03-30,Everton,West Ham,Away,2,0,3,2.66,0.09,Marco Silva,permanent,1.3
2018/19,2019-04-07,Everton,Arsenal,Home,1,0,3,2.69,0.2,Marco Silva,permanent,1.6
2018/19,2019-04-13,Everton,Fulham,Away,0,2,0,1.29,1.66,Marco Silva,permanent,1.3
2018/19,2019-04-21,Everton,Man United,Home,4,0,3,1.52,0.31,Marco Silva,permanent,1.6
2018/19,2019-04-27,Everton,Crystal Palace,Away,0,0,1,1.15,0.26,Marco Silva,permanent,1.7
2018/19,2019-05-03,Everton,Burnley,Home,2,0,3,1.76,0.47,Marco Silva,permanent,2.0
2018/19,2019-05-12,Everton,Tottenham,Away,2,2,1,2.07,0.88,Marco Silva,permanent,1.8
2019/20,2019-08-10,Everton,Crystal Palace,Away,0,0,1,1.22,0.87,Marco Silva,permanent,1.8
2019/20,2019-08-17,Everton,Watford,Home,1,0,3,0.83,1.17,Marco Silva,permanent,2.1
2019/20,2019-08-23,Everton,Aston Villa,Away,0,2,0,1.26,0.86,Marco Silva,permanent,1.8
2019/20,2019-09-01,Everton,Wolves,Home,3,2,3,1.49,2.0,Marco Silva,permanent,1.8
2019/20,2019-09-15,Everton,Bournemouth,Away,1,3,0,1.51,1.42,Marco Silva,permanent,1.5
2019/20,2019-09-21,Everton,Sheffield United,Home,0,2,0,1.26,0.51,Marco Silva,permanent,1.5
2019/20,2019-09-28,Everton,Man City,Home,1,3,0,2.36,3.11,Marco Silva,permanent,1.2
2019/20,2019-10-05,Everton,Burnley,Away,0,1,0,1.31,0.56,Marco Silva,permanent,1.1
2019/20,2019-10-19,Everton,West Ham,Home,2,0,3,2.23,0.46,Marco Silva,permanent,1.1
2019/20,2019-10-26,Everton,Brighton,Away,2,3,0,1.05,1.15,Marco Silva,permanent,1.0
2019/20,2019-11-03,Everton,Tottenham,Home,1,1,1,1.16,0.24,Marco Silva,permanent,1.0
2019/20,2019-11-09,Everton,Southampton,Away,2,1,3,2.09,0.74,Marco Silva,permanent,1.0
2019/20,2019-11-23,Everton,Norwich,Home,0,2,0,0.81,1.81,Marco Silva,permanent,1.0
2019/20,2019-12-01,Everton,Leicester,Away,1,2,0,1.25,2.24,Marco Silva,permanent,0.7
2019/20,2019-12-04,Everton,Liverpool,Away,2,5,0,1.76,2.41,Marco Silva,permanent,0.7
2019/20,2019-12-07,Everton,Chelsea,Home,3,1,3,2.04,1.26,Duncan Ferguson,caretaker,1.0
2019/20,2019-12-15,Everton,Man United,Away,1,1,1,0.28,1.48,Duncan Ferguson,caretaker,1.1
2019/20,2019-12-21,Everton,Arsenal,Home,0,0,1,0.49,0.88,Duncan Ferguson,caretaker,1.2
2019/20,2019-12-26,Everton,Burnley,Home,1,0,3,1.48,0.57,Carlo Ancelotti,permanent,1.2
2019/20,2019-12-28,Everton,Newcastle,Away,2,1,3,2.83,1.63,Carlo Ancelotti,permanent,1.5
2019/20,2020-01-01,Everton,Man City,Away,1,2,0,0.85,1.8,Carlo Ancelotti,permanent,1.4
2019/20,2020-01-11,Everton,Brighton,Home,1,0,3,2.03,1.53,Carlo Ancelotti,permanent,1.4
2019/20,2020-01-18,Everton,West Ham,Away,1,1,1,1.95,1.68,Carlo Ancelotti,permanent,1.5
2019/20,2020-01-21,Everton,Newcastle,Home,2,2,1,2.05,0.57,Carlo Ancelotti,permanent,1.6
2019/20,2020-02-01,Everton,Watford,Away,3,2,3,2.7,0.92,Carlo Ancelotti,permanent,1.9
2019/20,2020-02-08,Everton,Crystal Palace,Home,3,1,3,2.79,0.87,Carlo Ancelotti,permanent,1.9
2019/20,2020-02-23,Everton,Arsenal,Away,2,3,0,2.66,1.34,Carlo Ancelotti,permanent,1.8
2019/20,2020-03-01,Everton,Man United,Home,1,1,1,2.41,1.13,Carlo Ancelotti,permanent,1.8
2019/20,2020-03-08,Everton,Chelsea,Away,0,4,0,0.45,2.03,Carlo Ancelotti,permanent,1.5
2019/20,2020-06-21,Everton,Liverpool,Home,0,0,1,0.62,0.66,Carlo Ancelotti,permanent,1.3
2019/20,2020-06-24,Everton,Norwich,Away,1,0,3,0.65,0.38,Carlo Ancelotti,permanent,1.6
2019/20,2020-07-01,Everton,Leicester,Home,2,1,3,1.18,1.8,Carlo Ancelotti,permanent,1.6
2019/20,2020-07-06,Everton,Tottenham,Away,0,1,0,0.4,0.51,Carlo Ancelotti,permanent,1.5
2019/20,2020-07-09,Everton,Southampton,Home,1,1,1,0.67,2.3,Carlo Ancelotti,permanent,1.5
2019/20,2020-07-12,Everton,Wolves,Away,0,3,0,0.29,2.87,Carlo Ancelotti,permanent,1.2
2019/20,2020-07-16,Everton,Aston Villa,Home,1,1,1,0.94,1.52,Carlo Ancelotti,permanent,1.0
2019/20,2020-07-20,Everton,Sheffield United,Away,1,0,3,0.62,0.47,Carlo Ancelotti,permanent,1.3
2019/20,2020-07-26,Everton,Bournemouth,Home,1,3,0,1.75,1.46,Carlo Ancelotti,permanent,1.2
2020/21,2020-09-13,Everton,Tottenham,Away,1,0,3,1.27,0.82,Carlo Ancelotti,permanent,1.5
2020/21,2020-09-19,Everton,West Brom,Home,5,2,3,4.16,0.32,Carlo Ancelotti,permanent,1.7
2020/21,2020-09-26,Everton,Crystal Palace,Away,2,1,3,2.27,0.44,Carlo Ancelotti,permanent,1.7
2020/21,2020-10-03,Everton,Brighton,Home,4,2,3,2.34,1.17,Carlo Ancelotti,permanent,1.7
2020/21,2020-10-17,Everton,Liverpool,Home,2,2,1,1.36,2.49,Carlo Ancelotti,permanent,1.8
2020/21,2020-10-25,Everton,Southampton,Away,0,2,0,0.29,0.74,Carlo Ancelotti,permanent,1.7
2020/21,2020-11-01,Everton,Newcastle,Away,1,2,0,1.22,2.63,Carlo Ancelotti,permanent,1.7
2020/21,2020-11-07,Everton,Man United,Home,1,3,0,0.38,1.6,Carlo Ancelotti,permanent,1.6
2020/21,2020-11-22,Everton,Fulham,Away,3,2,3,2.25,1.87,Carlo Ancelotti,permanent,1.6
2020/21,2020-11-28,Everton,Leeds,Home,0,1,0,1.29,3.11,Carlo Ancelotti,permanent,1.6
2020/21,2020-12-05,Everton,Burnley,Away,1,1,1,2.28,0.73,Carlo Ancelotti,permanent,1.4
2020/21,2020-12-12,Everton,Chelsea,Home,1,0,3,1.22,1.01,Carlo Ancelotti,permanent,1.4
2020/21,2020-12-16,Everton,Leicester,Away,2,0,3,1.51,0.84,Carlo Ancelotti,permanent,1.4
2020/21,2020-12-19,Everton,Arsenal,Home,2,1,3,0.66,1.25,Carlo Ancelotti,permanent,1.4
2020/21,2020-12-26,Everton,Sheffield United,Away,1,0,3,0.57,1.25,Carlo Ancelotti,permanent,1.6
2020/21,2021-01-01,Everton,West Ham,Home,0,1,0,0.37,1.2,Carlo Ancelotti,permanent,1.6
2020/21,2021-01-12,Everton,Wolves,Away,2,1,3,0.32,0.85,Carlo Ancelotti,permanent,1.9
2020/21,2021-01-27,Everton,Leicester,Home,1,1,1,0.47,0.79,Carlo Ancelotti,permanent,2.0
2020/21,2021-01-30,Everton,Newcastle,Home,0,2,0,0.97,2.09,Carlo Ancelotti,permanent,1.7
2020/21,2021-02-03,Everton,Leeds,Away,2,1,3,1.92,1.14,Carlo Ancelotti,permanent,2.0
2020/21,2021-02-06,Everton,Man United,Away,3,3,1,1.56,1.72,Carlo Ancelotti,permanent,2.0
2020/21,2021-02-14,Everton,Fulham,Home,0,2,0,0.31,2.55,Carlo Ancelotti,permanent,1.7
2020/21,2021-02-17,Everton,Man City,Home,1,3,0,1.05,1.23,Carlo Ancelotti,permanent,1.4
2020/21,2021-02-20,Everton,Liverpool,Away,2,0,3,2.01,1.54,Carlo Ancelotti,permanent,1.4
2020/21,2021-03-01,Everton,Southampton,Home,1,0,3,1.42,0.67,Carlo Ancelotti,permanent,1.4
2020/21,2021-03-04,Everton,West Brom,Away,1,0,3,1.41,1.02,Carlo Ancelotti,permanent,1.7
2020/21,2021-03-08,Everton,Chelsea,Away,0,2,0,0.27,2.57,Carlo Ancelotti,permanent,1.4
2020/21,2021-03-13,Everton,Burnley,Home,1,2,0,1.7,0.75,Carlo Ancelotti,permanent,1.3
2020/21,2021-04-05,Everton,Crystal Palace,Home,1,1,1,2.53,0.6,Carlo Ancelotti,permanent,1.4
2020/21,2021-04-12,Everton,Brighton,Away,0,0,1,0.31,1.16,Carlo Ancelotti,permanent,1.2
2020/21,2021-04-16,Everton,Tottenham,Home,2,2,1,2.26,1.48,Carlo Ancelotti,permanent,1.2
2020/21,2021-04-23,Everton,Arsenal,Away,1,0,3,0.53,0.74,Carlo Ancelotti,permanent,1.5
2020/21,2021-05-01,Everton,Aston Villa,Home,1,2,0,1.22,1.59,Carlo Ancelotti,permanent,1.5
2020/21,2021-05-09,Everton,West Ham,Away,1,0,3,1.56,1.1,Carlo Ancelotti,permanent,1.5
2020/21,2021-05-13,Everton,Aston Villa,Away,0,0,1,0.98,0.56,Carlo Ancelotti,permanent,1.3
2020/21,2021-05-16,Everton,Sheffield United,Home,0,1,0,1.25,1.39,Carlo Ancelotti,permanent,1.0
2020/21,2021-05-19,Everton,Wolves,Home,1,0,3,0.67,0.27,Carlo Ancelotti,permanent,1.3
2020/21,2021-05-23,Everton,Man City,Away,0,5,0,1.07,2.88,Carlo Ancelotti,permanent,1.3
2021/22,2021-08-14,Everton,Southampton,Home,3,1,3,2.39,0.58,Rafael Benítez,permanent,1.5
2021/22,2021-08-21,Everton,Leeds,Away,2,2,1,1.86,0.97,Rafael Benítez,permanent,1.5
2021/22,2021-08-28,Everton,Brighton,Away,2,0,3,1.55,0.7,Rafael Benítez,permanent,1.7
2021/22,2021-09-13,Everton,Burnley,Home,3,1,3,1.8,1.82,Rafael Benítez,permanent,1.7
2021/22,2021-09-18,Everton,Aston Villa,Away,0,3,0,0.76,0.78,Rafael Benítez,permanent,1.7
2021/22,2021-09-25,Everton,Norwich,Home,2,0,3,2.27,0.8,Rafael Benítez,permanent,1.7
2021/22,2021-10-02,Everton,Man United,Away,1,1,1,1.32,1.05,Rafael Benítez,permanent,1.7
2021/22,2021-10-17,Everton,West Ham,Home,0,1,0,0.85,2.03,Rafael Benítez,permanent,1.7
2021/22,2021-10-23,Everton,Watford,Home,2,5,0,1.84,3.1,Rafael Benítez,permanent,1.4
2021/22,2021-11-01,Everton,Wolves,Away,1,2,0,1.7,1.69,Rafael Benítez,permanent,1.4
2021/22,2021-11-07,Everton,Tottenham,Home,0,0,1,0.6,0.8,Rafael Benítez,permanent,1.2
2021/22,2021-11-21,Everton,Man City,Away,0,3,0,0.27,2.61,Rafael Benítez,permanent,1.1
2021/22,2021-11-28,Everton,Brentford,Away,0,1,0,0.97,1.2,Rafael Benítez,permanent,0.8
2021/22,2021-12-01,Everton,Liverpool,Home,1,4,0,0.51,2.86,Rafael Benítez,permanent,0.5
2021/22,2021-12-06,Everton,Arsenal,Home,2,1,3,1.06,1.06,Rafael Benítez,permanent,0.8
2021/22,2021-12-12,Everton,Crystal Palace,Away,1,3,0,1.28,2.1,Rafael Benítez,permanent,0.5
2021/22,2021-12-16,Everton,Chelsea,Away,1,1,1,0.63,3.2,Rafael Benítez,permanent,0.5
2021/22,2022-01-02,Everton,Brighton,Home,2,3,0,1.83,1.48,Rafael Benítez,permanent,0.5
2021/22,2022-01-15,Everton,Norwich,Away,1,2,0,0.54,1.0,Rafael Benítez,permanent,0.5
2021/22,2022-01-22,Everton,Aston Villa,Home,0,1,0,1.24,0.86,Duncan Ferguson,caretaker,0.5
2021/22,2022-02-08,Everton,Newcastle,Away,1,3,0,0.82,2.69,Frank Lampard,permanent,0.4
2021/22,2022-02-12,Everton,Leeds,Home,3,0,3,2.59,0.24,Frank Lampard,permanent,0.7
2021/22,2022-02-19,Everton,Southampton,Away,0,2,0,0.2,2.73,Frank Lampard,permanent,0.7
2021/22,2022-02-26,Everton,Man City,Home,0,1,0,0.77,1.93,Frank Lampard,permanent,0.7
2021/22,2022-03-07,Everton,Tottenham,Away,0,5,0,0.21,3.24,Frank Lampard,permanent,0.4
2021/22,2022-03-13,Everton,Wolves,Home,0,1,0,0.4,0.71,Frank Lampard,permanent,0.4
2021/22,2022-03-17,Everton,Newcastle,Home,1,0,3,0.71,0.76,Frank Lampard,permanent,0.6
2021/22,2022-04-03,Everton,West Ham,Away,1,2,0,0.66,1.5,Frank Lampard,permanent,0.6
2021/22,2022-04-06,Everton,Burnley,Away,2,3,0,2.32,2.24,Frank Lampard,permanent,0.6
2021/22,2022-04-09,Everton,Man United,Home,1,0,3,0.36,0.76,Frank Lampard,permanent,0.9
2021/22,2022-04-20,Everton,Leicester,Home,1,1,1,1.69,0.79,Frank Lampard,permanent,1.0
2021/22,2022-04-24,Everton,Liverpool,Away,0,2,0,0.42,1.7,Frank Lampard,permanent,0.7
2021/22,2022-05-01,Everton,Chelsea,Home,1,0,3,1.12,1.21,Frank Lampard,permanent,1.0
2021/22,2022-05-08,Everton,Leicester,Away,2,1,3,1.56,1.47,Frank Lampard,permanent,1.3
2021/22,2022-05-11,Everton,Watford,Away,0,0,1,0.81,0.23,Frank Lampard,permanent,1.4
2021/22,2022-05-15,Everton,Brentford,Home,2,3,0,2.7,1.82,Frank Lampard,permanent,1.4
2021/22,2022-05-19,Everton,Crystal Palace,Home,3,2,3,0.81,1.6,Frank Lampard,permanent,1.4
2021/22,2022-05-22,Everton,Arsenal,Away,1,5,0,1.09,4.36,Frank Lampard,permanent,1.4
2022/23,2022-08-06,Everton,Chelsea,Home,0,1,0,0.54,1.92,Frank Lampard,permanent,1.4
2022/23,2022-08-13,Everton,Aston Villa,Away,1,2,0,1.38,2.67,Frank Lampard,permanent,1.1
2022/23,2022-08-20,Everton,Nott'm Forest,Home,1,1,1,1.43,0.92,Frank Lampard,permanent,1.1
2022/23,2022-08-27,Everton,Brentford,Away,1,1,1,1.65,2.28,Frank Lampard,permanent,1.2
2022/23,2022-08-30,Everton,Leeds,Away,1,1,1,1.17,1.05,Frank Lampard,permanent,1.0
2022/23,2022-09-03,Everton,Liverpool,Home,0,0,1,1.39,1.39,Frank Lampard,permanent,0.8
2022/23,2022-09-18,Everton,West Ham,Home,1,0,3,0.4,0.66,Frank Lampard,permanent,1.0
2022/23,2022-10-01,Everton,Southampton,Away,2,1,3,2.0,1.96,Frank Lampard,permanent,1.3
2022/23,2022-10-09,Everton,Man United,Home,1,2,0,0.37,1.83,Frank Lampard,permanent,1.0
2022/23,2022-10-15,Everton,Tottenham,Away,0,2,0,0.56,2.49,Frank Lampard,permanent,1.0
2022/23,2022-10-19,Everton,Newcastle,Away,0,1,0,0.06,1.13,Frank Lampard,permanent,1.0
2022/23,2022-10-22,Everton,Crystal Palace,Home,3,0,3,1.93,0.6,Frank Lampard,permanent,1.3
2022/23,2022-10-29,Everton,Fulham,Away,0,0,1,1.19,1.76,Frank Lampard,permanent,1.3
2022/23,2022-11-05,Everton,Leicester,Home,0,2,0,1.37,2.27,Frank Lampard,permanent,1.2
2022/23,2022-11-12,Everton,Bournemouth,Away,0,3,0,0.77,2.46,Frank Lampard,permanent,1.1
2022/23,2022-12-26,Everton,Wolves,Home,1,2,0,1.23,1.22,Frank Lampard,permanent,1.0
2022/23,2022-12-31,Everton,Man City,Away,1,1,1,0.08,2.36,Frank Lampard,permanent,0.8
2022/23,2023-01-03,Everton,Brighton,Home,1,4,0,1.17,2.51,Frank Lampard,permanent,0.5
2022/23,2023-01-14,Everton,Southampton,Home,1,2,0,1.18,1.08,Frank Lampard,permanent,0.5
2022/23,2023-01-21,Everton,West Ham,Away,0,2,0,0.29,2.47,Frank Lampard,permanent,0.5
2022/23,2023-02-04,Everton,Arsenal,Home,1,0,3,2.09,0.69,Sean Dyche,permanent,0.8
2022/23,2023-02-13,Everton,Liverpool,Away,0,2,0,0.4,2.23,Sean Dyche,permanent,0.5
2022/23,2023-02-18,Everton,Leeds,Home,1,0,3,1.54,0.6,Sean Dyche,permanent,0.7
2022/23,2023-02-25,Everton,Aston Villa,Home,0,2,0,1.54,2.06,Sean Dyche,permanent,0.7
2022/23,2023-03-01,Everton,Arsenal,Away,0,4,0,1.6,3.07,Sean Dyche,permanent,0.7
2022/23,2023-03-05,Everton,Nott'm Forest,Away,2,2,1,1.71,0.8,Sean Dyche,permanent,0.8
2022/23,2023-03-11,Everton,Brentford,Home,1,0,3,1.72,1.95,Sean Dyche,permanent,1.0
2022/23,2023-03-18,Everton,Chelsea,Away,2,2,1,1.65,1.9,Sean Dyche,permanent,1.1
2022/23,2023-04-03,Everton,Tottenham,Home,1,1,1,0.82,1.39,Sean Dyche,permanent,1.2
2022/23,2023-04-08,Everton,Man United,Away,0,2,0,0.95,4.39,Sean Dyche,permanent,1.2
2022/23,2023-04-15,Everton,Fulham,Home,1,3,0,2.24,1.92,Sean Dyche,permanent,0.9
2022/23,2023-04-22,Everton,Crystal Palace,Away,0,0,1,0.43,0.37,Sean Dyche,permanent,1.0
2022/23,2023-04-27,Everton,Newcastle,Home,1,4,0,0.78,2.86,Sean Dyche,permanent,0.7
2022/23,2023-05-01,Everton,Leicester,Away,2,2,1,3.29,3.32,Sean Dyche,permanent,0.8
2022/23,2023-05-08,Everton,Brighton,Away,5,1,3,2.94,3.24,Sean Dyche,permanent,1.1
2022/23,2023-05-14,Everton,Man City,Home,0,3,0,1.19,1.04,Sean Dyche,permanent,1.0
2022/23,2023-05-20,Everton,Wolves,Away,1,1,1,2.47,1.29,Sean Dyche,permanent,0.8
2022/23,2023-05-28,Everton,Bournemouth,Home,1,0,3,1.13,0.43,Sean Dyche,permanent,1.0
2023/24,2023-08-12,Everton,Fulham,Home,0,1,0,2.59,1.58,Sean Dyche,permanent,0.9
2023/24,2023-08-20,Everton,Aston Villa,Away,0,4,0,0.72,3.24,Sean Dyche,permanent,0.9
2023/24,2023-08-26,Everton,Wolves,Home,0,1,0,1.9,1.4,Sean Dyche,permanent,0.9
2023/24,2023-09-02,Everton,Sheffield United,Away,2,2,1,2.74,1.57,Sean Dyche,permanent,0.9
2023/24,2023-09-17,Everton,Arsenal,Home,0,1,0,0.28,0.8,Sean Dyche,permanent,0.9
2023/24,2023-09-23,Everton,Brentford,Away,3,1,3,2.51,1.57,Sean Dyche,permanent,1.1
2023/24,2023-09-30,Everton,Luton,Home,1,2,0,3.65,1.51,Sean Dyche,permanent,0.8
2023/24,2023-10-07,Everton,Bournemouth,Home,3,0,3,3.16,0.98,Sean Dyche,permanent,1.1
2023/24,2023-10-21,Everton,Liverpool,Away,0,2,0,0.09,2.29,Sean Dyche,permanent,1.0
2023/24,2023-10-29,Everton,West Ham,Away,1,0,3,0.73,0.62,Sean Dyche,permanent,1.0
2023/24,2023-11-04,Everton,Brighton,Home,1,1,1,0.62,0.44,Sean Dyche,permanent,1.1
2023/24,2023-11-11,Everton,Crystal Palace,Away,3,2,3,1.79,1.89,Sean Dyche,permanent,1.4
2023/24,2023-11-26,Everton,Man United,Home,0,3,0,2.5,2.07,Sean Dyche,permanent,1.4
2023/24,2023-12-02,Everton,Nott'm Forest,Away,1,0,3,0.62,0.67,Sean Dyche,permanent,1.6
2023/24,2023-12-07,Everton,Newcastle,Home,3,0,3,2.95,1.3,Sean Dyche,permanent,1.9
2023/24,2023-12-10,Everton,Chelsea,Home,2,0,3,1.11,0.89,Sean Dyche,permanent,1.9
2023/24,2023-12-16,Everton,Burnley,Away,2,0,3,2.22,0.81,Sean Dyche,permanent,2.2
2023/24,2023-12-23,Everton,Tottenham,Away,1,2,0,1.98,1.58,Sean Dyche,permanent,1.9
2023/24,2023-12-27,Everton,Man City,Home,1,3,0,1.24,2.28,Sean Dyche,permanent,1.9
2023/24,2023-12-30,Everton,Wolves,Away,0,3,0,0.52,2.64,Sean Dyche,permanent,1.6
2023/24,2024-01-14,Everton,Aston Villa,Home,0,0,1,1.04,1.34,Sean Dyche,permanent,1.6
2023/24,2024-01-30,Everton,Fulham,Away,0,0,1,2.83,2.37,Sean Dyche,permanent,1.4
2023/24,2024-02-03,Everton,Tottenham,Home,2,2,1,3.26,0.92,Sean Dyche,permanent,1.5
2023/24,2024-02-10,Everton,Man City,Away,0,2,0,0.19,1.59,Sean Dyche,permanent,1.2
2023/24,2024-02-19,Everton,Crystal Palace,Home,1,1,1,2.45,0.73,Sean Dyche,permanent,1.0
2023/24,2024-02-24,Everton,Brighton,Away,1,1,1,0.29,1.65,Sean Dyche,permanent,0.8
2023/24,2024-03-02,Everton,West Ham,Home,1,3,0,3.12,2.18,Sean Dyche,permanent,0.5
2023/24,2024-03-09,Everton,Man United,Away,0,2,0,1.82,2.9,Sean Dyche,permanent,0.5
2023/24,2024-03-30,Everton,Bournemouth,Away,1,2,0,0.93,1.39,Sean Dyche,permanent,0.5
2023/24,2024-04-02,Everton,Newcastle,Away,1,1,1,1.7,2.65,Sean Dyche,permanent,0.6
2023/24,2024-04-06,Everton,Burnley,Home,1,0,3,0.66,0.35,Sean Dyche,permanent,0.8
2023/24,2024-04-15,Everton,Chelsea,Away,0,6,0,1.22,3.37,Sean Dyche,permanent,0.7
2023/24,2024-04-21,Everton,Nott'm Forest,Home,2,0,3,0.47,1.19,Sean Dyche,permanent,0.9
2023/24,2024-04-24,Everton,Liverpool,Home,2,0,3,1.89,1.87,Sean Dyche,permanent,1.2
2023/24,2024-04-27,Everton,Brentford,Home,1,0,3,1.21,0.96,Sean Dyche,permanent,1.4
2023/24,2024-05-03,Everton,Luton,Away,1,1,1,1.23,0.95,Sean Dyche,permanent,1.4
2023/24,2024-05-11,Everton,Sheffield United,Home,1,0,3,1.82,0.47,Sean Dyche,permanent,1.7
2023/24,2024-05-19,Everton,Arsenal,Away,1,2,0,0.66,3.21,Sean Dyche,permanent,1.7
2024/25,2024-08-17,Everton,Brighton,Home,0,3,0,0.41,1.79,Sean Dyche,permanent,1.7
2024/25,2024-08-24,Everton,Tottenham,Away,0,4,0,0.65,2.61,Sean Dyche,permanent,1.6
2024/25,2024-08-31,Everton,Bournemouth,Home,2,3,0,2.56,2.96,Sean Dyche,permanent,1.3
2024/25,2024-09-14,Everton,Aston Villa,Away,2,3,0,0.85,3.16,Sean Dyche,permanent,1.3
2024/25,2024-09-21,Everton,Leicester,Away,1,1,1,1.82,1.34,Sean Dyche,permanent,1.1
2024/25,2024-09-28,Everton,Crystal Palace,Home,2,1,3,1.11,1.12,Sean Dyche,permanent,1.1
2024/25,2024-10-05,Everton,Newcastle,Home,0,0,1,0.69,1.79,Sean Dyche,permanent,0.9
2024/25,2024-10-19,Everton,Ipswich,Away,2,0,3,1.61,1.17,Sean Dyche,permanent,1.1
2024/25,2024-10-26,Everton,Fulham,Home,1,1,1,0.88,1.5,Sean Dyche,permanent,0.9
2024/25,2024-11-02,Everton,Southampton,Away,0,1,0,1.79,0.54,Sean Dyche,permanent,0.9
2024/25,2024-11-09,Everton,West Ham,Away,0,0,1,0.87,1.12,Sean Dyche,permanent,1.0
2024/25,2024-11-23,Everton,Brentford,Home,0,0,1,1.6,1.34,Sean Dyche,permanent,1.1
2024/25,2024-12-01,Everton,Man United,Away,0,4,0,0.77,1.76,Sean Dyche,permanent,1.1
2024/25,2024-12-04,Everton,Wolves,Home,4,0,3,1.5,0.85,Sean Dyche,permanent,1.4
2024/25,2024-12-14,Everton,Arsenal,Away,0,0,1,0.13,1.31,Sean Dyche,permanent,1.4
2024/25,2024-12-22,Everton,Chelsea,Home,0,0,1,1.07,1.52,Sean Dyche,permanent,1.2
2024/25,2024-12-26,Everton,Man City,Away,1,1,1,0.65,2.52,Sean Dyche,permanent,1.2
2024/25,2024-12-29,Everton,Nott'm Forest,Home,0,2,0,0.62,2.03,Sean Dyche,permanent,0.9
2024/25,2025-01-04,Everton,Bournemouth,Away,0,1,0,0.56,2.62,Sean Dyche,permanent,0.8
2024/25,2025-01-15,Everton,Aston Villa,Home,0,1,0,1.23,1.29,David Moyes,permanent,0.8
2024/25,2025-01-19,Everton,Tottenham,Home,3,2,3,2.56,1.36,David Moyes,permanent,1.0
2024/25,2025-01-25,Everton,Brighton,Away,1,0,3,0.87,0.64,David Moyes,permanent,1.2
2024/25,2025-02-01,Everton,Leicester,Home,4,0,3,3.11,0.45,David Moyes,permanent,1.5
2024/25,2025-02-12,Everton,Liverpool,Home,2,2,1,0.91,0.93,David Moyes,permanent,1.3
2024/25,2025-02-15,Everton,Crystal Palace,Away,2,1,3,1.02,2.31,David Moyes,permanent,1.5
2024/25,2025-02-22,Everton,Man United,Home,2,2,1,2.1,0.65,David Moyes,permanent,1.5
2024/25,2025-02-26,Everton,Brentford,Away,1,1,1,1.45,1.34,David Moyes,permanent,1.5
2024/25,2025-03-08,Everton,Wolves,Away,1,1,1,1.37,0.81,David Moyes,permanent,1.6
2024/25,2025-03-15,Everton,West Ham,Home,1,1,1,1.19,0.52,David Moyes,permanent,1.7
2024/25,2025-04-02,Everton,Liverpool,Away,0,1,0,0.82,1.3,David Moyes,permanent,1.7
2024/25,2025-04-05,Everton,Arsenal,Home,1,1,1,1.23,1.4,David Moyes,permanent,1.5
2024/25,2025-04-12,Everton,Nott'm Forest,Away,1,0,3,1.26,0.42,David Moyes,permanent,1.5
2024/25,2025-04-19,Everton,Man City,Home,0,2,0,0.82,1.88,David Moyes,permanent,1.2
2024/25,2025-04-26,Everton,Chelsea,Away,0,1,0,0.92,0.77,David Moyes,permanent,1.1
2024/25,2025-05-03,Everton,Ipswich,Home,2,2,1,0.81,1.14,David Moyes,permanent,0.9
2024/25,2025-05-10,Everton,Fulham,Away,3,1,3,1.33,1.21,David Moyes,permanent,1.1
2024/25,2025-05-18,Everton,Southampton,Home,2,0,3,2.68,1.05,David Moyes,permanent,1.3
2024/25,2025-05-25,Everton,Newcastle,Away,1,0,3,1.07,1.16,David Moyes,permanent,1.5
2025/26,2025-08-18,Everton,Leeds,Away,0,1,0,0.67,2.38,David Moyes,permanent,1.4
2025/26,2025-08-24,Everton,Brighton,Home,2,0,3,1.8,2.08,David Moyes,permanent,1.7
2025/26,2025-08-30,Everton,Wolves,Away,3,2,3,2.04,0.94,David Moyes,permanent,1.9
2025/26,2025-09-13,Everton,Aston Villa,Home,0,0,1,1.89,0.35,David Moyes,permanent,1.7
2025/26,2025-09-20,Everton,Liverpool,Away,1,2,0,0.72,1.06,David Moyes,permanent,1.7
2025/26,2025-09-29,Everton,West Ham,Home,1,1,1,0.91,0.78,David Moyes,permanent,1.8
2025/26,2025-10-05,Everton,Crystal Palace,Home,2,1,3,2.14,2.18,David Moyes,permanent,2.0
2025/26,2025-10-18,Everton,Man City,Away,0,2,0,0.79,2.48,David Moyes,permanent,1.7
2025/26,2025-10-26,Everton,Tottenham,Home,0,3,0,1.4,2.09,David Moyes,permanent,1.4
2025/26,2025-11-03,Everton,Sunderland,Away,1,1,1,1.01,1.18,David Moyes,permanent,1.2
2025/26,2025-11-08,Everton,Fulham,Home,2,0,3,2.31,0.42,David Moyes,permanent,1.5
2025/26,2025-11-24,Everton,Man United,Away,1,0,3,0.16,2.27,David Moyes,permanent,1.5
2025/26,2025-11-29,Everton,Newcastle,Home,1,4,0,1.01,2.46,David Moyes,permanent,1.2
2025/26,2025-12-02,Everton,Bournemouth,Away,1,0,3,1.2,0.64,David Moyes,permanent,1.4
2025/26,2025-12-06,Everton,Nott'm Forest,Home,3,0,3,1.25,0.31,David Moyes,permanent,1.7
2025/26,2025-12-13,Everton,Chelsea,Away,0,2,0,1.34,2.64,David Moyes,permanent,1.6
2025/26,2025-12-20,Everton,Arsenal,Home,0,1,0,0.21,1.85,David Moyes,permanent,1.3
2025/26,2025-12-27,Everton,Burnley,Away,0,0,1,1.25,1.25,David Moyes,permanent,1.4
2025/26,2025-12-30,Everton,Nott'm Forest,Away,2,0,3,1.7,1.75,David Moyes,permanent,1.7
2025/26,2026-01-04,Everton,Brentford,Home,2,4,0,1.01,3.05,David Moyes,permanent,1.6
2025/26,2026-01-07,Everton,Wolves,Home,1,1,1,1.63,0.71,David Moyes,permanent,1.4
2025/26,2026-01-18,Everton,Aston Villa,Away,1,0,3,0.75,0.91,David Moyes,permanent,1.4
2025/26,2026-01-26,Everton,Leeds,Home,1,1,1,0.89,1.68,David Moyes,permanent,1.5
2025/26,2026-01-31,Everton,Brighton,Away,1,1,1,1.28,1.43,David Moyes,permanent,1.3
2025/26,2026-02-07,Everton,Fulham,Away,2,1,3,1.89,2.2,David Moyes,permanent,1.3
2025/26,2026-02-10,Everton,Bournemouth,Home,1,2,0,2.33,1.41,David Moyes,permanent,1.3
2025/26,2026-02-23,Everton,Man United,Home,0,1,0,0.56,1.45,David Moyes,permanent,1.3
2025/26,2026-02-28,Everton,Newcastle,Away,3,2,3,2.41,1.12,David Moyes,permanent,1.5
2025/26,2026-03-03,Everton,Burnley,Home,2,0,3,1.16,0.76,David Moyes,permanent,1.5
2025/26,2026-03-14,Everton,Arsenal,Away,0,2,0,1.18,1.91,David Moyes,permanent,1.5
2025/26,2026-03-21,Everton,Chelsea,Home,3,0,3,1.45,1.35,David Moyes,permanent,1.7
2025/26,2026-04-11,Everton,Brentford,Away,2,2,1,1.57,2.26,David Moyes,permanent,1.5
2025/26,2026-04-19,Everton,Liverpool,Home,1,2,0,1.48,1.38,David Moyes,permanent,1.4
2025/26,2026-04-25,Everton,West Ham,Away,1,2,0,1.11,1.84,David Moyes,permanent,1.3
2025/26,2026-05-04,Everton,Man City,Home,3,3,1,1.69,1.42,David Moyes,permanent,1.1
2025/26,2026-05-10,Everton,Crystal Palace,Away,2,2,1,2.1,3.29,David Moyes,permanent,1.2
2025/26,2026-05-17,Everton,Sunderland,Home,1,3,0,1.32,1.28,David Moyes,permanent,1.2
2025/26,2026-05-24,Everton,Tottenham,Away,0,1,0,0.27,1.41,David Moyes,permanent,0.9
2018/19,2018-08-11,Fulham,Crystal Palace,Home,0,2,0,0.64,1.08,Slavisa Jokanovic,first spell in data,
2018/19,2018-08-18,Fulham,Tottenham,Away,1,3,0,1.44,3.27,Slavisa Jokanovic,first spell in data,
2018/19,2018-08-26,Fulham,Burnley,Home,4,2,3,1.92,1.57,Slavisa Jokanovic,first spell in data,
2018/19,2018-09-01,Fulham,Brighton,Away,2,2,1,1.52,2.68,Slavisa Jokanovic,first spell in data,
2018/19,2018-09-15,Fulham,Man City,Away,0,3,0,0.34,4.92,Slavisa Jokanovic,first spell in data,
2018/19,2018-09-22,Fulham,Watford,Home,1,1,1,1.77,1.76,Slavisa Jokanovic,first spell in data,
2018/19,2018-09-29,Fulham,Everton,Away,0,3,0,0.54,2.32,Slavisa Jokanovic,first spell in data,
2018/19,2018-10-07,Fulham,Arsenal,Home,1,5,0,1.32,1.14,Slavisa Jokanovic,first spell in data,
2018/19,2018-10-20,Fulham,Cardiff,Away,2,4,0,0.95,1.76,Slavisa Jokanovic,first spell in data,
2018/19,2018-10-27,Fulham,Bournemouth,Home,0,3,0,0.38,2.11,Slavisa Jokanovic,first spell in data,0.5
2018/19,2018-11-05,Fulham,Huddersfield,Away,0,1,0,0.35,0.51,Slavisa Jokanovic,first spell in data,0.5
2018/19,2018-11-11,Fulham,Liverpool,Away,0,2,0,0.57,2.22,Slavisa Jokanovic,first spell in data,0.5
2018/19,2018-11-24,Fulham,Southampton,Home,3,2,3,1.39,1.67,Claudio Ranieri,permanent,0.5
2018/19,2018-12-02,Fulham,Chelsea,Away,0,2,0,0.29,2.17,Claudio Ranieri,permanent,0.4
2018/19,2018-12-05,Fulham,Leicester,Home,1,1,1,1.48,1.22,Claudio Ranieri,permanent,0.5
2018/19,2018-12-08,Fulham,Man United,Away,1,4,0,1.23,3.15,Claudio Ranieri,permanent,0.4
2018/19,2018-12-15,Fulham,West Ham,Home,0,2,0,1.03,0.75,Claudio Ranieri,permanent,0.4
2018/19,2018-12-22,Fulham,Newcastle,Away,0,0,1,0.25,0.29,Claudio Ranieri,permanent,0.5
2018/19,2018-12-26,Fulham,Wolves,Home,1,1,1,1.28,1.36,Claudio Ranieri,permanent,0.6
2018/19,2018-12-29,Fulham,Huddersfield,Home,1,0,3,1.72,0.28,Claudio Ranieri,permanent,0.9
2018/19,2019-01-01,Fulham,Arsenal,Away,1,4,0,1.71,4.43,Claudio Ranieri,permanent,0.9
2018/19,2019-01-12,Fulham,Burnley,Away,1,2,0,0.9,0.81,Claudio Ranieri,permanent,0.9
2018/19,2019-01-20,Fulham,Tottenham,Home,1,2,0,0.94,1.93,Claudio Ranieri,permanent,0.6
2018/19,2019-01-29,Fulham,Brighton,Home,4,2,3,3.46,2.37,Claudio Ranieri,permanent,0.9
2018/19,2019-02-02,Fulham,Crystal Palace,Away,0,2,0,0.56,2.2,Claudio Ranieri,permanent,0.8
2018/19,2019-02-09,Fulham,Man United,Home,0,3,0,2.19,2.13,Claudio Ranieri,permanent,0.8
2018/19,2019-02-22,Fulham,West Ham,Away,1,3,0,1.24,2.73,Claudio Ranieri,permanent,0.8
2018/19,2019-02-27,Fulham,Southampton,Away,0,2,0,0.8,1.16,Claudio Ranieri,permanent,0.7
2018/19,2019-03-03,Fulham,Chelsea,Home,1,2,0,0.9,1.54,Scott Parker,permanent,0.6
2018/19,2019-03-09,Fulham,Leicester,Away,1,3,0,0.15,2.13,Scott Parker,permanent,0.3
2018/19,2019-03-17,Fulham,Liverpool,Home,1,2,0,0.92,2.73,Scott Parker,permanent,0.3
2018/19,2019-03-30,Fulham,Man City,Home,0,2,0,0.66,2.32,Scott Parker,permanent,0.3
2018/19,2019-04-02,Fulham,Watford,Away,1,4,0,1.91,1.59,Scott Parker,permanent,0.3
2018/19,2019-04-13,Fulham,Everton,Home,2,0,3,1.66,1.29,Scott Parker,permanent,0.3
2018/19,2019-04-20,Fulham,Bournemouth,Away,1,0,3,2.62,2.84,Scott Parker,permanent,0.6
2018/19,2019-04-27,Fulham,Cardiff,Home,1,0,3,0.52,1.11,Scott Parker,permanent,0.9
2018/19,2019-05-04,Fulham,Wolves,Away,0,1,0,0.51,2.09,Scott Parker,permanent,0.9
2018/19,2019-05-12,Fulham,Newcastle,Home,0,4,0,0.57,1.96,Scott Parker,permanent,0.9
2020/21,2020-09-12,Fulham,Arsenal,Home,0,3,0,0.13,2.16,Scott Parker,permanent,0.9
2020/21,2020-09-19,Fulham,Leeds,Away,3,4,0,1.56,1.45,Scott Parker,permanent,0.9
2020/21,2020-09-28,Fulham,Aston Villa,Home,0,3,0,0.53,2.03,Scott Parker,permanent,0.9
2020/21,2020-10-04,Fulham,Wolves,Away,0,1,0,0.97,0.89,Scott Parker,permanent,0.9
2020/21,2020-10-18,Fulham,Sheffield United,Away,1,1,1,1.36,1.66,Scott Parker,permanent,1.0
2020/21,2020-10-24,Fulham,Crystal Palace,Home,1,2,0,1.05,2.81,Scott Parker,permanent,0.7
2020/21,2020-11-02,Fulham,West Brom,Home,2,0,3,1.62,0.48,Scott Parker,permanent,0.7
2020/21,2020-11-07,Fulham,West Ham,Away,0,1,0,1.85,1.43,Scott Parker,permanent,0.4
2020/21,2020-11-22,Fulham,Everton,Home,2,3,0,1.87,2.25,Scott Parker,permanent,0.4
2020/21,2020-11-30,Fulham,Leicester,Away,2,1,3,2.04,1.28,Scott Parker,permanent,0.7
2020/21,2020-12-05,Fulham,Man City,Away,0,2,0,0.29,3.26,Scott Parker,permanent,0.7
2020/21,2020-12-13,Fulham,Liverpool,Home,1,1,1,1.73,1.82,Scott Parker,permanent,0.8
2020/21,2020-12-16,Fulham,Brighton,Home,0,0,1,1.0,0.46,Scott Parker,permanent,0.9
2020/21,2020-12-19,Fulham,Newcastle,Away,1,1,1,1.11,1.27,Scott Parker,permanent,1.0
2020/21,2020-12-26,Fulham,Southampton,Home,0,0,1,0.78,0.12,Scott Parker,permanent,1.0
2020/21,2021-01-13,Fulham,Tottenham,Away,1,1,1,1.05,3.14,Scott Parker,permanent,1.1
2020/21,2021-01-16,Fulham,Chelsea,Home,0,1,0,0.46,1.38,Scott Parker,permanent,0.8
2020/21,2021-01-20,Fulham,Man United,Home,1,2,0,0.75,1.68,Scott Parker,permanent,0.8
2020/21,2021-01-27,Fulham,Brighton,Away,0,0,1,0.51,2.29,Scott Parker,permanent,0.9
2020/21,2021-01-30,Fulham,West Brom,Away,2,2,1,1.52,0.99,Scott Parker,permanent,0.7
2020/21,2021-02-03,Fulham,Leicester,Home,0,2,0,0.73,1.71,Scott Parker,permanent,0.7
2020/21,2021-02-06,Fulham,West Ham,Home,0,0,1,1.61,0.94,Scott Parker,permanent,0.7
2020/21,2021-02-14,Fulham,Everton,Away,2,0,3,2.55,0.31,Scott Parker,permanent,0.9
2020/21,2021-02-17,Fulham,Burnley,Away,1,1,1,0.59,1.21,Scott Parker,permanent,0.9
2020/21,2021-02-20,Fulham,Sheffield United,Home,1,0,3,1.21,0.98,Scott Parker,permanent,1.1
2020/21,2021-02-28,Fulham,Crystal Palace,Away,0,0,1,0.81,0.09,Scott Parker,permanent,1.1
2020/21,2021-03-04,Fulham,Tottenham,Home,0,1,0,1.17,1.55,Scott Parker,permanent,1.1
2020/21,2021-03-07,Fulham,Liverpool,Away,1,0,3,1.37,0.7,Scott Parker,permanent,1.4
2020/21,2021-03-13,Fulham,Man City,Home,0,3,0,0.45,2.73,Scott Parker,permanent,1.3
2020/21,2021-03-19,Fulham,Leeds,Home,1,2,0,1.47,1.41,Scott Parker,permanent,1.2
2020/21,2021-04-04,Fulham,Aston Villa,Away,1,3,0,1.52,1.52,Scott Parker,permanent,1.2
2020/21,2021-04-09,Fulham,Wolves,Home,0,1,0,0.73,0.43,Scott Parker,permanent,1.1
2020/21,2021-04-18,Fulham,Arsenal,Away,1,1,1,0.84,2.86,Scott Parker,permanent,0.9
2020/21,2021-05-01,Fulham,Chelsea,Away,0,2,0,0.29,1.84,Scott Parker,permanent,0.8
2020/21,2021-05-10,Fulham,Burnley,Home,0,2,0,0.78,1.66,Scott Parker,permanent,0.5
2020/21,2021-05-15,Fulham,Southampton,Away,1,3,0,0.88,2.29,Scott Parker,permanent,0.4
2020/21,2021-05-18,Fulham,Man United,Away,1,1,1,0.87,0.92,Scott Parker,permanent,0.5
2020/21,2021-05-23,Fulham,Newcastle,Home,0,2,0,0.99,1.6,Scott Parker,permanent,0.2
2022/23,2022-08-06,Fulham,Liverpool,Home,2,2,1,1.27,2.34,Marco Silva,appointed_outside_pl,0.3
2022/23,2022-08-13,Fulham,Wolves,Away,0,0,1,1.09,0.98,Marco Silva,appointed_outside_pl,0.4
2022/23,2022-08-20,Fulham,Brentford,Home,3,2,3,2.9,1.59,Marco Silva,appointed_outside_pl,0.7
2022/23,2022-08-27,Fulham,Arsenal,Away,1,2,0,0.93,2.47,Marco Silva,appointed_outside_pl,0.7
2022/23,2022-08-30,Fulham,Brighton,Home,2,1,3,1.07,1.75,Marco Silva,appointed_outside_pl,0.9
2022/23,2022-09-03,Fulham,Tottenham,Away,1,2,0,0.38,2.68,Marco Silva,appointed_outside_pl,0.9
2022/23,2022-09-16,Fulham,Nott'm Forest,Away,3,2,3,1.35,1.42,Marco Silva,appointed_outside_pl,1.2
2022/23,2022-10-01,Fulham,Newcastle,Home,1,4,0,0.68,4.67,Marco Silva,appointed_outside_pl,1.2
2022/23,2022-10-09,Fulham,West Ham,Away,1,3,0,0.55,3.44,Marco Silva,appointed_outside_pl,1.1
2022/23,2022-10-15,Fulham,Bournemouth,Home,2,2,1,1.62,1.63,Marco Silva,appointed_outside_pl,1.2
2022/23,2022-10-20,Fulham,Aston Villa,Home,3,0,3,2.89,0.71,Marco Silva,appointed_outside_pl,1.4
2022/23,2022-10-23,Fulham,Leeds,Away,3,2,3,2.48,1.96,Marco Silva,appointed_outside_pl,1.6
2022/23,2022-10-29,Fulham,Everton,Home,0,0,1,1.76,1.19,Marco Silva,appointed_outside_pl,1.4
2022/23,2022-11-05,Fulham,Man City,Away,1,2,0,0.84,2.39,Marco Silva,appointed_outside_pl,1.4
2022/23,2022-11-13,Fulham,Man United,Home,1,2,0,1.7,3.38,Marco Silva,appointed_outside_pl,1.1
2022/23,2022-12-26,Fulham,Crystal Palace,Away,3,0,3,2.7,0.42,Marco Silva,appointed_outside_pl,1.4
2022/23,2022-12-31,Fulham,Southampton,Home,2,1,3,1.49,0.7,Marco Silva,appointed_outside_pl,1.4
2022/23,2023-01-03,Fulham,Leicester,Away,1,0,3,1.33,1.45,Marco Silva,appointed_outside_pl,1.7
2022/23,2023-01-12,Fulham,Chelsea,Home,2,1,3,0.71,2.4,Marco Silva,appointed_outside_pl,2.0
2022/23,2023-01-15,Fulham,Newcastle,Away,0,1,0,0.99,1.96,Marco Silva,appointed_outside_pl,1.9
2022/23,2023-01-23,Fulham,Tottenham,Home,0,1,0,1.09,0.99,Marco Silva,appointed_outside_pl,1.6
2022/23,2023-02-03,Fulham,Chelsea,Away,0,0,1,0.49,1.41,Marco Silva,appointed_outside_pl,1.4
2022/23,2023-02-11,Fulham,Nott'm Forest,Home,2,0,3,1.7,0.69,Marco Silva,appointed_outside_pl,1.6
2022/23,2023-02-18,Fulham,Brighton,Away,1,0,3,0.22,2.71,Marco Silva,appointed_outside_pl,1.9
2022/23,2023-02-24,Fulham,Wolves,Home,1,1,1,0.91,1.0,Marco Silva,appointed_outside_pl,2.0
2022/23,2023-03-06,Fulham,Brentford,Away,2,3,0,1.68,2.44,Marco Silva,appointed_outside_pl,1.7
2022/23,2023-03-12,Fulham,Arsenal,Home,0,3,0,0.62,2.64,Marco Silva,appointed_outside_pl,1.4
2022/23,2023-04-01,Fulham,Bournemouth,Away,1,2,0,0.6,3.14,Marco Silva,appointed_outside_pl,1.1
2022/23,2023-04-08,Fulham,West Ham,Home,0,1,0,0.46,1.23,Marco Silva,appointed_outside_pl,0.8
2022/23,2023-04-15,Fulham,Everton,Away,3,1,3,1.92,2.24,Marco Silva,appointed_outside_pl,1.1
2022/23,2023-04-22,Fulham,Leeds,Home,2,1,3,1.44,1.07,Marco Silva,appointed_outside_pl,1.4
2022/23,2023-04-25,Fulham,Aston Villa,Away,0,1,0,0.08,0.84,Marco Silva,appointed_outside_pl,1.3
2022/23,2023-04-30,Fulham,Man City,Home,1,2,0,0.43,2.32,Marco Silva,appointed_outside_pl,1.0
2022/23,2023-05-03,Fulham,Liverpool,Away,0,1,0,0.74,1.67,Marco Silva,appointed_outside_pl,0.7
2022/23,2023-05-08,Fulham,Leicester,Home,5,3,3,1.75,2.93,Marco Silva,appointed_outside_pl,0.9
2022/23,2023-05-13,Fulham,Southampton,Away,2,0,3,1.27,0.15,Marco Silva,appointed_outside_pl,1.2
2022/23,2023-05-20,Fulham,Crystal Palace,Home,2,2,1,1.96,1.71,Marco Silva,appointed_outside_pl,1.3
2022/23,2023-05-28,Fulham,Man United,Away,1,2,0,1.88,2.75,Marco Silva,appointed_outside_pl,1.3
2023/24,2023-08-12,Fulham,Everton,Away,1,0,3,1.58,2.59,Marco Silva,appointed_outside_pl,1.6
2023/24,2023-08-19,Fulham,Brentford,Home,0,3,0,0.4,3.47,Marco Silva,appointed_outside_pl,1.3
2023/24,2023-08-26,Fulham,Arsenal,Away,2,2,1,0.85,3.23,Marco Silva,appointed_outside_pl,1.1
2023/24,2023-09-02,Fulham,Man City,Away,1,5,0,1.46,2.0,Marco Silva,appointed_outside_pl,1.1
2023/24,2023-09-16,Fulham,Luton,Home,1,0,3,1.76,1.46,Marco Silva,appointed_outside_pl,1.4
2023/24,2023-09-23,Fulham,Crystal Palace,Away,0,0,1,0.54,0.37,Marco Silva,appointed_outside_pl,1.5
2023/24,2023-10-02,Fulham,Chelsea,Home,0,2,0,0.89,1.98,Marco Silva,appointed_outside_pl,1.2
2023/24,2023-10-07,Fulham,Sheffield United,Home,3,1,3,2.27,0.25,Marco Silva,appointed_outside_pl,1.2
2023/24,2023-10-23,Fulham,Tottenham,Away,0,2,0,0.75,1.64,Marco Silva,appointed_outside_pl,1.1
2023/24,2023-10-29,Fulham,Brighton,Away,1,1,1,0.55,1.32,Marco Silva,appointed_outside_pl,1.2
2023/24,2023-11-04,Fulham,Man United,Home,0,1,0,1.18,0.7,Marco Silva,appointed_outside_pl,0.9
2023/24,2023-11-12,Fulham,Aston Villa,Away,1,3,0,0.65,2.86,Marco Silva,appointed_outside_pl,0.9
2023/24,2023-11-27,Fulham,Wolves,Home,3,2,3,2.49,1.58,Marco Silva,appointed_outside_pl,1.1
2023/24,2023-12-03,Fulham,Liverpool,Away,3,4,0,1.51,2.73,Marco Silva,appointed_outside_pl,1.1
2023/24,2023-12-06,Fulham,Nott'm Forest,Home,5,0,3,3.09,0.22,Marco Silva,appointed_outside_pl,1.1
2023/24,2023-12-10,Fulham,West Ham,Home,5,0,3,2.19,0.98,Marco Silva,appointed_outside_pl,1.3
2023/24,2023-12-16,Fulham,Newcastle,Away,0,3,0,0.47,4.28,Marco Silva,appointed_outside_pl,1.3
2023/24,2023-12-23,Fulham,Burnley,Home,0,2,0,1.38,0.42,Marco Silva,appointed_outside_pl,1.0
2023/24,2023-12-26,Fulham,Bournemouth,Away,0,3,0,0.32,2.08,Marco Silva,appointed_outside_pl,1.0
2023/24,2023-12-31,Fulham,Arsenal,Home,2,1,3,1.53,1.66,Marco Silva,appointed_outside_pl,1.2
2023/24,2024-01-13,Fulham,Chelsea,Away,0,1,0,0.7,2.05,Marco Silva,appointed_outside_pl,1.2
2023/24,2024-01-30,Fulham,Everton,Home,0,0,1,2.37,2.83,Marco Silva,appointed_outside_pl,1.3
2023/24,2024-02-03,Fulham,Burnley,Away,2,2,1,1.29,1.0,Marco Silva,appointed_outside_pl,1.1
2023/24,2024-02-10,Fulham,Bournemouth,Home,3,1,3,1.75,2.61,Marco Silva,appointed_outside_pl,1.4
2023/24,2024-02-17,Fulham,Aston Villa,Home,1,2,0,1.42,1.57,Marco Silva,appointed_outside_pl,1.1
2023/24,2024-02-24,Fulham,Man United,Away,2,1,3,1.14,1.96,Marco Silva,appointed_outside_pl,1.1
2023/24,2024-03-02,Fulham,Brighton,Home,3,0,3,1.38,1.15,Marco Silva,appointed_outside_pl,1.4
2023/24,2024-03-09,Fulham,Wolves,Away,1,2,0,2.94,1.3,Marco Silva,appointed_outside_pl,1.4
2023/24,2024-03-16,Fulham,Tottenham,Home,3,0,3,2.47,2.15,Marco Silva,appointed_outside_pl,1.7
2023/24,2024-03-30,Fulham,Sheffield United,Away,3,3,1,1.1,1.79,Marco Silva,appointed_outside_pl,1.5
2023/24,2024-04-02,Fulham,Nott'm Forest,Away,1,3,0,1.04,1.95,Marco Silva,appointed_outside_pl,1.5
2023/24,2024-04-06,Fulham,Newcastle,Home,0,1,0,0.83,1.18,Marco Silva,appointed_outside_pl,1.4
2023/24,2024-04-14,Fulham,West Ham,Away,2,0,3,3.61,1.45,Marco Silva,appointed_outside_pl,1.6
2023/24,2024-04-21,Fulham,Liverpool,Home,1,3,0,0.84,1.02,Marco Silva,appointed_outside_pl,1.3
2023/24,2024-04-27,Fulham,Crystal Palace,Home,1,1,1,1.39,1.05,Marco Silva,appointed_outside_pl,1.4
2023/24,2024-05-04,Fulham,Brentford,Away,0,0,1,1.46,0.81,Marco Silva,appointed_outside_pl,1.2
2023/24,2024-05-11,Fulham,Man City,Home,0,4,0,0.09,3.15,Marco Silva,appointed_outside_pl,0.9
2023/24,2024-05-19,Fulham,Luton,Away,4,2,3,1.12,2.07,Marco Silva,appointed_outside_pl,1.2
2024/25,2024-08-16,Fulham,Man United,Away,0,1,0,0.42,2.04,Marco Silva,appointed_outside_pl,0.9
2024/25,2024-08-24,Fulham,Leicester,Home,2,1,3,1.96,0.86,Marco Silva,appointed_outside_pl,1.1
2024/25,2024-08-31,Fulham,Ipswich,Away,1,1,1,1.19,0.71,Marco Silva,appointed_outside_pl,1.2
2024/25,2024-09-14,Fulham,West Ham,Home,1,1,1,2.89,0.68,Marco Silva,appointed_outside_pl,1.3
2024/25,2024-09-21,Fulham,Newcastle,Home,3,1,3,3.21,1.1,Marco Silva,appointed_outside_pl,1.3
2024/25,2024-09-28,Fulham,Nott'm Forest,Away,1,0,3,1.44,0.61,Marco Silva,appointed_outside_pl,1.6
2024/25,2024-10-05,Fulham,Man City,Away,2,3,0,2.76,1.37,Marco Silva,appointed_outside_pl,1.5
2024/25,2024-10-19,Fulham,Aston Villa,Home,1,3,0,2.63,1.44,Marco Silva,appointed_outside_pl,1.4
2024/25,2024-10-26,Fulham,Everton,Away,1,1,1,1.5,0.88,Marco Silva,appointed_outside_pl,1.5
2024/25,2024-11-04,Fulham,Brentford,Home,2,1,3,1.43,0.74,Marco Silva,appointed_outside_pl,1.5
2024/25,2024-11-09,Fulham,Crystal Palace,Away,2,0,3,2.25,1.96,Marco Silva,appointed_outside_pl,1.8
2024/25,2024-11-23,Fulham,Wolves,Home,1,4,0,0.72,1.34,Marco Silva,appointed_outside_pl,1.5
2024/25,2024-12-01,Fulham,Tottenham,Away,1,1,1,1.57,1.01,Marco Silva,appointed_outside_pl,1.5
2024/25,2024-12-05,Fulham,Brighton,Home,3,1,3,0.67,1.1,Marco Silva,appointed_outside_pl,1.7
2024/25,2024-12-08,Fulham,Arsenal,Home,1,1,1,0.15,2.43,Marco Silva,appointed_outside_pl,1.5
2024/25,2024-12-14,Fulham,Liverpool,Away,2,2,1,1.29,2.1,Marco Silva,appointed_outside_pl,1.3
2024/25,2024-12-22,Fulham,Southampton,Home,0,0,1,1.25,0.28,Marco Silva,appointed_outside_pl,1.4
2024/25,2024-12-26,Fulham,Chelsea,Away,2,1,3,1.78,1.56,Marco Silva,appointed_outside_pl,1.7
2024/25,2024-12-29,Fulham,Bournemouth,Home,2,2,1,0.96,1.71,Marco Silva,appointed_outside_pl,1.7
2024/25,2025-01-05,Fulham,Ipswich,Home,2,2,1,2.65,1.44,Marco Silva,appointed_outside_pl,1.5
2024/25,2025-01-14,Fulham,West Ham,Away,2,3,0,2.84,0.94,Marco Silva,appointed_outside_pl,1.2
2024/25,2025-01-18,Fulham,Leicester,Away,2,0,3,2.37,0.68,Marco Silva,appointed_outside_pl,1.5
2024/25,2025-01-26,Fulham,Man United,Home,0,1,0,0.56,0.2,Marco Silva,appointed_outside_pl,1.4
2024/25,2025-02-01,Fulham,Newcastle,Away,2,1,3,1.61,1.23,Marco Silva,appointed_outside_pl,1.4
2024/25,2025-02-15,Fulham,Nott'm Forest,Home,2,1,3,2.21,0.33,Marco Silva,appointed_outside_pl,1.6
2024/25,2025-02-22,Fulham,Crystal Palace,Home,0,2,0,0.23,1.46,Marco Silva,appointed_outside_pl,1.5
2024/25,2025-02-25,Fulham,Wolves,Away,2,1,3,1.43,0.93,Marco Silva,appointed_outside_pl,1.7
2024/25,2025-03-08,Fulham,Brighton,Away,1,2,0,0.71,1.94,Marco Silva,appointed_outside_pl,1.4
2024/25,2025-03-16,Fulham,Tottenham,Home,2,0,3,1.04,1.41,Marco Silva,appointed_outside_pl,1.6
2024/25,2025-04-01,Fulham,Arsenal,Away,1,2,0,1.44,2.3,Marco Silva,appointed_outside_pl,1.5
2024/25,2025-04-06,Fulham,Liverpool,Home,3,2,3,1.73,1.41,Marco Silva,appointed_outside_pl,1.8
2024/25,2025-04-14,Fulham,Bournemouth,Away,0,1,0,1.07,1.86,Marco Silva,appointed_outside_pl,1.5
2024/25,2025-04-20,Fulham,Chelsea,Home,1,2,0,0.31,0.75,Marco Silva,appointed_outside_pl,1.5
2024/25,2025-04-26,Fulham,Southampton,Away,2,1,3,2.0,0.94,Marco Silva,appointed_outside_pl,1.5
2024/25,2025-05-03,Fulham,Aston Villa,Away,0,1,0,0.7,1.29,Marco Silva,appointed_outside_pl,1.2
2024/25,2025-05-10,Fulham,Everton,Home,1,3,0,1.21,1.33,Marco Silva,appointed_outside_pl,1.2
2024/25,2025-05-18,Fulham,Brentford,Away,3,2,3,1.62,2.43,Marco Silva,appointed_outside_pl,1.2
2024/25,2025-05-25,Fulham,Man City,Home,0,2,0,2.22,2.46,Marco Silva,appointed_outside_pl,1.2
2025/26,2025-08-16,Fulham,Brighton,Away,1,1,1,0.9,1.44,Marco Silva,appointed_outside_pl,1.0
2025/26,2025-08-24,Fulham,Man United,Home,1,1,1,1.65,1.55,Marco Silva,appointed_outside_pl,1.1
2025/26,2025-08-30,Fulham,Chelsea,Away,0,2,0,0.74,2.43,Marco Silva,appointed_outside_pl,0.8
2025/26,2025-09-13,Fulham,Leeds,Home,1,0,3,1.14,0.83,Marco Silva,appointed_outside_pl,1.1
2025/26,2025-09-20,Fulham,Brentford,Home,3,1,3,1.52,0.83,Marco Silva,appointed_outside_pl,1.4
2025/26,2025-09-28,Fulham,Aston Villa,Away,1,3,0,0.95,1.37,Marco Silva,appointed_outside_pl,1.1
2025/26,2025-10-03,Fulham,Bournemouth,Away,1,3,0,0.84,1.33,Marco Silva,appointed_outside_pl,1.1
2025/26,2025-10-18,Fulham,Arsenal,Home,0,1,0,0.5,2.08,Marco Silva,appointed_outside_pl,1.1
2025/26,2025-10-25,Fulham,Newcastle,Away,1,2,0,1.52,2.77,Marco Silva,appointed_outside_pl,0.8
2025/26,2025-11-01,Fulham,Wolves,Home,3,0,3,1.91,0.21,Marco Silva,appointed_outside_pl,1.1
2025/26,2025-11-08,Fulham,Everton,Away,0,2,0,0.42,2.31,Marco Silva,appointed_outside_pl,1.0
2025/26,2025-11-22,Fulham,Sunderland,Home,1,0,3,2.84,0.22,Marco Silva,appointed_outside_pl,1.2
2025/26,2025-11-29,Fulham,Tottenham,Away,2,1,3,0.49,1.04,Marco Silva,appointed_outside_pl,1.5
2025/26,2025-12-02,Fulham,Man City,Home,4,5,0,0.97,1.96,Marco Silva,appointed_outside_pl,1.2
2025/26,2025-12-07,Fulham,Crystal Palace,Home,1,2,0,0.77,1.71,Marco Silva,appointed_outside_pl,0.9
2025/26,2025-12-13,Fulham,Burnley,Away,3,2,3,1.65,2.05,Marco Silva,appointed_outside_pl,1.2
2025/26,2025-12-22,Fulham,Nott'm Forest,Home,1,0,3,1.71,0.49,Marco Silva,appointed_outside_pl,1.5
2025/26,2025-12-27,Fulham,West Ham,Away,1,0,3,1.11,1.14,Marco Silva,appointed_outside_pl,1.8
2025/26,2026-01-01,Fulham,Crystal Palace,Away,1,1,1,1.75,2.35,Marco Silva,appointed_outside_pl,1.9
2025/26,2026-01-04,Fulham,Liverpool,Home,2,2,1,0.61,1.72,Marco Silva,appointed_outside_pl,1.7
2025/26,2026-01-07,Fulham,Chelsea,Home,2,1,3,1.06,2.45,Marco Silva,appointed_outside_pl,2.0
2025/26,2026-01-17,Fulham,Leeds,Away,0,1,0,0.26,2.17,Marco Silva,appointed_outside_pl,1.7
2025/26,2026-01-24,Fulham,Brighton,Home,2,1,3,1.13,1.95,Marco Silva,appointed_outside_pl,1.7
2025/26,2026-02-01,Fulham,Man United,Away,2,3,0,1.72,1.84,Marco Silva,appointed_outside_pl,1.7
2025/26,2026-02-07,Fulham,Everton,Home,1,2,0,2.2,1.89,Marco Silva,appointed_outside_pl,1.7
2025/26,2026-02-11,Fulham,Man City,Away,0,3,0,1.05,1.68,Marco Silva,appointed_outside_pl,1.4
2025/26,2026-02-22,Fulham,Sunderland,Away,3,1,3,2.17,1.76,Marco Silva,appointed_outside_pl,1.4
2025/26,2026-03-01,Fulham,Tottenham,Home,2,1,3,2.32,0.95,Marco Silva,appointed_outside_pl,1.4
2025/26,2026-03-04,Fulham,West Ham,Home,0,1,0,0.63,1.5,Marco Silva,appointed_outside_pl,1.3
2025/26,2026-03-15,Fulham,Nott'm Forest,Away,0,0,1,0.93,0.82,Marco Silva,appointed_outside_pl,1.3
2025/26,2026-03-21,Fulham,Burnley,Home,3,1,3,3.48,1.93,Marco Silva,appointed_outside_pl,1.3
2025/26,2026-04-11,Fulham,Liverpool,Away,0,2,0,1.42,2.01,Marco Silva,appointed_outside_pl,1.3
2025/26,2026-04-18,Fulham,Brentford,Away,0,0,1,0.79,2.34,Marco Silva,appointed_outside_pl,1.1
2025/26,2026-04-25,Fulham,Aston Villa,Home,1,0,3,1.24,0.91,Marco Silva,appointed_outside_pl,1.4
2025/26,2026-05-02,Fulham,Arsenal,Away,0,3,0,0.7,4.09,Marco Silva,appointed_outside_pl,1.4
2025/26,2026-05-09,Fulham,Bournemouth,Home,0,1,0,1.24,1.0,Marco Silva,appointed_outside_pl,1.4
2025/26,2026-05-17,Fulham,Wolves,Away,1,1,1,1.48,1.5,Marco Silva,appointed_outside_pl,1.2
2025/26,2026-05-24,Fulham,Newcastle,Home,2,0,3,1.73,0.24,Marco Silva,appointed_outside_pl,1.2
2017/18,2017-08-12,Huddersfield,Crystal Palace,Away,3,0,3,1.74,0.99,David Wagner,first spell in data,
2017/18,2017-08-20,Huddersfield,Newcastle,Home,1,0,3,0.27,0.97,David Wagner,first spell in data,
2017/18,2017-08-26,Huddersfield,Southampton,Home,0,0,1,1.52,0.8,David Wagner,first spell in data,
2017/18,2017-09-11,Huddersfield,West Ham,Away,0,2,0,0.34,1.95,David Wagner,first spell in data,
2017/18,2017-09-16,Huddersfield,Leicester,Home,1,1,1,0.7,1.24,David Wagner,first spell in data,
2017/18,2017-09-23,Huddersfield,Burnley,Away,0,0,1,0.31,0.37,David Wagner,first spell in data,
2017/18,2017-09-30,Huddersfield,Tottenham,Home,0,4,0,0.2,1.56,David Wagner,first spell in data,
2017/18,2017-10-14,Huddersfield,Swansea,Away,0,2,0,0.6,1.65,David Wagner,first spell in data,
2017/18,2017-10-21,Huddersfield,Man United,Home,2,1,3,1.27,0.81,David Wagner,first spell in data,
2017/18,2017-10-28,Huddersfield,Liverpool,Away,0,3,0,0.06,2.14,David Wagner,first spell in data,1.2
2017/18,2017-11-04,Huddersfield,West Brom,Home,1,0,3,0.26,0.38,David Wagner,first spell in data,1.2
2017/18,2017-11-18,Huddersfield,Bournemouth,Away,0,4,0,1.16,1.39,David Wagner,first spell in data,0.9
2017/18,2017-11-26,Huddersfield,Man City,Home,1,2,0,0.54,2.66,David Wagner,first spell in data,0.8
2017/18,2017-11-29,Huddersfield,Arsenal,Away,0,5,0,0.48,4.48,David Wagner,first spell in data,0.8
2017/18,2017-12-02,Huddersfield,Everton,Away,0,2,0,0.22,0.82,David Wagner,first spell in data,0.7
2017/18,2017-12-09,Huddersfield,Brighton,Home,2,0,3,2.68,0.27,David Wagner,first spell in data,0.9
2017/18,2017-12-12,Huddersfield,Chelsea,Home,1,3,0,0.48,1.87,David Wagner,first spell in data,0.9
2017/18,2017-12-16,Huddersfield,Watford,Away,4,1,3,3.49,0.59,David Wagner,first spell in data,1.2
2017/18,2017-12-23,Huddersfield,Southampton,Away,1,1,1,1.09,1.74,David Wagner,first spell in data,1.0
2017/18,2017-12-26,Huddersfield,Stoke,Home,1,1,1,1.88,1.2,David Wagner,first spell in data,1.1
2017/18,2017-12-30,Huddersfield,Burnley,Home,0,0,1,0.05,1.21,David Wagner,first spell in data,0.9
2017/18,2018-01-01,Huddersfield,Leicester,Away,0,3,0,0.23,1.45,David Wagner,first spell in data,0.9
2017/18,2018-01-13,Huddersfield,West Ham,Home,1,4,0,0.68,0.99,David Wagner,first spell in data,0.9
2017/18,2018-01-20,Huddersfield,Stoke,Away,0,2,0,0.24,0.99,David Wagner,first spell in data,0.9
2017/18,2018-01-30,Huddersfield,Liverpool,Home,0,3,0,0.29,2.05,David Wagner,first spell in data,0.9
2017/18,2018-02-03,Huddersfield,Man United,Away,0,2,0,0.13,1.63,David Wagner,first spell in data,0.6
2017/18,2018-02-11,Huddersfield,Bournemouth,Home,4,1,3,2.57,0.43,David Wagner,first spell in data,0.9
2017/18,2018-02-24,Huddersfield,West Brom,Away,2,1,3,1.18,1.5,David Wagner,first spell in data,0.9
2017/18,2018-03-03,Huddersfield,Tottenham,Away,0,2,0,0.14,1.64,David Wagner,first spell in data,0.8
2017/18,2018-03-10,Huddersfield,Swansea,Home,0,0,1,1.39,0.0,David Wagner,first spell in data,0.8
2017/18,2018-03-17,Huddersfield,Crystal Palace,Home,0,2,0,0.22,2.75,David Wagner,first spell in data,0.7
2017/18,2018-03-31,Huddersfield,Newcastle,Away,0,1,0,0.28,2.54,David Wagner,first spell in data,0.7
2017/18,2018-04-07,Huddersfield,Brighton,Away,1,1,1,1.49,1.53,David Wagner,first spell in data,0.8
2017/18,2018-04-14,Huddersfield,Watford,Home,1,0,3,0.93,0.31,David Wagner,first spell in data,1.1
2017/18,2018-04-28,Huddersfield,Everton,Home,0,2,0,0.57,0.94,David Wagner,first spell in data,1.1
2017/18,2018-05-06,Huddersfield,Man City,Away,0,0,1,0.55,0.79,David Wagner,first spell in data,1.2
2017/18,2018-05-09,Huddersfield,Chelsea,Away,1,1,1,0.63,2.25,David Wagner,first spell in data,1.0
2017/18,2018-05-13,Huddersfield,Arsenal,Home,0,1,0,1.31,2.33,David Wagner,first spell in data,0.7
2018/19,2018-08-11,Huddersfield,Chelsea,Home,0,3,0,0.4,2.31,David Wagner,first spell in data,0.7
2018/19,2018-08-19,Huddersfield,Man City,Away,1,6,0,0.66,4.6,David Wagner,first spell in data,0.6
2018/19,2018-08-25,Huddersfield,Cardiff,Home,0,0,1,0.2,1.06,David Wagner,first spell in data,0.7
2018/19,2018-09-01,Huddersfield,Everton,Away,1,1,1,0.66,0.62,David Wagner,first spell in data,0.8
2018/19,2018-09-15,Huddersfield,Crystal Palace,Home,0,1,0,0.88,0.75,David Wagner,first spell in data,0.7
2018/19,2018-09-22,Huddersfield,Leicester,Away,1,3,0,0.69,1.8,David Wagner,first spell in data,0.4
2018/19,2018-09-29,Huddersfield,Tottenham,Home,0,2,0,0.34,2.34,David Wagner,first spell in data,0.4
2018/19,2018-10-06,Huddersfield,Burnley,Away,1,1,1,1.03,0.35,David Wagner,first spell in data,0.4
2018/19,2018-10-20,Huddersfield,Liverpool,Home,0,1,0,0.64,0.66,David Wagner,first spell in data,0.3
2018/19,2018-10-27,Huddersfield,Watford,Away,0,3,0,0.48,2.3,David Wagner,first spell in data,0.3
2018/19,2018-11-05,Huddersfield,Fulham,Home,1,0,3,0.51,0.35,David Wagner,first spell in data,0.6
2018/19,2018-11-10,Huddersfield,West Ham,Home,1,1,1,1.18,1.44,David Wagner,first spell in data,0.7
2018/19,2018-11-25,Huddersfield,Wolves,Away,2,0,3,0.63,0.7,David Wagner,first spell in data,0.9
2018/19,2018-12-01,Huddersfield,Brighton,Home,1,2,0,0.56,1.68,David Wagner,first spell in data,0.8
2018/19,2018-12-04,Huddersfield,Bournemouth,Away,1,2,0,1.56,1.07,David Wagner,first spell in data,0.8
2018/19,2018-12-08,Huddersfield,Arsenal,Away,0,1,0,0.31,2.02,David Wagner,first spell in data,0.8
2018/19,2018-12-15,Huddersfield,Newcastle,Home,0,1,0,0.67,0.93,David Wagner,first spell in data,0.8
2018/19,2018-12-22,Huddersfield,Southampton,Home,1,3,0,1.0,2.6,David Wagner,first spell in data,0.7
2018/19,2018-12-26,Huddersfield,Man United,Away,1,3,0,1.41,1.8,David Wagner,first spell in data,0.7
2018/19,2018-12-29,Huddersfield,Fulham,Away,0,1,0,0.28,1.72,David Wagner,first spell in data,0.7
2018/19,2019-01-02,Huddersfield,Burnley,Home,1,2,0,0.62,2.66,David Wagner,first spell in data,0.4
2018/19,2019-01-12,Huddersfield,Cardiff,Away,0,0,1,0.39,0.12,David Wagner,first spell in data,0.4
2018/19,2019-01-20,Huddersfield,Man City,Home,0,3,0,0.76,2.01,Mark Hudson,caretaker,0.1
2018/19,2019-01-29,Huddersfield,Everton,Home,0,1,0,0.73,1.06,Jan Siewert,permanent,0.1
2018/19,2019-02-02,Huddersfield,Chelsea,Away,0,5,0,0.26,2.94,Jan Siewert,permanent,0.1
2018/19,2019-02-09,Huddersfield,Arsenal,Home,1,2,0,1.97,1.47,Jan Siewert,permanent,0.1
2018/19,2019-02-23,Huddersfield,Newcastle,Away,0,2,0,0.13,3.03,Jan Siewert,permanent,0.1
2018/19,2019-02-26,Huddersfield,Wolves,Home,1,0,3,1.46,0.57,Jan Siewert,permanent,0.4
2018/19,2019-03-02,Huddersfield,Brighton,Away,0,1,0,0.2,1.4,Jan Siewert,permanent,0.4
2018/19,2019-03-09,Huddersfield,Bournemouth,Home,0,2,0,0.34,2.16,Jan Siewert,permanent,0.4
2018/19,2019-03-16,Huddersfield,West Ham,Away,3,4,0,1.67,1.88,Jan Siewert,permanent,0.4
2018/19,2019-03-30,Huddersfield,Crystal Palace,Away,0,2,0,0.93,2.85,Jan Siewert,permanent,0.3
2018/19,2019-04-06,Huddersfield,Leicester,Home,1,4,0,1.62,3.62,Jan Siewert,permanent,0.3
2018/19,2019-04-13,Huddersfield,Tottenham,Away,0,4,0,0.98,2.79,Jan Siewert,permanent,0.3
2018/19,2019-04-20,Huddersfield,Watford,Home,1,2,0,1.09,1.08,Jan Siewert,permanent,0.3
2018/19,2019-04-26,Huddersfield,Liverpool,Away,0,5,0,0.16,3.59,Jan Siewert,permanent,0.3
2018/19,2019-05-05,Huddersfield,Man United,Home,1,1,1,0.74,1.88,Jan Siewert,permanent,0.4
2018/19,2019-05-12,Huddersfield,Southampton,Away,1,1,1,0.86,0.94,Jan Siewert,permanent,0.2
2014/15,2014-08-16,Hull,QPR,Away,1,0,3,1.12,1.9,Steve Bruce,first spell in data,
2014/15,2014-08-24,Hull,Stoke,Home,1,1,1,0.87,1.61,Steve Bruce,first spell in data,
2014/15,2014-08-31,Hull,Aston Villa,Away,1,2,0,0.29,0.64,Steve Bruce,first spell in data,
2014/15,2014-09-15,Hull,West Ham,Home,2,2,1,0.44,0.66,Steve Bruce,first spell in data,
2014/15,2014-09-20,Hull,Newcastle,Away,2,2,1,0.85,1.92,Steve Bruce,first spell in data,
2014/15,2014-09-27,Hull,Man City,Home,2,4,0,1.12,1.79,Steve Bruce,first spell in data,
2014/15,2014-10-04,Hull,Crystal Palace,Home,2,0,3,1.07,0.62,Steve Bruce,first spell in data,
2014/15,2014-10-18,Hull,Arsenal,Away,2,2,1,0.55,2.15,Steve Bruce,first spell in data,
2014/15,2014-10-25,Hull,Liverpool,Away,0,0,1,0.22,0.68,Steve Bruce,first spell in data,
2014/15,2014-11-01,Hull,Southampton,Home,0,1,0,0.26,1.9,Steve Bruce,first spell in data,1.1
2014/15,2014-11-08,Hull,Burnley,Away,0,1,0,0.53,1.1,Steve Bruce,first spell in data,0.8
2014/15,2014-11-23,Hull,Tottenham,Home,1,2,0,0.94,2.16,Steve Bruce,first spell in data,0.7
2014/15,2014-11-29,Hull,Man United,Away,0,3,0,0.23,1.77,Steve Bruce,first spell in data,0.7
2014/15,2014-12-03,Hull,Everton,Away,1,1,1,0.3,1.28,Steve Bruce,first spell in data,0.7
2014/15,2014-12-06,Hull,West Brom,Home,0,0,1,0.59,1.06,Steve Bruce,first spell in data,0.7
2014/15,2014-12-13,Hull,Chelsea,Away,0,2,0,0.44,1.22,Steve Bruce,first spell in data,0.7
2014/15,2014-12-20,Hull,Swansea,Home,0,1,0,0.83,1.45,Steve Bruce,first spell in data,0.4
2014/15,2014-12-26,Hull,Sunderland,Away,3,1,3,0.86,1.36,Steve Bruce,first spell in data,0.6
2014/15,2014-12-28,Hull,Leicester,Home,0,1,0,1.72,0.18,Steve Bruce,first spell in data,0.5
2014/15,2015-01-01,Hull,Everton,Home,2,0,3,1.96,0.96,Steve Bruce,first spell in data,0.8
2014/15,2015-01-10,Hull,West Brom,Away,0,1,0,0.4,0.78,Steve Bruce,first spell in data,0.8
2014/15,2015-01-18,Hull,West Ham,Away,0,3,0,0.42,2.69,Steve Bruce,first spell in data,0.8
2014/15,2015-01-31,Hull,Newcastle,Home,0,3,0,0.99,0.51,Steve Bruce,first spell in data,0.8
2014/15,2015-02-07,Hull,Man City,Away,1,1,1,1.13,0.99,Steve Bruce,first spell in data,0.8
2014/15,2015-02-10,Hull,Aston Villa,Home,2,0,3,0.99,0.42,Steve Bruce,first spell in data,1.0
2014/15,2015-02-21,Hull,QPR,Home,2,1,3,1.09,0.19,Steve Bruce,first spell in data,1.3
2014/15,2015-02-28,Hull,Stoke,Away,0,1,0,0.34,0.9,Steve Bruce,first spell in data,1.3
2014/15,2015-03-03,Hull,Sunderland,Home,1,1,1,1.39,1.23,Steve Bruce,first spell in data,1.1
2014/15,2015-03-14,Hull,Leicester,Away,0,0,1,1.05,0.54,Steve Bruce,first spell in data,1.2
2014/15,2015-03-22,Hull,Chelsea,Home,2,3,0,1.32,0.76,Steve Bruce,first spell in data,0.9
2014/15,2015-04-04,Hull,Swansea,Away,1,3,0,0.92,1.5,Steve Bruce,first spell in data,0.9
2014/15,2015-04-11,Hull,Southampton,Away,0,2,0,0.74,2.37,Steve Bruce,first spell in data,0.9
2014/15,2015-04-25,Hull,Crystal Palace,Away,2,0,3,2.38,0.91,Steve Bruce,first spell in data,1.2
2014/15,2015-04-28,Hull,Liverpool,Home,1,0,3,0.73,0.52,Steve Bruce,first spell in data,1.4
2014/15,2015-05-04,Hull,Arsenal,Home,1,3,0,0.47,2.95,Steve Bruce,first spell in data,1.1
2014/15,2015-05-09,Hull,Burnley,Home,0,1,0,1.13,1.21,Steve Bruce,first spell in data,0.8
2014/15,2015-05-16,Hull,Tottenham,Away,0,2,0,1.13,1.7,Steve Bruce,first spell in data,0.8
2014/15,2015-05-24,Hull,Man United,Home,0,0,1,0.98,0.4,Steve Bruce,first spell in data,0.8
2016/17,2016-08-13,Hull,Leicester,Home,2,1,3,0.74,2.46,Mike Phelan,permanent,1.0
2016/17,2016-08-20,Hull,Swansea,Away,2,0,3,2.19,1.14,Mike Phelan,permanent,1.3
2016/17,2016-08-27,Hull,Man United,Home,0,1,0,0.27,2.47,Mike Phelan,permanent,1.3
2016/17,2016-09-10,Hull,Burnley,Away,1,1,1,0.91,0.45,Mike Phelan,permanent,1.4
2016/17,2016-09-17,Hull,Arsenal,Home,1,4,0,0.97,3.63,Mike Phelan,permanent,1.1
2016/17,2016-09-24,Hull,Liverpool,Away,1,5,0,0.16,4.65,Mike Phelan,permanent,0.8
2016/17,2016-10-01,Hull,Chelsea,Home,0,2,0,0.27,1.99,Mike Phelan,permanent,0.8
2016/17,2016-10-15,Hull,Bournemouth,Away,1,6,0,0.39,2.93,Mike Phelan,permanent,0.8
2016/17,2016-10-22,Hull,Stoke,Home,0,2,0,0.7,1.04,Mike Phelan,permanent,0.8
2016/17,2016-10-29,Hull,Watford,Away,0,1,0,0.25,1.15,Mike Phelan,permanent,0.7
2016/17,2016-11-06,Hull,Southampton,Home,2,1,3,0.56,2.03,Mike Phelan,permanent,0.7
2016/17,2016-11-19,Hull,Sunderland,Away,0,3,0,1.25,0.95,Mike Phelan,permanent,0.4
2016/17,2016-11-26,Hull,West Brom,Home,1,1,1,0.42,1.4,Mike Phelan,permanent,0.5
2016/17,2016-12-05,Hull,Middlesbrough,Away,0,1,0,0.22,1.95,Mike Phelan,permanent,0.4
2016/17,2016-12-10,Hull,Crystal Palace,Home,3,3,1,2.17,1.5,Mike Phelan,permanent,0.5
2016/17,2016-12-14,Hull,Tottenham,Away,0,3,0,0.57,2.83,Mike Phelan,permanent,0.5
2016/17,2016-12-17,Hull,West Ham,Away,0,1,0,1.13,1.92,Mike Phelan,permanent,0.5
2016/17,2016-12-26,Hull,Man City,Home,0,3,0,0.35,2.22,Mike Phelan,permanent,0.5
2016/17,2016-12-30,Hull,Everton,Home,2,2,1,0.85,1.28,Mike Phelan,permanent,0.6
2016/17,2017-01-02,Hull,West Brom,Away,1,3,0,0.99,0.88,Mike Phelan,permanent,0.6
2016/17,2017-01-14,Hull,Bournemouth,Home,3,1,3,1.19,1.43,Marco Silva,permanent,0.6
2016/17,2017-01-22,Hull,Chelsea,Away,0,2,0,0.31,1.47,Marco Silva,permanent,0.6
2016/17,2017-02-01,Hull,Man United,Away,0,0,1,0.4,1.48,Marco Silva,permanent,0.6
2016/17,2017-02-04,Hull,Liverpool,Home,2,0,3,1.89,1.13,Marco Silva,permanent,0.9
2016/17,2017-02-11,Hull,Arsenal,Away,0,2,0,0.47,3.12,Marco Silva,permanent,0.8
2016/17,2017-02-25,Hull,Burnley,Home,1,1,1,1.59,0.47,Marco Silva,permanent,0.9
2016/17,2017-03-04,Hull,Leicester,Away,1,3,0,1.12,1.81,Marco Silva,permanent,0.9
2016/17,2017-03-11,Hull,Swansea,Home,2,1,3,1.99,1.44,Marco Silva,permanent,1.2
2016/17,2017-03-18,Hull,Everton,Away,0,4,0,0.53,2.63,Marco Silva,permanent,1.1
2016/17,2017-04-01,Hull,West Ham,Home,2,1,3,0.78,1.25,Marco Silva,permanent,1.4
2016/17,2017-04-05,Hull,Middlesbrough,Home,4,2,3,2.23,1.31,Marco Silva,permanent,1.4
2016/17,2017-04-08,Hull,Man City,Away,1,3,0,0.36,2.34,Marco Silva,permanent,1.4
2016/17,2017-04-15,Hull,Stoke,Away,1,3,0,1.18,2.02,Marco Silva,permanent,1.3
2016/17,2017-04-22,Hull,Watford,Home,2,0,3,1.42,1.16,Marco Silva,permanent,1.3
2016/17,2017-04-29,Hull,Southampton,Away,0,0,1,0.47,1.25,Marco Silva,permanent,1.4
2016/17,2017-05-06,Hull,Sunderland,Home,0,2,0,1.22,1.96,Marco Silva,permanent,1.3
2016/17,2017-05-14,Hull,Crystal Palace,Away,0,4,0,0.52,2.73,Marco Silva,permanent,1.3
2016/17,2017-05-21,Hull,Tottenham,Home,1,7,0,0.81,3.89,Marco Silva,permanent,1.0
2024/25,2024-08-17,Ipswich,Liverpool,Home,0,2,0,0.34,3.93,Kieran McKenna,first spell in data,
2024/25,2024-08-24,Ipswich,Man City,Away,1,4,0,0.48,3.08,Kieran McKenna,first spell in data,
2024/25,2024-08-31,Ipswich,Fulham,Home,1,1,1,0.71,1.19,Kieran McKenna,first spell in data,
2024/25,2024-09-14,Ipswich,Brighton,Away,0,0,1,0.72,1.76,Kieran McKenna,first spell in data,
2024/25,2024-09-21,Ipswich,Southampton,Away,1,1,1,1.65,2.9,Kieran McKenna,first spell in data,
2024/25,2024-09-29,Ipswich,Aston Villa,Home,2,2,1,1.85,1.14,Kieran McKenna,first spell in data,
2024/25,2024-10-05,Ipswich,West Ham,Away,1,4,0,1.18,4.39,Kieran McKenna,first spell in data,
2024/25,2024-10-19,Ipswich,Everton,Home,0,2,0,1.17,1.61,Kieran McKenna,first spell in data,
2024/25,2024-10-26,Ipswich,Brentford,Away,3,4,0,1.66,4.1,Kieran McKenna,first spell in data,
2024/25,2024-11-02,Ipswich,Leicester,Home,1,1,1,1.34,2.34,Kieran McKenna,first spell in data,0.5
2024/25,2024-11-10,Ipswich,Tottenham,Away,2,1,3,2.18,1.75,Kieran McKenna,first spell in data,0.8
2024/25,2024-11-24,Ipswich,Man United,Home,1,1,1,1.99,1.27,Kieran McKenna,first spell in data,0.9
2024/25,2024-11-30,Ipswich,Nott'm Forest,Away,0,1,0,0.46,1.77,Kieran McKenna,first spell in data,0.8
2024/25,2024-12-03,Ipswich,Crystal Palace,Home,0,1,0,0.47,1.65,Kieran McKenna,first spell in data,0.7
2024/25,2024-12-08,Ipswich,Bournemouth,Home,1,2,0,1.57,3.49,Kieran McKenna,first spell in data,0.6
2024/25,2024-12-14,Ipswich,Wolves,Away,2,1,3,1.73,1.24,Kieran McKenna,first spell in data,0.8
2024/25,2024-12-21,Ipswich,Newcastle,Home,0,4,0,1.06,3.23,Kieran McKenna,first spell in data,0.8
2024/25,2024-12-27,Ipswich,Arsenal,Away,0,1,0,0.08,2.16,Kieran McKenna,first spell in data,0.8
2024/25,2024-12-30,Ipswich,Chelsea,Home,2,0,3,1.5,1.61,Kieran McKenna,first spell in data,1.1
2024/25,2025-01-05,Ipswich,Fulham,Away,2,2,1,1.44,2.65,Kieran McKenna,first spell in data,1.1
2024/25,2025-01-16,Ipswich,Brighton,Home,0,2,0,0.27,1.06,Kieran McKenna,first spell in data,0.8
2024/25,2025-01-19,Ipswich,Man City,Home,0,6,0,0.8,3.2,Kieran McKenna,first spell in data,0.7
2024/25,2025-01-25,Ipswich,Liverpool,Away,1,4,0,0.8,2.17,Kieran McKenna,first spell in data,0.7
2024/25,2025-02-01,Ipswich,Southampton,Home,1,2,0,1.95,1.18,Kieran McKenna,first spell in data,0.7
2024/25,2025-02-15,Ipswich,Aston Villa,Away,1,1,1,0.33,2.9,Kieran McKenna,first spell in data,0.8
2024/25,2025-02-22,Ipswich,Tottenham,Home,1,4,0,1.15,1.59,Kieran McKenna,first spell in data,0.5
2024/25,2025-02-26,Ipswich,Man United,Away,2,3,0,1.04,1.4,Kieran McKenna,first spell in data,0.5
2024/25,2025-03-08,Ipswich,Crystal Palace,Away,0,1,0,1.63,3.14,Kieran McKenna,first spell in data,0.5
2024/25,2025-03-15,Ipswich,Nott'm Forest,Home,2,4,0,0.52,1.31,Kieran McKenna,first spell in data,0.2
2024/25,2025-04-02,Ipswich,Bournemouth,Away,2,1,3,1.41,2.0,Kieran McKenna,first spell in data,0.4
2024/25,2025-04-05,Ipswich,Wolves,Home,1,2,0,0.87,2.81,Kieran McKenna,first spell in data,0.4
2024/25,2025-04-13,Ipswich,Chelsea,Away,2,2,1,1.6,2.91,Kieran McKenna,first spell in data,0.5
2024/25,2025-04-20,Ipswich,Arsenal,Home,0,4,0,0.19,2.81,Kieran McKenna,first spell in data,0.5
2024/25,2025-04-26,Ipswich,Newcastle,Away,0,3,0,0.13,4.12,Kieran McKenna,first spell in data,0.5
2024/25,2025-05-03,Ipswich,Everton,Away,2,2,1,1.14,0.81,Kieran McKenna,first spell in data,0.5
2024/25,2025-05-10,Ipswich,Brentford,Home,0,1,0,0.72,1.32,Kieran McKenna,first spell in data,0.5
2024/25,2025-05-18,Ipswich,Leicester,Away,0,2,0,1.37,0.79,Kieran McKenna,first spell in data,0.5
2024/25,2025-05-25,Ipswich,West Ham,Home,1,3,0,0.89,0.97,Kieran McKenna,first spell in data,0.5
2020/21,2020-09-12,Leeds,Liverpool,Away,3,4,0,0.27,3.15,Marcelo Bielsa,first spell in data,
2020/21,2020-09-19,Leeds,Fulham,Home,4,3,3,1.45,1.56,Marcelo Bielsa,first spell in data,
2020/21,2020-09-27,Leeds,Sheffield United,Away,1,0,3,1.47,1.53,Marcelo Bielsa,first spell in data,
2020/21,2020-10-03,Leeds,Man City,Home,1,1,1,2.57,1.42,Marcelo Bielsa,first spell in data,
2020/21,2020-10-19,Leeds,Wolves,Home,0,1,0,1.08,0.62,Marcelo Bielsa,first spell in data,
2020/21,2020-10-23,Leeds,Aston Villa,Away,3,0,3,2.38,1.5,Marcelo Bielsa,first spell in data,
2020/21,2020-11-02,Leeds,Leicester,Home,1,4,0,1.75,3.08,Marcelo Bielsa,first spell in data,
2020/21,2020-11-07,Leeds,Crystal Palace,Away,1,4,0,0.85,1.3,Marcelo Bielsa,first spell in data,
2020/21,2020-11-22,Leeds,Arsenal,Home,0,0,1,1.96,0.71,Marcelo Bielsa,first spell in data,
2020/21,2020-11-28,Leeds,Everton,Away,1,0,3,3.11,1.29,Marcelo Bielsa,first spell in data,1.4
2020/21,2020-12-05,Leeds,Chelsea,Away,1,3,0,1.03,4.89,Marcelo Bielsa,first spell in data,1.4
2020/21,2020-12-11,Leeds,West Ham,Home,1,2,0,1.57,1.79,Marcelo Bielsa,first spell in data,1.1
2020/21,2020-12-16,Leeds,Newcastle,Home,5,2,3,2.95,1.44,Marcelo Bielsa,first spell in data,1.1
2020/21,2020-12-20,Leeds,Man United,Away,2,6,0,1.63,4.78,Marcelo Bielsa,first spell in data,1.0
2020/21,2020-12-27,Leeds,Burnley,Home,1,0,3,2.13,1.55,Marcelo Bielsa,first spell in data,1.3
2020/21,2020-12-29,Leeds,West Brom,Away,5,0,3,1.54,0.44,Marcelo Bielsa,first spell in data,1.3
2020/21,2021-01-02,Leeds,Tottenham,Away,0,3,0,1.16,2.53,Marcelo Bielsa,first spell in data,1.3
2020/21,2021-01-16,Leeds,Brighton,Home,0,1,0,0.25,1.14,Marcelo Bielsa,first spell in data,1.3
2020/21,2021-01-26,Leeds,Newcastle,Away,2,1,3,0.79,1.14,Marcelo Bielsa,first spell in data,1.5
2020/21,2021-01-31,Leeds,Leicester,Away,3,1,3,1.81,1.73,Marcelo Bielsa,first spell in data,1.5
2020/21,2021-02-03,Leeds,Everton,Home,1,2,0,1.14,1.92,Marcelo Bielsa,first spell in data,1.5
2020/21,2021-02-08,Leeds,Crystal Palace,Home,2,0,3,2.65,0.37,Marcelo Bielsa,first spell in data,1.8
2020/21,2021-02-14,Leeds,Arsenal,Away,2,4,0,0.77,2.51,Marcelo Bielsa,first spell in data,1.5
2020/21,2021-02-19,Leeds,Wolves,Away,0,1,0,2.48,0.59,Marcelo Bielsa,first spell in data,1.5
2020/21,2021-02-23,Leeds,Southampton,Home,3,0,3,1.85,1.48,Marcelo Bielsa,first spell in data,1.5
2020/21,2021-02-27,Leeds,Aston Villa,Home,0,1,0,1.0,0.88,Marcelo Bielsa,first spell in data,1.2
2020/21,2021-03-08,Leeds,West Ham,Away,0,2,0,1.35,2.38,Marcelo Bielsa,first spell in data,1.2
2020/21,2021-03-13,Leeds,Chelsea,Home,0,0,1,0.38,0.97,Marcelo Bielsa,first spell in data,1.3
2020/21,2021-03-19,Leeds,Fulham,Away,2,1,3,1.41,1.47,Marcelo Bielsa,first spell in data,1.3
2020/21,2021-04-03,Leeds,Sheffield United,Home,2,1,3,2.51,0.87,Marcelo Bielsa,first spell in data,1.3
2020/21,2021-04-10,Leeds,Man City,Away,2,1,3,0.18,1.99,Marcelo Bielsa,first spell in data,1.6
2020/21,2021-04-19,Leeds,Liverpool,Home,1,1,1,2.6,1.6,Marcelo Bielsa,first spell in data,1.4
2020/21,2021-04-25,Leeds,Man United,Home,0,0,1,0.22,1.12,Marcelo Bielsa,first spell in data,1.5
2020/21,2021-05-01,Leeds,Brighton,Away,0,2,0,0.51,2.53,Marcelo Bielsa,first spell in data,1.5
2020/21,2021-05-08,Leeds,Tottenham,Home,3,1,3,2.55,1.03,Marcelo Bielsa,first spell in data,1.5
2020/21,2021-05-15,Leeds,Burnley,Away,4,0,3,1.86,1.41,Marcelo Bielsa,first spell in data,1.8
2020/21,2021-05-18,Leeds,Southampton,Away,2,0,3,1.58,1.31,Marcelo Bielsa,first spell in data,2.1
2020/21,2021-05-23,Leeds,West Brom,Home,3,1,3,2.49,1.02,Marcelo Bielsa,first spell in data,2.3
2021/22,2021-08-14,Leeds,Man United,Away,1,5,0,0.57,1.64,Marcelo Bielsa,first spell in data,2.0
2021/22,2021-08-21,Leeds,Everton,Home,2,2,1,0.97,1.86,Marcelo Bielsa,first spell in data,1.8
2021/22,2021-08-29,Leeds,Burnley,Away,1,1,1,1.52,1.71,Marcelo Bielsa,first spell in data,1.6
2021/22,2021-09-12,Leeds,Liverpool,Home,0,3,0,0.65,4.4,Marcelo Bielsa,first spell in data,1.5
2021/22,2021-09-17,Leeds,Newcastle,Away,1,1,1,1.43,1.18,Marcelo Bielsa,first spell in data,1.5
2021/22,2021-09-25,Leeds,West Ham,Home,1,2,0,1.2,1.99,Marcelo Bielsa,first spell in data,1.5
2021/22,2021-10-02,Leeds,Watford,Home,1,0,3,1.57,0.19,Marcelo Bielsa,first spell in data,1.5
2021/22,2021-10-16,Leeds,Southampton,Away,0,1,0,0.45,1.83,Marcelo Bielsa,first spell in data,1.2
2021/22,2021-10-23,Leeds,Wolves,Home,1,1,1,1.71,0.86,Marcelo Bielsa,first spell in data,1.0
2021/22,2021-10-31,Leeds,Norwich,Away,2,1,3,1.17,0.66,Marcelo Bielsa,first spell in data,1.0
2021/22,2021-11-07,Leeds,Leicester,Home,1,1,1,1.97,0.8,Marcelo Bielsa,first spell in data,1.1
2021/22,2021-11-21,Leeds,Tottenham,Away,1,2,0,1.47,2.32,Marcelo Bielsa,first spell in data,1.0
2021/22,2021-11-27,Leeds,Brighton,Away,0,0,1,0.86,1.9,Marcelo Bielsa,first spell in data,1.0
2021/22,2021-11-30,Leeds,Crystal Palace,Home,1,0,3,1.98,0.71,Marcelo Bielsa,first spell in data,1.3
2021/22,2021-12-05,Leeds,Brentford,Home,2,2,1,1.42,1.2,Marcelo Bielsa,first spell in data,1.3
2021/22,2021-12-11,Leeds,Chelsea,Away,2,3,0,1.73,2.75,Marcelo Bielsa,first spell in data,1.3
2021/22,2021-12-14,Leeds,Man City,Away,0,7,0,0.23,3.31,Marcelo Bielsa,first spell in data,1.0
2021/22,2021-12-18,Leeds,Arsenal,Home,1,4,0,1.31,3.69,Marcelo Bielsa,first spell in data,1.0
2021/22,2022-01-02,Leeds,Burnley,Home,3,1,3,2.04,0.96,Marcelo Bielsa,first spell in data,1.2
2021/22,2022-01-16,Leeds,West Ham,Away,3,2,3,2.27,2.35,Marcelo Bielsa,first spell in data,1.2
2021/22,2022-01-22,Leeds,Newcastle,Home,0,1,0,1.13,1.16,Marcelo Bielsa,first spell in data,1.1
2021/22,2022-02-09,Leeds,Aston Villa,Away,3,3,1,2.53,1.5,Marcelo Bielsa,first spell in data,1.2
2021/22,2022-02-12,Leeds,Everton,Away,0,3,0,0.24,2.59,Marcelo Bielsa,first spell in data,1.1
2021/22,2022-02-20,Leeds,Man United,Home,2,4,0,1.74,2.61,Marcelo Bielsa,first spell in data,0.8
2021/22,2022-02-23,Leeds,Liverpool,Away,0,6,0,0.14,5.33,Marcelo Bielsa,first spell in data,0.7
2021/22,2022-02-26,Leeds,Tottenham,Home,0,4,0,1.9,2.47,Marcelo Bielsa,first spell in data,0.7
2021/22,2022-03-05,Leeds,Leicester,Away,0,1,0,2.14,0.36,Jesse Marsch,permanent,0.7
2021/22,2022-03-10,Leeds,Aston Villa,Home,0,3,0,0.19,1.27,Jesse Marsch,permanent,0.7
2021/22,2022-03-13,Leeds,Norwich,Home,2,1,3,3.12,1.4,Jesse Marsch,permanent,0.7
2021/22,2022-03-18,Leeds,Wolves,Away,3,2,3,2.82,1.24,Jesse Marsch,permanent,0.7
2021/22,2022-04-02,Leeds,Southampton,Home,1,1,1,1.51,2.06,Jesse Marsch,permanent,0.8
2021/22,2022-04-09,Leeds,Watford,Away,3,0,3,0.9,1.07,Jesse Marsch,permanent,1.0
2021/22,2022-04-25,Leeds,Crystal Palace,Away,0,0,1,0.37,1.62,Jesse Marsch,permanent,1.1
2021/22,2022-04-30,Leeds,Man City,Home,0,4,0,1.04,3.01,Jesse Marsch,permanent,1.1
2021/22,2022-05-08,Leeds,Arsenal,Away,1,2,0,0.7,2.72,Jesse Marsch,permanent,1.1
2021/22,2022-05-11,Leeds,Chelsea,Home,0,3,0,0.5,1.47,Jesse Marsch,permanent,1.1
2021/22,2022-05-15,Leeds,Brighton,Home,1,1,1,2.22,2.26,Jesse Marsch,permanent,1.2
2021/22,2022-05-22,Leeds,Brentford,Away,2,1,3,1.48,0.84,Jesse Marsch,permanent,1.5
2022/23,2022-08-06,Leeds,Wolves,Home,2,1,3,0.89,1.1,Jesse Marsch,permanent,1.5
2022/23,2022-08-13,Leeds,Southampton,Away,2,2,1,2.0,1.41,Jesse Marsch,permanent,1.3
2022/23,2022-08-21,Leeds,Chelsea,Home,3,0,3,2.21,0.69,Jesse Marsch,permanent,1.5
2022/23,2022-08-27,Leeds,Brighton,Away,0,1,0,1.15,1.61,Jesse Marsch,permanent,1.2
2022/23,2022-08-30,Leeds,Everton,Home,1,1,1,1.05,1.17,Jesse Marsch,permanent,1.2
2022/23,2022-09-03,Leeds,Brentford,Away,2,5,0,1.8,2.75,Jesse Marsch,permanent,1.2
2022/23,2022-10-02,Leeds,Aston Villa,Home,0,0,1,0.3,1.9,Jesse Marsch,permanent,1.3
2022/23,2022-10-09,Leeds,Crystal Palace,Away,1,2,0,1.07,1.65,Jesse Marsch,permanent,1.3
2022/23,2022-10-16,Leeds,Arsenal,Home,0,1,0,2.02,0.82,Jesse Marsch,permanent,1.2
2022/23,2022-10-20,Leeds,Leicester,Away,0,2,0,1.19,0.66,Jesse Marsch,permanent,0.9
2022/23,2022-10-23,Leeds,Fulham,Home,2,3,0,1.96,2.48,Jesse Marsch,permanent,0.6
2022/23,2022-10-29,Leeds,Liverpool,Away,2,1,3,1.61,1.91,Jesse Marsch,permanent,0.8
2022/23,2022-11-05,Leeds,Bournemouth,Home,4,3,3,2.23,1.56,Jesse Marsch,permanent,0.8
2022/23,2022-11-12,Leeds,Tottenham,Away,3,4,0,1.72,2.58,Jesse Marsch,permanent,0.8
2022/23,2022-12-28,Leeds,Man City,Home,1,3,0,0.6,4.16,Jesse Marsch,permanent,0.7
2022/23,2022-12-31,Leeds,Newcastle,Away,0,0,1,0.52,2.79,Jesse Marsch,permanent,0.8
2022/23,2023-01-04,Leeds,West Ham,Home,2,2,1,1.26,1.29,Jesse Marsch,permanent,0.8
2022/23,2023-01-13,Leeds,Aston Villa,Away,1,2,0,2.46,1.65,Jesse Marsch,permanent,0.8
2022/23,2023-01-22,Leeds,Brentford,Home,0,0,1,0.37,0.17,Jesse Marsch,permanent,0.9
2022/23,2023-02-05,Leeds,Nott'm Forest,Away,0,1,0,1.12,0.33,Jesse Marsch,permanent,0.9
2022/23,2023-02-08,Leeds,Man United,Away,2,2,1,0.55,2.0,Michael Skubala,caretaker,1.0
2022/23,2023-02-12,Leeds,Man United,Home,0,2,0,1.89,1.3,Michael Skubala,caretaker,0.7
2022/23,2023-02-18,Leeds,Everton,Away,0,1,0,0.6,1.54,Michael Skubala,caretaker,0.4
2022/23,2023-02-25,Leeds,Southampton,Home,1,0,3,0.72,0.39,Javi Gracia,permanent,0.7
2022/23,2023-03-04,Leeds,Chelsea,Away,0,1,0,0.63,1.87,Javi Gracia,permanent,0.7
2022/23,2023-03-11,Leeds,Brighton,Home,2,2,1,0.6,1.51,Javi Gracia,permanent,0.7
2022/23,2023-03-18,Leeds,Wolves,Away,4,2,3,1.65,2.76,Javi Gracia,permanent,0.9
2022/23,2023-04-01,Leeds,Arsenal,Away,1,4,0,0.5,3.3,Javi Gracia,permanent,0.9
2022/23,2023-04-04,Leeds,Nott'm Forest,Home,2,1,3,2.43,0.61,Javi Gracia,permanent,1.1
2022/23,2023-04-09,Leeds,Crystal Palace,Home,1,5,0,1.02,3.23,Javi Gracia,permanent,1.1
2022/23,2023-04-17,Leeds,Liverpool,Home,1,6,0,1.17,2.65,Javi Gracia,permanent,1.0
2022/23,2023-04-22,Leeds,Fulham,Away,1,2,0,1.07,1.44,Javi Gracia,permanent,1.0
2022/23,2023-04-25,Leeds,Leicester,Home,1,1,1,2.1,2.09,Javi Gracia,permanent,1.1
2022/23,2023-04-30,Leeds,Bournemouth,Away,1,4,0,1.34,2.52,Javi Gracia,permanent,0.8
2022/23,2023-05-06,Leeds,Man City,Away,1,2,0,0.14,2.83,Sam Allardyce,permanent,0.8
2022/23,2023-05-13,Leeds,Newcastle,Home,2,2,1,2.02,2.35,Sam Allardyce,permanent,0.8
2022/23,2023-05-21,Leeds,West Ham,Away,1,3,0,0.65,2.48,Sam Allardyce,permanent,0.5
2022/23,2023-05-28,Leeds,Tottenham,Home,1,4,0,1.19,2.03,Sam Allardyce,permanent,0.5
2025/26,2025-08-18,Leeds,Everton,Home,1,0,3,2.38,0.67,Daniel Farke,appointed_outside_pl,0.5
2025/26,2025-08-23,Leeds,Arsenal,Away,0,5,0,0.16,2.74,Daniel Farke,appointed_outside_pl,0.5
2025/26,2025-08-30,Leeds,Newcastle,Home,0,0,1,0.68,0.3,Daniel Farke,appointed_outside_pl,0.6
2025/26,2025-09-13,Leeds,Fulham,Away,0,1,0,0.83,1.14,Daniel Farke,appointed_outside_pl,0.6
2025/26,2025-09-20,Leeds,Wolves,Away,3,1,3,0.46,1.57,Daniel Farke,appointed_outside_pl,0.8
2025/26,2025-09-27,Leeds,Bournemouth,Home,2,2,1,2.05,1.06,Daniel Farke,appointed_outside_pl,0.9
2025/26,2025-10-04,Leeds,Tottenham,Home,1,2,0,1.48,0.69,Daniel Farke,appointed_outside_pl,0.9
2025/26,2025-10-18,Leeds,Burnley,Away,0,2,0,2.33,0.51,Daniel Farke,appointed_outside_pl,0.8
2025/26,2025-10-24,Leeds,West Ham,Home,2,1,3,2.22,0.5,Daniel Farke,appointed_outside_pl,1.1
2025/26,2025-11-01,Leeds,Brighton,Away,0,3,0,0.36,2.64,Daniel Farke,appointed_outside_pl,1.1
2025/26,2025-11-09,Leeds,Nott'm Forest,Away,1,3,0,0.42,2.49,Daniel Farke,appointed_outside_pl,0.8
2025/26,2025-11-23,Leeds,Aston Villa,Home,1,2,0,1.85,1.36,Daniel Farke,appointed_outside_pl,0.8
2025/26,2025-11-29,Leeds,Man City,Away,2,3,0,1.75,2.85,Daniel Farke,appointed_outside_pl,0.7
2025/26,2025-12-03,Leeds,Chelsea,Home,3,1,3,2.2,0.96,Daniel Farke,appointed_outside_pl,1.0
2025/26,2025-12-06,Leeds,Liverpool,Home,3,3,1,1.79,2.05,Daniel Farke,appointed_outside_pl,0.8
2025/26,2025-12-14,Leeds,Brentford,Away,1,1,1,1.63,0.7,Daniel Farke,appointed_outside_pl,0.8
2025/26,2025-12-20,Leeds,Crystal Palace,Home,4,1,3,2.91,1.53,Daniel Farke,appointed_outside_pl,1.1
2025/26,2025-12-28,Leeds,Sunderland,Away,1,1,1,2.61,0.81,Daniel Farke,appointed_outside_pl,1.2
2025/26,2026-01-01,Leeds,Liverpool,Away,0,0,1,0.16,1.68,Daniel Farke,appointed_outside_pl,1.0
2025/26,2026-01-04,Leeds,Man United,Home,1,1,1,0.97,1.95,Daniel Farke,appointed_outside_pl,1.1
2025/26,2026-01-07,Leeds,Newcastle,Away,3,4,0,2.35,2.43,Daniel Farke,appointed_outside_pl,1.1
2025/26,2026-01-17,Leeds,Fulham,Home,1,0,3,2.17,0.26,Daniel Farke,appointed_outside_pl,1.4
2025/26,2026-01-26,Leeds,Everton,Away,1,1,1,1.68,0.89,Daniel Farke,appointed_outside_pl,1.5
2025/26,2026-01-31,Leeds,Arsenal,Home,0,4,0,0.18,3.54,Daniel Farke,appointed_outside_pl,1.2
2025/26,2026-02-06,Leeds,Nott'm Forest,Home,3,1,3,3.38,1.66,Daniel Farke,appointed_outside_pl,1.4
2025/26,2026-02-10,Leeds,Chelsea,Away,2,2,1,1.29,3.21,Daniel Farke,appointed_outside_pl,1.4
2025/26,2026-02-21,Leeds,Aston Villa,Away,1,1,1,1.28,1.25,Daniel Farke,appointed_outside_pl,1.2
2025/26,2026-02-28,Leeds,Man City,Home,0,1,0,1.38,2.47,Daniel Farke,appointed_outside_pl,1.1
2025/26,2026-03-03,Leeds,Sunderland,Home,0,1,0,0.89,0.84,Daniel Farke,appointed_outside_pl,1.0
2025/26,2026-03-15,Leeds,Crystal Palace,Away,0,0,1,1.14,0.53,Daniel Farke,appointed_outside_pl,1.0
2025/26,2026-03-21,Leeds,Brentford,Home,0,0,1,0.42,0.3,Daniel Farke,appointed_outside_pl,1.1
2025/26,2026-04-13,Leeds,Man United,Away,2,1,3,2.95,1.37,Daniel Farke,appointed_outside_pl,1.1
2025/26,2026-04-18,Leeds,Wolves,Home,3,0,3,3.56,0.57,Daniel Farke,appointed_outside_pl,1.3
2025/26,2026-04-22,Leeds,Bournemouth,Away,2,2,1,1.22,1.91,Daniel Farke,appointed_outside_pl,1.4
2025/26,2026-05-01,Leeds,Burnley,Home,3,1,3,2.1,0.43,Daniel Farke,appointed_outside_pl,1.4
2025/26,2026-05-11,Leeds,Tottenham,Away,1,1,1,1.87,1.49,Daniel Farke,appointed_outside_pl,1.4
2025/26,2026-05-17,Leeds,Brighton,Home,1,0,3,0.75,2.23,Daniel Farke,appointed_outside_pl,1.6
2025/26,2026-05-24,Leeds,West Ham,Away,0,3,0,1.95,2.73,Daniel Farke,appointed_outside_pl,1.6
2014/15,2014-08-16,Leicester,Everton,Home,2,2,1,1.28,0.61,Nigel Pearson,first spell in data,
2014/15,2014-08-23,Leicester,Chelsea,Away,0,2,0,0.55,2.03,Nigel Pearson,first spell in data,
2014/15,2014-08-31,Leicester,Arsenal,Home,1,1,1,0.81,2.3,Nigel Pearson,first spell in data,
2014/15,2014-09-13,Leicester,Stoke,Away,1,0,3,0.6,1.65,Nigel Pearson,first spell in data,
2014/15,2014-09-21,Leicester,Man United,Home,5,3,3,2.54,1.71,Nigel Pearson,first spell in data,
2014/15,2014-09-27,Leicester,Crystal Palace,Away,0,2,0,0.45,2.11,Nigel Pearson,first spell in data,
2014/15,2014-10-04,Leicester,Burnley,Home,2,2,1,1.58,0.96,Nigel Pearson,first spell in data,
2014/15,2014-10-18,Leicester,Newcastle,Away,0,1,0,0.65,2.19,Nigel Pearson,first spell in data,
2014/15,2014-10-25,Leicester,Swansea,Away,0,2,0,0.77,1.06,Nigel Pearson,first spell in data,
2014/15,2014-11-01,Leicester,West Brom,Home,0,1,0,1.41,0.56,Nigel Pearson,first spell in data,0.9
2014/15,2014-11-08,Leicester,Southampton,Away,0,2,0,0.54,1.01,Nigel Pearson,first spell in data,0.8
2014/15,2014-11-22,Leicester,Sunderland,Home,0,0,1,0.69,0.89,Nigel Pearson,first spell in data,0.9
2014/15,2014-11-29,Leicester,QPR,Away,2,3,0,2.1,2.98,Nigel Pearson,first spell in data,0.8
2014/15,2014-12-02,Leicester,Liverpool,Home,1,3,0,1.24,1.3,Nigel Pearson,first spell in data,0.5
2014/15,2014-12-07,Leicester,Aston Villa,Away,1,2,0,1.01,1.98,Nigel Pearson,first spell in data,0.2
2014/15,2014-12-13,Leicester,Man City,Home,0,1,0,0.36,1.13,Nigel Pearson,first spell in data,0.2
2014/15,2014-12-20,Leicester,West Ham,Away,0,2,0,0.66,1.45,Nigel Pearson,first spell in data,0.1
2014/15,2014-12-26,Leicester,Tottenham,Home,1,2,0,1.47,1.36,Nigel Pearson,first spell in data,0.1
2014/15,2014-12-28,Leicester,Hull,Away,1,0,3,0.18,1.72,Nigel Pearson,first spell in data,0.4
2014/15,2015-01-01,Leicester,Liverpool,Away,2,2,1,1.09,2.39,Nigel Pearson,first spell in data,0.5
2014/15,2015-01-10,Leicester,Aston Villa,Home,1,0,3,2.37,0.61,Nigel Pearson,first spell in data,0.8
2014/15,2015-01-17,Leicester,Stoke,Home,0,1,0,0.38,0.72,Nigel Pearson,first spell in data,0.7
2014/15,2015-01-31,Leicester,Man United,Away,1,3,0,0.38,1.74,Nigel Pearson,first spell in data,0.7
2014/15,2015-02-07,Leicester,Crystal Palace,Home,0,1,0,0.78,1.01,Nigel Pearson,first spell in data,0.7
2014/15,2015-02-10,Leicester,Arsenal,Away,1,2,0,0.8,1.77,Nigel Pearson,first spell in data,0.7
2014/15,2015-02-22,Leicester,Everton,Away,2,2,1,2.0,2.05,Nigel Pearson,first spell in data,0.8
2014/15,2015-03-04,Leicester,Man City,Away,0,2,0,0.22,2.92,Nigel Pearson,first spell in data,0.8
2014/15,2015-03-14,Leicester,Hull,Home,0,0,1,0.54,1.05,Nigel Pearson,first spell in data,0.9
2014/15,2015-03-21,Leicester,Tottenham,Away,3,4,0,2.72,2.83,Nigel Pearson,first spell in data,0.6
2014/15,2015-04-04,Leicester,West Ham,Home,2,1,3,3.44,1.94,Nigel Pearson,first spell in data,0.8
2014/15,2015-04-11,Leicester,West Brom,Away,3,2,3,1.69,0.97,Nigel Pearson,first spell in data,0.8
2014/15,2015-04-18,Leicester,Swansea,Home,2,0,3,2.57,0.87,Nigel Pearson,first spell in data,1.1
2014/15,2015-04-25,Leicester,Burnley,Away,1,0,3,1.22,1.99,Nigel Pearson,first spell in data,1.4
2014/15,2015-04-29,Leicester,Chelsea,Home,1,3,0,0.6,1.52,Nigel Pearson,first spell in data,1.4
2014/15,2015-05-02,Leicester,Newcastle,Home,3,0,3,4.03,0.49,Nigel Pearson,first spell in data,1.7
2014/15,2015-05-09,Leicester,Southampton,Home,2,0,3,1.64,0.35,Nigel Pearson,first spell in data,1.9
2014/15,2015-05-16,Leicester,Sunderland,Away,0,0,1,0.68,0.94,Nigel Pearson,first spell in data,2.0
2014/15,2015-05-24,Leicester,QPR,Home,5,1,3,2.17,1.27,Nigel Pearson,first spell in data,2.2
2015/16,2015-08-08,Leicester,Sunderland,Home,4,2,3,2.57,1.46,Claudio Ranieri,permanent,2.5
2015/16,2015-08-15,Leicester,West Ham,Away,2,1,3,1.81,0.51,Claudio Ranieri,permanent,2.5
2015/16,2015-08-22,Leicester,Tottenham,Home,1,1,1,0.83,1.89,Claudio Ranieri,permanent,2.3
2015/16,2015-08-29,Leicester,Bournemouth,Away,1,1,1,0.92,0.32,Claudio Ranieri,permanent,2.1
2015/16,2015-09-13,Leicester,Aston Villa,Home,3,2,3,1.35,0.95,Claudio Ranieri,permanent,2.1
2015/16,2015-09-19,Leicester,Stoke,Away,2,2,1,1.23,1.15,Claudio Ranieri,permanent,2.2
2015/16,2015-09-26,Leicester,Arsenal,Home,2,5,0,1.39,3.9,Claudio Ranieri,permanent,1.9
2015/16,2015-10-03,Leicester,Norwich,Away,2,1,3,3.0,1.18,Claudio Ranieri,permanent,1.9
2015/16,2015-10-17,Leicester,Southampton,Away,2,2,1,2.79,1.47,Claudio Ranieri,permanent,1.9
2015/16,2015-10-24,Leicester,Crystal Palace,Home,1,0,3,1.34,0.24,Claudio Ranieri,permanent,1.9
2015/16,2015-10-31,Leicester,West Brom,Away,3,2,3,2.23,1.5,Claudio Ranieri,permanent,1.9
2015/16,2015-11-07,Leicester,Watford,Home,2,1,3,1.56,1.01,Claudio Ranieri,permanent,1.9
2015/16,2015-11-21,Leicester,Newcastle,Away,3,0,3,3.27,0.37,Claudio Ranieri,permanent,2.1
2015/16,2015-11-28,Leicester,Man United,Home,1,1,1,0.88,1.06,Claudio Ranieri,permanent,2.1
2015/16,2015-12-05,Leicester,Swansea,Away,3,0,3,2.21,0.78,Claudio Ranieri,permanent,2.1
2015/16,2015-12-14,Leicester,Chelsea,Home,2,1,3,0.71,2.27,Claudio Ranieri,permanent,2.3
2015/16,2015-12-19,Leicester,Everton,Away,3,2,3,2.03,1.49,Claudio Ranieri,permanent,2.6
2015/16,2015-12-26,Leicester,Liverpool,Away,0,1,0,0.51,1.38,Claudio Ranieri,permanent,2.3
2015/16,2015-12-29,Leicester,Man City,Home,0,0,1,0.81,1.67,Claudio Ranieri,permanent,2.3
2015/16,2016-01-02,Leicester,Bournemouth,Home,0,0,1,2.29,1.26,Claudio Ranieri,permanent,2.1
2015/16,2016-01-13,Leicester,Tottenham,Away,1,0,3,0.59,1.23,Claudio Ranieri,permanent,2.1
2015/16,2016-01-16,Leicester,Aston Villa,Away,1,1,1,2.22,0.67,Claudio Ranieri,permanent,1.9
2015/16,2016-01-23,Leicester,Stoke,Home,3,0,3,2.26,0.34,Claudio Ranieri,permanent,1.9
2015/16,2016-02-02,Leicester,Liverpool,Home,2,0,3,1.35,0.58,Claudio Ranieri,permanent,2.1
2015/16,2016-02-06,Leicester,Man City,Away,3,1,3,2.5,1.71,Claudio Ranieri,permanent,2.1
2015/16,2016-02-14,Leicester,Arsenal,Away,1,2,0,1.31,2.36,Claudio Ranieri,permanent,1.8
2015/16,2016-02-27,Leicester,Norwich,Home,1,0,3,1.76,0.81,Claudio Ranieri,permanent,1.8
2015/16,2016-03-01,Leicester,West Brom,Home,2,2,1,3.05,1.29,Claudio Ranieri,permanent,1.9
2015/16,2016-03-05,Leicester,Watford,Away,1,0,3,1.47,0.83,Claudio Ranieri,permanent,2.1
2015/16,2016-03-14,Leicester,Newcastle,Home,1,0,3,0.85,0.52,Claudio Ranieri,permanent,2.3
2015/16,2016-03-19,Leicester,Crystal Palace,Away,1,0,3,1.2,0.78,Claudio Ranieri,permanent,2.3
2015/16,2016-04-03,Leicester,Southampton,Home,1,0,3,1.39,0.67,Claudio Ranieri,permanent,2.5
2015/16,2016-04-10,Leicester,Sunderland,Away,2,0,3,2.6,0.87,Claudio Ranieri,permanent,2.5
2015/16,2016-04-17,Leicester,West Ham,Home,2,2,1,1.95,1.57,Claudio Ranieri,permanent,2.3
2015/16,2016-04-24,Leicester,Swansea,Home,4,0,3,3.32,0.58,Claudio Ranieri,permanent,2.3
2015/16,2016-05-01,Leicester,Man United,Away,1,1,1,1.17,1.18,Claudio Ranieri,permanent,2.4
2015/16,2016-05-07,Leicester,Everton,Home,3,1,3,4.51,1.3,Claudio Ranieri,permanent,2.4
2015/16,2016-05-15,Leicester,Chelsea,Away,1,1,1,1.23,1.86,Claudio Ranieri,permanent,2.4
2016/17,2016-08-13,Leicester,Hull,Away,1,2,0,2.46,0.74,Claudio Ranieri,permanent,2.1
2016/17,2016-08-20,Leicester,Arsenal,Home,0,0,1,0.55,0.52,Claudio Ranieri,permanent,1.9
2016/17,2016-08-27,Leicester,Swansea,Home,2,1,3,2.48,0.33,Claudio Ranieri,permanent,1.9
2016/17,2016-09-10,Leicester,Liverpool,Away,1,4,0,1.23,2.77,Claudio Ranieri,permanent,1.6
2016/17,2016-09-17,Leicester,Burnley,Home,3,0,3,1.99,0.46,Claudio Ranieri,permanent,1.6
2016/17,2016-09-24,Leicester,Man United,Away,1,4,0,0.29,2.46,Claudio Ranieri,permanent,1.5
2016/17,2016-10-02,Leicester,Southampton,Home,0,0,1,0.45,0.92,Claudio Ranieri,permanent,1.3
2016/17,2016-10-15,Leicester,Chelsea,Away,0,3,0,0.18,3.12,Claudio Ranieri,permanent,1.2
2016/17,2016-10-22,Leicester,Crystal Palace,Home,3,1,3,1.7,1.66,Claudio Ranieri,permanent,1.2
2016/17,2016-10-29,Leicester,Tottenham,Away,1,1,1,0.74,1.7,Claudio Ranieri,permanent,1.2
2016/17,2016-11-06,Leicester,West Brom,Home,1,2,0,0.63,0.78,Claudio Ranieri,permanent,1.2
2016/17,2016-11-19,Leicester,Watford,Away,1,2,0,1.2,0.72,Claudio Ranieri,permanent,1.1
2016/17,2016-11-26,Leicester,Middlesbrough,Home,2,2,1,2.05,0.43,Claudio Ranieri,permanent,0.9
2016/17,2016-12-03,Leicester,Sunderland,Away,1,2,0,1.14,1.43,Claudio Ranieri,permanent,0.9
2016/17,2016-12-10,Leicester,Man City,Home,4,2,3,2.61,0.97,Claudio Ranieri,permanent,0.9
2016/17,2016-12-13,Leicester,Bournemouth,Away,0,1,0,1.68,0.64,Claudio Ranieri,permanent,0.9
2016/17,2016-12-17,Leicester,Stoke,Away,2,2,1,1.26,2.52,Claudio Ranieri,permanent,0.9
2016/17,2016-12-26,Leicester,Everton,Home,0,2,0,0.38,1.26,Claudio Ranieri,permanent,0.9
2016/17,2016-12-31,Leicester,West Ham,Home,1,0,3,1.11,1.58,Claudio Ranieri,permanent,0.9
2016/17,2017-01-02,Leicester,Middlesbrough,Away,0,0,1,0.48,0.7,Claudio Ranieri,permanent,0.9
2016/17,2017-01-14,Leicester,Chelsea,Home,0,3,0,0.18,0.74,Claudio Ranieri,permanent,0.9
2016/17,2017-01-22,Leicester,Southampton,Away,0,3,0,0.94,2.5,Claudio Ranieri,permanent,0.9
2016/17,2017-01-31,Leicester,Burnley,Away,0,1,0,0.78,1.83,Claudio Ranieri,permanent,0.8
2016/17,2017-02-05,Leicester,Man United,Home,0,3,0,0.49,1.99,Claudio Ranieri,permanent,0.8
2016/17,2017-02-12,Leicester,Swansea,Away,0,2,0,0.67,0.69,Claudio Ranieri,permanent,0.5
2016/17,2017-02-27,Leicester,Liverpool,Home,3,1,3,1.55,0.79,Craig Shakespeare,caretaker_made_permanent,0.8
2016/17,2017-03-04,Leicester,Hull,Home,3,1,3,1.81,1.12,Craig Shakespeare,caretaker_made_permanent,1.0
2016/17,2017-03-18,Leicester,West Ham,Away,3,2,3,2.17,2.32,Craig Shakespeare,caretaker_made_permanent,1.3
2016/17,2017-04-01,Leicester,Stoke,Home,2,0,3,1.97,1.37,Craig Shakespeare,caretaker_made_permanent,1.3
2016/17,2017-04-04,Leicester,Sunderland,Home,2,0,3,0.93,0.7,Craig Shakespeare,caretaker_made_permanent,1.5
2016/17,2017-04-09,Leicester,Everton,Away,2,4,0,0.84,2.65,Craig Shakespeare,caretaker_made_permanent,1.5
2016/17,2017-04-15,Leicester,Crystal Palace,Away,2,2,1,0.47,1.68,Craig Shakespeare,caretaker_made_permanent,1.6
2016/17,2017-04-26,Leicester,Arsenal,Away,0,1,0,0.6,0.41,Craig Shakespeare,caretaker_made_permanent,1.6
2016/17,2017-04-29,Leicester,West Brom,Away,1,0,3,0.57,0.81,Craig Shakespeare,caretaker_made_permanent,1.9
2016/17,2017-05-06,Leicester,Watford,Home,3,0,3,1.01,0.51,Craig Shakespeare,caretaker_made_permanent,2.2
2016/17,2017-05-13,Leicester,Man City,Away,1,2,0,1.63,1.99,Craig Shakespeare,caretaker_made_permanent,1.9
2016/17,2017-05-18,Leicester,Tottenham,Home,1,6,0,0.73,2.65,Craig Shakespeare,caretaker_made_permanent,1.6
2016/17,2017-05-21,Leicester,Bournemouth,Home,1,1,1,2.45,0.87,Craig Shakespeare,caretaker_made_permanent,1.4
2017/18,2017-08-11,Leicester,Arsenal,Away,3,4,0,1.46,2.54,Craig Shakespeare,caretaker_made_permanent,1.1
2017/18,2017-08-19,Leicester,Brighton,Home,2,0,3,1.88,0.12,Craig Shakespeare,caretaker_made_permanent,1.1
2017/18,2017-08-26,Leicester,Man United,Away,0,2,0,0.67,2.74,Craig Shakespeare,caretaker_made_permanent,1.1
2017/18,2017-09-09,Leicester,Chelsea,Home,1,2,0,1.35,1.04,Craig Shakespeare,caretaker_made_permanent,1.0
2017/18,2017-09-16,Leicester,Huddersfield,Away,1,1,1,1.24,0.7,Craig Shakespeare,caretaker_made_permanent,1.1
2017/18,2017-09-23,Leicester,Liverpool,Home,2,3,0,2.89,1.93,Craig Shakespeare,caretaker_made_permanent,0.8
2017/18,2017-09-30,Leicester,Bournemouth,Away,0,0,1,0.59,1.4,Craig Shakespeare,caretaker_made_permanent,0.6
2017/18,2017-10-16,Leicester,West Brom,Home,1,1,1,0.96,0.16,Craig Shakespeare,caretaker_made_permanent,0.7
2017/18,2017-10-21,Leicester,Swansea,Away,2,1,3,1.81,0.56,Michael Appleton,caretaker,1.0
2017/18,2017-10-29,Leicester,Everton,Home,2,0,3,1.37,0.58,Claude Puel,permanent,1.2
2017/18,2017-11-04,Leicester,Stoke,Away,2,2,1,1.4,1.23,Claude Puel,permanent,1.3
2017/18,2017-11-18,Leicester,Man City,Home,0,2,0,0.1,2.4,Claude Puel,permanent,1.0
2017/18,2017-11-24,Leicester,West Ham,Away,1,1,1,0.45,0.78,Claude Puel,permanent,1.1
2017/18,2017-11-28,Leicester,Tottenham,Home,2,1,3,0.92,2.51,Claude Puel,permanent,1.4
2017/18,2017-12-02,Leicester,Burnley,Home,1,0,3,1.61,0.79,Claude Puel,permanent,1.6
2017/18,2017-12-09,Leicester,Newcastle,Away,3,2,3,0.44,0.96,Claude Puel,permanent,1.9
2017/18,2017-12-13,Leicester,Southampton,Away,4,1,3,2.25,1.12,Claude Puel,permanent,2.1
2017/18,2017-12-16,Leicester,Crystal Palace,Home,0,3,0,0.76,2.26,Claude Puel,permanent,2.0
2017/18,2017-12-23,Leicester,Man United,Home,2,2,1,1.56,2.15,Claude Puel,permanent,1.8
2017/18,2017-12-26,Leicester,Watford,Away,1,2,0,1.55,1.43,Claude Puel,permanent,1.5
2017/18,2017-12-30,Leicester,Liverpool,Away,1,2,0,0.79,2.57,Claude Puel,permanent,1.4
2017/18,2018-01-01,Leicester,Huddersfield,Home,3,0,3,1.45,0.23,Claude Puel,permanent,1.7
2017/18,2018-01-13,Leicester,Chelsea,Away,0,0,1,1.36,0.62,Claude Puel,permanent,1.7
2017/18,2018-01-20,Leicester,Watford,Home,2,0,3,1.52,0.74,Claude Puel,permanent,1.7
2017/18,2018-01-31,Leicester,Everton,Away,1,2,0,2.65,1.53,Claude Puel,permanent,1.4
2017/18,2018-02-03,Leicester,Swansea,Home,1,1,1,1.48,0.57,Claude Puel,permanent,1.2
2017/18,2018-02-10,Leicester,Man City,Away,1,5,0,0.11,2.59,Claude Puel,permanent,0.9
2017/18,2018-02-24,Leicester,Stoke,Home,1,1,1,1.12,0.17,Claude Puel,permanent,1.0
2017/18,2018-03-03,Leicester,Bournemouth,Home,1,1,1,2.98,1.4,Claude Puel,permanent,1.0
2017/18,2018-03-10,Leicester,West Brom,Away,4,1,3,1.87,0.36,Claude Puel,permanent,1.3
2017/18,2018-03-31,Leicester,Brighton,Away,2,0,3,1.27,1.6,Claude Puel,permanent,1.6
2017/18,2018-04-07,Leicester,Newcastle,Home,1,2,0,1.09,0.29,Claude Puel,permanent,1.3
2017/18,2018-04-14,Leicester,Burnley,Away,1,2,0,2.0,1.06,Claude Puel,permanent,1.2
2017/18,2018-04-19,Leicester,Southampton,Home,0,0,1,0.52,0.65,Claude Puel,permanent,1.0
2017/18,2018-04-28,Leicester,Crystal Palace,Away,0,5,0,0.94,2.79,Claude Puel,permanent,1.0
2017/18,2018-05-05,Leicester,West Ham,Home,0,2,0,0.39,1.43,Claude Puel,permanent,0.9
2017/18,2018-05-09,Leicester,Arsenal,Home,3,1,3,2.2,1.54,Claude Puel,permanent,1.2
2017/18,2018-05-13,Leicester,Tottenham,Away,4,5,0,1.27,1.83,Claude Puel,permanent,1.1
2018/19,2018-08-10,Leicester,Man United,Away,1,2,0,1.74,1.51,Claude Puel,permanent,1.0
2018/19,2018-08-18,Leicester,Wolves,Home,2,0,3,0.22,1.09,Claude Puel,permanent,1.0
2018/19,2018-08-25,Leicester,Southampton,Away,2,1,3,0.52,0.54,Claude Puel,permanent,1.0
2018/19,2018-09-01,Leicester,Liverpool,Home,1,2,0,0.98,1.23,Claude Puel,permanent,1.0
2018/19,2018-09-15,Leicester,Bournemouth,Away,2,4,0,1.83,2.23,Claude Puel,permanent,1.0
2018/19,2018-09-22,Leicester,Huddersfield,Home,3,1,3,1.8,0.69,Claude Puel,permanent,1.2
2018/19,2018-09-29,Leicester,Newcastle,Away,2,0,3,1.34,0.4,Claude Puel,permanent,1.5
2018/19,2018-10-06,Leicester,Everton,Home,1,2,0,1.1,1.15,Claude Puel,permanent,1.5
2018/19,2018-10-22,Leicester,Arsenal,Away,1,3,0,0.93,2.92,Claude Puel,permanent,1.2
2018/19,2018-10-27,Leicester,West Ham,Home,1,1,1,1.95,1.56,Claude Puel,permanent,1.3
2018/19,2018-11-03,Leicester,Cardiff,Away,1,0,3,2.18,0.92,Claude Puel,permanent,1.6
2018/19,2018-11-10,Leicester,Burnley,Home,0,0,1,1.51,0.37,Claude Puel,permanent,1.4
2018/19,2018-11-24,Leicester,Brighton,Away,1,1,1,1.13,0.86,Claude Puel,permanent,1.2
2018/19,2018-12-01,Leicester,Watford,Home,2,0,3,1.42,1.2,Claude Puel,permanent,1.5
2018/19,2018-12-05,Leicester,Fulham,Away,1,1,1,1.22,1.48,Claude Puel,permanent,1.6
2018/19,2018-12-08,Leicester,Tottenham,Home,0,2,0,0.36,0.92,Claude Puel,permanent,1.3
2018/19,2018-12-15,Leicester,Crystal Palace,Away,0,1,0,0.9,0.4,Claude Puel,permanent,1.0
2018/19,2018-12-22,Leicester,Chelsea,Away,1,0,3,0.46,2.4,Claude Puel,permanent,1.3
2018/19,2018-12-26,Leicester,Man City,Home,2,1,3,1.56,1.35,Claude Puel,permanent,1.6
2018/19,2018-12-29,Leicester,Cardiff,Home,0,1,0,1.52,0.49,Claude Puel,permanent,1.5
2018/19,2019-01-01,Leicester,Everton,Away,1,0,3,0.64,0.87,Claude Puel,permanent,1.5
2018/19,2019-01-12,Leicester,Southampton,Home,1,2,0,1.76,1.42,Claude Puel,permanent,1.4
2018/19,2019-01-19,Leicester,Wolves,Away,3,4,0,1.34,2.22,Claude Puel,permanent,1.3
2018/19,2019-01-30,Leicester,Liverpool,Away,1,1,1,1.13,0.58,Claude Puel,permanent,1.1
2018/19,2019-02-03,Leicester,Man United,Home,0,1,0,1.4,1.5,Claude Puel,permanent,1.0
2018/19,2019-02-10,Leicester,Tottenham,Away,1,3,0,3.02,1.21,Claude Puel,permanent,1.0
2018/19,2019-02-23,Leicester,Crystal Palace,Home,1,4,0,0.95,1.58,Claude Puel,permanent,1.0
2018/19,2019-02-26,Leicester,Brighton,Home,2,1,3,1.92,1.21,Mike Stowell,caretaker,1.0
2018/19,2019-03-03,Leicester,Watford,Away,1,2,0,0.79,1.37,Brendan Rodgers,permanent,0.7
2018/19,2019-03-09,Leicester,Fulham,Home,3,1,3,2.13,0.15,Brendan Rodgers,permanent,1.0
2018/19,2019-03-16,Leicester,Burnley,Away,2,1,3,0.61,1.17,Brendan Rodgers,permanent,1.0
2018/19,2019-03-30,Leicester,Bournemouth,Home,2,0,3,1.89,0.79,Brendan Rodgers,permanent,1.3
2018/19,2019-04-06,Leicester,Huddersfield,Away,4,1,3,3.62,1.62,Brendan Rodgers,permanent,1.6
2018/19,2019-04-12,Leicester,Newcastle,Home,0,1,0,0.88,0.95,Brendan Rodgers,permanent,1.5
2018/19,2019-04-20,Leicester,West Ham,Away,2,2,1,0.81,1.37,Brendan Rodgers,permanent,1.6
2018/19,2019-04-28,Leicester,Arsenal,Home,3,0,3,3.68,0.6,Brendan Rodgers,permanent,1.9
2018/19,2019-05-06,Leicester,Man City,Away,0,1,0,0.54,1.09,Brendan Rodgers,permanent,1.9
2018/19,2019-05-12,Leicester,Chelsea,Home,0,0,1,0.35,1.27,Brendan Rodgers,permanent,1.7
2019/20,2019-08-11,Leicester,Wolves,Home,0,0,1,0.54,0.81,Brendan Rodgers,permanent,1.8
2019/20,2019-08-18,Leicester,Chelsea,Away,1,1,1,0.95,1.23,Brendan Rodgers,permanent,1.6
2019/20,2019-08-24,Leicester,Sheffield United,Away,2,1,3,0.7,0.65,Brendan Rodgers,permanent,1.6
2019/20,2019-08-31,Leicester,Bournemouth,Home,3,1,3,2.24,0.55,Brendan Rodgers,permanent,1.6
2019/20,2019-09-14,Leicester,Man United,Away,0,1,0,0.46,1.1,Brendan Rodgers,permanent,1.3
2019/20,2019-09-21,Leicester,Tottenham,Home,2,1,3,1.29,1.34,Brendan Rodgers,permanent,1.6
2019/20,2019-09-29,Leicester,Newcastle,Home,5,0,3,1.82,0.05,Brendan Rodgers,permanent,1.8
2019/20,2019-10-05,Leicester,Liverpool,Away,1,2,0,0.1,3.75,Brendan Rodgers,permanent,1.5
2019/20,2019-10-19,Leicester,Burnley,Home,2,1,3,0.83,1.8,Brendan Rodgers,permanent,1.8
2019/20,2019-10-25,Leicester,Southampton,Away,9,0,3,4.38,0.46,Brendan Rodgers,permanent,2.0
2019/20,2019-11-03,Leicester,Crystal Palace,Away,2,0,3,0.98,0.44,Brendan Rodgers,permanent,2.2
2019/20,2019-11-09,Leicester,Arsenal,Home,2,0,3,1.37,0.96,Brendan Rodgers,permanent,2.4
2019/20,2019-11-23,Leicester,Brighton,Away,2,0,3,3.51,0.78,Brendan Rodgers,permanent,2.4
2019/20,2019-12-01,Leicester,Everton,Home,2,1,3,2.24,1.25,Brendan Rodgers,permanent,2.4
2019/20,2019-12-04,Leicester,Watford,Home,2,0,3,2.29,0.2,Brendan Rodgers,permanent,2.7
2019/20,2019-12-08,Leicester,Aston Villa,Away,4,1,3,4.03,1.24,Brendan Rodgers,permanent,2.7
2019/20,2019-12-14,Leicester,Norwich,Home,1,1,1,1.06,1.16,Brendan Rodgers,permanent,2.5
2019/20,2019-12-21,Leicester,Man City,Away,1,3,0,1.01,3.59,Brendan Rodgers,permanent,2.5
2019/20,2019-12-26,Leicester,Liverpool,Home,0,4,0,0.12,3.77,Brendan Rodgers,permanent,2.2
2019/20,2019-12-28,Leicester,West Ham,Away,2,1,3,2.62,0.78,Brendan Rodgers,permanent,2.2
2019/20,2020-01-01,Leicester,Newcastle,Away,3,0,3,2.44,0.78,Brendan Rodgers,permanent,2.2
2019/20,2020-01-11,Leicester,Southampton,Home,1,2,0,0.78,2.41,Brendan Rodgers,permanent,1.9
2019/20,2020-01-19,Leicester,Burnley,Away,1,2,0,2.33,1.51,Brendan Rodgers,permanent,1.6
2019/20,2020-01-22,Leicester,West Ham,Home,4,1,3,2.91,1.16,Brendan Rodgers,permanent,1.6
2019/20,2020-02-01,Leicester,Chelsea,Home,2,2,1,1.66,0.81,Brendan Rodgers,permanent,1.4
2019/20,2020-02-14,Leicester,Wolves,Away,0,0,1,0.53,1.14,Brendan Rodgers,permanent,1.2
2019/20,2020-02-22,Leicester,Man City,Home,0,1,0,0.72,2.43,Brendan Rodgers,permanent,1.1
2019/20,2020-02-28,Leicester,Norwich,Away,0,1,0,1.43,0.59,Brendan Rodgers,permanent,1.1
2019/20,2020-03-09,Leicester,Aston Villa,Home,4,0,3,2.41,0.67,Brendan Rodgers,permanent,1.4
2019/20,2020-06-20,Leicester,Watford,Away,1,1,1,1.05,1.01,Brendan Rodgers,permanent,1.2
2019/20,2020-06-23,Leicester,Brighton,Home,0,0,1,0.51,1.1,Brendan Rodgers,permanent,1.0
2019/20,2020-07-01,Leicester,Everton,Away,1,2,0,1.8,1.18,Brendan Rodgers,permanent,1.0
2019/20,2020-07-04,Leicester,Crystal Palace,Home,3,0,3,2.21,0.51,Brendan Rodgers,permanent,1.3
2019/20,2020-07-07,Leicester,Arsenal,Away,1,1,1,1.0,1.29,Brendan Rodgers,permanent,1.1
2019/20,2020-07-12,Leicester,Bournemouth,Away,1,4,0,1.66,2.54,Brendan Rodgers,permanent,1.0
2019/20,2020-07-16,Leicester,Sheffield United,Home,2,0,3,3.06,0.66,Brendan Rodgers,permanent,1.2
2019/20,2020-07-19,Leicester,Tottenham,Away,0,3,0,1.2,0.77,Brendan Rodgers,permanent,1.2
2019/20,2020-07-26,Leicester,Man United,Home,0,2,0,0.75,1.41,Brendan Rodgers,permanent,1.2
2020/21,2020-09-13,Leicester,West Brom,Away,3,0,3,2.96,0.35,Brendan Rodgers,permanent,1.2
2020/21,2020-09-20,Leicester,Burnley,Home,4,2,3,0.99,1.52,Brendan Rodgers,permanent,1.4
2020/21,2020-09-27,Leicester,Man City,Away,5,2,3,2.87,1.45,Brendan Rodgers,permanent,1.6
2020/21,2020-10-04,Leicester,West Ham,Home,0,3,0,0.46,2.03,Brendan Rodgers,permanent,1.6
2020/21,2020-10-18,Leicester,Aston Villa,Home,0,1,0,0.67,0.87,Brendan Rodgers,permanent,1.3
2020/21,2020-10-25,Leicester,Arsenal,Away,1,0,3,0.74,0.74,Brendan Rodgers,permanent,1.5
2020/21,2020-11-02,Leicester,Leeds,Away,4,1,3,3.08,1.75,Brendan Rodgers,permanent,1.8
2020/21,2020-11-08,Leicester,Wolves,Home,1,0,3,2.05,0.58,Brendan Rodgers,permanent,1.8
2020/21,2020-11-22,Leicester,Liverpool,Away,0,3,0,1.98,3.77,Brendan Rodgers,permanent,1.8
2020/21,2020-11-30,Leicester,Fulham,Home,1,2,0,1.28,2.04,Brendan Rodgers,permanent,1.8
2020/21,2020-12-06,Leicester,Sheffield United,Away,2,1,3,1.39,0.29,Brendan Rodgers,permanent,1.8
2020/21,2020-12-13,Leicester,Brighton,Home,3,0,3,1.64,0.79,Brendan Rodgers,permanent,1.8
2020/21,2020-12-16,Leicester,Everton,Home,0,2,0,0.84,1.51,Brendan Rodgers,permanent,1.5
2020/21,2020-12-20,Leicester,Tottenham,Away,2,0,3,1.75,0.95,Brendan Rodgers,permanent,1.8
2020/21,2020-12-26,Leicester,Man United,Home,2,2,1,1.04,2.08,Brendan Rodgers,permanent,1.9
2020/21,2020-12-28,Leicester,Crystal Palace,Away,1,1,1,1.72,0.32,Brendan Rodgers,permanent,1.7
2020/21,2021-01-03,Leicester,Newcastle,Away,2,1,3,0.7,0.26,Brendan Rodgers,permanent,1.7
2020/21,2021-01-16,Leicester,Southampton,Home,2,0,3,2.12,0.38,Brendan Rodgers,permanent,1.7
2020/21,2021-01-19,Leicester,Chelsea,Home,2,0,3,1.14,0.62,Brendan Rodgers,permanent,2.0
2020/21,2021-01-27,Leicester,Everton,Away,1,1,1,0.79,0.47,Brendan Rodgers,permanent,2.1
2020/21,2021-01-31,Leicester,Leeds,Home,1,3,0,1.73,1.81,Brendan Rodgers,permanent,1.8
2020/21,2021-02-03,Leicester,Fulham,Away,2,0,3,1.71,0.73,Brendan Rodgers,permanent,1.8
2020/21,2021-02-07,Leicester,Wolves,Away,0,0,1,0.63,1.36,Brendan Rodgers,permanent,1.9
2020/21,2021-02-13,Leicester,Liverpool,Home,3,1,3,2.07,1.68,Brendan Rodgers,permanent,1.9
2020/21,2021-02-21,Leicester,Aston Villa,Away,2,1,3,1.24,1.71,Brendan Rodgers,permanent,2.1
2020/21,2021-02-28,Leicester,Arsenal,Home,1,3,0,0.53,2.11,Brendan Rodgers,permanent,2.0
2020/21,2021-03-03,Leicester,Burnley,Away,1,1,1,1.24,1.27,Brendan Rodgers,permanent,1.8
2020/21,2021-03-06,Leicester,Brighton,Away,2,1,3,1.04,0.75,Brendan Rodgers,permanent,1.8
2020/21,2021-03-14,Leicester,Sheffield United,Home,5,0,3,4.55,0.09,Brendan Rodgers,permanent,1.8
2020/21,2021-04-03,Leicester,Man City,Home,0,2,0,0.28,1.98,Brendan Rodgers,permanent,1.7
2020/21,2021-04-11,Leicester,West Ham,Away,2,3,0,1.17,1.02,Brendan Rodgers,permanent,1.7
2020/21,2021-04-22,Leicester,West Brom,Home,3,0,3,2.67,0.28,Brendan Rodgers,permanent,1.7
2020/21,2021-04-26,Leicester,Crystal Palace,Home,2,1,3,1.23,0.72,Brendan Rodgers,permanent,1.9
2020/21,2021-04-30,Leicester,Southampton,Away,1,1,1,2.52,0.95,Brendan Rodgers,permanent,1.7
2020/21,2021-05-07,Leicester,Newcastle,Home,2,4,0,2.31,2.87,Brendan Rodgers,permanent,1.4
2020/21,2021-05-11,Leicester,Man United,Away,2,1,3,0.99,0.21,Brendan Rodgers,permanent,1.7
2020/21,2021-05-18,Leicester,Chelsea,Away,1,2,0,0.83,2.86,Brendan Rodgers,permanent,1.6
2020/21,2021-05-23,Leicester,Tottenham,Home,2,4,0,1.83,1.85,Brendan Rodgers,permanent,1.3
2021/22,2021-08-14,Leicester,Wolves,Home,1,0,3,0.67,1.33,Brendan Rodgers,permanent,1.3
2021/22,2021-08-23,Leicester,West Ham,Away,1,4,0,0.63,2.29,Brendan Rodgers,permanent,1.3
2021/22,2021-08-28,Leicester,Norwich,Away,2,1,3,1.27,1.44,Brendan Rodgers,permanent,1.6
2021/22,2021-09-11,Leicester,Man City,Home,0,1,0,0.8,2.75,Brendan Rodgers,permanent,1.3
2021/22,2021-09-19,Leicester,Brighton,Away,1,2,0,1.25,1.47,Brendan Rodgers,permanent,1.0
2021/22,2021-09-25,Leicester,Burnley,Home,2,2,1,2.16,0.43,Brendan Rodgers,permanent,1.0
2021/22,2021-10-03,Leicester,Crystal Palace,Away,2,2,1,1.04,1.17,Brendan Rodgers,permanent,1.1
2021/22,2021-10-16,Leicester,Man United,Home,4,2,3,2.97,1.02,Brendan Rodgers,permanent,1.1
2021/22,2021-10-24,Leicester,Brentford,Away,2,1,3,1.0,1.17,Brendan Rodgers,permanent,1.4
2021/22,2021-10-30,Leicester,Arsenal,Home,0,2,0,1.99,1.1,Brendan Rodgers,permanent,1.4
2021/22,2021-11-07,Leicester,Leeds,Away,1,1,1,0.8,1.97,Brendan Rodgers,permanent,1.2
2021/22,2021-11-20,Leicester,Chelsea,Home,0,3,0,0.5,2.57,Brendan Rodgers,permanent,1.2
2021/22,2021-11-28,Leicester,Watford,Home,4,2,3,2.16,2.38,Brendan Rodgers,permanent,1.2
2021/22,2021-12-01,Leicester,Southampton,Away,2,2,1,1.44,1.91,Brendan Rodgers,permanent,1.3
2021/22,2021-12-05,Leicester,Aston Villa,Away,1,2,0,0.98,1.85,Brendan Rodgers,permanent,1.3
2021/22,2021-12-12,Leicester,Newcastle,Home,4,0,3,2.06,0.51,Brendan Rodgers,permanent,1.5
2021/22,2021-12-26,Leicester,Man City,Away,3,6,0,2.43,3.83,Brendan Rodgers,permanent,1.4
2021/22,2021-12-28,Leicester,Liverpool,Home,1,0,3,0.62,2.73,Brendan Rodgers,permanent,1.4
2021/22,2022-01-19,Leicester,Tottenham,Home,2,3,0,1.95,4.25,Brendan Rodgers,permanent,1.1
2021/22,2022-01-23,Leicester,Brighton,Home,1,1,1,1.71,1.2,Brendan Rodgers,permanent,1.2
2021/22,2022-02-10,Leicester,Liverpool,Away,0,2,0,0.54,2.73,Brendan Rodgers,permanent,1.1
2021/22,2022-02-13,Leicester,West Ham,Home,2,2,1,1.41,0.75,Brendan Rodgers,permanent,1.2
2021/22,2022-02-20,Leicester,Wolves,Away,1,2,0,1.55,0.47,Brendan Rodgers,permanent,0.9
2021/22,2022-03-01,Leicester,Burnley,Away,2,0,3,1.8,1.04,Brendan Rodgers,permanent,1.1
2021/22,2022-03-05,Leicester,Leeds,Home,1,0,3,0.36,2.14,Brendan Rodgers,permanent,1.4
2021/22,2022-03-13,Leicester,Arsenal,Away,0,2,0,0.55,2.94,Brendan Rodgers,permanent,1.1
2021/22,2022-03-20,Leicester,Brentford,Home,2,1,3,1.28,1.72,Brendan Rodgers,permanent,1.4
2021/22,2022-04-02,Leicester,Man United,Away,1,1,1,1.08,0.9,Brendan Rodgers,permanent,1.2
2021/22,2022-04-10,Leicester,Crystal Palace,Home,2,1,3,0.88,1.53,Brendan Rodgers,permanent,1.5
2021/22,2022-04-17,Leicester,Newcastle,Away,1,2,0,0.54,2.54,Brendan Rodgers,permanent,1.4
2021/22,2022-04-20,Leicester,Everton,Away,1,1,1,0.79,1.69,Brendan Rodgers,permanent,1.5
2021/22,2022-04-23,Leicester,Aston Villa,Home,0,0,1,0.24,0.59,Brendan Rodgers,permanent,1.5
2021/22,2022-05-01,Leicester,Tottenham,Away,1,3,0,0.27,1.65,Brendan Rodgers,permanent,1.5
2021/22,2022-05-08,Leicester,Everton,Home,1,2,0,1.47,1.56,Brendan Rodgers,permanent,1.2
2021/22,2022-05-11,Leicester,Norwich,Home,3,0,3,2.57,1.22,Brendan Rodgers,permanent,1.2
2021/22,2022-05-15,Leicester,Watford,Away,5,1,3,2.27,2.59,Brendan Rodgers,permanent,1.5
2021/22,2022-05-19,Leicester,Chelsea,Away,1,1,1,0.04,1.62,Brendan Rodgers,permanent,1.3
2021/22,2022-05-22,Leicester,Southampton,Home,4,1,3,3.42,1.05,Brendan Rodgers,permanent,1.5
2022/23,2022-08-07,Leicester,Brentford,Home,2,2,1,0.46,0.93,Brendan Rodgers,permanent,1.3
2022/23,2022-08-13,Leicester,Arsenal,Away,2,4,0,0.69,3.01,Brendan Rodgers,permanent,1.3
2022/23,2022-08-20,Leicester,Southampton,Home,1,2,0,0.24,1.24,Brendan Rodgers,permanent,1.2
2022/23,2022-08-27,Leicester,Chelsea,Away,1,2,0,1.96,1.75,Brendan Rodgers,permanent,1.1
2022/23,2022-09-01,Leicester,Man United,Home,0,1,0,0.62,1.1,Brendan Rodgers,permanent,1.1
2022/23,2022-09-04,Leicester,Brighton,Away,2,5,0,1.07,2.73,Brendan Rodgers,permanent,1.1
2022/23,2022-09-17,Leicester,Tottenham,Away,2,6,0,1.59,1.99,Brendan Rodgers,permanent,0.8
2022/23,2022-10-03,Leicester,Nott'm Forest,Home,4,0,3,1.25,1.22,Brendan Rodgers,permanent,0.8
2022/23,2022-10-08,Leicester,Bournemouth,Away,1,2,0,1.18,1.15,Brendan Rodgers,permanent,0.7
2022/23,2022-10-15,Leicester,Crystal Palace,Home,0,0,1,0.97,0.35,Brendan Rodgers,permanent,0.5
2022/23,2022-10-20,Leicester,Leeds,Home,2,0,3,0.66,1.19,Brendan Rodgers,permanent,0.7
2022/23,2022-10-23,Leicester,Wolves,Away,4,0,3,0.99,1.62,Brendan Rodgers,permanent,1.0
2022/23,2022-10-29,Leicester,Man City,Home,0,1,0,0.69,0.7,Brendan Rodgers,permanent,1.0
2022/23,2022-11-05,Leicester,Everton,Away,2,0,3,2.27,1.37,Brendan Rodgers,permanent,1.3
2022/23,2022-11-12,Leicester,West Ham,Away,2,0,3,1.61,0.72,Brendan Rodgers,permanent,1.6
2022/23,2022-12-26,Leicester,Newcastle,Home,0,3,0,0.31,1.76,Brendan Rodgers,permanent,1.6
2022/23,2022-12-30,Leicester,Liverpool,Away,1,2,0,0.86,2.02,Brendan Rodgers,permanent,1.6
2022/23,2023-01-03,Leicester,Fulham,Home,0,1,0,1.45,1.33,Brendan Rodgers,permanent,1.3
2022/23,2023-01-14,Leicester,Nott'm Forest,Away,0,2,0,0.8,1.75,Brendan Rodgers,permanent,1.3
2022/23,2023-01-21,Leicester,Brighton,Home,2,2,1,1.36,1.94,Brendan Rodgers,permanent,1.3
2022/23,2023-02-04,Leicester,Aston Villa,Away,4,2,3,2.5,1.5,Brendan Rodgers,permanent,1.3
2022/23,2023-02-11,Leicester,Tottenham,Home,4,1,3,1.41,1.12,Brendan Rodgers,permanent,1.3
2022/23,2023-02-19,Leicester,Man United,Away,0,3,0,1.4,4.25,Brendan Rodgers,permanent,1.3
2022/23,2023-02-25,Leicester,Arsenal,Home,0,1,0,0.02,0.72,Brendan Rodgers,permanent,1.0
2022/23,2023-03-04,Leicester,Southampton,Away,0,1,0,1.67,1.34,Brendan Rodgers,permanent,0.7
2022/23,2023-03-11,Leicester,Chelsea,Home,1,3,0,2.36,1.49,Brendan Rodgers,permanent,0.7
2022/23,2023-03-18,Leicester,Brentford,Away,1,1,1,1.42,0.48,Brendan Rodgers,permanent,0.8
2022/23,2023-04-01,Leicester,Crystal Palace,Away,1,2,0,0.2,1.93,Brendan Rodgers,permanent,0.8
2022/23,2023-04-04,Leicester,Aston Villa,Home,1,2,0,0.67,1.0,Adam Sadler,caretaker,0.8
2022/23,2023-04-08,Leicester,Bournemouth,Home,0,1,0,0.73,1.92,Adam Sadler,caretaker,0.7
2022/23,2023-04-15,Leicester,Man City,Away,1,3,0,1.93,1.61,Dean Smith,permanent,0.4
2022/23,2023-04-22,Leicester,Wolves,Home,2,1,3,2.67,0.6,Dean Smith,permanent,0.4
2022/23,2023-04-25,Leicester,Leeds,Away,1,1,1,2.09,2.1,Dean Smith,permanent,0.5
2022/23,2023-05-01,Leicester,Everton,Home,2,2,1,3.32,3.29,Dean Smith,permanent,0.6
2022/23,2023-05-08,Leicester,Fulham,Away,3,5,0,2.93,1.75,Dean Smith,permanent,0.6
2022/23,2023-05-15,Leicester,Liverpool,Home,0,3,0,0.53,1.77,Dean Smith,permanent,0.6
2022/23,2023-05-22,Leicester,Newcastle,Away,0,0,1,0.08,2.05,Dean Smith,permanent,0.6
2022/23,2023-05-28,Leicester,West Ham,Home,2,1,3,2.03,0.97,Dean Smith,permanent,0.9
2024/25,2024-08-19,Leicester,Tottenham,Home,1,1,1,1.03,1.41,Steve Cooper,permanent,1.0
2024/25,2024-08-24,Leicester,Fulham,Away,1,2,0,0.86,1.96,Steve Cooper,permanent,1.0
2024/25,2024-08-31,Leicester,Aston Villa,Home,1,2,0,0.77,2.16,Steve Cooper,permanent,1.0
2024/25,2024-09-14,Leicester,Crystal Palace,Away,2,2,1,1.65,2.89,Steve Cooper,permanent,0.8
2024/25,2024-09-21,Leicester,Everton,Home,1,1,1,1.34,1.82,Steve Cooper,permanent,0.8
2024/25,2024-09-28,Leicester,Arsenal,Away,2,4,0,0.34,6.05,Steve Cooper,permanent,0.7
2024/25,2024-10-05,Leicester,Bournemouth,Home,1,0,3,0.91,1.95,Steve Cooper,permanent,1.0
2024/25,2024-10-19,Leicester,Southampton,Away,3,2,3,2.84,2.43,Steve Cooper,permanent,1.3
2024/25,2024-10-25,Leicester,Nott'm Forest,Home,1,3,0,0.83,2.54,Steve Cooper,permanent,1.2
2024/25,2024-11-02,Leicester,Ipswich,Away,1,1,1,2.34,1.34,Steve Cooper,permanent,1.0
2024/25,2024-11-10,Leicester,Man United,Away,0,3,0,0.42,1.24,Steve Cooper,permanent,0.9
2024/25,2024-11-23,Leicester,Chelsea,Home,1,2,0,0.97,2.82,Steve Cooper,permanent,0.9
2024/25,2024-11-30,Leicester,Brentford,Away,1,4,0,0.91,2.22,Ben Dawson,caretaker,0.9
2024/25,2024-12-03,Leicester,West Ham,Home,3,1,3,2.78,2.88,Ruud van Nistelrooy,permanent,1.1
2024/25,2024-12-08,Leicester,Brighton,Home,2,2,1,1.42,1.12,Ruud van Nistelrooy,permanent,1.1
2024/25,2024-12-14,Leicester,Newcastle,Away,0,4,0,0.19,3.95,Ruud van Nistelrooy,permanent,1.1
2024/25,2024-12-22,Leicester,Wolves,Home,0,3,0,0.79,1.14,Ruud van Nistelrooy,permanent,0.8
2024/25,2024-12-26,Leicester,Liverpool,Away,1,3,0,0.22,1.9,Ruud van Nistelrooy,permanent,0.5
2024/25,2024-12-29,Leicester,Man City,Home,0,2,0,1.84,1.58,Ruud van Nistelrooy,permanent,0.5
2024/25,2025-01-04,Leicester,Aston Villa,Away,1,2,0,0.82,2.35,Ruud van Nistelrooy,permanent,0.4
2024/25,2025-01-15,Leicester,Crystal Palace,Home,0,2,0,2.1,2.26,Ruud van Nistelrooy,permanent,0.4
2024/25,2025-01-18,Leicester,Fulham,Home,0,2,0,0.68,2.37,Ruud van Nistelrooy,permanent,0.4
2024/25,2025-01-26,Leicester,Tottenham,Away,2,1,3,1.4,1.27,Ruud van Nistelrooy,permanent,0.7
2024/25,2025-02-01,Leicester,Everton,Away,0,4,0,0.45,3.11,Ruud van Nistelrooy,permanent,0.4
2024/25,2025-02-15,Leicester,Arsenal,Home,0,2,0,0.23,1.75,Ruud van Nistelrooy,permanent,0.3
2024/25,2025-02-21,Leicester,Brentford,Home,0,4,0,0.73,2.03,Ruud van Nistelrooy,permanent,0.3
2024/25,2025-02-27,Leicester,West Ham,Away,0,2,0,0.29,1.7,Ruud van Nistelrooy,permanent,0.3
2024/25,2025-03-09,Leicester,Chelsea,Away,0,1,0,0.11,1.77,Ruud van Nistelrooy,permanent,0.3
2024/25,2025-03-16,Leicester,Man United,Home,0,3,0,1.3,1.14,Ruud van Nistelrooy,permanent,0.3
2024/25,2025-04-02,Leicester,Man City,Away,0,2,0,0.1,2.07,Ruud van Nistelrooy,permanent,0.3
2024/25,2025-04-07,Leicester,Newcastle,Home,0,3,0,0.35,3.44,Ruud van Nistelrooy,permanent,0.3
2024/25,2025-04-12,Leicester,Brighton,Away,2,2,1,1.98,3.7,Ruud van Nistelrooy,permanent,0.4
2024/25,2025-04-20,Leicester,Liverpool,Home,0,1,0,0.23,4.53,Ruud van Nistelrooy,permanent,0.1
2024/25,2025-04-26,Leicester,Wolves,Away,0,3,0,1.05,2.58,Ruud van Nistelrooy,permanent,0.1
2024/25,2025-05-03,Leicester,Southampton,Home,2,0,3,1.61,0.55,Ruud van Nistelrooy,permanent,0.4
2024/25,2025-05-11,Leicester,Nott'm Forest,Away,2,2,1,1.23,1.77,Ruud van Nistelrooy,permanent,0.5
2024/25,2025-05-18,Leicester,Ipswich,Home,2,0,3,0.79,1.37,Ruud van Nistelrooy,permanent,0.8
2024/25,2025-05-25,Leicester,Bournemouth,Away,0,2,0,0.16,2.72,Ruud van Nistelrooy,permanent,0.8
2014/15,2014-08-17,Liverpool,Southampton,Home,2,1,3,1.33,1.55,Brendan Rodgers,first spell in data,
2014/15,2014-08-25,Liverpool,Man City,Away,1,3,0,0.9,1.31,Brendan Rodgers,first spell in data,
2014/15,2014-08-31,Liverpool,Tottenham,Away,3,0,3,2.74,0.49,Brendan Rodgers,first spell in data,
2014/15,2014-09-13,Liverpool,Aston Villa,Home,0,1,0,0.73,0.7,Brendan Rodgers,first spell in data,
2014/15,2014-09-20,Liverpool,West Ham,Away,1,3,0,0.38,1.26,Brendan Rodgers,first spell in data,
2014/15,2014-09-27,Liverpool,Everton,Home,1,1,1,1.53,0.48,Brendan Rodgers,first spell in data,
2014/15,2014-10-04,Liverpool,West Brom,Home,2,1,3,1.56,1.44,Brendan Rodgers,first spell in data,
2014/15,2014-10-19,Liverpool,QPR,Away,3,2,3,1.52,2.61,Brendan Rodgers,first spell in data,
2014/15,2014-10-25,Liverpool,Hull,Home,0,0,1,0.68,0.22,Brendan Rodgers,first spell in data,
2014/15,2014-11-01,Liverpool,Newcastle,Away,0,1,0,0.26,1.57,Brendan Rodgers,first spell in data,1.4
2014/15,2014-11-08,Liverpool,Chelsea,Home,1,2,0,0.53,1.97,Brendan Rodgers,first spell in data,1.1
2014/15,2014-11-23,Liverpool,Crystal Palace,Away,1,3,0,0.95,1.47,Brendan Rodgers,first spell in data,1.1
2014/15,2014-11-29,Liverpool,Stoke,Home,1,0,3,1.71,0.88,Brendan Rodgers,first spell in data,1.1
2014/15,2014-12-02,Liverpool,Leicester,Away,3,1,3,1.3,1.24,Brendan Rodgers,first spell in data,1.4
2014/15,2014-12-06,Liverpool,Sunderland,Home,0,0,1,0.66,0.27,Brendan Rodgers,first spell in data,1.5
2014/15,2014-12-14,Liverpool,Man United,Away,0,3,0,1.87,1.8,Brendan Rodgers,first spell in data,1.4
2014/15,2014-12-21,Liverpool,Arsenal,Home,2,2,1,1.32,0.75,Brendan Rodgers,first spell in data,1.2
2014/15,2014-12-26,Liverpool,Burnley,Away,1,0,3,1.07,0.61,Brendan Rodgers,first spell in data,1.2
2014/15,2014-12-29,Liverpool,Swansea,Home,4,1,3,3.28,1.0,Brendan Rodgers,first spell in data,1.4
2014/15,2015-01-01,Liverpool,Leicester,Home,2,2,1,2.39,1.09,Brendan Rodgers,first spell in data,1.5
2014/15,2015-01-10,Liverpool,Sunderland,Away,1,0,3,2.16,0.25,Brendan Rodgers,first spell in data,1.8
2014/15,2015-01-17,Liverpool,Aston Villa,Away,2,0,3,1.54,0.85,Brendan Rodgers,first spell in data,2.1
2014/15,2015-01-31,Liverpool,West Ham,Home,2,0,3,2.28,0.38,Brendan Rodgers,first spell in data,2.1
2014/15,2015-02-07,Liverpool,Everton,Away,0,0,1,1.04,0.23,Brendan Rodgers,first spell in data,1.9
2014/15,2015-02-10,Liverpool,Tottenham,Home,3,2,3,2.76,1.71,Brendan Rodgers,first spell in data,2.1
2014/15,2015-02-22,Liverpool,Southampton,Away,2,0,3,0.7,0.87,Brendan Rodgers,first spell in data,2.4
2014/15,2015-03-01,Liverpool,Man City,Home,2,1,3,0.77,1.13,Brendan Rodgers,first spell in data,2.6
2014/15,2015-03-04,Liverpool,Burnley,Home,2,0,3,1.3,0.32,Brendan Rodgers,first spell in data,2.6
2014/15,2015-03-16,Liverpool,Swansea,Away,1,0,3,1.7,0.44,Brendan Rodgers,first spell in data,2.6
2014/15,2015-03-22,Liverpool,Man United,Home,1,2,0,0.56,1.23,Brendan Rodgers,first spell in data,2.5
2014/15,2015-04-04,Liverpool,Arsenal,Away,1,4,0,1.21,1.46,Brendan Rodgers,first spell in data,2.2
2014/15,2015-04-13,Liverpool,Newcastle,Home,2,0,3,1.27,0.36,Brendan Rodgers,first spell in data,2.2
2014/15,2015-04-25,Liverpool,West Brom,Away,0,0,1,1.41,0.51,Brendan Rodgers,first spell in data,2.0
2014/15,2015-04-28,Liverpool,Hull,Away,0,1,0,0.52,0.73,Brendan Rodgers,first spell in data,1.9
2014/15,2015-05-02,Liverpool,QPR,Home,2,1,3,2.29,0.39,Brendan Rodgers,first spell in data,1.9
2014/15,2015-05-10,Liverpool,Chelsea,Away,1,1,1,1.33,0.54,Brendan Rodgers,first spell in data,1.7
2014/15,2015-05-16,Liverpool,Crystal Palace,Home,1,3,0,1.11,2.0,Brendan Rodgers,first spell in data,1.4
2014/15,2015-05-24,Liverpool,Stoke,Away,1,6,0,1.02,2.16,Brendan Rodgers,first spell in data,1.1
2015/16,2015-08-09,Liverpool,Stoke,Away,1,0,3,0.33,0.38,Brendan Rodgers,first spell in data,1.1
2015/16,2015-08-17,Liverpool,Bournemouth,Home,1,0,3,2.15,0.46,Brendan Rodgers,first spell in data,1.4
2015/16,2015-08-24,Liverpool,Arsenal,Away,0,0,1,1.29,1.84,Brendan Rodgers,first spell in data,1.5
2015/16,2015-08-29,Liverpool,West Ham,Home,0,3,0,0.56,0.97,Brendan Rodgers,first spell in data,1.2
2015/16,2015-09-12,Liverpool,Man United,Away,1,3,0,1.03,1.46,Brendan Rodgers,first spell in data,1.1
2015/16,2015-09-20,Liverpool,Norwich,Home,1,1,1,1.9,0.56,Brendan Rodgers,first spell in data,1.2
2015/16,2015-09-26,Liverpool,Aston Villa,Home,3,2,3,1.78,0.89,Brendan Rodgers,first spell in data,1.2
2015/16,2015-10-04,Liverpool,Everton,Away,1,1,1,1.31,1.2,Brendan Rodgers,first spell in data,1.2
2015/16,2015-10-17,Liverpool,Tottenham,Away,0,0,1,0.72,0.59,Jürgen Klopp,permanent,1.3
2015/16,2015-10-25,Liverpool,Southampton,Home,1,1,1,0.68,1.56,Jürgen Klopp,permanent,1.4
2015/16,2015-10-31,Liverpool,Chelsea,Away,3,1,3,0.84,0.74,Jürgen Klopp,permanent,1.4
2015/16,2015-11-08,Liverpool,Crystal Palace,Home,1,2,0,2.16,0.85,Jürgen Klopp,permanent,1.1
2015/16,2015-11-21,Liverpool,Man City,Away,4,1,3,2.62,1.09,Jürgen Klopp,permanent,1.3
2015/16,2015-11-29,Liverpool,Swansea,Home,1,0,3,1.19,0.37,Jürgen Klopp,permanent,1.6
2015/16,2015-12-06,Liverpool,Newcastle,Away,0,2,0,1.0,0.65,Jürgen Klopp,permanent,1.6
2015/16,2015-12-13,Liverpool,West Brom,Home,2,2,1,2.13,0.84,Jürgen Klopp,permanent,1.6
2015/16,2015-12-20,Liverpool,Watford,Away,0,3,0,0.38,1.99,Jürgen Klopp,permanent,1.3
2015/16,2015-12-26,Liverpool,Leicester,Home,1,0,3,1.38,0.51,Jürgen Klopp,permanent,1.5
2015/16,2015-12-30,Liverpool,Sunderland,Away,1,0,3,1.81,0.48,Jürgen Klopp,permanent,1.7
2015/16,2016-01-02,Liverpool,West Ham,Away,0,2,0,1.87,2.07,Jürgen Klopp,permanent,1.6
2015/16,2016-01-13,Liverpool,Arsenal,Home,3,3,1,1.16,2.23,Jürgen Klopp,permanent,1.4
2015/16,2016-01-17,Liverpool,Man United,Home,0,1,0,0.95,0.72,Jürgen Klopp,permanent,1.4
2015/16,2016-01-23,Liverpool,Norwich,Away,5,4,3,1.45,1.03,Jürgen Klopp,permanent,1.4
2015/16,2016-02-02,Liverpool,Leicester,Away,0,2,0,0.58,1.35,Jürgen Klopp,permanent,1.1
2015/16,2016-02-06,Liverpool,Sunderland,Home,2,2,1,1.58,0.49,Jürgen Klopp,permanent,1.2
2015/16,2016-02-14,Liverpool,Aston Villa,Away,6,0,3,2.01,0.17,Jürgen Klopp,permanent,1.4
2015/16,2016-03-02,Liverpool,Man City,Home,3,0,3,1.17,0.18,Jürgen Klopp,permanent,1.7
2015/16,2016-03-06,Liverpool,Crystal Palace,Away,2,1,3,2.27,1.44,Jürgen Klopp,permanent,1.7
2015/16,2016-03-20,Liverpool,Southampton,Away,2,3,0,1.29,1.57,Jürgen Klopp,permanent,1.4
2015/16,2016-04-02,Liverpool,Tottenham,Home,1,1,1,1.38,1.24,Jürgen Klopp,permanent,1.5
2015/16,2016-04-10,Liverpool,Stoke,Home,4,1,3,2.21,0.86,Jürgen Klopp,permanent,1.7
2015/16,2016-04-17,Liverpool,Bournemouth,Away,2,1,3,1.81,0.86,Jürgen Klopp,permanent,2.0
2015/16,2016-04-20,Liverpool,Everton,Home,4,0,3,3.24,0.09,Jürgen Klopp,permanent,2.0
2015/16,2016-04-23,Liverpool,Newcastle,Home,2,2,1,0.71,0.25,Jürgen Klopp,permanent,2.1
2015/16,2016-05-01,Liverpool,Swansea,Away,1,3,0,0.78,2.32,Jürgen Klopp,permanent,2.0
2015/16,2016-05-08,Liverpool,Watford,Home,2,0,3,2.39,0.93,Jürgen Klopp,permanent,2.0
2015/16,2016-05-11,Liverpool,Chelsea,Home,1,1,1,1.84,0.81,Jürgen Klopp,permanent,1.8
2015/16,2016-05-15,Liverpool,West Brom,Away,1,1,1,0.42,1.87,Jürgen Klopp,permanent,1.6
2016/17,2016-08-14,Liverpool,Arsenal,Away,4,3,3,1.66,1.18,Jürgen Klopp,permanent,1.9
2016/17,2016-08-20,Liverpool,Burnley,Away,0,2,0,0.94,0.2,Jürgen Klopp,permanent,1.8
2016/17,2016-08-27,Liverpool,Tottenham,Away,1,1,1,1.93,0.59,Jürgen Klopp,permanent,1.6
2016/17,2016-09-10,Liverpool,Leicester,Home,4,1,3,2.77,1.23,Jürgen Klopp,permanent,1.6
2016/17,2016-09-16,Liverpool,Chelsea,Away,2,1,3,1.42,1.16,Jürgen Klopp,permanent,1.6
2016/17,2016-09-24,Liverpool,Hull,Home,5,1,3,4.65,0.16,Jürgen Klopp,permanent,1.8
2016/17,2016-10-01,Liverpool,Swansea,Away,2,1,3,2.02,2.66,Jürgen Klopp,permanent,2.1
2016/17,2016-10-17,Liverpool,Man United,Home,0,0,1,0.27,0.54,Jürgen Klopp,permanent,1.9
2016/17,2016-10-22,Liverpool,West Brom,Home,2,1,3,2.3,0.69,Jürgen Klopp,permanent,2.1
2016/17,2016-10-29,Liverpool,Crystal Palace,Away,4,2,3,2.26,0.5,Jürgen Klopp,permanent,2.3
2016/17,2016-11-06,Liverpool,Watford,Home,6,1,3,4.18,0.77,Jürgen Klopp,permanent,2.3
2016/17,2016-11-19,Liverpool,Southampton,Away,0,0,1,1.69,0.09,Jürgen Klopp,permanent,2.4
2016/17,2016-11-26,Liverpool,Sunderland,Home,2,0,3,2.02,0.29,Jürgen Klopp,permanent,2.6
2016/17,2016-12-04,Liverpool,Bournemouth,Away,3,4,0,1.27,2.54,Jürgen Klopp,permanent,2.3
2016/17,2016-12-11,Liverpool,West Ham,Home,2,2,1,1.79,0.65,Jürgen Klopp,permanent,2.1
2016/17,2016-12-14,Liverpool,Middlesbrough,Away,3,0,3,2.14,0.16,Jürgen Klopp,permanent,2.1
2016/17,2016-12-19,Liverpool,Everton,Away,1,0,3,1.88,0.46,Jürgen Klopp,permanent,2.1
2016/17,2016-12-27,Liverpool,Stoke,Home,4,1,3,1.67,0.39,Jürgen Klopp,permanent,2.3
2016/17,2016-12-31,Liverpool,Man City,Home,1,0,3,0.26,0.35,Jürgen Klopp,permanent,2.3
2016/17,2017-01-02,Liverpool,Sunderland,Away,2,2,1,2.33,1.91,Jürgen Klopp,permanent,2.1
2016/17,2017-01-15,Liverpool,Man United,Away,1,1,1,1.46,1.03,Jürgen Klopp,permanent,1.9
2016/17,2017-01-21,Liverpool,Swansea,Home,2,3,0,1.24,1.6,Jürgen Klopp,permanent,1.8
2016/17,2017-01-31,Liverpool,Chelsea,Home,1,1,1,1.2,1.07,Jürgen Klopp,permanent,1.6
2016/17,2017-02-04,Liverpool,Hull,Away,0,2,0,1.13,1.89,Jürgen Klopp,permanent,1.6
2016/17,2017-02-11,Liverpool,Tottenham,Home,2,0,3,2.38,0.62,Jürgen Klopp,permanent,1.8
2016/17,2017-02-27,Liverpool,Leicester,Away,1,3,0,0.79,1.55,Jürgen Klopp,permanent,1.5
2016/17,2017-03-04,Liverpool,Arsenal,Home,3,1,3,2.7,0.73,Jürgen Klopp,permanent,1.5
2016/17,2017-03-12,Liverpool,Burnley,Home,2,1,3,0.97,0.83,Jürgen Klopp,permanent,1.5
2016/17,2017-03-19,Liverpool,Man City,Away,1,1,1,1.94,2.55,Jürgen Klopp,permanent,1.3
2016/17,2017-04-01,Liverpool,Everton,Home,3,1,3,0.63,1.44,Jürgen Klopp,permanent,1.5
2016/17,2017-04-05,Liverpool,Bournemouth,Home,2,2,1,2.17,1.31,Jürgen Klopp,permanent,1.5
2016/17,2017-04-08,Liverpool,Stoke,Away,2,1,3,1.02,2.14,Jürgen Klopp,permanent,1.8
2016/17,2017-04-16,Liverpool,West Brom,Away,1,0,3,1.3,0.59,Jürgen Klopp,permanent,2.0
2016/17,2017-04-23,Liverpool,Crystal Palace,Home,1,2,0,0.89,1.22,Jürgen Klopp,permanent,2.0
2016/17,2017-05-01,Liverpool,Watford,Away,1,0,3,0.56,0.44,Jürgen Klopp,permanent,2.0
2016/17,2017-05-07,Liverpool,Southampton,Home,0,0,1,1.36,0.18,Jürgen Klopp,permanent,2.1
2016/17,2017-05-14,Liverpool,West Ham,Away,4,0,3,3.29,1.04,Jürgen Klopp,permanent,2.1
2016/17,2017-05-21,Liverpool,Middlesbrough,Home,3,0,3,2.17,0.9,Jürgen Klopp,permanent,2.1
2017/18,2017-08-12,Liverpool,Watford,Away,3,3,1,2.62,2.18,Jürgen Klopp,permanent,2.1
2017/18,2017-08-19,Liverpool,Crystal Palace,Home,1,0,3,2.85,0.73,Jürgen Klopp,permanent,2.1
2017/18,2017-08-27,Liverpool,Arsenal,Home,4,0,3,3.46,0.48,Jürgen Klopp,permanent,2.3
2017/18,2017-09-09,Liverpool,Man City,Away,0,5,0,0.67,3.15,Jürgen Klopp,permanent,2.0
2017/18,2017-09-16,Liverpool,Burnley,Home,1,1,1,2.19,0.33,Jürgen Klopp,permanent,1.8
2017/18,2017-09-23,Liverpool,Leicester,Away,3,2,3,1.93,2.89,Jürgen Klopp,permanent,2.1
2017/18,2017-10-01,Liverpool,Newcastle,Away,1,1,1,1.64,0.28,Jürgen Klopp,permanent,1.9
2017/18,2017-10-14,Liverpool,Man United,Home,0,0,1,1.93,0.23,Jürgen Klopp,permanent,1.9
2017/18,2017-10-22,Liverpool,Tottenham,Away,1,4,0,0.67,2.62,Jürgen Klopp,permanent,1.6
2017/18,2017-10-28,Liverpool,Huddersfield,Home,3,0,3,2.14,0.06,Jürgen Klopp,permanent,1.6
2017/18,2017-11-04,Liverpool,West Ham,Away,4,1,3,2.88,1.13,Jürgen Klopp,permanent,1.8
2017/18,2017-11-18,Liverpool,Southampton,Home,3,0,3,2.06,0.56,Jürgen Klopp,permanent,1.8
2017/18,2017-11-25,Liverpool,Chelsea,Home,1,1,1,1.5,0.74,Jürgen Klopp,permanent,1.6
2017/18,2017-11-29,Liverpool,Stoke,Away,3,0,3,2.59,0.85,Jürgen Klopp,permanent,1.9
2017/18,2017-12-02,Liverpool,Brighton,Away,5,1,3,1.78,1.66,Jürgen Klopp,permanent,2.1
2017/18,2017-12-10,Liverpool,Everton,Home,1,1,1,1.9,0.82,Jürgen Klopp,permanent,1.9
2017/18,2017-12-13,Liverpool,West Brom,Home,0,0,1,2.14,0.52,Jürgen Klopp,permanent,1.9
2017/18,2017-12-17,Liverpool,Bournemouth,Away,4,0,3,3.25,0.54,Jürgen Klopp,permanent,2.1
2017/18,2017-12-22,Liverpool,Arsenal,Away,3,3,1,2.06,1.13,Jürgen Klopp,permanent,2.2
2017/18,2017-12-26,Liverpool,Swansea,Home,5,0,3,3.06,0.27,Jürgen Klopp,permanent,2.2
2017/18,2017-12-30,Liverpool,Leicester,Home,2,1,3,2.57,0.79,Jürgen Klopp,permanent,2.2
2017/18,2018-01-01,Liverpool,Burnley,Away,2,1,3,1.63,0.9,Jürgen Klopp,permanent,2.2
2017/18,2018-01-14,Liverpool,Man City,Home,4,3,3,1.02,0.72,Jürgen Klopp,permanent,2.4
2017/18,2018-01-22,Liverpool,Swansea,Away,0,1,0,2.2,0.5,Jürgen Klopp,permanent,2.1
2017/18,2018-01-30,Liverpool,Huddersfield,Away,3,0,3,2.05,0.29,Jürgen Klopp,permanent,2.1
2017/18,2018-02-04,Liverpool,Tottenham,Home,2,2,1,1.29,2.54,Jürgen Klopp,permanent,2.1
2017/18,2018-02-11,Liverpool,Southampton,Away,2,0,3,2.36,0.85,Jürgen Klopp,permanent,2.3
2017/18,2018-02-24,Liverpool,West Ham,Home,4,1,3,3.92,0.34,Jürgen Klopp,permanent,2.3
2017/18,2018-03-03,Liverpool,Newcastle,Home,2,0,3,1.57,0.26,Jürgen Klopp,permanent,2.5
2017/18,2018-03-10,Liverpool,Man United,Away,1,2,0,0.78,0.85,Jürgen Klopp,permanent,2.2
2017/18,2018-03-17,Liverpool,Watford,Home,5,0,3,1.81,0.35,Jürgen Klopp,permanent,2.2
2017/18,2018-03-31,Liverpool,Crystal Palace,Away,2,1,3,1.72,1.91,Jürgen Klopp,permanent,2.2
2017/18,2018-04-07,Liverpool,Everton,Away,0,0,1,0.95,0.72,Jürgen Klopp,permanent,2.0
2017/18,2018-04-14,Liverpool,Bournemouth,Home,3,0,3,2.64,0.54,Jürgen Klopp,permanent,2.3
2017/18,2018-04-21,Liverpool,West Brom,Away,2,2,1,1.64,1.4,Jürgen Klopp,permanent,2.1
2017/18,2018-04-28,Liverpool,Stoke,Home,0,0,1,2.12,0.78,Jürgen Klopp,permanent,2.1
2017/18,2018-05-06,Liverpool,Chelsea,Away,0,1,0,0.43,0.81,Jürgen Klopp,permanent,1.8
2017/18,2018-05-13,Liverpool,Brighton,Home,4,0,3,3.51,0.04,Jürgen Klopp,permanent,1.8
2018/19,2018-08-12,Liverpool,West Ham,Home,4,0,3,4.34,0.4,Jürgen Klopp,permanent,1.8
2018/19,2018-08-20,Liverpool,Crystal Palace,Away,2,0,3,2.82,0.37,Jürgen Klopp,permanent,2.1
2018/19,2018-08-25,Liverpool,Brighton,Home,1,0,3,1.81,0.54,Jürgen Klopp,permanent,2.1
2018/19,2018-09-01,Liverpool,Leicester,Away,2,1,3,1.23,0.98,Jürgen Klopp,permanent,2.1
2018/19,2018-09-15,Liverpool,Tottenham,Away,2,1,3,3.01,0.79,Jürgen Klopp,permanent,2.3
2018/19,2018-09-22,Liverpool,Southampton,Home,3,0,3,1.78,0.31,Jürgen Klopp,permanent,2.3
2018/19,2018-09-29,Liverpool,Chelsea,Away,1,1,1,1.74,1.78,Jürgen Klopp,permanent,2.3
2018/19,2018-10-07,Liverpool,Man City,Home,0,0,1,0.43,1.07,Jürgen Klopp,permanent,2.3
2018/19,2018-10-20,Liverpool,Huddersfield,Away,1,0,3,0.66,0.64,Jürgen Klopp,permanent,2.6
2018/19,2018-10-27,Liverpool,Cardiff,Home,4,1,3,2.3,0.64,Jürgen Klopp,permanent,2.6
2018/19,2018-11-03,Liverpool,Arsenal,Away,1,1,1,1.2,1.62,Jürgen Klopp,permanent,2.4
2018/19,2018-11-11,Liverpool,Fulham,Home,2,0,3,2.22,0.57,Jürgen Klopp,permanent,2.4
2018/19,2018-11-24,Liverpool,Watford,Away,3,0,3,1.45,0.67,Jürgen Klopp,permanent,2.4
2018/19,2018-12-02,Liverpool,Everton,Home,1,0,3,3.08,1.23,Jürgen Klopp,permanent,2.4
2018/19,2018-12-05,Liverpool,Burnley,Away,3,1,3,2.74,1.06,Jürgen Klopp,permanent,2.4
2018/19,2018-12-08,Liverpool,Bournemouth,Away,4,0,3,1.81,0.28,Jürgen Klopp,permanent,2.4
2018/19,2018-12-16,Liverpool,Man United,Home,3,1,3,2.6,0.66,Jürgen Klopp,permanent,2.6
2018/19,2018-12-21,Liverpool,Wolves,Away,2,0,3,2.16,0.76,Jürgen Klopp,permanent,2.8
2018/19,2018-12-26,Liverpool,Newcastle,Home,4,0,3,3.25,0.46,Jürgen Klopp,permanent,2.8
2018/19,2018-12-29,Liverpool,Arsenal,Home,5,1,3,3.71,1.08,Jürgen Klopp,permanent,2.8
2018/19,2019-01-03,Liverpool,Man City,Away,1,2,0,1.38,1.0,Jürgen Klopp,permanent,2.7
2018/19,2019-01-12,Liverpool,Brighton,Away,1,0,3,2.27,0.38,Jürgen Klopp,permanent,2.7
2018/19,2019-01-19,Liverpool,Crystal Palace,Home,4,3,3,2.83,0.7,Jürgen Klopp,permanent,2.7
2018/19,2019-01-30,Liverpool,Leicester,Home,1,1,1,0.58,1.13,Jürgen Klopp,permanent,2.5
2018/19,2019-02-04,Liverpool,West Ham,Away,1,1,1,1.12,0.79,Jürgen Klopp,permanent,2.3
2018/19,2019-02-09,Liverpool,Bournemouth,Home,3,0,3,2.53,0.39,Jürgen Klopp,permanent,2.3
2018/19,2019-02-24,Liverpool,Man United,Away,0,0,1,0.38,0.47,Jürgen Klopp,permanent,2.1
2018/19,2019-02-27,Liverpool,Watford,Home,5,0,3,2.74,0.63,Jürgen Klopp,permanent,2.1
2018/19,2019-03-03,Liverpool,Everton,Away,0,0,1,0.81,0.24,Jürgen Klopp,permanent,1.9
2018/19,2019-03-10,Liverpool,Burnley,Home,4,2,3,4.12,0.47,Jürgen Klopp,permanent,1.9
2018/19,2019-03-17,Liverpool,Fulham,Away,2,1,3,2.73,0.92,Jürgen Klopp,permanent,2.2
2018/19,2019-03-31,Liverpool,Tottenham,Home,2,1,3,1.09,1.05,Jürgen Klopp,permanent,2.2
2018/19,2019-04-05,Liverpool,Southampton,Away,3,1,3,2.01,0.72,Jürgen Klopp,permanent,2.2
2018/19,2019-04-14,Liverpool,Chelsea,Home,2,0,3,1.31,0.87,Jürgen Klopp,permanent,2.4
2018/19,2019-04-21,Liverpool,Cardiff,Away,2,0,3,2.42,1.12,Jürgen Klopp,permanent,2.6
2018/19,2019-04-26,Liverpool,Huddersfield,Home,5,0,3,3.59,0.16,Jürgen Klopp,permanent,2.6
2018/19,2019-05-04,Liverpool,Newcastle,Away,3,2,3,1.48,1.3,Jürgen Klopp,permanent,2.8
2018/19,2019-05-12,Liverpool,Wolves,Home,2,0,3,1.7,0.88,Jürgen Klopp,permanent,2.8
2019/20,2019-08-09,Liverpool,Norwich,Home,4,1,3,2.23,0.84,Jürgen Klopp,permanent,3.0
2019/20,2019-08-17,Liverpool,Southampton,Away,2,1,3,1.52,2.14,Jürgen Klopp,permanent,3.0
2019/20,2019-08-24,Liverpool,Arsenal,Home,3,1,3,2.79,0.99,Jürgen Klopp,permanent,3.0
2019/20,2019-08-31,Liverpool,Burnley,Away,3,0,3,1.2,0.62,Jürgen Klopp,permanent,3.0
2019/20,2019-09-14,Liverpool,Newcastle,Home,3,1,3,2.93,0.29,Jürgen Klopp,permanent,3.0
2019/20,2019-09-22,Liverpool,Chelsea,Away,2,1,3,1.03,1.23,Jürgen Klopp,permanent,3.0
2019/20,2019-09-28,Liverpool,Sheffield United,Away,1,0,3,1.97,1.17,Jürgen Klopp,permanent,3.0
2019/20,2019-10-05,Liverpool,Leicester,Home,2,1,3,3.75,0.1,Jürgen Klopp,permanent,3.0
2019/20,2019-10-20,Liverpool,Man United,Away,1,1,1,1.03,0.79,Jürgen Klopp,permanent,2.8
2019/20,2019-10-27,Liverpool,Tottenham,Home,2,1,3,2.19,1.35,Jürgen Klopp,permanent,2.8
2019/20,2019-11-02,Liverpool,Aston Villa,Away,2,1,3,2.39,0.74,Jürgen Klopp,permanent,2.8
2019/20,2019-11-10,Liverpool,Man City,Home,3,1,3,1.33,1.48,Jürgen Klopp,permanent,2.8
2019/20,2019-11-23,Liverpool,Crystal Palace,Away,2,1,3,1.64,1.02,Jürgen Klopp,permanent,2.8
2019/20,2019-11-30,Liverpool,Brighton,Home,2,1,3,1.37,0.87,Jürgen Klopp,permanent,2.8
2019/20,2019-12-04,Liverpool,Everton,Home,5,2,3,2.41,1.76,Jürgen Klopp,permanent,2.8
2019/20,2019-12-07,Liverpool,Bournemouth,Away,3,0,3,3.04,0.15,Jürgen Klopp,permanent,2.8
2019/20,2019-12-14,Liverpool,Watford,Home,2,0,3,1.57,1.01,Jürgen Klopp,permanent,2.8
2019/20,2019-12-26,Liverpool,Leicester,Away,4,0,3,3.77,0.12,Jürgen Klopp,permanent,2.8
2019/20,2019-12-29,Liverpool,Wolves,Home,1,0,3,1.49,0.36,Jürgen Klopp,permanent,3.0
2019/20,2020-01-02,Liverpool,Sheffield United,Home,2,0,3,3.05,0.63,Jürgen Klopp,permanent,3.0
2019/20,2020-01-11,Liverpool,Tottenham,Away,1,0,3,1.75,1.11,Jürgen Klopp,permanent,3.0
2019/20,2020-01-19,Liverpool,Man United,Home,2,0,3,2.01,1.42,Jürgen Klopp,permanent,3.0
2019/20,2020-01-23,Liverpool,Wolves,Away,2,1,3,1.59,1.85,Jürgen Klopp,permanent,3.0
2019/20,2020-01-29,Liverpool,West Ham,Away,2,0,3,2.6,0.88,Jürgen Klopp,permanent,3.0
2019/20,2020-02-01,Liverpool,Southampton,Home,4,0,3,3.72,0.72,Jürgen Klopp,permanent,3.0
2019/20,2020-02-15,Liverpool,Norwich,Away,1,0,3,2.07,0.38,Jürgen Klopp,permanent,3.0
2019/20,2020-02-24,Liverpool,West Ham,Home,3,2,3,2.48,0.64,Jürgen Klopp,permanent,3.0
2019/20,2020-02-29,Liverpool,Watford,Away,0,3,0,0.21,2.71,Jürgen Klopp,permanent,2.7
2019/20,2020-03-07,Liverpool,Bournemouth,Home,2,1,3,1.89,1.3,Jürgen Klopp,permanent,2.7
2019/20,2020-06-21,Liverpool,Everton,Away,0,0,1,0.66,0.62,Jürgen Klopp,permanent,2.5
2019/20,2020-06-24,Liverpool,Crystal Palace,Home,4,0,3,2.57,0.06,Jürgen Klopp,permanent,2.5
2019/20,2020-07-02,Liverpool,Man City,Away,0,4,0,0.82,2.65,Jürgen Klopp,permanent,2.2
2019/20,2020-07-05,Liverpool,Aston Villa,Home,2,0,3,1.08,0.69,Jürgen Klopp,permanent,2.2
2019/20,2020-07-08,Liverpool,Brighton,Away,3,1,3,2.62,2.36,Jürgen Klopp,permanent,2.2
2019/20,2020-07-11,Liverpool,Burnley,Home,1,1,1,2.18,0.45,Jürgen Klopp,permanent,2.0
2019/20,2020-07-15,Liverpool,Arsenal,Away,1,2,0,2.22,1.32,Jürgen Klopp,permanent,1.7
2019/20,2020-07-22,Liverpool,Chelsea,Home,5,3,3,1.45,2.38,Jürgen Klopp,permanent,1.7
2019/20,2020-07-26,Liverpool,Newcastle,Away,3,1,3,0.57,0.34,Jürgen Klopp,permanent,2.0
2020/21,2020-09-12,Liverpool,Leeds,Home,4,3,3,3.15,0.27,Jürgen Klopp,permanent,2.0
2020/21,2020-09-20,Liverpool,Chelsea,Away,2,0,3,2.25,0.9,Jürgen Klopp,permanent,2.2
2020/21,2020-09-28,Liverpool,Arsenal,Home,3,1,3,2.74,1.18,Jürgen Klopp,permanent,2.2
2020/21,2020-10-04,Liverpool,Aston Villa,Away,2,7,0,1.66,3.08,Jürgen Klopp,permanent,2.2
2020/21,2020-10-17,Liverpool,Everton,Away,2,2,1,2.49,1.36,Jürgen Klopp,permanent,2.0
2020/21,2020-10-24,Liverpool,Sheffield United,Home,2,1,3,2.4,1.4,Jürgen Klopp,permanent,2.0
2020/21,2020-10-31,Liverpool,West Ham,Home,2,1,3,1.56,0.27,Jürgen Klopp,permanent,2.2
2020/21,2020-11-08,Liverpool,Man City,Away,1,1,1,1.19,1.58,Jürgen Klopp,permanent,2.3
2020/21,2020-11-22,Liverpool,Leicester,Home,3,0,3,3.77,1.98,Jürgen Klopp,permanent,2.3
2020/21,2020-11-28,Liverpool,Brighton,Away,1,1,1,0.28,2.31,Jürgen Klopp,permanent,2.1
2020/21,2020-12-06,Liverpool,Wolves,Home,4,0,3,1.59,0.36,Jürgen Klopp,permanent,2.1
2020/21,2020-12-13,Liverpool,Fulham,Away,1,1,1,1.82,1.73,Jürgen Klopp,permanent,1.9
2020/21,2020-12-16,Liverpool,Tottenham,Home,2,1,3,1.22,1.52,Jürgen Klopp,permanent,1.9
2020/21,2020-12-19,Liverpool,Crystal Palace,Away,7,0,3,2.87,0.49,Jürgen Klopp,permanent,2.2
2020/21,2020-12-27,Liverpool,West Brom,Home,1,1,1,1.45,0.74,Jürgen Klopp,permanent,2.2
2020/21,2020-12-30,Liverpool,Newcastle,Away,0,0,1,1.32,0.82,Jürgen Klopp,permanent,2.0
2020/21,2021-01-04,Liverpool,Southampton,Away,0,1,0,1.37,0.5,Jürgen Klopp,permanent,1.7
2020/21,2021-01-17,Liverpool,Man United,Home,0,0,1,1.2,1.19,Jürgen Klopp,permanent,1.7
2020/21,2021-01-21,Liverpool,Burnley,Home,0,1,0,1.65,1.08,Jürgen Klopp,permanent,1.4
2020/21,2021-01-28,Liverpool,Tottenham,Away,3,1,3,2.59,0.1,Jürgen Klopp,permanent,1.6
2020/21,2021-01-31,Liverpool,West Ham,Away,3,1,3,2.06,0.88,Jürgen Klopp,permanent,1.6
2020/21,2021-02-03,Liverpool,Brighton,Home,0,1,0,1.1,1.19,Jürgen Klopp,permanent,1.5
2020/21,2021-02-07,Liverpool,Man City,Home,1,4,0,1.18,3.55,Jürgen Klopp,permanent,1.2
2020/21,2021-02-13,Liverpool,Leicester,Away,1,3,0,1.68,2.07,Jürgen Klopp,permanent,0.9
2020/21,2021-02-20,Liverpool,Everton,Home,0,2,0,1.54,2.01,Jürgen Klopp,permanent,0.8
2020/21,2021-02-28,Liverpool,Sheffield United,Away,2,0,3,2.81,0.78,Jürgen Klopp,permanent,1.0
2020/21,2021-03-04,Liverpool,Chelsea,Home,0,1,0,0.25,1.23,Jürgen Klopp,permanent,1.0
2020/21,2021-03-07,Liverpool,Fulham,Home,0,1,0,0.7,1.37,Jürgen Klopp,permanent,0.9
2020/21,2021-03-15,Liverpool,Wolves,Away,1,0,3,1.06,1.29,Jürgen Klopp,permanent,1.2
2020/21,2021-04-03,Liverpool,Arsenal,Away,3,0,3,2.44,0.16,Jürgen Klopp,permanent,1.2
2020/21,2021-04-10,Liverpool,Aston Villa,Home,2,1,3,2.15,0.76,Jürgen Klopp,permanent,1.2
2020/21,2021-04-19,Liverpool,Leeds,Away,1,1,1,1.6,2.6,Jürgen Klopp,permanent,1.3
2020/21,2021-04-24,Liverpool,Newcastle,Home,1,1,1,2.85,0.86,Jürgen Klopp,permanent,1.4
2020/21,2021-05-08,Liverpool,Southampton,Home,2,0,3,2.26,1.23,Jürgen Klopp,permanent,1.7
2020/21,2021-05-13,Liverpool,Man United,Away,4,2,3,2.94,1.71,Jürgen Klopp,permanent,2.0
2020/21,2021-05-16,Liverpool,West Brom,Away,2,1,3,2.08,1.14,Jürgen Klopp,permanent,2.0
2020/21,2021-05-19,Liverpool,Burnley,Away,3,0,3,2.73,0.84,Jürgen Klopp,permanent,2.3
2020/21,2021-05-23,Liverpool,Crystal Palace,Home,2,0,3,2.2,0.77,Jürgen Klopp,permanent,2.6
2021/22,2021-08-14,Liverpool,Norwich,Away,3,0,3,1.79,1.33,Jürgen Klopp,permanent,2.6
2021/22,2021-08-21,Liverpool,Burnley,Home,2,0,3,2.64,0.69,Jürgen Klopp,permanent,2.6
2021/22,2021-08-28,Liverpool,Chelsea,Home,1,1,1,2.08,0.57,Jürgen Klopp,permanent,2.4
2021/22,2021-09-12,Liverpool,Leeds,Away,3,0,3,4.4,0.65,Jürgen Klopp,permanent,2.6
2021/22,2021-09-18,Liverpool,Crystal Palace,Home,3,0,3,2.77,0.64,Jürgen Klopp,permanent,2.8
2021/22,2021-09-25,Liverpool,Brentford,Away,3,3,1,2.26,2.94,Jürgen Klopp,permanent,2.6
2021/22,2021-10-03,Liverpool,Man City,Home,2,2,1,0.95,1.04,Jürgen Klopp,permanent,2.4
2021/22,2021-10-16,Liverpool,Watford,Away,5,0,3,3.66,0.3,Jürgen Klopp,permanent,2.4
2021/22,2021-10-24,Liverpool,Man United,Away,5,0,3,4.05,1.36,Jürgen Klopp,permanent,2.4
2021/22,2021-10-30,Liverpool,Brighton,Home,2,2,1,1.4,1.51,Jürgen Klopp,permanent,2.2
2021/22,2021-11-07,Liverpool,West Ham,Away,2,3,0,1.46,1.25,Jürgen Klopp,permanent,1.9
2021/22,2021-11-20,Liverpool,Arsenal,Home,4,0,3,3.97,0.27,Jürgen Klopp,permanent,1.9
2021/22,2021-11-27,Liverpool,Southampton,Home,4,0,3,3.07,0.97,Jürgen Klopp,permanent,2.1
2021/22,2021-12-01,Liverpool,Everton,Away,4,1,3,2.86,0.51,Jürgen Klopp,permanent,2.1
2021/22,2021-12-04,Liverpool,Wolves,Away,1,0,3,2.42,0.1,Jürgen Klopp,permanent,2.1
2021/22,2021-12-11,Liverpool,Aston Villa,Home,1,0,3,2.71,0.14,Jürgen Klopp,permanent,2.3
2021/22,2021-12-16,Liverpool,Newcastle,Home,3,1,3,2.94,0.21,Jürgen Klopp,permanent,2.5
2021/22,2021-12-19,Liverpool,Tottenham,Away,2,2,1,1.55,2.8,Jürgen Klopp,permanent,2.3
2021/22,2021-12-28,Liverpool,Leicester,Away,0,1,0,2.73,0.62,Jürgen Klopp,permanent,2.0
2021/22,2022-01-02,Liverpool,Chelsea,Away,2,2,1,1.79,1.39,Jürgen Klopp,permanent,2.0
2021/22,2022-01-16,Liverpool,Brentford,Home,3,0,3,3.49,0.38,Jürgen Klopp,permanent,2.3
2021/22,2022-01-23,Liverpool,Crystal Palace,Away,3,1,3,1.5,1.63,Jürgen Klopp,permanent,2.3
2021/22,2022-02-10,Liverpool,Leicester,Home,2,0,3,2.73,0.54,Jürgen Klopp,permanent,2.3
2021/22,2022-02-13,Liverpool,Burnley,Away,1,0,3,1.96,1.16,Jürgen Klopp,permanent,2.3
2021/22,2022-02-19,Liverpool,Norwich,Home,3,1,3,3.15,0.67,Jürgen Klopp,permanent,2.3
2021/22,2022-02-23,Liverpool,Leeds,Home,6,0,3,5.33,0.14,Jürgen Klopp,permanent,2.3
2021/22,2022-03-05,Liverpool,West Ham,Home,1,0,3,2.19,1.34,Jürgen Klopp,permanent,2.3
2021/22,2022-03-12,Liverpool,Brighton,Away,2,0,3,2.48,0.63,Jürgen Klopp,permanent,2.5
2021/22,2022-03-16,Liverpool,Arsenal,Away,2,0,3,1.28,0.53,Jürgen Klopp,permanent,2.8
2021/22,2022-04-02,Liverpool,Watford,Home,2,0,3,2.24,0.75,Jürgen Klopp,permanent,3.0
2021/22,2022-04-10,Liverpool,Man City,Away,2,2,1,1.3,1.35,Jürgen Klopp,permanent,2.8
2021/22,2022-04-19,Liverpool,Man United,Home,4,0,3,2.26,0.11,Jürgen Klopp,permanent,2.8
2021/22,2022-04-24,Liverpool,Everton,Home,2,0,3,1.7,0.42,Jürgen Klopp,permanent,2.8
2021/22,2022-04-30,Liverpool,Newcastle,Away,1,0,3,2.73,0.12,Jürgen Klopp,permanent,2.8
2021/22,2022-05-07,Liverpool,Tottenham,Home,1,1,1,1.05,0.98,Jürgen Klopp,permanent,2.6
2021/22,2022-05-10,Liverpool,Aston Villa,Away,2,1,3,1.75,1.45,Jürgen Klopp,permanent,2.6
2021/22,2022-05-17,Liverpool,Southampton,Away,2,1,3,1.19,0.12,Jürgen Klopp,permanent,2.6
2021/22,2022-05-22,Liverpool,Wolves,Home,3,1,3,3.19,1.12,Jürgen Klopp,permanent,2.6
2022/23,2022-08-06,Liverpool,Fulham,Away,2,2,1,2.34,1.27,Jürgen Klopp,permanent,2.4
2022/23,2022-08-15,Liverpool,Crystal Palace,Home,1,1,1,2.24,1.64,Jürgen Klopp,permanent,2.2
2022/23,2022-08-22,Liverpool,Man United,Away,1,2,0,1.52,2.02,Jürgen Klopp,permanent,2.1
2022/23,2022-08-27,Liverpool,Bournemouth,Home,9,0,3,4.86,0.18,Jürgen Klopp,permanent,2.1
2022/23,2022-08-31,Liverpool,Newcastle,Home,2,1,3,1.76,0.64,Jürgen Klopp,permanent,2.1
2022/23,2022-09-03,Liverpool,Everton,Away,0,0,1,1.39,1.39,Jürgen Klopp,permanent,1.9
2022/23,2022-10-01,Liverpool,Brighton,Home,3,3,1,2.15,2.37,Jürgen Klopp,permanent,1.9
2022/23,2022-10-09,Liverpool,Arsenal,Away,2,3,0,0.77,2.82,Jürgen Klopp,permanent,1.6
2022/23,2022-10-16,Liverpool,Man City,Home,1,0,3,2.0,0.91,Jürgen Klopp,permanent,1.6
2022/23,2022-10-19,Liverpool,West Ham,Home,1,0,3,2.24,2.49,Jürgen Klopp,permanent,1.6
2022/23,2022-10-22,Liverpool,Nott'm Forest,Away,0,1,0,2.2,2.5,Jürgen Klopp,permanent,1.5
2022/23,2022-10-29,Liverpool,Leeds,Home,1,2,0,1.91,1.61,Jürgen Klopp,permanent,1.4
2022/23,2022-11-06,Liverpool,Tottenham,Away,2,1,3,1.47,1.82,Jürgen Klopp,permanent,1.7
2022/23,2022-11-12,Liverpool,Southampton,Home,3,1,3,2.74,1.43,Jürgen Klopp,permanent,1.7
2022/23,2022-12-26,Liverpool,Aston Villa,Away,3,1,3,3.51,1.69,Jürgen Klopp,permanent,1.7
2022/23,2022-12-30,Liverpool,Leicester,Home,2,1,3,2.02,0.86,Jürgen Klopp,permanent,1.9
2022/23,2023-01-02,Liverpool,Brentford,Away,1,3,0,2.1,2.1,Jürgen Klopp,permanent,1.8
2022/23,2023-01-14,Liverpool,Brighton,Away,0,3,0,1.29,2.4,Jürgen Klopp,permanent,1.8
2022/23,2023-01-21,Liverpool,Chelsea,Home,0,0,1,1.3,1.84,Jürgen Klopp,permanent,1.6
2022/23,2023-02-04,Liverpool,Wolves,Away,0,3,0,1.3,2.63,Jürgen Klopp,permanent,1.3
2022/23,2023-02-13,Liverpool,Everton,Home,2,0,3,2.23,0.4,Jürgen Klopp,permanent,1.6
2022/23,2023-02-18,Liverpool,Newcastle,Away,2,0,3,2.17,1.75,Jürgen Klopp,permanent,1.9
2022/23,2023-02-25,Liverpool,Crystal Palace,Away,0,0,1,1.35,0.99,Jürgen Klopp,permanent,1.7
2022/23,2023-03-01,Liverpool,Wolves,Home,2,0,3,2.7,0.79,Jürgen Klopp,permanent,1.7
2022/23,2023-03-05,Liverpool,Man United,Home,7,0,3,3.44,0.84,Jürgen Klopp,permanent,1.7
2022/23,2023-03-11,Liverpool,Bournemouth,Away,0,1,0,2.13,1.1,Jürgen Klopp,permanent,1.4
2022/23,2023-04-01,Liverpool,Man City,Away,1,4,0,0.32,3.01,Jürgen Klopp,permanent,1.4
2022/23,2023-04-04,Liverpool,Chelsea,Away,0,0,1,0.2,2.19,Jürgen Klopp,permanent,1.5
2022/23,2023-04-09,Liverpool,Arsenal,Home,2,2,1,4.64,1.54,Jürgen Klopp,permanent,1.5
2022/23,2023-04-17,Liverpool,Leeds,Away,6,1,3,2.65,1.17,Jürgen Klopp,permanent,1.8
2022/23,2023-04-22,Liverpool,Nott'm Forest,Home,3,2,3,3.33,0.72,Jürgen Klopp,permanent,1.8
2022/23,2023-04-26,Liverpool,West Ham,Away,2,1,3,1.7,0.94,Jürgen Klopp,permanent,1.8
2022/23,2023-04-30,Liverpool,Tottenham,Home,4,3,3,2.43,1.45,Jürgen Klopp,permanent,2.0
2022/23,2023-05-03,Liverpool,Fulham,Home,1,0,3,1.67,0.74,Jürgen Klopp,permanent,2.0
2022/23,2023-05-06,Liverpool,Brentford,Home,1,0,3,1.99,0.18,Jürgen Klopp,permanent,2.0
2022/23,2023-05-15,Liverpool,Leicester,Away,3,0,3,1.77,0.53,Jürgen Klopp,permanent,2.3
2022/23,2023-05-20,Liverpool,Aston Villa,Home,1,1,1,0.92,1.47,Jürgen Klopp,permanent,2.4
2022/23,2023-05-28,Liverpool,Southampton,Away,4,4,1,4.0,1.34,Jürgen Klopp,permanent,2.4
2023/24,2023-08-13,Liverpool,Chelsea,Away,1,1,1,1.3,1.93,Jürgen Klopp,permanent,2.4
2023/24,2023-08-19,Liverpool,Bournemouth,Home,3,1,3,3.25,1.39,Jürgen Klopp,permanent,2.4
2023/24,2023-08-27,Liverpool,Newcastle,Away,2,1,3,0.86,1.62,Jürgen Klopp,permanent,2.4
2023/24,2023-09-03,Liverpool,Aston Villa,Home,3,0,3,2.73,0.62,Jürgen Klopp,permanent,2.4
2023/24,2023-09-16,Liverpool,Wolves,Away,3,1,3,2.83,0.54,Jürgen Klopp,permanent,2.4
2023/24,2023-09-24,Liverpool,West Ham,Home,3,1,3,4.14,1.54,Jürgen Klopp,permanent,2.4
2023/24,2023-09-30,Liverpool,Tottenham,Away,1,2,0,1.12,2.19,Jürgen Klopp,permanent,2.1
2023/24,2023-10-08,Liverpool,Brighton,Away,2,2,1,2.51,2.23,Jürgen Klopp,permanent,1.9
2023/24,2023-10-21,Liverpool,Everton,Home,2,0,3,2.29,0.09,Jürgen Klopp,permanent,2.1
2023/24,2023-10-29,Liverpool,Nott'm Forest,Home,3,0,3,2.7,0.64,Jürgen Klopp,permanent,2.3
2023/24,2023-11-05,Liverpool,Luton,Away,1,1,1,3.04,1.34,Jürgen Klopp,permanent,2.3
2023/24,2023-11-12,Liverpool,Brentford,Home,3,0,3,1.56,1.45,Jürgen Klopp,permanent,2.3
2023/24,2023-11-25,Liverpool,Man City,Away,1,1,1,0.77,1.8,Jürgen Klopp,permanent,2.1
2023/24,2023-12-03,Liverpool,Fulham,Home,4,3,3,2.73,1.51,Jürgen Klopp,permanent,2.1
2023/24,2023-12-06,Liverpool,Sheffield United,Away,2,0,3,1.8,0.83,Jürgen Klopp,permanent,2.1
2023/24,2023-12-09,Liverpool,Crystal Palace,Away,2,1,3,1.37,1.79,Jürgen Klopp,permanent,2.1
2023/24,2023-12-17,Liverpool,Man United,Home,0,0,1,1.97,0.63,Jürgen Klopp,permanent,2.2
2023/24,2023-12-23,Liverpool,Arsenal,Home,1,1,1,0.98,0.85,Jürgen Klopp,permanent,2.2
2023/24,2023-12-26,Liverpool,Burnley,Away,2,0,3,1.68,0.97,Jürgen Klopp,permanent,2.2
2023/24,2024-01-01,Liverpool,Newcastle,Home,4,2,3,6.67,0.91,Jürgen Klopp,permanent,2.2
2023/24,2024-01-21,Liverpool,Bournemouth,Away,4,0,3,1.53,0.83,Jürgen Klopp,permanent,2.4
2023/24,2024-01-31,Liverpool,Chelsea,Home,4,1,3,3.66,0.48,Jürgen Klopp,permanent,2.4
2023/24,2024-02-04,Liverpool,Arsenal,Away,1,3,0,0.54,2.85,Jürgen Klopp,permanent,2.3
2023/24,2024-02-10,Liverpool,Burnley,Home,3,1,3,3.15,1.11,Jürgen Klopp,permanent,2.3
2023/24,2024-02-17,Liverpool,Brentford,Away,4,1,3,3.09,1.7,Jürgen Klopp,permanent,2.3
2023/24,2024-02-21,Liverpool,Luton,Home,4,1,3,3.7,0.96,Jürgen Klopp,permanent,2.3
2023/24,2024-03-02,Liverpool,Nott'm Forest,Away,1,0,3,1.32,0.97,Jürgen Klopp,permanent,2.5
2023/24,2024-03-10,Liverpool,Man City,Home,1,1,1,2.25,1.37,Jürgen Klopp,permanent,2.5
2023/24,2024-03-31,Liverpool,Brighton,Home,2,1,3,3.21,0.44,Jürgen Klopp,permanent,2.5
2023/24,2024-04-04,Liverpool,Sheffield United,Home,3,1,3,2.52,0.72,Jürgen Klopp,permanent,2.5
2023/24,2024-04-07,Liverpool,Man United,Away,2,2,1,4.43,0.81,Jürgen Klopp,permanent,2.3
2023/24,2024-04-14,Liverpool,Crystal Palace,Home,0,1,0,3.04,2.13,Jürgen Klopp,permanent,2.0
2023/24,2024-04-21,Liverpool,Fulham,Away,3,1,3,1.02,0.84,Jürgen Klopp,permanent,2.3
2023/24,2024-04-24,Liverpool,Everton,Away,0,2,0,1.87,1.89,Jürgen Klopp,permanent,2.0
2023/24,2024-04-27,Liverpool,West Ham,Away,2,2,1,2.29,0.79,Jürgen Klopp,permanent,1.8
2023/24,2024-05-05,Liverpool,Tottenham,Home,4,2,3,3.26,1.17,Jürgen Klopp,permanent,1.8
2023/24,2024-05-13,Liverpool,Aston Villa,Away,3,3,1,1.9,2.72,Jürgen Klopp,permanent,1.6
2023/24,2024-05-19,Liverpool,Wolves,Home,2,0,3,5.66,0.73,Jürgen Klopp,permanent,1.8
2024/25,2024-08-17,Liverpool,Ipswich,Away,2,0,3,3.93,0.34,Arne Slot,permanent,1.8
2024/25,2024-08-25,Liverpool,Brentford,Home,2,0,3,2.72,0.46,Arne Slot,permanent,1.8
2024/25,2024-09-01,Liverpool,Man United,Away,3,0,3,2.1,1.5,Arne Slot,permanent,2.0
2024/25,2024-09-14,Liverpool,Nott'm Forest,Home,0,1,0,1.17,0.59,Arne Slot,permanent,2.0
2024/25,2024-09-21,Liverpool,Bournemouth,Home,3,0,3,2.44,1.47,Arne Slot,permanent,2.0
2024/25,2024-09-28,Liverpool,Wolves,Away,2,1,3,2.12,0.75,Arne Slot,permanent,2.3
2024/25,2024-10-05,Liverpool,Crystal Palace,Away,1,0,3,2.07,0.61,Arne Slot,permanent,2.5
2024/25,2024-10-20,Liverpool,Chelsea,Home,2,1,3,2.23,1.34,Arne Slot,permanent,2.5
2024/25,2024-10-27,Liverpool,Arsenal,Away,2,2,1,1.35,1.09,Arne Slot,permanent,2.5
2024/25,2024-11-02,Liverpool,Brighton,Home,2,1,3,1.81,1.02,Arne Slot,permanent,2.5
2024/25,2024-11-09,Liverpool,Aston Villa,Home,2,0,3,2.68,1.66,Arne Slot,permanent,2.5
2024/25,2024-11-24,Liverpool,Southampton,Away,3,2,3,3.19,1.54,Arne Slot,permanent,2.5
2024/25,2024-12-01,Liverpool,Man City,Home,2,0,3,3.7,0.75,Arne Slot,permanent,2.5
2024/25,2024-12-04,Liverpool,Newcastle,Away,3,3,1,2.23,1.52,Arne Slot,permanent,2.6
2024/25,2024-12-14,Liverpool,Fulham,Home,2,2,1,2.1,1.29,Arne Slot,permanent,2.4
2024/25,2024-12-22,Liverpool,Tottenham,Away,6,3,3,5.2,1.2,Arne Slot,permanent,2.4
2024/25,2024-12-26,Liverpool,Leicester,Home,3,1,3,1.9,0.22,Arne Slot,permanent,2.4
2024/25,2024-12-29,Liverpool,West Ham,Away,5,0,3,3.3,0.52,Arne Slot,permanent,2.4
2024/25,2025-01-05,Liverpool,Man United,Home,2,2,1,2.86,1.67,Arne Slot,permanent,2.4
2024/25,2025-01-14,Liverpool,Nott'm Forest,Away,1,1,1,2.72,0.53,Arne Slot,permanent,2.2
2024/25,2025-01-18,Liverpool,Brentford,Away,2,0,3,4.16,1.2,Arne Slot,permanent,2.2
2024/25,2025-01-25,Liverpool,Ipswich,Home,4,1,3,2.17,0.8,Arne Slot,permanent,2.2
2024/25,2025-02-01,Liverpool,Bournemouth,Away,2,0,3,2.72,1.65,Arne Slot,permanent,2.2
2024/25,2025-02-12,Liverpool,Everton,Away,2,2,1,0.93,0.91,Arne Slot,permanent,2.2
2024/25,2025-02-16,Liverpool,Wolves,Home,2,1,3,1.87,1.05,Arne Slot,permanent,2.4
2024/25,2025-02-19,Liverpool,Aston Villa,Away,2,2,1,2.04,1.02,Arne Slot,permanent,2.2
2024/25,2025-02-23,Liverpool,Man City,Away,2,0,3,0.81,0.58,Arne Slot,permanent,2.2
2024/25,2025-02-26,Liverpool,Newcastle,Home,2,0,3,1.4,0.46,Arne Slot,permanent,2.2
2024/25,2025-03-08,Liverpool,Southampton,Home,3,1,3,4.99,0.51,Arne Slot,permanent,2.4
2024/25,2025-04-02,Liverpool,Everton,Home,1,0,3,1.3,0.82,Arne Slot,permanent,2.6
2024/25,2025-04-06,Liverpool,Fulham,Away,2,3,0,1.41,1.73,Arne Slot,permanent,2.3
2024/25,2025-04-13,Liverpool,West Ham,Home,2,1,3,1.43,1.47,Arne Slot,permanent,2.3
2024/25,2025-04-20,Liverpool,Leicester,Away,1,0,3,4.53,0.23,Arne Slot,permanent,2.3
2024/25,2025-04-27,Liverpool,Tottenham,Home,5,1,3,2.51,0.51,Arne Slot,permanent,2.5
2024/25,2025-05-04,Liverpool,Chelsea,Away,1,3,0,1.43,3.52,Arne Slot,permanent,2.2
2024/25,2025-05-11,Liverpool,Arsenal,Home,2,2,1,2.75,2.19,Arne Slot,permanent,2.2
2024/25,2025-05-19,Liverpool,Brighton,Away,2,3,0,3.06,2.18,Arne Slot,permanent,1.9
2024/25,2025-05-25,Liverpool,Crystal Palace,Home,1,1,1,1.92,1.41,Arne Slot,permanent,1.7
2025/26,2025-08-15,Liverpool,Bournemouth,Home,4,2,3,2.33,1.57,Arne Slot,permanent,1.7
2025/26,2025-08-25,Liverpool,Newcastle,Away,3,2,3,0.65,1.96,Arne Slot,permanent,1.7
2025/26,2025-08-31,Liverpool,Arsenal,Home,1,0,3,0.48,0.49,Arne Slot,permanent,2.0
2025/26,2025-09-14,Liverpool,Burnley,Away,1,0,3,2.79,0.17,Arne Slot,permanent,2.0
2025/26,2025-09-20,Liverpool,Everton,Home,2,1,3,1.06,0.72,Arne Slot,permanent,2.0
2025/26,2025-09-27,Liverpool,Crystal Palace,Away,1,2,0,3.1,3.53,Arne Slot,permanent,1.7
2025/26,2025-10-04,Liverpool,Chelsea,Away,1,2,0,2.06,1.24,Arne Slot,permanent,1.7
2025/26,2025-10-19,Liverpool,Man United,Home,1,2,0,2.61,2.53,Arne Slot,permanent,1.6
2025/26,2025-10-25,Liverpool,Brentford,Away,2,3,0,2.12,3.27,Arne Slot,permanent,1.6
2025/26,2025-11-01,Liverpool,Aston Villa,Home,2,0,3,1.47,0.44,Arne Slot,permanent,1.8
2025/26,2025-11-09,Liverpool,Man City,Away,0,3,0,1.03,1.6,Arne Slot,permanent,1.5
2025/26,2025-11-22,Liverpool,Nott'm Forest,Home,0,3,0,1.79,1.19,Arne Slot,permanent,1.2
2025/26,2025-11-30,Liverpool,West Ham,Away,2,0,3,1.57,0.36,Arne Slot,permanent,1.2
2025/26,2025-12-03,Liverpool,Sunderland,Home,1,1,1,1.38,0.71,Arne Slot,permanent,1.0
2025/26,2025-12-06,Liverpool,Leeds,Away,3,3,1,2.05,1.79,Arne Slot,permanent,0.8
2025/26,2025-12-13,Liverpool,Brighton,Home,2,0,3,2.41,1.69,Arne Slot,permanent,1.1
2025/26,2025-12-20,Liverpool,Tottenham,Away,2,1,3,1.23,1.35,Arne Slot,permanent,1.4
2025/26,2025-12-27,Liverpool,Wolves,Home,2,1,3,1.57,0.78,Arne Slot,permanent,1.7
2025/26,2026-01-01,Liverpool,Leeds,Home,0,0,1,1.68,0.16,Arne Slot,permanent,1.8
2025/26,2026-01-04,Liverpool,Fulham,Away,2,2,1,1.72,0.61,Arne Slot,permanent,1.6
2025/26,2026-01-08,Liverpool,Arsenal,Away,0,0,1,0.32,0.7,Arne Slot,permanent,1.7
2025/26,2026-01-17,Liverpool,Burnley,Home,1,1,1,3.49,0.55,Arne Slot,permanent,1.8
2025/26,2026-01-24,Liverpool,Bournemouth,Away,2,3,0,0.94,3.31,Arne Slot,permanent,1.5
2025/26,2026-01-31,Liverpool,Newcastle,Home,4,1,3,3.1,0.28,Arne Slot,permanent,1.7
2025/26,2026-02-08,Liverpool,Man City,Home,1,2,0,1.27,2.41,Arne Slot,permanent,1.6
2025/26,2026-02-11,Liverpool,Sunderland,Away,1,0,3,3.08,0.69,Arne Slot,permanent,1.6
2025/26,2026-02-22,Liverpool,Nott'm Forest,Away,1,0,3,2.4,0.93,Arne Slot,permanent,1.6
2025/26,2026-02-28,Liverpool,West Ham,Home,5,2,3,2.1,1.35,Arne Slot,permanent,1.6
2025/26,2026-03-03,Liverpool,Wolves,Away,1,2,0,2.17,0.64,Arne Slot,permanent,1.5
2025/26,2026-03-15,Liverpool,Tottenham,Home,1,1,1,1.3,1.16,Arne Slot,permanent,1.5
2025/26,2026-03-21,Liverpool,Brighton,Away,1,2,0,0.96,3.43,Arne Slot,permanent,1.4
2025/26,2026-04-11,Liverpool,Fulham,Home,2,0,3,2.01,1.42,Arne Slot,permanent,1.6
2025/26,2026-04-19,Liverpool,Everton,Away,2,1,3,1.38,1.48,Arne Slot,permanent,1.9
2025/26,2026-04-25,Liverpool,Crystal Palace,Home,3,1,3,1.45,2.2,Arne Slot,permanent,1.9
2025/26,2026-05-03,Liverpool,Man United,Away,2,3,0,1.03,2.56,Arne Slot,permanent,1.9
2025/26,2026-05-09,Liverpool,Chelsea,Home,1,1,1,0.62,0.6,Arne Slot,permanent,1.7
2025/26,2026-05-15,Liverpool,Aston Villa,Away,2,4,0,1.55,2.53,Arne Slot,permanent,1.4
2025/26,2026-05-24,Liverpool,Brentford,Home,1,1,1,2.99,1.46,Arne Slot,permanent,1.2
2023/24,2023-08-12,Luton,Brighton,Away,1,4,0,1.89,4.37,Rob Edwards,first spell in data,
2023/24,2023-08-25,Luton,Chelsea,Away,0,3,0,0.47,3.41,Rob Edwards,first spell in data,
2023/24,2023-09-01,Luton,West Ham,Home,1,2,0,2.02,1.23,Rob Edwards,first spell in data,
2023/24,2023-09-16,Luton,Fulham,Away,0,1,0,1.46,1.76,Rob Edwards,first spell in data,
2023/24,2023-09-23,Luton,Wolves,Home,1,1,1,2.24,0.76,Rob Edwards,first spell in data,
2023/24,2023-09-30,Luton,Everton,Away,2,1,3,1.51,3.65,Rob Edwards,first spell in data,
2023/24,2023-10-03,Luton,Burnley,Home,1,2,0,1.53,0.92,Rob Edwards,first spell in data,
2023/24,2023-10-07,Luton,Tottenham,Home,0,1,0,0.85,2.38,Rob Edwards,first spell in data,
2023/24,2023-10-21,Luton,Nott'm Forest,Away,2,2,1,1.5,3.28,Rob Edwards,first spell in data,
2023/24,2023-10-29,Luton,Aston Villa,Away,1,3,0,0.45,3.08,Rob Edwards,first spell in data,0.5
2023/24,2023-11-05,Luton,Liverpool,Home,1,1,1,1.34,3.04,Rob Edwards,first spell in data,0.6
2023/24,2023-11-11,Luton,Man United,Away,0,1,0,0.41,2.74,Rob Edwards,first spell in data,0.6
2023/24,2023-11-25,Luton,Crystal Palace,Home,2,1,3,1.0,1.84,Rob Edwards,first spell in data,0.9
2023/24,2023-12-02,Luton,Brentford,Away,1,3,0,0.23,3.26,Rob Edwards,first spell in data,0.9
2023/24,2023-12-05,Luton,Arsenal,Home,3,4,0,0.53,2.59,Rob Edwards,first spell in data,0.8
2023/24,2023-12-10,Luton,Man City,Home,1,2,0,0.69,2.23,Rob Edwards,first spell in data,0.5
2023/24,2023-12-23,Luton,Newcastle,Home,1,0,3,1.82,1.41,Rob Edwards,first spell in data,0.8
2023/24,2023-12-26,Luton,Sheffield United,Away,3,2,3,0.72,3.62,Rob Edwards,first spell in data,1.1
2023/24,2023-12-30,Luton,Chelsea,Home,2,3,0,2.64,1.57,Rob Edwards,first spell in data,1.0
2023/24,2024-01-12,Luton,Burnley,Away,1,1,1,0.97,1.52,Rob Edwards,first spell in data,1.1
2023/24,2024-01-30,Luton,Brighton,Home,4,0,3,3.63,1.01,Rob Edwards,first spell in data,1.3
2023/24,2024-02-03,Luton,Newcastle,Away,4,4,1,2.67,2.37,Rob Edwards,first spell in data,1.4
2023/24,2024-02-10,Luton,Sheffield United,Home,1,3,0,1.76,1.98,Rob Edwards,first spell in data,1.1
2023/24,2024-02-18,Luton,Man United,Home,1,2,0,1.57,3.59,Rob Edwards,first spell in data,1.1
2023/24,2024-02-21,Luton,Liverpool,Away,1,4,0,0.96,3.7,Rob Edwards,first spell in data,1.1
2023/24,2024-03-02,Luton,Aston Villa,Home,2,3,0,2.43,2.09,Rob Edwards,first spell in data,1.1
2023/24,2024-03-09,Luton,Crystal Palace,Away,1,1,1,1.09,3.25,Rob Edwards,first spell in data,0.9
2023/24,2024-03-13,Luton,Bournemouth,Away,3,4,0,2.79,2.84,Rob Edwards,first spell in data,0.6
2023/24,2024-03-16,Luton,Nott'm Forest,Home,1,1,1,0.85,1.95,Rob Edwards,first spell in data,0.7
2023/24,2024-03-30,Luton,Tottenham,Away,1,2,0,0.4,2.47,Rob Edwards,first spell in data,0.6
2023/24,2024-04-03,Luton,Arsenal,Away,0,2,0,0.29,1.14,Rob Edwards,first spell in data,0.3
2023/24,2024-04-06,Luton,Bournemouth,Home,2,1,3,1.3,0.62,Rob Edwards,first spell in data,0.5
2023/24,2024-04-13,Luton,Man City,Away,1,5,0,0.81,4.64,Rob Edwards,first spell in data,0.5
2023/24,2024-04-20,Luton,Brentford,Home,1,5,0,0.5,3.78,Rob Edwards,first spell in data,0.5
2023/24,2024-04-27,Luton,Wolves,Away,1,2,0,0.9,1.49,Rob Edwards,first spell in data,0.5
2023/24,2024-05-03,Luton,Everton,Home,1,1,1,0.95,1.23,Rob Edwards,first spell in data,0.6
2023/24,2024-05-11,Luton,West Ham,Away,1,3,0,0.64,3.71,Rob Edwards,first spell in data,0.5
2023/24,2024-05-19,Luton,Fulham,Home,2,4,0,2.07,1.12,Rob Edwards,first spell in data,0.5
2014/15,2014-08-17,Man City,Newcastle,Away,2,0,3,1.48,0.97,Manuel Pellegrini,first spell in data,
2014/15,2014-08-25,Man City,Liverpool,Home,3,1,3,1.31,0.9,Manuel Pellegrini,first spell in data,
2014/15,2014-08-30,Man City,Stoke,Home,0,1,0,0.89,0.3,Manuel Pellegrini,first spell in data,
2014/15,2014-09-13,Man City,Arsenal,Away,2,2,1,2.31,2.08,Manuel Pellegrini,first spell in data,
2014/15,2014-09-21,Man City,Chelsea,Home,1,1,1,1.06,1.02,Manuel Pellegrini,first spell in data,
2014/15,2014-09-27,Man City,Hull,Away,4,2,3,1.79,1.12,Manuel Pellegrini,first spell in data,
2014/15,2014-10-04,Man City,Aston Villa,Away,2,0,3,2.31,0.69,Manuel Pellegrini,first spell in data,
2014/15,2014-10-18,Man City,Tottenham,Home,4,1,3,3.75,2.32,Manuel Pellegrini,first spell in data,
2014/15,2014-10-25,Man City,West Ham,Away,1,2,0,1.86,2.63,Manuel Pellegrini,first spell in data,
2014/15,2014-11-02,Man City,Man United,Home,1,0,3,2.57,0.73,Manuel Pellegrini,first spell in data,2.0
2014/15,2014-11-08,Man City,QPR,Away,2,2,1,1.7,1.86,Manuel Pellegrini,first spell in data,1.8
2014/15,2014-11-22,Man City,Swansea,Home,2,1,3,2.26,0.96,Manuel Pellegrini,first spell in data,1.8
2014/15,2014-11-30,Man City,Southampton,Away,3,0,3,2.13,0.8,Manuel Pellegrini,first spell in data,2.1
2014/15,2014-12-03,Man City,Sunderland,Away,4,1,3,1.04,0.41,Manuel Pellegrini,first spell in data,2.3
2014/15,2014-12-06,Man City,Everton,Home,1,0,3,2.25,0.39,Manuel Pellegrini,first spell in data,2.5
2014/15,2014-12-13,Man City,Leicester,Away,1,0,3,1.13,0.36,Manuel Pellegrini,first spell in data,2.5
2014/15,2014-12-20,Man City,Crystal Palace,Home,3,0,3,1.41,0.76,Manuel Pellegrini,first spell in data,2.5
2014/15,2014-12-26,Man City,West Brom,Away,3,1,3,2.1,2.64,Manuel Pellegrini,first spell in data,2.5
2014/15,2014-12-28,Man City,Burnley,Home,2,2,1,1.39,0.96,Manuel Pellegrini,first spell in data,2.6
2014/15,2015-01-01,Man City,Sunderland,Home,3,2,3,3.63,0.98,Manuel Pellegrini,first spell in data,2.6
2014/15,2015-01-10,Man City,Everton,Away,1,1,1,1.51,0.95,Manuel Pellegrini,first spell in data,2.6
2014/15,2015-01-18,Man City,Arsenal,Home,0,2,0,0.56,1.49,Manuel Pellegrini,first spell in data,2.3
2014/15,2015-01-31,Man City,Chelsea,Away,1,1,1,0.91,0.71,Manuel Pellegrini,first spell in data,2.1
2014/15,2015-02-07,Man City,Hull,Home,1,1,1,0.99,1.13,Manuel Pellegrini,first spell in data,1.9
2014/15,2015-02-11,Man City,Stoke,Away,4,1,3,2.14,0.75,Manuel Pellegrini,first spell in data,1.9
2014/15,2015-02-21,Man City,Newcastle,Home,5,0,3,3.13,0.17,Manuel Pellegrini,first spell in data,1.9
2014/15,2015-03-01,Man City,Liverpool,Away,1,2,0,1.13,0.77,Manuel Pellegrini,first spell in data,1.6
2014/15,2015-03-04,Man City,Leicester,Home,2,0,3,2.92,0.22,Manuel Pellegrini,first spell in data,1.6
2014/15,2015-03-14,Man City,Burnley,Away,0,1,0,1.26,0.24,Manuel Pellegrini,first spell in data,1.5
2014/15,2015-03-21,Man City,West Brom,Home,3,0,3,4.91,0.78,Manuel Pellegrini,first spell in data,1.5
2014/15,2015-04-06,Man City,Crystal Palace,Away,1,2,0,1.11,1.33,Manuel Pellegrini,first spell in data,1.4
2014/15,2015-04-12,Man City,Man United,Away,2,4,0,1.76,2.66,Manuel Pellegrini,first spell in data,1.4
2014/15,2015-04-19,Man City,West Ham,Home,2,0,3,2.05,0.74,Manuel Pellegrini,first spell in data,1.6
2014/15,2015-04-25,Man City,Aston Villa,Home,3,2,3,1.19,0.9,Manuel Pellegrini,first spell in data,1.8
2014/15,2015-05-03,Man City,Tottenham,Away,1,0,3,1.81,2.07,Manuel Pellegrini,first spell in data,1.8
2014/15,2015-05-10,Man City,QPR,Home,6,0,3,5.35,0.87,Manuel Pellegrini,first spell in data,1.8
2014/15,2015-05-17,Man City,Swansea,Away,4,2,3,2.28,1.06,Manuel Pellegrini,first spell in data,2.1
2014/15,2015-05-24,Man City,Southampton,Home,2,0,3,2.44,0.78,Manuel Pellegrini,first spell in data,2.1
2015/16,2015-08-10,Man City,West Brom,Away,3,0,3,1.92,0.44,Manuel Pellegrini,first spell in data,2.4
2015/16,2015-08-16,Man City,Chelsea,Home,3,0,3,2.19,0.48,Manuel Pellegrini,first spell in data,2.4
2015/16,2015-08-23,Man City,Everton,Away,2,0,3,1.58,0.58,Manuel Pellegrini,first spell in data,2.7
2015/16,2015-08-29,Man City,Watford,Home,2,0,3,1.53,0.36,Manuel Pellegrini,first spell in data,3.0
2015/16,2015-09-12,Man City,Crystal Palace,Away,1,0,3,3.09,0.74,Manuel Pellegrini,first spell in data,3.0
2015/16,2015-09-19,Man City,West Ham,Home,1,2,0,2.98,1.0,Manuel Pellegrini,first spell in data,2.7
2015/16,2015-09-26,Man City,Tottenham,Away,1,4,0,1.58,2.31,Manuel Pellegrini,first spell in data,2.4
2015/16,2015-10-03,Man City,Newcastle,Home,6,1,3,3.33,0.98,Manuel Pellegrini,first spell in data,2.4
2015/16,2015-10-17,Man City,Bournemouth,Home,5,1,3,4.71,0.17,Manuel Pellegrini,first spell in data,2.4
2015/16,2015-10-25,Man City,Man United,Away,0,0,1,0.31,0.39,Manuel Pellegrini,first spell in data,2.2
2015/16,2015-10-31,Man City,Norwich,Home,2,1,3,2.84,1.17,Manuel Pellegrini,first spell in data,2.2
2015/16,2015-11-08,Man City,Aston Villa,Away,0,0,1,1.53,0.18,Manuel Pellegrini,first spell in data,2.0
2015/16,2015-11-21,Man City,Liverpool,Home,1,4,0,1.09,2.62,Manuel Pellegrini,first spell in data,1.7
2015/16,2015-11-28,Man City,Southampton,Home,3,1,3,2.12,1.24,Manuel Pellegrini,first spell in data,1.7
2015/16,2015-12-05,Man City,Stoke,Away,0,2,0,0.48,2.01,Manuel Pellegrini,first spell in data,1.4
2015/16,2015-12-12,Man City,Swansea,Home,2,1,3,1.34,0.96,Manuel Pellegrini,first spell in data,1.7
2015/16,2015-12-21,Man City,Arsenal,Away,1,2,0,0.77,1.5,Manuel Pellegrini,first spell in data,1.7
2015/16,2015-12-26,Man City,Sunderland,Home,4,1,3,3.52,1.08,Manuel Pellegrini,first spell in data,1.7
2015/16,2015-12-29,Man City,Leicester,Away,0,0,1,1.67,0.81,Manuel Pellegrini,first spell in data,1.5
2015/16,2016-01-02,Man City,Watford,Away,2,1,3,0.69,0.99,Manuel Pellegrini,first spell in data,1.7
2015/16,2016-01-13,Man City,Everton,Home,0,0,1,1.45,0.37,Manuel Pellegrini,first spell in data,1.5
2015/16,2016-01-16,Man City,Crystal Palace,Home,4,0,3,1.74,0.61,Manuel Pellegrini,first spell in data,1.7
2015/16,2016-01-23,Man City,West Ham,Away,2,2,1,1.73,1.01,Manuel Pellegrini,first spell in data,1.8
2015/16,2016-02-02,Man City,Sunderland,Away,1,0,3,0.64,0.89,Manuel Pellegrini,first spell in data,1.8
2015/16,2016-02-06,Man City,Leicester,Home,1,3,0,1.71,2.5,Manuel Pellegrini,first spell in data,1.8
2015/16,2016-02-14,Man City,Tottenham,Home,1,2,0,1.98,1.24,Manuel Pellegrini,first spell in data,1.5
2015/16,2016-03-02,Man City,Liverpool,Away,0,3,0,0.18,1.17,Manuel Pellegrini,first spell in data,1.5
2015/16,2016-03-05,Man City,Aston Villa,Home,4,0,3,2.83,0.12,Manuel Pellegrini,first spell in data,1.5
2015/16,2016-03-12,Man City,Norwich,Away,0,0,1,0.56,0.14,Manuel Pellegrini,first spell in data,1.5
2015/16,2016-03-20,Man City,Man United,Home,0,1,0,1.86,0.9,Manuel Pellegrini,first spell in data,1.2
2015/16,2016-04-02,Man City,Bournemouth,Away,4,0,3,0.87,1.32,Manuel Pellegrini,first spell in data,1.4
2015/16,2016-04-09,Man City,West Brom,Home,2,1,3,2.07,1.09,Manuel Pellegrini,first spell in data,1.4
2015/16,2016-04-16,Man City,Chelsea,Away,3,0,3,2.63,0.49,Manuel Pellegrini,first spell in data,1.6
2015/16,2016-04-19,Man City,Newcastle,Away,1,1,1,0.52,0.46,Manuel Pellegrini,first spell in data,1.4
2015/16,2016-04-23,Man City,Stoke,Home,4,0,3,2.22,1.09,Manuel Pellegrini,first spell in data,1.7
2015/16,2016-05-01,Man City,Southampton,Away,2,4,0,1.13,2.84,Manuel Pellegrini,first spell in data,1.7
2015/16,2016-05-08,Man City,Arsenal,Home,2,2,1,0.75,1.08,Manuel Pellegrini,first spell in data,1.8
2015/16,2016-05-15,Man City,Swansea,Away,1,1,1,2.04,0.12,Manuel Pellegrini,first spell in data,1.6
2016/17,2016-08-13,Man City,Sunderland,Home,2,1,3,1.95,1.1,Pep Guardiola,permanent,1.8
2016/17,2016-08-20,Man City,Stoke,Away,4,1,3,2.17,1.31,Pep Guardiola,permanent,2.1
2016/17,2016-08-28,Man City,West Ham,Home,3,1,3,3.22,1.08,Pep Guardiola,permanent,2.1
2016/17,2016-09-10,Man City,Man United,Away,2,1,3,1.89,1.01,Pep Guardiola,permanent,2.1
2016/17,2016-09-17,Man City,Bournemouth,Home,4,0,3,3.39,0.39,Pep Guardiola,permanent,2.1
2016/17,2016-09-24,Man City,Swansea,Away,3,1,3,2.58,1.11,Pep Guardiola,permanent,2.3
2016/17,2016-10-02,Man City,Tottenham,Away,0,2,0,0.91,1.7,Pep Guardiola,permanent,2.0
2016/17,2016-10-15,Man City,Everton,Home,1,1,1,2.69,0.14,Pep Guardiola,permanent,2.1
2016/17,2016-10-23,Man City,Southampton,Home,1,1,1,1.15,0.56,Pep Guardiola,permanent,2.1
2016/17,2016-10-29,Man City,West Brom,Away,4,0,3,2.48,0.6,Pep Guardiola,permanent,2.3
2016/17,2016-11-05,Man City,Middlesbrough,Home,1,1,1,2.5,0.21,Pep Guardiola,permanent,2.1
2016/17,2016-11-19,Man City,Crystal Palace,Away,2,1,3,1.39,0.43,Pep Guardiola,permanent,2.1
2016/17,2016-11-26,Man City,Burnley,Away,2,1,3,2.26,0.48,Pep Guardiola,permanent,2.1
2016/17,2016-12-03,Man City,Chelsea,Home,1,3,0,2.24,1.28,Pep Guardiola,permanent,1.8
2016/17,2016-12-10,Man City,Leicester,Away,2,4,0,0.97,2.61,Pep Guardiola,permanent,1.5
2016/17,2016-12-14,Man City,Watford,Home,2,0,3,1.62,0.5,Pep Guardiola,permanent,1.5
2016/17,2016-12-18,Man City,Arsenal,Home,2,1,3,1.52,0.61,Pep Guardiola,permanent,1.8
2016/17,2016-12-26,Man City,Hull,Away,3,0,3,2.22,0.35,Pep Guardiola,permanent,2.0
2016/17,2016-12-31,Man City,Liverpool,Away,0,1,0,0.35,0.26,Pep Guardiola,permanent,1.9
2016/17,2017-01-02,Man City,Burnley,Home,2,1,3,0.62,0.64,Pep Guardiola,permanent,1.9
2016/17,2017-01-15,Man City,Everton,Away,0,4,0,0.57,0.57,Pep Guardiola,permanent,1.8
2016/17,2017-01-21,Man City,Tottenham,Home,2,2,1,2.53,1.12,Pep Guardiola,permanent,1.6
2016/17,2017-02-01,Man City,West Ham,Away,4,0,3,2.66,0.49,Pep Guardiola,permanent,1.6
2016/17,2017-02-05,Man City,Swansea,Home,2,1,3,2.88,0.11,Pep Guardiola,permanent,1.9
2016/17,2017-02-13,Man City,Bournemouth,Away,2,0,3,2.95,0.15,Pep Guardiola,permanent,2.2
2016/17,2017-03-05,Man City,Sunderland,Away,2,0,3,2.48,0.74,Pep Guardiola,permanent,2.2
2016/17,2017-03-08,Man City,Stoke,Home,0,0,1,1.3,0.34,Pep Guardiola,permanent,2.0
2016/17,2017-03-19,Man City,Liverpool,Home,1,1,1,2.55,1.94,Pep Guardiola,permanent,1.8
2016/17,2017-04-02,Man City,Arsenal,Away,2,2,1,1.4,0.74,Pep Guardiola,permanent,1.9
2016/17,2017-04-05,Man City,Chelsea,Away,1,2,0,2.26,1.37,Pep Guardiola,permanent,1.6
2016/17,2017-04-08,Man City,Hull,Home,3,1,3,2.34,0.36,Pep Guardiola,permanent,1.9
2016/17,2017-04-15,Man City,Southampton,Away,3,0,3,2.74,0.62,Pep Guardiola,permanent,2.1
2016/17,2017-04-27,Man City,Man United,Home,0,0,1,1.42,0.42,Pep Guardiola,permanent,1.9
2016/17,2017-04-30,Man City,Middlesbrough,Away,2,2,1,3.11,1.18,Pep Guardiola,permanent,1.7
2016/17,2017-05-06,Man City,Crystal Palace,Home,5,0,3,2.7,0.24,Pep Guardiola,permanent,1.7
2016/17,2017-05-13,Man City,Leicester,Home,2,1,3,1.99,1.63,Pep Guardiola,permanent,1.7
2016/17,2017-05-16,Man City,West Brom,Home,3,1,3,2.58,0.39,Pep Guardiola,permanent,1.9
2016/17,2017-05-21,Man City,Watford,Away,5,0,3,3.27,0.83,Pep Guardiola,permanent,2.1
2017/18,2017-08-12,Man City,Brighton,Away,2,0,3,1.87,0.28,Pep Guardiola,permanent,2.3
2017/18,2017-08-21,Man City,Everton,Home,1,1,1,1.14,0.6,Pep Guardiola,permanent,2.4
2017/18,2017-08-26,Man City,Bournemouth,Away,2,1,3,1.77,0.42,Pep Guardiola,permanent,2.4
2017/18,2017-09-09,Man City,Liverpool,Home,5,0,3,3.15,0.67,Pep Guardiola,permanent,2.4
2017/18,2017-09-16,Man City,Watford,Away,6,0,3,3.99,0.8,Pep Guardiola,permanent,2.6
2017/18,2017-09-23,Man City,Crystal Palace,Home,5,0,3,5.73,0.61,Pep Guardiola,permanent,2.8
2017/18,2017-09-30,Man City,Chelsea,Away,1,0,3,1.23,0.91,Pep Guardiola,permanent,2.8
2017/18,2017-10-14,Man City,Stoke,Home,7,2,3,4.45,0.68,Pep Guardiola,permanent,2.8
2017/18,2017-10-21,Man City,Burnley,Home,3,0,3,3.72,0.15,Pep Guardiola,permanent,2.8
2017/18,2017-10-28,Man City,West Brom,Away,3,2,3,2.77,1.12,Pep Guardiola,permanent,2.8
2017/18,2017-11-05,Man City,Arsenal,Home,3,1,3,2.15,0.34,Pep Guardiola,permanent,2.8
2017/18,2017-11-18,Man City,Leicester,Away,2,0,3,2.4,0.1,Pep Guardiola,permanent,3.0
2017/18,2017-11-26,Man City,Huddersfield,Away,2,1,3,2.66,0.54,Pep Guardiola,permanent,3.0
2017/18,2017-11-29,Man City,Southampton,Home,2,1,3,1.65,1.71,Pep Guardiola,permanent,3.0
2017/18,2017-12-03,Man City,West Ham,Home,2,1,3,2.46,0.47,Pep Guardiola,permanent,3.0
2017/18,2017-12-10,Man City,Man United,Away,2,1,3,2.03,1.44,Pep Guardiola,permanent,3.0
2017/18,2017-12-13,Man City,Swansea,Away,4,0,3,3.57,0.59,Pep Guardiola,permanent,3.0
2017/18,2017-12-16,Man City,Tottenham,Home,4,1,3,4.15,0.18,Pep Guardiola,permanent,3.0
2017/18,2017-12-23,Man City,Bournemouth,Home,4,0,3,1.56,0.33,Pep Guardiola,permanent,3.0
2017/18,2017-12-27,Man City,Newcastle,Away,1,0,3,1.93,0.17,Pep Guardiola,permanent,3.0
2017/18,2017-12-31,Man City,Crystal Palace,Away,0,0,1,1.1,1.72,Pep Guardiola,permanent,2.8
2017/18,2018-01-02,Man City,Watford,Home,3,1,3,2.77,0.97,Pep Guardiola,permanent,2.8
2017/18,2018-01-14,Man City,Liverpool,Away,3,4,0,0.72,1.02,Pep Guardiola,permanent,2.5
2017/18,2018-01-20,Man City,Newcastle,Home,3,1,3,2.55,0.99,Pep Guardiola,permanent,2.5
2017/18,2018-01-31,Man City,West Brom,Home,3,0,3,2.69,0.12,Pep Guardiola,permanent,2.5
2017/18,2018-02-03,Man City,Burnley,Away,1,1,1,2.25,0.8,Pep Guardiola,permanent,2.3
2017/18,2018-02-10,Man City,Leicester,Home,5,1,3,2.59,0.11,Pep Guardiola,permanent,2.3
2017/18,2018-03-01,Man City,Arsenal,Away,3,0,3,1.93,1.3,Pep Guardiola,permanent,2.3
2017/18,2018-03-04,Man City,Chelsea,Home,1,0,3,0.95,0.12,Pep Guardiola,permanent,2.3
2017/18,2018-03-12,Man City,Stoke,Away,2,0,3,1.65,0.16,Pep Guardiola,permanent,2.3
2017/18,2018-03-31,Man City,Everton,Away,3,1,3,1.91,0.86,Pep Guardiola,permanent,2.5
2017/18,2018-04-07,Man City,Man United,Home,2,3,0,3.43,1.22,Pep Guardiola,permanent,2.2
2017/18,2018-04-14,Man City,Tottenham,Away,3,1,3,3.62,0.45,Pep Guardiola,permanent,2.5
2017/18,2018-04-22,Man City,Swansea,Home,5,0,3,3.42,0.3,Pep Guardiola,permanent,2.5
2017/18,2018-04-29,Man City,West Ham,Away,4,1,3,2.29,0.23,Pep Guardiola,permanent,2.5
2017/18,2018-05-06,Man City,Huddersfield,Home,0,0,1,0.79,0.55,Pep Guardiola,permanent,2.5
2017/18,2018-05-09,Man City,Brighton,Home,3,1,3,1.65,1.01,Pep Guardiola,permanent,2.5
2017/18,2018-05-13,Man City,Southampton,Away,1,0,3,0.77,0.51,Pep Guardiola,permanent,2.5
2018/19,2018-08-12,Man City,Arsenal,Away,2,0,3,2.02,0.45,Pep Guardiola,permanent,2.5
2018/19,2018-08-19,Man City,Huddersfield,Home,6,1,3,4.6,0.66,Pep Guardiola,permanent,2.5
2018/19,2018-08-25,Man City,Wolves,Away,1,1,1,1.84,1.26,Pep Guardiola,permanent,2.3
2018/19,2018-09-01,Man City,Newcastle,Home,2,1,3,2.47,0.55,Pep Guardiola,permanent,2.6
2018/19,2018-09-15,Man City,Fulham,Home,3,0,3,4.92,0.34,Pep Guardiola,permanent,2.6
2018/19,2018-09-22,Man City,Cardiff,Away,5,0,3,3.08,0.1,Pep Guardiola,permanent,2.6
2018/19,2018-09-29,Man City,Brighton,Home,2,0,3,2.91,0.23,Pep Guardiola,permanent,2.6
2018/19,2018-10-07,Man City,Liverpool,Away,0,0,1,1.07,0.43,Pep Guardiola,permanent,2.6
2018/19,2018-10-20,Man City,Burnley,Home,5,0,3,4.49,0.37,Pep Guardiola,permanent,2.6
2018/19,2018-10-29,Man City,Tottenham,Away,1,0,3,1.94,0.44,Pep Guardiola,permanent,2.6
2018/19,2018-11-04,Man City,Southampton,Home,6,1,3,2.76,1.81,Pep Guardiola,permanent,2.6
2018/19,2018-11-11,Man City,Man United,Home,3,1,3,2.03,0.97,Pep Guardiola,permanent,2.6
2018/19,2018-11-24,Man City,West Ham,Away,4,0,3,2.96,0.83,Pep Guardiola,permanent,2.8
2018/19,2018-12-01,Man City,Bournemouth,Home,3,1,3,2.84,0.72,Pep Guardiola,permanent,2.8
2018/19,2018-12-04,Man City,Watford,Away,2,1,3,2.52,1.67,Pep Guardiola,permanent,2.8
2018/19,2018-12-08,Man City,Chelsea,Away,0,2,0,0.74,0.53,Pep Guardiola,permanent,2.5
2018/19,2018-12-15,Man City,Everton,Home,3,1,3,1.8,1.62,Pep Guardiola,permanent,2.5
2018/19,2018-12-22,Man City,Crystal Palace,Home,2,3,0,1.27,1.15,Pep Guardiola,permanent,2.4
2018/19,2018-12-26,Man City,Leicester,Away,1,2,0,1.35,1.56,Pep Guardiola,permanent,2.1
2018/19,2018-12-30,Man City,Southampton,Away,3,1,3,2.97,0.22,Pep Guardiola,permanent,2.1
2018/19,2019-01-03,Man City,Liverpool,Home,2,1,3,1.0,1.38,Pep Guardiola,permanent,2.1
2018/19,2019-01-14,Man City,Wolves,Home,3,0,3,3.12,0.1,Pep Guardiola,permanent,2.1
2018/19,2019-01-20,Man City,Huddersfield,Away,3,0,3,2.01,0.76,Pep Guardiola,permanent,2.1
2018/19,2019-01-29,Man City,Newcastle,Away,1,2,0,1.34,0.99,Pep Guardiola,permanent,1.8
2018/19,2019-02-03,Man City,Arsenal,Home,3,1,3,3.03,0.7,Pep Guardiola,permanent,1.8
2018/19,2019-02-06,Man City,Everton,Away,2,0,3,2.61,0.11,Pep Guardiola,permanent,2.1
2018/19,2019-02-10,Man City,Chelsea,Home,6,0,3,4.04,0.9,Pep Guardiola,permanent,2.1
2018/19,2019-02-27,Man City,West Ham,Home,1,0,3,3.68,0.4,Pep Guardiola,permanent,2.4
2018/19,2019-03-02,Man City,Bournemouth,Away,1,0,3,1.6,0.0,Pep Guardiola,permanent,2.7
2018/19,2019-03-09,Man City,Watford,Home,3,1,3,3.76,0.41,Pep Guardiola,permanent,2.7
2018/19,2019-03-30,Man City,Fulham,Away,2,0,3,2.32,0.66,Pep Guardiola,permanent,2.7
2018/19,2019-04-03,Man City,Cardiff,Home,2,0,3,3.54,0.14,Pep Guardiola,permanent,2.7
2018/19,2019-04-14,Man City,Crystal Palace,Away,3,1,3,2.86,0.32,Pep Guardiola,permanent,2.7
2018/19,2019-04-20,Man City,Tottenham,Home,1,0,3,2.06,1.2,Pep Guardiola,permanent,3.0
2018/19,2019-04-24,Man City,Man United,Away,2,0,3,0.53,0.51,Pep Guardiola,permanent,3.0
2018/19,2019-04-28,Man City,Burnley,Away,1,0,3,2.35,0.09,Pep Guardiola,permanent,3.0
2018/19,2019-05-06,Man City,Leicester,Home,1,0,3,1.09,0.54,Pep Guardiola,permanent,3.0
2018/19,2019-05-12,Man City,Brighton,Away,4,1,3,2.22,0.6,Pep Guardiola,permanent,3.0
2019/20,2019-08-10,Man City,West Ham,Away,5,0,3,3.18,1.2,Pep Guardiola,permanent,3.0
2019/20,2019-08-17,Man City,Tottenham,Home,2,2,1,3.2,0.07,Pep Guardiola,permanent,2.8
2019/20,2019-08-25,Man City,Bournemouth,Away,3,1,3,3.13,1.89,Pep Guardiola,permanent,2.8
2019/20,2019-08-31,Man City,Brighton,Home,4,0,3,2.31,0.86,Pep Guardiola,permanent,2.8
2019/20,2019-09-14,Man City,Norwich,Away,2,3,0,2.34,1.74,Pep Guardiola,permanent,2.5
2019/20,2019-09-21,Man City,Watford,Home,8,0,3,6.63,0.34,Pep Guardiola,permanent,2.5
2019/20,2019-09-28,Man City,Everton,Away,3,1,3,3.11,2.36,Pep Guardiola,permanent,2.5
2019/20,2019-10-06,Man City,Wolves,Home,0,2,0,1.62,1.19,Pep Guardiola,permanent,2.2
2019/20,2019-10-19,Man City,Crystal Palace,Away,2,0,3,4.02,0.62,Pep Guardiola,permanent,2.2
2019/20,2019-10-26,Man City,Aston Villa,Home,3,0,3,3.19,0.98,Pep Guardiola,permanent,2.2
2019/20,2019-11-02,Man City,Southampton,Home,2,1,3,3.36,0.89,Pep Guardiola,permanent,2.2
2019/20,2019-11-10,Man City,Liverpool,Away,1,3,0,1.48,1.33,Pep Guardiola,permanent,2.1
2019/20,2019-11-23,Man City,Chelsea,Home,2,1,3,1.24,0.82,Pep Guardiola,permanent,2.1
2019/20,2019-11-30,Man City,Newcastle,Away,2,2,1,2.44,0.21,Pep Guardiola,permanent,1.9
2019/20,2019-12-03,Man City,Burnley,Away,4,1,3,2.56,0.49,Pep Guardiola,permanent,2.2
2019/20,2019-12-07,Man City,Man United,Home,1,2,0,2.07,1.63,Pep Guardiola,permanent,1.9
2019/20,2019-12-15,Man City,Arsenal,Away,3,0,3,1.7,0.28,Pep Guardiola,permanent,1.9
2019/20,2019-12-21,Man City,Leicester,Home,3,1,3,3.59,1.01,Pep Guardiola,permanent,2.2
2019/20,2019-12-27,Man City,Wolves,Away,2,3,0,1.52,2.39,Pep Guardiola,permanent,1.9
2019/20,2019-12-29,Man City,Sheffield United,Home,2,0,3,1.09,1.23,Pep Guardiola,permanent,1.9
2019/20,2020-01-01,Man City,Everton,Home,2,1,3,1.8,0.85,Pep Guardiola,permanent,1.9
2019/20,2020-01-12,Man City,Aston Villa,Away,6,1,3,3.75,1.13,Pep Guardiola,permanent,2.2
2019/20,2020-01-18,Man City,Crystal Palace,Home,2,2,1,2.47,0.59,Pep Guardiola,permanent,2.0
2019/20,2020-01-21,Man City,Sheffield United,Away,1,0,3,2.87,0.77,Pep Guardiola,permanent,2.2
2019/20,2020-02-02,Man City,Tottenham,Away,0,2,0,3.25,0.42,Pep Guardiola,permanent,1.9
2019/20,2020-02-19,Man City,West Ham,Home,2,0,3,2.14,0.09,Pep Guardiola,permanent,2.2
2019/20,2020-02-22,Man City,Leicester,Away,1,0,3,2.43,0.72,Pep Guardiola,permanent,2.2
2019/20,2020-03-08,Man City,Man United,Away,0,2,0,0.59,1.74,Pep Guardiola,permanent,1.9
2019/20,2020-06-17,Man City,Arsenal,Home,3,0,3,2.74,0.5,Pep Guardiola,permanent,2.2
2019/20,2020-06-22,Man City,Burnley,Home,5,0,3,2.71,0.03,Pep Guardiola,permanent,2.2
2019/20,2020-06-25,Man City,Chelsea,Away,1,2,0,0.69,4.21,Pep Guardiola,permanent,1.9
2019/20,2020-07-02,Man City,Liverpool,Home,4,0,3,2.65,0.82,Pep Guardiola,permanent,1.9
2019/20,2020-07-05,Man City,Southampton,Away,0,1,0,3.4,0.63,Pep Guardiola,permanent,1.8
2019/20,2020-07-08,Man City,Newcastle,Home,5,0,3,3.29,0.22,Pep Guardiola,permanent,1.8
2019/20,2020-07-11,Man City,Brighton,Away,5,0,3,5.52,0.15,Pep Guardiola,permanent,2.1
2019/20,2020-07-15,Man City,Bournemouth,Home,2,1,3,0.83,1.67,Pep Guardiola,permanent,2.1
2019/20,2020-07-21,Man City,Watford,Away,4,0,3,3.74,0.13,Pep Guardiola,permanent,2.1
2019/20,2020-07-26,Man City,Norwich,Home,5,0,3,3.57,0.79,Pep Guardiola,permanent,2.4
2020/21,2020-09-21,Man City,Wolves,Away,3,1,3,2.08,0.73,Pep Guardiola,permanent,2.4
2020/21,2020-09-27,Man City,Leicester,Home,2,5,0,1.45,2.87,Pep Guardiola,permanent,2.1
2020/21,2020-10-03,Man City,Leeds,Away,1,1,1,1.42,2.57,Pep Guardiola,permanent,2.2
2020/21,2020-10-17,Man City,Arsenal,Home,1,0,3,1.43,0.84,Pep Guardiola,permanent,2.2
2020/21,2020-10-24,Man City,West Ham,Away,1,1,1,0.89,0.26,Pep Guardiola,permanent,2.3
2020/21,2020-10-31,Man City,Sheffield United,Away,1,0,3,1.9,0.69,Pep Guardiola,permanent,2.3
2020/21,2020-11-08,Man City,Liverpool,Home,1,1,1,1.58,1.19,Pep Guardiola,permanent,2.1
2020/21,2020-11-21,Man City,Tottenham,Away,0,2,0,1.66,0.76,Pep Guardiola,permanent,1.8
2020/21,2020-11-28,Man City,Burnley,Home,5,0,3,2.26,0.42,Pep Guardiola,permanent,1.8
2020/21,2020-12-05,Man City,Fulham,Home,2,0,3,3.26,0.29,Pep Guardiola,permanent,1.8
2020/21,2020-12-12,Man City,Man United,Away,0,0,1,1.28,0.59,Pep Guardiola,permanent,1.6
2020/21,2020-12-15,Man City,West Brom,Home,1,1,1,2.59,0.21,Pep Guardiola,permanent,1.7
2020/21,2020-12-19,Man City,Southampton,Away,1,0,3,1.16,0.59,Pep Guardiola,permanent,1.9
2020/21,2020-12-26,Man City,Newcastle,Home,2,0,3,3.2,0.2,Pep Guardiola,permanent,1.9
2020/21,2021-01-03,Man City,Chelsea,Away,3,1,3,3.18,0.69,Pep Guardiola,permanent,2.1
2020/21,2021-01-13,Man City,Brighton,Home,1,0,3,2.91,0.18,Pep Guardiola,permanent,2.1
2020/21,2021-01-17,Man City,Crystal Palace,Home,4,0,3,0.96,0.05,Pep Guardiola,permanent,2.3
2020/21,2021-01-20,Man City,Aston Villa,Home,2,0,3,3.34,0.6,Pep Guardiola,permanent,2.6
2020/21,2021-01-26,Man City,West Brom,Away,5,0,3,2.25,0.57,Pep Guardiola,permanent,2.6
2020/21,2021-01-30,Man City,Sheffield United,Home,1,0,3,1.53,0.15,Pep Guardiola,permanent,2.6
2020/21,2021-02-03,Man City,Burnley,Away,2,0,3,2.12,0.05,Pep Guardiola,permanent,2.8
2020/21,2021-02-07,Man City,Liverpool,Away,4,1,3,3.55,1.18,Pep Guardiola,permanent,3.0
2020/21,2021-02-13,Man City,Tottenham,Home,3,0,3,2.46,0.42,Pep Guardiola,permanent,3.0
2020/21,2021-02-17,Man City,Everton,Away,3,1,3,1.23,1.05,Pep Guardiola,permanent,3.0
2020/21,2021-02-21,Man City,Arsenal,Away,1,0,3,2.09,0.33,Pep Guardiola,permanent,3.0
2020/21,2021-02-27,Man City,West Ham,Home,2,1,3,0.76,1.93,Pep Guardiola,permanent,3.0
2020/21,2021-03-02,Man City,Wolves,Home,4,1,3,3.26,0.32,Pep Guardiola,permanent,3.0
2020/21,2021-03-07,Man City,Man United,Home,0,2,0,1.28,2.11,Pep Guardiola,permanent,2.7
2020/21,2021-03-10,Man City,Southampton,Home,5,2,3,3.11,1.61,Pep Guardiola,permanent,2.7
2020/21,2021-03-13,Man City,Fulham,Away,3,0,3,2.73,0.45,Pep Guardiola,permanent,2.7
2020/21,2021-04-03,Man City,Leicester,Away,2,0,3,1.98,0.28,Pep Guardiola,permanent,2.7
2020/21,2021-04-10,Man City,Leeds,Home,1,2,0,1.99,0.18,Pep Guardiola,permanent,2.4
2020/21,2021-04-21,Man City,Aston Villa,Away,2,1,3,1.56,0.8,Pep Guardiola,permanent,2.4
2020/21,2021-05-01,Man City,Crystal Palace,Away,2,0,3,2.04,0.36,Pep Guardiola,permanent,2.4
2020/21,2021-05-08,Man City,Chelsea,Home,1,2,0,1.79,0.62,Pep Guardiola,permanent,2.1
2020/21,2021-05-14,Man City,Newcastle,Away,4,3,3,1.48,2.18,Pep Guardiola,permanent,2.1
2020/21,2021-05-18,Man City,Brighton,Away,2,3,0,1.07,1.23,Pep Guardiola,permanent,1.8
2020/21,2021-05-23,Man City,Everton,Home,5,0,3,2.88,1.07,Pep Guardiola,permanent,2.1
2021/22,2021-08-15,Man City,Tottenham,Away,0,1,0,2.11,1.06,Pep Guardiola,permanent,1.8
2021/22,2021-08-21,Man City,Norwich,Home,5,0,3,2.44,0.03,Pep Guardiola,permanent,1.8
2021/22,2021-08-28,Man City,Arsenal,Home,5,0,3,4.47,0.12,Pep Guardiola,permanent,1.8
2021/22,2021-09-11,Man City,Leicester,Away,1,0,3,2.75,0.8,Pep Guardiola,permanent,2.1
2021/22,2021-09-18,Man City,Southampton,Home,0,0,1,1.22,0.49,Pep Guardiola,permanent,1.9
2021/22,2021-09-25,Man City,Chelsea,Away,1,0,3,1.69,0.19,Pep Guardiola,permanent,1.9
2021/22,2021-10-03,Man City,Liverpool,Away,2,2,1,1.04,0.95,Pep Guardiola,permanent,2.0
2021/22,2021-10-16,Man City,Burnley,Home,2,0,3,2.16,1.08,Pep Guardiola,permanent,2.0
2021/22,2021-10-23,Man City,Brighton,Away,4,1,3,3.57,1.17,Pep Guardiola,permanent,2.3
2021/22,2021-10-30,Man City,Crystal Palace,Home,0,2,0,0.66,1.05,Pep Guardiola,permanent,2.0
2021/22,2021-11-06,Man City,Man United,Away,2,0,3,2.04,0.76,Pep Guardiola,permanent,2.3
2021/22,2021-11-21,Man City,Everton,Home,3,0,3,2.61,0.27,Pep Guardiola,permanent,2.3
2021/22,2021-11-28,Man City,West Ham,Home,2,1,3,2.72,0.17,Pep Guardiola,permanent,2.3
2021/22,2021-12-01,Man City,Aston Villa,Away,2,1,3,1.02,0.77,Pep Guardiola,permanent,2.3
2021/22,2021-12-04,Man City,Watford,Away,3,1,3,4.03,0.68,Pep Guardiola,permanent,2.5
2021/22,2021-12-11,Man City,Wolves,Home,1,0,3,3.0,0.08,Pep Guardiola,permanent,2.5
2021/22,2021-12-14,Man City,Leeds,Home,7,0,3,3.31,0.23,Pep Guardiola,permanent,2.7
2021/22,2021-12-19,Man City,Newcastle,Away,4,0,3,3.65,0.17,Pep Guardiola,permanent,2.7
2021/22,2021-12-26,Man City,Leicester,Home,6,3,3,3.83,2.43,Pep Guardiola,permanent,2.7
2021/22,2021-12-29,Man City,Brentford,Away,1,0,3,1.02,0.24,Pep Guardiola,permanent,3.0
2021/22,2022-01-01,Man City,Arsenal,Away,2,1,3,1.95,0.84,Pep Guardiola,permanent,3.0
2021/22,2022-01-15,Man City,Chelsea,Home,1,0,3,0.9,0.61,Pep Guardiola,permanent,3.0
2021/22,2022-01-22,Man City,Southampton,Away,1,1,1,1.63,1.0,Pep Guardiola,permanent,2.8
2021/22,2022-02-09,Man City,Brentford,Home,2,0,3,1.98,0.46,Pep Guardiola,permanent,2.8
2021/22,2022-02-12,Man City,Norwich,Away,4,0,3,4.45,0.36,Pep Guardiola,permanent,2.8
2021/22,2022-02-19,Man City,Tottenham,Home,2,3,0,2.32,2.0,Pep Guardiola,permanent,2.5
2021/22,2022-02-26,Man City,Everton,Away,1,0,3,1.93,0.77,Pep Guardiola,permanent,2.5
2021/22,2022-03-06,Man City,Man United,Home,4,1,3,2.74,0.36,Pep Guardiola,permanent,2.5
2021/22,2022-03-14,Man City,Crystal Palace,Away,0,0,1,2.04,0.47,Pep Guardiola,permanent,2.3
2021/22,2022-04-02,Man City,Burnley,Away,2,0,3,1.62,0.06,Pep Guardiola,permanent,2.3
2021/22,2022-04-10,Man City,Liverpool,Home,2,2,1,1.35,1.3,Pep Guardiola,permanent,2.1
2021/22,2022-04-20,Man City,Brighton,Home,3,0,3,1.53,0.12,Pep Guardiola,permanent,2.1
2021/22,2022-04-23,Man City,Watford,Home,5,1,3,3.68,0.43,Pep Guardiola,permanent,2.3
2021/22,2022-04-30,Man City,Leeds,Away,4,0,3,3.01,1.04,Pep Guardiola,permanent,2.3
2021/22,2022-05-08,Man City,Newcastle,Home,5,0,3,4.06,1.0,Pep Guardiola,permanent,2.3
2021/22,2022-05-11,Man City,Wolves,Away,5,1,3,3.39,0.41,Pep Guardiola,permanent,2.6
2021/22,2022-05-15,Man City,West Ham,Away,2,2,1,2.15,1.01,Pep Guardiola,permanent,2.4
2021/22,2022-05-22,Man City,Aston Villa,Home,3,2,3,3.32,0.25,Pep Guardiola,permanent,2.4
2022/23,2022-08-07,Man City,West Ham,Away,2,0,3,2.59,0.25,Pep Guardiola,permanent,2.6
2022/23,2022-08-13,Man City,Bournemouth,Home,4,0,3,1.69,0.12,Pep Guardiola,permanent,2.6
2022/23,2022-08-21,Man City,Newcastle,Away,3,3,1,3.67,2.21,Pep Guardiola,permanent,2.6
2022/23,2022-08-27,Man City,Crystal Palace,Home,4,2,3,2.39,0.09,Pep Guardiola,permanent,2.6
2022/23,2022-08-31,Man City,Nott'm Forest,Home,6,0,3,3.84,0.73,Pep Guardiola,permanent,2.6
2022/23,2022-09-03,Man City,Aston Villa,Away,1,1,1,1.92,0.28,Pep Guardiola,permanent,2.4
2022/23,2022-09-17,Man City,Wolves,Away,3,0,3,1.42,0.31,Pep Guardiola,permanent,2.4
2022/23,2022-10-02,Man City,Man United,Home,6,3,3,3.01,1.71,Pep Guardiola,permanent,2.4
2022/23,2022-10-08,Man City,Southampton,Home,4,0,3,2.74,0.1,Pep Guardiola,permanent,2.6
2022/23,2022-10-16,Man City,Liverpool,Away,0,1,0,0.91,2.0,Pep Guardiola,permanent,2.3
2022/23,2022-10-22,Man City,Brighton,Home,3,1,3,1.86,0.53,Pep Guardiola,permanent,2.3
2022/23,2022-10-29,Man City,Leicester,Away,1,0,3,0.7,0.69,Pep Guardiola,permanent,2.3
2022/23,2022-11-05,Man City,Fulham,Home,2,1,3,2.39,0.84,Pep Guardiola,permanent,2.5
2022/23,2022-11-12,Man City,Brentford,Home,1,2,0,1.6,3.29,Pep Guardiola,permanent,2.2
2022/23,2022-12-28,Man City,Leeds,Away,3,1,3,4.16,0.6,Pep Guardiola,permanent,2.2
2022/23,2022-12-31,Man City,Everton,Home,1,1,1,2.36,0.08,Pep Guardiola,permanent,2.2
2022/23,2023-01-05,Man City,Chelsea,Away,1,0,3,1.72,0.49,Pep Guardiola,permanent,2.2
2022/23,2023-01-14,Man City,Man United,Away,1,2,0,0.74,1.98,Pep Guardiola,permanent,1.9
2022/23,2023-01-19,Man City,Tottenham,Home,4,2,3,2.34,1.16,Pep Guardiola,permanent,1.9
2022/23,2023-01-22,Man City,Wolves,Home,3,0,3,3.33,0.47,Pep Guardiola,permanent,2.2
2022/23,2023-02-05,Man City,Tottenham,Away,0,1,0,0.77,1.42,Pep Guardiola,permanent,1.9
2022/23,2023-02-12,Man City,Aston Villa,Home,3,1,3,3.61,0.28,Pep Guardiola,permanent,1.9
2022/23,2023-02-15,Man City,Arsenal,Away,3,1,3,2.01,1.7,Pep Guardiola,permanent,1.9
2022/23,2023-02-18,Man City,Nott'm Forest,Away,1,1,1,2.81,1.13,Pep Guardiola,permanent,2.0
2022/23,2023-02-25,Man City,Bournemouth,Away,4,1,3,2.98,1.09,Pep Guardiola,permanent,2.0
2022/23,2023-03-04,Man City,Newcastle,Home,2,0,3,1.34,0.36,Pep Guardiola,permanent,2.2
2022/23,2023-03-11,Man City,Crystal Palace,Away,1,0,3,2.19,0.19,Pep Guardiola,permanent,2.2
2022/23,2023-04-01,Man City,Liverpool,Home,4,1,3,3.01,0.32,Pep Guardiola,permanent,2.5
2022/23,2023-04-08,Man City,Southampton,Away,4,1,3,3.06,0.49,Pep Guardiola,permanent,2.5
2022/23,2023-04-15,Man City,Leicester,Home,3,1,3,1.61,1.93,Pep Guardiola,permanent,2.5
2022/23,2023-04-26,Man City,Arsenal,Home,4,1,3,2.01,0.4,Pep Guardiola,permanent,2.8
2022/23,2023-04-30,Man City,Fulham,Away,2,1,3,2.32,0.43,Pep Guardiola,permanent,2.8
2022/23,2023-05-03,Man City,West Ham,Home,3,0,3,3.0,0.49,Pep Guardiola,permanent,2.8
2022/23,2023-05-06,Man City,Leeds,Home,2,1,3,2.83,0.14,Pep Guardiola,permanent,3.0
2022/23,2023-05-14,Man City,Everton,Away,3,0,3,1.04,1.19,Pep Guardiola,permanent,3.0
2022/23,2023-05-21,Man City,Chelsea,Home,1,0,3,1.21,1.16,Pep Guardiola,permanent,3.0
2022/23,2023-05-24,Man City,Brighton,Away,1,1,1,1.93,2.11,Pep Guardiola,permanent,2.8
2022/23,2023-05-28,Man City,Brentford,Away,0,1,0,1.19,1.44,Pep Guardiola,permanent,2.5
2023/24,2023-08-11,Man City,Burnley,Away,3,0,3,2.4,0.31,Pep Guardiola,permanent,2.5
2023/24,2023-08-19,Man City,Newcastle,Home,1,0,3,1.23,0.26,Pep Guardiola,permanent,2.5
2023/24,2023-08-27,Man City,Sheffield United,Away,2,1,3,3.85,0.76,Pep Guardiola,permanent,2.5
2023/24,2023-09-02,Man City,Fulham,Home,5,1,3,2.0,1.46,Pep Guardiola,permanent,2.5
2023/24,2023-09-16,Man City,West Ham,Away,3,1,3,4.15,0.9,Pep Guardiola,permanent,2.5
2023/24,2023-09-23,Man City,Nott'm Forest,Home,2,0,3,1.34,0.73,Pep Guardiola,permanent,2.5
2023/24,2023-09-30,Man City,Wolves,Away,1,2,0,0.98,0.67,Pep Guardiola,permanent,2.2
2023/24,2023-10-08,Man City,Arsenal,Away,0,1,0,0.86,0.39,Pep Guardiola,permanent,1.9
2023/24,2023-10-21,Man City,Brighton,Home,2,1,3,0.96,0.96,Pep Guardiola,permanent,2.1
2023/24,2023-10-29,Man City,Man United,Away,3,0,3,4.55,0.71,Pep Guardiola,permanent,2.4
2023/24,2023-11-04,Man City,Bournemouth,Home,6,1,3,2.4,0.64,Pep Guardiola,permanent,2.4
2023/24,2023-11-12,Man City,Chelsea,Away,4,4,1,3.19,3.47,Pep Guardiola,permanent,2.2
2023/24,2023-11-25,Man City,Liverpool,Home,1,1,1,1.8,0.77,Pep Guardiola,permanent,2.0
2023/24,2023-12-03,Man City,Tottenham,Home,3,3,1,2.91,0.43,Pep Guardiola,permanent,1.8
2023/24,2023-12-06,Man City,Aston Villa,Away,0,1,0,1.0,2.19,Pep Guardiola,permanent,1.5
2023/24,2023-12-10,Man City,Luton,Away,2,1,3,2.23,0.69,Pep Guardiola,permanent,1.5
2023/24,2023-12-16,Man City,Crystal Palace,Home,2,2,1,2.42,1.65,Pep Guardiola,permanent,1.6
2023/24,2023-12-27,Man City,Everton,Away,3,1,3,2.28,1.24,Pep Guardiola,permanent,1.9
2023/24,2023-12-30,Man City,Sheffield United,Home,2,0,3,2.24,0.26,Pep Guardiola,permanent,1.9
2023/24,2024-01-13,Man City,Newcastle,Away,3,2,3,2.55,1.24,Pep Guardiola,permanent,1.9
2023/24,2024-01-31,Man City,Burnley,Home,3,1,3,1.85,1.49,Pep Guardiola,permanent,1.9
2023/24,2024-02-05,Man City,Brentford,Away,3,1,3,2.11,0.87,Pep Guardiola,permanent,2.1
2023/24,2024-02-10,Man City,Everton,Home,2,0,3,1.59,0.19,Pep Guardiola,permanent,2.3
2023/24,2024-02-17,Man City,Chelsea,Home,1,1,1,2.78,1.83,Pep Guardiola,permanent,2.3
2023/24,2024-02-20,Man City,Brentford,Home,1,0,3,2.54,0.5,Pep Guardiola,permanent,2.6
2023/24,2024-02-24,Man City,Bournemouth,Away,1,0,3,1.8,0.93,Pep Guardiola,permanent,2.6
2023/24,2024-03-03,Man City,Man United,Home,3,1,3,2.64,0.15,Pep Guardiola,permanent,2.8
2023/24,2024-03-10,Man City,Liverpool,Away,1,1,1,1.37,2.25,Pep Guardiola,permanent,2.6
2023/24,2024-03-31,Man City,Arsenal,Home,0,0,1,1.22,0.51,Pep Guardiola,permanent,2.4
2023/24,2024-04-03,Man City,Aston Villa,Home,4,1,3,3.88,1.19,Pep Guardiola,permanent,2.4
2023/24,2024-04-06,Man City,Crystal Palace,Away,4,2,3,2.26,1.49,Pep Guardiola,permanent,2.4
2023/24,2024-04-13,Man City,Luton,Home,5,1,3,4.64,0.81,Pep Guardiola,permanent,2.4
2023/24,2024-04-25,Man City,Brighton,Away,4,0,3,1.91,0.57,Pep Guardiola,permanent,2.4
2023/24,2024-04-28,Man City,Nott'm Forest,Away,2,0,3,0.93,2.17,Pep Guardiola,permanent,2.6
2023/24,2024-05-04,Man City,Wolves,Home,5,1,3,4.53,0.4,Pep Guardiola,permanent,2.6
2023/24,2024-05-11,Man City,Fulham,Away,4,0,3,3.15,0.09,Pep Guardiola,permanent,2.6
2023/24,2024-05-14,Man City,Tottenham,Away,2,0,3,2.7,1.84,Pep Guardiola,permanent,2.6
2023/24,2024-05-19,Man City,West Ham,Home,3,1,3,2.32,0.24,Pep Guardiola,permanent,2.8
2024/25,2024-08-18,Man City,Chelsea,Away,2,0,3,1.18,1.06,Pep Guardiola,permanent,3.0
2024/25,2024-08-24,Man City,Ipswich,Home,4,1,3,3.08,0.48,Pep Guardiola,permanent,3.0
2024/25,2024-08-31,Man City,West Ham,Away,3,1,3,3.19,0.95,Pep Guardiola,permanent,3.0
2024/25,2024-09-14,Man City,Brentford,Home,2,1,3,1.55,1.05,Pep Guardiola,permanent,3.0
2024/25,2024-09-22,Man City,Arsenal,Home,2,2,1,2.76,1.28,Pep Guardiola,permanent,2.8
2024/25,2024-09-28,Man City,Newcastle,Away,1,1,1,1.27,1.34,Pep Guardiola,permanent,2.6
2024/25,2024-10-05,Man City,Fulham,Home,3,2,3,1.37,2.76,Pep Guardiola,permanent,2.6
2024/25,2024-10-20,Man City,Wolves,Away,2,1,3,1.37,0.76,Pep Guardiola,permanent,2.6
2024/25,2024-10-26,Man City,Southampton,Home,1,0,3,3.16,0.37,Pep Guardiola,permanent,2.6
2024/25,2024-11-02,Man City,Bournemouth,Away,1,2,0,2.35,2.45,Pep Guardiola,permanent,2.3
2024/25,2024-11-09,Man City,Brighton,Away,1,2,0,2.6,2.87,Pep Guardiola,permanent,2.0
2024/25,2024-11-23,Man City,Tottenham,Home,0,4,0,2.16,3.3,Pep Guardiola,permanent,1.7
2024/25,2024-12-01,Man City,Liverpool,Away,0,2,0,0.75,3.7,Pep Guardiola,permanent,1.4
2024/25,2024-12-04,Man City,Nott'm Forest,Home,3,0,3,3.2,0.8,Pep Guardiola,permanent,1.4
2024/25,2024-12-07,Man City,Crystal Palace,Away,2,2,1,1.58,1.21,Pep Guardiola,permanent,1.4
2024/25,2024-12-15,Man City,Man United,Home,1,2,0,0.64,2.05,Pep Guardiola,permanent,1.3
2024/25,2024-12-21,Man City,Aston Villa,Away,1,2,0,1.1,2.06,Pep Guardiola,permanent,1.0
2024/25,2024-12-26,Man City,Everton,Home,1,1,1,2.52,0.65,Pep Guardiola,permanent,0.8
2024/25,2024-12-29,Man City,Leicester,Away,2,0,3,1.58,1.84,Pep Guardiola,permanent,0.8
2024/25,2025-01-04,Man City,West Ham,Home,4,1,3,1.98,1.53,Pep Guardiola,permanent,1.1
2024/25,2025-01-14,Man City,Brentford,Away,2,2,1,2.65,2.39,Pep Guardiola,permanent,1.2
2024/25,2025-01-19,Man City,Ipswich,Away,6,0,3,3.2,0.8,Pep Guardiola,permanent,1.5
2024/25,2025-01-25,Man City,Chelsea,Home,3,1,3,2.23,1.5,Pep Guardiola,permanent,1.8
2024/25,2025-02-02,Man City,Arsenal,Away,1,5,0,0.74,1.53,Pep Guardiola,permanent,1.5
2024/25,2025-02-15,Man City,Newcastle,Home,4,0,3,2.12,0.16,Pep Guardiola,permanent,1.7
2024/25,2025-02-23,Man City,Liverpool,Home,0,2,0,0.58,0.81,Pep Guardiola,permanent,1.7
2024/25,2025-02-26,Man City,Tottenham,Away,1,0,3,2.39,1.28,Pep Guardiola,permanent,2.0
2024/25,2025-03-08,Man City,Nott'm Forest,Away,0,1,0,0.72,0.5,Pep Guardiola,permanent,1.9
2024/25,2025-03-15,Man City,Brighton,Home,2,2,1,2.03,2.11,Pep Guardiola,permanent,1.7
2024/25,2025-04-02,Man City,Leicester,Home,2,0,3,2.07,0.1,Pep Guardiola,permanent,1.7
2024/25,2025-04-06,Man City,Man United,Away,0,0,1,0.69,1.23,Pep Guardiola,permanent,1.7
2024/25,2025-04-12,Man City,Crystal Palace,Home,5,2,3,4.6,1.34,Pep Guardiola,permanent,1.7
2024/25,2025-04-19,Man City,Everton,Away,2,0,3,1.88,0.82,Pep Guardiola,permanent,1.7
2024/25,2025-04-22,Man City,Aston Villa,Home,2,1,3,1.36,1.86,Pep Guardiola,permanent,2.0
2024/25,2025-05-02,Man City,Wolves,Home,1,0,3,0.86,0.62,Pep Guardiola,permanent,2.0
2024/25,2025-05-10,Man City,Southampton,Away,0,0,1,1.58,0.14,Pep Guardiola,permanent,2.1
2024/25,2025-05-20,Man City,Bournemouth,Home,3,1,3,1.6,0.96,Pep Guardiola,permanent,2.1
2024/25,2025-05-25,Man City,Fulham,Away,2,0,3,2.46,2.22,Pep Guardiola,permanent,2.4
2025/26,2025-08-16,Man City,Wolves,Away,4,0,3,2.3,0.52,Pep Guardiola,permanent,2.6
2025/26,2025-08-23,Man City,Tottenham,Home,0,2,0,1.25,1.28,Pep Guardiola,permanent,2.3
2025/26,2025-08-31,Man City,Brighton,Away,1,2,0,2.13,2.21,Pep Guardiola,permanent,2.2
2025/26,2025-09-14,Man City,Man United,Home,3,0,3,2.0,1.52,Pep Guardiola,permanent,2.2
2025/26,2025-09-21,Man City,Arsenal,Away,1,1,1,1.12,0.72,Pep Guardiola,permanent,2.0
2025/26,2025-09-27,Man City,Burnley,Home,5,1,3,3.22,0.51,Pep Guardiola,permanent,2.0
2025/26,2025-10-05,Man City,Brentford,Away,1,0,3,1.1,0.69,Pep Guardiola,permanent,2.0
2025/26,2025-10-18,Man City,Everton,Home,2,0,3,2.48,0.79,Pep Guardiola,permanent,2.2
2025/26,2025-10-26,Man City,Aston Villa,Away,0,1,0,1.37,0.84,Pep Guardiola,permanent,1.9
2025/26,2025-11-02,Man City,Bournemouth,Home,3,1,3,2.49,0.9,Pep Guardiola,permanent,1.9
2025/26,2025-11-09,Man City,Liverpool,Home,3,0,3,1.6,1.03,Pep Guardiola,permanent,1.9
2025/26,2025-11-22,Man City,Newcastle,Away,1,2,0,2.46,2.41,Pep Guardiola,permanent,1.9
2025/26,2025-11-29,Man City,Leeds,Home,3,2,3,2.85,1.75,Pep Guardiola,permanent,2.2
2025/26,2025-12-02,Man City,Fulham,Away,5,4,3,1.96,0.97,Pep Guardiola,permanent,2.2
2025/26,2025-12-06,Man City,Sunderland,Home,3,0,3,2.42,0.63,Pep Guardiola,permanent,2.4
2025/26,2025-12-14,Man City,Crystal Palace,Away,3,0,3,1.35,1.3,Pep Guardiola,permanent,2.4
2025/26,2025-12-20,Man City,West Ham,Home,3,0,3,3.58,1.02,Pep Guardiola,permanent,2.4
2025/26,2025-12-27,Man City,Nott'm Forest,Away,2,1,3,1.46,0.6,Pep Guardiola,permanent,2.4
2025/26,2026-01-01,Man City,Sunderland,Away,0,0,1,2.44,0.96,Pep Guardiola,permanent,2.5
2025/26,2026-01-04,Man City,Chelsea,Home,1,1,1,1.03,2.04,Pep Guardiola,permanent,2.3
2025/26,2026-01-07,Man City,Brighton,Home,1,1,1,2.96,1.33,Pep Guardiola,permanent,2.1
2025/26,2026-01-17,Man City,Man United,Away,0,2,0,0.39,3.07,Pep Guardiola,permanent,2.1
2025/26,2026-01-24,Man City,Wolves,Home,2,0,3,1.07,0.54,Pep Guardiola,permanent,2.1
2025/26,2026-02-01,Man City,Tottenham,Away,2,2,1,2.04,1.5,Pep Guardiola,permanent,1.9
2025/26,2026-02-08,Man City,Liverpool,Away,2,1,3,2.41,1.27,Pep Guardiola,permanent,1.9
2025/26,2026-02-11,Man City,Fulham,Home,3,0,3,1.68,1.05,Pep Guardiola,permanent,1.9
2025/26,2026-02-21,Man City,Newcastle,Home,2,1,3,2.23,0.51,Pep Guardiola,permanent,1.9
2025/26,2026-02-28,Man City,Leeds,Away,1,0,3,2.47,1.38,Pep Guardiola,permanent,1.9
2025/26,2026-03-04,Man City,Nott'm Forest,Home,2,2,1,2.73,1.24,Pep Guardiola,permanent,1.9
2025/26,2026-03-14,Man City,West Ham,Away,1,1,1,1.95,0.49,Pep Guardiola,permanent,1.9
2025/26,2026-04-12,Man City,Chelsea,Away,3,0,3,2.41,1.22,Pep Guardiola,permanent,2.1
2025/26,2026-04-19,Man City,Arsenal,Home,2,1,3,2.62,2.29,Pep Guardiola,permanent,2.4
2025/26,2026-04-22,Man City,Burnley,Away,1,0,3,3.41,0.97,Pep Guardiola,permanent,2.4
2025/26,2026-05-04,Man City,Everton,Away,3,3,1,1.42,1.69,Pep Guardiola,permanent,2.4
2025/26,2026-05-09,Man City,Brentford,Home,3,0,3,4.37,0.67,Pep Guardiola,permanent,2.4
2025/26,2026-05-13,Man City,Crystal Palace,Home,3,0,3,1.96,0.43,Pep Guardiola,permanent,2.4
2025/26,2026-05-19,Man City,Bournemouth,Away,1,1,1,1.27,1.71,Pep Guardiola,permanent,2.2
2025/26,2026-05-24,Man City,Aston Villa,Home,1,2,0,1.38,2.44,Pep Guardiola,permanent,1.9
2014/15,2014-08-16,Man United,Swansea,Home,1,2,0,1.17,0.28,Louis van Gaal,first spell in data,
2014/15,2014-08-24,Man United,Sunderland,Away,1,1,1,0.94,0.67,Louis van Gaal,first spell in data,
2014/15,2014-08-30,Man United,Burnley,Away,0,0,1,0.47,0.51,Louis van Gaal,first spell in data,
2014/15,2014-09-14,Man United,QPR,Home,4,0,3,2.21,0.56,Louis van Gaal,first spell in data,
2014/15,2014-09-21,Man United,Leicester,Away,3,5,0,1.71,2.54,Louis van Gaal,first spell in data,
2014/15,2014-09-27,Man United,West Ham,Home,2,1,3,0.52,1.27,Louis van Gaal,first spell in data,
2014/15,2014-10-05,Man United,Everton,Home,2,1,3,1.62,2.14,Louis van Gaal,first spell in data,
2014/15,2014-10-20,Man United,West Brom,Away,2,2,1,0.93,0.62,Louis van Gaal,first spell in data,
2014/15,2014-10-26,Man United,Chelsea,Home,1,1,1,1.84,0.99,Louis van Gaal,first spell in data,
2014/15,2014-11-02,Man United,Man City,Away,0,1,0,0.73,2.57,Louis van Gaal,first spell in data,1.3
2014/15,2014-11-08,Man United,Crystal Palace,Home,1,0,3,0.96,0.4,Louis van Gaal,first spell in data,1.6
2014/15,2014-11-22,Man United,Arsenal,Away,2,1,3,1.28,2.0,Louis van Gaal,first spell in data,1.8
2014/15,2014-11-29,Man United,Hull,Home,3,0,3,1.77,0.23,Louis van Gaal,first spell in data,2.0
2014/15,2014-12-02,Man United,Stoke,Home,2,1,3,1.91,1.29,Louis van Gaal,first spell in data,2.0
2014/15,2014-12-08,Man United,Southampton,Away,2,1,3,0.8,1.83,Louis van Gaal,first spell in data,2.3
2014/15,2014-12-14,Man United,Liverpool,Home,3,0,3,1.8,1.87,Louis van Gaal,first spell in data,2.3
2014/15,2014-12-20,Man United,Aston Villa,Away,1,1,1,1.07,0.58,Louis van Gaal,first spell in data,2.1
2014/15,2014-12-26,Man United,Newcastle,Home,3,1,3,1.86,1.03,Louis van Gaal,first spell in data,2.3
2014/15,2014-12-28,Man United,Tottenham,Away,0,0,1,2.26,0.89,Louis van Gaal,first spell in data,2.3
2014/15,2015-01-01,Man United,Stoke,Away,1,1,1,0.93,1.41,Louis van Gaal,first spell in data,2.4
2014/15,2015-01-11,Man United,Southampton,Home,0,1,0,1.19,1.16,Louis van Gaal,first spell in data,2.1
2014/15,2015-01-17,Man United,QPR,Away,2,0,3,1.56,0.93,Louis van Gaal,first spell in data,2.1
2014/15,2015-01-31,Man United,Leicester,Home,3,1,3,1.74,0.38,Louis van Gaal,first spell in data,2.1
2014/15,2015-02-08,Man United,West Ham,Away,1,1,1,1.21,0.87,Louis van Gaal,first spell in data,1.9
2014/15,2015-02-11,Man United,Burnley,Home,3,1,3,1.62,1.85,Louis van Gaal,first spell in data,1.9
2014/15,2015-02-21,Man United,Swansea,Away,1,2,0,1.47,1.04,Louis van Gaal,first spell in data,1.6
2014/15,2015-02-28,Man United,Sunderland,Home,2,0,3,3.04,0.27,Louis van Gaal,first spell in data,1.8
2014/15,2015-03-04,Man United,Newcastle,Away,1,0,3,1.69,1.19,Louis van Gaal,first spell in data,1.8
2014/15,2015-03-15,Man United,Tottenham,Home,3,0,3,1.03,0.21,Louis van Gaal,first spell in data,2.0
2014/15,2015-03-22,Man United,Liverpool,Away,2,1,3,1.23,0.56,Louis van Gaal,first spell in data,2.2
2014/15,2015-04-04,Man United,Aston Villa,Home,3,1,3,1.98,0.31,Louis van Gaal,first spell in data,2.5
2014/15,2015-04-12,Man United,Man City,Home,4,2,3,2.66,1.76,Louis van Gaal,first spell in data,2.5
2014/15,2015-04-18,Man United,Chelsea,Away,0,1,0,0.74,1.15,Louis van Gaal,first spell in data,2.2
2014/15,2015-04-26,Man United,Everton,Away,0,3,0,0.75,1.08,Louis van Gaal,first spell in data,2.1
2014/15,2015-05-02,Man United,West Brom,Home,0,1,0,2.11,0.32,Louis van Gaal,first spell in data,1.8
2014/15,2015-05-09,Man United,Crystal Palace,Away,2,1,3,2.3,1.04,Louis van Gaal,first spell in data,2.1
2014/15,2015-05-17,Man United,Arsenal,Home,1,1,1,0.72,1.07,Louis van Gaal,first spell in data,1.9
2014/15,2015-05-24,Man United,Hull,Away,0,0,1,0.4,0.98,Louis van Gaal,first spell in data,1.7
2015/16,2015-08-08,Man United,Tottenham,Home,1,0,3,0.63,0.67,Louis van Gaal,first spell in data,1.7
2015/16,2015-08-14,Man United,Aston Villa,Away,1,0,3,0.66,0.22,Louis van Gaal,first spell in data,1.7
2015/16,2015-08-22,Man United,Newcastle,Home,0,0,1,1.25,0.44,Louis van Gaal,first spell in data,1.5
2015/16,2015-08-30,Man United,Swansea,Away,1,2,0,1.28,0.97,Louis van Gaal,first spell in data,1.2
2015/16,2015-09-12,Man United,Liverpool,Home,3,1,3,1.46,1.03,Louis van Gaal,first spell in data,1.5
2015/16,2015-09-20,Man United,Southampton,Away,3,2,3,1.65,1.84,Louis van Gaal,first spell in data,1.8
2015/16,2015-09-26,Man United,Sunderland,Home,3,0,3,2.9,0.83,Louis van Gaal,first spell in data,2.1
2015/16,2015-10-04,Man United,Arsenal,Away,0,3,0,1.04,2.17,Louis van Gaal,first spell in data,1.8
2015/16,2015-10-17,Man United,Everton,Away,3,0,3,1.48,0.65,Louis van Gaal,first spell in data,2.0
2015/16,2015-10-25,Man United,Man City,Home,0,0,1,0.39,0.31,Louis van Gaal,first spell in data,2.0
2015/16,2015-10-31,Man United,Crystal Palace,Away,0,0,1,0.39,0.94,Louis van Gaal,first spell in data,1.8
2015/16,2015-11-07,Man United,West Brom,Home,2,0,3,1.28,0.59,Louis van Gaal,first spell in data,1.8
2015/16,2015-11-21,Man United,Watford,Away,2,1,3,1.3,1.47,Louis van Gaal,first spell in data,2.0
2015/16,2015-11-28,Man United,Leicester,Away,1,1,1,1.06,0.88,Louis van Gaal,first spell in data,2.1
2015/16,2015-12-05,Man United,West Ham,Home,0,0,1,1.76,1.1,Louis van Gaal,first spell in data,1.9
2015/16,2015-12-12,Man United,Bournemouth,Away,1,2,0,1.97,1.05,Louis van Gaal,first spell in data,1.6
2015/16,2015-12-19,Man United,Norwich,Home,1,2,0,1.01,0.56,Louis van Gaal,first spell in data,1.3
2015/16,2015-12-26,Man United,Stoke,Away,0,2,0,1.29,1.18,Louis van Gaal,first spell in data,1.3
2015/16,2015-12-28,Man United,Chelsea,Home,0,0,1,1.35,0.9,Louis van Gaal,first spell in data,1.1
2015/16,2016-01-02,Man United,Swansea,Home,2,1,3,1.74,0.54,Louis van Gaal,first spell in data,1.3
2015/16,2016-01-12,Man United,Newcastle,Away,3,3,1,2.36,1.81,Louis van Gaal,first spell in data,1.3
2015/16,2016-01-17,Man United,Liverpool,Away,1,0,3,0.72,0.95,Louis van Gaal,first spell in data,1.3
2015/16,2016-01-23,Man United,Southampton,Home,0,1,0,0.19,0.84,Louis van Gaal,first spell in data,1.0
2015/16,2016-02-02,Man United,Stoke,Home,3,0,3,2.45,0.35,Louis van Gaal,first spell in data,1.2
2015/16,2016-02-07,Man United,Chelsea,Away,1,1,1,0.78,1.62,Louis van Gaal,first spell in data,1.2
2015/16,2016-02-13,Man United,Sunderland,Away,1,2,0,0.91,1.48,Louis van Gaal,first spell in data,1.2
2015/16,2016-02-28,Man United,Arsenal,Home,3,2,3,1.1,1.54,Louis van Gaal,first spell in data,1.5
2015/16,2016-03-02,Man United,Watford,Home,1,0,3,0.79,2.16,Louis van Gaal,first spell in data,1.8
2015/16,2016-03-06,Man United,West Brom,Away,0,1,0,0.42,0.57,Louis van Gaal,first spell in data,1.7
2015/16,2016-03-20,Man United,Man City,Away,1,0,3,0.9,1.86,Louis van Gaal,first spell in data,1.7
2015/16,2016-04-03,Man United,Everton,Home,1,0,3,1.0,0.76,Louis van Gaal,first spell in data,1.9
2015/16,2016-04-10,Man United,Tottenham,Away,0,3,0,0.34,1.8,Louis van Gaal,first spell in data,1.6
2015/16,2016-04-16,Man United,Aston Villa,Home,1,0,3,1.09,0.26,Louis van Gaal,first spell in data,1.9
2015/16,2016-04-20,Man United,Crystal Palace,Home,2,0,3,1.47,0.14,Louis van Gaal,first spell in data,1.9
2015/16,2016-05-01,Man United,Leicester,Home,1,1,1,1.18,1.17,Louis van Gaal,first spell in data,1.9
2015/16,2016-05-07,Man United,Norwich,Away,1,0,3,1.48,1.37,Louis van Gaal,first spell in data,2.2
2015/16,2016-05-10,Man United,West Ham,Away,2,3,0,0.64,2.13,Louis van Gaal,first spell in data,1.9
2015/16,2016-05-17,Man United,Bournemouth,Home,3,1,3,1.72,0.5,Louis van Gaal,first spell in data,1.9
2016/17,2016-08-14,Man United,Bournemouth,Away,3,1,3,1.91,0.52,José Mourinho,permanent,2.2
2016/17,2016-08-19,Man United,Southampton,Home,2,0,3,1.37,0.61,José Mourinho,permanent,2.2
2016/17,2016-08-27,Man United,Hull,Away,1,0,3,2.47,0.27,José Mourinho,permanent,2.2
2016/17,2016-09-10,Man United,Man City,Home,1,2,0,1.01,1.89,José Mourinho,permanent,2.2
2016/17,2016-09-18,Man United,Watford,Away,1,3,0,1.41,1.75,José Mourinho,permanent,1.9
2016/17,2016-09-24,Man United,Leicester,Home,4,1,3,2.46,0.29,José Mourinho,permanent,1.9
2016/17,2016-10-02,Man United,Stoke,Home,1,1,1,2.81,1.2,José Mourinho,permanent,1.9
2016/17,2016-10-17,Man United,Liverpool,Away,0,0,1,0.54,0.27,José Mourinho,permanent,1.7
2016/17,2016-10-23,Man United,Chelsea,Away,0,4,0,0.74,2.25,José Mourinho,permanent,1.7
2016/17,2016-10-29,Man United,Burnley,Home,0,0,1,2.72,0.33,José Mourinho,permanent,1.5
2016/17,2016-11-06,Man United,Swansea,Away,3,1,3,1.0,0.51,José Mourinho,permanent,1.5
2016/17,2016-11-19,Man United,Arsenal,Home,1,1,1,0.51,0.58,José Mourinho,permanent,1.3
2016/17,2016-11-27,Man United,West Ham,Home,1,1,1,1.44,0.75,José Mourinho,permanent,1.1
2016/17,2016-12-04,Man United,Everton,Away,1,1,1,0.54,1.65,José Mourinho,permanent,1.2
2016/17,2016-12-11,Man United,Tottenham,Home,1,0,3,1.05,0.72,José Mourinho,permanent,1.5
2016/17,2016-12-14,Man United,Crystal Palace,Away,2,1,3,1.27,0.71,José Mourinho,permanent,1.5
2016/17,2016-12-17,Man United,West Brom,Away,2,0,3,0.98,0.6,José Mourinho,permanent,1.7
2016/17,2016-12-26,Man United,Sunderland,Home,3,1,3,2.32,0.49,José Mourinho,permanent,1.9
2016/17,2016-12-31,Man United,Middlesbrough,Home,2,1,3,2.54,0.64,José Mourinho,permanent,2.2
2016/17,2017-01-02,Man United,West Ham,Away,2,0,3,1.65,0.8,José Mourinho,permanent,2.4
2016/17,2017-01-15,Man United,Liverpool,Home,1,1,1,1.03,1.46,José Mourinho,permanent,2.2
2016/17,2017-01-21,Man United,Stoke,Away,1,1,1,1.74,0.35,José Mourinho,permanent,2.2
2016/17,2017-02-01,Man United,Hull,Home,0,0,1,1.48,0.4,José Mourinho,permanent,2.2
2016/17,2017-02-05,Man United,Leicester,Away,3,0,3,1.99,0.49,José Mourinho,permanent,2.4
2016/17,2017-02-11,Man United,Watford,Home,2,0,3,2.63,0.64,José Mourinho,permanent,2.4
2016/17,2017-03-04,Man United,Bournemouth,Home,1,1,1,2.54,0.82,José Mourinho,permanent,2.2
2016/17,2017-03-19,Man United,Middlesbrough,Away,3,1,3,2.47,1.09,José Mourinho,permanent,2.2
2016/17,2017-04-01,Man United,West Brom,Home,0,0,1,0.99,0.2,José Mourinho,permanent,2.0
2016/17,2017-04-04,Man United,Everton,Home,1,1,1,1.67,0.59,José Mourinho,permanent,1.8
2016/17,2017-04-09,Man United,Sunderland,Away,3,0,3,1.69,0.98,José Mourinho,permanent,1.8
2016/17,2017-04-16,Man United,Chelsea,Home,2,0,3,0.81,0.13,José Mourinho,permanent,2.0
2016/17,2017-04-23,Man United,Burnley,Away,2,0,3,2.25,0.34,José Mourinho,permanent,2.2
2016/17,2017-04-27,Man United,Man City,Away,0,0,1,0.42,1.42,José Mourinho,permanent,2.2
2016/17,2017-04-30,Man United,Swansea,Home,1,1,1,1.99,0.78,José Mourinho,permanent,2.0
2016/17,2017-05-07,Man United,Arsenal,Away,0,2,0,0.58,1.04,José Mourinho,permanent,1.7
2016/17,2017-05-14,Man United,Tottenham,Away,1,2,0,1.04,2.11,José Mourinho,permanent,1.6
2016/17,2017-05-17,Man United,Southampton,Away,0,0,1,0.46,1.67,José Mourinho,permanent,1.4
2016/17,2017-05-21,Man United,Crystal Palace,Home,2,0,3,1.04,0.3,José Mourinho,permanent,1.6
2017/18,2017-08-13,Man United,West Ham,Home,4,0,3,2.64,0.63,José Mourinho,permanent,1.8
2017/18,2017-08-19,Man United,Swansea,Away,4,0,3,3.41,0.3,José Mourinho,permanent,1.8
2017/18,2017-08-26,Man United,Leicester,Home,2,0,3,2.74,0.67,José Mourinho,permanent,1.8
2017/18,2017-09-09,Man United,Stoke,Away,2,2,1,1.97,1.5,José Mourinho,permanent,1.6
2017/18,2017-09-17,Man United,Everton,Home,4,0,3,3.29,1.06,José Mourinho,permanent,1.8
2017/18,2017-09-23,Man United,Southampton,Away,1,0,3,1.07,0.8,José Mourinho,permanent,2.0
2017/18,2017-09-30,Man United,Crystal Palace,Home,4,0,3,3.48,0.24,José Mourinho,permanent,2.3
2017/18,2017-10-14,Man United,Liverpool,Away,0,0,1,0.23,1.93,José Mourinho,permanent,2.4
2017/18,2017-10-21,Man United,Huddersfield,Away,1,2,0,0.81,1.27,José Mourinho,permanent,2.3
2017/18,2017-10-28,Man United,Tottenham,Home,1,0,3,0.94,1.09,José Mourinho,permanent,2.3
2017/18,2017-11-05,Man United,Chelsea,Away,0,1,0,0.77,1.84,José Mourinho,permanent,2.0
2017/18,2017-11-18,Man United,Newcastle,Home,4,1,3,2.57,1.09,José Mourinho,permanent,2.0
2017/18,2017-11-25,Man United,Brighton,Home,1,0,3,1.5,0.57,José Mourinho,permanent,2.0
2017/18,2017-11-28,Man United,Watford,Away,4,2,3,1.63,1.29,José Mourinho,permanent,2.2
2017/18,2017-12-02,Man United,Arsenal,Away,3,1,3,2.07,4.24,José Mourinho,permanent,2.2
2017/18,2017-12-10,Man United,Man City,Home,1,2,0,1.44,2.03,José Mourinho,permanent,1.9
2017/18,2017-12-13,Man United,Bournemouth,Home,1,0,3,1.24,0.82,José Mourinho,permanent,1.9
2017/18,2017-12-17,Man United,West Brom,Away,2,1,3,0.9,1.08,José Mourinho,permanent,2.1
2017/18,2017-12-23,Man United,Leicester,Away,2,2,1,2.15,1.56,José Mourinho,permanent,2.2
2017/18,2017-12-26,Man United,Burnley,Home,2,2,1,1.81,0.79,José Mourinho,permanent,2.0
2017/18,2017-12-30,Man United,Southampton,Home,0,0,1,1.87,0.85,José Mourinho,permanent,2.1
2017/18,2018-01-01,Man United,Everton,Away,2,0,3,1.26,1.24,José Mourinho,permanent,2.1
2017/18,2018-01-15,Man United,Stoke,Home,3,0,3,1.95,1.48,José Mourinho,permanent,2.1
2017/18,2018-01-20,Man United,Burnley,Away,1,0,3,0.86,0.57,José Mourinho,permanent,2.1
2017/18,2018-01-31,Man United,Tottenham,Away,0,2,0,0.82,2.01,José Mourinho,permanent,1.8
2017/18,2018-02-03,Man United,Huddersfield,Home,2,0,3,1.63,0.13,José Mourinho,permanent,2.1
2017/18,2018-02-11,Man United,Newcastle,Away,0,1,0,1.72,0.68,José Mourinho,permanent,1.8
2017/18,2018-02-25,Man United,Chelsea,Home,2,1,3,1.3,1.69,José Mourinho,permanent,1.8
2017/18,2018-03-05,Man United,Crystal Palace,Away,3,2,3,1.25,0.74,José Mourinho,permanent,2.0
2017/18,2018-03-10,Man United,Liverpool,Home,2,1,3,0.85,0.78,José Mourinho,permanent,2.2
2017/18,2018-03-31,Man United,Swansea,Home,2,0,3,2.14,0.14,José Mourinho,permanent,2.4
2017/18,2018-04-07,Man United,Man City,Away,3,2,3,1.22,3.43,José Mourinho,permanent,2.4
2017/18,2018-04-15,Man United,West Brom,Home,0,1,0,0.64,0.82,José Mourinho,permanent,2.1
2017/18,2018-04-18,Man United,Bournemouth,Away,2,0,3,1.62,1.18,José Mourinho,permanent,2.1
2017/18,2018-04-29,Man United,Arsenal,Home,2,1,3,1.55,0.65,José Mourinho,permanent,2.4
2017/18,2018-05-04,Man United,Brighton,Away,0,1,0,0.65,0.92,José Mourinho,permanent,2.1
2017/18,2018-05-10,Man United,West Ham,Away,0,0,1,0.6,0.78,José Mourinho,permanent,2.2
2017/18,2018-05-13,Man United,Watford,Home,1,0,3,0.46,0.65,José Mourinho,permanent,2.2
2018/19,2018-08-10,Man United,Leicester,Home,2,1,3,1.51,1.74,José Mourinho,permanent,2.2
2018/19,2018-08-19,Man United,Brighton,Away,2,3,0,1.57,1.64,José Mourinho,permanent,1.9
2018/19,2018-08-27,Man United,Tottenham,Home,0,3,0,1.4,1.81,José Mourinho,permanent,1.6
2018/19,2018-09-02,Man United,Burnley,Away,2,0,3,2.9,1.1,José Mourinho,permanent,1.6
2018/19,2018-09-15,Man United,Watford,Away,2,1,3,1.65,1.18,José Mourinho,permanent,1.9
2018/19,2018-09-22,Man United,Wolves,Home,1,1,1,0.62,1.12,José Mourinho,permanent,1.7
2018/19,2018-09-29,Man United,West Ham,Away,1,3,0,0.87,1.3,José Mourinho,permanent,1.4
2018/19,2018-10-06,Man United,Newcastle,Home,3,2,3,2.41,1.56,José Mourinho,permanent,1.7
2018/19,2018-10-20,Man United,Chelsea,Away,2,2,1,1.11,2.21,José Mourinho,permanent,1.7
2018/19,2018-10-28,Man United,Everton,Home,2,1,3,2.51,1.67,José Mourinho,permanent,1.7
2018/19,2018-11-03,Man United,Bournemouth,Away,2,1,3,3.29,1.93,José Mourinho,permanent,1.7
2018/19,2018-11-11,Man United,Man City,Away,1,3,0,0.97,2.03,José Mourinho,permanent,1.7
2018/19,2018-11-24,Man United,Crystal Palace,Home,0,0,1,1.34,1.05,José Mourinho,permanent,1.8
2018/19,2018-12-01,Man United,Southampton,Away,2,2,1,0.9,0.62,José Mourinho,permanent,1.6
2018/19,2018-12-05,Man United,Arsenal,Home,2,2,1,1.34,1.73,José Mourinho,permanent,1.4
2018/19,2018-12-08,Man United,Fulham,Home,4,1,3,3.15,1.23,José Mourinho,permanent,1.6
2018/19,2018-12-16,Man United,Liverpool,Away,1,3,0,0.66,2.6,José Mourinho,permanent,1.6
2018/19,2018-12-22,Man United,Cardiff,Away,5,1,3,2.73,1.27,Ole Gunnar Solskjær,permanent,1.6
2018/19,2018-12-26,Man United,Huddersfield,Home,3,1,3,1.8,1.41,Ole Gunnar Solskjær,permanent,1.8
2018/19,2018-12-30,Man United,Bournemouth,Home,4,1,3,3.42,0.71,Ole Gunnar Solskjær,permanent,1.8
2018/19,2019-01-02,Man United,Newcastle,Away,2,0,3,2.68,0.69,Ole Gunnar Solskjær,permanent,1.8
2018/19,2019-01-13,Man United,Tottenham,Away,1,0,3,0.96,1.8,Ole Gunnar Solskjær,permanent,2.1
2018/19,2019-01-19,Man United,Brighton,Home,2,1,3,2.64,0.64,Ole Gunnar Solskjær,permanent,2.3
2018/19,2019-01-29,Man United,Burnley,Home,2,2,1,3.23,0.93,Ole Gunnar Solskjær,permanent,2.3
2018/19,2019-02-03,Man United,Leicester,Away,1,0,3,1.5,1.4,Ole Gunnar Solskjær,permanent,2.5
2018/19,2019-02-09,Man United,Fulham,Away,3,0,3,2.13,2.19,Ole Gunnar Solskjær,permanent,2.5
2018/19,2019-02-24,Man United,Liverpool,Home,0,0,1,0.47,0.38,Ole Gunnar Solskjær,permanent,2.6
2018/19,2019-02-27,Man United,Crystal Palace,Away,3,1,3,1.54,1.69,Ole Gunnar Solskjær,permanent,2.6
2018/19,2019-03-02,Man United,Southampton,Home,3,2,3,2.54,0.58,Ole Gunnar Solskjær,permanent,2.6
2018/19,2019-03-10,Man United,Arsenal,Away,0,2,0,2.37,1.53,Ole Gunnar Solskjær,permanent,2.3
2018/19,2019-03-30,Man United,Watford,Home,2,1,3,1.98,1.35,Ole Gunnar Solskjær,permanent,2.3
2018/19,2019-04-02,Man United,Wolves,Away,1,2,0,2.04,1.65,Ole Gunnar Solskjær,permanent,2.0
2018/19,2019-04-13,Man United,West Ham,Home,2,1,3,2.65,1.43,Ole Gunnar Solskjær,permanent,2.0
2018/19,2019-04-21,Man United,Everton,Away,0,4,0,0.31,1.52,Ole Gunnar Solskjær,permanent,1.9
2018/19,2019-04-24,Man United,Man City,Home,0,2,0,0.51,0.53,Ole Gunnar Solskjær,permanent,1.6
2018/19,2019-04-28,Man United,Chelsea,Home,1,1,1,1.12,1.63,Ole Gunnar Solskjær,permanent,1.4
2018/19,2019-05-05,Man United,Huddersfield,Away,1,1,1,1.88,0.74,Ole Gunnar Solskjær,permanent,1.4
2018/19,2019-05-12,Man United,Cardiff,Home,0,2,0,1.9,1.71,Ole Gunnar Solskjær,permanent,1.1
2019/20,2019-08-11,Man United,Chelsea,Home,4,0,3,2.37,1.1,Ole Gunnar Solskjær,permanent,1.1
2019/20,2019-08-19,Man United,Wolves,Away,1,1,1,1.14,0.31,Ole Gunnar Solskjær,permanent,1.2
2019/20,2019-08-24,Man United,Crystal Palace,Home,1,2,0,2.24,0.68,Ole Gunnar Solskjær,permanent,0.9
2019/20,2019-08-31,Man United,Southampton,Away,1,1,1,1.9,0.77,Ole Gunnar Solskjær,permanent,1.0
2019/20,2019-09-14,Man United,Leicester,Home,1,0,3,1.1,0.46,Ole Gunnar Solskjær,permanent,1.0
2019/20,2019-09-22,Man United,West Ham,Away,0,2,0,1.28,0.51,Ole Gunnar Solskjær,permanent,1.0
2019/20,2019-09-30,Man United,Arsenal,Home,1,1,1,1.13,1.7,Ole Gunnar Solskjær,permanent,1.1
2019/20,2019-10-06,Man United,Newcastle,Away,0,1,0,0.97,0.65,Ole Gunnar Solskjær,permanent,1.0
2019/20,2019-10-20,Man United,Liverpool,Home,1,1,1,0.79,1.03,Ole Gunnar Solskjær,permanent,1.0
2019/20,2019-10-27,Man United,Norwich,Away,3,1,3,4.51,0.89,Ole Gunnar Solskjær,permanent,1.3
2019/20,2019-11-02,Man United,Bournemouth,Away,0,1,0,0.64,1.87,Ole Gunnar Solskjær,permanent,1.0
2019/20,2019-11-10,Man United,Brighton,Home,3,1,3,3.65,1.13,Ole Gunnar Solskjær,permanent,1.2
2019/20,2019-11-24,Man United,Sheffield United,Away,3,3,1,1.33,1.56,Ole Gunnar Solskjær,permanent,1.3
2019/20,2019-12-01,Man United,Aston Villa,Home,2,2,1,1.85,1.3,Ole Gunnar Solskjær,permanent,1.3
2019/20,2019-12-04,Man United,Tottenham,Home,2,1,3,1.48,0.54,Ole Gunnar Solskjær,permanent,1.3
2019/20,2019-12-07,Man United,Man City,Away,2,1,3,1.63,2.07,Ole Gunnar Solskjær,permanent,1.6
2019/20,2019-12-15,Man United,Everton,Home,1,1,1,1.48,0.28,Ole Gunnar Solskjær,permanent,1.6
2019/20,2019-12-22,Man United,Watford,Away,0,2,0,1.53,1.59,Ole Gunnar Solskjær,permanent,1.6
2019/20,2019-12-26,Man United,Newcastle,Home,4,1,3,2.0,1.05,Ole Gunnar Solskjær,permanent,1.8
2019/20,2019-12-28,Man United,Burnley,Away,2,0,3,2.11,0.39,Ole Gunnar Solskjær,permanent,1.8
2019/20,2020-01-01,Man United,Arsenal,Away,0,2,0,0.72,1.91,Ole Gunnar Solskjær,permanent,1.8
2019/20,2020-01-11,Man United,Norwich,Home,4,0,3,3.13,0.28,Ole Gunnar Solskjær,permanent,1.8
2019/20,2020-01-19,Man United,Liverpool,Away,0,2,0,1.42,2.01,Ole Gunnar Solskjær,permanent,1.7
2019/20,2020-01-22,Man United,Burnley,Home,0,2,0,1.42,0.72,Ole Gunnar Solskjær,permanent,1.6
2019/20,2020-02-01,Man United,Wolves,Home,0,0,1,1.19,1.54,Ole Gunnar Solskjær,permanent,1.4
2019/20,2020-02-17,Man United,Chelsea,Away,2,0,3,0.68,0.94,Ole Gunnar Solskjær,permanent,1.4
2019/20,2020-02-23,Man United,Watford,Home,3,0,3,2.5,0.29,Ole Gunnar Solskjær,permanent,1.6
2019/20,2020-03-01,Man United,Everton,Away,1,1,1,1.13,2.41,Ole Gunnar Solskjær,permanent,1.7
2019/20,2020-03-08,Man United,Man City,Home,2,0,3,1.74,0.59,Ole Gunnar Solskjær,permanent,1.7
2019/20,2020-06-19,Man United,Tottenham,Away,1,1,1,1.77,0.53,Ole Gunnar Solskjær,permanent,1.5
2019/20,2020-06-24,Man United,Sheffield United,Home,3,0,3,2.84,0.11,Ole Gunnar Solskjær,permanent,1.8
2019/20,2020-06-30,Man United,Brighton,Away,3,0,3,1.21,0.31,Ole Gunnar Solskjær,permanent,1.8
2019/20,2020-07-04,Man United,Bournemouth,Home,5,2,3,2.63,1.52,Ole Gunnar Solskjær,permanent,2.1
2019/20,2020-07-09,Man United,Aston Villa,Away,3,0,3,2.87,0.6,Ole Gunnar Solskjær,permanent,2.4
2019/20,2020-07-13,Man United,Southampton,Home,2,2,1,1.5,1.81,Ole Gunnar Solskjær,permanent,2.4
2019/20,2020-07-16,Man United,Crystal Palace,Away,2,0,3,1.9,0.57,Ole Gunnar Solskjær,permanent,2.4
2019/20,2020-07-22,Man United,West Ham,Home,1,1,1,0.98,1.29,Ole Gunnar Solskjær,permanent,2.2
2019/20,2020-07-26,Man United,Leicester,Away,2,0,3,1.41,0.75,Ole Gunnar Solskjær,permanent,2.4
2020/21,2020-09-19,Man United,Crystal Palace,Home,1,3,0,1.1,1.91,Ole Gunnar Solskjær,permanent,2.1
2020/21,2020-09-26,Man United,Brighton,Away,3,2,3,1.58,2.98,Ole Gunnar Solskjær,permanent,2.3
2020/21,2020-10-04,Man United,Tottenham,Home,1,6,0,0.87,3.3,Ole Gunnar Solskjær,permanent,2.0
2020/21,2020-10-17,Man United,Newcastle,Away,4,1,3,2.22,0.87,Ole Gunnar Solskjær,permanent,2.0
2020/21,2020-10-24,Man United,Chelsea,Home,0,0,1,0.65,0.22,Ole Gunnar Solskjær,permanent,1.8
2020/21,2020-11-01,Man United,Arsenal,Home,0,1,0,0.39,1.0,Ole Gunnar Solskjær,permanent,1.5
2020/21,2020-11-07,Man United,Everton,Away,3,1,3,1.6,0.38,Ole Gunnar Solskjær,permanent,1.7
2020/21,2020-11-21,Man United,West Brom,Home,1,0,3,2.43,0.44,Ole Gunnar Solskjær,permanent,1.7
2020/21,2020-11-29,Man United,Southampton,Away,3,2,3,2.48,0.5,Ole Gunnar Solskjær,permanent,1.9
2020/21,2020-12-05,Man United,West Ham,Away,3,1,3,1.79,2.53,Ole Gunnar Solskjær,permanent,1.9
2020/21,2020-12-12,Man United,Man City,Home,0,0,1,0.59,1.28,Ole Gunnar Solskjær,permanent,2.0
2020/21,2020-12-17,Man United,Sheffield United,Away,3,2,3,1.79,1.24,Ole Gunnar Solskjær,permanent,2.0
2020/21,2020-12-20,Man United,Leeds,Home,6,2,3,4.78,1.63,Ole Gunnar Solskjær,permanent,2.3
2020/21,2020-12-26,Man United,Leicester,Away,2,2,1,2.08,1.04,Ole Gunnar Solskjær,permanent,2.1
2020/21,2020-12-29,Man United,Wolves,Home,1,0,3,1.48,0.41,Ole Gunnar Solskjær,permanent,2.3
2020/21,2021-01-01,Man United,Aston Villa,Home,2,1,3,2.46,1.56,Ole Gunnar Solskjær,permanent,2.6
2020/21,2021-01-12,Man United,Burnley,Away,1,0,3,1.24,0.65,Ole Gunnar Solskjær,permanent,2.6
2020/21,2021-01-17,Man United,Liverpool,Away,0,0,1,1.19,1.2,Ole Gunnar Solskjær,permanent,2.4
2020/21,2021-01-20,Man United,Fulham,Away,2,1,3,1.68,0.75,Ole Gunnar Solskjær,permanent,2.4
2020/21,2021-01-27,Man United,Sheffield United,Home,1,2,0,0.99,0.69,Ole Gunnar Solskjær,permanent,2.1
2020/21,2021-01-30,Man United,Arsenal,Away,0,0,1,1.51,0.75,Ole Gunnar Solskjær,permanent,2.1
2020/21,2021-02-02,Man United,Southampton,Home,9,0,3,5.03,0.51,Ole Gunnar Solskjær,permanent,2.1
2020/21,2021-02-06,Man United,Everton,Home,3,3,1,1.72,1.56,Ole Gunnar Solskjær,permanent,1.9
2020/21,2021-02-14,Man United,West Brom,Away,1,1,1,0.42,0.95,Ole Gunnar Solskjær,permanent,1.9
2020/21,2021-02-21,Man United,Newcastle,Home,3,1,3,1.73,0.34,Ole Gunnar Solskjær,permanent,1.9
2020/21,2021-02-28,Man United,Chelsea,Away,0,0,1,0.36,1.17,Ole Gunnar Solskjær,permanent,1.7
2020/21,2021-03-03,Man United,Crystal Palace,Away,0,0,1,0.58,0.74,Ole Gunnar Solskjær,permanent,1.5
2020/21,2021-03-07,Man United,Man City,Away,2,0,3,2.11,1.28,Ole Gunnar Solskjær,permanent,1.7
2020/21,2021-03-14,Man United,West Ham,Home,1,0,3,1.7,0.46,Ole Gunnar Solskjær,permanent,1.7
2020/21,2021-04-04,Man United,Brighton,Home,2,1,3,1.73,1.41,Ole Gunnar Solskjær,permanent,2.0
2020/21,2021-04-11,Man United,Tottenham,Away,3,1,3,2.1,0.92,Ole Gunnar Solskjær,permanent,2.2
2020/21,2021-04-18,Man United,Burnley,Home,3,1,3,2.87,0.96,Ole Gunnar Solskjær,permanent,2.2
2020/21,2021-04-25,Man United,Leeds,Away,0,0,1,1.12,0.22,Ole Gunnar Solskjær,permanent,2.2
2020/21,2021-05-09,Man United,Aston Villa,Away,3,1,3,1.89,0.57,Ole Gunnar Solskjær,permanent,2.4
2020/21,2021-05-11,Man United,Leicester,Home,1,2,0,0.21,0.99,Ole Gunnar Solskjær,permanent,2.1
2020/21,2021-05-13,Man United,Liverpool,Home,2,4,0,1.71,2.94,Ole Gunnar Solskjær,permanent,2.0
2020/21,2021-05-18,Man United,Fulham,Home,1,1,1,0.92,0.87,Ole Gunnar Solskjær,permanent,2.0
2020/21,2021-05-23,Man United,Wolves,Away,2,1,3,2.05,0.7,Ole Gunnar Solskjær,permanent,2.0
2021/22,2021-08-14,Man United,Leeds,Home,5,1,3,1.64,0.57,Ole Gunnar Solskjær,permanent,2.0
2021/22,2021-08-22,Man United,Southampton,Away,1,1,1,2.26,0.59,Ole Gunnar Solskjær,permanent,1.8
2021/22,2021-08-29,Man United,Wolves,Away,1,0,3,0.94,1.8,Ole Gunnar Solskjær,permanent,1.8
2021/22,2021-09-11,Man United,Newcastle,Home,4,1,3,2.77,0.62,Ole Gunnar Solskjær,permanent,1.8
2021/22,2021-09-19,Man United,West Ham,Away,2,1,3,1.9,1.67,Ole Gunnar Solskjær,permanent,2.0
2021/22,2021-09-25,Man United,Aston Villa,Home,0,1,0,1.93,1.57,Ole Gunnar Solskjær,permanent,1.7
2021/22,2021-10-02,Man United,Everton,Home,1,1,1,1.05,1.32,Ole Gunnar Solskjær,permanent,1.8
2021/22,2021-10-16,Man United,Leicester,Away,2,4,0,1.02,2.97,Ole Gunnar Solskjær,permanent,1.8
2021/22,2021-10-24,Man United,Liverpool,Home,0,5,0,1.36,4.05,Ole Gunnar Solskjær,permanent,1.7
2021/22,2021-10-30,Man United,Tottenham,Away,3,0,3,1.39,1.16,Ole Gunnar Solskjær,permanent,1.7
2021/22,2021-11-06,Man United,Man City,Home,0,2,0,0.76,2.04,Ole Gunnar Solskjær,permanent,1.4
2021/22,2021-11-20,Man United,Watford,Away,1,4,0,1.67,2.73,Ole Gunnar Solskjær,permanent,1.3
2021/22,2021-11-28,Man United,Chelsea,Away,1,1,1,0.56,2.35,Michael Carrick,caretaker,1.1
2021/22,2021-12-02,Man United,Arsenal,Home,3,2,3,1.86,1.17,Michael Carrick,caretaker,1.1
2021/22,2021-12-05,Man United,Crystal Palace,Home,1,0,3,0.87,0.52,Ralf Rangnick,caretaker,1.1
2021/22,2021-12-11,Man United,Norwich,Away,1,0,3,2.1,0.99,Ralf Rangnick,caretaker,1.4
2021/22,2021-12-27,Man United,Newcastle,Away,1,1,1,1.76,1.27,Ralf Rangnick,caretaker,1.4
2021/22,2021-12-30,Man United,Burnley,Home,3,1,3,1.81,0.87,Ralf Rangnick,caretaker,1.7
2021/22,2022-01-03,Man United,Wolves,Home,0,1,0,0.77,0.84,Ralf Rangnick,caretaker,1.7
2021/22,2022-01-15,Man United,Aston Villa,Away,2,2,1,1.35,1.83,Ralf Rangnick,caretaker,1.5
2021/22,2022-01-19,Man United,Brentford,Away,3,1,3,2.06,2.08,Ralf Rangnick,caretaker,1.8
2021/22,2022-01-22,Man United,West Ham,Home,1,0,3,1.76,0.24,Ralf Rangnick,caretaker,2.1
2021/22,2022-02-08,Man United,Burnley,Away,1,1,1,1.83,0.77,Ralf Rangnick,caretaker,2.1
2021/22,2022-02-12,Man United,Southampton,Home,1,1,1,2.99,0.68,Ralf Rangnick,caretaker,1.9
2021/22,2022-02-15,Man United,Brighton,Home,2,0,3,2.75,1.26,Ralf Rangnick,caretaker,1.9
2021/22,2022-02-20,Man United,Leeds,Away,4,2,3,2.61,1.74,Ralf Rangnick,caretaker,1.9
2021/22,2022-02-26,Man United,Watford,Home,0,0,1,2.41,0.44,Ralf Rangnick,caretaker,1.9
2021/22,2022-03-06,Man United,Man City,Away,1,4,0,0.36,2.74,Ralf Rangnick,caretaker,1.6
2021/22,2022-03-12,Man United,Tottenham,Home,3,2,3,1.02,1.62,Ralf Rangnick,caretaker,1.9
2021/22,2022-04-02,Man United,Leicester,Home,1,1,1,0.9,1.08,Ralf Rangnick,caretaker,1.9
2021/22,2022-04-09,Man United,Everton,Away,0,1,0,0.76,0.36,Ralf Rangnick,caretaker,1.6
2021/22,2022-04-16,Man United,Norwich,Home,3,2,3,1.67,1.8,Ralf Rangnick,caretaker,1.6
2021/22,2022-04-19,Man United,Liverpool,Away,0,4,0,0.11,2.26,Ralf Rangnick,caretaker,1.5
2021/22,2022-04-23,Man United,Arsenal,Away,1,3,0,2.04,2.54,Ralf Rangnick,caretaker,1.4
2021/22,2022-04-28,Man United,Chelsea,Home,1,1,1,0.62,2.47,Ralf Rangnick,caretaker,1.2
2021/22,2022-05-02,Man United,Brentford,Home,3,0,3,1.84,0.68,Ralf Rangnick,caretaker,1.2
2021/22,2022-05-07,Man United,Brighton,Away,0,4,0,0.93,2.83,Ralf Rangnick,caretaker,1.1
2021/22,2022-05-22,Man United,Crystal Palace,Away,0,1,0,0.78,0.35,Ralf Rangnick,caretaker,1.1
2022/23,2022-08-07,Man United,Brighton,Home,1,2,0,1.42,1.73,Erik ten Hag,permanent,0.8
2022/23,2022-08-13,Man United,Brentford,Away,0,4,0,0.9,1.39,Erik ten Hag,permanent,0.7
2022/23,2022-08-22,Man United,Liverpool,Home,2,1,3,2.02,1.52,Erik ten Hag,permanent,1.0
2022/23,2022-08-27,Man United,Southampton,Away,1,0,3,1.34,1.36,Erik ten Hag,permanent,1.0
2022/23,2022-09-01,Man United,Leicester,Away,1,0,3,1.1,0.62,Erik ten Hag,permanent,1.3
2022/23,2022-09-04,Man United,Arsenal,Home,3,1,3,2.03,1.42,Erik ten Hag,permanent,1.6
2022/23,2022-10-02,Man United,Man City,Away,3,6,0,1.71,3.01,Erik ten Hag,permanent,1.5
2022/23,2022-10-09,Man United,Everton,Away,2,1,3,1.83,0.37,Erik ten Hag,permanent,1.5
2022/23,2022-10-16,Man United,Newcastle,Home,0,0,1,1.42,0.79,Erik ten Hag,permanent,1.6
2022/23,2022-10-19,Man United,Tottenham,Home,2,0,3,1.71,0.66,Erik ten Hag,permanent,1.9
2022/23,2022-10-22,Man United,Chelsea,Away,1,1,1,0.73,1.2,Erik ten Hag,permanent,2.0
2022/23,2022-10-30,Man United,West Ham,Home,1,0,3,1.75,1.0,Erik ten Hag,permanent,2.3
2022/23,2022-11-06,Man United,Aston Villa,Away,1,3,0,0.52,0.58,Erik ten Hag,permanent,2.0
2022/23,2022-11-13,Man United,Fulham,Away,2,1,3,3.38,1.7,Erik ten Hag,permanent,2.0
2022/23,2022-12-27,Man United,Nott'm Forest,Home,3,0,3,2.14,0.48,Erik ten Hag,permanent,2.0
2022/23,2022-12-31,Man United,Wolves,Away,1,0,3,2.45,0.59,Erik ten Hag,permanent,2.0
2022/23,2023-01-03,Man United,Bournemouth,Home,3,0,3,2.97,0.68,Erik ten Hag,permanent,2.3
2022/23,2023-01-14,Man United,Man City,Home,2,1,3,1.98,0.74,Erik ten Hag,permanent,2.3
2022/23,2023-01-18,Man United,Crystal Palace,Away,1,1,1,1.39,0.41,Erik ten Hag,permanent,2.3
2022/23,2023-01-22,Man United,Arsenal,Away,2,3,0,0.27,2.9,Erik ten Hag,permanent,2.0
2022/23,2023-02-04,Man United,Crystal Palace,Home,2,1,3,2.07,1.38,Erik ten Hag,permanent,2.2
2022/23,2023-02-08,Man United,Leeds,Home,2,2,1,2.0,0.55,Erik ten Hag,permanent,2.0
2022/23,2023-02-12,Man United,Leeds,Away,2,0,3,1.3,1.89,Erik ten Hag,permanent,2.3
2022/23,2023-02-19,Man United,Leicester,Home,3,0,3,4.25,1.4,Erik ten Hag,permanent,2.3
2022/23,2023-03-05,Man United,Liverpool,Away,0,7,0,0.84,3.44,Erik ten Hag,permanent,2.0
2022/23,2023-03-12,Man United,Southampton,Home,0,0,1,0.91,1.18,Erik ten Hag,permanent,1.8
2022/23,2023-04-02,Man United,Newcastle,Away,0,2,0,0.33,3.33,Erik ten Hag,permanent,1.5
2022/23,2023-04-05,Man United,Brentford,Home,1,0,3,1.14,0.64,Erik ten Hag,permanent,1.5
2022/23,2023-04-08,Man United,Everton,Home,2,0,3,4.39,0.95,Erik ten Hag,permanent,1.7
2022/23,2023-04-16,Man United,Nott'm Forest,Away,2,0,3,3.34,1.05,Erik ten Hag,permanent,2.0
2022/23,2023-04-27,Man United,Tottenham,Away,2,2,1,1.97,2.37,Erik ten Hag,permanent,1.8
2022/23,2023-04-30,Man United,Aston Villa,Home,1,0,3,1.31,0.43,Erik ten Hag,permanent,2.0
2022/23,2023-05-04,Man United,Brighton,Away,0,1,0,1.32,2.1,Erik ten Hag,permanent,1.7
2022/23,2023-05-07,Man United,West Ham,Away,0,1,0,1.19,1.77,Erik ten Hag,permanent,1.4
2022/23,2023-05-13,Man United,Wolves,Home,2,0,3,3.1,0.27,Erik ten Hag,permanent,1.7
2022/23,2023-05-20,Man United,Bournemouth,Away,1,0,3,1.72,0.82,Erik ten Hag,permanent,1.9
2022/23,2023-05-25,Man United,Chelsea,Home,4,1,3,4.92,1.68,Erik ten Hag,permanent,2.2
2022/23,2023-05-28,Man United,Fulham,Home,2,1,3,2.75,1.88,Erik ten Hag,permanent,2.2
2023/24,2023-08-14,Man United,Wolves,Home,1,0,3,1.97,1.72,Erik ten Hag,permanent,2.2
2023/24,2023-08-19,Man United,Tottenham,Away,0,2,0,2.45,2.54,Erik ten Hag,permanent,1.9
2023/24,2023-08-26,Man United,Nott'm Forest,Home,3,2,3,3.03,0.96,Erik ten Hag,permanent,2.1
2023/24,2023-09-03,Man United,Arsenal,Away,1,3,0,0.97,1.91,Erik ten Hag,permanent,1.8
2023/24,2023-09-16,Man United,Brighton,Home,1,3,0,0.72,1.94,Erik ten Hag,permanent,1.8
2023/24,2023-09-23,Man United,Burnley,Away,1,0,3,0.84,0.94,Erik ten Hag,permanent,2.1
2023/24,2023-09-30,Man United,Crystal Palace,Home,0,1,0,1.55,1.19,Erik ten Hag,permanent,1.8
2023/24,2023-10-07,Man United,Brentford,Home,2,1,3,1.29,1.03,Erik ten Hag,permanent,1.8
2023/24,2023-10-21,Man United,Sheffield United,Away,2,1,3,1.46,1.41,Erik ten Hag,permanent,1.8
2023/24,2023-10-29,Man United,Man City,Home,0,3,0,0.71,4.55,Erik ten Hag,permanent,1.5
2023/24,2023-11-04,Man United,Fulham,Away,1,0,3,0.7,1.18,Erik ten Hag,permanent,1.5
2023/24,2023-11-11,Man United,Luton,Home,1,0,3,2.74,0.41,Erik ten Hag,permanent,1.8
2023/24,2023-11-26,Man United,Everton,Away,3,0,3,2.07,2.5,Erik ten Hag,permanent,1.8
2023/24,2023-12-02,Man United,Newcastle,Away,0,1,0,0.42,2.9,Erik ten Hag,permanent,1.8
2023/24,2023-12-06,Man United,Chelsea,Home,2,1,3,4.04,2.35,Erik ten Hag,permanent,2.1
2023/24,2023-12-09,Man United,Bournemouth,Home,0,3,0,1.11,1.97,Erik ten Hag,permanent,1.8
2023/24,2023-12-17,Man United,Liverpool,Away,0,0,1,0.63,1.97,Erik ten Hag,permanent,1.9
2023/24,2023-12-23,Man United,West Ham,Away,0,2,0,0.73,1.51,Erik ten Hag,permanent,1.6
2023/24,2023-12-26,Man United,Aston Villa,Home,3,2,3,1.2,1.84,Erik ten Hag,permanent,1.6
2023/24,2023-12-30,Man United,Nott'm Forest,Away,1,2,0,0.65,0.74,Erik ten Hag,permanent,1.6
2023/24,2024-01-14,Man United,Tottenham,Home,2,2,1,0.92,1.31,Erik ten Hag,permanent,1.4
2023/24,2024-02-01,Man United,Wolves,Away,4,3,3,3.23,2.28,Erik ten Hag,permanent,1.4
2023/24,2024-02-04,Man United,West Ham,Home,3,0,3,0.97,1.18,Erik ten Hag,permanent,1.4
2023/24,2024-02-11,Man United,Aston Villa,Away,2,1,3,2.45,2.65,Erik ten Hag,permanent,1.7
2023/24,2024-02-18,Man United,Luton,Away,2,1,3,3.59,1.57,Erik ten Hag,permanent,1.7
2023/24,2024-02-24,Man United,Fulham,Home,1,2,0,1.96,1.14,Erik ten Hag,permanent,1.7
2023/24,2024-03-03,Man United,Man City,Away,1,3,0,0.15,2.64,Erik ten Hag,permanent,1.6
2023/24,2024-03-09,Man United,Everton,Home,2,0,3,2.9,1.82,Erik ten Hag,permanent,1.9
2023/24,2024-03-30,Man United,Brentford,Away,1,1,1,0.99,3.16,Erik ten Hag,permanent,1.7
2023/24,2024-04-04,Man United,Chelsea,Away,3,4,0,1.57,3.48,Erik ten Hag,permanent,1.7
2023/24,2024-04-07,Man United,Liverpool,Home,2,2,1,0.81,4.43,Erik ten Hag,permanent,1.7
2023/24,2024-04-13,Man United,Bournemouth,Away,2,2,1,1.52,2.39,Erik ten Hag,permanent,1.5
2023/24,2024-04-24,Man United,Sheffield United,Home,4,2,3,3.51,1.21,Erik ten Hag,permanent,1.5
2023/24,2024-04-27,Man United,Burnley,Home,1,1,1,3.06,1.9,Erik ten Hag,permanent,1.3
2023/24,2024-05-06,Man United,Crystal Palace,Away,0,4,0,0.34,2.07,Erik ten Hag,permanent,1.0
2023/24,2024-05-12,Man United,Arsenal,Home,0,1,0,0.55,1.73,Erik ten Hag,permanent,1.0
2023/24,2024-05-15,Man United,Newcastle,Home,3,2,3,1.5,2.28,Erik ten Hag,permanent,1.3
2023/24,2024-05-19,Man United,Brighton,Away,2,0,3,1.0,1.97,Erik ten Hag,permanent,1.3
2024/25,2024-08-16,Man United,Fulham,Home,1,0,3,2.04,0.42,Erik ten Hag,permanent,1.5
2024/25,2024-08-24,Man United,Brighton,Away,1,2,0,1.29,2.14,Erik ten Hag,permanent,1.5
2024/25,2024-09-01,Man United,Liverpool,Home,0,3,0,1.5,2.1,Erik ten Hag,permanent,1.4
2024/25,2024-09-14,Man United,Southampton,Away,3,0,3,3.03,1.36,Erik ten Hag,permanent,1.6
2024/25,2024-09-21,Man United,Crystal Palace,Away,0,0,1,2.35,1.67,Erik ten Hag,permanent,1.4
2024/25,2024-09-29,Man United,Tottenham,Home,0,3,0,0.6,5.41,Erik ten Hag,permanent,1.3
2024/25,2024-10-06,Man United,Aston Villa,Away,0,0,1,0.45,0.53,Erik ten Hag,permanent,1.4
2024/25,2024-10-19,Man United,Brentford,Home,2,1,3,1.77,0.89,Erik ten Hag,permanent,1.7
2024/25,2024-10-27,Man United,West Ham,Away,1,2,0,2.63,2.99,Erik ten Hag,permanent,1.4
2024/25,2024-11-03,Man United,Chelsea,Home,1,1,1,2.16,1.21,Ruud van Nistelrooy,caretaker,1.2
2024/25,2024-11-10,Man United,Leicester,Home,3,0,3,1.24,0.42,Ruud van Nistelrooy,caretaker,1.2
2024/25,2024-11-24,Man United,Ipswich,Away,1,1,1,1.27,1.99,Rúben Amorim,permanent,1.3
2024/25,2024-12-01,Man United,Everton,Home,4,0,3,1.76,0.77,Rúben Amorim,permanent,1.6
2024/25,2024-12-04,Man United,Arsenal,Away,0,2,0,0.26,2.97,Rúben Amorim,permanent,1.3
2024/25,2024-12-07,Man United,Nott'm Forest,Home,2,3,0,1.47,0.65,Rúben Amorim,permanent,1.2
2024/25,2024-12-15,Man United,Man City,Away,2,1,3,2.05,0.64,Rúben Amorim,permanent,1.5
2024/25,2024-12-22,Man United,Bournemouth,Home,0,3,0,2.29,1.83,Rúben Amorim,permanent,1.4
2024/25,2024-12-26,Man United,Wolves,Away,0,2,0,0.36,0.83,Rúben Amorim,permanent,1.1
2024/25,2024-12-30,Man United,Newcastle,Home,0,2,0,1.0,2.24,Rúben Amorim,permanent,1.1
2024/25,2025-01-05,Man United,Liverpool,Away,2,2,1,1.67,2.86,Rúben Amorim,permanent,1.1
2024/25,2025-01-16,Man United,Southampton,Home,3,1,3,3.11,1.37,Rúben Amorim,permanent,1.1
2024/25,2025-01-19,Man United,Brighton,Home,1,3,0,1.32,2.17,Rúben Amorim,permanent,1.0
2024/25,2025-01-26,Man United,Fulham,Away,1,0,3,0.2,0.56,Rúben Amorim,permanent,1.0
2024/25,2025-02-02,Man United,Crystal Palace,Home,0,2,0,1.51,2.45,Rúben Amorim,permanent,1.0
2024/25,2025-02-16,Man United,Tottenham,Away,0,1,0,1.43,1.97,Rúben Amorim,permanent,1.0
2024/25,2025-02-22,Man United,Everton,Away,2,2,1,0.65,2.1,Rúben Amorim,permanent,0.8
2024/25,2025-02-26,Man United,Ipswich,Home,3,2,3,1.4,1.04,Rúben Amorim,permanent,1.1
2024/25,2025-03-09,Man United,Arsenal,Home,1,1,1,1.31,1.83,Rúben Amorim,permanent,1.2
2024/25,2025-03-16,Man United,Leicester,Away,3,0,3,1.14,1.3,Rúben Amorim,permanent,1.5
2024/25,2025-04-01,Man United,Nott'm Forest,Away,0,1,0,1.87,0.51,Rúben Amorim,permanent,1.4
2024/25,2025-04-06,Man United,Man City,Home,0,0,1,1.23,0.69,Rúben Amorim,permanent,1.2
2024/25,2025-04-13,Man United,Newcastle,Away,1,4,0,0.79,2.64,Rúben Amorim,permanent,1.2
2024/25,2025-04-20,Man United,Wolves,Home,0,1,0,1.14,0.19,Rúben Amorim,permanent,0.9
2024/25,2025-04-27,Man United,Bournemouth,Away,1,1,1,1.91,0.61,Rúben Amorim,permanent,1.0
2024/25,2025-05-04,Man United,Brentford,Away,3,4,0,1.13,3.59,Rúben Amorim,permanent,1.0
2024/25,2025-05-11,Man United,West Ham,Home,0,2,0,2.31,2.16,Rúben Amorim,permanent,0.9
2024/25,2025-05-16,Man United,Chelsea,Away,0,1,0,0.34,1.3,Rúben Amorim,permanent,0.6
2024/25,2025-05-25,Man United,Aston Villa,Home,2,0,3,2.96,0.34,Rúben Amorim,permanent,0.8
2025/26,2025-08-17,Man United,Arsenal,Home,0,1,0,1.38,1.33,Rúben Amorim,permanent,0.5
2025/26,2025-08-24,Man United,Fulham,Away,1,1,1,1.55,1.65,Rúben Amorim,permanent,0.6
2025/26,2025-08-30,Man United,Burnley,Home,3,2,3,4.02,1.33,Rúben Amorim,permanent,0.8
2025/26,2025-09-14,Man United,Man City,Away,0,3,0,1.52,2.0,Rúben Amorim,permanent,0.8
2025/26,2025-09-20,Man United,Chelsea,Home,2,1,3,1.34,0.47,Rúben Amorim,permanent,1.1
2025/26,2025-09-27,Man United,Brentford,Away,1,3,0,2.24,2.79,Rúben Amorim,permanent,1.0
2025/26,2025-10-04,Man United,Sunderland,Home,2,0,3,1.93,0.81,Rúben Amorim,permanent,1.3
2025/26,2025-10-19,Man United,Liverpool,Away,2,1,3,2.53,2.61,Rúben Amorim,permanent,1.6
2025/26,2025-10-25,Man United,Brighton,Home,4,2,3,1.96,0.95,Rúben Amorim,permanent,1.9
2025/26,2025-11-01,Man United,Nott'm Forest,Away,2,2,1,0.92,1.55,Rúben Amorim,permanent,1.7
2025/26,2025-11-08,Man United,Tottenham,Away,2,2,1,0.82,1.36,Rúben Amorim,permanent,1.8
2025/26,2025-11-24,Man United,Everton,Home,0,1,0,2.27,0.16,Rúben Amorim,permanent,1.7
2025/26,2025-11-30,Man United,Crystal Palace,Away,2,1,3,1.48,2.14,Rúben Amorim,permanent,1.7
2025/26,2025-12-04,Man United,West Ham,Home,1,1,1,2.28,1.37,Rúben Amorim,permanent,1.8
2025/26,2025-12-08,Man United,Wolves,Away,4,1,3,4.05,0.26,Rúben Amorim,permanent,1.8
2025/26,2025-12-15,Man United,Bournemouth,Home,4,4,1,3.21,2.35,Rúben Amorim,permanent,1.9
2025/26,2025-12-21,Man United,Aston Villa,Away,1,2,0,1.3,1.87,Rúben Amorim,permanent,1.6
2025/26,2025-12-26,Man United,Newcastle,Home,1,0,3,0.94,1.13,Rúben Amorim,permanent,1.6
2025/26,2025-12-30,Man United,Wolves,Home,1,1,1,1.13,1.22,Rúben Amorim,permanent,1.4
2025/26,2026-01-04,Man United,Leeds,Away,1,1,1,1.95,0.97,Rúben Amorim,permanent,1.4
2025/26,2026-01-07,Man United,Burnley,Away,2,2,1,2.52,0.32,Darren Fletcher,caretaker,1.4
2025/26,2026-01-17,Man United,Man City,Home,2,0,3,3.07,0.39,Michael Carrick,permanent,1.7
2025/26,2026-01-25,Man United,Arsenal,Away,3,2,3,0.64,1.42,Michael Carrick,permanent,1.7
2025/26,2026-02-01,Man United,Fulham,Home,3,2,3,1.84,1.72,Michael Carrick,permanent,1.9
2025/26,2026-02-07,Man United,Tottenham,Home,2,0,3,2.17,0.59,Michael Carrick,permanent,1.9
2025/26,2026-02-10,Man United,West Ham,Away,1,1,1,0.74,1.31,Michael Carrick,permanent,1.9
2025/26,2026-02-23,Man United,Everton,Away,1,0,3,1.45,0.56,Michael Carrick,permanent,2.2
2025/26,2026-03-01,Man United,Crystal Palace,Home,2,1,3,2.35,0.38,Michael Carrick,permanent,2.2
2025/26,2026-03-04,Man United,Newcastle,Away,1,2,0,1.81,1.97,Michael Carrick,permanent,2.1
2025/26,2026-03-15,Man United,Aston Villa,Home,3,1,3,1.68,1.21,Michael Carrick,permanent,2.3
2025/26,2026-03-20,Man United,Bournemouth,Away,2,2,1,1.75,1.77,Michael Carrick,permanent,2.3
2025/26,2026-04-13,Man United,Leeds,Home,1,2,0,1.37,2.95,Michael Carrick,permanent,2.0
2025/26,2026-04-18,Man United,Chelsea,Away,1,0,3,0.44,1.28,Michael Carrick,permanent,2.0
2025/26,2026-04-27,Man United,Brentford,Home,2,1,3,1.85,1.3,Michael Carrick,permanent,2.0
2025/26,2026-05-03,Man United,Liverpool,Home,3,2,3,2.56,1.03,Michael Carrick,permanent,2.0
2025/26,2026-05-09,Man United,Sunderland,Away,0,0,1,0.54,1.24,Michael Carrick,permanent,2.0
2025/26,2026-05-17,Man United,Nott'm Forest,Home,3,2,3,4.29,1.84,Michael Carrick,permanent,2.0
2025/26,2026-05-24,Man United,Brighton,Away,3,0,3,2.33,0.7,Michael Carrick,permanent,2.0
2016/17,2016-08-13,Middlesbrough,Stoke,Home,1,1,1,1.81,0.49,Aitor Karanka,first spell in data,
2016/17,2016-08-21,Middlesbrough,Sunderland,Away,2,1,3,0.85,1.46,Aitor Karanka,first spell in data,
2016/17,2016-08-28,Middlesbrough,West Brom,Away,0,0,1,0.4,0.7,Aitor Karanka,first spell in data,
2016/17,2016-09-10,Middlesbrough,Crystal Palace,Home,1,2,0,0.61,1.12,Aitor Karanka,first spell in data,
2016/17,2016-09-17,Middlesbrough,Everton,Away,1,3,0,0.18,1.17,Aitor Karanka,first spell in data,
2016/17,2016-09-24,Middlesbrough,Tottenham,Home,1,2,0,0.36,1.42,Aitor Karanka,first spell in data,
2016/17,2016-10-01,Middlesbrough,West Ham,Away,1,1,1,0.85,0.88,Aitor Karanka,first spell in data,
2016/17,2016-10-16,Middlesbrough,Watford,Home,0,1,0,0.53,0.09,Aitor Karanka,first spell in data,
2016/17,2016-10-22,Middlesbrough,Arsenal,Away,0,0,1,1.56,0.71,Aitor Karanka,first spell in data,
2016/17,2016-10-29,Middlesbrough,Bournemouth,Home,2,0,3,1.44,1.55,Aitor Karanka,first spell in data,1.0
2016/17,2016-11-05,Middlesbrough,Man City,Away,1,1,1,0.21,2.5,Aitor Karanka,first spell in data,1.0
2016/17,2016-11-20,Middlesbrough,Chelsea,Home,0,1,0,0.56,1.69,Aitor Karanka,first spell in data,0.7
2016/17,2016-11-26,Middlesbrough,Leicester,Away,2,2,1,0.43,2.05,Aitor Karanka,first spell in data,0.7
2016/17,2016-12-05,Middlesbrough,Hull,Home,1,0,3,1.95,0.22,Aitor Karanka,first spell in data,1.0
2016/17,2016-12-11,Middlesbrough,Southampton,Away,0,1,0,0.49,1.73,Aitor Karanka,first spell in data,1.0
2016/17,2016-12-14,Middlesbrough,Liverpool,Home,0,3,0,0.16,2.14,Aitor Karanka,first spell in data,1.0
2016/17,2016-12-17,Middlesbrough,Swansea,Home,3,0,3,1.72,0.6,Aitor Karanka,first spell in data,1.2
2016/17,2016-12-26,Middlesbrough,Burnley,Away,0,1,0,0.7,0.28,Aitor Karanka,first spell in data,1.2
2016/17,2016-12-31,Middlesbrough,Man United,Away,1,2,0,0.64,2.54,Aitor Karanka,first spell in data,1.1
2016/17,2017-01-02,Middlesbrough,Leicester,Home,0,0,1,0.7,0.48,Aitor Karanka,first spell in data,0.9
2016/17,2017-01-14,Middlesbrough,Watford,Away,0,0,1,0.33,0.84,Aitor Karanka,first spell in data,0.9
2016/17,2017-01-21,Middlesbrough,West Ham,Home,1,3,0,0.96,2.66,Aitor Karanka,first spell in data,0.9
2016/17,2017-01-31,Middlesbrough,West Brom,Home,1,1,1,1.18,1.25,Aitor Karanka,first spell in data,0.9
2016/17,2017-02-04,Middlesbrough,Tottenham,Away,0,1,0,0.5,2.1,Aitor Karanka,first spell in data,0.6
2016/17,2017-02-11,Middlesbrough,Everton,Home,0,0,1,0.65,0.83,Aitor Karanka,first spell in data,0.7
2016/17,2017-02-25,Middlesbrough,Crystal Palace,Away,0,1,0,0.83,0.81,Aitor Karanka,first spell in data,0.7
2016/17,2017-03-04,Middlesbrough,Stoke,Away,0,2,0,0.27,2.98,Aitor Karanka,first spell in data,0.4
2016/17,2017-03-19,Middlesbrough,Man United,Home,1,3,0,1.09,2.47,Steve Agnew,caretaker,0.4
2016/17,2017-04-02,Middlesbrough,Swansea,Away,0,0,1,0.75,0.64,Steve Agnew,caretaker,0.5
2016/17,2017-04-05,Middlesbrough,Hull,Away,2,4,0,1.31,2.23,Steve Agnew,caretaker,0.4
2016/17,2017-04-08,Middlesbrough,Burnley,Home,0,0,1,0.68,0.81,Steve Agnew,caretaker,0.4
2016/17,2017-04-17,Middlesbrough,Arsenal,Home,1,2,0,1.72,1.07,Steve Agnew,caretaker,0.4
2016/17,2017-04-22,Middlesbrough,Bournemouth,Away,0,4,0,0.21,3.28,Steve Agnew,caretaker,0.3
2016/17,2017-04-26,Middlesbrough,Sunderland,Home,1,0,3,0.83,0.45,Steve Agnew,caretaker,0.6
2016/17,2017-04-30,Middlesbrough,Man City,Home,2,2,1,1.18,3.11,Steve Agnew,caretaker,0.6
2016/17,2017-05-08,Middlesbrough,Chelsea,Away,0,3,0,0.07,2.28,Steve Agnew,caretaker,0.6
2016/17,2017-05-13,Middlesbrough,Southampton,Home,1,2,0,1.33,1.53,Steve Agnew,caretaker,0.6
2016/17,2017-05-21,Middlesbrough,Liverpool,Away,0,3,0,0.9,2.17,Steve Agnew,caretaker,0.6
2014/15,2014-08-17,Newcastle,Man City,Home,0,2,0,0.97,1.48,Alan Pardew,first spell in data,
2014/15,2014-08-23,Newcastle,Aston Villa,Away,0,0,1,0.7,0.51,Alan Pardew,first spell in data,
2014/15,2014-08-30,Newcastle,Crystal Palace,Home,3,3,1,1.7,1.66,Alan Pardew,first spell in data,
2014/15,2014-09-13,Newcastle,Southampton,Away,0,4,0,1.15,2.12,Alan Pardew,first spell in data,
2014/15,2014-09-20,Newcastle,Hull,Home,2,2,1,1.92,0.85,Alan Pardew,first spell in data,
2014/15,2014-09-29,Newcastle,Stoke,Away,0,1,0,1.14,1.56,Alan Pardew,first spell in data,
2014/15,2014-10-04,Newcastle,Swansea,Away,2,2,1,1.19,1.55,Alan Pardew,first spell in data,
2014/15,2014-10-18,Newcastle,Leicester,Home,1,0,3,2.19,0.65,Alan Pardew,first spell in data,
2014/15,2014-10-26,Newcastle,Tottenham,Away,2,1,3,0.74,2.04,Alan Pardew,first spell in data,
2014/15,2014-11-01,Newcastle,Liverpool,Home,1,0,3,1.57,0.26,Alan Pardew,first spell in data,1.3
2014/15,2014-11-09,Newcastle,West Brom,Away,2,0,3,0.69,0.77,Alan Pardew,first spell in data,1.6
2014/15,2014-11-22,Newcastle,QPR,Home,1,0,3,1.48,0.4,Alan Pardew,first spell in data,1.8
2014/15,2014-11-29,Newcastle,West Ham,Away,0,1,0,0.25,1.1,Alan Pardew,first spell in data,1.7
2014/15,2014-12-02,Newcastle,Burnley,Away,1,1,1,1.0,0.68,Alan Pardew,first spell in data,1.8
2014/15,2014-12-06,Newcastle,Chelsea,Home,2,1,3,1.49,2.16,Alan Pardew,first spell in data,2.0
2014/15,2014-12-13,Newcastle,Arsenal,Away,1,4,0,0.94,2.39,Alan Pardew,first spell in data,2.0
2014/15,2014-12-21,Newcastle,Sunderland,Home,0,1,0,0.9,2.18,Alan Pardew,first spell in data,1.9
2014/15,2014-12-26,Newcastle,Man United,Away,1,3,0,1.03,1.86,Alan Pardew,first spell in data,1.6
2014/15,2014-12-28,Newcastle,Everton,Home,3,2,3,1.71,1.07,Alan Pardew,first spell in data,1.6
2014/15,2015-01-01,Newcastle,Burnley,Home,3,3,1,1.25,1.66,John Carver,caretaker_made_permanent,1.4
2014/15,2015-01-10,Newcastle,Chelsea,Away,0,2,0,0.39,1.08,John Carver,caretaker_made_permanent,1.1
2014/15,2015-01-17,Newcastle,Southampton,Home,1,2,0,0.86,0.43,John Carver,caretaker_made_permanent,0.8
2014/15,2015-01-31,Newcastle,Hull,Away,3,0,3,0.51,0.99,John Carver,caretaker_made_permanent,1.1
2014/15,2015-02-08,Newcastle,Stoke,Home,1,1,1,0.79,0.22,John Carver,caretaker_made_permanent,1.1
2014/15,2015-02-11,Newcastle,Crystal Palace,Away,1,1,1,0.44,0.93,John Carver,caretaker_made_permanent,0.9
2014/15,2015-02-21,Newcastle,Man City,Away,0,5,0,0.17,3.13,John Carver,caretaker_made_permanent,0.9
2014/15,2015-02-28,Newcastle,Aston Villa,Home,1,0,3,0.93,0.77,John Carver,caretaker_made_permanent,1.2
2014/15,2015-03-04,Newcastle,Man United,Home,0,1,0,1.19,1.69,John Carver,caretaker_made_permanent,1.2
2014/15,2015-03-15,Newcastle,Everton,Away,0,3,0,0.81,2.26,John Carver,caretaker_made_permanent,0.9
2014/15,2015-03-21,Newcastle,Arsenal,Home,1,2,0,1.01,0.75,John Carver,caretaker_made_permanent,0.8
2014/15,2015-04-05,Newcastle,Sunderland,Away,0,1,0,0.8,0.83,John Carver,caretaker_made_permanent,0.8
2014/15,2015-04-13,Newcastle,Liverpool,Away,0,2,0,0.36,1.27,John Carver,caretaker_made_permanent,0.8
2014/15,2015-04-19,Newcastle,Tottenham,Home,1,3,0,0.94,2.0,John Carver,caretaker_made_permanent,0.5
2014/15,2015-04-25,Newcastle,Swansea,Home,2,3,0,1.55,1.59,John Carver,caretaker_made_permanent,0.4
2014/15,2015-05-02,Newcastle,Leicester,Away,0,3,0,0.49,4.03,John Carver,caretaker_made_permanent,0.3
2014/15,2015-05-09,Newcastle,West Brom,Home,1,1,1,1.24,1.21,John Carver,caretaker_made_permanent,0.4
2014/15,2015-05-16,Newcastle,QPR,Away,1,2,0,2.11,0.47,John Carver,caretaker_made_permanent,0.1
2014/15,2015-05-24,Newcastle,West Ham,Home,2,0,3,1.64,0.42,John Carver,caretaker_made_permanent,0.4
2015/16,2015-08-09,Newcastle,Southampton,Home,2,2,1,1.55,1.25,Steve McClaren,permanent,0.5
2015/16,2015-08-15,Newcastle,Swansea,Away,0,2,0,0.11,1.97,Steve McClaren,permanent,0.5
2015/16,2015-08-22,Newcastle,Man United,Away,0,0,1,0.44,1.25,Steve McClaren,permanent,0.6
2015/16,2015-08-29,Newcastle,Arsenal,Home,0,1,0,0.03,2.34,Steve McClaren,permanent,0.6
2015/16,2015-09-14,Newcastle,West Ham,Away,0,2,0,0.72,1.71,Steve McClaren,permanent,0.6
2015/16,2015-09-19,Newcastle,Watford,Home,1,2,0,1.15,1.34,Steve McClaren,permanent,0.6
2015/16,2015-09-26,Newcastle,Chelsea,Home,2,2,1,0.7,1.31,Steve McClaren,permanent,0.7
2015/16,2015-10-03,Newcastle,Man City,Away,1,6,0,0.98,3.33,Steve McClaren,permanent,0.6
2015/16,2015-10-18,Newcastle,Norwich,Home,6,2,3,2.25,1.34,Steve McClaren,permanent,0.9
2015/16,2015-10-25,Newcastle,Sunderland,Away,0,3,0,1.42,2.38,Steve McClaren,permanent,0.6
2015/16,2015-10-31,Newcastle,Stoke,Home,0,0,1,1.26,1.38,Steve McClaren,permanent,0.6
2015/16,2015-11-07,Newcastle,Bournemouth,Away,1,0,3,0.5,1.0,Steve McClaren,permanent,0.9
2015/16,2015-11-21,Newcastle,Leicester,Home,0,3,0,0.37,3.27,Steve McClaren,permanent,0.8
2015/16,2015-11-28,Newcastle,Crystal Palace,Away,1,5,0,0.79,1.68,Steve McClaren,permanent,0.8
2015/16,2015-12-06,Newcastle,Liverpool,Home,2,0,3,0.65,1.0,Steve McClaren,permanent,1.1
2015/16,2015-12-13,Newcastle,Tottenham,Away,2,1,3,1.55,1.03,Steve McClaren,permanent,1.4
2015/16,2015-12-19,Newcastle,Aston Villa,Home,1,1,1,1.28,0.4,Steve McClaren,permanent,1.4
2015/16,2015-12-26,Newcastle,Everton,Home,0,1,0,1.36,1.7,Steve McClaren,permanent,1.4
2015/16,2015-12-28,Newcastle,West Brom,Away,0,1,0,0.46,2.1,Steve McClaren,permanent,1.1
2015/16,2016-01-02,Newcastle,Arsenal,Away,0,1,0,1.15,1.93,Steve McClaren,permanent,1.1
2015/16,2016-01-12,Newcastle,Man United,Home,3,3,1,1.81,2.36,Steve McClaren,permanent,1.1
2015/16,2016-01-16,Newcastle,West Ham,Home,2,1,3,1.84,1.08,Steve McClaren,permanent,1.1
2015/16,2016-01-23,Newcastle,Watford,Away,1,2,0,1.29,2.59,Steve McClaren,permanent,1.1
2015/16,2016-02-03,Newcastle,Everton,Away,0,3,0,0.63,2.48,Steve McClaren,permanent,1.1
2015/16,2016-02-06,Newcastle,West Brom,Home,1,0,3,2.41,0.47,Steve McClaren,permanent,1.1
2015/16,2016-02-13,Newcastle,Chelsea,Away,1,5,0,0.43,2.09,Steve McClaren,permanent,0.8
2015/16,2016-03-02,Newcastle,Stoke,Away,0,1,0,0.27,0.3,Steve McClaren,permanent,0.7
2015/16,2016-03-05,Newcastle,Bournemouth,Home,1,3,0,0.83,1.27,Steve McClaren,permanent,0.7
2015/16,2016-03-14,Newcastle,Leicester,Away,0,1,0,0.52,0.85,Rafael Benítez,permanent,0.7
2015/16,2016-03-20,Newcastle,Sunderland,Home,1,1,1,0.94,0.79,Rafael Benítez,permanent,0.8
2015/16,2016-04-02,Newcastle,Norwich,Away,2,3,0,1.47,1.65,Rafael Benítez,permanent,0.7
2015/16,2016-04-09,Newcastle,Southampton,Away,1,3,0,0.17,1.78,Rafael Benítez,permanent,0.4
2015/16,2016-04-16,Newcastle,Swansea,Home,3,0,3,1.5,0.79,Rafael Benítez,permanent,0.7
2015/16,2016-04-19,Newcastle,Man City,Home,1,1,1,0.46,0.52,Rafael Benítez,permanent,0.8
2015/16,2016-04-23,Newcastle,Liverpool,Away,2,2,1,0.25,0.71,Rafael Benítez,permanent,0.6
2015/16,2016-04-30,Newcastle,Crystal Palace,Home,1,0,3,0.53,1.05,Rafael Benítez,permanent,0.9
2015/16,2016-05-07,Newcastle,Aston Villa,Away,0,0,1,1.1,0.03,Rafael Benítez,permanent,1.0
2015/16,2016-05-15,Newcastle,Tottenham,Home,5,1,3,2.43,0.87,Rafael Benítez,permanent,1.3
2017/18,2017-08-13,Newcastle,Tottenham,Home,0,2,0,0.63,2.34,Rafael Benítez,permanent,1.3
2017/18,2017-08-20,Newcastle,Huddersfield,Away,0,1,0,0.97,0.27,Rafael Benítez,permanent,1.2
2017/18,2017-08-26,Newcastle,West Ham,Home,3,0,3,2.76,0.56,Rafael Benítez,permanent,1.5
2017/18,2017-09-10,Newcastle,Swansea,Away,1,0,3,1.03,1.49,Rafael Benítez,permanent,1.8
2017/18,2017-09-16,Newcastle,Stoke,Home,2,1,3,2.66,0.68,Rafael Benítez,permanent,1.8
2017/18,2017-09-24,Newcastle,Brighton,Away,0,1,0,1.37,0.51,Rafael Benítez,permanent,1.7
2017/18,2017-10-01,Newcastle,Liverpool,Home,1,1,1,0.28,1.64,Rafael Benítez,permanent,1.7
2017/18,2017-10-15,Newcastle,Southampton,Away,2,2,1,0.95,1.71,Rafael Benítez,permanent,1.5
2017/18,2017-10-21,Newcastle,Crystal Palace,Home,1,0,3,0.27,0.57,Rafael Benítez,permanent,1.7
2017/18,2017-10-30,Newcastle,Burnley,Away,0,1,0,0.52,1.03,Rafael Benítez,permanent,1.4
2017/18,2017-11-04,Newcastle,Bournemouth,Home,0,1,0,0.68,1.29,Rafael Benítez,permanent,1.4
2017/18,2017-11-18,Newcastle,Man United,Away,1,4,0,1.09,2.57,Rafael Benítez,permanent,1.4
2017/18,2017-11-25,Newcastle,Watford,Home,0,3,0,0.86,2.06,Rafael Benítez,permanent,1.1
2017/18,2017-11-28,Newcastle,West Brom,Away,2,2,1,1.13,0.85,Rafael Benítez,permanent,0.9
2017/18,2017-12-02,Newcastle,Chelsea,Away,1,3,0,0.52,3.08,Rafael Benítez,permanent,0.6
2017/18,2017-12-09,Newcastle,Leicester,Home,2,3,0,0.96,0.44,Rafael Benítez,permanent,0.6
2017/18,2017-12-13,Newcastle,Everton,Home,0,1,0,0.57,1.39,Rafael Benítez,permanent,0.5
2017/18,2017-12-16,Newcastle,Arsenal,Away,0,1,0,0.29,2.02,Rafael Benítez,permanent,0.4
2017/18,2017-12-23,Newcastle,West Ham,Away,3,2,3,1.91,2.32,Rafael Benítez,permanent,0.4
2017/18,2017-12-27,Newcastle,Man City,Home,0,1,0,0.17,1.93,Rafael Benítez,permanent,0.4
2017/18,2017-12-30,Newcastle,Brighton,Home,0,0,1,0.5,0.63,Rafael Benítez,permanent,0.5
2017/18,2018-01-01,Newcastle,Stoke,Away,1,0,3,2.02,1.5,Rafael Benítez,permanent,0.8
2017/18,2018-01-13,Newcastle,Swansea,Home,1,1,1,1.83,0.9,Rafael Benítez,permanent,0.9
2017/18,2018-01-20,Newcastle,Man City,Away,1,3,0,0.99,2.55,Rafael Benítez,permanent,0.8
2017/18,2018-01-31,Newcastle,Burnley,Home,1,1,1,2.52,1.23,Rafael Benítez,permanent,0.9
2017/18,2018-02-04,Newcastle,Crystal Palace,Away,1,1,1,1.14,3.0,Rafael Benítez,permanent,1.0
2017/18,2018-02-11,Newcastle,Man United,Home,1,0,3,0.68,1.72,Rafael Benítez,permanent,1.3
2017/18,2018-02-24,Newcastle,Bournemouth,Away,2,2,1,4.24,1.21,Rafael Benítez,permanent,1.4
2017/18,2018-03-03,Newcastle,Liverpool,Away,0,2,0,0.26,1.57,Rafael Benítez,permanent,1.1
2017/18,2018-03-10,Newcastle,Southampton,Home,3,0,3,1.36,0.5,Rafael Benítez,permanent,1.4
2017/18,2018-03-31,Newcastle,Huddersfield,Home,1,0,3,2.54,0.28,Rafael Benítez,permanent,1.6
2017/18,2018-04-07,Newcastle,Leicester,Away,2,1,3,0.29,1.09,Rafael Benítez,permanent,1.6
2017/18,2018-04-15,Newcastle,Arsenal,Home,2,1,3,0.89,1.42,Rafael Benítez,permanent,1.8
2017/18,2018-04-23,Newcastle,Everton,Away,0,1,0,0.48,0.95,Rafael Benítez,permanent,1.8
2017/18,2018-04-28,Newcastle,West Brom,Home,0,1,0,1.58,0.7,Rafael Benítez,permanent,1.7
2017/18,2018-05-05,Newcastle,Watford,Away,1,2,0,0.61,2.81,Rafael Benítez,permanent,1.6
2017/18,2018-05-09,Newcastle,Tottenham,Away,0,1,0,0.83,0.84,Rafael Benítez,permanent,1.3
2017/18,2018-05-13,Newcastle,Chelsea,Home,3,0,3,2.24,0.84,Rafael Benítez,permanent,1.5
2018/19,2018-08-11,Newcastle,Tottenham,Home,1,2,0,0.97,2.58,Rafael Benítez,permanent,1.5
2018/19,2018-08-18,Newcastle,Cardiff,Away,0,0,1,1.55,1.16,Rafael Benítez,permanent,1.3
2018/19,2018-08-26,Newcastle,Chelsea,Home,1,2,0,0.21,1.5,Rafael Benítez,permanent,1.0
2018/19,2018-09-01,Newcastle,Man City,Away,1,2,0,0.55,2.47,Rafael Benítez,permanent,0.7
2018/19,2018-09-15,Newcastle,Arsenal,Home,1,2,0,0.41,0.9,Rafael Benítez,permanent,0.4
2018/19,2018-09-22,Newcastle,Crystal Palace,Away,0,0,1,0.23,0.93,Rafael Benítez,permanent,0.5
2018/19,2018-09-29,Newcastle,Leicester,Home,0,2,0,0.4,1.34,Rafael Benítez,permanent,0.5
2018/19,2018-10-06,Newcastle,Man United,Away,2,3,0,1.56,2.41,Rafael Benítez,permanent,0.5
2018/19,2018-10-20,Newcastle,Brighton,Home,0,1,0,1.71,0.68,Rafael Benítez,permanent,0.5
2018/19,2018-10-27,Newcastle,Southampton,Away,0,0,1,0.3,1.19,Rafael Benítez,permanent,0.3
2018/19,2018-11-03,Newcastle,Watford,Home,1,0,3,0.69,2.55,Rafael Benítez,permanent,0.6
2018/19,2018-11-10,Newcastle,Bournemouth,Home,2,1,3,2.58,1.92,Rafael Benítez,permanent,0.8
2018/19,2018-11-26,Newcastle,Burnley,Away,2,1,3,1.68,1.49,Rafael Benítez,permanent,1.1
2018/19,2018-12-01,Newcastle,West Ham,Home,0,3,0,1.13,2.63,Rafael Benítez,permanent,1.1
2018/19,2018-12-05,Newcastle,Everton,Away,1,1,1,1.52,2.11,Rafael Benítez,permanent,1.2
2018/19,2018-12-09,Newcastle,Wolves,Home,1,2,0,0.46,1.58,Rafael Benítez,permanent,1.1
2018/19,2018-12-15,Newcastle,Huddersfield,Away,1,0,3,0.93,0.67,Rafael Benítez,permanent,1.4
2018/19,2018-12-22,Newcastle,Fulham,Home,0,0,1,0.29,0.25,Rafael Benítez,permanent,1.5
2018/19,2018-12-26,Newcastle,Liverpool,Away,0,4,0,0.46,3.25,Rafael Benítez,permanent,1.5
2018/19,2018-12-29,Newcastle,Watford,Away,1,1,1,0.66,1.06,Rafael Benítez,permanent,1.5
2018/19,2019-01-02,Newcastle,Man United,Home,0,2,0,0.69,2.68,Rafael Benítez,permanent,1.2
2018/19,2019-01-12,Newcastle,Chelsea,Away,1,2,0,0.4,1.32,Rafael Benítez,permanent,0.9
2018/19,2019-01-19,Newcastle,Cardiff,Home,3,0,3,2.52,0.26,Rafael Benítez,permanent,0.9
2018/19,2019-01-29,Newcastle,Man City,Home,2,1,3,0.99,1.34,Rafael Benítez,permanent,1.2
2018/19,2019-02-02,Newcastle,Tottenham,Away,0,1,0,0.4,3.1,Rafael Benítez,permanent,1.1
2018/19,2019-02-11,Newcastle,Wolves,Away,1,1,1,0.44,2.31,Rafael Benítez,permanent,1.2
2018/19,2019-02-23,Newcastle,Huddersfield,Home,2,0,3,3.03,0.13,Rafael Benítez,permanent,1.2
2018/19,2019-02-26,Newcastle,Burnley,Home,2,0,3,1.7,1.74,Rafael Benítez,permanent,1.4
2018/19,2019-03-02,Newcastle,West Ham,Away,0,2,0,1.19,1.89,Rafael Benítez,permanent,1.4
2018/19,2019-03-09,Newcastle,Everton,Home,3,2,3,2.38,1.15,Rafael Benítez,permanent,1.6
2018/19,2019-03-16,Newcastle,Bournemouth,Away,2,2,1,1.03,1.62,Rafael Benítez,permanent,1.7
2018/19,2019-04-01,Newcastle,Arsenal,Away,0,2,0,0.04,1.04,Rafael Benítez,permanent,1.7
2018/19,2019-04-06,Newcastle,Crystal Palace,Home,0,1,0,0.94,0.91,Rafael Benítez,permanent,1.4
2018/19,2019-04-12,Newcastle,Leicester,Away,1,0,3,0.95,0.88,Rafael Benítez,permanent,1.4
2018/19,2019-04-20,Newcastle,Southampton,Home,3,1,3,1.23,1.27,Rafael Benítez,permanent,1.7
2018/19,2019-04-27,Newcastle,Brighton,Away,1,1,1,0.44,1.2,Rafael Benítez,permanent,1.7
2018/19,2019-05-04,Newcastle,Liverpool,Home,2,3,0,1.3,1.48,Rafael Benítez,permanent,1.4
2018/19,2019-05-12,Newcastle,Fulham,Away,4,0,3,1.96,0.57,Rafael Benítez,permanent,1.4
2019/20,2019-08-11,Newcastle,Arsenal,Home,0,1,0,0.38,1.13,Steve Bruce,permanent,1.4
2019/20,2019-08-17,Newcastle,Norwich,Away,1,3,0,0.92,2.1,Steve Bruce,permanent,1.1
2019/20,2019-08-25,Newcastle,Tottenham,Away,1,0,3,0.51,1.26,Steve Bruce,permanent,1.3
2019/20,2019-08-31,Newcastle,Watford,Home,1,1,1,1.04,1.11,Steve Bruce,permanent,1.4
2019/20,2019-09-14,Newcastle,Liverpool,Away,1,3,0,0.29,2.93,Steve Bruce,permanent,1.4
2019/20,2019-09-21,Newcastle,Brighton,Home,0,0,1,1.1,1.22,Steve Bruce,permanent,1.2
2019/20,2019-09-29,Newcastle,Leicester,Away,0,5,0,0.05,1.82,Steve Bruce,permanent,0.9
2019/20,2019-10-06,Newcastle,Man United,Home,1,0,3,0.65,0.97,Steve Bruce,permanent,1.1
2019/20,2019-10-19,Newcastle,Chelsea,Away,0,1,0,0.2,2.3,Steve Bruce,permanent,1.1
2019/20,2019-10-27,Newcastle,Wolves,Home,1,1,1,0.6,1.93,Steve Bruce,permanent,0.9
2019/20,2019-11-02,Newcastle,West Ham,Away,3,2,3,1.93,1.54,Steve Bruce,permanent,1.2
2019/20,2019-11-09,Newcastle,Bournemouth,Home,2,1,3,2.33,1.92,Steve Bruce,permanent,1.5
2019/20,2019-11-25,Newcastle,Aston Villa,Away,0,2,0,0.7,2.7,Steve Bruce,permanent,1.2
2019/20,2019-11-30,Newcastle,Man City,Home,2,2,1,0.21,2.44,Steve Bruce,permanent,1.2
2019/20,2019-12-05,Newcastle,Sheffield United,Away,2,0,3,0.53,1.09,Steve Bruce,permanent,1.5
2019/20,2019-12-08,Newcastle,Southampton,Home,2,1,3,1.1,1.89,Steve Bruce,permanent,1.7
2019/20,2019-12-14,Newcastle,Burnley,Away,0,1,0,1.09,1.44,Steve Bruce,permanent,1.7
2019/20,2019-12-21,Newcastle,Crystal Palace,Home,1,0,3,0.71,0.99,Steve Bruce,permanent,1.7
2019/20,2019-12-26,Newcastle,Man United,Away,1,4,0,1.05,2.0,Steve Bruce,permanent,1.7
2019/20,2019-12-28,Newcastle,Everton,Home,1,2,0,1.63,2.83,Steve Bruce,permanent,1.6
2019/20,2020-01-01,Newcastle,Leicester,Home,0,3,0,0.78,2.44,Steve Bruce,permanent,1.3
2019/20,2020-01-11,Newcastle,Wolves,Away,1,1,1,0.18,2.05,Steve Bruce,permanent,1.1
2019/20,2020-01-18,Newcastle,Chelsea,Home,1,0,3,0.89,2.05,Steve Bruce,permanent,1.4
2019/20,2020-01-21,Newcastle,Everton,Away,2,2,1,0.57,2.05,Steve Bruce,permanent,1.4
2019/20,2020-02-01,Newcastle,Norwich,Home,0,0,1,0.94,2.4,Steve Bruce,permanent,1.2
2019/20,2020-02-16,Newcastle,Arsenal,Away,0,4,0,1.17,3.02,Steve Bruce,permanent,0.9
2019/20,2020-02-22,Newcastle,Crystal Palace,Away,0,1,0,0.16,1.76,Steve Bruce,permanent,0.9
2019/20,2020-02-29,Newcastle,Burnley,Home,0,0,1,1.12,0.62,Steve Bruce,permanent,0.7
2019/20,2020-03-07,Newcastle,Southampton,Away,1,0,3,3.06,0.35,Steve Bruce,permanent,1.0
2019/20,2020-06-21,Newcastle,Sheffield United,Home,3,0,3,2.15,0.57,Steve Bruce,permanent,1.3
2019/20,2020-06-24,Newcastle,Aston Villa,Home,1,1,1,0.66,1.23,Steve Bruce,permanent,1.4
2019/20,2020-07-01,Newcastle,Bournemouth,Away,4,1,3,2.23,1.28,Steve Bruce,permanent,1.6
2019/20,2020-07-05,Newcastle,West Ham,Home,2,2,1,1.49,2.03,Steve Bruce,permanent,1.4
2019/20,2020-07-08,Newcastle,Man City,Away,0,5,0,0.22,3.29,Steve Bruce,permanent,1.3
2019/20,2020-07-11,Newcastle,Watford,Away,1,2,0,1.49,3.13,Steve Bruce,permanent,1.2
2019/20,2020-07-15,Newcastle,Tottenham,Home,1,3,0,1.06,1.75,Steve Bruce,permanent,1.2
2019/20,2020-07-20,Newcastle,Brighton,Away,0,0,1,0.93,0.86,Steve Bruce,permanent,1.3
2019/20,2020-07-26,Newcastle,Liverpool,Home,1,3,0,0.34,0.57,Steve Bruce,permanent,1.2
2020/21,2020-09-12,Newcastle,West Ham,Away,2,0,3,1.66,0.86,Steve Bruce,permanent,1.2
2020/21,2020-09-20,Newcastle,Brighton,Home,0,3,0,0.52,1.88,Steve Bruce,permanent,0.9
2020/21,2020-09-27,Newcastle,Tottenham,Away,1,1,1,0.94,3.19,Steve Bruce,permanent,0.9
2020/21,2020-10-03,Newcastle,Burnley,Home,3,1,3,1.96,0.44,Steve Bruce,permanent,0.9
2020/21,2020-10-17,Newcastle,Man United,Home,1,4,0,0.87,2.22,Steve Bruce,permanent,0.8
2020/21,2020-10-25,Newcastle,Wolves,Away,1,1,1,0.25,0.76,Steve Bruce,permanent,0.9
2020/21,2020-11-01,Newcastle,Everton,Home,2,1,3,2.63,1.22,Steve Bruce,permanent,1.2
2020/21,2020-11-06,Newcastle,Southampton,Away,0,2,0,0.18,0.99,Steve Bruce,permanent,1.2
2020/21,2020-11-21,Newcastle,Chelsea,Home,0,2,0,0.37,1.82,Steve Bruce,permanent,1.1
2020/21,2020-11-27,Newcastle,Crystal Palace,Away,2,0,3,1.28,0.53,Steve Bruce,permanent,1.4
2020/21,2020-12-12,Newcastle,West Brom,Home,2,1,3,0.9,0.57,Steve Bruce,permanent,1.4
2020/21,2020-12-16,Newcastle,Leeds,Away,2,5,0,1.44,2.95,Steve Bruce,permanent,1.4
2020/21,2020-12-19,Newcastle,Fulham,Home,1,1,1,1.27,1.11,Steve Bruce,permanent,1.4
2020/21,2020-12-26,Newcastle,Man City,Away,0,2,0,0.2,3.2,Steve Bruce,permanent,1.1
2020/21,2020-12-30,Newcastle,Liverpool,Home,0,0,1,0.82,1.32,Steve Bruce,permanent,1.2
2020/21,2021-01-03,Newcastle,Leicester,Home,1,2,0,0.26,0.7,Steve Bruce,permanent,1.1
2020/21,2021-01-12,Newcastle,Sheffield United,Away,0,1,0,1.05,2.01,Steve Bruce,permanent,0.8
2020/21,2021-01-18,Newcastle,Arsenal,Away,0,3,0,0.17,2.31,Steve Bruce,permanent,0.8
2020/21,2021-01-23,Newcastle,Aston Villa,Away,0,2,0,0.4,2.6,Steve Bruce,permanent,0.8
2020/21,2021-01-26,Newcastle,Leeds,Home,1,2,0,1.14,0.79,Steve Bruce,permanent,0.5
2020/21,2021-01-30,Newcastle,Everton,Away,2,0,3,2.09,0.97,Steve Bruce,permanent,0.5
2020/21,2021-02-02,Newcastle,Crystal Palace,Home,1,2,0,1.91,0.81,Steve Bruce,permanent,0.5
2020/21,2021-02-06,Newcastle,Southampton,Home,3,2,3,0.91,1.43,Steve Bruce,permanent,0.7
2020/21,2021-02-15,Newcastle,Chelsea,Away,0,2,0,0.43,2.54,Steve Bruce,permanent,0.7
2020/21,2021-02-21,Newcastle,Man United,Away,1,3,0,0.34,1.73,Steve Bruce,permanent,0.6
2020/21,2021-02-27,Newcastle,Wolves,Home,1,1,1,1.95,1.28,Steve Bruce,permanent,0.7
2020/21,2021-03-07,Newcastle,West Brom,Away,0,0,1,0.45,1.47,Steve Bruce,permanent,0.8
2020/21,2021-03-12,Newcastle,Aston Villa,Home,1,1,1,0.87,0.75,Steve Bruce,permanent,0.9
2020/21,2021-03-20,Newcastle,Brighton,Away,0,3,0,0.1,0.95,Steve Bruce,permanent,0.9
2020/21,2021-04-04,Newcastle,Tottenham,Home,2,2,1,3.3,2.44,Steve Bruce,permanent,1.0
2020/21,2021-04-11,Newcastle,Burnley,Away,2,1,3,1.34,1.84,Steve Bruce,permanent,1.0
2020/21,2021-04-17,Newcastle,West Ham,Home,3,2,3,2.43,2.07,Steve Bruce,permanent,1.3
2020/21,2021-04-24,Newcastle,Liverpool,Away,1,1,1,0.86,2.85,Steve Bruce,permanent,1.1
2020/21,2021-05-02,Newcastle,Arsenal,Home,0,2,0,0.17,1.79,Steve Bruce,permanent,1.1
2020/21,2021-05-07,Newcastle,Leicester,Away,4,2,3,2.87,2.31,Steve Bruce,permanent,1.4
2020/21,2021-05-14,Newcastle,Man City,Home,3,4,0,2.18,1.48,Steve Bruce,permanent,1.3
2020/21,2021-05-19,Newcastle,Sheffield United,Home,1,0,3,1.83,0.88,Steve Bruce,permanent,1.5
2020/21,2021-05-23,Newcastle,Fulham,Away,2,0,3,1.6,0.99,Steve Bruce,permanent,1.7
2021/22,2021-08-15,Newcastle,West Ham,Home,2,4,0,1.68,3.01,Steve Bruce,permanent,1.7
2021/22,2021-08-21,Newcastle,Aston Villa,Away,0,2,0,0.63,1.18,Steve Bruce,permanent,1.6
2021/22,2021-08-28,Newcastle,Southampton,Home,2,2,1,1.19,3.46,Steve Bruce,permanent,1.4
2021/22,2021-09-11,Newcastle,Man United,Away,1,4,0,0.62,2.77,Steve Bruce,permanent,1.1
2021/22,2021-09-17,Newcastle,Leeds,Home,1,1,1,1.18,1.43,Steve Bruce,permanent,1.1
2021/22,2021-09-25,Newcastle,Watford,Away,1,1,1,2.52,0.9,Steve Bruce,permanent,1.2
2021/22,2021-10-02,Newcastle,Wolves,Away,1,2,0,0.87,1.16,Steve Bruce,permanent,0.9
2021/22,2021-10-17,Newcastle,Tottenham,Home,2,3,0,0.65,1.55,Steve Bruce,permanent,0.9
2021/22,2021-10-23,Newcastle,Crystal Palace,Away,1,1,1,0.72,2.26,Graeme Jones,caretaker,0.7
2021/22,2021-10-30,Newcastle,Chelsea,Home,0,3,0,0.16,2.17,Graeme Jones,caretaker,0.4
2021/22,2021-11-06,Newcastle,Brighton,Away,1,1,1,0.23,1.43,Graeme Jones,caretaker,0.5
2021/22,2021-11-20,Newcastle,Brentford,Home,3,3,1,2.18,1.23,Eddie Howe,permanent,0.6
2021/22,2021-11-27,Newcastle,Arsenal,Away,0,2,0,0.19,2.84,Eddie Howe,permanent,0.5
2021/22,2021-11-30,Newcastle,Norwich,Home,1,1,1,1.16,1.51,Eddie Howe,permanent,0.6
2021/22,2021-12-04,Newcastle,Burnley,Home,1,0,3,1.71,0.6,Eddie Howe,permanent,0.8
2021/22,2021-12-12,Newcastle,Leicester,Away,0,4,0,0.51,2.06,Eddie Howe,permanent,0.7
2021/22,2021-12-16,Newcastle,Liverpool,Away,1,3,0,0.21,2.94,Eddie Howe,permanent,0.7
2021/22,2021-12-19,Newcastle,Man City,Home,0,4,0,0.17,3.65,Eddie Howe,permanent,0.7
2021/22,2021-12-27,Newcastle,Man United,Home,1,1,1,1.27,1.76,Eddie Howe,permanent,0.7
2021/22,2022-01-15,Newcastle,Watford,Home,1,1,1,1.04,1.5,Eddie Howe,permanent,0.8
2021/22,2022-01-22,Newcastle,Leeds,Away,1,0,3,1.16,1.13,Eddie Howe,permanent,1.0
2021/22,2022-02-08,Newcastle,Everton,Home,3,1,3,2.69,0.82,Eddie Howe,permanent,1.2
2021/22,2022-02-13,Newcastle,Aston Villa,Home,1,0,3,0.53,0.46,Eddie Howe,permanent,1.5
2021/22,2022-02-19,Newcastle,West Ham,Away,1,1,1,0.93,0.85,Eddie Howe,permanent,1.5
2021/22,2022-02-26,Newcastle,Brentford,Away,2,0,3,2.25,0.49,Eddie Howe,permanent,1.5
2021/22,2022-03-05,Newcastle,Brighton,Home,2,1,3,1.58,1.65,Eddie Howe,permanent,1.8
2021/22,2022-03-10,Newcastle,Southampton,Away,2,1,3,0.81,1.8,Eddie Howe,permanent,2.1
2021/22,2022-03-13,Newcastle,Chelsea,Away,0,1,0,0.25,1.07,Eddie Howe,permanent,2.1
2021/22,2022-03-17,Newcastle,Everton,Away,0,1,0,0.76,0.71,Eddie Howe,permanent,2.0
2021/22,2022-04-03,Newcastle,Tottenham,Away,1,5,0,0.54,3.61,Eddie Howe,permanent,1.9
2021/22,2022-04-08,Newcastle,Wolves,Home,1,0,3,1.44,0.31,Eddie Howe,permanent,1.9
2021/22,2022-04-17,Newcastle,Leicester,Home,2,1,3,2.54,0.54,Eddie Howe,permanent,1.9
2021/22,2022-04-20,Newcastle,Crystal Palace,Home,1,0,3,0.77,0.43,Eddie Howe,permanent,1.9
2021/22,2022-04-23,Newcastle,Norwich,Away,3,0,3,1.88,0.66,Eddie Howe,permanent,2.1
2021/22,2022-04-30,Newcastle,Liverpool,Home,0,1,0,0.12,2.73,Eddie Howe,permanent,1.8
2021/22,2022-05-08,Newcastle,Man City,Away,0,5,0,1.0,4.06,Eddie Howe,permanent,1.5
2021/22,2022-05-16,Newcastle,Arsenal,Home,2,0,3,1.68,0.49,Eddie Howe,permanent,1.5
2021/22,2022-05-22,Newcastle,Burnley,Away,2,1,3,1.74,1.49,Eddie Howe,permanent,1.8
2022/23,2022-08-06,Newcastle,Nott'm Forest,Home,2,0,3,1.86,0.24,Eddie Howe,permanent,2.1
2022/23,2022-08-13,Newcastle,Brighton,Away,0,0,1,0.18,1.61,Eddie Howe,permanent,2.2
2022/23,2022-08-21,Newcastle,Man City,Home,3,3,1,2.21,3.67,Eddie Howe,permanent,2.0
2022/23,2022-08-28,Newcastle,Wolves,Away,1,1,1,1.93,1.13,Eddie Howe,permanent,1.8
2022/23,2022-08-31,Newcastle,Liverpool,Away,1,2,0,0.64,1.76,Eddie Howe,permanent,1.5
2022/23,2022-09-03,Newcastle,Crystal Palace,Home,0,0,1,2.91,0.92,Eddie Howe,permanent,1.3
2022/23,2022-09-17,Newcastle,Bournemouth,Home,1,1,1,1.55,0.98,Eddie Howe,permanent,1.4
2022/23,2022-10-01,Newcastle,Fulham,Away,4,1,3,4.67,0.68,Eddie Howe,permanent,1.7
2022/23,2022-10-08,Newcastle,Brentford,Home,5,1,3,2.45,1.13,Eddie Howe,permanent,1.7
2022/23,2022-10-16,Newcastle,Man United,Away,0,0,1,0.79,1.42,Eddie Howe,permanent,1.5
2022/23,2022-10-19,Newcastle,Everton,Home,1,0,3,1.13,0.06,Eddie Howe,permanent,1.5
2022/23,2022-10-23,Newcastle,Tottenham,Away,2,1,3,1.13,1.57,Eddie Howe,permanent,1.7
2022/23,2022-10-29,Newcastle,Aston Villa,Home,4,0,3,4.19,0.27,Eddie Howe,permanent,1.9
2022/23,2022-11-06,Newcastle,Southampton,Away,4,1,3,1.42,1.65,Eddie Howe,permanent,2.1
2022/23,2022-11-12,Newcastle,Chelsea,Home,1,0,3,1.36,0.36,Eddie Howe,permanent,2.4
2022/23,2022-12-26,Newcastle,Leicester,Away,3,0,3,1.76,0.31,Eddie Howe,permanent,2.6
2022/23,2022-12-31,Newcastle,Leeds,Home,0,0,1,2.79,0.52,Eddie Howe,permanent,2.6
2022/23,2023-01-03,Newcastle,Arsenal,Away,0,0,1,0.96,0.97,Eddie Howe,permanent,2.4
2022/23,2023-01-15,Newcastle,Fulham,Home,1,0,3,1.96,0.99,Eddie Howe,permanent,2.4
2022/23,2023-01-21,Newcastle,Crystal Palace,Away,0,0,1,1.44,0.33,Eddie Howe,permanent,2.4
2022/23,2023-02-04,Newcastle,West Ham,Home,1,1,1,1.23,1.28,Eddie Howe,permanent,2.2
2022/23,2023-02-11,Newcastle,Bournemouth,Away,1,1,1,1.55,1.54,Eddie Howe,permanent,2.0
2022/23,2023-02-18,Newcastle,Liverpool,Home,0,2,0,1.75,2.17,Eddie Howe,permanent,1.7
2022/23,2023-03-04,Newcastle,Man City,Away,0,2,0,0.36,1.34,Eddie Howe,permanent,1.4
2022/23,2023-03-12,Newcastle,Wolves,Home,2,1,3,2.46,0.71,Eddie Howe,permanent,1.4
2022/23,2023-03-17,Newcastle,Nott'm Forest,Away,2,1,3,2.5,0.53,Eddie Howe,permanent,1.4
2022/23,2023-04-02,Newcastle,Man United,Home,2,0,3,3.33,0.33,Eddie Howe,permanent,1.6
2022/23,2023-04-05,Newcastle,West Ham,Away,5,1,3,2.84,0.83,Eddie Howe,permanent,1.8
2022/23,2023-04-08,Newcastle,Brentford,Away,2,1,3,1.02,2.07,Eddie Howe,permanent,1.8
2022/23,2023-04-15,Newcastle,Aston Villa,Away,0,3,0,0.43,1.92,Eddie Howe,permanent,1.7
2022/23,2023-04-23,Newcastle,Tottenham,Home,6,1,3,3.99,0.88,Eddie Howe,permanent,1.9
2022/23,2023-04-27,Newcastle,Everton,Away,4,1,3,2.86,0.78,Eddie Howe,permanent,2.1
2022/23,2023-04-30,Newcastle,Southampton,Home,3,1,3,3.91,0.9,Eddie Howe,permanent,2.4
2022/23,2023-05-07,Newcastle,Arsenal,Home,0,2,0,1.37,1.29,Eddie Howe,permanent,2.4
2022/23,2023-05-13,Newcastle,Leeds,Away,2,2,1,2.35,2.02,Eddie Howe,permanent,2.2
2022/23,2023-05-18,Newcastle,Brighton,Home,4,1,3,4.11,0.59,Eddie Howe,permanent,2.2
2022/23,2023-05-22,Newcastle,Leicester,Home,0,0,1,2.05,0.08,Eddie Howe,permanent,2.0
2022/23,2023-05-28,Newcastle,Chelsea,Away,1,1,1,1.52,2.02,Eddie Howe,permanent,1.8
2023/24,2023-08-12,Newcastle,Aston Villa,Home,5,1,3,4.32,1.49,Eddie Howe,permanent,1.8
2023/24,2023-08-19,Newcastle,Man City,Away,0,1,0,0.26,1.23,Eddie Howe,permanent,1.8
2023/24,2023-08-27,Newcastle,Liverpool,Home,1,2,0,1.62,0.86,Eddie Howe,permanent,1.5
2023/24,2023-09-02,Newcastle,Brighton,Away,1,3,0,0.9,1.32,Eddie Howe,permanent,1.2
2023/24,2023-09-16,Newcastle,Brentford,Home,1,0,3,1.5,0.63,Eddie Howe,permanent,1.2
2023/24,2023-09-24,Newcastle,Sheffield United,Away,8,0,3,5.11,0.58,Eddie Howe,permanent,1.5
2023/24,2023-09-30,Newcastle,Burnley,Home,2,0,3,3.09,0.8,Eddie Howe,permanent,1.7
2023/24,2023-10-08,Newcastle,West Ham,Away,2,2,1,1.98,0.93,Eddie Howe,permanent,1.5
2023/24,2023-10-21,Newcastle,Crystal Palace,Home,4,0,3,3.73,1.09,Eddie Howe,permanent,1.7
2023/24,2023-10-28,Newcastle,Wolves,Away,2,2,1,2.32,0.86,Eddie Howe,permanent,1.7
2023/24,2023-11-04,Newcastle,Arsenal,Home,1,0,3,1.12,0.54,Eddie Howe,permanent,1.7
2023/24,2023-11-11,Newcastle,Bournemouth,Away,0,2,0,0.31,2.78,Eddie Howe,permanent,1.7
2023/24,2023-11-25,Newcastle,Chelsea,Home,4,1,3,2.15,0.97,Eddie Howe,permanent,2.0
2023/24,2023-12-02,Newcastle,Man United,Home,1,0,3,2.9,0.42,Eddie Howe,permanent,2.3
2023/24,2023-12-07,Newcastle,Everton,Away,0,3,0,1.3,2.95,Eddie Howe,permanent,2.0
2023/24,2023-12-10,Newcastle,Tottenham,Away,1,4,0,1.61,4.4,Eddie Howe,permanent,1.7
2023/24,2023-12-16,Newcastle,Fulham,Home,3,0,3,4.28,0.47,Eddie Howe,permanent,1.7
2023/24,2023-12-23,Newcastle,Luton,Away,0,1,0,1.41,1.82,Eddie Howe,permanent,1.6
2023/24,2023-12-26,Newcastle,Nott'm Forest,Home,1,3,0,2.79,3.11,Eddie Howe,permanent,1.3
2023/24,2024-01-01,Newcastle,Liverpool,Away,2,4,0,0.91,6.67,Eddie Howe,permanent,1.2
2023/24,2024-01-13,Newcastle,Man City,Home,2,3,0,1.24,2.55,Eddie Howe,permanent,0.9
2023/24,2024-01-30,Newcastle,Aston Villa,Away,3,1,3,3.32,1.44,Eddie Howe,permanent,1.2
2023/24,2024-02-03,Newcastle,Luton,Home,4,4,1,2.37,2.67,Eddie Howe,permanent,1.0
2023/24,2024-02-10,Newcastle,Nott'm Forest,Away,3,2,3,0.51,0.97,Eddie Howe,permanent,1.0
2023/24,2024-02-17,Newcastle,Bournemouth,Home,2,2,1,2.38,2.08,Eddie Howe,permanent,1.1
2023/24,2024-02-24,Newcastle,Arsenal,Away,1,4,0,0.22,2.59,Eddie Howe,permanent,1.1
2023/24,2024-03-02,Newcastle,Wolves,Home,3,0,3,3.33,0.51,Eddie Howe,permanent,1.1
2023/24,2024-03-11,Newcastle,Chelsea,Away,2,3,0,0.57,1.78,Eddie Howe,permanent,1.1
2023/24,2024-03-30,Newcastle,West Ham,Home,4,3,3,3.81,0.99,Eddie Howe,permanent,1.4
2023/24,2024-04-02,Newcastle,Everton,Home,1,1,1,2.65,1.7,Eddie Howe,permanent,1.5
2023/24,2024-04-06,Newcastle,Fulham,Away,1,0,3,1.18,0.83,Eddie Howe,permanent,1.8
2023/24,2024-04-13,Newcastle,Tottenham,Home,4,0,3,3.15,0.74,Eddie Howe,permanent,1.8
2023/24,2024-04-24,Newcastle,Crystal Palace,Away,0,2,0,0.55,1.44,Eddie Howe,permanent,1.7
2023/24,2024-04-27,Newcastle,Sheffield United,Home,5,1,3,2.93,1.82,Eddie Howe,permanent,1.7
2023/24,2024-05-04,Newcastle,Burnley,Away,4,1,3,4.26,1.29,Eddie Howe,permanent,1.9
2023/24,2024-05-11,Newcastle,Brighton,Home,1,1,1,2.45,1.92,Eddie Howe,permanent,2.0
2023/24,2024-05-15,Newcastle,Man United,Away,2,3,0,2.28,1.5,Eddie Howe,permanent,1.7
2023/24,2024-05-19,Newcastle,Brentford,Away,4,2,3,3.65,1.7,Eddie Howe,permanent,2.0
2024/25,2024-08-17,Newcastle,Southampton,Home,1,0,3,0.43,1.95,Eddie Howe,permanent,2.0
2024/25,2024-08-25,Newcastle,Bournemouth,Away,1,1,1,1.89,2.54,Eddie Howe,permanent,2.0
2024/25,2024-09-01,Newcastle,Tottenham,Home,2,1,3,1.59,1.63,Eddie Howe,permanent,2.0
2024/25,2024-09-15,Newcastle,Wolves,Away,2,1,3,1.48,1.47,Eddie Howe,permanent,2.0
2024/25,2024-09-21,Newcastle,Fulham,Away,1,3,0,1.1,3.21,Eddie Howe,permanent,2.0
2024/25,2024-09-28,Newcastle,Man City,Home,1,1,1,1.34,1.27,Eddie Howe,permanent,1.8
2024/25,2024-10-05,Newcastle,Everton,Away,0,0,1,1.79,0.69,Eddie Howe,permanent,1.6
2024/25,2024-10-19,Newcastle,Brighton,Home,0,1,0,1.94,1.68,Eddie Howe,permanent,1.5
2024/25,2024-10-27,Newcastle,Chelsea,Away,1,2,0,1.74,1.62,Eddie Howe,permanent,1.5
2024/25,2024-11-02,Newcastle,Arsenal,Home,1,0,3,0.86,0.91,Eddie Howe,permanent,1.5
2024/25,2024-11-10,Newcastle,Nott'm Forest,Away,3,1,3,1.87,1.18,Eddie Howe,permanent,1.5
2024/25,2024-11-25,Newcastle,West Ham,Home,0,2,0,1.5,0.94,Eddie Howe,permanent,1.4
2024/25,2024-11-30,Newcastle,Crystal Palace,Away,1,1,1,0.02,2.3,Eddie Howe,permanent,1.2
2024/25,2024-12-04,Newcastle,Liverpool,Home,3,3,1,1.52,2.23,Eddie Howe,permanent,1.0
2024/25,2024-12-07,Newcastle,Brentford,Away,2,4,0,1.96,1.75,Eddie Howe,permanent,1.0
2024/25,2024-12-14,Newcastle,Leicester,Home,4,0,3,3.95,0.19,Eddie Howe,permanent,1.2
2024/25,2024-12-21,Newcastle,Ipswich,Away,4,0,3,3.23,1.06,Eddie Howe,permanent,1.4
2024/25,2024-12-26,Newcastle,Aston Villa,Home,3,0,3,2.83,0.23,Eddie Howe,permanent,1.7
2024/25,2024-12-30,Newcastle,Man United,Away,2,0,3,2.24,1.0,Eddie Howe,permanent,2.0
2024/25,2025-01-04,Newcastle,Tottenham,Away,2,1,3,2.43,1.0,Eddie Howe,permanent,2.0
2024/25,2025-01-15,Newcastle,Wolves,Home,3,0,3,2.13,1.47,Eddie Howe,permanent,2.0
2024/25,2025-01-18,Newcastle,Bournemouth,Home,1,4,0,0.84,2.7,Eddie Howe,permanent,2.0
2024/25,2025-01-25,Newcastle,Southampton,Away,3,1,3,3.08,0.83,Eddie Howe,permanent,2.2
2024/25,2025-02-01,Newcastle,Fulham,Home,1,2,0,1.23,1.61,Eddie Howe,permanent,2.1
2024/25,2025-02-15,Newcastle,Man City,Away,0,4,0,0.16,2.12,Eddie Howe,permanent,2.1
2024/25,2025-02-23,Newcastle,Nott'm Forest,Home,4,3,3,3.46,2.39,Eddie Howe,permanent,2.1
2024/25,2025-02-26,Newcastle,Liverpool,Away,0,2,0,0.46,1.4,Eddie Howe,permanent,1.8
2024/25,2025-03-10,Newcastle,West Ham,Away,1,0,3,1.63,0.82,Eddie Howe,permanent,1.8
2024/25,2025-04-02,Newcastle,Brentford,Home,2,1,3,2.27,1.53,Eddie Howe,permanent,1.8
2024/25,2025-04-07,Newcastle,Leicester,Away,3,0,3,3.44,0.35,Eddie Howe,permanent,1.8
2024/25,2025-04-13,Newcastle,Man United,Home,4,1,3,2.64,0.79,Eddie Howe,permanent,1.8
2024/25,2025-04-16,Newcastle,Crystal Palace,Home,5,0,3,2.33,2.38,Eddie Howe,permanent,2.1
2024/25,2025-04-19,Newcastle,Aston Villa,Away,1,4,0,1.27,3.05,Eddie Howe,permanent,1.8
2024/25,2025-04-26,Newcastle,Ipswich,Home,3,0,3,4.12,0.13,Eddie Howe,permanent,2.1
2024/25,2025-05-04,Newcastle,Brighton,Away,1,1,1,1.64,0.69,Eddie Howe,permanent,2.2
2024/25,2025-05-11,Newcastle,Chelsea,Home,2,0,3,1.67,0.65,Eddie Howe,permanent,2.2
2024/25,2025-05-18,Newcastle,Arsenal,Away,0,1,0,2.25,1.16,Eddie Howe,permanent,2.2
2024/25,2025-05-25,Newcastle,Everton,Home,0,1,0,1.16,1.07,Eddie Howe,permanent,1.9
2025/26,2025-08-16,Newcastle,Aston Villa,Away,0,0,1,1.4,0.32,Eddie Howe,permanent,1.7
2025/26,2025-08-25,Newcastle,Liverpool,Home,2,3,0,1.96,0.65,Eddie Howe,permanent,1.4
2025/26,2025-08-30,Newcastle,Leeds,Away,0,0,1,0.3,0.68,Eddie Howe,permanent,1.2
2025/26,2025-09-13,Newcastle,Wolves,Home,1,0,3,1.19,0.38,Eddie Howe,permanent,1.2
2025/26,2025-09-21,Newcastle,Bournemouth,Away,0,0,1,0.15,0.55,Eddie Howe,permanent,1.3
2025/26,2025-09-28,Newcastle,Arsenal,Home,1,2,0,0.74,2.07,Eddie Howe,permanent,1.0
2025/26,2025-10-05,Newcastle,Nott'm Forest,Home,2,0,3,3.82,0.34,Eddie Howe,permanent,1.2
2025/26,2025-10-18,Newcastle,Brighton,Away,1,2,0,1.28,0.86,Eddie Howe,permanent,0.9
2025/26,2025-10-25,Newcastle,Fulham,Home,2,1,3,2.77,1.52,Eddie Howe,permanent,1.2
2025/26,2025-11-02,Newcastle,West Ham,Away,1,3,0,0.52,1.41,Eddie Howe,permanent,1.2
2025/26,2025-11-09,Newcastle,Brentford,Away,1,3,0,0.43,2.74,Eddie Howe,permanent,1.1
2025/26,2025-11-22,Newcastle,Man City,Home,2,1,3,2.41,2.46,Eddie Howe,permanent,1.4
2025/26,2025-11-29,Newcastle,Everton,Away,4,1,3,2.46,1.01,Eddie Howe,permanent,1.6
2025/26,2025-12-02,Newcastle,Tottenham,Home,2,2,1,1.89,1.05,Eddie Howe,permanent,1.4
2025/26,2025-12-06,Newcastle,Burnley,Home,2,1,3,1.81,1.58,Eddie Howe,permanent,1.6
2025/26,2025-12-14,Newcastle,Sunderland,Away,0,1,0,0.17,0.63,Eddie Howe,permanent,1.6
2025/26,2025-12-20,Newcastle,Chelsea,Home,2,2,1,2.88,1.03,Eddie Howe,permanent,1.4
2025/26,2025-12-26,Newcastle,Man United,Away,0,1,0,1.13,0.94,Eddie Howe,permanent,1.4
2025/26,2025-12-30,Newcastle,Burnley,Away,3,1,3,2.49,1.33,Eddie Howe,permanent,1.4
2025/26,2026-01-04,Newcastle,Crystal Palace,Home,2,0,3,2.73,1.28,Eddie Howe,permanent,1.7
2025/26,2026-01-07,Newcastle,Leeds,Home,4,3,3,2.43,2.35,Eddie Howe,permanent,2.0
2025/26,2026-01-18,Newcastle,Wolves,Away,0,0,1,0.81,0.39,Eddie Howe,permanent,1.8
2025/26,2026-01-25,Newcastle,Aston Villa,Home,0,2,0,1.95,1.32,Eddie Howe,permanent,1.5
2025/26,2026-01-31,Newcastle,Liverpool,Away,1,4,0,0.28,3.1,Eddie Howe,permanent,1.4
2025/26,2026-02-07,Newcastle,Brentford,Home,2,3,0,3.32,1.65,Eddie Howe,permanent,1.1
2025/26,2026-02-10,Newcastle,Tottenham,Away,2,1,3,2.47,1.69,Eddie Howe,permanent,1.4
2025/26,2026-02-21,Newcastle,Man City,Away,1,2,0,0.51,2.23,Eddie Howe,permanent,1.3
2025/26,2026-02-28,Newcastle,Everton,Home,2,3,0,1.12,2.41,Eddie Howe,permanent,1.3
2025/26,2026-03-04,Newcastle,Man United,Home,2,1,3,1.97,1.81,Eddie Howe,permanent,1.3
2025/26,2026-03-14,Newcastle,Chelsea,Away,1,0,3,1.03,1.73,Eddie Howe,permanent,1.3
2025/26,2026-03-22,Newcastle,Sunderland,Home,1,2,0,1.27,2.67,Eddie Howe,permanent,1.0
2025/26,2026-04-12,Newcastle,Crystal Palace,Away,1,2,0,1.27,3.14,Eddie Howe,permanent,0.9
2025/26,2026-04-18,Newcastle,Bournemouth,Home,1,2,0,1.61,3.37,Eddie Howe,permanent,0.9
2025/26,2026-04-25,Newcastle,Arsenal,Away,0,1,0,0.87,0.64,Eddie Howe,permanent,0.9
2025/26,2026-05-02,Newcastle,Brighton,Home,3,1,3,3.13,1.87,Eddie Howe,permanent,1.2
2025/26,2026-05-10,Newcastle,Nott'm Forest,Away,1,1,1,1.65,1.46,Eddie Howe,permanent,1.0
2025/26,2026-05-17,Newcastle,West Ham,Home,3,1,3,2.13,0.96,Eddie Howe,permanent,1.3
2025/26,2026-05-24,Newcastle,Fulham,Away,0,2,0,0.24,1.73,Eddie Howe,permanent,1.3
2015/16,2015-08-08,Norwich,Crystal Palace,Home,1,3,0,1.13,2.11,Alex Neil,first spell in data,
2015/16,2015-08-15,Norwich,Sunderland,Away,3,1,3,1.72,0.33,Alex Neil,first spell in data,
2015/16,2015-08-22,Norwich,Stoke,Home,1,1,1,3.15,0.7,Alex Neil,first spell in data,
2015/16,2015-08-30,Norwich,Southampton,Away,0,3,0,0.64,2.86,Alex Neil,first spell in data,
2015/16,2015-09-12,Norwich,Bournemouth,Home,3,1,3,1.33,0.39,Alex Neil,first spell in data,
2015/16,2015-09-20,Norwich,Liverpool,Away,1,1,1,0.56,1.9,Alex Neil,first spell in data,
2015/16,2015-09-26,Norwich,West Ham,Away,2,2,1,1.39,2.6,Alex Neil,first spell in data,
2015/16,2015-10-03,Norwich,Leicester,Home,1,2,0,1.18,3.0,Alex Neil,first spell in data,
2015/16,2015-10-18,Norwich,Newcastle,Away,2,6,0,1.34,2.25,Alex Neil,first spell in data,
2015/16,2015-10-24,Norwich,West Brom,Home,0,1,0,1.03,1.45,Alex Neil,first spell in data,0.9
2015/16,2015-10-31,Norwich,Man City,Away,1,2,0,1.17,2.84,Alex Neil,first spell in data,0.9
2015/16,2015-11-07,Norwich,Swansea,Home,1,0,3,1.2,0.4,Alex Neil,first spell in data,0.9
2015/16,2015-11-21,Norwich,Chelsea,Away,0,1,0,0.2,2.16,Alex Neil,first spell in data,0.8
2015/16,2015-11-29,Norwich,Arsenal,Home,1,1,1,1.01,1.66,Alex Neil,first spell in data,0.9
2015/16,2015-12-05,Norwich,Watford,Away,0,2,0,0.31,2.07,Alex Neil,first spell in data,0.6
2015/16,2015-12-12,Norwich,Everton,Home,1,1,1,1.49,2.44,Alex Neil,first spell in data,0.6
2015/16,2015-12-19,Norwich,Man United,Away,2,1,3,0.56,1.01,Alex Neil,first spell in data,0.8
2015/16,2015-12-26,Norwich,Tottenham,Away,0,3,0,0.45,2.41,Alex Neil,first spell in data,0.8
2015/16,2015-12-28,Norwich,Aston Villa,Home,2,0,3,1.1,0.24,Alex Neil,first spell in data,1.1
2015/16,2016-01-02,Norwich,Southampton,Home,1,0,3,1.51,0.93,Alex Neil,first spell in data,1.4
2015/16,2016-01-13,Norwich,Stoke,Away,1,3,0,0.19,1.24,Alex Neil,first spell in data,1.4
2015/16,2016-01-16,Norwich,Bournemouth,Away,0,3,0,0.6,2.53,Alex Neil,first spell in data,1.1
2015/16,2016-01-23,Norwich,Liverpool,Home,4,5,0,1.03,1.45,Alex Neil,first spell in data,1.1
2015/16,2016-02-02,Norwich,Tottenham,Home,0,3,0,0.93,2.75,Alex Neil,first spell in data,1.0
2015/16,2016-02-06,Norwich,Aston Villa,Away,0,2,0,1.14,0.92,Alex Neil,first spell in data,1.0
2015/16,2016-02-13,Norwich,West Ham,Home,2,2,1,1.03,0.74,Alex Neil,first spell in data,1.0
2015/16,2016-02-27,Norwich,Leicester,Away,0,1,0,0.81,1.76,Alex Neil,first spell in data,0.7
2015/16,2016-03-01,Norwich,Chelsea,Home,1,2,0,1.24,0.98,Alex Neil,first spell in data,0.7
2015/16,2016-03-05,Norwich,Swansea,Away,0,1,0,0.58,0.55,Alex Neil,first spell in data,0.4
2015/16,2016-03-12,Norwich,Man City,Home,0,0,1,0.14,0.56,Alex Neil,first spell in data,0.2
2015/16,2016-03-19,Norwich,West Brom,Away,1,0,3,0.8,0.33,Alex Neil,first spell in data,0.5
2015/16,2016-04-02,Norwich,Newcastle,Home,3,2,3,1.65,1.47,Alex Neil,first spell in data,0.8
2015/16,2016-04-09,Norwich,Crystal Palace,Away,0,1,0,0.68,1.45,Alex Neil,first spell in data,0.8
2015/16,2016-04-16,Norwich,Sunderland,Home,0,3,0,1.09,2.0,Alex Neil,first spell in data,0.8
2015/16,2016-04-30,Norwich,Arsenal,Away,0,1,0,0.58,0.78,Alex Neil,first spell in data,0.8
2015/16,2016-05-07,Norwich,Man United,Home,0,1,0,1.37,1.48,Alex Neil,first spell in data,0.7
2015/16,2016-05-11,Norwich,Watford,Home,4,2,3,2.42,1.77,Alex Neil,first spell in data,1.0
2015/16,2016-05-15,Norwich,Everton,Away,0,3,0,0.43,2.41,Alex Neil,first spell in data,1.0
2019/20,2019-08-09,Norwich,Liverpool,Away,1,4,0,0.84,2.23,Daniel Farke,appointed_outside_pl,1.0
2019/20,2019-08-17,Norwich,Newcastle,Home,3,1,3,2.1,0.92,Daniel Farke,appointed_outside_pl,1.2
2019/20,2019-08-24,Norwich,Chelsea,Home,2,3,0,1.08,1.89,Daniel Farke,appointed_outside_pl,0.9
2019/20,2019-08-31,Norwich,West Ham,Away,0,2,0,1.17,2.21,Daniel Farke,appointed_outside_pl,0.6
2019/20,2019-09-14,Norwich,Man City,Home,3,2,3,1.74,2.34,Daniel Farke,appointed_outside_pl,0.9
2019/20,2019-09-21,Norwich,Burnley,Away,0,2,0,0.8,2.39,Daniel Farke,appointed_outside_pl,0.9
2019/20,2019-09-28,Norwich,Crystal Palace,Away,0,2,0,0.71,1.8,Daniel Farke,appointed_outside_pl,0.9
2019/20,2019-10-05,Norwich,Aston Villa,Home,1,5,0,1.85,3.68,Daniel Farke,appointed_outside_pl,0.9
2019/20,2019-10-19,Norwich,Bournemouth,Away,0,0,1,0.4,0.68,Daniel Farke,appointed_outside_pl,0.7
2019/20,2019-10-27,Norwich,Man United,Home,1,3,0,0.89,4.51,Daniel Farke,appointed_outside_pl,0.7
2019/20,2019-11-02,Norwich,Brighton,Away,0,2,0,0.46,2.65,Daniel Farke,appointed_outside_pl,0.7
2019/20,2019-11-08,Norwich,Watford,Home,0,2,0,0.62,1.36,Daniel Farke,appointed_outside_pl,0.4
2019/20,2019-11-23,Norwich,Everton,Away,2,0,3,1.81,0.81,Daniel Farke,appointed_outside_pl,0.7
2019/20,2019-12-01,Norwich,Arsenal,Home,2,2,1,0.81,1.96,Daniel Farke,appointed_outside_pl,0.8
2019/20,2019-12-04,Norwich,Southampton,Away,1,2,0,0.9,2.0,Daniel Farke,appointed_outside_pl,0.5
2019/20,2019-12-08,Norwich,Sheffield United,Home,1,2,0,0.59,0.71,Daniel Farke,appointed_outside_pl,0.5
2019/20,2019-12-14,Norwich,Leicester,Away,1,1,1,1.16,1.06,Daniel Farke,appointed_outside_pl,0.6
2019/20,2019-12-21,Norwich,Wolves,Home,1,2,0,1.27,1.65,Daniel Farke,appointed_outside_pl,0.6
2019/20,2019-12-26,Norwich,Aston Villa,Away,0,1,0,1.45,0.65,Daniel Farke,appointed_outside_pl,0.5
2019/20,2019-12-28,Norwich,Tottenham,Home,2,2,1,0.27,1.82,Daniel Farke,appointed_outside_pl,0.6
2019/20,2020-01-01,Norwich,Crystal Palace,Home,1,1,1,1.66,1.3,Daniel Farke,appointed_outside_pl,0.7
2019/20,2020-01-11,Norwich,Man United,Away,0,4,0,0.28,3.13,Daniel Farke,appointed_outside_pl,0.7
2019/20,2020-01-18,Norwich,Bournemouth,Home,1,0,3,1.76,0.56,Daniel Farke,appointed_outside_pl,0.7
2019/20,2020-01-22,Norwich,Tottenham,Away,1,2,0,1.42,2.22,Daniel Farke,appointed_outside_pl,0.6
2019/20,2020-02-01,Norwich,Newcastle,Away,0,0,1,2.4,0.94,Daniel Farke,appointed_outside_pl,0.7
2019/20,2020-02-15,Norwich,Liverpool,Home,0,1,0,0.38,2.07,Daniel Farke,appointed_outside_pl,0.7
2019/20,2020-02-23,Norwich,Wolves,Away,0,3,0,0.36,3.25,Daniel Farke,appointed_outside_pl,0.6
2019/20,2020-02-28,Norwich,Leicester,Home,1,0,3,0.59,1.43,Daniel Farke,appointed_outside_pl,0.9
2019/20,2020-03-07,Norwich,Sheffield United,Away,0,1,0,2.55,1.17,Daniel Farke,appointed_outside_pl,0.9
2019/20,2020-06-19,Norwich,Southampton,Home,0,3,0,0.65,1.87,Daniel Farke,appointed_outside_pl,0.8
2019/20,2020-06-24,Norwich,Everton,Home,0,1,0,0.38,0.65,Daniel Farke,appointed_outside_pl,0.7
2019/20,2020-07-01,Norwich,Arsenal,Away,0,4,0,0.15,1.76,Daniel Farke,appointed_outside_pl,0.7
2019/20,2020-07-04,Norwich,Brighton,Home,0,1,0,0.55,0.9,Daniel Farke,appointed_outside_pl,0.4
2019/20,2020-07-07,Norwich,Watford,Away,1,2,0,1.13,0.73,Daniel Farke,appointed_outside_pl,0.4
2019/20,2020-07-11,Norwich,West Ham,Home,0,4,0,0.61,3.81,Daniel Farke,appointed_outside_pl,0.3
2019/20,2020-07-14,Norwich,Chelsea,Away,0,1,0,0.06,3.05,Daniel Farke,appointed_outside_pl,0.3
2019/20,2020-07-18,Norwich,Burnley,Home,0,2,0,0.58,1.82,Daniel Farke,appointed_outside_pl,0.3
2019/20,2020-07-26,Norwich,Man City,Away,0,5,0,0.79,3.57,Daniel Farke,appointed_outside_pl,0.0
2021/22,2021-08-14,Norwich,Liverpool,Home,0,3,0,1.33,1.79,Daniel Farke,appointed_outside_pl,0.0
2021/22,2021-08-21,Norwich,Man City,Away,0,5,0,0.03,2.44,Daniel Farke,appointed_outside_pl,0.0
2021/22,2021-08-28,Norwich,Leicester,Home,1,2,0,1.44,1.27,Daniel Farke,appointed_outside_pl,0.0
2021/22,2021-09-11,Norwich,Arsenal,Away,0,1,0,0.58,2.69,Daniel Farke,appointed_outside_pl,0.0
2021/22,2021-09-18,Norwich,Watford,Home,1,3,0,0.78,2.42,Daniel Farke,appointed_outside_pl,0.0
2021/22,2021-09-25,Norwich,Everton,Away,0,2,0,0.8,2.27,Daniel Farke,appointed_outside_pl,0.0
2021/22,2021-10-02,Norwich,Burnley,Away,0,0,1,0.67,0.58,Daniel Farke,appointed_outside_pl,0.1
2021/22,2021-10-16,Norwich,Brighton,Home,0,0,1,1.16,1.18,Daniel Farke,appointed_outside_pl,0.2
2021/22,2021-10-23,Norwich,Chelsea,Away,0,7,0,0.27,3.11,Daniel Farke,appointed_outside_pl,0.2
2021/22,2021-10-31,Norwich,Leeds,Home,1,2,0,0.66,1.17,Daniel Farke,appointed_outside_pl,0.2
2021/22,2021-11-06,Norwich,Brentford,Away,2,1,3,1.16,2.79,Daniel Farke,appointed_outside_pl,0.5
2021/22,2021-11-20,Norwich,Southampton,Home,2,1,3,0.44,1.13,Dean Smith,permanent,0.8
2021/22,2021-11-27,Norwich,Wolves,Home,0,0,1,1.4,0.3,Dean Smith,permanent,0.9
2021/22,2021-11-30,Norwich,Newcastle,Away,1,1,1,1.51,1.16,Dean Smith,permanent,1.0
2021/22,2021-12-05,Norwich,Tottenham,Away,0,3,0,1.07,2.01,Dean Smith,permanent,1.0
2021/22,2021-12-11,Norwich,Man United,Home,0,1,0,0.99,2.1,Dean Smith,permanent,1.0
2021/22,2021-12-14,Norwich,Aston Villa,Home,0,2,0,0.5,1.96,Dean Smith,permanent,0.9
2021/22,2021-12-26,Norwich,Arsenal,Home,0,5,0,0.15,2.88,Dean Smith,permanent,0.8
2021/22,2021-12-28,Norwich,Crystal Palace,Away,0,3,0,0.59,2.39,Dean Smith,permanent,0.8
2021/22,2022-01-12,Norwich,West Ham,Away,0,2,0,0.34,2.89,Dean Smith,permanent,0.8
2021/22,2022-01-15,Norwich,Everton,Home,2,1,3,1.0,0.54,Dean Smith,permanent,0.8
2021/22,2022-01-21,Norwich,Watford,Away,3,0,3,0.93,1.31,Dean Smith,permanent,0.8
2021/22,2022-02-09,Norwich,Crystal Palace,Home,1,1,1,0.3,1.23,Dean Smith,permanent,0.8
2021/22,2022-02-12,Norwich,Man City,Home,0,4,0,0.36,4.45,Dean Smith,permanent,0.7
2021/22,2022-02-19,Norwich,Liverpool,Away,1,3,0,0.67,3.15,Dean Smith,permanent,0.7
2021/22,2022-02-25,Norwich,Southampton,Away,0,2,0,0.42,3.09,Dean Smith,permanent,0.7
2021/22,2022-03-05,Norwich,Brentford,Home,1,3,0,0.77,2.22,Dean Smith,permanent,0.7
2021/22,2022-03-10,Norwich,Chelsea,Home,1,3,0,0.97,2.13,Dean Smith,permanent,0.7
2021/22,2022-03-13,Norwich,Leeds,Away,1,2,0,1.4,3.12,Dean Smith,permanent,0.7
2021/22,2022-04-02,Norwich,Brighton,Away,0,0,1,0.49,2.38,Dean Smith,permanent,0.8
2021/22,2022-04-10,Norwich,Burnley,Home,2,0,3,1.67,1.45,Dean Smith,permanent,0.8
2021/22,2022-04-16,Norwich,Man United,Away,2,3,0,1.8,1.67,Dean Smith,permanent,0.5
2021/22,2022-04-23,Norwich,Newcastle,Home,0,3,0,0.66,1.88,Dean Smith,permanent,0.4
2021/22,2022-04-30,Norwich,Aston Villa,Away,0,2,0,0.35,2.31,Dean Smith,permanent,0.4
2021/22,2022-05-08,Norwich,West Ham,Home,0,4,0,0.78,3.26,Dean Smith,permanent,0.4
2021/22,2022-05-11,Norwich,Leicester,Away,0,3,0,1.22,2.57,Dean Smith,permanent,0.4
2021/22,2022-05-15,Norwich,Wolves,Away,1,1,1,1.53,1.0,Dean Smith,permanent,0.5
2021/22,2022-05-22,Norwich,Tottenham,Home,0,5,0,0.31,3.81,Dean Smith,permanent,0.5
2022/23,2022-08-06,Nott'm Forest,Newcastle,Away,0,2,0,0.24,1.86,Steve Cooper,first spell in data,
2022/23,2022-08-14,Nott'm Forest,West Ham,Home,1,0,3,1.97,2.09,Steve Cooper,first spell in data,
2022/23,2022-08-20,Nott'm Forest,Everton,Away,1,1,1,0.92,1.43,Steve Cooper,first spell in data,
2022/23,2022-08-28,Nott'm Forest,Tottenham,Home,0,2,0,0.8,2.44,Steve Cooper,first spell in data,
2022/23,2022-08-31,Nott'm Forest,Man City,Away,0,6,0,0.73,3.84,Steve Cooper,first spell in data,
2022/23,2022-09-03,Nott'm Forest,Bournemouth,Home,2,3,0,1.33,0.91,Steve Cooper,first spell in data,
2022/23,2022-09-16,Nott'm Forest,Fulham,Home,2,3,0,1.42,1.35,Steve Cooper,first spell in data,
2022/23,2022-10-03,Nott'm Forest,Leicester,Away,0,4,0,1.22,1.25,Steve Cooper,first spell in data,
2022/23,2022-10-10,Nott'm Forest,Aston Villa,Home,1,1,1,0.22,0.66,Steve Cooper,first spell in data,
2022/23,2022-10-15,Nott'm Forest,Wolves,Away,0,1,0,1.25,1.22,Steve Cooper,first spell in data,0.5
2022/23,2022-10-18,Nott'm Forest,Brighton,Away,0,0,1,0.2,2.1,Steve Cooper,first spell in data,0.6
2022/23,2022-10-22,Nott'm Forest,Liverpool,Home,1,0,3,2.5,2.2,Steve Cooper,first spell in data,0.6
2022/23,2022-10-30,Nott'm Forest,Arsenal,Away,0,5,0,0.21,3.01,Steve Cooper,first spell in data,0.5
2022/23,2022-11-05,Nott'm Forest,Brentford,Home,2,2,1,1.3,1.22,Steve Cooper,first spell in data,0.6
2022/23,2022-11-12,Nott'm Forest,Crystal Palace,Home,1,0,3,1.24,1.15,Steve Cooper,first spell in data,0.9
2022/23,2022-12-27,Nott'm Forest,Man United,Away,0,3,0,0.48,2.14,Steve Cooper,first spell in data,0.9
2022/23,2023-01-01,Nott'm Forest,Chelsea,Home,1,1,1,0.99,1.37,Steve Cooper,first spell in data,1.0
2022/23,2023-01-04,Nott'm Forest,Southampton,Away,1,0,3,1.22,0.63,Steve Cooper,first spell in data,1.3
2022/23,2023-01-14,Nott'm Forest,Leicester,Home,2,0,3,1.75,0.8,Steve Cooper,first spell in data,1.5
2022/23,2023-01-21,Nott'm Forest,Bournemouth,Away,1,1,1,1.58,1.81,Steve Cooper,first spell in data,1.6
2022/23,2023-02-05,Nott'm Forest,Leeds,Home,1,0,3,0.33,1.12,Steve Cooper,first spell in data,1.8
2022/23,2023-02-11,Nott'm Forest,Fulham,Away,0,2,0,0.69,1.7,Steve Cooper,first spell in data,1.5
2022/23,2023-02-18,Nott'm Forest,Man City,Home,1,1,1,1.13,2.81,Steve Cooper,first spell in data,1.6
2022/23,2023-02-25,Nott'm Forest,West Ham,Away,0,4,0,0.35,3.05,Steve Cooper,first spell in data,1.5
2022/23,2023-03-05,Nott'm Forest,Everton,Home,2,2,1,0.8,1.71,Steve Cooper,first spell in data,1.3
2022/23,2023-03-11,Nott'm Forest,Tottenham,Away,1,3,0,1.63,1.73,Steve Cooper,first spell in data,1.3
2022/23,2023-03-17,Nott'm Forest,Newcastle,Home,1,2,0,0.53,2.5,Steve Cooper,first spell in data,1.2
2022/23,2023-04-01,Nott'm Forest,Wolves,Home,1,1,1,1.11,0.38,Steve Cooper,first spell in data,1.0
2022/23,2023-04-04,Nott'm Forest,Leeds,Away,1,2,0,0.61,2.43,Steve Cooper,first spell in data,0.7
2022/23,2023-04-08,Nott'm Forest,Aston Villa,Away,0,2,0,0.23,1.43,Steve Cooper,first spell in data,0.6
2022/23,2023-04-16,Nott'm Forest,Man United,Home,0,2,0,1.05,3.34,Steve Cooper,first spell in data,0.3
2022/23,2023-04-22,Nott'm Forest,Liverpool,Away,2,3,0,0.72,3.33,Steve Cooper,first spell in data,0.3
2022/23,2023-04-26,Nott'm Forest,Brighton,Home,3,1,3,2.44,2.33,Steve Cooper,first spell in data,0.5
2022/23,2023-04-29,Nott'm Forest,Brentford,Away,1,2,0,0.94,1.32,Steve Cooper,first spell in data,0.5
2022/23,2023-05-08,Nott'm Forest,Southampton,Home,4,3,3,1.91,3.31,Steve Cooper,first spell in data,0.7
2022/23,2023-05-13,Nott'm Forest,Chelsea,Away,2,2,1,1.97,1.0,Steve Cooper,first spell in data,0.8
2022/23,2023-05-20,Nott'm Forest,Arsenal,Home,1,0,3,1.14,0.49,Steve Cooper,first spell in data,1.1
2022/23,2023-05-28,Nott'm Forest,Crystal Palace,Away,1,1,1,0.44,1.01,Steve Cooper,first spell in data,1.1
2023/24,2023-08-12,Nott'm Forest,Arsenal,Away,1,2,0,0.97,0.84,Steve Cooper,first spell in data,1.1
2023/24,2023-08-18,Nott'm Forest,Sheffield United,Home,2,1,3,1.37,0.55,Steve Cooper,first spell in data,1.4
2023/24,2023-08-26,Nott'm Forest,Man United,Away,2,3,0,0.96,3.03,Steve Cooper,first spell in data,1.4
2023/24,2023-09-02,Nott'm Forest,Chelsea,Away,1,0,3,1.15,2.28,Steve Cooper,first spell in data,1.7
2023/24,2023-09-18,Nott'm Forest,Burnley,Home,1,1,1,0.71,0.81,Steve Cooper,first spell in data,1.5
2023/24,2023-09-23,Nott'm Forest,Man City,Away,0,2,0,0.73,1.34,Steve Cooper,first spell in data,1.5
2023/24,2023-10-01,Nott'm Forest,Brentford,Home,1,1,1,0.8,1.76,Steve Cooper,first spell in data,1.3
2023/24,2023-10-07,Nott'm Forest,Crystal Palace,Away,0,0,1,1.22,0.98,Steve Cooper,first spell in data,1.3
2023/24,2023-10-21,Nott'm Forest,Luton,Home,2,2,1,3.28,1.5,Steve Cooper,first spell in data,1.1
2023/24,2023-10-29,Nott'm Forest,Liverpool,Away,0,3,0,0.64,2.7,Steve Cooper,first spell in data,1.0
2023/24,2023-11-05,Nott'm Forest,Aston Villa,Home,2,0,3,0.59,1.33,Steve Cooper,first spell in data,1.3
2023/24,2023-11-12,Nott'm Forest,West Ham,Away,2,3,0,1.42,2.06,Steve Cooper,first spell in data,1.0
2023/24,2023-11-25,Nott'm Forest,Brighton,Home,2,3,0,2.23,1.22,Steve Cooper,first spell in data,1.0
2023/24,2023-12-02,Nott'm Forest,Everton,Home,0,1,0,0.67,0.62,Steve Cooper,first spell in data,0.7
2023/24,2023-12-06,Nott'm Forest,Fulham,Away,0,5,0,0.22,3.09,Steve Cooper,first spell in data,0.6
2023/24,2023-12-09,Nott'm Forest,Wolves,Away,1,1,1,1.22,1.02,Steve Cooper,first spell in data,0.7
2023/24,2023-12-15,Nott'm Forest,Tottenham,Home,0,2,0,1.71,1.61,Steve Cooper,first spell in data,0.6
2023/24,2023-12-23,Nott'm Forest,Bournemouth,Home,2,3,0,0.79,1.89,Nuno Espírito Santo,permanent,0.5
2023/24,2023-12-26,Nott'm Forest,Newcastle,Away,3,1,3,3.11,2.79,Nuno Espírito Santo,permanent,0.7
2023/24,2023-12-30,Nott'm Forest,Man United,Home,2,1,3,0.74,0.65,Nuno Espírito Santo,permanent,1.0
2023/24,2024-01-20,Nott'm Forest,Brentford,Away,2,3,0,1.22,1.94,Nuno Espírito Santo,permanent,0.7
2023/24,2024-01-30,Nott'm Forest,Arsenal,Home,1,2,0,0.63,1.39,Nuno Espírito Santo,permanent,0.7
2023/24,2024-02-04,Nott'm Forest,Bournemouth,Away,1,1,1,0.46,1.19,Nuno Espírito Santo,permanent,0.8
2023/24,2024-02-10,Nott'm Forest,Newcastle,Home,2,3,0,0.97,0.51,Nuno Espírito Santo,permanent,0.8
2023/24,2024-02-17,Nott'm Forest,West Ham,Home,2,0,3,2.67,0.52,Nuno Espírito Santo,permanent,1.1
2023/24,2024-02-24,Nott'm Forest,Aston Villa,Away,2,4,0,2.26,3.49,Nuno Espírito Santo,permanent,1.0
2023/24,2024-03-02,Nott'm Forest,Liverpool,Home,0,1,0,0.97,1.32,Nuno Espírito Santo,permanent,1.0
2023/24,2024-03-10,Nott'm Forest,Brighton,Away,0,1,0,0.69,0.53,Nuno Espírito Santo,permanent,1.0
2023/24,2024-03-16,Nott'm Forest,Luton,Away,1,1,1,1.95,0.85,Nuno Espírito Santo,permanent,0.8
2023/24,2024-03-30,Nott'm Forest,Crystal Palace,Home,1,1,1,0.78,0.9,Nuno Espírito Santo,permanent,0.6
2023/24,2024-04-02,Nott'm Forest,Fulham,Home,3,1,3,1.95,1.04,Nuno Espírito Santo,permanent,0.9
2023/24,2024-04-07,Nott'm Forest,Tottenham,Away,1,3,0,2.0,1.62,Nuno Espírito Santo,permanent,0.9
2023/24,2024-04-13,Nott'm Forest,Wolves,Home,2,2,1,1.76,1.46,Nuno Espírito Santo,permanent,0.9
2023/24,2024-04-21,Nott'm Forest,Everton,Away,0,2,0,1.19,0.47,Nuno Espírito Santo,permanent,0.9
2023/24,2024-04-28,Nott'm Forest,Man City,Home,0,2,0,2.17,0.93,Nuno Espírito Santo,permanent,0.6
2023/24,2024-05-04,Nott'm Forest,Sheffield United,Away,3,1,3,1.94,2.49,Nuno Espírito Santo,permanent,0.9
2023/24,2024-05-11,Nott'm Forest,Chelsea,Home,2,3,0,2.45,2.41,Nuno Espírito Santo,permanent,0.9
2023/24,2024-05-19,Nott'm Forest,Burnley,Away,2,1,3,1.58,1.08,Nuno Espírito Santo,permanent,1.2
2024/25,2024-08-17,Nott'm Forest,Bournemouth,Home,1,1,1,1.24,1.91,Nuno Espírito Santo,permanent,1.2
2024/25,2024-08-24,Nott'm Forest,Southampton,Away,1,0,3,2.86,0.21,Nuno Espírito Santo,permanent,1.4
2024/25,2024-08-31,Nott'm Forest,Wolves,Home,1,1,1,1.41,0.94,Nuno Espírito Santo,permanent,1.2
2024/25,2024-09-14,Nott'm Forest,Liverpool,Away,1,0,3,0.59,1.17,Nuno Espírito Santo,permanent,1.5
2024/25,2024-09-22,Nott'm Forest,Brighton,Away,2,2,1,1.37,1.57,Nuno Espírito Santo,permanent,1.5
2024/25,2024-09-28,Nott'm Forest,Fulham,Home,0,1,0,0.61,1.44,Nuno Espírito Santo,permanent,1.5
2024/25,2024-10-06,Nott'm Forest,Chelsea,Away,1,1,1,1.67,2.28,Nuno Espírito Santo,permanent,1.6
2024/25,2024-10-21,Nott'm Forest,Crystal Palace,Home,1,0,3,1.89,0.84,Nuno Espírito Santo,permanent,1.6
2024/25,2024-10-25,Nott'm Forest,Leicester,Away,3,1,3,2.54,0.83,Nuno Espírito Santo,permanent,1.9
2024/25,2024-11-02,Nott'm Forest,West Ham,Home,3,0,3,2.35,0.13,Nuno Espírito Santo,permanent,1.9
2024/25,2024-11-10,Nott'm Forest,Newcastle,Home,1,3,0,1.18,1.87,Nuno Espírito Santo,permanent,1.8
2024/25,2024-11-23,Nott'm Forest,Arsenal,Away,0,3,0,0.4,1.66,Nuno Espírito Santo,permanent,1.5
2024/25,2024-11-30,Nott'm Forest,Ipswich,Home,1,0,3,1.77,0.46,Nuno Espírito Santo,permanent,1.7
2024/25,2024-12-04,Nott'm Forest,Man City,Away,0,3,0,0.8,3.2,Nuno Espírito Santo,permanent,1.4
2024/25,2024-12-07,Nott'm Forest,Man United,Away,3,2,3,0.65,1.47,Nuno Espírito Santo,permanent,1.6
2024/25,2024-12-14,Nott'm Forest,Aston Villa,Home,2,1,3,2.29,0.39,Nuno Espírito Santo,permanent,1.9
2024/25,2024-12-21,Nott'm Forest,Brentford,Away,2,0,3,0.96,0.77,Nuno Espírito Santo,permanent,2.1
2024/25,2024-12-26,Nott'm Forest,Tottenham,Home,1,0,3,1.3,1.06,Nuno Espírito Santo,permanent,2.1
2024/25,2024-12-29,Nott'm Forest,Everton,Away,2,0,3,2.03,0.62,Nuno Espírito Santo,permanent,2.1
2024/25,2025-01-06,Nott'm Forest,Wolves,Away,3,0,3,2.57,1.9,Nuno Espírito Santo,permanent,2.1
2024/25,2025-01-14,Nott'm Forest,Liverpool,Home,1,1,1,0.53,2.72,Nuno Espírito Santo,permanent,2.2
2024/25,2025-01-19,Nott'm Forest,Southampton,Home,3,2,3,2.36,1.26,Nuno Espírito Santo,permanent,2.5
2024/25,2025-01-25,Nott'm Forest,Bournemouth,Away,0,5,0,1.0,2.83,Nuno Espírito Santo,permanent,2.2
2024/25,2025-02-01,Nott'm Forest,Brighton,Home,7,0,3,4.07,0.76,Nuno Espírito Santo,permanent,2.5
2024/25,2025-02-15,Nott'm Forest,Fulham,Away,1,2,0,0.33,2.21,Nuno Espírito Santo,permanent,2.2
2024/25,2025-02-23,Nott'm Forest,Newcastle,Away,3,4,0,2.39,3.46,Nuno Espírito Santo,permanent,1.9
2024/25,2025-02-26,Nott'm Forest,Arsenal,Home,0,0,1,0.51,1.32,Nuno Espírito Santo,permanent,1.7
2024/25,2025-03-08,Nott'm Forest,Man City,Home,1,0,3,0.5,0.72,Nuno Espírito Santo,permanent,1.7
2024/25,2025-03-15,Nott'm Forest,Ipswich,Away,4,2,3,1.31,0.52,Nuno Espírito Santo,permanent,1.7
2024/25,2025-04-01,Nott'm Forest,Man United,Home,1,0,3,0.51,1.87,Nuno Espírito Santo,permanent,1.7
2024/25,2025-04-05,Nott'm Forest,Aston Villa,Away,1,2,0,0.97,2.63,Nuno Espírito Santo,permanent,1.6
2024/25,2025-04-12,Nott'm Forest,Everton,Home,0,1,0,0.42,1.26,Nuno Espírito Santo,permanent,1.3
2024/25,2025-04-21,Nott'm Forest,Tottenham,Away,2,1,3,0.56,2.4,Nuno Espírito Santo,permanent,1.6
2024/25,2025-05-01,Nott'm Forest,Brentford,Home,0,2,0,0.67,1.52,Nuno Espírito Santo,permanent,1.3
2024/25,2025-05-05,Nott'm Forest,Crystal Palace,Away,1,1,1,0.64,2.34,Nuno Espírito Santo,permanent,1.4
2024/25,2025-05-11,Nott'm Forest,Leicester,Home,2,2,1,1.77,1.23,Nuno Espírito Santo,permanent,1.5
2024/25,2025-05-18,Nott'm Forest,West Ham,Away,2,1,3,2.15,0.85,Nuno Espírito Santo,permanent,1.7
2024/25,2025-05-25,Nott'm Forest,Chelsea,Home,0,1,0,1.58,1.31,Nuno Espírito Santo,permanent,1.4
2025/26,2025-08-17,Nott'm Forest,Brentford,Home,3,1,3,1.76,1.33,Nuno Espírito Santo,permanent,1.4
2025/26,2025-08-24,Nott'm Forest,Crystal Palace,Away,1,1,1,1.33,1.1,Nuno Espírito Santo,permanent,1.2
2025/26,2025-08-31,Nott'm Forest,West Ham,Home,0,3,0,0.72,2.24,Nuno Espírito Santo,permanent,1.2
2025/26,2025-09-13,Nott'm Forest,Arsenal,Away,0,3,0,0.29,2.88,Ange Postecoglou,permanent,1.2
2025/26,2025-09-20,Nott'm Forest,Burnley,Away,1,1,1,0.83,1.14,Ange Postecoglou,permanent,1.0
2025/26,2025-09-27,Nott'm Forest,Sunderland,Home,0,1,0,1.42,1.94,Ange Postecoglou,permanent,1.0
2025/26,2025-10-05,Nott'm Forest,Newcastle,Away,0,2,0,0.34,3.82,Ange Postecoglou,permanent,0.9
2025/26,2025-10-18,Nott'm Forest,Chelsea,Home,0,3,0,2.06,2.56,Ange Postecoglou,permanent,0.8
2025/26,2025-10-26,Nott'm Forest,Bournemouth,Away,0,2,0,0.31,0.66,Sean Dyche,permanent,0.5
2025/26,2025-11-01,Nott'm Forest,Man United,Home,2,2,1,1.55,0.92,Sean Dyche,permanent,0.6
2025/26,2025-11-09,Nott'm Forest,Leeds,Home,3,1,3,2.49,0.42,Sean Dyche,permanent,0.6
2025/26,2025-11-22,Nott'm Forest,Liverpool,Away,3,0,3,1.19,1.79,Sean Dyche,permanent,0.8
2025/26,2025-11-30,Nott'm Forest,Brighton,Home,0,2,0,0.96,2.06,Sean Dyche,permanent,0.8
2025/26,2025-12-03,Nott'm Forest,Wolves,Away,1,0,3,1.12,1.02,Sean Dyche,permanent,1.1
2025/26,2025-12-06,Nott'm Forest,Everton,Away,0,3,0,0.31,1.25,Sean Dyche,permanent,1.0
2025/26,2025-12-14,Nott'm Forest,Tottenham,Home,3,0,3,2.33,0.38,Sean Dyche,permanent,1.3
2025/26,2025-12-22,Nott'm Forest,Fulham,Away,0,1,0,0.49,1.71,Sean Dyche,permanent,1.3
2025/26,2025-12-27,Nott'm Forest,Man City,Home,1,2,0,0.6,1.46,Sean Dyche,permanent,1.3
2025/26,2025-12-30,Nott'm Forest,Everton,Home,0,2,0,1.75,1.7,Sean Dyche,permanent,1.3
2025/26,2026-01-03,Nott'm Forest,Aston Villa,Away,1,3,0,0.9,1.43,Sean Dyche,permanent,1.2
2025/26,2026-01-06,Nott'm Forest,West Ham,Away,2,1,3,1.27,1.74,Sean Dyche,permanent,1.2
2025/26,2026-01-17,Nott'm Forest,Arsenal,Home,0,0,1,0.32,2.86,Sean Dyche,permanent,1.0
2025/26,2026-01-25,Nott'm Forest,Brentford,Away,2,0,3,1.39,2.0,Sean Dyche,permanent,1.3
2025/26,2026-02-01,Nott'm Forest,Crystal Palace,Home,1,1,1,0.99,1.65,Sean Dyche,permanent,1.1
2025/26,2026-02-06,Nott'm Forest,Leeds,Away,1,3,0,1.66,3.38,Sean Dyche,permanent,1.1
2025/26,2026-02-11,Nott'm Forest,Wolves,Home,0,0,1,3.69,0.41,Sean Dyche,permanent,0.9
2025/26,2026-02-22,Nott'm Forest,Liverpool,Home,0,1,0,0.93,2.4,Vítor Pereira,permanent,0.9
2025/26,2026-03-01,Nott'm Forest,Brighton,Away,1,2,0,0.83,1.2,Vítor Pereira,permanent,0.9
2025/26,2026-03-04,Nott'm Forest,Man City,Away,2,2,1,1.24,2.73,Vítor Pereira,permanent,1.0
2025/26,2026-03-15,Nott'm Forest,Fulham,Home,0,0,1,0.82,0.93,Vítor Pereira,permanent,1.1
2025/26,2026-03-22,Nott'm Forest,Tottenham,Away,3,0,3,1.54,1.62,Vítor Pereira,permanent,1.1
2025/26,2026-04-12,Nott'm Forest,Aston Villa,Home,1,1,1,0.85,1.36,Vítor Pereira,permanent,1.1
2025/26,2026-04-19,Nott'm Forest,Burnley,Home,4,1,3,1.44,0.6,Vítor Pereira,permanent,1.1
2025/26,2026-04-24,Nott'm Forest,Sunderland,Away,5,0,3,1.54,0.61,Vítor Pereira,permanent,1.3
2025/26,2026-05-04,Nott'm Forest,Chelsea,Away,3,1,3,2.31,2.17,Vítor Pereira,permanent,1.6
2025/26,2026-05-10,Nott'm Forest,Newcastle,Home,1,1,1,1.46,1.65,Vítor Pereira,permanent,1.6
2025/26,2026-05-17,Nott'm Forest,Man United,Away,2,3,0,1.84,4.29,Vítor Pereira,permanent,1.6
2025/26,2026-05-24,Nott'm Forest,Bournemouth,Home,1,1,1,2.06,1.34,Vítor Pereira,permanent,1.7
2014/15,2014-08-16,QPR,Hull,Home,0,1,0,1.9,1.12,Harry Redknapp,first spell in data,
2014/15,2014-08-24,QPR,Tottenham,Away,0,4,0,1.08,2.39,Harry Redknapp,first spell in data,
2014/15,2014-08-30,QPR,Sunderland,Home,1,0,3,1.27,0.96,Harry Redknapp,first spell in data,
2014/15,2014-09-14,QPR,Man United,Away,0,4,0,0.56,2.21,Harry Redknapp,first spell in data,
2014/15,2014-09-20,QPR,Stoke,Home,2,2,1,1.06,1.46,Harry Redknapp,first spell in data,
2014/15,2014-09-27,QPR,Southampton,Away,1,2,0,0.46,2.34,Harry Redknapp,first spell in data,
2014/15,2014-10-05,QPR,West Ham,Away,0,2,0,0.7,1.64,Harry Redknapp,first spell in data,
2014/15,2014-10-19,QPR,Liverpool,Home,2,3,0,2.61,1.52,Harry Redknapp,first spell in data,
2014/15,2014-10-27,QPR,Aston Villa,Home,2,0,3,0.82,1.19,Harry Redknapp,first spell in data,
2014/15,2014-11-01,QPR,Chelsea,Away,1,2,0,0.51,2.24,Harry Redknapp,first spell in data,0.7
2014/15,2014-11-08,QPR,Man City,Home,2,2,1,1.86,1.7,Harry Redknapp,first spell in data,0.8
2014/15,2014-11-22,QPR,Newcastle,Away,0,1,0,0.4,1.48,Harry Redknapp,first spell in data,0.8
2014/15,2014-11-29,QPR,Leicester,Home,3,2,3,2.98,2.1,Harry Redknapp,first spell in data,0.8
2014/15,2014-12-02,QPR,Swansea,Away,0,2,0,0.79,1.54,Harry Redknapp,first spell in data,0.8
2014/15,2014-12-06,QPR,Burnley,Home,2,0,3,1.64,1.26,Harry Redknapp,first spell in data,1.0
2014/15,2014-12-15,QPR,Everton,Away,1,3,0,0.97,0.75,Harry Redknapp,first spell in data,1.0
2014/15,2014-12-20,QPR,West Brom,Home,3,2,3,2.93,1.3,Harry Redknapp,first spell in data,1.3
2014/15,2014-12-26,QPR,Arsenal,Away,1,2,0,1.22,2.14,Harry Redknapp,first spell in data,1.3
2014/15,2014-12-28,QPR,Crystal Palace,Home,0,0,1,0.41,0.33,Harry Redknapp,first spell in data,1.1
2014/15,2015-01-01,QPR,Swansea,Home,1,1,1,3.16,1.7,Harry Redknapp,first spell in data,1.2
2014/15,2015-01-10,QPR,Burnley,Away,1,2,0,1.7,2.19,Harry Redknapp,first spell in data,1.1
2014/15,2015-01-17,QPR,Man United,Home,0,2,0,0.93,1.56,Harry Redknapp,first spell in data,1.1
2014/15,2015-01-31,QPR,Stoke,Away,1,3,0,1.12,0.78,Harry Redknapp,first spell in data,0.8
2014/15,2015-02-07,QPR,Southampton,Home,0,1,0,1.03,0.96,Chris Ramsey,caretaker_made_permanent,0.8
2014/15,2015-02-10,QPR,Sunderland,Away,2,0,3,1.27,1.81,Chris Ramsey,caretaker_made_permanent,0.8
2014/15,2015-02-21,QPR,Hull,Away,1,2,0,0.19,1.09,Chris Ramsey,caretaker_made_permanent,0.8
2014/15,2015-03-04,QPR,Arsenal,Home,1,2,0,0.32,2.17,Chris Ramsey,caretaker_made_permanent,0.5
2014/15,2015-03-07,QPR,Tottenham,Home,1,2,0,1.5,2.62,Chris Ramsey,caretaker_made_permanent,0.5
2014/15,2015-03-14,QPR,Crystal Palace,Away,1,3,0,0.27,2.2,Chris Ramsey,caretaker_made_permanent,0.4
2014/15,2015-03-22,QPR,Everton,Home,1,2,0,1.39,0.84,Chris Ramsey,caretaker_made_permanent,0.3
2014/15,2015-04-04,QPR,West Brom,Away,4,1,3,1.21,2.13,Chris Ramsey,caretaker_made_permanent,0.6
2014/15,2015-04-07,QPR,Aston Villa,Away,3,3,1,1.43,1.87,Chris Ramsey,caretaker_made_permanent,0.7
2014/15,2015-04-12,QPR,Chelsea,Home,0,1,0,0.78,0.92,Chris Ramsey,caretaker_made_permanent,0.7
2014/15,2015-04-25,QPR,West Ham,Home,0,0,1,2.28,0.82,Chris Ramsey,caretaker_made_permanent,0.8
2014/15,2015-05-02,QPR,Liverpool,Away,1,2,0,0.39,2.29,Chris Ramsey,caretaker_made_permanent,0.5
2014/15,2015-05-10,QPR,Man City,Away,0,6,0,0.87,5.35,Chris Ramsey,caretaker_made_permanent,0.5
2014/15,2015-05-16,QPR,Newcastle,Home,2,1,3,0.47,2.11,Chris Ramsey,caretaker_made_permanent,0.8
2014/15,2015-05-24,QPR,Leicester,Away,1,5,0,1.27,2.17,Chris Ramsey,caretaker_made_permanent,0.8
2019/20,2019-08-10,Sheffield United,Bournemouth,Away,1,1,1,1.6,1.34,Chris Wilder,first spell in data,
2019/20,2019-08-18,Sheffield United,Crystal Palace,Home,1,0,3,1.85,0.24,Chris Wilder,first spell in data,
2019/20,2019-08-24,Sheffield United,Leicester,Home,1,2,0,0.65,0.7,Chris Wilder,first spell in data,
2019/20,2019-08-31,Sheffield United,Chelsea,Away,2,2,1,1.05,2.31,Chris Wilder,first spell in data,
2019/20,2019-09-14,Sheffield United,Southampton,Home,0,1,0,1.88,1.58,Chris Wilder,first spell in data,
2019/20,2019-09-21,Sheffield United,Everton,Away,2,0,3,0.51,1.26,Chris Wilder,first spell in data,
2019/20,2019-09-28,Sheffield United,Liverpool,Home,0,1,0,1.17,1.97,Chris Wilder,first spell in data,
2019/20,2019-10-05,Sheffield United,Watford,Away,0,0,1,0.35,1.44,Chris Wilder,first spell in data,
2019/20,2019-10-21,Sheffield United,Arsenal,Home,1,0,3,0.9,0.95,Chris Wilder,first spell in data,
2019/20,2019-10-26,Sheffield United,West Ham,Away,1,1,1,1.16,2.34,Chris Wilder,first spell in data,1.3
2019/20,2019-11-02,Sheffield United,Burnley,Home,3,0,3,2.58,0.72,Chris Wilder,first spell in data,1.5
2019/20,2019-11-09,Sheffield United,Tottenham,Away,1,1,1,0.92,1.51,Chris Wilder,first spell in data,1.3
2019/20,2019-11-24,Sheffield United,Man United,Home,3,3,1,1.56,1.33,Chris Wilder,first spell in data,1.4
2019/20,2019-12-01,Sheffield United,Wolves,Away,1,1,1,1.47,1.27,Chris Wilder,first spell in data,1.4
2019/20,2019-12-05,Sheffield United,Newcastle,Home,0,2,0,1.09,0.53,Chris Wilder,first spell in data,1.4
2019/20,2019-12-08,Sheffield United,Norwich,Away,2,1,3,0.71,0.59,Chris Wilder,first spell in data,1.4
2019/20,2019-12-14,Sheffield United,Aston Villa,Home,2,0,3,1.89,0.97,Chris Wilder,first spell in data,1.7
2019/20,2019-12-21,Sheffield United,Brighton,Away,1,0,3,1.66,0.43,Chris Wilder,first spell in data,1.9
2019/20,2019-12-26,Sheffield United,Watford,Home,1,1,1,2.04,0.6,Chris Wilder,first spell in data,1.7
2019/20,2019-12-29,Sheffield United,Man City,Away,0,2,0,1.23,1.09,Chris Wilder,first spell in data,1.6
2019/20,2020-01-02,Sheffield United,Liverpool,Away,0,2,0,0.63,3.05,Chris Wilder,first spell in data,1.3
2019/20,2020-01-10,Sheffield United,West Ham,Home,1,0,3,2.03,0.9,Chris Wilder,first spell in data,1.5
2019/20,2020-01-18,Sheffield United,Arsenal,Away,1,1,1,1.18,1.23,Chris Wilder,first spell in data,1.5
2019/20,2020-01-21,Sheffield United,Man City,Home,0,1,0,0.77,2.87,Chris Wilder,first spell in data,1.4
2019/20,2020-02-01,Sheffield United,Crystal Palace,Away,1,0,3,0.86,0.97,Chris Wilder,first spell in data,1.7
2019/20,2020-02-09,Sheffield United,Bournemouth,Home,2,1,3,2.04,1.07,Chris Wilder,first spell in data,1.7
2019/20,2020-02-22,Sheffield United,Brighton,Home,1,1,1,1.66,1.06,Chris Wilder,first spell in data,1.5
2019/20,2020-03-07,Sheffield United,Norwich,Home,1,0,3,1.17,2.55,Chris Wilder,first spell in data,1.5
2019/20,2020-06-17,Sheffield United,Aston Villa,Away,0,0,1,0.24,1.01,Chris Wilder,first spell in data,1.5
2019/20,2020-06-21,Sheffield United,Newcastle,Away,0,3,0,0.57,2.15,Chris Wilder,first spell in data,1.5
2019/20,2020-06-24,Sheffield United,Man United,Away,0,3,0,0.11,2.84,Chris Wilder,first spell in data,1.5
2019/20,2020-07-02,Sheffield United,Tottenham,Home,3,1,3,1.6,1.02,Chris Wilder,first spell in data,1.5
2019/20,2020-07-05,Sheffield United,Burnley,Away,1,1,1,1.63,1.32,Chris Wilder,first spell in data,1.5
2019/20,2020-07-08,Sheffield United,Wolves,Home,1,0,3,0.47,0.33,Chris Wilder,first spell in data,1.8
2019/20,2020-07-11,Sheffield United,Chelsea,Home,3,0,3,2.01,1.18,Chris Wilder,first spell in data,1.8
2019/20,2020-07-16,Sheffield United,Leicester,Away,0,2,0,0.66,3.06,Chris Wilder,first spell in data,1.5
2019/20,2020-07-20,Sheffield United,Everton,Home,0,1,0,0.47,0.62,Chris Wilder,first spell in data,1.4
2019/20,2020-07-26,Sheffield United,Southampton,Away,1,3,0,1.41,1.64,Chris Wilder,first spell in data,1.1
2020/21,2020-09-14,Sheffield United,Wolves,Home,0,2,0,0.95,1.61,Chris Wilder,first spell in data,1.0
2020/21,2020-09-21,Sheffield United,Aston Villa,Away,0,1,0,0.85,0.81,Chris Wilder,first spell in data,1.0
2020/21,2020-09-27,Sheffield United,Leeds,Home,0,1,0,1.53,1.47,Chris Wilder,first spell in data,1.0
2020/21,2020-10-04,Sheffield United,Arsenal,Away,1,2,0,0.14,0.67,Chris Wilder,first spell in data,0.7
2020/21,2020-10-18,Sheffield United,Fulham,Home,1,1,1,1.66,1.36,Chris Wilder,first spell in data,0.7
2020/21,2020-10-24,Sheffield United,Liverpool,Away,1,2,0,1.4,2.4,Chris Wilder,first spell in data,0.4
2020/21,2020-10-31,Sheffield United,Man City,Home,0,1,0,0.69,1.9,Chris Wilder,first spell in data,0.1
2020/21,2020-11-07,Sheffield United,Chelsea,Away,1,4,0,0.74,2.88,Chris Wilder,first spell in data,0.1
2020/21,2020-11-22,Sheffield United,West Ham,Home,0,1,0,0.69,2.11,Chris Wilder,first spell in data,0.1
2020/21,2020-11-28,Sheffield United,West Brom,Away,0,1,0,3.37,1.72,Chris Wilder,first spell in data,0.1
2020/21,2020-12-06,Sheffield United,Leicester,Home,1,2,0,0.29,1.39,Chris Wilder,first spell in data,0.1
2020/21,2020-12-13,Sheffield United,Southampton,Away,0,3,0,0.22,2.28,Chris Wilder,first spell in data,0.1
2020/21,2020-12-17,Sheffield United,Man United,Home,2,3,0,1.24,1.79,Chris Wilder,first spell in data,0.1
2020/21,2020-12-20,Sheffield United,Brighton,Away,1,1,1,1.04,2.9,Chris Wilder,first spell in data,0.2
2020/21,2020-12-26,Sheffield United,Everton,Home,0,1,0,1.25,0.57,Chris Wilder,first spell in data,0.1
2020/21,2020-12-29,Sheffield United,Burnley,Away,0,1,0,0.49,0.97,Chris Wilder,first spell in data,0.1
2020/21,2021-01-02,Sheffield United,Crystal Palace,Away,0,2,0,0.32,0.6,Chris Wilder,first spell in data,0.1
2020/21,2021-01-12,Sheffield United,Newcastle,Home,1,0,3,2.01,1.05,Chris Wilder,first spell in data,0.4
2020/21,2021-01-17,Sheffield United,Tottenham,Home,1,3,0,0.98,1.28,Chris Wilder,first spell in data,0.4
2020/21,2021-01-27,Sheffield United,Man United,Away,2,1,3,0.69,0.99,Chris Wilder,first spell in data,0.7
2020/21,2021-01-30,Sheffield United,Man City,Away,0,1,0,0.15,1.53,Chris Wilder,first spell in data,0.7
2020/21,2021-02-02,Sheffield United,West Brom,Home,2,1,3,1.36,1.62,Chris Wilder,first spell in data,1.0
2020/21,2021-02-07,Sheffield United,Chelsea,Home,1,2,0,0.62,1.64,Chris Wilder,first spell in data,1.0
2020/21,2021-02-15,Sheffield United,West Ham,Away,0,3,0,0.93,2.33,Chris Wilder,first spell in data,0.9
2020/21,2021-02-20,Sheffield United,Fulham,Away,0,1,0,0.98,1.21,Chris Wilder,first spell in data,0.9
2020/21,2021-02-28,Sheffield United,Liverpool,Home,0,2,0,0.78,2.81,Chris Wilder,first spell in data,0.9
2020/21,2021-03-03,Sheffield United,Aston Villa,Home,1,0,3,0.72,1.44,Chris Wilder,first spell in data,1.2
2020/21,2021-03-06,Sheffield United,Southampton,Home,0,2,0,0.91,2.37,Chris Wilder,first spell in data,0.9
2020/21,2021-03-14,Sheffield United,Leicester,Away,0,5,0,0.09,4.55,Paul Heckingbottom,caretaker_made_permanent,0.9
2020/21,2021-04-03,Sheffield United,Leeds,Away,1,2,0,0.87,2.51,Paul Heckingbottom,caretaker_made_permanent,0.6
2020/21,2021-04-11,Sheffield United,Arsenal,Home,0,3,0,0.32,1.94,Paul Heckingbottom,caretaker_made_permanent,0.6
2020/21,2021-04-17,Sheffield United,Wolves,Away,0,1,0,0.3,1.23,Paul Heckingbottom,caretaker_made_permanent,0.3
2020/21,2021-04-24,Sheffield United,Brighton,Home,1,0,3,0.79,2.06,Paul Heckingbottom,caretaker_made_permanent,0.6
2020/21,2021-05-02,Sheffield United,Tottenham,Away,0,4,0,0.47,2.26,Paul Heckingbottom,caretaker_made_permanent,0.6
2020/21,2021-05-08,Sheffield United,Crystal Palace,Home,0,2,0,0.64,2.25,Paul Heckingbottom,caretaker_made_permanent,0.6
2020/21,2021-05-16,Sheffield United,Everton,Away,1,0,3,1.39,1.25,Paul Heckingbottom,caretaker_made_permanent,0.9
2020/21,2021-05-19,Sheffield United,Newcastle,Away,0,1,0,0.88,1.83,Paul Heckingbottom,caretaker_made_permanent,0.6
2020/21,2021-05-23,Sheffield United,Burnley,Home,1,0,3,0.42,0.56,Paul Heckingbottom,caretaker_made_permanent,0.9
2023/24,2023-08-12,Sheffield United,Crystal Palace,Home,0,1,0,0.42,2.28,Paul Heckingbottom,caretaker_made_permanent,0.9
2023/24,2023-08-18,Sheffield United,Nott'm Forest,Away,1,2,0,0.55,1.37,Paul Heckingbottom,caretaker_made_permanent,0.9
2023/24,2023-08-27,Sheffield United,Man City,Home,1,2,0,0.76,3.85,Paul Heckingbottom,caretaker_made_permanent,0.9
2023/24,2023-09-02,Sheffield United,Everton,Home,2,2,1,1.57,2.74,Paul Heckingbottom,caretaker_made_permanent,1.0
2023/24,2023-09-16,Sheffield United,Tottenham,Away,1,2,0,0.79,2.16,Paul Heckingbottom,caretaker_made_permanent,0.7
2023/24,2023-09-24,Sheffield United,Newcastle,Home,0,8,0,0.58,5.11,Paul Heckingbottom,caretaker_made_permanent,0.7
2023/24,2023-09-30,Sheffield United,West Ham,Away,0,2,0,0.91,3.2,Paul Heckingbottom,caretaker_made_permanent,0.7
2023/24,2023-10-07,Sheffield United,Fulham,Away,1,3,0,0.25,2.27,Paul Heckingbottom,caretaker_made_permanent,0.4
2023/24,2023-10-21,Sheffield United,Man United,Home,1,2,0,1.41,1.46,Paul Heckingbottom,caretaker_made_permanent,0.4
2023/24,2023-10-28,Sheffield United,Arsenal,Away,0,5,0,0.03,3.03,Paul Heckingbottom,caretaker_made_permanent,0.1
2023/24,2023-11-04,Sheffield United,Wolves,Home,2,1,3,1.1,1.15,Paul Heckingbottom,caretaker_made_permanent,0.4
2023/24,2023-11-12,Sheffield United,Brighton,Away,1,1,1,0.84,1.09,Paul Heckingbottom,caretaker_made_permanent,0.5
2023/24,2023-11-25,Sheffield United,Bournemouth,Home,1,3,0,0.82,3.14,Paul Heckingbottom,caretaker_made_permanent,0.5
2023/24,2023-12-02,Sheffield United,Burnley,Away,0,5,0,0.62,2.6,Paul Heckingbottom,caretaker_made_permanent,0.4
2023/24,2023-12-06,Sheffield United,Liverpool,Home,0,2,0,0.83,1.8,Chris Wilder,permanent,0.4
2023/24,2023-12-09,Sheffield United,Brentford,Home,1,0,3,0.84,0.64,Chris Wilder,permanent,0.7
2023/24,2023-12-16,Sheffield United,Chelsea,Away,0,2,0,0.44,3.27,Chris Wilder,permanent,0.7
2023/24,2023-12-22,Sheffield United,Aston Villa,Away,1,1,1,0.65,1.22,Chris Wilder,permanent,0.8
2023/24,2023-12-26,Sheffield United,Luton,Home,2,3,0,3.62,0.72,Chris Wilder,permanent,0.8
2023/24,2023-12-30,Sheffield United,Man City,Away,0,2,0,0.26,2.24,Chris Wilder,permanent,0.8
2023/24,2024-01-21,Sheffield United,West Ham,Home,2,2,1,2.61,2.42,Chris Wilder,permanent,0.6
2023/24,2024-01-30,Sheffield United,Crystal Palace,Away,2,3,0,0.77,1.16,Chris Wilder,permanent,0.5
2023/24,2024-02-03,Sheffield United,Aston Villa,Home,0,5,0,1.53,2.99,Chris Wilder,permanent,0.5
2023/24,2024-02-10,Sheffield United,Luton,Away,3,1,3,1.98,1.76,Chris Wilder,permanent,0.8
2023/24,2024-02-18,Sheffield United,Brighton,Home,0,5,0,0.59,3.36,Chris Wilder,permanent,0.8
2023/24,2024-02-25,Sheffield United,Wolves,Away,0,1,0,0.65,1.22,Chris Wilder,permanent,0.5
2023/24,2024-03-04,Sheffield United,Arsenal,Home,0,6,0,0.2,2.47,Chris Wilder,permanent,0.5
2023/24,2024-03-09,Sheffield United,Bournemouth,Away,2,2,1,1.92,3.93,Chris Wilder,permanent,0.5
2023/24,2024-03-30,Sheffield United,Fulham,Home,3,3,1,1.79,1.1,Chris Wilder,permanent,0.6
2023/24,2024-04-04,Sheffield United,Liverpool,Away,1,3,0,0.72,2.52,Chris Wilder,permanent,0.6
2023/24,2024-04-07,Sheffield United,Chelsea,Home,2,2,1,1.74,0.52,Chris Wilder,permanent,0.6
2023/24,2024-04-13,Sheffield United,Brentford,Away,0,2,0,0.83,1.09,Chris Wilder,permanent,0.6
2023/24,2024-04-20,Sheffield United,Burnley,Home,1,4,0,1.98,2.42,Chris Wilder,permanent,0.6
2023/24,2024-04-24,Sheffield United,Man United,Away,2,4,0,1.21,3.51,Chris Wilder,permanent,0.3
2023/24,2024-04-27,Sheffield United,Newcastle,Away,1,5,0,1.82,2.93,Chris Wilder,permanent,0.3
2023/24,2024-05-04,Sheffield United,Nott'm Forest,Home,1,3,0,2.49,1.94,Chris Wilder,permanent,0.3
2023/24,2024-05-11,Sheffield United,Everton,Away,0,1,0,0.47,1.82,Chris Wilder,permanent,0.3
2023/24,2024-05-19,Sheffield United,Tottenham,Home,0,3,0,0.7,3.2,Chris Wilder,permanent,0.2
2014/15,2014-08-17,Southampton,Liverpool,Away,1,2,0,1.55,1.33,Ronald Koeman,first spell in data,
2014/15,2014-08-23,Southampton,West Brom,Home,0,0,1,0.67,0.67,Ronald Koeman,first spell in data,
2014/15,2014-08-30,Southampton,West Ham,Away,3,1,3,1.58,0.64,Ronald Koeman,first spell in data,
2014/15,2014-09-13,Southampton,Newcastle,Home,4,0,3,2.12,1.15,Ronald Koeman,first spell in data,
2014/15,2014-09-20,Southampton,Swansea,Away,1,0,3,0.75,0.52,Ronald Koeman,first spell in data,
2014/15,2014-09-27,Southampton,QPR,Home,2,1,3,2.34,0.46,Ronald Koeman,first spell in data,
2014/15,2014-10-05,Southampton,Tottenham,Away,0,1,0,1.15,0.9,Ronald Koeman,first spell in data,
2014/15,2014-10-18,Southampton,Sunderland,Home,8,0,3,3.71,0.92,Ronald Koeman,first spell in data,
2014/15,2014-10-25,Southampton,Stoke,Home,1,0,3,1.38,0.87,Ronald Koeman,first spell in data,
2014/15,2014-11-01,Southampton,Hull,Away,1,0,3,1.9,0.26,Ronald Koeman,first spell in data,2.2
2014/15,2014-11-08,Southampton,Leicester,Home,2,0,3,1.01,0.54,Ronald Koeman,first spell in data,2.5
2014/15,2014-11-24,Southampton,Aston Villa,Away,1,1,1,0.86,1.13,Ronald Koeman,first spell in data,2.5
2014/15,2014-11-30,Southampton,Man City,Home,0,3,0,0.8,2.13,Ronald Koeman,first spell in data,2.2
2014/15,2014-12-03,Southampton,Arsenal,Away,0,1,0,0.57,2.37,Ronald Koeman,first spell in data,1.9
2014/15,2014-12-08,Southampton,Man United,Home,1,2,0,1.83,0.8,Ronald Koeman,first spell in data,1.6
2014/15,2014-12-13,Southampton,Burnley,Away,0,1,0,1.71,0.4,Ronald Koeman,first spell in data,1.3
2014/15,2014-12-20,Southampton,Everton,Home,3,0,3,2.21,0.6,Ronald Koeman,first spell in data,1.6
2014/15,2014-12-26,Southampton,Crystal Palace,Away,3,1,3,1.3,0.38,Ronald Koeman,first spell in data,1.6
2014/15,2014-12-28,Southampton,Chelsea,Home,1,1,1,0.53,0.52,Ronald Koeman,first spell in data,1.4
2014/15,2015-01-01,Southampton,Arsenal,Home,2,0,3,2.41,0.85,Ronald Koeman,first spell in data,1.4
2014/15,2015-01-11,Southampton,Man United,Away,1,0,3,1.16,1.19,Ronald Koeman,first spell in data,1.4
2014/15,2015-01-17,Southampton,Newcastle,Away,2,1,3,0.43,0.86,Ronald Koeman,first spell in data,1.6
2014/15,2015-02-01,Southampton,Swansea,Home,0,1,0,1.63,0.26,Ronald Koeman,first spell in data,1.6
2014/15,2015-02-07,Southampton,QPR,Away,1,0,3,0.96,1.03,Ronald Koeman,first spell in data,1.9
2014/15,2015-02-11,Southampton,West Ham,Home,0,0,1,1.68,0.13,Ronald Koeman,first spell in data,2.0
2014/15,2015-02-22,Southampton,Liverpool,Home,0,2,0,0.87,0.7,Ronald Koeman,first spell in data,2.0
2014/15,2015-02-28,Southampton,West Brom,Away,0,1,0,0.58,1.09,Ronald Koeman,first spell in data,1.7
2014/15,2015-03-03,Southampton,Crystal Palace,Home,1,0,3,2.23,0.39,Ronald Koeman,first spell in data,1.7
2014/15,2015-03-15,Southampton,Chelsea,Away,1,1,1,1.83,3.19,Ronald Koeman,first spell in data,1.7
2014/15,2015-03-21,Southampton,Burnley,Home,2,0,3,1.92,1.05,Ronald Koeman,first spell in data,1.7
2014/15,2015-04-04,Southampton,Everton,Away,0,1,0,0.53,1.02,Ronald Koeman,first spell in data,1.4
2014/15,2015-04-11,Southampton,Hull,Home,2,0,3,2.37,0.74,Ronald Koeman,first spell in data,1.4
2014/15,2015-04-18,Southampton,Stoke,Away,1,2,0,1.36,2.26,Ronald Koeman,first spell in data,1.4
2014/15,2015-04-25,Southampton,Tottenham,Home,2,2,1,1.39,0.53,Ronald Koeman,first spell in data,1.2
2014/15,2015-05-02,Southampton,Sunderland,Away,1,2,0,0.91,1.98,Ronald Koeman,first spell in data,1.1
2014/15,2015-05-09,Southampton,Leicester,Away,0,2,0,0.35,1.64,Ronald Koeman,first spell in data,1.1
2014/15,2015-05-16,Southampton,Aston Villa,Home,6,1,3,3.6,1.19,Ronald Koeman,first spell in data,1.4
2014/15,2015-05-24,Southampton,Man City,Away,0,2,0,0.78,2.44,Ronald Koeman,first spell in data,1.1
2015/16,2015-08-09,Southampton,Newcastle,Away,2,2,1,1.25,1.55,Ronald Koeman,first spell in data,1.1
2015/16,2015-08-15,Southampton,Everton,Home,0,3,0,1.06,1.4,Ronald Koeman,first spell in data,0.8
2015/16,2015-08-23,Southampton,Watford,Away,0,0,1,0.68,1.18,Ronald Koeman,first spell in data,0.9
2015/16,2015-08-30,Southampton,Norwich,Home,3,0,3,2.86,0.64,Ronald Koeman,first spell in data,0.9
2015/16,2015-09-12,Southampton,West Brom,Away,0,0,1,1.01,0.41,Ronald Koeman,first spell in data,1.0
2015/16,2015-09-20,Southampton,Man United,Home,2,3,0,1.84,1.65,Ronald Koeman,first spell in data,0.9
2015/16,2015-09-26,Southampton,Swansea,Home,3,1,3,1.55,1.42,Ronald Koeman,first spell in data,1.2
2015/16,2015-10-03,Southampton,Chelsea,Away,3,1,3,1.58,0.52,Ronald Koeman,first spell in data,1.5
2015/16,2015-10-17,Southampton,Leicester,Home,2,2,1,1.47,2.79,Ronald Koeman,first spell in data,1.3
2015/16,2015-10-25,Southampton,Liverpool,Away,1,1,1,1.56,0.68,Ronald Koeman,first spell in data,1.4
2015/16,2015-11-01,Southampton,Bournemouth,Home,2,0,3,1.16,0.71,Ronald Koeman,first spell in data,1.6
2015/16,2015-11-07,Southampton,Sunderland,Away,1,0,3,1.8,0.3,Ronald Koeman,first spell in data,1.9
2015/16,2015-11-21,Southampton,Stoke,Home,0,1,0,0.71,1.19,Ronald Koeman,first spell in data,1.8
2015/16,2015-11-28,Southampton,Man City,Away,1,3,0,1.24,2.12,Ronald Koeman,first spell in data,1.5
2015/16,2015-12-05,Southampton,Aston Villa,Home,1,1,1,2.86,1.06,Ronald Koeman,first spell in data,1.5
2015/16,2015-12-12,Southampton,Crystal Palace,Away,0,1,0,0.89,1.31,Ronald Koeman,first spell in data,1.5
2015/16,2015-12-19,Southampton,Tottenham,Home,0,2,0,0.83,1.47,Ronald Koeman,first spell in data,1.2
2015/16,2015-12-26,Southampton,Arsenal,Home,4,0,3,2.43,0.83,Ronald Koeman,first spell in data,1.2
2015/16,2015-12-28,Southampton,West Ham,Away,1,2,0,1.37,1.8,Ronald Koeman,first spell in data,1.1
2015/16,2016-01-02,Southampton,Norwich,Away,0,1,0,0.93,1.51,Ronald Koeman,first spell in data,1.0
2015/16,2016-01-13,Southampton,Watford,Home,2,0,3,1.72,0.12,Ronald Koeman,first spell in data,1.0
2015/16,2016-01-16,Southampton,West Brom,Home,3,0,3,1.43,0.41,Ronald Koeman,first spell in data,1.0
2015/16,2016-01-23,Southampton,Man United,Away,1,0,3,0.84,0.19,Ronald Koeman,first spell in data,1.3
2015/16,2016-02-02,Southampton,Arsenal,Away,0,0,1,0.93,3.38,Ronald Koeman,first spell in data,1.4
2015/16,2016-02-06,Southampton,West Ham,Home,1,0,3,1.06,0.97,Ronald Koeman,first spell in data,1.6
2015/16,2016-02-13,Southampton,Swansea,Away,1,0,3,1.19,0.7,Ronald Koeman,first spell in data,1.9
2015/16,2016-02-27,Southampton,Chelsea,Home,1,2,0,1.01,0.63,Ronald Koeman,first spell in data,1.9
2015/16,2016-03-01,Southampton,Bournemouth,Away,0,2,0,0.95,1.41,Ronald Koeman,first spell in data,1.6
2015/16,2016-03-05,Southampton,Sunderland,Home,1,1,1,1.55,1.32,Ronald Koeman,first spell in data,1.7
2015/16,2016-03-12,Southampton,Stoke,Away,2,1,3,0.87,1.07,Ronald Koeman,first spell in data,2.0
2015/16,2016-03-20,Southampton,Liverpool,Home,3,2,3,1.57,1.29,Ronald Koeman,first spell in data,2.0
2015/16,2016-04-03,Southampton,Leicester,Away,0,1,0,0.67,1.39,Ronald Koeman,first spell in data,1.7
2015/16,2016-04-09,Southampton,Newcastle,Home,3,1,3,1.78,0.17,Ronald Koeman,first spell in data,1.7
2015/16,2016-04-16,Southampton,Everton,Away,1,1,1,1.38,0.32,Ronald Koeman,first spell in data,1.7
2015/16,2016-04-23,Southampton,Aston Villa,Away,4,2,3,3.66,1.47,Ronald Koeman,first spell in data,1.7
2015/16,2016-05-01,Southampton,Man City,Home,4,2,3,2.84,1.13,Ronald Koeman,first spell in data,1.7
2015/16,2016-05-08,Southampton,Tottenham,Away,2,1,3,1.31,2.56,Ronald Koeman,first spell in data,2.0
2015/16,2016-05-15,Southampton,Crystal Palace,Home,4,1,3,2.32,1.25,Ronald Koeman,first spell in data,2.3
2016/17,2016-08-13,Southampton,Watford,Home,1,1,1,0.94,0.18,Claude Puel,permanent,2.3
2016/17,2016-08-19,Southampton,Man United,Away,0,2,0,0.61,1.37,Claude Puel,permanent,2.0
2016/17,2016-08-27,Southampton,Sunderland,Home,1,1,1,0.61,1.39,Claude Puel,permanent,1.8
2016/17,2016-09-10,Southampton,Arsenal,Away,1,2,0,1.18,1.89,Claude Puel,permanent,1.8
2016/17,2016-09-18,Southampton,Swansea,Home,1,0,3,2.15,0.49,Claude Puel,permanent,1.8
2016/17,2016-09-25,Southampton,West Ham,Away,3,0,3,2.98,0.69,Claude Puel,permanent,2.0
2016/17,2016-10-02,Southampton,Leicester,Away,0,0,1,0.92,0.45,Claude Puel,permanent,1.8
2016/17,2016-10-16,Southampton,Burnley,Home,3,1,3,4.21,1.03,Claude Puel,permanent,1.8
2016/17,2016-10-23,Southampton,Man City,Away,1,1,1,0.56,1.15,Claude Puel,permanent,1.6
2016/17,2016-10-30,Southampton,Chelsea,Home,0,2,0,0.42,1.15,Claude Puel,permanent,1.3
2016/17,2016-11-06,Southampton,Hull,Away,1,2,0,2.03,0.56,Claude Puel,permanent,1.2
2016/17,2016-11-19,Southampton,Liverpool,Home,0,0,1,0.09,1.69,Claude Puel,permanent,1.3
2016/17,2016-11-27,Southampton,Everton,Home,1,0,3,2.81,0.62,Claude Puel,permanent,1.5
2016/17,2016-12-03,Southampton,Crystal Palace,Away,0,3,0,0.76,2.2,Claude Puel,permanent,1.5
2016/17,2016-12-11,Southampton,Middlesbrough,Home,1,0,3,1.73,0.49,Claude Puel,permanent,1.5
2016/17,2016-12-14,Southampton,Stoke,Away,0,0,1,0.72,0.33,Claude Puel,permanent,1.3
2016/17,2016-12-18,Southampton,Bournemouth,Away,3,1,3,1.69,0.49,Claude Puel,permanent,1.5
2016/17,2016-12-28,Southampton,Tottenham,Home,1,4,0,0.4,1.61,Claude Puel,permanent,1.2
2016/17,2016-12-31,Southampton,West Brom,Home,1,2,0,0.37,0.67,Claude Puel,permanent,1.1
2016/17,2017-01-02,Southampton,Everton,Away,0,3,0,1.01,2.35,Claude Puel,permanent,1.1
2016/17,2017-01-14,Southampton,Burnley,Away,0,1,0,0.96,0.46,Claude Puel,permanent,1.1
2016/17,2017-01-22,Southampton,Leicester,Home,3,0,3,2.5,0.94,Claude Puel,permanent,1.3
2016/17,2017-01-31,Southampton,Swansea,Away,1,2,0,0.91,0.76,Claude Puel,permanent,1.0
2016/17,2017-02-04,Southampton,West Ham,Home,1,3,0,1.06,0.92,Claude Puel,permanent,1.0
2016/17,2017-02-11,Southampton,Sunderland,Away,4,0,3,1.73,0.2,Claude Puel,permanent,1.0
2016/17,2017-03-04,Southampton,Watford,Away,4,3,3,1.34,1.4,Claude Puel,permanent,1.2
2016/17,2017-03-19,Southampton,Tottenham,Away,1,2,0,0.84,1.64,Claude Puel,permanent,0.9
2016/17,2017-04-01,Southampton,Bournemouth,Home,0,0,1,1.0,2.06,Claude Puel,permanent,1.0
2016/17,2017-04-05,Southampton,Crystal Palace,Home,3,1,3,3.34,1.73,Claude Puel,permanent,1.3
2016/17,2017-04-08,Southampton,West Brom,Away,1,0,3,0.91,2.02,Claude Puel,permanent,1.6
2016/17,2017-04-15,Southampton,Man City,Home,0,3,0,0.62,2.74,Claude Puel,permanent,1.6
2016/17,2017-04-25,Southampton,Chelsea,Away,2,4,0,1.33,1.44,Claude Puel,permanent,1.3
2016/17,2017-04-29,Southampton,Hull,Home,0,0,1,1.25,0.47,Claude Puel,permanent,1.4
2016/17,2017-05-07,Southampton,Liverpool,Away,0,0,1,0.18,1.36,Claude Puel,permanent,1.5
2016/17,2017-05-10,Southampton,Arsenal,Home,0,2,0,1.25,1.36,Claude Puel,permanent,1.2
2016/17,2017-05-13,Southampton,Middlesbrough,Away,2,1,3,1.53,1.33,Claude Puel,permanent,1.2
2016/17,2017-05-17,Southampton,Man United,Home,0,0,1,1.67,0.46,Claude Puel,permanent,1.3
2016/17,2017-05-21,Southampton,Stoke,Home,0,1,0,1.36,0.98,Claude Puel,permanent,1.2
2017/18,2017-08-12,Southampton,Swansea,Home,0,0,1,2.22,0.41,Mauricio Pellegrino,permanent,1.0
2017/18,2017-08-19,Southampton,West Ham,Home,3,2,3,2.14,1.53,Mauricio Pellegrino,permanent,1.0
2017/18,2017-08-26,Southampton,Huddersfield,Away,0,0,1,0.8,1.52,Mauricio Pellegrino,permanent,1.1
2017/18,2017-09-09,Southampton,Watford,Home,0,2,0,0.33,0.58,Mauricio Pellegrino,permanent,1.1
2017/18,2017-09-16,Southampton,Crystal Palace,Away,1,0,3,1.11,2.03,Mauricio Pellegrino,permanent,1.3
2017/18,2017-09-23,Southampton,Man United,Home,0,1,0,0.8,1.07,Mauricio Pellegrino,permanent,1.2
2017/18,2017-09-30,Southampton,Stoke,Away,1,2,0,1.43,2.68,Mauricio Pellegrino,permanent,1.2
2017/18,2017-10-15,Southampton,Newcastle,Home,2,2,1,1.71,0.95,Mauricio Pellegrino,permanent,1.0
2017/18,2017-10-21,Southampton,West Brom,Home,1,0,3,2.02,0.5,Mauricio Pellegrino,permanent,1.2
2017/18,2017-10-29,Southampton,Brighton,Away,1,1,1,0.54,1.51,Mauricio Pellegrino,permanent,1.3
2017/18,2017-11-04,Southampton,Burnley,Home,0,1,0,0.79,0.14,Mauricio Pellegrino,permanent,1.2
2017/18,2017-11-18,Southampton,Liverpool,Away,0,3,0,0.56,2.06,Mauricio Pellegrino,permanent,0.9
2017/18,2017-11-26,Southampton,Everton,Home,4,1,3,1.97,0.15,Mauricio Pellegrino,permanent,1.1
2017/18,2017-11-29,Southampton,Man City,Away,1,2,0,1.71,1.65,Mauricio Pellegrino,permanent,1.1
2017/18,2017-12-03,Southampton,Bournemouth,Away,1,1,1,1.0,1.11,Mauricio Pellegrino,permanent,0.9
2017/18,2017-12-10,Southampton,Arsenal,Home,1,1,1,1.22,0.61,Mauricio Pellegrino,permanent,1.0
2017/18,2017-12-13,Southampton,Leicester,Home,1,4,0,1.12,2.25,Mauricio Pellegrino,permanent,1.0
2017/18,2017-12-16,Southampton,Chelsea,Away,0,1,0,0.59,1.29,Mauricio Pellegrino,permanent,0.9
2017/18,2017-12-23,Southampton,Huddersfield,Home,1,1,1,1.74,1.09,Mauricio Pellegrino,permanent,0.7
2017/18,2017-12-26,Southampton,Tottenham,Away,2,5,0,0.59,3.08,Mauricio Pellegrino,permanent,0.6
2017/18,2017-12-30,Southampton,Man United,Away,0,0,1,0.85,1.87,Mauricio Pellegrino,permanent,0.7
2017/18,2018-01-02,Southampton,Crystal Palace,Home,1,2,0,0.45,1.34,Mauricio Pellegrino,permanent,0.7
2017/18,2018-01-13,Southampton,Watford,Away,2,2,1,0.86,1.67,Mauricio Pellegrino,permanent,0.5
2017/18,2018-01-21,Southampton,Tottenham,Home,1,1,1,1.15,1.31,Mauricio Pellegrino,permanent,0.6
2017/18,2018-01-31,Southampton,Brighton,Home,1,1,1,1.27,1.08,Mauricio Pellegrino,permanent,0.6
2017/18,2018-02-03,Southampton,West Brom,Away,3,2,3,1.0,0.88,Mauricio Pellegrino,permanent,0.8
2017/18,2018-02-11,Southampton,Liverpool,Home,0,2,0,0.85,2.36,Mauricio Pellegrino,permanent,0.8
2017/18,2018-02-24,Southampton,Burnley,Away,1,1,1,0.66,1.28,Mauricio Pellegrino,permanent,0.9
2017/18,2018-03-03,Southampton,Stoke,Home,0,0,1,0.98,0.39,Mauricio Pellegrino,permanent,0.9
2017/18,2018-03-10,Southampton,Newcastle,Away,0,3,0,0.5,1.36,Mauricio Pellegrino,permanent,0.9
2017/18,2018-03-31,Southampton,West Ham,Away,0,3,0,0.45,1.45,Mark Hughes,permanent,0.8
2017/18,2018-04-08,Southampton,Arsenal,Away,2,3,0,2.17,1.59,Mark Hughes,permanent,0.8
2017/18,2018-04-14,Southampton,Chelsea,Home,2,3,0,1.29,0.66,Mark Hughes,permanent,0.7
2017/18,2018-04-19,Southampton,Leicester,Away,0,0,1,0.65,0.52,Mark Hughes,permanent,0.7
2017/18,2018-04-28,Southampton,Bournemouth,Home,2,1,3,1.73,1.02,Mark Hughes,permanent,0.9
2017/18,2018-05-05,Southampton,Everton,Away,1,1,1,0.63,0.42,Mark Hughes,permanent,0.7
2017/18,2018-05-08,Southampton,Swansea,Away,1,0,3,1.49,0.39,Mark Hughes,permanent,1.0
2017/18,2018-05-13,Southampton,Man City,Home,0,1,0,0.51,0.77,Mark Hughes,permanent,0.9
2018/19,2018-08-12,Southampton,Burnley,Home,0,0,1,1.02,1.41,Mark Hughes,permanent,0.9
2018/19,2018-08-18,Southampton,Everton,Away,1,2,0,1.77,2.02,Mark Hughes,permanent,0.9
2018/19,2018-08-25,Southampton,Leicester,Home,1,2,0,0.54,0.52,Mark Hughes,permanent,0.9
2018/19,2018-09-01,Southampton,Crystal Palace,Away,2,0,3,3.14,2.35,Mark Hughes,permanent,1.2
2018/19,2018-09-17,Southampton,Brighton,Home,2,2,1,2.2,1.97,Mark Hughes,permanent,1.3
2018/19,2018-09-22,Southampton,Liverpool,Away,0,3,0,0.31,1.78,Mark Hughes,permanent,1.2
2018/19,2018-09-29,Southampton,Wolves,Away,0,2,0,0.68,1.43,Mark Hughes,permanent,0.9
2018/19,2018-10-07,Southampton,Chelsea,Home,0,3,0,1.49,3.55,Mark Hughes,permanent,0.8
2018/19,2018-10-20,Southampton,Bournemouth,Away,0,0,1,0.59,0.84,Mark Hughes,permanent,0.6
2018/19,2018-10-27,Southampton,Newcastle,Home,0,0,1,1.19,0.3,Mark Hughes,permanent,0.7
2018/19,2018-11-04,Southampton,Man City,Away,1,6,0,1.81,2.76,Mark Hughes,permanent,0.6
2018/19,2018-11-10,Southampton,Watford,Home,1,1,1,1.2,1.08,Mark Hughes,permanent,0.7
2018/19,2018-11-24,Southampton,Fulham,Away,2,3,0,1.67,1.39,Mark Hughes,permanent,0.7
2018/19,2018-12-01,Southampton,Man United,Home,2,2,1,0.62,0.9,Mark Hughes,permanent,0.5
2018/19,2018-12-05,Southampton,Tottenham,Away,1,3,0,1.82,1.74,Kelvin Davis,caretaker,0.4
2018/19,2018-12-08,Southampton,Cardiff,Away,0,1,0,0.5,1.56,Ralph Hasenhüttl,permanent,0.4
2018/19,2018-12-16,Southampton,Arsenal,Home,3,2,3,1.21,1.86,Ralph Hasenhüttl,permanent,0.7
2018/19,2018-12-22,Southampton,Huddersfield,Away,3,1,3,2.6,1.0,Ralph Hasenhüttl,permanent,1.0
2018/19,2018-12-27,Southampton,West Ham,Home,1,2,0,1.29,1.27,Ralph Hasenhüttl,permanent,0.9
2018/19,2018-12-30,Southampton,Man City,Home,1,3,0,0.22,2.97,Ralph Hasenhüttl,permanent,0.8
2018/19,2019-01-02,Southampton,Chelsea,Away,0,0,1,0.16,0.85,Ralph Hasenhüttl,permanent,0.9
2018/19,2019-01-12,Southampton,Leicester,Away,2,1,3,1.42,1.76,Ralph Hasenhüttl,permanent,1.1
2018/19,2019-01-19,Southampton,Everton,Home,2,1,3,1.06,1.31,Ralph Hasenhüttl,permanent,1.4
2018/19,2019-01-30,Southampton,Crystal Palace,Home,1,1,1,1.33,1.53,Ralph Hasenhüttl,permanent,1.4
2018/19,2019-02-02,Southampton,Burnley,Away,1,1,1,0.79,2.0,Ralph Hasenhüttl,permanent,1.5
2018/19,2019-02-09,Southampton,Cardiff,Home,1,2,0,1.71,0.98,Ralph Hasenhüttl,permanent,1.5
2018/19,2019-02-24,Southampton,Arsenal,Away,0,2,0,0.61,2.35,Ralph Hasenhüttl,permanent,1.2
2018/19,2019-02-27,Southampton,Fulham,Home,2,0,3,1.16,0.8,Ralph Hasenhüttl,permanent,1.2
2018/19,2019-03-02,Southampton,Man United,Away,2,3,0,0.58,2.54,Ralph Hasenhüttl,permanent,1.2
2018/19,2019-03-09,Southampton,Tottenham,Home,2,1,3,2.08,1.27,Ralph Hasenhüttl,permanent,1.5
2018/19,2019-03-30,Southampton,Brighton,Away,1,0,3,0.86,0.56,Ralph Hasenhüttl,permanent,1.7
2018/19,2019-04-05,Southampton,Liverpool,Home,1,3,0,0.72,2.01,Ralph Hasenhüttl,permanent,1.4
2018/19,2019-04-13,Southampton,Wolves,Home,3,1,3,3.81,0.64,Ralph Hasenhüttl,permanent,1.4
2018/19,2019-04-20,Southampton,Newcastle,Away,1,3,0,1.27,1.23,Ralph Hasenhüttl,permanent,1.3
2018/19,2019-04-23,Southampton,Watford,Away,1,1,1,2.12,1.27,Ralph Hasenhüttl,permanent,1.3
2018/19,2019-04-27,Southampton,Bournemouth,Home,3,3,1,2.74,2.62,Ralph Hasenhüttl,permanent,1.4
2018/19,2019-05-04,Southampton,West Ham,Away,0,3,0,0.44,2.0,Ralph Hasenhüttl,permanent,1.4
2018/19,2019-05-12,Southampton,Huddersfield,Home,1,1,1,0.94,0.86,Ralph Hasenhüttl,permanent,1.2
2019/20,2019-08-10,Southampton,Burnley,Away,0,3,0,1.09,0.91,Ralph Hasenhüttl,permanent,1.2
2019/20,2019-08-17,Southampton,Liverpool,Home,1,2,0,2.14,1.52,Ralph Hasenhüttl,permanent,0.9
2019/20,2019-08-24,Southampton,Brighton,Away,2,0,3,2.08,1.0,Ralph Hasenhüttl,permanent,0.9
2019/20,2019-08-31,Southampton,Man United,Home,1,1,1,0.77,1.9,Ralph Hasenhüttl,permanent,1.0
2019/20,2019-09-14,Southampton,Sheffield United,Away,1,0,3,1.58,1.88,Ralph Hasenhüttl,permanent,1.0
2019/20,2019-09-20,Southampton,Bournemouth,Home,1,3,0,2.18,1.3,Ralph Hasenhüttl,permanent,1.0
2019/20,2019-09-28,Southampton,Tottenham,Away,1,2,0,1.16,1.19,Ralph Hasenhüttl,permanent,0.9
2019/20,2019-10-06,Southampton,Chelsea,Home,1,4,0,1.27,2.15,Ralph Hasenhüttl,permanent,0.8
2019/20,2019-10-19,Southampton,Wolves,Away,1,1,1,1.38,0.89,Ralph Hasenhüttl,permanent,0.9
2019/20,2019-10-25,Southampton,Leicester,Home,0,9,0,0.46,4.38,Ralph Hasenhüttl,permanent,0.8
2019/20,2019-11-02,Southampton,Man City,Away,1,2,0,0.89,3.36,Ralph Hasenhüttl,permanent,0.8
2019/20,2019-11-09,Southampton,Everton,Home,1,2,0,0.74,2.09,Ralph Hasenhüttl,permanent,0.8
2019/20,2019-11-23,Southampton,Arsenal,Away,2,2,1,2.6,1.61,Ralph Hasenhüttl,permanent,0.6
2019/20,2019-11-30,Southampton,Watford,Home,2,1,3,1.97,0.5,Ralph Hasenhüttl,permanent,0.8
2019/20,2019-12-04,Southampton,Norwich,Home,2,1,3,2.0,0.9,Ralph Hasenhüttl,permanent,0.8
2019/20,2019-12-08,Southampton,Newcastle,Away,1,2,0,1.89,1.1,Ralph Hasenhüttl,permanent,0.8
2019/20,2019-12-14,Southampton,West Ham,Home,0,1,0,0.81,0.9,Ralph Hasenhüttl,permanent,0.8
2019/20,2019-12-21,Southampton,Aston Villa,Away,3,1,3,2.63,0.92,Ralph Hasenhüttl,permanent,1.1
2019/20,2019-12-26,Southampton,Chelsea,Away,2,0,3,0.98,0.86,Ralph Hasenhüttl,permanent,1.3
2019/20,2019-12-28,Southampton,Crystal Palace,Home,1,1,1,1.48,0.14,Ralph Hasenhüttl,permanent,1.4
2019/20,2020-01-01,Southampton,Tottenham,Home,1,0,3,1.51,1.08,Ralph Hasenhüttl,permanent,1.7
2019/20,2020-01-11,Southampton,Leicester,Away,2,1,3,2.41,0.78,Ralph Hasenhüttl,permanent,2.0
2019/20,2020-01-18,Southampton,Wolves,Home,2,3,0,0.79,2.18,Ralph Hasenhüttl,permanent,1.9
2019/20,2020-01-21,Southampton,Crystal Palace,Away,2,0,3,1.13,0.67,Ralph Hasenhüttl,permanent,1.9
2019/20,2020-02-01,Southampton,Liverpool,Away,0,4,0,0.72,3.72,Ralph Hasenhüttl,permanent,1.6
2019/20,2020-02-15,Southampton,Burnley,Home,1,2,0,0.69,0.89,Ralph Hasenhüttl,permanent,1.6
2019/20,2020-02-22,Southampton,Aston Villa,Home,2,0,3,3.03,0.47,Ralph Hasenhüttl,permanent,1.9
2019/20,2020-02-29,Southampton,West Ham,Away,1,3,0,0.87,2.79,Ralph Hasenhüttl,permanent,1.6
2019/20,2020-03-07,Southampton,Newcastle,Home,0,1,0,0.35,3.06,Ralph Hasenhüttl,permanent,1.3
2019/20,2020-06-19,Southampton,Norwich,Away,3,0,3,1.87,0.65,Ralph Hasenhüttl,permanent,1.5
2019/20,2020-06-25,Southampton,Arsenal,Home,0,2,0,0.74,2.19,Ralph Hasenhüttl,permanent,1.2
2019/20,2020-06-28,Southampton,Watford,Away,3,1,3,1.34,0.37,Ralph Hasenhüttl,permanent,1.2
2019/20,2020-07-05,Southampton,Man City,Home,1,0,3,0.63,3.4,Ralph Hasenhüttl,permanent,1.5
2019/20,2020-07-09,Southampton,Everton,Away,1,1,1,2.3,0.67,Ralph Hasenhüttl,permanent,1.3
2019/20,2020-07-13,Southampton,Man United,Away,2,2,1,1.81,1.5,Ralph Hasenhüttl,permanent,1.4
2019/20,2020-07-16,Southampton,Brighton,Home,1,1,1,2.34,0.67,Ralph Hasenhüttl,permanent,1.5
2019/20,2020-07-19,Southampton,Bournemouth,Away,2,0,3,2.25,0.58,Ralph Hasenhüttl,permanent,1.5
2019/20,2020-07-26,Southampton,Sheffield United,Home,3,1,3,1.64,1.41,Ralph Hasenhüttl,permanent,1.8
2020/21,2020-09-12,Southampton,Crystal Palace,Away,0,1,0,1.26,1.4,Ralph Hasenhüttl,permanent,1.8
2020/21,2020-09-20,Southampton,Tottenham,Home,2,5,0,2.28,2.28,Ralph Hasenhüttl,permanent,1.5
2020/21,2020-09-26,Southampton,Burnley,Away,1,0,3,0.71,0.35,Ralph Hasenhüttl,permanent,1.8
2020/21,2020-10-04,Southampton,West Brom,Home,2,0,3,0.95,0.16,Ralph Hasenhüttl,permanent,1.8
2020/21,2020-10-17,Southampton,Chelsea,Away,3,3,1,1.42,1.99,Ralph Hasenhüttl,permanent,1.6
2020/21,2020-10-25,Southampton,Everton,Home,2,0,3,0.74,0.29,Ralph Hasenhüttl,permanent,1.8
2020/21,2020-11-01,Southampton,Aston Villa,Away,4,3,3,1.0,2.45,Ralph Hasenhüttl,permanent,2.0
2020/21,2020-11-06,Southampton,Newcastle,Home,2,0,3,0.99,0.18,Ralph Hasenhüttl,permanent,2.2
2020/21,2020-11-23,Southampton,Wolves,Away,1,1,1,1.08,1.57,Ralph Hasenhüttl,permanent,2.0
2020/21,2020-11-29,Southampton,Man United,Home,2,3,0,0.5,2.48,Ralph Hasenhüttl,permanent,1.7
2020/21,2020-12-07,Southampton,Brighton,Away,2,1,3,1.35,2.03,Ralph Hasenhüttl,permanent,2.0
2020/21,2020-12-13,Southampton,Sheffield United,Home,3,0,3,2.28,0.22,Ralph Hasenhüttl,permanent,2.3
2020/21,2020-12-16,Southampton,Arsenal,Away,1,1,1,1.11,0.66,Ralph Hasenhüttl,permanent,2.1
2020/21,2020-12-19,Southampton,Man City,Home,0,1,0,0.59,1.16,Ralph Hasenhüttl,permanent,1.8
2020/21,2020-12-26,Southampton,Fulham,Away,0,0,1,0.12,0.78,Ralph Hasenhüttl,permanent,1.8
2020/21,2020-12-29,Southampton,West Ham,Home,0,0,1,0.67,1.07,Ralph Hasenhüttl,permanent,1.6
2020/21,2021-01-04,Southampton,Liverpool,Home,1,0,3,0.5,1.37,Ralph Hasenhüttl,permanent,1.6
2020/21,2021-01-16,Southampton,Leicester,Away,0,2,0,0.38,2.12,Ralph Hasenhüttl,permanent,1.3
2020/21,2021-01-26,Southampton,Arsenal,Home,1,3,0,1.0,2.43,Ralph Hasenhüttl,permanent,1.2
2020/21,2021-01-30,Southampton,Aston Villa,Home,0,1,0,2.23,0.8,Ralph Hasenhüttl,permanent,1.2
2020/21,2021-02-02,Southampton,Man United,Away,0,9,0,0.51,5.03,Ralph Hasenhüttl,permanent,0.9
2020/21,2021-02-06,Southampton,Newcastle,Away,2,3,0,1.43,0.91,Ralph Hasenhüttl,permanent,0.6
2020/21,2021-02-14,Southampton,Wolves,Home,1,2,0,0.85,1.09,Ralph Hasenhüttl,permanent,0.5
2020/21,2021-02-20,Southampton,Chelsea,Home,1,1,1,0.5,1.45,Ralph Hasenhüttl,permanent,0.6
2020/21,2021-02-23,Southampton,Leeds,Away,0,3,0,1.48,1.85,Ralph Hasenhüttl,permanent,0.5
2020/21,2021-03-01,Southampton,Everton,Away,0,1,0,0.67,1.42,Ralph Hasenhüttl,permanent,0.4
2020/21,2021-03-06,Southampton,Sheffield United,Away,2,0,3,2.37,0.91,Ralph Hasenhüttl,permanent,0.4
2020/21,2021-03-10,Southampton,Man City,Away,2,5,0,1.61,3.11,Ralph Hasenhüttl,permanent,0.4
2020/21,2021-03-14,Southampton,Brighton,Home,1,2,0,1.03,0.9,Ralph Hasenhüttl,permanent,0.4
2020/21,2021-04-04,Southampton,Burnley,Home,3,2,3,2.4,1.5,Ralph Hasenhüttl,permanent,0.7
2020/21,2021-04-12,Southampton,West Brom,Away,0,3,0,1.5,2.77,Ralph Hasenhüttl,permanent,0.7
2020/21,2021-04-21,Southampton,Tottenham,Away,1,2,0,1.06,1.29,Ralph Hasenhüttl,permanent,0.7
2020/21,2021-04-30,Southampton,Leicester,Home,1,1,1,0.95,2.52,Ralph Hasenhüttl,permanent,0.8
2020/21,2021-05-08,Southampton,Liverpool,Away,0,2,0,1.23,2.26,Ralph Hasenhüttl,permanent,0.7
2020/21,2021-05-11,Southampton,Crystal Palace,Home,3,1,3,1.59,1.33,Ralph Hasenhüttl,permanent,1.0
2020/21,2021-05-15,Southampton,Fulham,Home,3,1,3,2.29,0.88,Ralph Hasenhüttl,permanent,1.3
2020/21,2021-05-18,Southampton,Leeds,Home,0,2,0,1.31,1.58,Ralph Hasenhüttl,permanent,1.0
2020/21,2021-05-23,Southampton,West Ham,Away,0,3,0,1.35,1.98,Ralph Hasenhüttl,permanent,1.0
2021/22,2021-08-14,Southampton,Everton,Away,1,3,0,0.58,2.39,Ralph Hasenhüttl,permanent,1.0
2021/22,2021-08-22,Southampton,Man United,Home,1,1,1,0.59,2.26,Ralph Hasenhüttl,permanent,0.8
2021/22,2021-08-28,Southampton,Newcastle,Away,2,2,1,3.46,1.19,Ralph Hasenhüttl,permanent,0.9
2021/22,2021-09-11,Southampton,West Ham,Home,0,0,1,0.69,0.73,Ralph Hasenhüttl,permanent,1.0
2021/22,2021-09-18,Southampton,Man City,Away,0,0,1,0.49,1.22,Ralph Hasenhüttl,permanent,1.0
2021/22,2021-09-26,Southampton,Wolves,Home,0,1,0,0.91,0.91,Ralph Hasenhüttl,permanent,1.0
2021/22,2021-10-02,Southampton,Chelsea,Away,1,3,0,1.53,3.79,Ralph Hasenhüttl,permanent,0.7
2021/22,2021-10-16,Southampton,Leeds,Home,1,0,3,1.83,0.45,Ralph Hasenhüttl,permanent,0.7
2021/22,2021-10-23,Southampton,Burnley,Home,2,2,1,1.43,0.67,Ralph Hasenhüttl,permanent,0.8
2021/22,2021-10-30,Southampton,Watford,Away,1,0,3,1.91,0.85,Ralph Hasenhüttl,permanent,1.1
2021/22,2021-11-05,Southampton,Aston Villa,Home,1,0,3,0.9,0.54,Ralph Hasenhüttl,permanent,1.4
2021/22,2021-11-20,Southampton,Norwich,Away,1,2,0,1.13,0.44,Ralph Hasenhüttl,permanent,1.3
2021/22,2021-11-27,Southampton,Liverpool,Away,0,4,0,0.97,3.07,Ralph Hasenhüttl,permanent,1.2
2021/22,2021-12-01,Southampton,Leicester,Home,2,2,1,1.91,1.44,Ralph Hasenhüttl,permanent,1.2
2021/22,2021-12-04,Southampton,Brighton,Home,1,1,1,1.34,1.49,Ralph Hasenhüttl,permanent,1.2
2021/22,2021-12-11,Southampton,Arsenal,Away,0,3,0,0.5,2.08,Ralph Hasenhüttl,permanent,1.2
2021/22,2021-12-15,Southampton,Crystal Palace,Away,2,2,1,0.63,1.49,Ralph Hasenhüttl,permanent,1.3
2021/22,2021-12-26,Southampton,West Ham,Away,3,2,3,1.36,1.54,Ralph Hasenhüttl,permanent,1.3
2021/22,2021-12-28,Southampton,Tottenham,Home,1,1,1,0.35,2.81,Ralph Hasenhüttl,permanent,1.3
2021/22,2022-01-11,Southampton,Brentford,Home,4,1,3,1.59,0.62,Ralph Hasenhüttl,permanent,1.3
2021/22,2022-01-15,Southampton,Wolves,Away,1,3,0,0.92,2.3,Ralph Hasenhüttl,permanent,1.0
2021/22,2022-01-22,Southampton,Man City,Home,1,1,1,1.0,1.63,Ralph Hasenhüttl,permanent,1.1
2021/22,2022-02-09,Southampton,Tottenham,Away,3,2,3,1.73,1.74,Ralph Hasenhüttl,permanent,1.4
2021/22,2022-02-12,Southampton,Man United,Away,1,1,1,0.68,2.99,Ralph Hasenhüttl,permanent,1.4
2021/22,2022-02-19,Southampton,Everton,Home,2,0,3,2.73,0.2,Ralph Hasenhüttl,permanent,1.6
2021/22,2022-02-25,Southampton,Norwich,Home,2,0,3,3.09,0.42,Ralph Hasenhüttl,permanent,1.9
2021/22,2022-03-05,Southampton,Aston Villa,Away,0,4,0,1.33,2.85,Ralph Hasenhüttl,permanent,1.8
2021/22,2022-03-10,Southampton,Newcastle,Home,1,2,0,1.8,0.81,Ralph Hasenhüttl,permanent,1.5
2021/22,2022-03-13,Southampton,Watford,Home,1,2,0,1.26,1.29,Ralph Hasenhüttl,permanent,1.4
2021/22,2022-04-02,Southampton,Leeds,Away,1,1,1,2.06,1.51,Ralph Hasenhüttl,permanent,1.2
2021/22,2022-04-09,Southampton,Chelsea,Home,0,6,0,0.56,4.4,Ralph Hasenhüttl,permanent,1.2
2021/22,2022-04-16,Southampton,Arsenal,Home,1,0,3,1.04,1.35,Ralph Hasenhüttl,permanent,1.4
2021/22,2022-04-21,Southampton,Burnley,Away,0,2,0,1.32,2.15,Ralph Hasenhüttl,permanent,1.1
2021/22,2022-04-24,Southampton,Brighton,Away,2,2,1,0.93,1.87,Ralph Hasenhüttl,permanent,1.1
2021/22,2022-04-30,Southampton,Crystal Palace,Home,1,2,0,0.65,0.76,Ralph Hasenhüttl,permanent,0.8
2021/22,2022-05-07,Southampton,Brentford,Away,0,3,0,0.99,3.68,Ralph Hasenhüttl,permanent,0.5
2021/22,2022-05-17,Southampton,Liverpool,Home,1,2,0,0.12,1.19,Ralph Hasenhüttl,permanent,0.5
2021/22,2022-05-22,Southampton,Leicester,Away,1,4,0,1.05,3.42,Ralph Hasenhüttl,permanent,0.5
2022/23,2022-08-06,Southampton,Tottenham,Away,1,4,0,0.39,1.62,Ralph Hasenhüttl,permanent,0.5
2022/23,2022-08-13,Southampton,Leeds,Home,2,2,1,1.41,2.0,Ralph Hasenhüttl,permanent,0.5
2022/23,2022-08-20,Southampton,Leicester,Away,2,1,3,1.24,0.24,Ralph Hasenhüttl,permanent,0.8
2022/23,2022-08-27,Southampton,Man United,Home,0,1,0,1.36,1.34,Ralph Hasenhüttl,permanent,0.5
2022/23,2022-08-30,Southampton,Chelsea,Home,2,1,3,1.44,1.5,Ralph Hasenhüttl,permanent,0.8
2022/23,2022-09-03,Southampton,Wolves,Away,0,1,0,1.21,1.1,Ralph Hasenhüttl,permanent,0.7
2022/23,2022-09-16,Southampton,Aston Villa,Away,0,1,0,0.22,1.34,Ralph Hasenhüttl,permanent,0.7
2022/23,2022-10-01,Southampton,Everton,Home,1,2,0,1.96,2.0,Ralph Hasenhüttl,permanent,0.7
2022/23,2022-10-08,Southampton,Man City,Away,0,4,0,0.1,2.74,Ralph Hasenhüttl,permanent,0.7
2022/23,2022-10-16,Southampton,West Ham,Home,1,1,1,0.52,1.71,Ralph Hasenhüttl,permanent,0.8
2022/23,2022-10-19,Southampton,Bournemouth,Away,1,0,3,1.24,0.81,Ralph Hasenhüttl,permanent,1.1
2022/23,2022-10-23,Southampton,Arsenal,Home,1,1,1,0.62,1.58,Ralph Hasenhüttl,permanent,1.1
2022/23,2022-10-29,Southampton,Crystal Palace,Away,0,1,0,1.36,1.0,Ralph Hasenhüttl,permanent,0.8
2022/23,2022-11-06,Southampton,Newcastle,Home,1,4,0,1.65,1.42,Ralph Hasenhüttl,permanent,0.8
2022/23,2022-11-12,Southampton,Liverpool,Away,1,3,0,1.43,2.74,Nathan Jones,permanent,0.5
2022/23,2022-12-26,Southampton,Brighton,Home,1,3,0,1.71,1.01,Nathan Jones,permanent,0.5
2022/23,2022-12-31,Southampton,Fulham,Away,1,2,0,0.7,1.49,Nathan Jones,permanent,0.5
2022/23,2023-01-04,Southampton,Nott'm Forest,Home,0,1,0,0.63,1.22,Nathan Jones,permanent,0.5
2022/23,2023-01-14,Southampton,Everton,Away,2,1,3,1.08,1.18,Nathan Jones,permanent,0.8
2022/23,2023-01-21,Southampton,Aston Villa,Home,0,1,0,0.67,1.16,Nathan Jones,permanent,0.7
2022/23,2023-02-04,Southampton,Brentford,Away,0,3,0,0.64,2.37,Nathan Jones,permanent,0.4
2022/23,2023-02-11,Southampton,Wolves,Home,1,2,0,1.3,0.62,Nathan Jones,permanent,0.3
2022/23,2023-02-18,Southampton,Chelsea,Away,1,0,3,0.62,1.62,Rubén Sellés,permanent,0.6
2022/23,2023-02-25,Southampton,Leeds,Away,0,1,0,0.39,0.72,Rubén Sellés,permanent,0.6
2022/23,2023-03-04,Southampton,Leicester,Home,1,0,3,1.34,1.67,Rubén Sellés,permanent,0.9
2022/23,2023-03-12,Southampton,Man United,Away,0,0,1,1.18,0.91,Rubén Sellés,permanent,1.0
2022/23,2023-03-15,Southampton,Brentford,Home,0,2,0,0.36,1.67,Rubén Sellés,permanent,1.0
2022/23,2023-03-18,Southampton,Tottenham,Home,3,3,1,2.52,1.88,Rubén Sellés,permanent,1.1
2022/23,2023-04-02,Southampton,West Ham,Away,0,1,0,0.32,1.4,Rubén Sellés,permanent,0.8
2022/23,2023-04-08,Southampton,Man City,Home,1,4,0,0.49,3.06,Rubén Sellés,permanent,0.8
2022/23,2023-04-15,Southampton,Crystal Palace,Home,0,2,0,0.68,0.86,Rubén Sellés,permanent,0.8
2022/23,2023-04-21,Southampton,Arsenal,Away,3,3,1,1.43,2.4,Rubén Sellés,permanent,0.9
2022/23,2023-04-27,Southampton,Bournemouth,Home,0,1,0,0.48,0.99,Rubén Sellés,permanent,0.6
2022/23,2023-04-30,Southampton,Newcastle,Away,1,3,0,0.9,3.91,Rubén Sellés,permanent,0.6
2022/23,2023-05-08,Southampton,Nott'm Forest,Away,3,4,0,3.31,1.91,Rubén Sellés,permanent,0.3
2022/23,2023-05-13,Southampton,Fulham,Home,0,2,0,0.15,1.27,Rubén Sellés,permanent,0.2
2022/23,2023-05-21,Southampton,Brighton,Away,1,3,0,0.86,2.41,Rubén Sellés,permanent,0.2
2022/23,2023-05-28,Southampton,Liverpool,Home,4,4,1,1.34,4.0,Rubén Sellés,permanent,0.2
2024/25,2024-08-17,Southampton,Newcastle,Away,0,1,0,1.95,0.43,Russell Martin,appointed_outside_pl,0.2
2024/25,2024-08-24,Southampton,Nott'm Forest,Home,0,1,0,0.21,2.86,Russell Martin,appointed_outside_pl,0.2
2024/25,2024-08-31,Southampton,Brentford,Away,1,3,0,1.65,3.86,Russell Martin,appointed_outside_pl,0.2
2024/25,2024-09-14,Southampton,Man United,Home,0,3,0,1.36,3.03,Russell Martin,appointed_outside_pl,0.1
2024/25,2024-09-21,Southampton,Ipswich,Home,1,1,1,2.9,1.65,Russell Martin,appointed_outside_pl,0.2
2024/25,2024-09-30,Southampton,Bournemouth,Away,1,3,0,0.7,1.44,Russell Martin,appointed_outside_pl,0.2
2024/25,2024-10-05,Southampton,Arsenal,Away,1,3,0,1.27,3.25,Russell Martin,appointed_outside_pl,0.2
2024/25,2024-10-19,Southampton,Leicester,Home,2,3,0,2.43,2.84,Russell Martin,appointed_outside_pl,0.2
2024/25,2024-10-26,Southampton,Man City,Away,0,1,0,0.37,3.16,Russell Martin,appointed_outside_pl,0.2
2024/25,2024-11-02,Southampton,Everton,Home,1,0,3,0.54,1.79,Russell Martin,appointed_outside_pl,0.4
2024/25,2024-11-09,Southampton,Wolves,Away,0,2,0,0.79,0.91,Russell Martin,appointed_outside_pl,0.4
2024/25,2024-11-24,Southampton,Liverpool,Home,2,3,0,1.54,3.19,Russell Martin,appointed_outside_pl,0.4
2024/25,2024-11-29,Southampton,Brighton,Away,1,1,1,0.93,1.87,Russell Martin,appointed_outside_pl,0.5
2024/25,2024-12-04,Southampton,Chelsea,Home,1,5,0,1.91,5.83,Russell Martin,appointed_outside_pl,0.5
2024/25,2024-12-07,Southampton,Aston Villa,Away,0,1,0,0.39,2.51,Russell Martin,appointed_outside_pl,0.4
2024/25,2024-12-15,Southampton,Tottenham,Home,0,5,0,1.27,3.89,Russell Martin,appointed_outside_pl,0.4
2024/25,2024-12-22,Southampton,Fulham,Away,0,0,1,0.28,1.25,Simon Rusk,caretaker,0.5
2024/25,2024-12-26,Southampton,West Ham,Home,0,1,0,2.2,1.9,Ivan Juric,permanent,0.5
2024/25,2024-12-29,Southampton,Crystal Palace,Away,1,2,0,1.22,3.05,Ivan Juric,permanent,0.5
2024/25,2025-01-04,Southampton,Brentford,Home,0,5,0,0.25,5.55,Ivan Juric,permanent,0.2
2024/25,2025-01-16,Southampton,Man United,Away,1,3,0,1.37,3.11,Ivan Juric,permanent,0.2
2024/25,2025-01-19,Southampton,Nott'm Forest,Away,2,3,0,1.26,2.36,Ivan Juric,permanent,0.2
2024/25,2025-01-25,Southampton,Newcastle,Home,1,3,0,0.83,3.08,Ivan Juric,permanent,0.1
2024/25,2025-02-01,Southampton,Ipswich,Away,2,1,3,1.18,1.95,Ivan Juric,permanent,0.4
2024/25,2025-02-15,Southampton,Bournemouth,Home,1,3,0,0.97,2.09,Ivan Juric,permanent,0.4
2024/25,2025-02-22,Southampton,Brighton,Home,0,4,0,0.15,5.12,Ivan Juric,permanent,0.4
2024/25,2025-02-25,Southampton,Chelsea,Away,0,4,0,0.85,2.98,Ivan Juric,permanent,0.3
2024/25,2025-03-08,Southampton,Liverpool,Away,1,3,0,0.51,4.99,Ivan Juric,permanent,0.3
2024/25,2025-03-15,Southampton,Wolves,Home,1,2,0,1.28,0.54,Ivan Juric,permanent,0.3
2024/25,2025-04-02,Southampton,Crystal Palace,Home,1,1,1,0.69,0.94,Ivan Juric,permanent,0.4
2024/25,2025-04-06,Southampton,Tottenham,Away,1,3,0,0.78,2.65,Ivan Juric,permanent,0.4
2024/25,2025-04-12,Southampton,Aston Villa,Home,0,3,0,0.41,3.0,Simon Rusk,caretaker,0.4
2024/25,2025-04-19,Southampton,West Ham,Away,1,1,1,0.92,0.98,Simon Rusk,caretaker,0.5
2024/25,2025-04-26,Southampton,Fulham,Home,1,2,0,0.94,2.0,Simon Rusk,caretaker,0.2
2024/25,2025-05-03,Southampton,Leicester,Away,0,2,0,0.55,1.61,Simon Rusk,caretaker,0.2
2024/25,2025-05-10,Southampton,Man City,Home,0,0,1,0.14,1.58,Simon Rusk,caretaker,0.3
2024/25,2025-05-18,Southampton,Everton,Away,0,2,0,1.05,2.68,Simon Rusk,caretaker,0.3
2024/25,2025-05-25,Southampton,Arsenal,Home,1,2,0,0.6,2.41,Simon Rusk,caretaker,0.3
2014/15,2014-08-16,Stoke,Aston Villa,Home,0,1,0,0.42,0.91,Mark Hughes,first spell in data,
2014/15,2014-08-24,Stoke,Hull,Away,1,1,1,1.61,0.87,Mark Hughes,first spell in data,
2014/15,2014-08-30,Stoke,Man City,Away,1,0,3,0.3,0.89,Mark Hughes,first spell in data,
2014/15,2014-09-13,Stoke,Leicester,Home,0,1,0,1.65,0.6,Mark Hughes,first spell in data,
2014/15,2014-09-20,Stoke,QPR,Away,2,2,1,1.46,1.06,Mark Hughes,first spell in data,
2014/15,2014-09-29,Stoke,Newcastle,Home,1,0,3,1.56,1.14,Mark Hughes,first spell in data,
2014/15,2014-10-04,Stoke,Sunderland,Away,1,3,0,0.48,1.41,Mark Hughes,first spell in data,
2014/15,2014-10-19,Stoke,Swansea,Home,2,1,3,1.76,2.27,Mark Hughes,first spell in data,
2014/15,2014-10-25,Stoke,Southampton,Away,0,1,0,0.87,1.38,Mark Hughes,first spell in data,
2014/15,2014-11-01,Stoke,West Ham,Home,2,2,1,3.07,0.53,Mark Hughes,first spell in data,1.2
2014/15,2014-11-09,Stoke,Tottenham,Away,2,1,3,1.25,1.28,Mark Hughes,first spell in data,1.5
2014/15,2014-11-22,Stoke,Burnley,Home,1,2,0,1.94,1.28,Mark Hughes,first spell in data,1.4
2014/15,2014-11-29,Stoke,Liverpool,Away,0,1,0,0.88,1.71,Mark Hughes,first spell in data,1.1
2014/15,2014-12-02,Stoke,Man United,Away,1,2,0,1.29,1.91,Mark Hughes,first spell in data,1.1
2014/15,2014-12-06,Stoke,Arsenal,Home,3,2,3,2.5,2.02,Mark Hughes,first spell in data,1.3
2014/15,2014-12-13,Stoke,Crystal Palace,Away,1,1,1,0.9,0.5,Mark Hughes,first spell in data,1.1
2014/15,2014-12-22,Stoke,Chelsea,Home,0,2,0,0.41,1.45,Mark Hughes,first spell in data,1.1
2014/15,2014-12-26,Stoke,Everton,Away,1,0,3,1.4,1.01,Mark Hughes,first spell in data,1.1
2014/15,2014-12-28,Stoke,West Brom,Home,2,0,3,1.25,1.36,Mark Hughes,first spell in data,1.4
2014/15,2015-01-01,Stoke,Man United,Home,1,1,1,1.41,0.93,Mark Hughes,first spell in data,1.4
2014/15,2015-01-11,Stoke,Arsenal,Away,0,3,0,0.4,2.27,Mark Hughes,first spell in data,1.1
2014/15,2015-01-17,Stoke,Leicester,Away,1,0,3,0.72,0.38,Mark Hughes,first spell in data,1.4
2014/15,2015-01-31,Stoke,QPR,Home,3,1,3,0.78,1.12,Mark Hughes,first spell in data,1.7
2014/15,2015-02-08,Stoke,Newcastle,Away,1,1,1,0.22,0.79,Mark Hughes,first spell in data,1.8
2014/15,2015-02-11,Stoke,Man City,Home,1,4,0,0.75,2.14,Mark Hughes,first spell in data,1.5
2014/15,2015-02-21,Stoke,Aston Villa,Away,2,1,3,1.12,0.23,Mark Hughes,first spell in data,1.7
2014/15,2015-02-28,Stoke,Hull,Home,1,0,3,0.9,0.34,Mark Hughes,first spell in data,2.0
2014/15,2015-03-04,Stoke,Everton,Home,2,0,3,1.04,0.42,Mark Hughes,first spell in data,2.0
2014/15,2015-03-14,Stoke,West Brom,Away,0,1,0,0.2,0.96,Mark Hughes,first spell in data,1.7
2014/15,2015-03-21,Stoke,Crystal Palace,Home,1,2,0,2.08,2.15,Mark Hughes,first spell in data,1.6
2014/15,2015-04-04,Stoke,Chelsea,Away,1,2,0,0.28,3.29,Mark Hughes,first spell in data,1.6
2014/15,2015-04-11,Stoke,West Ham,Away,1,1,1,0.59,0.6,Mark Hughes,first spell in data,1.4
2014/15,2015-04-18,Stoke,Southampton,Home,2,1,3,2.26,1.36,Mark Hughes,first spell in data,1.4
2014/15,2015-04-25,Stoke,Sunderland,Home,1,1,1,2.15,2.18,Mark Hughes,first spell in data,1.4
2014/15,2015-05-02,Stoke,Swansea,Away,0,2,0,0.32,2.08,Mark Hughes,first spell in data,1.4
2014/15,2015-05-09,Stoke,Tottenham,Home,3,0,3,2.14,0.3,Mark Hughes,first spell in data,1.4
2014/15,2015-05-16,Stoke,Burnley,Away,0,0,1,1.76,0.91,Mark Hughes,first spell in data,1.2
2014/15,2015-05-24,Stoke,Liverpool,Home,6,1,3,2.16,1.02,Mark Hughes,first spell in data,1.2
2015/16,2015-08-09,Stoke,Liverpool,Home,0,1,0,0.38,0.33,Mark Hughes,first spell in data,1.2
2015/16,2015-08-15,Stoke,Tottenham,Away,2,2,1,2.81,1.71,Mark Hughes,first spell in data,1.3
2015/16,2015-08-22,Stoke,Norwich,Away,1,1,1,0.7,3.15,Mark Hughes,first spell in data,1.4
2015/16,2015-08-29,Stoke,West Brom,Home,0,1,0,1.22,0.88,Mark Hughes,first spell in data,1.3
2015/16,2015-09-12,Stoke,Arsenal,Away,0,2,0,0.19,4.43,Mark Hughes,first spell in data,1.0
2015/16,2015-09-19,Stoke,Leicester,Home,2,2,1,1.15,1.23,Mark Hughes,first spell in data,1.0
2015/16,2015-09-26,Stoke,Bournemouth,Home,2,1,3,1.94,0.87,Mark Hughes,first spell in data,1.3
2015/16,2015-10-03,Stoke,Aston Villa,Away,1,0,3,1.03,0.84,Mark Hughes,first spell in data,1.3
2015/16,2015-10-19,Stoke,Swansea,Away,1,0,3,1.65,0.49,Mark Hughes,first spell in data,1.5
2015/16,2015-10-24,Stoke,Watford,Home,0,2,0,0.85,1.04,Mark Hughes,first spell in data,1.2
2015/16,2015-10-31,Stoke,Newcastle,Away,0,0,1,1.38,1.26,Mark Hughes,first spell in data,1.3
2015/16,2015-11-07,Stoke,Chelsea,Home,1,0,3,0.83,1.03,Mark Hughes,first spell in data,1.5
2015/16,2015-11-21,Stoke,Southampton,Away,1,0,3,1.19,0.71,Mark Hughes,first spell in data,1.7
2015/16,2015-11-28,Stoke,Sunderland,Away,0,2,0,0.79,0.86,Mark Hughes,first spell in data,1.7
2015/16,2015-12-05,Stoke,Man City,Home,2,0,3,2.01,0.48,Mark Hughes,first spell in data,2.0
2015/16,2015-12-12,Stoke,West Ham,Away,0,0,1,1.87,1.13,Mark Hughes,first spell in data,2.0
2015/16,2015-12-19,Stoke,Crystal Palace,Home,1,2,0,2.41,1.95,Mark Hughes,first spell in data,1.7
2015/16,2015-12-26,Stoke,Man United,Home,2,0,3,1.18,1.29,Mark Hughes,first spell in data,1.7
2015/16,2015-12-28,Stoke,Everton,Away,4,3,3,1.58,2.25,Mark Hughes,first spell in data,1.7
2015/16,2016-01-02,Stoke,West Brom,Away,1,2,0,0.92,1.72,Mark Hughes,first spell in data,1.7
2015/16,2016-01-13,Stoke,Norwich,Home,3,1,3,1.24,0.19,Mark Hughes,first spell in data,1.9
2015/16,2016-01-17,Stoke,Arsenal,Home,0,0,1,0.55,0.59,Mark Hughes,first spell in data,1.7
2015/16,2016-01-23,Stoke,Leicester,Away,0,3,0,0.34,2.26,Mark Hughes,first spell in data,1.4
2015/16,2016-02-02,Stoke,Man United,Away,0,3,0,0.35,2.45,Mark Hughes,first spell in data,1.4
2015/16,2016-02-06,Stoke,Everton,Home,0,3,0,0.69,3.06,Mark Hughes,first spell in data,1.1
2015/16,2016-02-13,Stoke,Bournemouth,Away,3,1,3,0.93,1.19,Mark Hughes,first spell in data,1.3
2015/16,2016-02-27,Stoke,Aston Villa,Home,2,1,3,2.04,0.41,Mark Hughes,first spell in data,1.6
2015/16,2016-03-02,Stoke,Newcastle,Home,1,0,3,0.3,0.27,Mark Hughes,first spell in data,1.6
2015/16,2016-03-05,Stoke,Chelsea,Away,1,1,1,1.6,1.06,Mark Hughes,first spell in data,1.4
2015/16,2016-03-12,Stoke,Southampton,Home,1,2,0,1.07,0.87,Mark Hughes,first spell in data,1.4
2015/16,2016-03-19,Stoke,Watford,Away,2,1,3,1.58,0.88,Mark Hughes,first spell in data,1.4
2015/16,2016-04-02,Stoke,Swansea,Home,2,2,1,1.18,0.43,Mark Hughes,first spell in data,1.4
2015/16,2016-04-10,Stoke,Liverpool,Away,1,4,0,0.86,2.21,Mark Hughes,first spell in data,1.4
2015/16,2016-04-18,Stoke,Tottenham,Home,0,4,0,0.46,2.9,Mark Hughes,first spell in data,1.4
2015/16,2016-04-23,Stoke,Man City,Away,0,4,0,1.09,2.22,Mark Hughes,first spell in data,1.4
2015/16,2016-04-30,Stoke,Sunderland,Home,1,1,1,0.68,1.43,Mark Hughes,first spell in data,1.2
2015/16,2016-05-07,Stoke,Crystal Palace,Away,1,2,0,1.28,1.31,Mark Hughes,first spell in data,0.9
2015/16,2016-05-15,Stoke,West Ham,Home,2,1,3,0.29,2.94,Mark Hughes,first spell in data,0.9
2016/17,2016-08-13,Stoke,Middlesbrough,Away,1,1,1,0.49,1.81,Mark Hughes,first spell in data,0.9
2016/17,2016-08-20,Stoke,Man City,Home,1,4,0,1.31,2.17,Mark Hughes,first spell in data,0.9
2016/17,2016-08-27,Stoke,Everton,Away,0,1,0,0.19,2.32,Mark Hughes,first spell in data,0.6
2016/17,2016-09-10,Stoke,Tottenham,Home,0,4,0,1.02,2.77,Mark Hughes,first spell in data,0.5
2016/17,2016-09-18,Stoke,Crystal Palace,Away,1,4,0,1.2,1.31,Mark Hughes,first spell in data,0.5
2016/17,2016-09-24,Stoke,West Brom,Home,1,1,1,0.98,0.27,Mark Hughes,first spell in data,0.6
2016/17,2016-10-02,Stoke,Man United,Away,1,1,1,1.2,2.81,Mark Hughes,first spell in data,0.7
2016/17,2016-10-15,Stoke,Sunderland,Home,2,0,3,2.3,0.59,Mark Hughes,first spell in data,0.9
2016/17,2016-10-22,Stoke,Hull,Away,2,0,3,1.04,0.7,Mark Hughes,first spell in data,1.2
2016/17,2016-10-31,Stoke,Swansea,Home,3,1,3,2.16,1.1,Mark Hughes,first spell in data,1.2
2016/17,2016-11-05,Stoke,West Ham,Away,1,1,1,0.81,0.4,Mark Hughes,first spell in data,1.2
2016/17,2016-11-19,Stoke,Bournemouth,Home,0,1,0,1.6,1.24,Mark Hughes,first spell in data,1.2
2016/17,2016-11-27,Stoke,Watford,Away,1,0,3,0.7,0.54,Mark Hughes,first spell in data,1.5
2016/17,2016-12-03,Stoke,Burnley,Home,2,0,3,1.13,0.77,Mark Hughes,first spell in data,1.8
2016/17,2016-12-10,Stoke,Arsenal,Away,1,3,0,1.29,1.58,Mark Hughes,first spell in data,1.8
2016/17,2016-12-14,Stoke,Southampton,Home,0,0,1,0.33,0.72,Mark Hughes,first spell in data,1.8
2016/17,2016-12-17,Stoke,Leicester,Home,2,2,1,2.52,1.26,Mark Hughes,first spell in data,1.8
2016/17,2016-12-27,Stoke,Liverpool,Away,1,4,0,0.39,1.67,Mark Hughes,first spell in data,1.5
2016/17,2016-12-31,Stoke,Chelsea,Away,2,4,0,0.86,1.95,Mark Hughes,first spell in data,1.2
2016/17,2017-01-03,Stoke,Watford,Home,2,0,3,1.85,0.51,Mark Hughes,first spell in data,1.2
2016/17,2017-01-14,Stoke,Sunderland,Away,3,1,3,1.23,1.14,Mark Hughes,first spell in data,1.4
2016/17,2017-01-21,Stoke,Man United,Home,1,1,1,0.35,1.74,Mark Hughes,first spell in data,1.5
2016/17,2017-02-01,Stoke,Everton,Home,1,1,1,1.74,0.87,Mark Hughes,first spell in data,1.3
2016/17,2017-02-04,Stoke,West Brom,Away,0,1,0,1.11,1.85,Mark Hughes,first spell in data,1.0
2016/17,2017-02-11,Stoke,Crystal Palace,Home,1,0,3,0.72,0.2,Mark Hughes,first spell in data,1.3
2016/17,2017-02-26,Stoke,Tottenham,Away,0,4,0,0.74,1.89,Mark Hughes,first spell in data,1.2
2016/17,2017-03-04,Stoke,Middlesbrough,Home,2,0,3,2.98,0.27,Mark Hughes,first spell in data,1.4
2016/17,2017-03-08,Stoke,Man City,Away,0,0,1,0.34,1.3,Mark Hughes,first spell in data,1.5
2016/17,2017-03-18,Stoke,Chelsea,Home,1,2,0,0.95,1.96,Mark Hughes,first spell in data,1.5
2016/17,2017-04-01,Stoke,Leicester,Away,0,2,0,1.37,1.97,Mark Hughes,first spell in data,1.2
2016/17,2017-04-04,Stoke,Burnley,Away,0,1,0,1.17,0.35,Mark Hughes,first spell in data,0.9
2016/17,2017-04-08,Stoke,Liverpool,Home,1,2,0,2.14,1.02,Mark Hughes,first spell in data,0.8
2016/17,2017-04-15,Stoke,Hull,Home,3,1,3,2.02,1.18,Mark Hughes,first spell in data,1.0
2016/17,2017-04-22,Stoke,Swansea,Away,0,2,0,1.69,0.48,Mark Hughes,first spell in data,1.0
2016/17,2017-04-29,Stoke,West Ham,Home,0,0,1,1.36,0.65,Mark Hughes,first spell in data,0.8
2016/17,2017-05-06,Stoke,Bournemouth,Away,2,2,1,2.3,1.31,Mark Hughes,first spell in data,0.9
2016/17,2017-05-13,Stoke,Arsenal,Home,1,4,0,1.3,2.64,Mark Hughes,first spell in data,0.6
2016/17,2017-05-21,Stoke,Southampton,Away,1,0,3,0.98,1.36,Mark Hughes,first spell in data,0.8
2017/18,2017-08-12,Stoke,Everton,Away,0,1,0,0.28,0.72,Mark Hughes,first spell in data,0.8
2017/18,2017-08-19,Stoke,Arsenal,Home,1,0,3,0.69,1.41,Mark Hughes,first spell in data,1.1
2017/18,2017-08-27,Stoke,West Brom,Away,1,1,1,0.98,0.88,Mark Hughes,first spell in data,1.2
2017/18,2017-09-09,Stoke,Man United,Home,2,2,1,1.5,1.97,Mark Hughes,first spell in data,1.3
2017/18,2017-09-16,Stoke,Newcastle,Away,1,2,0,0.68,2.66,Mark Hughes,first spell in data,1.0
2017/18,2017-09-23,Stoke,Chelsea,Home,0,4,0,0.6,1.6,Mark Hughes,first spell in data,1.0
2017/18,2017-09-30,Stoke,Southampton,Home,2,1,3,2.68,1.43,Mark Hughes,first spell in data,1.2
2017/18,2017-10-14,Stoke,Man City,Away,2,7,0,0.68,4.45,Mark Hughes,first spell in data,1.1
2017/18,2017-10-21,Stoke,Bournemouth,Home,1,2,0,1.6,1.12,Mark Hughes,first spell in data,1.1
2017/18,2017-10-28,Stoke,Watford,Away,1,0,3,0.78,1.13,Mark Hughes,first spell in data,1.1
2017/18,2017-11-04,Stoke,Leicester,Home,2,2,1,1.23,1.4,Mark Hughes,first spell in data,1.2
2017/18,2017-11-20,Stoke,Brighton,Away,2,2,1,1.21,0.49,Mark Hughes,first spell in data,1.0
2017/18,2017-11-25,Stoke,Crystal Palace,Away,1,2,0,0.63,1.48,Mark Hughes,first spell in data,0.9
2017/18,2017-11-29,Stoke,Liverpool,Home,0,3,0,0.85,2.59,Mark Hughes,first spell in data,0.8
2017/18,2017-12-02,Stoke,Swansea,Home,2,1,3,1.25,0.32,Mark Hughes,first spell in data,1.1
2017/18,2017-12-09,Stoke,Tottenham,Away,1,5,0,0.75,4.02,Mark Hughes,first spell in data,1.1
2017/18,2017-12-12,Stoke,Burnley,Away,0,1,0,0.92,0.36,Mark Hughes,first spell in data,0.8
2017/18,2017-12-16,Stoke,West Ham,Home,0,3,0,0.98,3.08,Mark Hughes,first spell in data,0.8
2017/18,2017-12-23,Stoke,West Brom,Home,3,1,3,1.8,2.05,Mark Hughes,first spell in data,1.1
2017/18,2017-12-26,Stoke,Huddersfield,Away,1,1,1,1.2,1.88,Mark Hughes,first spell in data,0.9
2017/18,2017-12-30,Stoke,Chelsea,Away,0,5,0,0.28,3.1,Mark Hughes,first spell in data,0.8
2017/18,2018-01-01,Stoke,Newcastle,Home,0,1,0,1.5,2.02,Mark Hughes,first spell in data,0.7
2017/18,2018-01-15,Stoke,Man United,Away,0,3,0,1.48,1.95,Eddie Niedzwiecki,caretaker,0.7
2017/18,2018-01-20,Stoke,Huddersfield,Home,2,0,3,0.99,0.24,Paul Lambert,permanent,1.0
2017/18,2018-01-31,Stoke,Watford,Home,0,0,1,0.72,0.74,Paul Lambert,permanent,0.8
2017/18,2018-02-03,Stoke,Bournemouth,Away,1,2,0,0.72,1.91,Paul Lambert,permanent,0.8
2017/18,2018-02-10,Stoke,Brighton,Home,1,1,1,1.4,0.9,Paul Lambert,permanent,0.9
2017/18,2018-02-24,Stoke,Leicester,Away,1,1,1,0.17,1.12,Paul Lambert,permanent,1.0
2017/18,2018-03-03,Stoke,Southampton,Away,0,0,1,0.39,0.98,Paul Lambert,permanent,0.8
2017/18,2018-03-12,Stoke,Man City,Home,0,2,0,0.16,1.65,Paul Lambert,permanent,0.7
2017/18,2018-03-17,Stoke,Everton,Home,1,2,0,0.89,2.98,Paul Lambert,permanent,0.7
2017/18,2018-04-01,Stoke,Arsenal,Away,0,3,0,0.34,3.57,Paul Lambert,permanent,0.7
2017/18,2018-04-07,Stoke,Tottenham,Home,1,2,0,1.4,1.8,Paul Lambert,permanent,0.7
2017/18,2018-04-16,Stoke,West Ham,Away,1,1,1,1.41,0.81,Paul Lambert,permanent,0.5
2017/18,2018-04-22,Stoke,Burnley,Home,1,1,1,0.36,1.61,Paul Lambert,permanent,0.5
2017/18,2018-04-28,Stoke,Liverpool,Away,0,0,1,0.78,2.12,Paul Lambert,permanent,0.6
2017/18,2018-05-05,Stoke,Crystal Palace,Home,1,2,0,0.75,1.31,Paul Lambert,permanent,0.5
2017/18,2018-05-13,Stoke,Swansea,Away,2,1,3,1.75,1.71,Paul Lambert,permanent,0.7
2014/15,2014-08-16,Sunderland,West Brom,Away,2,2,1,0.99,1.68,Gustavo Poyet,first spell in data,
2014/15,2014-08-24,Sunderland,Man United,Home,1,1,1,0.67,0.94,Gustavo Poyet,first spell in data,
2014/15,2014-08-30,Sunderland,QPR,Away,0,1,0,0.96,1.27,Gustavo Poyet,first spell in data,
2014/15,2014-09-13,Sunderland,Tottenham,Home,2,2,1,0.34,2.04,Gustavo Poyet,first spell in data,
2014/15,2014-09-20,Sunderland,Burnley,Away,0,0,1,0.64,0.71,Gustavo Poyet,first spell in data,
2014/15,2014-09-27,Sunderland,Swansea,Home,0,0,1,1.4,0.16,Gustavo Poyet,first spell in data,
2014/15,2014-10-04,Sunderland,Stoke,Home,3,1,3,1.41,0.48,Gustavo Poyet,first spell in data,
2014/15,2014-10-18,Sunderland,Southampton,Away,0,8,0,0.92,3.71,Gustavo Poyet,first spell in data,
2014/15,2014-10-25,Sunderland,Arsenal,Home,0,2,0,0.44,1.47,Gustavo Poyet,first spell in data,
2014/15,2014-11-03,Sunderland,Crystal Palace,Away,3,1,3,0.73,0.77,Gustavo Poyet,first spell in data,1.1
2014/15,2014-11-09,Sunderland,Everton,Home,1,1,1,0.51,1.32,Gustavo Poyet,first spell in data,1.1
2014/15,2014-11-22,Sunderland,Leicester,Away,0,0,1,0.89,0.69,Gustavo Poyet,first spell in data,1.1
2014/15,2014-11-29,Sunderland,Chelsea,Home,0,0,1,1.03,0.76,Gustavo Poyet,first spell in data,1.2
2014/15,2014-12-03,Sunderland,Man City,Home,1,4,0,0.41,1.04,Gustavo Poyet,first spell in data,1.1
2014/15,2014-12-06,Sunderland,Liverpool,Away,0,0,1,0.27,0.66,Gustavo Poyet,first spell in data,1.1
2014/15,2014-12-13,Sunderland,West Ham,Home,1,1,1,1.34,0.87,Gustavo Poyet,first spell in data,1.1
2014/15,2014-12-21,Sunderland,Newcastle,Away,1,0,3,2.18,0.9,Gustavo Poyet,first spell in data,1.1
2014/15,2014-12-26,Sunderland,Hull,Home,1,3,0,1.36,0.86,Gustavo Poyet,first spell in data,1.1
2014/15,2014-12-28,Sunderland,Aston Villa,Away,0,0,1,0.85,0.65,Gustavo Poyet,first spell in data,1.2
2014/15,2015-01-01,Sunderland,Man City,Away,2,3,0,0.98,3.63,Gustavo Poyet,first spell in data,0.9
2014/15,2015-01-10,Sunderland,Liverpool,Home,0,1,0,0.25,2.16,Gustavo Poyet,first spell in data,0.8
2014/15,2015-01-17,Sunderland,Tottenham,Away,1,2,0,1.2,0.93,Gustavo Poyet,first spell in data,0.7
2014/15,2015-01-31,Sunderland,Burnley,Home,2,0,3,1.9,1.35,Gustavo Poyet,first spell in data,0.9
2014/15,2015-02-07,Sunderland,Swansea,Away,1,1,1,0.14,1.86,Gustavo Poyet,first spell in data,1.0
2014/15,2015-02-10,Sunderland,QPR,Home,0,2,0,1.81,1.27,Gustavo Poyet,first spell in data,0.9
2014/15,2015-02-21,Sunderland,West Brom,Home,0,0,1,0.7,0.11,Gustavo Poyet,first spell in data,0.9
2014/15,2015-02-28,Sunderland,Man United,Away,0,2,0,0.27,3.04,Gustavo Poyet,first spell in data,0.6
2014/15,2015-03-03,Sunderland,Hull,Away,1,1,1,1.23,1.39,Gustavo Poyet,first spell in data,0.7
2014/15,2015-03-14,Sunderland,Aston Villa,Home,0,4,0,0.47,1.5,Gustavo Poyet,first spell in data,0.6
2014/15,2015-03-21,Sunderland,West Ham,Away,0,1,0,0.54,1.0,Dick Advocaat,permanent,0.6
2014/15,2015-04-05,Sunderland,Newcastle,Home,1,0,3,0.83,0.8,Dick Advocaat,permanent,0.9
2014/15,2015-04-11,Sunderland,Crystal Palace,Home,1,4,0,0.62,2.35,Dick Advocaat,permanent,0.9
2014/15,2015-04-25,Sunderland,Stoke,Away,1,1,1,2.18,2.15,Dick Advocaat,permanent,0.7
2014/15,2015-05-02,Sunderland,Southampton,Home,2,1,3,1.98,0.91,Dick Advocaat,permanent,0.9
2014/15,2015-05-09,Sunderland,Everton,Away,2,0,3,1.2,1.14,Dick Advocaat,permanent,1.2
2014/15,2015-05-16,Sunderland,Leicester,Home,0,0,1,0.94,0.68,Dick Advocaat,permanent,1.2
2014/15,2015-05-20,Sunderland,Arsenal,Away,0,0,1,1.5,1.69,Dick Advocaat,permanent,1.3
2014/15,2015-05-24,Sunderland,Chelsea,Away,1,3,0,1.39,2.53,Dick Advocaat,permanent,1.2
2015/16,2015-08-08,Sunderland,Leicester,Away,2,4,0,1.46,2.57,Dick Advocaat,permanent,1.2
2015/16,2015-08-15,Sunderland,Norwich,Home,1,3,0,0.33,1.72,Dick Advocaat,permanent,1.2
2015/16,2015-08-22,Sunderland,Swansea,Home,1,1,1,0.57,1.56,Dick Advocaat,permanent,1.0
2015/16,2015-08-29,Sunderland,Aston Villa,Away,2,2,1,0.37,2.27,Dick Advocaat,permanent,1.1
2015/16,2015-09-13,Sunderland,Tottenham,Home,0,1,0,1.04,1.46,Dick Advocaat,permanent,1.0
2015/16,2015-09-19,Sunderland,Bournemouth,Away,0,2,0,0.85,0.64,Dick Advocaat,permanent,0.7
2015/16,2015-09-26,Sunderland,Man United,Away,0,3,0,0.83,2.9,Dick Advocaat,permanent,0.4
2015/16,2015-10-03,Sunderland,West Ham,Home,2,2,1,1.08,1.94,Dick Advocaat,permanent,0.4
2015/16,2015-10-17,Sunderland,West Brom,Away,0,1,0,0.66,2.08,Sam Allardyce,permanent,0.3
2015/16,2015-10-25,Sunderland,Newcastle,Home,3,0,3,2.38,1.42,Sam Allardyce,permanent,0.6
2015/16,2015-11-01,Sunderland,Everton,Away,2,6,0,1.22,2.35,Sam Allardyce,permanent,0.6
2015/16,2015-11-07,Sunderland,Southampton,Home,0,1,0,0.3,1.8,Sam Allardyce,permanent,0.6
2015/16,2015-11-23,Sunderland,Crystal Palace,Away,1,0,3,1.31,0.7,Sam Allardyce,permanent,0.8
2015/16,2015-11-28,Sunderland,Stoke,Home,2,0,3,0.86,0.79,Sam Allardyce,permanent,1.0
2015/16,2015-12-05,Sunderland,Arsenal,Away,1,3,0,1.52,2.3,Sam Allardyce,permanent,1.0
2015/16,2015-12-12,Sunderland,Watford,Home,0,1,0,0.88,2.06,Sam Allardyce,permanent,1.0
2015/16,2015-12-19,Sunderland,Chelsea,Away,1,3,0,1.24,3.02,Sam Allardyce,permanent,1.0
2015/16,2015-12-26,Sunderland,Man City,Away,1,4,0,1.08,3.52,Sam Allardyce,permanent,0.9
2015/16,2015-12-30,Sunderland,Liverpool,Home,0,1,0,0.48,1.81,Sam Allardyce,permanent,0.9
2015/16,2016-01-02,Sunderland,Aston Villa,Home,3,1,3,0.76,0.28,Sam Allardyce,permanent,0.9
2015/16,2016-01-13,Sunderland,Swansea,Away,4,2,3,2.49,1.07,Sam Allardyce,permanent,1.2
2015/16,2016-01-16,Sunderland,Tottenham,Away,1,4,0,0.62,2.03,Sam Allardyce,permanent,1.2
2015/16,2016-01-23,Sunderland,Bournemouth,Home,1,1,1,0.61,1.27,Sam Allardyce,permanent,1.0
2015/16,2016-02-02,Sunderland,Man City,Home,0,1,0,0.89,0.64,Sam Allardyce,permanent,0.7
2015/16,2016-02-06,Sunderland,Liverpool,Away,2,2,1,0.49,1.58,Sam Allardyce,permanent,0.8
2015/16,2016-02-13,Sunderland,Man United,Home,2,1,3,1.48,0.91,Sam Allardyce,permanent,1.1
2015/16,2016-02-27,Sunderland,West Ham,Away,0,1,0,1.08,0.52,Sam Allardyce,permanent,1.1
2015/16,2016-03-01,Sunderland,Crystal Palace,Home,2,2,1,0.93,0.89,Sam Allardyce,permanent,1.2
2015/16,2016-03-05,Sunderland,Southampton,Away,1,1,1,1.32,1.55,Sam Allardyce,permanent,1.3
2015/16,2016-03-20,Sunderland,Newcastle,Away,1,1,1,0.79,0.94,Sam Allardyce,permanent,1.1
2015/16,2016-04-02,Sunderland,West Brom,Home,0,0,1,1.55,0.06,Sam Allardyce,permanent,0.9
2015/16,2016-04-10,Sunderland,Leicester,Home,0,2,0,0.87,2.6,Sam Allardyce,permanent,0.9
2015/16,2016-04-16,Sunderland,Norwich,Away,3,0,3,2.0,1.09,Sam Allardyce,permanent,1.1
2015/16,2016-04-24,Sunderland,Arsenal,Home,0,0,1,0.62,0.97,Sam Allardyce,permanent,1.2
2015/16,2016-04-30,Sunderland,Stoke,Away,1,1,1,1.43,0.68,Sam Allardyce,permanent,1.2
2015/16,2016-05-07,Sunderland,Chelsea,Home,3,2,3,0.77,1.78,Sam Allardyce,permanent,1.2
2015/16,2016-05-11,Sunderland,Everton,Home,3,0,3,2.45,1.17,Sam Allardyce,permanent,1.5
2015/16,2016-05-15,Sunderland,Watford,Away,2,2,1,0.91,1.95,Sam Allardyce,permanent,1.5
2016/17,2016-08-13,Sunderland,Man City,Away,1,2,0,1.1,1.95,David Moyes,permanent,1.4
2016/17,2016-08-21,Sunderland,Middlesbrough,Home,1,2,0,1.46,0.85,David Moyes,permanent,1.3
2016/17,2016-08-27,Sunderland,Southampton,Away,1,1,1,1.39,0.61,David Moyes,permanent,1.3
2016/17,2016-09-12,Sunderland,Everton,Home,0,3,0,1.04,2.85,David Moyes,permanent,1.3
2016/17,2016-09-18,Sunderland,Tottenham,Away,0,1,0,0.96,2.53,David Moyes,permanent,1.0
2016/17,2016-09-24,Sunderland,Crystal Palace,Home,2,3,0,1.51,1.79,David Moyes,permanent,0.9
2016/17,2016-10-01,Sunderland,West Brom,Home,1,1,1,1.19,0.88,David Moyes,permanent,0.9
2016/17,2016-10-15,Sunderland,Stoke,Away,0,2,0,0.59,2.3,David Moyes,permanent,0.6
2016/17,2016-10-22,Sunderland,West Ham,Away,0,1,0,0.81,1.2,David Moyes,permanent,0.3
2016/17,2016-10-29,Sunderland,Arsenal,Home,1,4,0,0.85,2.48,David Moyes,permanent,0.2
2016/17,2016-11-05,Sunderland,Bournemouth,Away,2,1,3,1.14,2.65,David Moyes,permanent,0.5
2016/17,2016-11-19,Sunderland,Hull,Home,3,0,3,0.95,1.25,David Moyes,permanent,0.8
2016/17,2016-11-26,Sunderland,Liverpool,Away,0,2,0,0.29,2.02,David Moyes,permanent,0.7
2016/17,2016-12-03,Sunderland,Leicester,Home,2,1,3,1.43,1.14,David Moyes,permanent,1.0
2016/17,2016-12-10,Sunderland,Swansea,Away,0,3,0,0.67,2.18,David Moyes,permanent,1.0
2016/17,2016-12-14,Sunderland,Chelsea,Home,0,1,0,0.47,1.22,David Moyes,permanent,1.0
2016/17,2016-12-17,Sunderland,Watford,Home,1,0,3,1.14,1.08,David Moyes,permanent,1.2
2016/17,2016-12-26,Sunderland,Man United,Away,1,3,0,0.49,2.32,David Moyes,permanent,1.2
2016/17,2016-12-31,Sunderland,Burnley,Away,1,4,0,0.47,2.72,David Moyes,permanent,1.2
2016/17,2017-01-02,Sunderland,Liverpool,Home,2,2,1,1.91,2.33,David Moyes,permanent,1.3
2016/17,2017-01-14,Sunderland,Stoke,Home,1,3,0,1.14,1.23,David Moyes,permanent,1.0
2016/17,2017-01-21,Sunderland,West Brom,Away,0,2,0,0.44,1.33,David Moyes,permanent,0.7
2016/17,2017-01-31,Sunderland,Tottenham,Home,0,0,1,0.23,0.68,David Moyes,permanent,0.8
2016/17,2017-02-04,Sunderland,Crystal Palace,Away,4,0,3,0.84,2.46,David Moyes,permanent,0.8
2016/17,2017-02-11,Sunderland,Southampton,Home,0,4,0,0.2,1.73,David Moyes,permanent,0.8
2016/17,2017-02-25,Sunderland,Everton,Away,0,2,0,0.51,1.7,David Moyes,permanent,0.8
2016/17,2017-03-05,Sunderland,Man City,Home,0,2,0,0.74,2.48,David Moyes,permanent,0.5
2016/17,2017-03-18,Sunderland,Burnley,Home,0,0,1,1.03,1.19,David Moyes,permanent,0.6
2016/17,2017-04-01,Sunderland,Watford,Away,0,1,0,0.35,1.96,David Moyes,permanent,0.6
2016/17,2017-04-04,Sunderland,Leicester,Away,0,2,0,0.7,0.93,David Moyes,permanent,0.5
2016/17,2017-04-09,Sunderland,Man United,Home,0,3,0,0.98,1.69,David Moyes,permanent,0.5
2016/17,2017-04-15,Sunderland,West Ham,Home,2,2,1,1.14,1.43,David Moyes,permanent,0.6
2016/17,2017-04-26,Sunderland,Middlesbrough,Away,0,1,0,0.45,0.83,David Moyes,permanent,0.5
2016/17,2017-04-29,Sunderland,Bournemouth,Home,0,1,0,1.67,1.53,David Moyes,permanent,0.2
2016/17,2017-05-06,Sunderland,Hull,Away,2,0,3,1.96,1.22,David Moyes,permanent,0.5
2016/17,2017-05-13,Sunderland,Swansea,Home,0,2,0,1.04,0.34,David Moyes,permanent,0.5
2016/17,2017-05-16,Sunderland,Arsenal,Away,0,2,0,0.27,3.84,David Moyes,permanent,0.5
2016/17,2017-05-21,Sunderland,Chelsea,Away,1,5,0,0.69,2.74,David Moyes,permanent,0.4
2025/26,2025-08-16,Sunderland,West Ham,Home,3,0,3,0.72,0.56,Régis Le Bris,appointed_outside_pl,0.7
2025/26,2025-08-23,Sunderland,Burnley,Away,0,2,0,1.12,1.0,Régis Le Bris,appointed_outside_pl,0.7
2025/26,2025-08-30,Sunderland,Brentford,Home,2,1,3,1.57,1.45,Régis Le Bris,appointed_outside_pl,1.0
2025/26,2025-09-13,Sunderland,Crystal Palace,Away,0,0,1,0.35,1.76,Régis Le Bris,appointed_outside_pl,1.0
2025/26,2025-09-21,Sunderland,Aston Villa,Home,1,1,1,0.94,0.94,Régis Le Bris,appointed_outside_pl,1.1
2025/26,2025-09-27,Sunderland,Nott'm Forest,Away,1,0,3,1.94,1.42,Régis Le Bris,appointed_outside_pl,1.4
2025/26,2025-10-04,Sunderland,Man United,Away,0,2,0,0.81,1.93,Régis Le Bris,appointed_outside_pl,1.1
2025/26,2025-10-18,Sunderland,Wolves,Home,2,0,3,1.02,0.68,Régis Le Bris,appointed_outside_pl,1.4
2025/26,2025-10-25,Sunderland,Chelsea,Away,2,1,3,1.55,1.21,Régis Le Bris,appointed_outside_pl,1.7
2025/26,2025-11-03,Sunderland,Everton,Home,1,1,1,1.18,1.01,Régis Le Bris,appointed_outside_pl,1.8
2025/26,2025-11-08,Sunderland,Arsenal,Home,2,2,1,1.2,2.33,Régis Le Bris,appointed_outside_pl,1.6
2025/26,2025-11-22,Sunderland,Fulham,Away,0,1,0,0.22,2.84,Régis Le Bris,appointed_outside_pl,1.6
2025/26,2025-11-29,Sunderland,Bournemouth,Home,3,2,3,1.17,1.79,Régis Le Bris,appointed_outside_pl,1.6
2025/26,2025-12-03,Sunderland,Liverpool,Away,1,1,1,0.71,1.38,Régis Le Bris,appointed_outside_pl,1.6
2025/26,2025-12-06,Sunderland,Man City,Away,0,3,0,0.63,2.42,Régis Le Bris,appointed_outside_pl,1.5
2025/26,2025-12-14,Sunderland,Newcastle,Home,1,0,3,0.63,0.17,Régis Le Bris,appointed_outside_pl,1.5
2025/26,2025-12-20,Sunderland,Brighton,Away,0,0,1,1.31,0.92,Régis Le Bris,appointed_outside_pl,1.6
2025/26,2025-12-28,Sunderland,Leeds,Home,1,1,1,0.81,2.61,Régis Le Bris,appointed_outside_pl,1.4
2025/26,2026-01-01,Sunderland,Man City,Home,0,0,1,0.96,2.44,Régis Le Bris,appointed_outside_pl,1.2
2025/26,2026-01-04,Sunderland,Tottenham,Away,1,1,1,0.47,1.42,Régis Le Bris,appointed_outside_pl,1.2
2025/26,2026-01-07,Sunderland,Brentford,Away,0,3,0,1.51,3.86,Régis Le Bris,appointed_outside_pl,1.1
2025/26,2026-01-17,Sunderland,Crystal Palace,Home,2,1,3,1.85,1.15,Régis Le Bris,appointed_outside_pl,1.4
2025/26,2026-01-24,Sunderland,West Ham,Away,1,3,0,0.71,2.19,Régis Le Bris,appointed_outside_pl,1.1
2025/26,2026-02-02,Sunderland,Burnley,Home,3,0,3,1.89,0.13,Régis Le Bris,appointed_outside_pl,1.3
2025/26,2026-02-07,Sunderland,Arsenal,Away,0,3,0,0.43,1.19,Régis Le Bris,appointed_outside_pl,1.3
2025/26,2026-02-11,Sunderland,Liverpool,Home,0,1,0,0.69,3.08,Régis Le Bris,appointed_outside_pl,1.0
2025/26,2026-02-22,Sunderland,Fulham,Home,1,3,0,1.76,2.17,Régis Le Bris,appointed_outside_pl,0.9
2025/26,2026-02-28,Sunderland,Bournemouth,Away,1,1,1,1.08,1.82,Régis Le Bris,appointed_outside_pl,0.9
2025/26,2026-03-03,Sunderland,Leeds,Away,1,0,3,0.84,0.89,Régis Le Bris,appointed_outside_pl,1.1
2025/26,2026-03-14,Sunderland,Brighton,Home,0,1,0,0.66,1.13,Régis Le Bris,appointed_outside_pl,1.0
2025/26,2026-03-22,Sunderland,Newcastle,Away,2,1,3,2.67,1.27,Régis Le Bris,appointed_outside_pl,1.3
2025/26,2026-04-12,Sunderland,Tottenham,Home,1,0,3,1.78,1.02,Régis Le Bris,appointed_outside_pl,1.3
2025/26,2026-04-19,Sunderland,Aston Villa,Away,3,4,0,1.56,3.9,Régis Le Bris,appointed_outside_pl,1.3
2025/26,2026-04-24,Sunderland,Nott'm Forest,Home,0,5,0,0.61,1.54,Régis Le Bris,appointed_outside_pl,1.0
2025/26,2026-05-02,Sunderland,Wolves,Away,1,1,1,0.92,1.96,Régis Le Bris,appointed_outside_pl,1.1
2025/26,2026-05-09,Sunderland,Man United,Home,0,0,1,1.24,0.54,Régis Le Bris,appointed_outside_pl,1.2
2025/26,2026-05-17,Sunderland,Everton,Away,3,1,3,1.28,1.32,Régis Le Bris,appointed_outside_pl,1.5
2025/26,2026-05-24,Sunderland,Chelsea,Home,2,1,3,2.33,0.92,Régis Le Bris,appointed_outside_pl,1.7
2014/15,2014-08-16,Swansea,Man United,Away,2,1,3,0.28,1.17,Garry Monk,first spell in data,
2014/15,2014-08-23,Swansea,Burnley,Home,1,0,3,0.91,0.84,Garry Monk,first spell in data,
2014/15,2014-08-30,Swansea,West Brom,Home,3,0,3,2.03,0.7,Garry Monk,first spell in data,
2014/15,2014-09-13,Swansea,Chelsea,Away,2,4,0,1.02,3.57,Garry Monk,first spell in data,
2014/15,2014-09-20,Swansea,Southampton,Home,0,1,0,0.52,0.75,Garry Monk,first spell in data,
2014/15,2014-09-27,Swansea,Sunderland,Away,0,0,1,0.16,1.4,Garry Monk,first spell in data,
2014/15,2014-10-04,Swansea,Newcastle,Home,2,2,1,1.55,1.19,Garry Monk,first spell in data,
2014/15,2014-10-19,Swansea,Stoke,Away,1,2,0,2.27,1.76,Garry Monk,first spell in data,
2014/15,2014-10-25,Swansea,Leicester,Home,2,0,3,1.06,0.77,Garry Monk,first spell in data,
2014/15,2014-11-01,Swansea,Everton,Away,0,0,1,0.69,1.15,Garry Monk,first spell in data,1.5
2014/15,2014-11-09,Swansea,Arsenal,Home,2,1,3,0.52,1.78,Garry Monk,first spell in data,1.5
2014/15,2014-11-22,Swansea,Man City,Away,1,2,0,0.96,2.26,Garry Monk,first spell in data,1.2
2014/15,2014-11-29,Swansea,Crystal Palace,Home,1,1,1,1.46,1.51,Garry Monk,first spell in data,1.0
2014/15,2014-12-02,Swansea,QPR,Home,2,0,3,1.54,0.79,Garry Monk,first spell in data,1.3
2014/15,2014-12-07,Swansea,West Ham,Away,1,3,0,1.0,2.12,Garry Monk,first spell in data,1.3
2014/15,2014-12-14,Swansea,Tottenham,Home,1,2,0,1.68,0.73,Garry Monk,first spell in data,1.2
2014/15,2014-12-20,Swansea,Hull,Away,1,0,3,1.45,0.83,Garry Monk,first spell in data,1.4
2014/15,2014-12-26,Swansea,Aston Villa,Home,1,0,3,0.6,1.42,Garry Monk,first spell in data,1.7
2014/15,2014-12-29,Swansea,Liverpool,Away,1,4,0,1.0,3.28,Garry Monk,first spell in data,1.4
2014/15,2015-01-01,Swansea,QPR,Away,1,1,1,1.7,3.16,Garry Monk,first spell in data,1.4
2014/15,2015-01-10,Swansea,West Ham,Home,1,1,1,1.55,0.73,Garry Monk,first spell in data,1.2
2014/15,2015-01-17,Swansea,Chelsea,Home,0,5,0,0.21,3.2,Garry Monk,first spell in data,1.2
2014/15,2015-02-01,Swansea,Southampton,Away,1,0,3,0.26,1.63,Garry Monk,first spell in data,1.4
2014/15,2015-02-07,Swansea,Sunderland,Home,1,1,1,1.86,0.14,Garry Monk,first spell in data,1.2
2014/15,2015-02-11,Swansea,West Brom,Away,0,2,0,0.44,0.69,Garry Monk,first spell in data,1.2
2014/15,2015-02-21,Swansea,Man United,Home,2,1,3,1.04,1.47,Garry Monk,first spell in data,1.5
2014/15,2015-02-28,Swansea,Burnley,Away,1,0,3,1.41,0.9,Garry Monk,first spell in data,1.5
2014/15,2015-03-04,Swansea,Tottenham,Away,2,3,0,0.71,2.13,Garry Monk,first spell in data,1.2
2014/15,2015-03-16,Swansea,Liverpool,Home,0,1,0,0.44,1.7,Garry Monk,first spell in data,1.2
2014/15,2015-03-21,Swansea,Aston Villa,Away,1,0,3,1.9,0.76,Garry Monk,first spell in data,1.4
2014/15,2015-04-04,Swansea,Hull,Home,3,1,3,1.5,0.92,Garry Monk,first spell in data,1.6
2014/15,2015-04-11,Swansea,Everton,Home,1,1,1,1.1,0.84,Garry Monk,first spell in data,1.7
2014/15,2015-04-18,Swansea,Leicester,Away,0,2,0,0.87,2.57,Garry Monk,first spell in data,1.4
2014/15,2015-04-25,Swansea,Newcastle,Away,3,2,3,1.59,1.55,Garry Monk,first spell in data,1.6
2014/15,2015-05-02,Swansea,Stoke,Home,2,0,3,2.08,0.32,Garry Monk,first spell in data,1.9
2014/15,2015-05-11,Swansea,Arsenal,Away,1,0,3,0.35,1.88,Garry Monk,first spell in data,1.9
2014/15,2015-05-17,Swansea,Man City,Home,2,4,0,1.06,2.28,Garry Monk,first spell in data,1.6
2014/15,2015-05-24,Swansea,Crystal Palace,Away,0,1,0,0.12,1.08,Garry Monk,first spell in data,1.6
2015/16,2015-08-08,Swansea,Chelsea,Away,2,2,1,2.59,0.64,Garry Monk,first spell in data,1.7
2015/16,2015-08-15,Swansea,Newcastle,Home,2,0,3,1.97,0.11,Garry Monk,first spell in data,1.7
2015/16,2015-08-22,Swansea,Sunderland,Away,1,1,1,1.56,0.57,Garry Monk,first spell in data,1.5
2015/16,2015-08-30,Swansea,Man United,Home,2,1,3,0.97,1.28,Garry Monk,first spell in data,1.7
2015/16,2015-09-12,Swansea,Watford,Away,0,1,0,0.5,1.57,Garry Monk,first spell in data,1.7
2015/16,2015-09-19,Swansea,Everton,Home,0,0,1,0.86,1.77,Garry Monk,first spell in data,1.5
2015/16,2015-09-26,Swansea,Southampton,Away,1,3,0,1.42,1.55,Garry Monk,first spell in data,1.2
2015/16,2015-10-04,Swansea,Tottenham,Home,2,2,1,0.77,1.18,Garry Monk,first spell in data,1.0
2015/16,2015-10-19,Swansea,Stoke,Home,0,1,0,0.49,1.65,Garry Monk,first spell in data,1.0
2015/16,2015-10-24,Swansea,Aston Villa,Away,2,1,3,1.74,1.1,Garry Monk,first spell in data,1.3
2015/16,2015-10-31,Swansea,Arsenal,Home,0,3,0,0.26,2.18,Garry Monk,first spell in data,1.2
2015/16,2015-11-07,Swansea,Norwich,Away,0,1,0,0.4,1.2,Garry Monk,first spell in data,0.9
2015/16,2015-11-21,Swansea,Bournemouth,Home,2,2,1,1.89,1.59,Garry Monk,first spell in data,0.9
2015/16,2015-11-29,Swansea,Liverpool,Away,0,1,0,0.37,1.19,Garry Monk,first spell in data,0.6
2015/16,2015-12-05,Swansea,Leicester,Home,0,3,0,0.78,2.21,Garry Monk,first spell in data,0.6
2015/16,2015-12-12,Swansea,Man City,Away,1,2,0,0.96,1.34,Alan Curtis,caretaker_made_permanent,0.5
2015/16,2015-12-20,Swansea,West Ham,Home,0,0,1,0.97,0.4,Alan Curtis,caretaker_made_permanent,0.6
2015/16,2015-12-26,Swansea,West Brom,Home,1,0,3,1.21,0.55,Alan Curtis,caretaker_made_permanent,0.8
2015/16,2015-12-28,Swansea,Crystal Palace,Away,0,0,1,0.17,0.74,Alan Curtis,caretaker_made_permanent,0.9
2015/16,2016-01-02,Swansea,Man United,Away,1,2,0,0.54,1.74,Alan Curtis,caretaker_made_permanent,0.6
2015/16,2016-01-13,Swansea,Sunderland,Home,2,4,0,1.07,2.49,Alan Curtis,caretaker_made_permanent,0.6
2015/16,2016-01-18,Swansea,Watford,Home,1,0,3,0.47,0.53,Alan Curtis,caretaker_made_permanent,0.9
2015/16,2016-01-24,Swansea,Everton,Away,2,1,3,1.08,1.94,Francesco Guidolin,permanent,1.1
2015/16,2016-02-02,Swansea,West Brom,Away,1,1,1,1.18,2.31,Francesco Guidolin,permanent,1.2
2015/16,2016-02-06,Swansea,Crystal Palace,Home,1,1,1,1.32,1.01,Francesco Guidolin,permanent,1.3
2015/16,2016-02-13,Swansea,Southampton,Home,0,1,0,0.7,1.19,Francesco Guidolin,permanent,1.3
2015/16,2016-02-28,Swansea,Tottenham,Away,1,2,0,1.25,3.57,Francesco Guidolin,permanent,1.2
2015/16,2016-03-02,Swansea,Arsenal,Away,2,1,3,1.7,1.49,Francesco Guidolin,permanent,1.2
2015/16,2016-03-05,Swansea,Norwich,Home,1,0,3,0.55,0.58,Francesco Guidolin,permanent,1.4
2015/16,2016-03-12,Swansea,Bournemouth,Away,2,3,0,1.1,0.71,Francesco Guidolin,permanent,1.4
2015/16,2016-03-19,Swansea,Aston Villa,Home,1,0,3,0.49,0.73,Francesco Guidolin,permanent,1.7
2015/16,2016-04-02,Swansea,Stoke,Away,2,2,1,0.43,1.18,Francesco Guidolin,permanent,1.5
2015/16,2016-04-09,Swansea,Chelsea,Home,1,0,3,1.91,1.3,Francesco Guidolin,permanent,1.5
2015/16,2016-04-16,Swansea,Newcastle,Away,0,3,0,0.79,1.5,Francesco Guidolin,permanent,1.4
2015/16,2016-04-24,Swansea,Leicester,Away,0,4,0,0.58,3.32,Francesco Guidolin,permanent,1.3
2015/16,2016-05-01,Swansea,Liverpool,Home,3,1,3,2.32,0.78,Francesco Guidolin,permanent,1.6
2015/16,2016-05-07,Swansea,West Ham,Away,4,1,3,2.47,2.39,Francesco Guidolin,permanent,1.9
2015/16,2016-05-15,Swansea,Man City,Home,1,1,1,0.12,2.04,Francesco Guidolin,permanent,1.7
2016/17,2016-08-13,Swansea,Burnley,Away,1,0,3,1.72,1.05,Francesco Guidolin,permanent,1.7
2016/17,2016-08-20,Swansea,Hull,Home,0,2,0,1.14,2.19,Francesco Guidolin,permanent,1.7
2016/17,2016-08-27,Swansea,Leicester,Away,1,2,0,0.33,2.48,Francesco Guidolin,permanent,1.4
2016/17,2016-09-11,Swansea,Chelsea,Home,2,2,1,1.23,2.19,Francesco Guidolin,permanent,1.4
2016/17,2016-09-18,Swansea,Southampton,Away,0,1,0,0.49,2.15,Francesco Guidolin,permanent,1.1
2016/17,2016-09-24,Swansea,Man City,Home,1,3,0,1.11,2.58,Francesco Guidolin,permanent,1.1
2016/17,2016-10-01,Swansea,Liverpool,Home,1,2,0,2.66,2.02,Francesco Guidolin,permanent,1.1
2016/17,2016-10-15,Swansea,Arsenal,Away,2,3,0,1.75,3.51,Bob Bradley,permanent,0.8
2016/17,2016-10-22,Swansea,Watford,Home,0,0,1,1.33,0.48,Bob Bradley,permanent,0.6
2016/17,2016-10-31,Swansea,Stoke,Away,1,3,0,1.1,2.16,Bob Bradley,permanent,0.5
2016/17,2016-11-06,Swansea,Man United,Home,1,3,0,0.51,1.0,Bob Bradley,permanent,0.2
2016/17,2016-11-19,Swansea,Everton,Away,1,1,1,1.07,1.55,Bob Bradley,permanent,0.3
2016/17,2016-11-26,Swansea,Crystal Palace,Home,5,4,3,3.4,2.28,Bob Bradley,permanent,0.6
2016/17,2016-12-03,Swansea,Tottenham,Away,0,5,0,0.03,3.98,Bob Bradley,permanent,0.5
2016/17,2016-12-10,Swansea,Sunderland,Home,3,0,3,2.18,0.67,Bob Bradley,permanent,0.8
2016/17,2016-12-14,Swansea,West Brom,Away,1,3,0,1.07,1.78,Bob Bradley,permanent,0.8
2016/17,2016-12-17,Swansea,Middlesbrough,Away,0,3,0,0.6,1.72,Bob Bradley,permanent,0.8
2016/17,2016-12-26,Swansea,West Ham,Home,1,4,0,0.95,3.41,Bob Bradley,permanent,0.8
2016/17,2016-12-31,Swansea,Bournemouth,Home,0,3,0,0.52,2.44,Alan Curtis,caretaker,0.7
2016/17,2017-01-03,Swansea,Crystal Palace,Away,2,1,3,1.19,0.33,Alan Curtis,caretaker,1.0
2016/17,2017-01-14,Swansea,Arsenal,Home,0,4,0,0.49,2.32,Paul Clement,permanent,1.0
2016/17,2017-01-21,Swansea,Liverpool,Away,3,2,3,1.6,1.24,Paul Clement,permanent,1.2
2016/17,2017-01-31,Swansea,Southampton,Home,2,1,3,0.76,0.91,Paul Clement,permanent,1.2
2016/17,2017-02-05,Swansea,Man City,Away,1,2,0,0.11,2.88,Paul Clement,permanent,1.2
2016/17,2017-02-12,Swansea,Leicester,Home,2,0,3,0.69,0.67,Paul Clement,permanent,1.2
2016/17,2017-02-25,Swansea,Chelsea,Away,1,3,0,0.28,1.23,Paul Clement,permanent,1.2
2016/17,2017-03-04,Swansea,Burnley,Home,3,2,3,1.45,0.93,Paul Clement,permanent,1.5
2016/17,2017-03-11,Swansea,Hull,Away,1,2,0,1.44,1.99,Paul Clement,permanent,1.5
2016/17,2017-03-18,Swansea,Bournemouth,Away,0,2,0,0.38,1.01,Paul Clement,permanent,1.5
2016/17,2017-04-02,Swansea,Middlesbrough,Home,0,0,1,0.64,0.75,Paul Clement,permanent,1.3
2016/17,2017-04-05,Swansea,Tottenham,Home,1,3,0,0.87,2.22,Paul Clement,permanent,1.3
2016/17,2017-04-08,Swansea,West Ham,Away,0,1,0,0.31,1.21,Paul Clement,permanent,1.0
2016/17,2017-04-15,Swansea,Watford,Away,0,1,0,0.64,1.22,Paul Clement,permanent,0.7
2016/17,2017-04-22,Swansea,Stoke,Home,2,0,3,0.48,1.69,Paul Clement,permanent,1.0
2016/17,2017-04-30,Swansea,Man United,Away,1,1,1,0.78,1.99,Paul Clement,permanent,0.8
2016/17,2017-05-06,Swansea,Everton,Home,1,0,3,2.09,0.27,Paul Clement,permanent,1.1
2016/17,2017-05-13,Swansea,Sunderland,Away,2,0,3,0.34,1.04,Paul Clement,permanent,1.1
2016/17,2017-05-21,Swansea,West Brom,Home,2,1,3,1.75,1.61,Paul Clement,permanent,1.4
2017/18,2017-08-12,Swansea,Southampton,Away,0,0,1,0.41,2.22,Paul Clement,permanent,1.5
2017/18,2017-08-19,Swansea,Man United,Home,0,4,0,0.3,3.41,Paul Clement,permanent,1.4
2017/18,2017-08-26,Swansea,Crystal Palace,Away,2,0,3,0.97,0.82,Paul Clement,permanent,1.7
2017/18,2017-09-10,Swansea,Newcastle,Home,0,1,0,1.49,1.03,Paul Clement,permanent,1.7
2017/18,2017-09-16,Swansea,Tottenham,Away,0,0,1,0.15,1.18,Paul Clement,permanent,1.8
2017/18,2017-09-23,Swansea,Watford,Home,1,2,0,1.51,1.26,Paul Clement,permanent,1.5
2017/18,2017-09-30,Swansea,West Ham,Away,0,1,0,0.18,0.69,Paul Clement,permanent,1.4
2017/18,2017-10-14,Swansea,Huddersfield,Home,2,0,3,1.65,0.6,Paul Clement,permanent,1.4
2017/18,2017-10-21,Swansea,Leicester,Home,1,2,0,0.56,1.81,Paul Clement,permanent,1.1
2017/18,2017-10-28,Swansea,Arsenal,Away,1,2,0,0.84,2.38,Paul Clement,permanent,0.8
2017/18,2017-11-04,Swansea,Brighton,Home,0,1,0,1.25,0.87,Paul Clement,permanent,0.7
2017/18,2017-11-18,Swansea,Burnley,Away,0,2,0,0.43,1.54,Paul Clement,permanent,0.7
2017/18,2017-11-25,Swansea,Bournemouth,Home,0,0,1,0.88,0.45,Paul Clement,permanent,0.5
2017/18,2017-11-29,Swansea,Chelsea,Away,0,1,0,0.04,2.3,Paul Clement,permanent,0.5
2017/18,2017-12-02,Swansea,Stoke,Away,1,2,0,0.32,1.25,Paul Clement,permanent,0.4
2017/18,2017-12-09,Swansea,West Brom,Home,1,0,3,1.01,0.25,Paul Clement,permanent,0.7
2017/18,2017-12-13,Swansea,Man City,Home,0,4,0,0.59,3.57,Paul Clement,permanent,0.7
2017/18,2017-12-18,Swansea,Everton,Away,1,3,0,0.77,2.02,Paul Clement,permanent,0.4
2017/18,2017-12-23,Swansea,Crystal Palace,Home,1,1,1,0.55,1.26,Leon Britton,caretaker,0.5
2017/18,2017-12-26,Swansea,Liverpool,Away,0,5,0,0.27,3.06,Leon Britton,caretaker,0.5
2017/18,2017-12-30,Swansea,Watford,Away,2,1,3,1.31,1.18,Carlos Carvalhal,permanent,0.8
2017/18,2018-01-02,Swansea,Tottenham,Home,0,2,0,0.4,1.62,Carlos Carvalhal,permanent,0.8
2017/18,2018-01-13,Swansea,Newcastle,Away,1,1,1,0.9,1.83,Carlos Carvalhal,permanent,0.8
2017/18,2018-01-22,Swansea,Liverpool,Home,1,0,3,0.5,2.2,Carlos Carvalhal,permanent,1.1
2017/18,2018-01-30,Swansea,Arsenal,Home,3,1,3,2.38,1.16,Carlos Carvalhal,permanent,1.4
2017/18,2018-02-03,Swansea,Leicester,Away,1,1,1,0.57,1.48,Carlos Carvalhal,permanent,1.2
2017/18,2018-02-10,Swansea,Burnley,Home,1,0,3,0.84,0.43,Carlos Carvalhal,permanent,1.5
2017/18,2018-02-24,Swansea,Brighton,Away,1,4,0,0.44,3.29,Carlos Carvalhal,permanent,1.5
2017/18,2018-03-03,Swansea,West Ham,Home,4,1,3,2.31,0.5,Carlos Carvalhal,permanent,1.7
2017/18,2018-03-10,Swansea,Huddersfield,Away,0,0,1,0.0,1.39,Carlos Carvalhal,permanent,1.8
2017/18,2018-03-31,Swansea,Man United,Away,0,2,0,0.14,2.14,Carlos Carvalhal,permanent,1.5
2017/18,2018-04-07,Swansea,West Brom,Away,1,1,1,0.66,1.23,Carlos Carvalhal,permanent,1.6
2017/18,2018-04-14,Swansea,Everton,Home,1,1,1,1.2,1.61,Carlos Carvalhal,permanent,1.6
2017/18,2018-04-22,Swansea,Man City,Away,0,5,0,0.3,3.42,Carlos Carvalhal,permanent,1.3
2017/18,2018-04-28,Swansea,Chelsea,Home,0,1,0,0.5,1.45,Carlos Carvalhal,permanent,1.0
2017/18,2018-05-05,Swansea,Bournemouth,Away,0,1,0,1.01,1.7,Carlos Carvalhal,permanent,0.9
2017/18,2018-05-08,Swansea,Southampton,Home,0,1,0,0.39,1.49,Carlos Carvalhal,permanent,0.6
2017/18,2018-05-13,Swansea,Stoke,Home,1,2,0,1.71,1.75,Carlos Carvalhal,permanent,0.6
2014/15,2014-08-16,Tottenham,West Ham,Away,1,0,3,1.02,1.85,Mauricio Pochettino,first spell in data,
2014/15,2014-08-24,Tottenham,QPR,Home,4,0,3,2.39,1.08,Mauricio Pochettino,first spell in data,
2014/15,2014-08-31,Tottenham,Liverpool,Home,0,3,0,0.49,2.74,Mauricio Pochettino,first spell in data,
2014/15,2014-09-13,Tottenham,Sunderland,Away,2,2,1,2.04,0.34,Mauricio Pochettino,first spell in data,
2014/15,2014-09-21,Tottenham,West Brom,Home,0,1,0,0.44,1.08,Mauricio Pochettino,first spell in data,
2014/15,2014-09-27,Tottenham,Arsenal,Away,1,1,1,0.67,1.26,Mauricio Pochettino,first spell in data,
2014/15,2014-10-05,Tottenham,Southampton,Home,1,0,3,0.9,1.15,Mauricio Pochettino,first spell in data,
2014/15,2014-10-18,Tottenham,Man City,Away,1,4,0,2.32,3.75,Mauricio Pochettino,first spell in data,
2014/15,2014-10-26,Tottenham,Newcastle,Home,1,2,0,2.04,0.74,Mauricio Pochettino,first spell in data,
2014/15,2014-11-02,Tottenham,Aston Villa,Away,2,1,3,2.54,0.87,Mauricio Pochettino,first spell in data,1.4
2014/15,2014-11-09,Tottenham,Stoke,Home,1,2,0,1.28,1.25,Mauricio Pochettino,first spell in data,1.1
2014/15,2014-11-23,Tottenham,Hull,Away,2,1,3,2.16,0.94,Mauricio Pochettino,first spell in data,1.1
2014/15,2014-11-30,Tottenham,Everton,Home,2,1,3,1.13,0.93,Mauricio Pochettino,first spell in data,1.4
2014/15,2014-12-03,Tottenham,Chelsea,Away,0,3,0,0.29,1.72,Mauricio Pochettino,first spell in data,1.3
2014/15,2014-12-06,Tottenham,Crystal Palace,Home,0,0,1,0.96,1.17,Mauricio Pochettino,first spell in data,1.4
2014/15,2014-12-14,Tottenham,Swansea,Away,2,1,3,0.73,1.68,Mauricio Pochettino,first spell in data,1.6
2014/15,2014-12-20,Tottenham,Burnley,Home,2,1,3,1.77,0.66,Mauricio Pochettino,first spell in data,1.6
2014/15,2014-12-26,Tottenham,Leicester,Away,2,1,3,1.36,1.47,Mauricio Pochettino,first spell in data,1.9
2014/15,2014-12-28,Tottenham,Man United,Home,0,0,1,0.89,2.26,Mauricio Pochettino,first spell in data,2.0
2014/15,2015-01-01,Tottenham,Chelsea,Home,5,3,3,1.82,3.03,Mauricio Pochettino,first spell in data,2.0
2014/15,2015-01-10,Tottenham,Crystal Palace,Away,1,2,0,0.92,2.86,Mauricio Pochettino,first spell in data,2.0
2014/15,2015-01-17,Tottenham,Sunderland,Home,2,1,3,0.93,1.2,Mauricio Pochettino,first spell in data,2.0
2014/15,2015-01-31,Tottenham,West Brom,Away,3,0,3,1.34,0.81,Mauricio Pochettino,first spell in data,2.0
2014/15,2015-02-07,Tottenham,Arsenal,Home,2,1,3,1.28,0.83,Mauricio Pochettino,first spell in data,2.3
2014/15,2015-02-10,Tottenham,Liverpool,Away,2,3,0,1.71,2.76,Mauricio Pochettino,first spell in data,2.2
2014/15,2015-02-22,Tottenham,West Ham,Home,2,2,1,2.18,2.21,Mauricio Pochettino,first spell in data,2.0
2014/15,2015-03-04,Tottenham,Swansea,Home,3,2,3,2.13,0.71,Mauricio Pochettino,first spell in data,2.0
2014/15,2015-03-07,Tottenham,QPR,Away,2,1,3,2.62,1.5,Mauricio Pochettino,first spell in data,2.0
2014/15,2015-03-15,Tottenham,Man United,Away,0,3,0,0.21,1.03,Mauricio Pochettino,first spell in data,1.9
2014/15,2015-03-21,Tottenham,Leicester,Home,4,3,3,2.83,2.72,Mauricio Pochettino,first spell in data,1.9
2014/15,2015-04-05,Tottenham,Burnley,Away,0,0,1,0.38,1.51,Mauricio Pochettino,first spell in data,2.0
2014/15,2015-04-11,Tottenham,Aston Villa,Home,0,1,0,0.62,0.86,Mauricio Pochettino,first spell in data,1.7
2014/15,2015-04-19,Tottenham,Newcastle,Away,3,1,3,2.0,0.94,Mauricio Pochettino,first spell in data,1.7
2014/15,2015-04-25,Tottenham,Southampton,Away,2,2,1,0.53,1.39,Mauricio Pochettino,first spell in data,1.5
2014/15,2015-05-03,Tottenham,Man City,Home,0,1,0,2.07,1.81,Mauricio Pochettino,first spell in data,1.5
2014/15,2015-05-09,Tottenham,Stoke,Away,0,3,0,0.3,2.14,Mauricio Pochettino,first spell in data,1.4
2014/15,2015-05-16,Tottenham,Hull,Home,2,0,3,1.7,1.13,Mauricio Pochettino,first spell in data,1.4
2014/15,2015-05-24,Tottenham,Everton,Away,1,0,3,1.39,0.65,Mauricio Pochettino,first spell in data,1.4
2015/16,2015-08-08,Tottenham,Man United,Away,0,1,0,0.67,0.63,Mauricio Pochettino,first spell in data,1.4
2015/16,2015-08-15,Tottenham,Stoke,Home,2,2,1,1.71,2.81,Mauricio Pochettino,first spell in data,1.2
2015/16,2015-08-22,Tottenham,Leicester,Away,1,1,1,1.89,0.83,Mauricio Pochettino,first spell in data,1.2
2015/16,2015-08-29,Tottenham,Everton,Home,0,0,1,2.0,0.69,Mauricio Pochettino,first spell in data,1.3
2015/16,2015-09-13,Tottenham,Sunderland,Away,1,0,3,1.46,1.04,Mauricio Pochettino,first spell in data,1.3
2015/16,2015-09-20,Tottenham,Crystal Palace,Home,1,0,3,1.02,0.54,Mauricio Pochettino,first spell in data,1.5
2015/16,2015-09-26,Tottenham,Man City,Home,4,1,3,2.31,1.58,Mauricio Pochettino,first spell in data,1.8
2015/16,2015-10-04,Tottenham,Swansea,Away,2,2,1,1.18,0.77,Mauricio Pochettino,first spell in data,1.9
2015/16,2015-10-17,Tottenham,Liverpool,Home,0,0,1,0.59,0.72,Mauricio Pochettino,first spell in data,1.7
2015/16,2015-10-25,Tottenham,Bournemouth,Away,5,1,3,3.43,0.49,Mauricio Pochettino,first spell in data,1.7
2015/16,2015-11-02,Tottenham,Aston Villa,Home,3,1,3,1.14,0.33,Mauricio Pochettino,first spell in data,2.0
2015/16,2015-11-08,Tottenham,Arsenal,Away,1,1,1,0.91,2.02,Mauricio Pochettino,first spell in data,2.0
2015/16,2015-11-22,Tottenham,West Ham,Home,4,1,3,3.22,0.82,Mauricio Pochettino,first spell in data,2.2
2015/16,2015-11-29,Tottenham,Chelsea,Home,0,0,1,0.33,0.28,Mauricio Pochettino,first spell in data,2.2
2015/16,2015-12-05,Tottenham,West Brom,Away,1,1,1,1.13,1.49,Mauricio Pochettino,first spell in data,2.0
2015/16,2015-12-13,Tottenham,Newcastle,Home,1,2,0,1.03,1.55,Mauricio Pochettino,first spell in data,1.7
2015/16,2015-12-19,Tottenham,Southampton,Away,2,0,3,1.47,0.83,Mauricio Pochettino,first spell in data,1.7
2015/16,2015-12-26,Tottenham,Norwich,Home,3,0,3,2.41,0.45,Mauricio Pochettino,first spell in data,1.9
2015/16,2015-12-28,Tottenham,Watford,Away,2,1,3,0.53,1.13,Mauricio Pochettino,first spell in data,2.1
2015/16,2016-01-03,Tottenham,Everton,Away,1,1,1,0.76,0.72,Mauricio Pochettino,first spell in data,1.9
2015/16,2016-01-13,Tottenham,Leicester,Home,0,1,0,1.23,0.59,Mauricio Pochettino,first spell in data,1.6
2015/16,2016-01-16,Tottenham,Sunderland,Home,4,1,3,2.03,0.62,Mauricio Pochettino,first spell in data,1.8
2015/16,2016-01-23,Tottenham,Crystal Palace,Away,3,1,3,1.74,0.93,Mauricio Pochettino,first spell in data,1.8
2015/16,2016-02-02,Tottenham,Norwich,Away,3,0,3,2.75,0.93,Mauricio Pochettino,first spell in data,2.0
2015/16,2016-02-06,Tottenham,Watford,Home,1,0,3,2.0,0.15,Mauricio Pochettino,first spell in data,2.2
2015/16,2016-02-14,Tottenham,Man City,Away,2,1,3,1.24,1.98,Mauricio Pochettino,first spell in data,2.5
2015/16,2016-02-28,Tottenham,Swansea,Home,2,1,3,3.57,1.25,Mauricio Pochettino,first spell in data,2.5
2015/16,2016-03-02,Tottenham,West Ham,Away,0,1,0,1.23,0.78,Mauricio Pochettino,first spell in data,2.2
2015/16,2016-03-05,Tottenham,Arsenal,Home,2,2,1,1.88,0.54,Mauricio Pochettino,first spell in data,2.0
2015/16,2016-03-13,Tottenham,Aston Villa,Away,2,0,3,2.0,1.84,Mauricio Pochettino,first spell in data,2.2
2015/16,2016-03-20,Tottenham,Bournemouth,Home,3,0,3,2.03,0.12,Mauricio Pochettino,first spell in data,2.5
2015/16,2016-04-02,Tottenham,Liverpool,Away,1,1,1,1.24,1.38,Mauricio Pochettino,first spell in data,2.3
2015/16,2016-04-10,Tottenham,Man United,Home,3,0,3,1.8,0.34,Mauricio Pochettino,first spell in data,2.3
2015/16,2016-04-18,Tottenham,Stoke,Away,4,0,3,2.9,0.46,Mauricio Pochettino,first spell in data,2.3
2015/16,2016-04-25,Tottenham,West Brom,Home,1,1,1,1.26,0.89,Mauricio Pochettino,first spell in data,2.1
2015/16,2016-05-02,Tottenham,Chelsea,Away,2,2,1,1.9,0.82,Mauricio Pochettino,first spell in data,1.9
2015/16,2016-05-08,Tottenham,Southampton,Home,1,2,0,2.56,1.31,Mauricio Pochettino,first spell in data,1.6
2015/16,2016-05-15,Tottenham,Newcastle,Away,1,5,0,0.87,2.43,Mauricio Pochettino,first spell in data,1.6
2016/17,2016-08-13,Tottenham,Everton,Away,1,1,1,1.12,0.79,Mauricio Pochettino,first spell in data,1.6
2016/17,2016-08-20,Tottenham,Crystal Palace,Home,1,0,3,2.26,0.36,Mauricio Pochettino,first spell in data,1.6
2016/17,2016-08-27,Tottenham,Liverpool,Home,1,1,1,0.59,1.93,Mauricio Pochettino,first spell in data,1.4
2016/17,2016-09-10,Tottenham,Stoke,Away,4,0,3,2.77,1.02,Mauricio Pochettino,first spell in data,1.6
2016/17,2016-09-18,Tottenham,Sunderland,Home,1,0,3,2.53,0.96,Mauricio Pochettino,first spell in data,1.6
2016/17,2016-09-24,Tottenham,Middlesbrough,Away,2,1,3,1.42,0.36,Mauricio Pochettino,first spell in data,1.6
2016/17,2016-10-02,Tottenham,Man City,Home,2,0,3,1.7,0.91,Mauricio Pochettino,first spell in data,1.8
2016/17,2016-10-15,Tottenham,West Brom,Away,1,1,1,1.32,1.3,Mauricio Pochettino,first spell in data,1.8
2016/17,2016-10-22,Tottenham,Bournemouth,Away,0,0,1,0.75,0.52,Mauricio Pochettino,first spell in data,1.9
2016/17,2016-10-29,Tottenham,Leicester,Home,1,1,1,1.7,0.74,Mauricio Pochettino,first spell in data,2.0
2016/17,2016-11-06,Tottenham,Arsenal,Away,1,1,1,1.2,0.68,Mauricio Pochettino,first spell in data,2.0
2016/17,2016-11-19,Tottenham,West Ham,Home,3,2,3,2.53,1.77,Mauricio Pochettino,first spell in data,2.0
2016/17,2016-11-26,Tottenham,Chelsea,Away,1,2,0,0.42,1.25,Mauricio Pochettino,first spell in data,1.9
2016/17,2016-12-03,Tottenham,Swansea,Home,5,0,3,3.98,0.03,Mauricio Pochettino,first spell in data,1.9
2016/17,2016-12-11,Tottenham,Man United,Away,0,1,0,0.72,1.05,Mauricio Pochettino,first spell in data,1.6
2016/17,2016-12-14,Tottenham,Hull,Home,3,0,3,2.83,0.57,Mauricio Pochettino,first spell in data,1.6
2016/17,2016-12-18,Tottenham,Burnley,Home,2,1,3,1.51,1.17,Mauricio Pochettino,first spell in data,1.6
2016/17,2016-12-28,Tottenham,Southampton,Away,4,1,3,1.61,0.4,Mauricio Pochettino,first spell in data,1.8
2016/17,2017-01-01,Tottenham,Watford,Away,4,1,3,3.07,1.26,Mauricio Pochettino,first spell in data,2.0
2016/17,2017-01-04,Tottenham,Chelsea,Home,2,0,3,1.01,0.91,Mauricio Pochettino,first spell in data,2.2
2016/17,2017-01-14,Tottenham,West Brom,Home,4,0,3,2.65,0.17,Mauricio Pochettino,first spell in data,2.4
2016/17,2017-01-21,Tottenham,Man City,Away,2,2,1,1.12,2.53,Mauricio Pochettino,first spell in data,2.2
2016/17,2017-01-31,Tottenham,Sunderland,Away,0,0,1,0.68,0.23,Mauricio Pochettino,first spell in data,2.3
2016/17,2017-02-04,Tottenham,Middlesbrough,Home,1,0,3,2.1,0.5,Mauricio Pochettino,first spell in data,2.3
2016/17,2017-02-11,Tottenham,Liverpool,Away,0,2,0,0.62,2.38,Mauricio Pochettino,first spell in data,2.3
2016/17,2017-02-26,Tottenham,Stoke,Home,4,0,3,1.89,0.74,Mauricio Pochettino,first spell in data,2.3
2016/17,2017-03-05,Tottenham,Everton,Home,3,2,3,1.7,0.81,Mauricio Pochettino,first spell in data,2.3
2016/17,2017-03-19,Tottenham,Southampton,Home,2,1,3,1.64,0.84,Mauricio Pochettino,first spell in data,2.3
2016/17,2017-04-01,Tottenham,Burnley,Away,2,0,3,2.36,0.45,Mauricio Pochettino,first spell in data,2.3
2016/17,2017-04-05,Tottenham,Swansea,Away,3,1,3,2.22,0.87,Mauricio Pochettino,first spell in data,2.3
2016/17,2017-04-08,Tottenham,Watford,Home,4,0,3,1.19,0.37,Mauricio Pochettino,first spell in data,2.3
2016/17,2017-04-15,Tottenham,Bournemouth,Home,4,0,3,3.29,0.21,Mauricio Pochettino,first spell in data,2.5
2016/17,2017-04-26,Tottenham,Crystal Palace,Away,1,0,3,1.01,0.32,Mauricio Pochettino,first spell in data,2.7
2016/17,2017-04-30,Tottenham,Arsenal,Home,2,0,3,3.46,0.59,Mauricio Pochettino,first spell in data,2.7
2016/17,2017-05-05,Tottenham,West Ham,Away,0,1,0,0.45,2.21,Mauricio Pochettino,first spell in data,2.7
2016/17,2017-05-14,Tottenham,Man United,Home,2,1,3,2.11,1.04,Mauricio Pochettino,first spell in data,2.7
2016/17,2017-05-18,Tottenham,Leicester,Away,6,1,3,2.65,0.73,Mauricio Pochettino,first spell in data,2.7
2016/17,2017-05-21,Tottenham,Hull,Away,7,1,3,3.89,0.81,Mauricio Pochettino,first spell in data,2.7
2017/18,2017-08-13,Tottenham,Newcastle,Away,2,0,3,2.34,0.63,Mauricio Pochettino,first spell in data,2.7
2017/18,2017-08-20,Tottenham,Chelsea,Home,1,2,0,0.72,0.83,Mauricio Pochettino,first spell in data,2.4
2017/18,2017-08-27,Tottenham,Burnley,Home,1,1,1,2.35,0.67,Mauricio Pochettino,first spell in data,2.2
2017/18,2017-09-09,Tottenham,Everton,Away,3,0,3,2.18,1.15,Mauricio Pochettino,first spell in data,2.2
2017/18,2017-09-16,Tottenham,Swansea,Home,0,0,1,1.18,0.15,Mauricio Pochettino,first spell in data,2.0
2017/18,2017-09-23,Tottenham,West Ham,Away,3,2,3,1.45,0.68,Mauricio Pochettino,first spell in data,2.0
2017/18,2017-09-30,Tottenham,Huddersfield,Away,4,0,3,1.56,0.2,Mauricio Pochettino,first spell in data,2.3
2017/18,2017-10-14,Tottenham,Bournemouth,Home,1,0,3,1.96,0.18,Mauricio Pochettino,first spell in data,2.3
2017/18,2017-10-22,Tottenham,Liverpool,Home,4,1,3,2.62,0.67,Mauricio Pochettino,first spell in data,2.3
2017/18,2017-10-28,Tottenham,Man United,Away,0,1,0,1.09,0.94,Mauricio Pochettino,first spell in data,2.0
2017/18,2017-11-05,Tottenham,Crystal Palace,Home,1,0,3,0.99,1.1,Mauricio Pochettino,first spell in data,2.0
2017/18,2017-11-18,Tottenham,Arsenal,Away,0,2,0,0.59,2.24,Mauricio Pochettino,first spell in data,2.0
2017/18,2017-11-25,Tottenham,West Brom,Home,1,1,1,1.92,0.72,Mauricio Pochettino,first spell in data,2.0
2017/18,2017-11-28,Tottenham,Leicester,Away,1,2,0,2.51,0.92,Mauricio Pochettino,first spell in data,1.7
2017/18,2017-12-02,Tottenham,Watford,Away,1,1,1,0.79,0.35,Mauricio Pochettino,first spell in data,1.7
2017/18,2017-12-09,Tottenham,Stoke,Home,5,1,3,4.02,0.75,Mauricio Pochettino,first spell in data,1.7
2017/18,2017-12-13,Tottenham,Brighton,Home,2,0,3,1.87,0.32,Mauricio Pochettino,first spell in data,1.7
2017/18,2017-12-16,Tottenham,Man City,Away,1,4,0,0.18,4.15,Mauricio Pochettino,first spell in data,1.4
2017/18,2017-12-23,Tottenham,Burnley,Away,3,0,3,3.31,0.16,Mauricio Pochettino,first spell in data,1.4
2017/18,2017-12-26,Tottenham,Southampton,Home,5,2,3,3.08,0.59,Mauricio Pochettino,first spell in data,1.7
2017/18,2018-01-02,Tottenham,Swansea,Away,2,0,3,1.62,0.4,Mauricio Pochettino,first spell in data,1.7
2017/18,2018-01-04,Tottenham,West Ham,Home,1,1,1,1.65,0.61,Mauricio Pochettino,first spell in data,1.8
2017/18,2018-01-13,Tottenham,Everton,Home,4,0,3,4.21,0.29,Mauricio Pochettino,first spell in data,2.0
2017/18,2018-01-21,Tottenham,Southampton,Away,1,1,1,1.31,1.15,Mauricio Pochettino,first spell in data,2.1
2017/18,2018-01-31,Tottenham,Man United,Home,2,0,3,2.01,0.82,Mauricio Pochettino,first spell in data,2.3
2017/18,2018-02-04,Tottenham,Liverpool,Away,2,2,1,2.54,1.29,Mauricio Pochettino,first spell in data,2.1
2017/18,2018-02-10,Tottenham,Arsenal,Home,1,0,3,2.64,0.49,Mauricio Pochettino,first spell in data,2.1
2017/18,2018-02-25,Tottenham,Crystal Palace,Away,1,0,3,1.65,0.18,Mauricio Pochettino,first spell in data,2.4
2017/18,2018-03-03,Tottenham,Huddersfield,Home,2,0,3,1.64,0.14,Mauricio Pochettino,first spell in data,2.4
2017/18,2018-03-11,Tottenham,Bournemouth,Away,4,1,3,2.53,1.17,Mauricio Pochettino,first spell in data,2.4
2017/18,2018-04-01,Tottenham,Chelsea,Away,3,1,3,1.39,1.21,Mauricio Pochettino,first spell in data,2.4
2017/18,2018-04-07,Tottenham,Stoke,Away,2,1,3,1.8,1.4,Mauricio Pochettino,first spell in data,2.6
2017/18,2018-04-14,Tottenham,Man City,Home,1,3,0,0.45,3.62,Mauricio Pochettino,first spell in data,2.3
2017/18,2018-04-17,Tottenham,Brighton,Away,1,1,1,1.36,0.99,Mauricio Pochettino,first spell in data,2.3
2017/18,2018-04-30,Tottenham,Watford,Home,2,0,3,1.77,1.37,Mauricio Pochettino,first spell in data,2.3
2017/18,2018-05-05,Tottenham,West Brom,Away,0,1,0,0.97,1.22,Mauricio Pochettino,first spell in data,2.2
2017/18,2018-05-09,Tottenham,Newcastle,Home,1,0,3,0.84,0.83,Mauricio Pochettino,first spell in data,2.2
2017/18,2018-05-13,Tottenham,Leicester,Home,5,4,3,1.83,1.27,Mauricio Pochettino,first spell in data,2.2
2018/19,2018-08-11,Tottenham,Newcastle,Away,2,1,3,2.58,0.97,Mauricio Pochettino,first spell in data,2.2
2018/19,2018-08-18,Tottenham,Fulham,Home,3,1,3,3.27,1.44,Mauricio Pochettino,first spell in data,2.2
2018/19,2018-08-27,Tottenham,Man United,Away,3,0,3,1.81,1.4,Mauricio Pochettino,first spell in data,2.2
2018/19,2018-09-02,Tottenham,Watford,Away,1,2,0,0.58,0.45,Mauricio Pochettino,first spell in data,1.9
2018/19,2018-09-15,Tottenham,Liverpool,Home,1,2,0,0.79,3.01,Mauricio Pochettino,first spell in data,1.9
2018/19,2018-09-22,Tottenham,Brighton,Away,2,1,3,2.12,0.82,Mauricio Pochettino,first spell in data,2.1
2018/19,2018-09-29,Tottenham,Huddersfield,Away,2,0,3,2.34,0.34,Mauricio Pochettino,first spell in data,2.1
2018/19,2018-10-06,Tottenham,Cardiff,Home,1,0,3,2.65,1.14,Mauricio Pochettino,first spell in data,2.4
2018/19,2018-10-20,Tottenham,West Ham,Away,1,0,3,1.12,0.54,Mauricio Pochettino,first spell in data,2.4
2018/19,2018-10-29,Tottenham,Man City,Home,0,1,0,0.44,1.94,Mauricio Pochettino,first spell in data,2.1
2018/19,2018-11-03,Tottenham,Wolves,Away,3,2,3,1.63,2.41,Mauricio Pochettino,first spell in data,2.1
2018/19,2018-11-10,Tottenham,Crystal Palace,Away,1,0,3,1.55,0.69,Mauricio Pochettino,first spell in data,2.1
2018/19,2018-11-24,Tottenham,Chelsea,Home,3,1,3,3.35,0.96,Mauricio Pochettino,first spell in data,2.1
2018/19,2018-12-02,Tottenham,Arsenal,Away,2,4,0,1.09,2.71,Mauricio Pochettino,first spell in data,2.1
2018/19,2018-12-05,Tottenham,Southampton,Home,3,1,3,1.74,1.82,Mauricio Pochettino,first spell in data,2.4
2018/19,2018-12-08,Tottenham,Leicester,Away,2,0,3,0.92,0.36,Mauricio Pochettino,first spell in data,2.4
2018/19,2018-12-15,Tottenham,Burnley,Home,1,0,3,1.75,0.45,Mauricio Pochettino,first spell in data,2.4
2018/19,2018-12-23,Tottenham,Everton,Away,6,2,3,2.56,1.0,Mauricio Pochettino,first spell in data,2.4
2018/19,2018-12-26,Tottenham,Bournemouth,Home,5,0,3,2.23,1.22,Mauricio Pochettino,first spell in data,2.4
2018/19,2018-12-29,Tottenham,Wolves,Home,1,3,0,0.28,1.21,Mauricio Pochettino,first spell in data,2.4
2018/19,2019-01-01,Tottenham,Cardiff,Away,3,0,3,1.38,1.08,Mauricio Pochettino,first spell in data,2.4
2018/19,2019-01-13,Tottenham,Man United,Home,0,1,0,1.8,0.96,Mauricio Pochettino,first spell in data,2.1
2018/19,2019-01-20,Tottenham,Fulham,Away,2,1,3,1.93,0.94,Mauricio Pochettino,first spell in data,2.1
2018/19,2019-01-30,Tottenham,Watford,Home,2,1,3,1.36,0.48,Mauricio Pochettino,first spell in data,2.4
2018/19,2019-02-02,Tottenham,Newcastle,Home,1,0,3,3.1,0.4,Mauricio Pochettino,first spell in data,2.4
2018/19,2019-02-10,Tottenham,Leicester,Home,3,1,3,1.21,3.02,Mauricio Pochettino,first spell in data,2.4
2018/19,2019-02-23,Tottenham,Burnley,Away,1,2,0,0.85,1.09,Mauricio Pochettino,first spell in data,2.1
2018/19,2019-02-27,Tottenham,Chelsea,Away,0,2,0,0.72,0.63,Mauricio Pochettino,first spell in data,1.8
2018/19,2019-03-02,Tottenham,Arsenal,Home,1,1,1,1.77,3.46,Mauricio Pochettino,first spell in data,1.6
2018/19,2019-03-09,Tottenham,Southampton,Away,1,2,0,1.27,2.08,Mauricio Pochettino,first spell in data,1.6
2018/19,2019-03-31,Tottenham,Liverpool,Away,1,2,0,1.05,1.09,Mauricio Pochettino,first spell in data,1.3
2018/19,2019-04-03,Tottenham,Crystal Palace,Home,2,0,3,2.57,0.56,Mauricio Pochettino,first spell in data,1.6
2018/19,2019-04-13,Tottenham,Huddersfield,Home,4,0,3,2.79,0.98,Mauricio Pochettino,first spell in data,1.6
2018/19,2019-04-20,Tottenham,Man City,Away,0,1,0,1.2,2.06,Mauricio Pochettino,first spell in data,1.3
2018/19,2019-04-23,Tottenham,Brighton,Home,1,0,3,1.0,0.14,Mauricio Pochettino,first spell in data,1.3
2018/19,2019-04-27,Tottenham,West Ham,Home,0,1,0,1.35,0.99,Mauricio Pochettino,first spell in data,1.0
2018/19,2019-05-04,Tottenham,Bournemouth,Away,0,1,0,0.71,2.23,Mauricio Pochettino,first spell in data,1.0
2018/19,2019-05-12,Tottenham,Everton,Home,2,2,1,0.88,2.07,Mauricio Pochettino,first spell in data,1.1
2019/20,2019-08-10,Tottenham,Aston Villa,Home,3,1,3,2.57,0.64,Mauricio Pochettino,first spell in data,1.3
2019/20,2019-08-17,Tottenham,Man City,Away,2,2,1,0.07,3.2,Mauricio Pochettino,first spell in data,1.4
2019/20,2019-08-25,Tottenham,Newcastle,Home,0,1,0,1.26,0.51,Mauricio Pochettino,first spell in data,1.4
2019/20,2019-09-01,Tottenham,Arsenal,Away,2,2,1,1.96,1.93,Mauricio Pochettino,first spell in data,1.2
2019/20,2019-09-14,Tottenham,Crystal Palace,Home,4,0,3,1.05,0.58,Mauricio Pochettino,first spell in data,1.2
2019/20,2019-09-21,Tottenham,Leicester,Away,1,2,0,1.34,1.29,Mauricio Pochettino,first spell in data,1.2
2019/20,2019-09-28,Tottenham,Southampton,Home,2,1,3,1.19,1.16,Mauricio Pochettino,first spell in data,1.2
2019/20,2019-10-05,Tottenham,Brighton,Away,0,3,0,0.48,2.6,Mauricio Pochettino,first spell in data,1.2
2019/20,2019-10-19,Tottenham,Watford,Home,1,1,1,0.89,0.85,Mauricio Pochettino,first spell in data,1.3
2019/20,2019-10-27,Tottenham,Liverpool,Away,1,2,0,1.35,2.19,Mauricio Pochettino,first spell in data,1.2
2019/20,2019-11-03,Tottenham,Everton,Away,1,1,1,0.24,1.16,Mauricio Pochettino,first spell in data,1.0
2019/20,2019-11-09,Tottenham,Sheffield United,Home,1,1,1,1.51,0.92,Mauricio Pochettino,first spell in data,1.0
2019/20,2019-11-23,Tottenham,West Ham,Away,3,2,3,2.21,0.66,José Mourinho,permanent,1.3
2019/20,2019-11-30,Tottenham,Bournemouth,Home,3,2,3,2.93,1.03,José Mourinho,permanent,1.5
2019/20,2019-12-04,Tottenham,Man United,Away,1,2,0,0.54,1.48,José Mourinho,permanent,1.2
2019/20,2019-12-07,Tottenham,Burnley,Home,5,0,3,2.4,1.09,José Mourinho,permanent,1.5
2019/20,2019-12-15,Tottenham,Wolves,Away,2,1,3,0.99,0.72,José Mourinho,permanent,1.5
2019/20,2019-12-22,Tottenham,Chelsea,Home,0,2,0,0.28,1.49,José Mourinho,permanent,1.5
2019/20,2019-12-26,Tottenham,Brighton,Home,2,1,3,1.03,1.09,José Mourinho,permanent,1.7
2019/20,2019-12-28,Tottenham,Norwich,Away,2,2,1,1.82,0.27,José Mourinho,permanent,1.8
2019/20,2020-01-01,Tottenham,Southampton,Away,0,1,0,1.08,1.51,José Mourinho,permanent,1.7
2019/20,2020-01-11,Tottenham,Liverpool,Home,0,1,0,1.11,1.75,José Mourinho,permanent,1.6
2019/20,2020-01-18,Tottenham,Watford,Away,0,0,1,1.77,2.39,José Mourinho,permanent,1.4
2019/20,2020-01-22,Tottenham,Norwich,Home,2,1,3,2.22,1.42,José Mourinho,permanent,1.4
2019/20,2020-02-02,Tottenham,Man City,Home,2,0,3,0.42,3.25,José Mourinho,permanent,1.7
2019/20,2020-02-16,Tottenham,Aston Villa,Away,3,2,3,3.86,1.71,José Mourinho,permanent,1.7
2019/20,2020-02-22,Tottenham,Chelsea,Away,1,2,0,0.27,1.78,José Mourinho,permanent,1.4
2019/20,2020-03-01,Tottenham,Wolves,Home,2,3,0,1.63,2.62,José Mourinho,permanent,1.4
2019/20,2020-03-07,Tottenham,Burnley,Away,1,1,1,1.14,3.33,José Mourinho,permanent,1.2
2019/20,2020-06-19,Tottenham,Man United,Home,1,1,1,0.53,1.77,José Mourinho,permanent,1.2
2019/20,2020-06-23,Tottenham,West Ham,Home,2,0,3,2.24,0.83,José Mourinho,permanent,1.5
2019/20,2020-07-02,Tottenham,Sheffield United,Away,1,3,0,1.02,1.6,José Mourinho,permanent,1.5
2019/20,2020-07-06,Tottenham,Everton,Home,1,0,3,0.51,0.4,José Mourinho,permanent,1.7
2019/20,2020-07-09,Tottenham,Bournemouth,Away,0,0,1,0.48,0.96,José Mourinho,permanent,1.5
2019/20,2020-07-12,Tottenham,Arsenal,Home,2,1,3,1.82,0.69,José Mourinho,permanent,1.5
2019/20,2020-07-15,Tottenham,Newcastle,Away,3,1,3,1.75,1.06,José Mourinho,permanent,1.5
2019/20,2020-07-19,Tottenham,Leicester,Home,3,0,3,0.77,1.2,José Mourinho,permanent,1.8
2019/20,2020-07-26,Tottenham,Crystal Palace,Away,1,1,1,0.31,0.99,José Mourinho,permanent,1.9
2020/21,2020-09-13,Tottenham,Everton,Home,0,1,0,0.82,1.27,José Mourinho,permanent,1.8
2020/21,2020-09-20,Tottenham,Southampton,Away,5,2,3,2.28,2.28,José Mourinho,permanent,2.0
2020/21,2020-09-27,Tottenham,Newcastle,Home,1,1,1,3.19,0.94,José Mourinho,permanent,1.8
2020/21,2020-10-04,Tottenham,Man United,Away,6,1,3,3.3,0.87,José Mourinho,permanent,2.1
2020/21,2020-10-18,Tottenham,West Ham,Home,3,3,1,1.78,1.5,José Mourinho,permanent,1.9
2020/21,2020-10-26,Tottenham,Burnley,Away,1,0,3,0.8,0.95,José Mourinho,permanent,2.1
2020/21,2020-11-01,Tottenham,Brighton,Home,2,1,3,1.97,0.32,José Mourinho,permanent,2.1
2020/21,2020-11-08,Tottenham,West Brom,Away,1,0,3,1.87,0.8,José Mourinho,permanent,2.1
2020/21,2020-11-21,Tottenham,Man City,Home,2,0,3,0.76,1.66,José Mourinho,permanent,2.1
2020/21,2020-11-29,Tottenham,Chelsea,Away,0,0,1,0.23,0.97,José Mourinho,permanent,2.1
2020/21,2020-12-06,Tottenham,Arsenal,Home,2,0,3,0.39,0.6,José Mourinho,permanent,2.4
2020/21,2020-12-13,Tottenham,Crystal Palace,Away,1,1,1,1.41,1.84,José Mourinho,permanent,2.2
2020/21,2020-12-16,Tottenham,Liverpool,Away,1,2,0,1.52,1.22,José Mourinho,permanent,2.1
2020/21,2020-12-20,Tottenham,Leicester,Home,0,2,0,0.95,1.75,José Mourinho,permanent,1.8
2020/21,2020-12-27,Tottenham,Wolves,Away,1,1,1,0.41,0.74,José Mourinho,permanent,1.8
2020/21,2021-01-02,Tottenham,Leeds,Home,3,0,3,2.53,1.16,José Mourinho,permanent,1.8
2020/21,2021-01-13,Tottenham,Fulham,Home,1,1,1,3.14,1.05,José Mourinho,permanent,1.6
2020/21,2021-01-17,Tottenham,Sheffield United,Away,3,1,3,1.28,0.98,José Mourinho,permanent,1.6
2020/21,2021-01-28,Tottenham,Liverpool,Home,1,3,0,0.1,2.59,José Mourinho,permanent,1.3
2020/21,2021-01-31,Tottenham,Brighton,Away,0,1,0,0.37,1.77,José Mourinho,permanent,1.2
2020/21,2021-02-04,Tottenham,Chelsea,Home,0,1,0,0.57,2.39,José Mourinho,permanent,0.9
2020/21,2021-02-07,Tottenham,West Brom,Home,2,0,3,1.93,0.7,José Mourinho,permanent,1.1
2020/21,2021-02-13,Tottenham,Man City,Away,0,3,0,0.42,2.46,José Mourinho,permanent,1.1
2020/21,2021-02-21,Tottenham,West Ham,Away,1,2,0,0.77,1.09,José Mourinho,permanent,1.1
2020/21,2021-02-28,Tottenham,Burnley,Home,4,0,3,2.36,0.6,José Mourinho,permanent,1.3
2020/21,2021-03-04,Tottenham,Fulham,Away,1,0,3,1.55,1.17,José Mourinho,permanent,1.3
2020/21,2021-03-07,Tottenham,Crystal Palace,Home,4,1,3,2.24,0.56,José Mourinho,permanent,1.5
2020/21,2021-03-14,Tottenham,Arsenal,Away,1,2,0,0.71,1.57,José Mourinho,permanent,1.2
2020/21,2021-03-21,Tottenham,Aston Villa,Away,2,0,3,1.72,0.44,José Mourinho,permanent,1.5
2020/21,2021-04-04,Tottenham,Newcastle,Away,2,2,1,2.44,3.3,José Mourinho,permanent,1.6
2020/21,2021-04-11,Tottenham,Man United,Home,1,3,0,0.92,2.1,José Mourinho,permanent,1.6
2020/21,2021-04-16,Tottenham,Everton,Away,2,2,1,1.48,2.26,José Mourinho,permanent,1.4
2020/21,2021-04-21,Tottenham,Southampton,Home,2,1,3,1.29,1.06,Ryan Mason,caretaker,1.7
2020/21,2021-05-02,Tottenham,Sheffield United,Home,4,0,3,2.26,0.47,Ryan Mason,caretaker,2.0
2020/21,2021-05-08,Tottenham,Leeds,Away,1,3,0,1.03,2.55,Ryan Mason,caretaker,1.7
2020/21,2021-05-16,Tottenham,Wolves,Home,2,0,3,3.14,1.09,Ryan Mason,caretaker,1.7
2020/21,2021-05-19,Tottenham,Aston Villa,Home,1,2,0,0.89,1.64,Ryan Mason,caretaker,1.4
2020/21,2021-05-23,Tottenham,Leicester,Away,4,2,3,1.85,1.83,Ryan Mason,caretaker,1.7
2021/22,2021-08-15,Tottenham,Man City,Home,1,0,3,1.06,2.11,Nuno Espírito Santo,permanent,1.7
2021/22,2021-08-22,Tottenham,Wolves,Away,1,0,3,1.73,1.51,Nuno Espírito Santo,permanent,1.9
2021/22,2021-08-29,Tottenham,Watford,Home,1,0,3,0.92,0.6,Nuno Espírito Santo,permanent,2.2
2021/22,2021-09-11,Tottenham,Crystal Palace,Away,0,3,0,0.08,2.89,Nuno Espírito Santo,permanent,2.1
2021/22,2021-09-19,Tottenham,Chelsea,Home,0,3,0,0.71,2.59,Nuno Espírito Santo,permanent,1.8
2021/22,2021-09-26,Tottenham,Arsenal,Away,1,3,0,0.98,1.44,Nuno Espírito Santo,permanent,1.5
2021/22,2021-10-03,Tottenham,Aston Villa,Home,2,1,3,1.78,1.07,Nuno Espírito Santo,permanent,1.8
2021/22,2021-10-17,Tottenham,Newcastle,Away,3,2,3,1.55,0.65,Nuno Espírito Santo,permanent,1.8
2021/22,2021-10-24,Tottenham,West Ham,Away,0,1,0,0.67,1.73,Nuno Espírito Santo,permanent,1.8
2021/22,2021-10-30,Tottenham,Man United,Home,0,3,0,1.16,1.39,Nuno Espírito Santo,permanent,1.5
2021/22,2021-11-07,Tottenham,Everton,Away,0,0,1,0.8,0.6,Antonio Conte,permanent,1.3
2021/22,2021-11-21,Tottenham,Leeds,Home,2,1,3,2.32,1.47,Antonio Conte,permanent,1.3
2021/22,2021-12-02,Tottenham,Brentford,Home,2,0,3,2.07,0.23,Antonio Conte,permanent,1.3
2021/22,2021-12-05,Tottenham,Norwich,Home,3,0,3,2.01,1.07,Antonio Conte,permanent,1.6
2021/22,2021-12-19,Tottenham,Liverpool,Home,2,2,1,2.8,1.55,Antonio Conte,permanent,1.7
2021/22,2021-12-26,Tottenham,Crystal Palace,Home,3,0,3,2.82,0.18,Antonio Conte,permanent,2.0
2021/22,2021-12-28,Tottenham,Southampton,Away,1,1,1,2.81,0.35,Antonio Conte,permanent,1.8
2021/22,2022-01-01,Tottenham,Watford,Away,1,0,3,1.94,0.3,Antonio Conte,permanent,1.8
2021/22,2022-01-19,Tottenham,Leicester,Away,3,2,3,4.25,1.95,Antonio Conte,permanent,2.1
2021/22,2022-01-23,Tottenham,Chelsea,Away,0,2,0,0.33,1.04,Antonio Conte,permanent,2.1
2021/22,2022-02-09,Tottenham,Southampton,Home,2,3,0,1.74,1.73,Antonio Conte,permanent,2.0
2021/22,2022-02-13,Tottenham,Wolves,Home,0,2,0,0.84,1.87,Antonio Conte,permanent,1.7
2021/22,2022-02-19,Tottenham,Man City,Away,3,2,3,2.0,2.32,Antonio Conte,permanent,1.7
2021/22,2022-02-23,Tottenham,Burnley,Away,0,1,0,0.69,1.56,Antonio Conte,permanent,1.4
2021/22,2022-02-26,Tottenham,Leeds,Away,4,0,3,2.47,1.9,Antonio Conte,permanent,1.6
2021/22,2022-03-07,Tottenham,Everton,Home,5,0,3,3.24,0.21,Antonio Conte,permanent,1.6
2021/22,2022-03-12,Tottenham,Man United,Away,2,3,0,1.62,1.02,Antonio Conte,permanent,1.5
2021/22,2022-03-16,Tottenham,Brighton,Away,2,0,3,2.05,1.04,Antonio Conte,permanent,1.5
2021/22,2022-03-20,Tottenham,West Ham,Home,3,1,3,2.55,0.64,Antonio Conte,permanent,1.5
2021/22,2022-04-03,Tottenham,Newcastle,Home,5,1,3,3.61,0.54,Antonio Conte,permanent,1.8
2021/22,2022-04-09,Tottenham,Aston Villa,Away,4,0,3,0.98,1.49,Antonio Conte,permanent,2.1
2021/22,2022-04-16,Tottenham,Brighton,Home,0,1,0,0.59,0.71,Antonio Conte,permanent,2.1
2021/22,2022-04-23,Tottenham,Brentford,Away,0,0,1,0.52,1.32,Antonio Conte,permanent,1.9
2021/22,2022-05-01,Tottenham,Leicester,Home,3,1,3,1.65,0.27,Antonio Conte,permanent,2.2
2021/22,2022-05-07,Tottenham,Liverpool,Away,1,1,1,0.98,1.05,Antonio Conte,permanent,2.0
2021/22,2022-05-12,Tottenham,Arsenal,Home,3,0,3,3.43,0.39,Antonio Conte,permanent,2.0
2021/22,2022-05-15,Tottenham,Burnley,Home,1,0,3,2.39,0.63,Antonio Conte,permanent,2.3
2021/22,2022-05-22,Tottenham,Norwich,Away,5,0,3,3.81,0.31,Antonio Conte,permanent,2.3
2022/23,2022-08-06,Tottenham,Southampton,Home,4,1,3,1.62,0.39,Antonio Conte,permanent,2.3
2022/23,2022-08-14,Tottenham,Chelsea,Away,2,2,1,1.59,1.84,Antonio Conte,permanent,2.1
2022/23,2022-08-20,Tottenham,Wolves,Home,1,0,3,1.47,0.69,Antonio Conte,permanent,2.1
2022/23,2022-08-28,Tottenham,Nott'm Forest,Away,2,0,3,2.44,0.8,Antonio Conte,permanent,2.4
2022/23,2022-08-31,Tottenham,West Ham,Away,1,1,1,0.72,1.52,Antonio Conte,permanent,2.4
2022/23,2022-09-03,Tottenham,Fulham,Home,2,1,3,2.68,0.38,Antonio Conte,permanent,2.4
2022/23,2022-09-17,Tottenham,Leicester,Home,6,2,3,1.99,1.59,Antonio Conte,permanent,2.6
2022/23,2022-10-01,Tottenham,Arsenal,Away,1,3,0,1.5,2.48,Antonio Conte,permanent,2.3
2022/23,2022-10-08,Tottenham,Brighton,Away,1,0,3,0.77,0.9,Antonio Conte,permanent,2.3
2022/23,2022-10-15,Tottenham,Everton,Home,2,0,3,2.49,0.56,Antonio Conte,permanent,2.3
2022/23,2022-10-19,Tottenham,Man United,Away,0,2,0,0.66,1.71,Antonio Conte,permanent,2.0
2022/23,2022-10-23,Tottenham,Newcastle,Home,1,2,0,1.57,1.13,Antonio Conte,permanent,1.9
2022/23,2022-10-29,Tottenham,Bournemouth,Away,3,2,3,2.19,0.89,Antonio Conte,permanent,1.9
2022/23,2022-11-06,Tottenham,Liverpool,Home,1,2,0,1.82,1.47,Antonio Conte,permanent,1.6
2022/23,2022-11-12,Tottenham,Leeds,Home,4,3,3,2.58,1.72,Antonio Conte,permanent,1.8
2022/23,2022-12-26,Tottenham,Brentford,Away,2,2,1,0.88,2.25,Antonio Conte,permanent,1.6
2022/23,2023-01-01,Tottenham,Aston Villa,Home,0,2,0,0.57,1.22,Antonio Conte,permanent,1.3
2022/23,2023-01-04,Tottenham,Crystal Palace,Away,4,0,3,1.67,0.79,Antonio Conte,permanent,1.6
2022/23,2023-01-15,Tottenham,Arsenal,Home,0,2,0,1.71,2.04,Antonio Conte,permanent,1.3
2022/23,2023-01-19,Tottenham,Man City,Away,2,4,0,1.16,2.34,Antonio Conte,permanent,1.0
2022/23,2023-01-23,Tottenham,Fulham,Away,1,0,3,0.99,1.09,Antonio Conte,permanent,1.3
2022/23,2023-02-05,Tottenham,Man City,Home,1,0,3,1.42,0.77,Antonio Conte,permanent,1.6
2022/23,2023-02-11,Tottenham,Leicester,Away,1,4,0,1.12,1.41,Antonio Conte,permanent,1.3
2022/23,2023-02-19,Tottenham,West Ham,Home,2,0,3,1.43,0.37,Antonio Conte,permanent,1.6
2022/23,2023-02-26,Tottenham,Chelsea,Home,2,0,3,0.93,0.26,Antonio Conte,permanent,1.6
2022/23,2023-03-04,Tottenham,Wolves,Away,0,1,0,1.26,0.56,Antonio Conte,permanent,1.5
2022/23,2023-03-11,Tottenham,Nott'm Forest,Home,3,1,3,1.73,1.63,Antonio Conte,permanent,1.8
2022/23,2023-03-18,Tottenham,Southampton,Away,3,3,1,1.88,2.52,Antonio Conte,permanent,1.6
2022/23,2023-04-03,Tottenham,Everton,Away,1,1,1,1.39,0.82,Cristian Stellini,caretaker,1.7
2022/23,2023-04-08,Tottenham,Brighton,Home,2,1,3,0.59,1.48,Cristian Stellini,caretaker,2.0
2022/23,2023-04-15,Tottenham,Bournemouth,Home,2,3,0,2.31,1.21,Cristian Stellini,caretaker,1.7
2022/23,2023-04-23,Tottenham,Newcastle,Away,1,6,0,0.88,3.99,Cristian Stellini,caretaker,1.4
2022/23,2023-04-27,Tottenham,Man United,Home,2,2,1,2.37,1.97,Ryan Mason,caretaker,1.5
2022/23,2023-04-30,Tottenham,Liverpool,Away,3,4,0,1.45,2.43,Ryan Mason,caretaker,1.2
2022/23,2023-05-06,Tottenham,Crystal Palace,Home,1,0,3,1.16,0.31,Ryan Mason,caretaker,1.2
2022/23,2023-05-13,Tottenham,Aston Villa,Away,1,2,0,1.19,1.8,Ryan Mason,caretaker,1.2
2022/23,2023-05-20,Tottenham,Brentford,Home,1,3,0,1.62,1.15,Ryan Mason,caretaker,0.9
2022/23,2023-05-28,Tottenham,Leeds,Away,4,1,3,2.03,1.19,Ryan Mason,caretaker,1.1
2023/24,2023-08-13,Tottenham,Brentford,Away,2,2,1,1.45,1.91,Ange Postecoglou,permanent,1.1
2023/24,2023-08-19,Tottenham,Man United,Home,2,0,3,2.54,2.45,Ange Postecoglou,permanent,1.1
2023/24,2023-08-26,Tottenham,Bournemouth,Away,2,0,3,2.26,0.48,Ange Postecoglou,permanent,1.4
2023/24,2023-09-02,Tottenham,Burnley,Away,5,2,3,2.4,1.67,Ange Postecoglou,permanent,1.7
2023/24,2023-09-16,Tottenham,Sheffield United,Home,2,1,3,2.16,0.79,Ange Postecoglou,permanent,1.9
2023/24,2023-09-24,Tottenham,Arsenal,Away,2,2,1,2.21,2.34,Ange Postecoglou,permanent,2.0
2023/24,2023-09-30,Tottenham,Liverpool,Home,2,1,3,2.19,1.12,Ange Postecoglou,permanent,2.0
2023/24,2023-10-07,Tottenham,Luton,Away,1,0,3,2.38,0.85,Ange Postecoglou,permanent,2.3
2023/24,2023-10-23,Tottenham,Fulham,Home,2,0,3,1.64,0.75,Ange Postecoglou,permanent,2.6
2023/24,2023-10-27,Tottenham,Crystal Palace,Away,2,1,3,0.99,0.56,Ange Postecoglou,permanent,2.6
2023/24,2023-11-06,Tottenham,Chelsea,Home,1,4,0,0.96,4.06,Ange Postecoglou,permanent,2.5
2023/24,2023-11-11,Tottenham,Wolves,Away,1,2,0,0.43,1.91,Ange Postecoglou,permanent,2.2
2023/24,2023-11-26,Tottenham,Aston Villa,Home,1,2,0,2.23,2.4,Ange Postecoglou,permanent,1.9
2023/24,2023-12-03,Tottenham,Man City,Away,3,3,1,0.43,2.91,Ange Postecoglou,permanent,1.7
2023/24,2023-12-07,Tottenham,West Ham,Home,1,2,0,1.61,1.74,Ange Postecoglou,permanent,1.4
2023/24,2023-12-10,Tottenham,Newcastle,Home,4,1,3,4.4,1.61,Ange Postecoglou,permanent,1.6
2023/24,2023-12-15,Tottenham,Nott'm Forest,Away,2,0,3,1.61,1.71,Ange Postecoglou,permanent,1.6
2023/24,2023-12-23,Tottenham,Everton,Home,2,1,3,1.58,1.98,Ange Postecoglou,permanent,1.6
2023/24,2023-12-28,Tottenham,Brighton,Away,2,4,0,2.07,3.85,Ange Postecoglou,permanent,1.3
2023/24,2023-12-31,Tottenham,Bournemouth,Home,3,1,3,2.15,1.58,Ange Postecoglou,permanent,1.3
2023/24,2024-01-14,Tottenham,Man United,Away,2,2,1,1.31,0.92,Ange Postecoglou,permanent,1.4
2023/24,2024-01-31,Tottenham,Brentford,Home,3,2,3,3.36,1.6,Ange Postecoglou,permanent,1.7
2023/24,2024-02-03,Tottenham,Everton,Away,2,2,1,0.92,3.26,Ange Postecoglou,permanent,1.8
2023/24,2024-02-10,Tottenham,Brighton,Home,2,1,3,2.11,1.49,Ange Postecoglou,permanent,2.0
2023/24,2024-02-17,Tottenham,Wolves,Home,1,2,0,1.6,1.78,Ange Postecoglou,permanent,2.0
2023/24,2024-03-02,Tottenham,Crystal Palace,Home,3,1,3,2.66,0.28,Ange Postecoglou,permanent,2.0
2023/24,2024-03-10,Tottenham,Aston Villa,Away,4,0,3,2.25,1.23,Ange Postecoglou,permanent,2.0
2023/24,2024-03-16,Tottenham,Fulham,Away,0,3,0,2.15,2.47,Ange Postecoglou,permanent,1.7
2023/24,2024-03-30,Tottenham,Luton,Home,2,1,3,2.47,0.4,Ange Postecoglou,permanent,2.0
2023/24,2024-04-02,Tottenham,West Ham,Away,1,1,1,1.39,1.47,Ange Postecoglou,permanent,1.8
2023/24,2024-04-07,Tottenham,Nott'm Forest,Home,3,1,3,1.62,2.0,Ange Postecoglou,permanent,2.0
2023/24,2024-04-13,Tottenham,Newcastle,Away,0,4,0,0.74,3.15,Ange Postecoglou,permanent,1.7
2023/24,2024-04-28,Tottenham,Arsenal,Home,2,3,0,2.6,1.51,Ange Postecoglou,permanent,1.6
2023/24,2024-05-02,Tottenham,Chelsea,Away,0,2,0,1.27,2.22,Ange Postecoglou,permanent,1.3
2023/24,2024-05-05,Tottenham,Liverpool,Away,2,4,0,1.17,3.26,Ange Postecoglou,permanent,1.3
2023/24,2024-05-11,Tottenham,Burnley,Home,2,1,3,3.0,0.95,Ange Postecoglou,permanent,1.3
2023/24,2024-05-14,Tottenham,Man City,Home,0,2,0,1.84,2.7,Ange Postecoglou,permanent,1.0
2023/24,2024-05-19,Tottenham,Sheffield United,Away,3,0,3,3.2,0.7,Ange Postecoglou,permanent,1.3
2024/25,2024-08-19,Tottenham,Leicester,Away,1,1,1,1.41,1.03,Ange Postecoglou,permanent,1.1
2024/25,2024-08-24,Tottenham,Everton,Home,4,0,3,2.61,0.65,Ange Postecoglou,permanent,1.3
2024/25,2024-09-01,Tottenham,Newcastle,Away,1,2,0,1.63,1.59,Ange Postecoglou,permanent,1.0
2024/25,2024-09-15,Tottenham,Arsenal,Home,0,1,0,0.79,1.12,Ange Postecoglou,permanent,1.0
2024/25,2024-09-21,Tottenham,Brentford,Home,3,1,3,3.89,0.89,Ange Postecoglou,permanent,1.3
2024/25,2024-09-29,Tottenham,Man United,Away,3,0,3,5.41,0.6,Ange Postecoglou,permanent,1.6
2024/25,2024-10-06,Tottenham,Brighton,Away,2,3,0,1.09,1.97,Ange Postecoglou,permanent,1.6
2024/25,2024-10-19,Tottenham,West Ham,Home,4,1,3,1.44,0.86,Ange Postecoglou,permanent,1.6
2024/25,2024-10-27,Tottenham,Crystal Palace,Away,0,1,0,1.02,0.98,Ange Postecoglou,permanent,1.6
2024/25,2024-11-03,Tottenham,Aston Villa,Home,4,1,3,2.1,2.49,Ange Postecoglou,permanent,1.6
2024/25,2024-11-10,Tottenham,Ipswich,Home,1,2,0,1.75,2.18,Ange Postecoglou,permanent,1.5
2024/25,2024-11-23,Tottenham,Man City,Away,4,0,3,3.3,2.16,Ange Postecoglou,permanent,1.5
2024/25,2024-12-01,Tottenham,Fulham,Home,1,1,1,1.01,1.57,Ange Postecoglou,permanent,1.6
2024/25,2024-12-05,Tottenham,Bournemouth,Away,0,1,0,0.62,3.28,Ange Postecoglou,permanent,1.6
2024/25,2024-12-08,Tottenham,Chelsea,Home,3,4,0,3.25,2.57,Ange Postecoglou,permanent,1.3
2024/25,2024-12-15,Tottenham,Southampton,Away,5,0,3,3.89,1.27,Ange Postecoglou,permanent,1.3
2024/25,2024-12-22,Tottenham,Liverpool,Home,3,6,0,1.2,5.2,Ange Postecoglou,permanent,1.3
2024/25,2024-12-26,Tottenham,Nott'm Forest,Away,0,1,0,1.06,1.3,Ange Postecoglou,permanent,1.0
2024/25,2024-12-29,Tottenham,Wolves,Home,2,2,1,2.28,0.64,Ange Postecoglou,permanent,1.1
2024/25,2025-01-04,Tottenham,Newcastle,Home,1,2,0,1.0,2.43,Ange Postecoglou,permanent,0.8
2024/25,2025-01-15,Tottenham,Arsenal,Away,1,2,0,0.78,2.26,Ange Postecoglou,permanent,0.8
2024/25,2025-01-19,Tottenham,Everton,Away,2,3,0,1.36,2.56,Ange Postecoglou,permanent,0.5
2024/25,2025-01-26,Tottenham,Leicester,Home,1,2,0,1.27,1.4,Ange Postecoglou,permanent,0.4
2024/25,2025-02-02,Tottenham,Brentford,Away,2,0,3,0.95,1.66,Ange Postecoglou,permanent,0.7
2024/25,2025-02-16,Tottenham,Man United,Home,1,0,3,1.97,1.43,Ange Postecoglou,permanent,1.0
2024/25,2025-02-22,Tottenham,Ipswich,Away,4,1,3,1.59,1.15,Ange Postecoglou,permanent,1.0
2024/25,2025-02-26,Tottenham,Man City,Home,0,1,0,1.28,2.39,Ange Postecoglou,permanent,1.0
2024/25,2025-03-09,Tottenham,Bournemouth,Home,2,2,1,1.35,2.23,Ange Postecoglou,permanent,1.1
2024/25,2025-03-16,Tottenham,Fulham,Away,0,2,0,1.41,1.04,Ange Postecoglou,permanent,1.0
2024/25,2025-04-03,Tottenham,Chelsea,Away,0,1,0,1.4,1.3,Ange Postecoglou,permanent,1.0
2024/25,2025-04-06,Tottenham,Southampton,Home,3,1,3,2.65,0.78,Ange Postecoglou,permanent,1.3
2024/25,2025-04-13,Tottenham,Wolves,Away,2,4,0,1.63,2.23,Ange Postecoglou,permanent,1.3
2024/25,2025-04-21,Tottenham,Nott'm Forest,Home,1,2,0,2.4,0.56,Ange Postecoglou,permanent,1.3
2024/25,2025-04-27,Tottenham,Liverpool,Away,1,5,0,0.51,2.51,Ange Postecoglou,permanent,1.0
2024/25,2025-05-04,Tottenham,West Ham,Away,1,1,1,0.85,1.15,Ange Postecoglou,permanent,0.8
2024/25,2025-05-11,Tottenham,Crystal Palace,Home,0,2,0,0.81,3.99,Ange Postecoglou,permanent,0.5
2024/25,2025-05-16,Tottenham,Aston Villa,Away,0,2,0,0.52,1.69,Ange Postecoglou,permanent,0.5
2024/25,2025-05-25,Tottenham,Brighton,Home,1,4,0,1.85,3.12,Ange Postecoglou,permanent,0.4
2025/26,2025-08-16,Tottenham,Burnley,Home,3,0,3,1.98,0.73,Thomas Frank,permanent,0.7
2025/26,2025-08-23,Tottenham,Man City,Away,2,0,3,1.28,1.25,Thomas Frank,permanent,1.0
2025/26,2025-08-30,Tottenham,Bournemouth,Home,0,1,0,0.17,2.12,Thomas Frank,permanent,0.7
2025/26,2025-09-13,Tottenham,West Ham,Away,3,0,3,1.51,0.79,Thomas Frank,permanent,1.0
2025/26,2025-09-20,Tottenham,Brighton,Away,2,2,1,1.19,1.4,Thomas Frank,permanent,1.1
2025/26,2025-09-27,Tottenham,Wolves,Home,1,1,1,0.82,1.16,Thomas Frank,permanent,1.2
2025/26,2025-10-04,Tottenham,Leeds,Away,2,1,3,0.69,1.48,Thomas Frank,permanent,1.4
2025/26,2025-10-19,Tottenham,Aston Villa,Home,1,2,0,1.51,0.35,Thomas Frank,permanent,1.4
2025/26,2025-10-26,Tottenham,Everton,Away,3,0,3,2.09,1.4,Thomas Frank,permanent,1.7
2025/26,2025-11-01,Tottenham,Chelsea,Home,0,1,0,0.15,3.34,Thomas Frank,permanent,1.7
2025/26,2025-11-08,Tottenham,Man United,Home,2,2,1,1.36,0.82,Thomas Frank,permanent,1.5
2025/26,2025-11-23,Tottenham,Arsenal,Away,1,4,0,0.03,2.28,Thomas Frank,permanent,1.2
2025/26,2025-11-29,Tottenham,Fulham,Home,1,2,0,1.04,0.49,Thomas Frank,permanent,1.2
2025/26,2025-12-02,Tottenham,Newcastle,Away,2,2,1,1.05,1.89,Thomas Frank,permanent,1.0
2025/26,2025-12-06,Tottenham,Brentford,Home,2,0,3,2.42,0.47,Thomas Frank,permanent,1.2
2025/26,2025-12-14,Tottenham,Nott'm Forest,Away,0,3,0,0.38,2.33,Thomas Frank,permanent,1.1
2025/26,2025-12-20,Tottenham,Liverpool,Home,1,2,0,1.35,1.23,Thomas Frank,permanent,0.8
2025/26,2025-12-28,Tottenham,Crystal Palace,Away,1,0,3,0.87,0.93,Thomas Frank,permanent,1.1
2025/26,2026-01-01,Tottenham,Brentford,Away,0,0,1,0.61,0.56,Thomas Frank,permanent,0.9
2025/26,2026-01-04,Tottenham,Sunderland,Home,1,1,1,1.42,0.47,Thomas Frank,permanent,1.0
2025/26,2026-01-07,Tottenham,Bournemouth,Away,2,3,0,1.63,1.19,Thomas Frank,permanent,0.9
2025/26,2026-01-17,Tottenham,West Ham,Home,1,2,0,1.65,2.77,Thomas Frank,permanent,0.9
2025/26,2026-01-24,Tottenham,Burnley,Away,2,2,1,2.59,1.55,Thomas Frank,permanent,1.0
2025/26,2026-02-01,Tottenham,Man City,Home,2,2,1,1.5,2.04,Thomas Frank,permanent,1.0
2025/26,2026-02-07,Tottenham,Man United,Away,0,2,0,0.59,2.17,Thomas Frank,permanent,0.7
2025/26,2026-02-10,Tottenham,Newcastle,Home,1,2,0,1.69,2.47,Thomas Frank,permanent,0.7
2025/26,2026-02-22,Tottenham,Arsenal,Home,1,4,0,0.38,3.32,Igor Tudor,permanent,0.7
2025/26,2026-03-01,Tottenham,Fulham,Away,1,2,0,0.95,2.32,Igor Tudor,permanent,0.4
2025/26,2026-03-05,Tottenham,Crystal Palace,Home,1,3,0,1.3,1.92,Igor Tudor,permanent,0.3
2025/26,2026-03-15,Tottenham,Liverpool,Away,1,1,1,1.16,1.3,Igor Tudor,permanent,0.3
2025/26,2026-03-22,Tottenham,Nott'm Forest,Home,0,3,0,1.62,1.54,Igor Tudor,permanent,0.3
2025/26,2026-04-12,Tottenham,Sunderland,Away,0,1,0,1.02,1.78,Roberto De Zerbi,permanent,0.3
2025/26,2026-04-18,Tottenham,Brighton,Home,2,2,1,1.56,1.14,Roberto De Zerbi,permanent,0.3
2025/26,2026-04-25,Tottenham,Wolves,Away,1,0,3,1.06,0.76,Roberto De Zerbi,permanent,0.5
2025/26,2026-05-03,Tottenham,Aston Villa,Away,2,1,3,1.12,0.61,Roberto De Zerbi,permanent,0.8
2025/26,2026-05-11,Tottenham,Leeds,Home,1,1,1,1.49,1.87,Roberto De Zerbi,permanent,0.9
2025/26,2026-05-19,Tottenham,Chelsea,Away,1,2,0,2.15,1.09,Roberto De Zerbi,permanent,0.9
2025/26,2026-05-24,Tottenham,Everton,Home,1,0,3,1.41,0.27,Roberto De Zerbi,permanent,1.2
2015/16,2015-08-08,Watford,Everton,Away,2,2,1,0.56,0.6,Quique Sánchez Flores,first spell in data,
2015/16,2015-08-15,Watford,West Brom,Home,0,0,1,0.76,0.68,Quique Sánchez Flores,first spell in data,
2015/16,2015-08-23,Watford,Southampton,Home,0,0,1,1.18,0.68,Quique Sánchez Flores,first spell in data,
2015/16,2015-08-29,Watford,Man City,Away,0,2,0,0.36,1.53,Quique Sánchez Flores,first spell in data,
2015/16,2015-09-12,Watford,Swansea,Home,1,0,3,1.57,0.5,Quique Sánchez Flores,first spell in data,
2015/16,2015-09-19,Watford,Newcastle,Away,2,1,3,1.34,1.15,Quique Sánchez Flores,first spell in data,
2015/16,2015-09-27,Watford,Crystal Palace,Home,0,1,0,0.69,2.34,Quique Sánchez Flores,first spell in data,
2015/16,2015-10-03,Watford,Bournemouth,Away,1,1,1,0.91,1.5,Quique Sánchez Flores,first spell in data,
2015/16,2015-10-17,Watford,Arsenal,Home,0,3,0,0.25,2.69,Quique Sánchez Flores,first spell in data,
2015/16,2015-10-24,Watford,Stoke,Away,2,0,3,1.04,0.85,Quique Sánchez Flores,first spell in data,1.3
2015/16,2015-10-31,Watford,West Ham,Home,2,0,3,1.62,0.61,Quique Sánchez Flores,first spell in data,1.5
2015/16,2015-11-07,Watford,Leicester,Away,1,2,0,1.01,1.56,Quique Sánchez Flores,first spell in data,1.4
2015/16,2015-11-21,Watford,Man United,Home,1,2,0,1.47,1.3,Quique Sánchez Flores,first spell in data,1.3
2015/16,2015-11-28,Watford,Aston Villa,Away,3,2,3,1.45,1.49,Quique Sánchez Flores,first spell in data,1.6
2015/16,2015-12-05,Watford,Norwich,Home,2,0,3,2.07,0.31,Quique Sánchez Flores,first spell in data,1.6
2015/16,2015-12-12,Watford,Sunderland,Away,1,0,3,2.06,0.88,Quique Sánchez Flores,first spell in data,1.6
2015/16,2015-12-20,Watford,Liverpool,Home,3,0,3,1.99,0.38,Quique Sánchez Flores,first spell in data,1.9
2015/16,2015-12-26,Watford,Chelsea,Away,2,2,1,1.67,2.09,Quique Sánchez Flores,first spell in data,1.9
2015/16,2015-12-28,Watford,Tottenham,Home,1,2,0,1.13,0.53,Quique Sánchez Flores,first spell in data,1.9
2015/16,2016-01-02,Watford,Man City,Home,1,2,0,0.99,0.69,Quique Sánchez Flores,first spell in data,1.6
2015/16,2016-01-13,Watford,Southampton,Away,0,2,0,0.12,1.72,Quique Sánchez Flores,first spell in data,1.3
2015/16,2016-01-18,Watford,Swansea,Away,0,1,0,0.53,0.47,Quique Sánchez Flores,first spell in data,1.3
2015/16,2016-01-23,Watford,Newcastle,Home,2,1,3,2.59,1.29,Quique Sánchez Flores,first spell in data,1.6
2015/16,2016-02-03,Watford,Chelsea,Home,0,0,1,0.53,1.14,Quique Sánchez Flores,first spell in data,1.4
2015/16,2016-02-06,Watford,Tottenham,Away,0,1,0,0.15,2.0,Quique Sánchez Flores,first spell in data,1.1
2015/16,2016-02-13,Watford,Crystal Palace,Away,2,1,3,2.0,0.98,Quique Sánchez Flores,first spell in data,1.1
2015/16,2016-02-27,Watford,Bournemouth,Home,0,0,1,1.0,0.96,Quique Sánchez Flores,first spell in data,0.9
2015/16,2016-03-02,Watford,Man United,Away,0,1,0,2.16,0.79,Quique Sánchez Flores,first spell in data,0.8
2015/16,2016-03-05,Watford,Leicester,Home,0,1,0,0.83,1.47,Quique Sánchez Flores,first spell in data,0.8
2015/16,2016-03-19,Watford,Stoke,Home,1,2,0,0.88,1.58,Quique Sánchez Flores,first spell in data,0.8
2015/16,2016-04-02,Watford,Arsenal,Away,0,4,0,0.29,3.01,Quique Sánchez Flores,first spell in data,0.8
2015/16,2016-04-09,Watford,Everton,Home,1,1,1,0.41,1.6,Quique Sánchez Flores,first spell in data,0.9
2015/16,2016-04-16,Watford,West Brom,Away,1,0,3,0.36,2.29,Quique Sánchez Flores,first spell in data,0.9
2015/16,2016-04-20,Watford,West Ham,Away,1,3,0,1.22,3.96,Quique Sánchez Flores,first spell in data,0.8
2015/16,2016-04-30,Watford,Aston Villa,Home,3,2,3,1.36,0.49,Quique Sánchez Flores,first spell in data,1.1
2015/16,2016-05-08,Watford,Liverpool,Away,0,2,0,0.93,2.39,Quique Sánchez Flores,first spell in data,0.8
2015/16,2016-05-11,Watford,Norwich,Away,2,4,0,1.77,2.42,Quique Sánchez Flores,first spell in data,0.7
2015/16,2016-05-15,Watford,Sunderland,Home,2,2,1,1.95,0.91,Quique Sánchez Flores,first spell in data,0.8
2016/17,2016-08-13,Watford,Southampton,Away,1,1,1,0.18,0.94,Walter Mazzarri,permanent,0.9
2016/17,2016-08-20,Watford,Chelsea,Home,1,2,0,0.8,1.76,Walter Mazzarri,permanent,0.9
2016/17,2016-08-27,Watford,Arsenal,Home,1,3,0,1.08,2.03,Walter Mazzarri,permanent,0.9
2016/17,2016-09-10,Watford,West Ham,Away,4,2,3,1.85,1.32,Walter Mazzarri,permanent,1.1
2016/17,2016-09-18,Watford,Man United,Home,3,1,3,1.75,1.41,Walter Mazzarri,permanent,1.1
2016/17,2016-09-26,Watford,Burnley,Away,0,2,0,0.78,0.57,Walter Mazzarri,permanent,1.1
2016/17,2016-10-01,Watford,Bournemouth,Home,2,2,1,1.23,1.35,Walter Mazzarri,permanent,0.9
2016/17,2016-10-16,Watford,Middlesbrough,Away,1,0,3,0.09,0.53,Walter Mazzarri,permanent,1.2
2016/17,2016-10-22,Watford,Swansea,Away,0,0,1,0.48,1.33,Walter Mazzarri,permanent,1.3
2016/17,2016-10-29,Watford,Hull,Home,1,0,3,1.15,0.25,Walter Mazzarri,permanent,1.5
2016/17,2016-11-06,Watford,Liverpool,Away,1,6,0,0.77,4.18,Walter Mazzarri,permanent,1.4
2016/17,2016-11-19,Watford,Leicester,Home,2,1,3,0.72,1.2,Walter Mazzarri,permanent,1.7
2016/17,2016-11-27,Watford,Stoke,Home,0,1,0,0.54,0.7,Walter Mazzarri,permanent,1.7
2016/17,2016-12-03,Watford,West Brom,Away,1,3,0,1.48,1.18,Walter Mazzarri,permanent,1.4
2016/17,2016-12-10,Watford,Everton,Home,3,2,3,1.49,1.1,Walter Mazzarri,permanent,1.4
2016/17,2016-12-14,Watford,Man City,Away,0,2,0,0.5,1.62,Walter Mazzarri,permanent,1.4
2016/17,2016-12-17,Watford,Sunderland,Away,0,1,0,1.08,1.14,Walter Mazzarri,permanent,1.3
2016/17,2016-12-26,Watford,Crystal Palace,Home,1,1,1,0.96,1.54,Walter Mazzarri,permanent,1.1
2016/17,2017-01-01,Watford,Tottenham,Home,1,4,0,1.26,3.07,Walter Mazzarri,permanent,1.0
2016/17,2017-01-03,Watford,Stoke,Away,0,2,0,0.51,1.85,Walter Mazzarri,permanent,0.7
2016/17,2017-01-14,Watford,Middlesbrough,Home,0,0,1,0.84,0.33,Walter Mazzarri,permanent,0.8
2016/17,2017-01-21,Watford,Bournemouth,Away,2,2,1,1.09,1.15,Walter Mazzarri,permanent,0.6
2016/17,2017-01-31,Watford,Arsenal,Away,2,1,3,0.92,1.08,Walter Mazzarri,permanent,0.9
2016/17,2017-02-04,Watford,Burnley,Home,2,1,3,1.66,1.48,Walter Mazzarri,permanent,1.2
2016/17,2017-02-11,Watford,Man United,Away,0,2,0,0.64,2.63,Walter Mazzarri,permanent,0.9
2016/17,2017-02-25,Watford,West Ham,Home,1,1,1,1.21,1.48,Walter Mazzarri,permanent,1.0
2016/17,2017-03-04,Watford,Southampton,Home,3,4,0,1.4,1.34,Walter Mazzarri,permanent,1.0
2016/17,2017-03-18,Watford,Crystal Palace,Away,0,1,0,0.19,0.38,Walter Mazzarri,permanent,0.9
2016/17,2017-04-01,Watford,Sunderland,Home,1,0,3,1.96,0.35,Walter Mazzarri,permanent,1.2
2016/17,2017-04-04,Watford,West Brom,Home,2,0,3,0.69,1.48,Walter Mazzarri,permanent,1.5
2016/17,2017-04-08,Watford,Tottenham,Away,0,4,0,0.37,1.19,Walter Mazzarri,permanent,1.4
2016/17,2017-04-15,Watford,Swansea,Home,1,0,3,1.22,0.64,Walter Mazzarri,permanent,1.6
2016/17,2017-04-22,Watford,Hull,Away,0,2,0,1.16,1.42,Walter Mazzarri,permanent,1.3
2016/17,2017-05-01,Watford,Liverpool,Home,0,1,0,0.44,0.56,Walter Mazzarri,permanent,1.0
2016/17,2017-05-06,Watford,Leicester,Away,0,3,0,0.51,1.01,Walter Mazzarri,permanent,1.0
2016/17,2017-05-12,Watford,Everton,Away,0,1,0,1.55,1.13,Walter Mazzarri,permanent,0.9
2016/17,2017-05-15,Watford,Chelsea,Away,3,4,0,0.88,2.65,Walter Mazzarri,permanent,0.9
2016/17,2017-05-21,Watford,Man City,Home,0,5,0,0.83,3.27,Walter Mazzarri,permanent,0.9
2017/18,2017-08-12,Watford,Liverpool,Home,3,3,1,2.18,2.62,Marco Silva,permanent,0.7
2017/18,2017-08-19,Watford,Bournemouth,Away,2,0,3,2.18,0.77,Marco Silva,permanent,0.7
2017/18,2017-08-26,Watford,Brighton,Home,0,0,1,0.28,0.95,Marco Silva,permanent,0.8
2017/18,2017-09-09,Watford,Southampton,Away,2,0,3,0.58,0.33,Marco Silva,permanent,0.8
2017/18,2017-09-16,Watford,Man City,Home,0,6,0,0.8,3.99,Marco Silva,permanent,0.8
2017/18,2017-09-23,Watford,Swansea,Away,2,1,3,1.26,1.51,Marco Silva,permanent,1.1
2017/18,2017-09-30,Watford,West Brom,Away,2,2,1,1.62,1.94,Marco Silva,permanent,1.2
2017/18,2017-10-14,Watford,Arsenal,Home,2,1,3,1.63,0.99,Marco Silva,permanent,1.5
2017/18,2017-10-21,Watford,Chelsea,Away,2,4,0,1.8,1.78,Marco Silva,permanent,1.5
2017/18,2017-10-28,Watford,Stoke,Home,0,1,0,1.13,0.78,Marco Silva,permanent,1.5
2017/18,2017-11-05,Watford,Everton,Away,2,3,0,2.06,2.58,Marco Silva,permanent,1.4
2017/18,2017-11-19,Watford,West Ham,Home,2,0,3,1.25,1.43,Marco Silva,permanent,1.4
2017/18,2017-11-25,Watford,Newcastle,Away,3,0,3,2.06,0.86,Marco Silva,permanent,1.6
2017/18,2017-11-28,Watford,Man United,Home,2,4,0,1.29,1.63,Marco Silva,permanent,1.3
2017/18,2017-12-02,Watford,Tottenham,Home,1,1,1,0.35,0.79,Marco Silva,permanent,1.4
2017/18,2017-12-09,Watford,Burnley,Away,0,1,0,0.82,0.49,Marco Silva,permanent,1.1
2017/18,2017-12-12,Watford,Crystal Palace,Away,1,2,0,1.4,1.11,Marco Silva,permanent,1.0
2017/18,2017-12-16,Watford,Huddersfield,Home,1,4,0,0.59,3.49,Marco Silva,permanent,0.7
2017/18,2017-12-23,Watford,Brighton,Away,0,1,0,1.3,1.4,Marco Silva,permanent,0.7
2017/18,2017-12-26,Watford,Leicester,Home,2,1,3,1.43,1.55,Marco Silva,permanent,1.0
2017/18,2017-12-30,Watford,Swansea,Home,1,2,0,1.18,1.31,Marco Silva,permanent,1.0
2017/18,2018-01-02,Watford,Man City,Away,1,3,0,0.97,2.77,Marco Silva,permanent,0.7
2017/18,2018-01-13,Watford,Southampton,Home,2,2,1,1.67,0.86,Marco Silva,permanent,0.5
2017/18,2018-01-20,Watford,Leicester,Away,0,2,0,0.74,1.52,Marco Silva,permanent,0.5
2017/18,2018-01-31,Watford,Stoke,Away,0,0,1,0.74,0.72,Javi Gracia,permanent,0.5
2017/18,2018-02-05,Watford,Chelsea,Home,4,1,3,2.13,0.57,Javi Gracia,permanent,0.8
2017/18,2018-02-10,Watford,West Ham,Away,0,2,0,0.8,1.83,Javi Gracia,permanent,0.8
2017/18,2018-02-24,Watford,Everton,Home,1,0,3,0.61,0.67,Javi Gracia,permanent,1.1
2017/18,2018-03-03,Watford,West Brom,Home,1,0,3,1.24,1.09,Javi Gracia,permanent,1.4
2017/18,2018-03-11,Watford,Arsenal,Away,0,3,0,1.55,2.38,Javi Gracia,permanent,1.1
2017/18,2018-03-17,Watford,Liverpool,Away,0,5,0,0.35,1.81,Javi Gracia,permanent,1.1
2017/18,2018-03-31,Watford,Bournemouth,Home,2,2,1,0.76,2.11,Javi Gracia,permanent,1.2
2017/18,2018-04-07,Watford,Burnley,Home,1,2,0,1.37,1.38,Javi Gracia,permanent,1.1
2017/18,2018-04-14,Watford,Huddersfield,Away,0,1,0,0.31,0.93,Javi Gracia,permanent,1.1
2017/18,2018-04-21,Watford,Crystal Palace,Home,0,0,1,0.59,0.18,Javi Gracia,permanent,1.1
2017/18,2018-04-30,Watford,Tottenham,Away,0,2,0,1.37,1.77,Javi Gracia,permanent,0.8
2017/18,2018-05-05,Watford,Newcastle,Home,2,1,3,2.81,0.61,Javi Gracia,permanent,1.1
2017/18,2018-05-13,Watford,Man United,Away,0,1,0,0.65,0.46,Javi Gracia,permanent,0.8
2018/19,2018-08-11,Watford,Brighton,Home,2,0,3,1.42,0.46,Javi Gracia,permanent,0.8
2018/19,2018-08-19,Watford,Burnley,Away,3,1,3,1.92,0.39,Javi Gracia,permanent,1.1
2018/19,2018-08-26,Watford,Crystal Palace,Home,2,1,3,1.15,1.22,Javi Gracia,permanent,1.4
2018/19,2018-09-02,Watford,Tottenham,Home,2,1,3,0.45,0.58,Javi Gracia,permanent,1.6
2018/19,2018-09-15,Watford,Man United,Home,1,2,0,1.18,1.65,Javi Gracia,permanent,1.6
2018/19,2018-09-22,Watford,Fulham,Away,1,1,1,1.76,1.77,Javi Gracia,permanent,1.7
2018/19,2018-09-29,Watford,Arsenal,Away,0,2,0,2.62,1.57,Javi Gracia,permanent,1.6
2018/19,2018-10-06,Watford,Bournemouth,Home,0,4,0,1.07,3.28,Javi Gracia,permanent,1.6
2018/19,2018-10-20,Watford,Wolves,Away,2,0,3,1.07,0.47,Javi Gracia,permanent,1.6
2018/19,2018-10-27,Watford,Huddersfield,Home,3,0,3,2.3,0.48,Javi Gracia,permanent,1.9
2018/19,2018-11-03,Watford,Newcastle,Away,0,1,0,2.55,0.69,Javi Gracia,permanent,1.6
2018/19,2018-11-10,Watford,Southampton,Away,1,1,1,1.08,1.2,Javi Gracia,permanent,1.4
2018/19,2018-11-24,Watford,Liverpool,Home,0,3,0,0.67,1.45,Javi Gracia,permanent,1.1
2018/19,2018-12-01,Watford,Leicester,Away,0,2,0,1.2,1.42,Javi Gracia,permanent,0.8
2018/19,2018-12-04,Watford,Man City,Home,1,2,0,1.67,2.52,Javi Gracia,permanent,0.8
2018/19,2018-12-10,Watford,Everton,Away,2,2,1,1.63,1.73,Javi Gracia,permanent,0.8
2018/19,2018-12-15,Watford,Cardiff,Home,3,2,3,1.65,0.49,Javi Gracia,permanent,1.1
2018/19,2018-12-22,Watford,West Ham,Away,2,0,3,2.33,2.07,Javi Gracia,permanent,1.4
2018/19,2018-12-26,Watford,Chelsea,Home,1,2,0,1.24,2.2,Javi Gracia,permanent,1.1
2018/19,2018-12-29,Watford,Newcastle,Home,1,1,1,1.06,0.66,Javi Gracia,permanent,0.9
2018/19,2019-01-02,Watford,Bournemouth,Away,3,3,1,0.98,2.85,Javi Gracia,permanent,1.0
2018/19,2019-01-12,Watford,Crystal Palace,Away,2,1,3,1.56,1.16,Javi Gracia,permanent,1.2
2018/19,2019-01-19,Watford,Burnley,Home,0,0,1,1.07,1.97,Javi Gracia,permanent,1.3
2018/19,2019-01-30,Watford,Tottenham,Away,1,2,0,0.48,1.36,Javi Gracia,permanent,1.3
2018/19,2019-02-02,Watford,Brighton,Away,0,0,1,0.28,1.84,Javi Gracia,permanent,1.4
2018/19,2019-02-09,Watford,Everton,Home,1,0,3,1.53,0.64,Javi Gracia,permanent,1.6
2018/19,2019-02-22,Watford,Cardiff,Away,5,1,3,2.76,1.9,Javi Gracia,permanent,1.6
2018/19,2019-02-27,Watford,Liverpool,Away,0,5,0,0.63,2.74,Javi Gracia,permanent,1.3
2018/19,2019-03-03,Watford,Leicester,Home,2,1,3,1.37,0.79,Javi Gracia,permanent,1.6
2018/19,2019-03-09,Watford,Man City,Away,1,3,0,0.41,3.76,Javi Gracia,permanent,1.5
2018/19,2019-03-30,Watford,Man United,Away,1,2,0,1.35,1.98,Javi Gracia,permanent,1.4
2018/19,2019-04-02,Watford,Fulham,Home,4,1,3,1.59,1.91,Javi Gracia,permanent,1.4
2018/19,2019-04-15,Watford,Arsenal,Home,0,1,0,1.13,2.27,Javi Gracia,permanent,1.3
2018/19,2019-04-20,Watford,Huddersfield,Away,2,1,3,1.08,1.09,Javi Gracia,permanent,1.6
2018/19,2019-04-23,Watford,Southampton,Home,1,1,1,1.27,2.12,Javi Gracia,permanent,1.6
2018/19,2019-04-27,Watford,Wolves,Home,1,2,0,0.9,2.44,Javi Gracia,permanent,1.3
2018/19,2019-05-05,Watford,Chelsea,Away,0,3,0,1.27,2.96,Javi Gracia,permanent,1.0
2018/19,2019-05-12,Watford,West Ham,Home,1,4,0,2.07,3.2,Javi Gracia,permanent,1.0
2019/20,2019-08-10,Watford,Brighton,Home,0,3,0,0.67,0.86,Javi Gracia,permanent,0.7
2019/20,2019-08-17,Watford,Everton,Away,0,1,0,1.17,0.83,Javi Gracia,permanent,0.7
2019/20,2019-08-24,Watford,West Ham,Home,1,3,0,2.29,3.46,Javi Gracia,permanent,0.7
2019/20,2019-08-31,Watford,Newcastle,Away,1,1,1,1.11,1.04,Javi Gracia,permanent,0.5
2019/20,2019-09-15,Watford,Arsenal,Home,2,2,1,2.83,1.01,Quique Sánchez Flores,permanent,0.6
2019/20,2019-09-21,Watford,Man City,Away,0,8,0,0.34,6.63,Quique Sánchez Flores,permanent,0.3
2019/20,2019-09-28,Watford,Wolves,Away,0,2,0,1.07,1.16,Quique Sánchez Flores,permanent,0.2
2019/20,2019-10-05,Watford,Sheffield United,Home,0,0,1,1.44,0.35,Quique Sánchez Flores,permanent,0.3
2019/20,2019-10-19,Watford,Tottenham,Away,1,1,1,0.85,0.89,Quique Sánchez Flores,permanent,0.4
2019/20,2019-10-26,Watford,Bournemouth,Home,0,0,1,0.67,0.9,Quique Sánchez Flores,permanent,0.5
2019/20,2019-11-02,Watford,Chelsea,Home,1,2,0,1.47,2.18,Quique Sánchez Flores,permanent,0.5
2019/20,2019-11-08,Watford,Norwich,Away,2,0,3,1.36,0.62,Quique Sánchez Flores,permanent,0.8
2019/20,2019-11-23,Watford,Burnley,Home,0,3,0,0.9,2.66,Quique Sánchez Flores,permanent,0.8
2019/20,2019-11-30,Watford,Southampton,Away,1,2,0,0.5,1.97,Quique Sánchez Flores,permanent,0.7
2019/20,2019-12-04,Watford,Leicester,Away,0,2,0,0.2,2.29,Hayden Mullins,caretaker,0.6
2019/20,2019-12-07,Watford,Crystal Palace,Home,0,0,1,1.57,0.21,Hayden Mullins,caretaker,0.7
2019/20,2019-12-14,Watford,Liverpool,Away,0,2,0,1.01,1.57,Nigel Pearson,permanent,0.7
2019/20,2019-12-22,Watford,Man United,Home,2,0,3,1.59,1.53,Nigel Pearson,permanent,0.9
2019/20,2019-12-26,Watford,Sheffield United,Away,1,1,1,0.6,2.04,Nigel Pearson,permanent,0.9
2019/20,2019-12-28,Watford,Aston Villa,Home,3,0,3,3.25,0.61,Nigel Pearson,permanent,1.1
2019/20,2020-01-01,Watford,Wolves,Home,2,1,3,1.07,1.23,Nigel Pearson,permanent,1.4
2019/20,2020-01-12,Watford,Bournemouth,Away,3,0,3,2.3,0.32,Nigel Pearson,permanent,1.4
2019/20,2020-01-18,Watford,Tottenham,Home,0,0,1,2.39,1.77,Nigel Pearson,permanent,1.5
2019/20,2020-01-21,Watford,Aston Villa,Away,1,2,0,1.81,1.07,Nigel Pearson,permanent,1.5
2019/20,2020-02-01,Watford,Everton,Home,2,3,0,0.92,2.7,Nigel Pearson,permanent,1.5
2019/20,2020-02-08,Watford,Brighton,Away,1,1,1,0.28,0.76,Nigel Pearson,permanent,1.5
2019/20,2020-02-23,Watford,Man United,Away,0,3,0,0.29,2.5,Nigel Pearson,permanent,1.5
2019/20,2020-02-29,Watford,Liverpool,Home,3,0,3,2.71,0.21,Nigel Pearson,permanent,1.5
2019/20,2020-03-07,Watford,Crystal Palace,Away,0,1,0,0.45,0.86,Nigel Pearson,permanent,1.4
2019/20,2020-06-20,Watford,Leicester,Home,1,1,1,1.01,1.05,Nigel Pearson,permanent,1.2
2019/20,2020-06-25,Watford,Burnley,Away,0,1,0,0.5,0.96,Nigel Pearson,permanent,0.9
2019/20,2020-06-28,Watford,Southampton,Home,1,3,0,0.37,1.34,Nigel Pearson,permanent,0.6
2019/20,2020-07-04,Watford,Chelsea,Away,0,3,0,0.61,2.79,Nigel Pearson,permanent,0.5
2019/20,2020-07-07,Watford,Norwich,Home,2,1,3,0.73,1.13,Nigel Pearson,permanent,0.8
2019/20,2020-07-11,Watford,Newcastle,Home,2,1,3,3.13,1.49,Nigel Pearson,permanent,1.1
2019/20,2020-07-17,Watford,West Ham,Away,1,3,0,1.03,0.83,Nigel Pearson,permanent,1.0
2019/20,2020-07-21,Watford,Man City,Home,0,4,0,0.13,3.74,Hayden Mullins,caretaker,1.0
2019/20,2020-07-26,Watford,Arsenal,Away,2,3,0,3.92,1.95,Hayden Mullins,caretaker,0.7
2021/22,2021-08-14,Watford,Aston Villa,Home,3,2,3,1.35,1.14,Xisco Muñoz,caretaker,1.0
2021/22,2021-08-21,Watford,Brighton,Away,0,2,0,0.41,1.78,Xisco Muñoz,caretaker,0.9
2021/22,2021-08-29,Watford,Tottenham,Away,0,1,0,0.6,0.92,Xisco Muñoz,caretaker,0.9
2021/22,2021-09-11,Watford,Wolves,Home,0,2,0,0.19,2.56,Xisco Muñoz,caretaker,0.9
2021/22,2021-09-18,Watford,Norwich,Away,3,1,3,2.42,0.78,Xisco Muñoz,caretaker,1.2
2021/22,2021-09-25,Watford,Newcastle,Home,1,1,1,0.9,2.52,Xisco Muñoz,caretaker,1.0
2021/22,2021-10-02,Watford,Leeds,Away,0,1,0,0.19,1.57,Xisco Muñoz,caretaker,0.7
2021/22,2021-10-16,Watford,Liverpool,Home,0,5,0,0.3,3.66,Claudio Ranieri,permanent,0.7
2021/22,2021-10-23,Watford,Everton,Away,5,2,3,3.1,1.84,Claudio Ranieri,permanent,1.0
2021/22,2021-10-30,Watford,Southampton,Home,0,1,0,0.85,1.91,Claudio Ranieri,permanent,1.0
2021/22,2021-11-07,Watford,Arsenal,Away,0,1,0,0.49,1.49,Claudio Ranieri,permanent,0.7
2021/22,2021-11-20,Watford,Man United,Home,4,1,3,2.73,1.67,Claudio Ranieri,permanent,1.0
2021/22,2021-11-28,Watford,Leicester,Away,2,4,0,2.38,2.16,Claudio Ranieri,permanent,1.0
2021/22,2021-12-01,Watford,Chelsea,Home,1,2,0,0.99,0.91,Claudio Ranieri,permanent,1.0
2021/22,2021-12-04,Watford,Man City,Home,1,3,0,0.68,4.03,Claudio Ranieri,permanent,0.7
2021/22,2021-12-10,Watford,Brentford,Away,1,2,0,0.56,1.83,Claudio Ranieri,permanent,0.6
2021/22,2021-12-28,Watford,West Ham,Home,1,4,0,1.01,2.84,Claudio Ranieri,permanent,0.6
2021/22,2022-01-01,Watford,Tottenham,Home,0,1,0,0.3,1.94,Claudio Ranieri,permanent,0.6
2021/22,2022-01-15,Watford,Newcastle,Away,1,1,1,1.5,1.04,Claudio Ranieri,permanent,0.4
2021/22,2022-01-21,Watford,Norwich,Home,0,3,0,1.31,0.93,Claudio Ranieri,permanent,0.4
2021/22,2022-02-05,Watford,Burnley,Away,0,0,1,0.93,0.77,Roy Hodgson,permanent,0.5
2021/22,2022-02-08,Watford,West Ham,Away,0,1,0,0.34,0.91,Roy Hodgson,permanent,0.2
2021/22,2022-02-12,Watford,Brighton,Home,0,2,0,0.53,1.8,Roy Hodgson,permanent,0.2
2021/22,2022-02-19,Watford,Aston Villa,Away,1,0,3,1.82,1.03,Roy Hodgson,permanent,0.5
2021/22,2022-02-23,Watford,Crystal Palace,Home,1,4,0,1.72,0.82,Roy Hodgson,permanent,0.5
2021/22,2022-02-26,Watford,Man United,Away,0,0,1,0.44,2.41,Roy Hodgson,permanent,0.6
2021/22,2022-03-06,Watford,Arsenal,Home,2,3,0,1.3,1.0,Roy Hodgson,permanent,0.6
2021/22,2022-03-10,Watford,Wolves,Away,0,4,0,0.5,1.55,Roy Hodgson,permanent,0.6
2021/22,2022-03-13,Watford,Southampton,Away,2,1,3,1.29,1.26,Roy Hodgson,permanent,0.8
2021/22,2022-04-02,Watford,Liverpool,Away,0,2,0,0.75,2.24,Roy Hodgson,permanent,0.8
2021/22,2022-04-09,Watford,Leeds,Home,0,3,0,1.07,0.9,Roy Hodgson,permanent,0.7
2021/22,2022-04-16,Watford,Brentford,Home,1,2,0,1.5,2.12,Roy Hodgson,permanent,0.7
2021/22,2022-04-23,Watford,Man City,Away,1,5,0,0.43,3.68,Roy Hodgson,permanent,0.7
2021/22,2022-04-30,Watford,Burnley,Home,1,2,0,0.79,1.37,Roy Hodgson,permanent,0.4
2021/22,2022-05-07,Watford,Crystal Palace,Away,0,1,0,0.26,2.49,Roy Hodgson,permanent,0.4
2021/22,2022-05-11,Watford,Everton,Home,0,0,1,0.23,0.81,Roy Hodgson,permanent,0.4
2021/22,2022-05-15,Watford,Leicester,Home,1,5,0,2.59,2.27,Roy Hodgson,permanent,0.4
2021/22,2022-05-22,Watford,Chelsea,Away,1,2,0,0.58,2.59,Roy Hodgson,permanent,0.4
2014/15,2014-08-16,West Brom,Sunderland,Home,2,2,1,1.68,0.99,Alan Irvine,first spell in data,
2014/15,2014-08-23,West Brom,Southampton,Away,0,0,1,0.67,0.67,Alan Irvine,first spell in data,
2014/15,2014-08-30,West Brom,Swansea,Away,0,3,0,0.7,2.03,Alan Irvine,first spell in data,
2014/15,2014-09-13,West Brom,Everton,Home,0,2,0,0.6,0.81,Alan Irvine,first spell in data,
2014/15,2014-09-21,West Brom,Tottenham,Away,1,0,3,1.08,0.44,Alan Irvine,first spell in data,
2014/15,2014-09-28,West Brom,Burnley,Home,4,0,3,1.81,0.47,Alan Irvine,first spell in data,
2014/15,2014-10-04,West Brom,Liverpool,Away,1,2,0,1.44,1.56,Alan Irvine,first spell in data,
2014/15,2014-10-20,West Brom,Man United,Home,2,2,1,0.62,0.93,Alan Irvine,first spell in data,
2014/15,2014-10-25,West Brom,Crystal Palace,Home,2,2,1,1.46,1.77,Alan Irvine,first spell in data,
2014/15,2014-11-01,West Brom,Leicester,Away,1,0,3,0.56,1.41,Alan Irvine,first spell in data,1.3
2014/15,2014-11-09,West Brom,Newcastle,Home,0,2,0,0.77,0.69,Alan Irvine,first spell in data,1.2
2014/15,2014-11-22,West Brom,Chelsea,Away,0,2,0,0.09,4.37,Alan Irvine,first spell in data,1.1
2014/15,2014-11-29,West Brom,Arsenal,Home,0,1,0,0.32,1.06,Alan Irvine,first spell in data,1.1
2014/15,2014-12-02,West Brom,West Ham,Home,1,2,0,1.41,1.24,Alan Irvine,first spell in data,1.1
2014/15,2014-12-06,West Brom,Hull,Away,0,0,1,1.06,0.59,Alan Irvine,first spell in data,0.9
2014/15,2014-12-13,West Brom,Aston Villa,Home,1,0,3,1.44,0.27,Alan Irvine,first spell in data,0.9
2014/15,2014-12-20,West Brom,QPR,Away,2,3,0,1.3,2.93,Alan Irvine,first spell in data,0.9
2014/15,2014-12-26,West Brom,Man City,Home,1,3,0,2.64,2.1,Alan Irvine,first spell in data,0.8
2014/15,2014-12-28,West Brom,Stoke,Away,0,2,0,1.36,1.25,Alan Irvine,first spell in data,0.7
2014/15,2015-01-01,West Brom,West Ham,Away,1,1,1,1.12,1.14,Rob Kelly,caretaker,0.5
2014/15,2015-01-10,West Brom,Hull,Home,1,0,3,0.78,0.4,Tony Pulis,permanent,0.8
2014/15,2015-01-19,West Brom,Everton,Away,0,0,1,0.2,1.49,Tony Pulis,permanent,0.9
2014/15,2015-01-31,West Brom,Tottenham,Home,0,3,0,0.81,1.34,Tony Pulis,permanent,0.9
2014/15,2015-02-08,West Brom,Burnley,Away,2,2,1,2.55,1.1,Tony Pulis,permanent,1.0
2014/15,2015-02-11,West Brom,Swansea,Home,2,0,3,0.69,0.44,Tony Pulis,permanent,1.2
2014/15,2015-02-21,West Brom,Sunderland,Away,0,0,1,0.11,0.7,Tony Pulis,permanent,1.0
2014/15,2015-02-28,West Brom,Southampton,Home,1,0,3,1.09,0.58,Tony Pulis,permanent,1.3
2014/15,2015-03-03,West Brom,Aston Villa,Away,1,2,0,0.91,1.92,Tony Pulis,permanent,1.3
2014/15,2015-03-14,West Brom,Stoke,Home,1,0,3,0.96,0.2,Tony Pulis,permanent,1.6
2014/15,2015-03-21,West Brom,Man City,Away,0,3,0,0.78,4.91,Tony Pulis,permanent,1.5
2014/15,2015-04-04,West Brom,QPR,Home,1,4,0,2.13,1.21,Tony Pulis,permanent,1.2
2014/15,2015-04-11,West Brom,Leicester,Home,2,3,0,0.97,1.69,Tony Pulis,permanent,1.1
2014/15,2015-04-18,West Brom,Crystal Palace,Away,2,0,3,0.7,2.06,Tony Pulis,permanent,1.4
2014/15,2015-04-25,West Brom,Liverpool,Home,0,0,1,0.51,1.41,Tony Pulis,permanent,1.4
2014/15,2015-05-02,West Brom,Man United,Away,1,0,3,0.32,2.11,Tony Pulis,permanent,1.4
2014/15,2015-05-09,West Brom,Newcastle,Away,1,1,1,1.21,1.24,Tony Pulis,permanent,1.4
2014/15,2015-05-18,West Brom,Chelsea,Home,3,0,3,1.23,1.08,Tony Pulis,permanent,1.4
2014/15,2015-05-24,West Brom,Arsenal,Away,1,4,0,0.57,3.17,Tony Pulis,permanent,1.4
2015/16,2015-08-10,West Brom,Man City,Home,0,3,0,0.44,1.92,Tony Pulis,permanent,1.1
2015/16,2015-08-15,West Brom,Watford,Away,0,0,1,0.68,0.76,Tony Pulis,permanent,1.2
2015/16,2015-08-23,West Brom,Chelsea,Home,2,3,0,1.43,2.03,Tony Pulis,permanent,1.2
2015/16,2015-08-29,West Brom,Stoke,Away,1,0,3,0.88,1.22,Tony Pulis,permanent,1.5
2015/16,2015-09-12,West Brom,Southampton,Home,0,0,1,0.41,1.01,Tony Pulis,permanent,1.3
2015/16,2015-09-19,West Brom,Aston Villa,Away,1,0,3,0.63,0.88,Tony Pulis,permanent,1.5
2015/16,2015-09-28,West Brom,Everton,Home,2,3,0,1.28,2.3,Tony Pulis,permanent,1.2
2015/16,2015-10-03,West Brom,Crystal Palace,Away,0,2,0,0.26,1.99,Tony Pulis,permanent,1.1
2015/16,2015-10-17,West Brom,Sunderland,Home,1,0,3,2.08,0.66,Tony Pulis,permanent,1.1
2015/16,2015-10-24,West Brom,Norwich,Away,1,0,3,1.45,1.03,Tony Pulis,permanent,1.4
2015/16,2015-10-31,West Brom,Leicester,Home,2,3,0,1.5,2.23,Tony Pulis,permanent,1.4
2015/16,2015-11-07,West Brom,Man United,Away,0,2,0,0.59,1.28,Tony Pulis,permanent,1.3
2015/16,2015-11-21,West Brom,Arsenal,Home,2,1,3,0.33,2.09,Tony Pulis,permanent,1.6
2015/16,2015-11-29,West Brom,West Ham,Away,1,1,1,0.87,1.41,Tony Pulis,permanent,1.4
2015/16,2015-12-05,West Brom,Tottenham,Home,1,1,1,1.49,1.13,Tony Pulis,permanent,1.4
2015/16,2015-12-13,West Brom,Liverpool,Away,2,2,1,0.84,2.13,Tony Pulis,permanent,1.2
2015/16,2015-12-19,West Brom,Bournemouth,Home,1,2,0,0.7,1.89,Tony Pulis,permanent,1.2
2015/16,2015-12-26,West Brom,Swansea,Away,0,1,0,0.55,1.21,Tony Pulis,permanent,1.2
2015/16,2015-12-28,West Brom,Newcastle,Home,1,0,3,2.1,0.46,Tony Pulis,permanent,1.2
2015/16,2016-01-02,West Brom,Stoke,Home,2,1,3,1.72,0.92,Tony Pulis,permanent,1.2
2015/16,2016-01-13,West Brom,Chelsea,Away,2,2,1,0.7,1.39,Tony Pulis,permanent,1.3
2015/16,2016-01-16,West Brom,Southampton,Away,0,3,0,0.41,1.43,Tony Pulis,permanent,1.3
2015/16,2016-01-23,West Brom,Aston Villa,Home,0,0,1,0.23,0.56,Tony Pulis,permanent,1.1
2015/16,2016-02-02,West Brom,Swansea,Home,1,1,1,2.31,1.18,Tony Pulis,permanent,1.1
2015/16,2016-02-06,West Brom,Newcastle,Away,0,1,0,0.47,2.41,Tony Pulis,permanent,1.0
2015/16,2016-02-13,West Brom,Everton,Away,1,0,3,1.2,1.83,Tony Pulis,permanent,1.2
2015/16,2016-02-27,West Brom,Crystal Palace,Home,3,2,3,2.07,1.22,Tony Pulis,permanent,1.5
2015/16,2016-03-01,West Brom,Leicester,Away,2,2,1,1.29,3.05,Tony Pulis,permanent,1.6
2015/16,2016-03-06,West Brom,Man United,Home,1,0,3,0.57,0.42,Tony Pulis,permanent,1.6
2015/16,2016-03-19,West Brom,Norwich,Home,0,1,0,0.33,0.8,Tony Pulis,permanent,1.3
2015/16,2016-04-02,West Brom,Sunderland,Away,0,0,1,0.06,1.55,Tony Pulis,permanent,1.3
2015/16,2016-04-09,West Brom,Man City,Away,1,2,0,1.09,2.07,Tony Pulis,permanent,1.3
2015/16,2016-04-16,West Brom,Watford,Home,0,1,0,2.29,0.36,Tony Pulis,permanent,1.2
2015/16,2016-04-21,West Brom,Arsenal,Away,0,2,0,0.84,1.37,Tony Pulis,permanent,1.1
2015/16,2016-04-25,West Brom,Tottenham,Away,1,1,1,0.89,1.26,Tony Pulis,permanent,1.2
2015/16,2016-04-30,West Brom,West Ham,Home,0,3,0,1.53,1.27,Tony Pulis,permanent,0.9
2015/16,2016-05-07,West Brom,Bournemouth,Away,1,1,1,1.34,0.81,Tony Pulis,permanent,0.7
2015/16,2016-05-15,West Brom,Liverpool,Home,1,1,1,1.87,0.42,Tony Pulis,permanent,0.7
2016/17,2016-08-13,West Brom,Crystal Palace,Away,1,0,3,0.68,0.99,Tony Pulis,permanent,0.7
2016/17,2016-08-20,West Brom,Everton,Home,1,2,0,2.02,1.84,Tony Pulis,permanent,0.7
2016/17,2016-08-28,West Brom,Middlesbrough,Home,0,0,1,0.7,0.4,Tony Pulis,permanent,0.7
2016/17,2016-09-10,West Brom,Bournemouth,Away,0,1,0,1.48,0.99,Tony Pulis,permanent,0.7
2016/17,2016-09-17,West Brom,West Ham,Home,4,2,3,1.94,2.37,Tony Pulis,permanent,1.0
2016/17,2016-09-24,West Brom,Stoke,Away,1,1,1,0.27,0.98,Tony Pulis,permanent,1.1
2016/17,2016-10-01,West Brom,Sunderland,Away,1,1,1,0.88,1.19,Tony Pulis,permanent,1.1
2016/17,2016-10-15,West Brom,Tottenham,Home,1,1,1,1.3,1.32,Tony Pulis,permanent,1.2
2016/17,2016-10-22,West Brom,Liverpool,Away,1,2,0,0.69,2.3,Tony Pulis,permanent,1.1
2016/17,2016-10-29,West Brom,Man City,Home,0,4,0,0.6,2.48,Tony Pulis,permanent,1.0
2016/17,2016-11-06,West Brom,Leicester,Away,2,1,3,0.78,0.63,Tony Pulis,permanent,1.0
2016/17,2016-11-21,West Brom,Burnley,Home,4,0,3,1.41,0.57,Tony Pulis,permanent,1.3
2016/17,2016-11-26,West Brom,Hull,Away,1,1,1,1.4,0.42,Tony Pulis,permanent,1.3
2016/17,2016-12-03,West Brom,Watford,Home,3,1,3,1.18,1.48,Tony Pulis,permanent,1.6
2016/17,2016-12-11,West Brom,Chelsea,Away,0,1,0,0.21,0.55,Tony Pulis,permanent,1.3
2016/17,2016-12-14,West Brom,Swansea,Home,3,1,3,1.78,1.07,Tony Pulis,permanent,1.5
2016/17,2016-12-17,West Brom,Man United,Home,0,2,0,0.6,0.98,Tony Pulis,permanent,1.4
2016/17,2016-12-26,West Brom,Arsenal,Away,0,1,0,0.69,1.98,Tony Pulis,permanent,1.3
2016/17,2016-12-31,West Brom,Southampton,Away,2,1,3,0.67,0.37,Tony Pulis,permanent,1.6
2016/17,2017-01-02,West Brom,Hull,Home,3,1,3,0.88,0.99,Tony Pulis,permanent,1.9
2016/17,2017-01-14,West Brom,Tottenham,Away,0,4,0,0.17,2.65,Tony Pulis,permanent,1.6
2016/17,2017-01-21,West Brom,Sunderland,Home,2,0,3,1.33,0.44,Tony Pulis,permanent,1.6
2016/17,2017-01-31,West Brom,Middlesbrough,Away,1,1,1,1.25,1.18,Tony Pulis,permanent,1.6
2016/17,2017-02-04,West Brom,Stoke,Home,1,0,3,1.85,1.11,Tony Pulis,permanent,1.6
2016/17,2017-02-11,West Brom,West Ham,Away,2,2,1,0.77,1.18,Tony Pulis,permanent,1.7
2016/17,2017-02-25,West Brom,Bournemouth,Home,2,1,3,1.61,1.23,Tony Pulis,permanent,1.7
2016/17,2017-03-04,West Brom,Crystal Palace,Home,0,2,0,0.37,1.39,Tony Pulis,permanent,1.7
2016/17,2017-03-11,West Brom,Everton,Away,0,3,0,0.13,2.18,Tony Pulis,permanent,1.7
2016/17,2017-03-18,West Brom,Arsenal,Home,3,1,3,2.12,1.0,Tony Pulis,permanent,1.7
2016/17,2017-04-01,West Brom,Man United,Away,0,0,1,0.2,0.99,Tony Pulis,permanent,1.5
2016/17,2017-04-04,West Brom,Watford,Away,0,2,0,1.48,0.69,Tony Pulis,permanent,1.5
2016/17,2017-04-08,West Brom,Southampton,Home,0,1,0,2.02,0.91,Tony Pulis,permanent,1.2
2016/17,2017-04-16,West Brom,Liverpool,Home,0,1,0,0.59,1.3,Tony Pulis,permanent,1.1
2016/17,2017-04-29,West Brom,Leicester,Home,0,1,0,0.81,0.57,Tony Pulis,permanent,0.8
2016/17,2017-05-06,West Brom,Burnley,Away,2,2,1,0.83,1.09,Tony Pulis,permanent,0.8
2016/17,2017-05-12,West Brom,Chelsea,Home,0,1,0,0.53,1.77,Tony Pulis,permanent,0.5
2016/17,2017-05-16,West Brom,Man City,Away,1,3,0,0.39,2.58,Tony Pulis,permanent,0.5
2016/17,2017-05-21,West Brom,Swansea,Away,1,2,0,1.61,1.75,Tony Pulis,permanent,0.5
2017/18,2017-08-12,West Brom,Bournemouth,Home,1,0,3,1.18,0.38,Tony Pulis,permanent,0.5
2017/18,2017-08-19,West Brom,Burnley,Away,1,0,3,0.65,1.37,Tony Pulis,permanent,0.7
2017/18,2017-08-27,West Brom,Stoke,Home,1,1,1,0.88,0.98,Tony Pulis,permanent,0.8
2017/18,2017-09-09,West Brom,Brighton,Away,1,3,0,0.87,0.4,Tony Pulis,permanent,0.8
2017/18,2017-09-16,West Brom,West Ham,Home,0,0,1,0.78,0.27,Tony Pulis,permanent,0.9
2017/18,2017-09-25,West Brom,Arsenal,Away,0,2,0,0.77,2.39,Tony Pulis,permanent,0.9
2017/18,2017-09-30,West Brom,Watford,Home,2,2,1,1.94,1.62,Tony Pulis,permanent,0.9
2017/18,2017-10-16,West Brom,Leicester,Away,1,1,1,0.16,0.96,Tony Pulis,permanent,1.0
2017/18,2017-10-21,West Brom,Southampton,Away,0,1,0,0.5,2.02,Tony Pulis,permanent,1.0
2017/18,2017-10-28,West Brom,Man City,Home,2,3,0,1.12,2.77,Tony Pulis,permanent,1.0
2017/18,2017-11-04,West Brom,Huddersfield,Away,0,1,0,0.38,0.26,Tony Pulis,permanent,0.7
2017/18,2017-11-18,West Brom,Chelsea,Home,0,4,0,0.59,1.72,Tony Pulis,permanent,0.4
2017/18,2017-11-25,West Brom,Tottenham,Away,1,1,1,0.72,1.92,Gary Megson,caretaker,0.4
2017/18,2017-11-28,West Brom,Newcastle,Home,2,2,1,0.85,1.13,Gary Megson,caretaker,0.5
2017/18,2017-12-02,West Brom,Crystal Palace,Home,0,0,1,1.65,0.81,Alan Pardew,permanent,0.5
2017/18,2017-12-09,West Brom,Swansea,Away,0,1,0,0.25,1.01,Alan Pardew,permanent,0.5
2017/18,2017-12-13,West Brom,Liverpool,Away,0,0,1,0.52,2.14,Alan Pardew,permanent,0.5
2017/18,2017-12-17,West Brom,Man United,Home,1,2,0,1.08,0.9,Alan Pardew,permanent,0.4
2017/18,2017-12-23,West Brom,Stoke,Away,1,3,0,2.05,1.8,Alan Pardew,permanent,0.4
2017/18,2017-12-26,West Brom,Everton,Home,0,0,1,1.18,0.41,Alan Pardew,permanent,0.5
2017/18,2017-12-31,West Brom,Arsenal,Home,1,1,1,1.39,0.92,Alan Pardew,permanent,0.6
2017/18,2018-01-02,West Brom,West Ham,Away,1,2,0,0.64,1.06,Alan Pardew,permanent,0.6
2017/18,2018-01-13,West Brom,Brighton,Home,2,0,3,1.38,0.53,Alan Pardew,permanent,0.8
2017/18,2018-01-20,West Brom,Everton,Away,1,1,1,1.35,0.92,Alan Pardew,permanent,0.8
2017/18,2018-01-31,West Brom,Man City,Away,0,3,0,0.12,2.69,Alan Pardew,permanent,0.7
2017/18,2018-02-03,West Brom,Southampton,Home,2,3,0,0.88,1.0,Alan Pardew,permanent,0.7
2017/18,2018-02-12,West Brom,Chelsea,Away,0,3,0,0.63,2.38,Alan Pardew,permanent,0.6
2017/18,2018-02-24,West Brom,Huddersfield,Home,1,2,0,1.5,1.18,Alan Pardew,permanent,0.6
2017/18,2018-03-03,West Brom,Watford,Away,0,1,0,1.09,1.24,Alan Pardew,permanent,0.6
2017/18,2018-03-10,West Brom,Leicester,Home,1,4,0,0.36,1.87,Alan Pardew,permanent,0.5
2017/18,2018-03-17,West Brom,Bournemouth,Away,1,2,0,1.74,0.69,Alan Pardew,permanent,0.4
2017/18,2018-03-31,West Brom,Burnley,Home,1,2,0,0.39,1.42,Alan Pardew,permanent,0.4
2017/18,2018-04-07,West Brom,Swansea,Home,1,1,1,1.23,0.66,Darren Moore,caretaker,0.2
2017/18,2018-04-15,West Brom,Man United,Away,1,0,3,0.82,0.64,Darren Moore,caretaker,0.4
2017/18,2018-04-21,West Brom,Liverpool,Home,2,2,1,1.4,1.64,Darren Moore,caretaker,0.5
2017/18,2018-04-28,West Brom,Newcastle,Away,1,0,3,0.7,1.58,Darren Moore,caretaker,0.8
2017/18,2018-05-05,West Brom,Tottenham,Home,1,0,3,1.22,0.97,Darren Moore,caretaker,1.1
2017/18,2018-05-13,West Brom,Crystal Palace,Away,0,2,0,0.22,2.36,Darren Moore,caretaker,1.1
2020/21,2020-09-13,West Brom,Leicester,Home,0,3,0,0.35,2.96,Slaven Bilic,appointed_outside_pl,1.1
2020/21,2020-09-19,West Brom,Everton,Away,2,5,0,0.32,4.16,Slaven Bilic,appointed_outside_pl,1.1
2020/21,2020-09-26,West Brom,Chelsea,Home,3,3,1,0.91,2.36,Slaven Bilic,appointed_outside_pl,1.2
2020/21,2020-10-04,West Brom,Southampton,Away,0,2,0,0.16,0.95,Slaven Bilic,appointed_outside_pl,1.2
2020/21,2020-10-19,West Brom,Burnley,Home,0,0,1,0.73,1.09,Slaven Bilic,appointed_outside_pl,1.2
2020/21,2020-10-26,West Brom,Brighton,Away,1,1,1,0.3,0.55,Slaven Bilic,appointed_outside_pl,1.0
2020/21,2020-11-02,West Brom,Fulham,Away,0,2,0,0.48,1.62,Slaven Bilic,appointed_outside_pl,0.9
2020/21,2020-11-08,West Brom,Tottenham,Home,0,1,0,0.8,1.87,Slaven Bilic,appointed_outside_pl,0.6
2020/21,2020-11-21,West Brom,Man United,Away,0,1,0,0.44,2.43,Slaven Bilic,appointed_outside_pl,0.3
2020/21,2020-11-28,West Brom,Sheffield United,Home,1,0,3,1.72,3.37,Slaven Bilic,appointed_outside_pl,0.6
2020/21,2020-12-06,West Brom,Crystal Palace,Home,1,5,0,0.57,1.69,Slaven Bilic,appointed_outside_pl,0.6
2020/21,2020-12-12,West Brom,Newcastle,Away,1,2,0,0.57,0.9,Slaven Bilic,appointed_outside_pl,0.6
2020/21,2020-12-15,West Brom,Man City,Away,1,1,1,0.21,2.59,Slaven Bilic,appointed_outside_pl,0.6
2020/21,2020-12-20,West Brom,Aston Villa,Home,0,3,0,0.04,2.62,Sam Allardyce,permanent,0.6
2020/21,2020-12-27,West Brom,Liverpool,Away,1,1,1,0.74,1.45,Sam Allardyce,permanent,0.6
2020/21,2020-12-29,West Brom,Leeds,Home,0,5,0,0.44,1.54,Sam Allardyce,permanent,0.5
2020/21,2021-01-02,West Brom,Arsenal,Home,0,4,0,0.87,4.03,Sam Allardyce,permanent,0.5
2020/21,2021-01-16,West Brom,Wolves,Away,3,2,3,2.46,1.94,Sam Allardyce,permanent,0.8
2020/21,2021-01-19,West Brom,West Ham,Away,1,2,0,0.46,2.18,Sam Allardyce,permanent,0.8
2020/21,2021-01-26,West Brom,Man City,Home,0,5,0,0.57,2.25,Sam Allardyce,permanent,0.5
2020/21,2021-01-30,West Brom,Fulham,Home,2,2,1,0.99,1.52,Sam Allardyce,permanent,0.6
2020/21,2021-02-02,West Brom,Sheffield United,Away,1,2,0,1.62,1.36,Sam Allardyce,permanent,0.6
2020/21,2021-02-07,West Brom,Tottenham,Away,0,2,0,0.7,1.93,Sam Allardyce,permanent,0.5
2020/21,2021-02-14,West Brom,Man United,Home,1,1,1,0.95,0.42,Sam Allardyce,permanent,0.6
2020/21,2021-02-20,West Brom,Burnley,Away,0,0,1,1.72,0.54,Sam Allardyce,permanent,0.6
2020/21,2021-02-27,West Brom,Brighton,Home,1,0,3,0.69,3.12,Sam Allardyce,permanent,0.9
2020/21,2021-03-04,West Brom,Everton,Home,0,1,0,1.02,1.41,Sam Allardyce,permanent,0.9
2020/21,2021-03-07,West Brom,Newcastle,Home,0,0,1,1.47,0.45,Sam Allardyce,permanent,0.7
2020/21,2021-03-13,West Brom,Crystal Palace,Away,0,1,0,0.51,1.31,Sam Allardyce,permanent,0.7
2020/21,2021-04-03,West Brom,Chelsea,Away,5,2,3,1.38,2.56,Sam Allardyce,permanent,1.0
2020/21,2021-04-12,West Brom,Southampton,Home,3,0,3,2.77,1.5,Sam Allardyce,permanent,1.2
2020/21,2021-04-22,West Brom,Leicester,Away,0,3,0,0.28,2.67,Sam Allardyce,permanent,1.2
2020/21,2021-04-25,West Brom,Aston Villa,Away,2,2,1,1.57,2.65,Sam Allardyce,permanent,1.3
2020/21,2021-05-03,West Brom,Wolves,Home,1,1,1,1.07,0.84,Sam Allardyce,permanent,1.3
2020/21,2021-05-09,West Brom,Arsenal,Away,1,3,0,1.83,1.07,Sam Allardyce,permanent,1.2
2020/21,2021-05-16,West Brom,Liverpool,Home,1,2,0,1.14,2.08,Sam Allardyce,permanent,0.9
2020/21,2021-05-19,West Brom,West Ham,Home,1,3,0,1.11,3.57,Sam Allardyce,permanent,0.9
2020/21,2021-05-23,West Brom,Leeds,Away,1,3,0,1.02,2.49,Sam Allardyce,permanent,0.8
2014/15,2014-08-16,West Ham,Tottenham,Home,0,1,0,1.85,1.02,Sam Allardyce,first spell in data,
2014/15,2014-08-23,West Ham,Crystal Palace,Away,3,1,3,1.34,0.62,Sam Allardyce,first spell in data,
2014/15,2014-08-30,West Ham,Southampton,Home,1,3,0,0.64,1.58,Sam Allardyce,first spell in data,
2014/15,2014-09-15,West Ham,Hull,Away,2,2,1,0.66,0.44,Sam Allardyce,first spell in data,
2014/15,2014-09-20,West Ham,Liverpool,Home,3,1,3,1.26,0.38,Sam Allardyce,first spell in data,
2014/15,2014-09-27,West Ham,Man United,Away,1,2,0,1.27,0.52,Sam Allardyce,first spell in data,
2014/15,2014-10-05,West Ham,QPR,Home,2,0,3,1.64,0.7,Sam Allardyce,first spell in data,
2014/15,2014-10-18,West Ham,Burnley,Away,3,1,3,2.84,1.74,Sam Allardyce,first spell in data,
2014/15,2014-10-25,West Ham,Man City,Home,2,1,3,2.63,1.86,Sam Allardyce,first spell in data,
2014/15,2014-11-01,West Ham,Stoke,Away,2,2,1,0.53,3.07,Sam Allardyce,first spell in data,1.7
2014/15,2014-11-08,West Ham,Aston Villa,Home,0,0,1,1.48,0.56,Sam Allardyce,first spell in data,1.8
2014/15,2014-11-22,West Ham,Everton,Away,1,2,0,1.12,1.83,Sam Allardyce,first spell in data,1.5
2014/15,2014-11-29,West Ham,Newcastle,Home,1,0,3,1.1,0.25,Sam Allardyce,first spell in data,1.8
2014/15,2014-12-02,West Ham,West Brom,Away,2,1,3,1.24,1.41,Sam Allardyce,first spell in data,2.0
2014/15,2014-12-07,West Ham,Swansea,Home,3,1,3,2.12,1.0,Sam Allardyce,first spell in data,2.0
2014/15,2014-12-13,West Ham,Sunderland,Away,1,1,1,0.87,1.34,Sam Allardyce,first spell in data,2.1
2014/15,2014-12-20,West Ham,Leicester,Home,2,0,3,1.45,0.66,Sam Allardyce,first spell in data,2.1
2014/15,2014-12-26,West Ham,Chelsea,Away,0,2,0,0.46,3.57,Sam Allardyce,first spell in data,1.8
2014/15,2014-12-28,West Ham,Arsenal,Home,1,2,0,1.11,3.36,Sam Allardyce,first spell in data,1.5
2014/15,2015-01-01,West Ham,West Brom,Home,1,1,1,1.14,1.12,Sam Allardyce,first spell in data,1.5
2014/15,2015-01-10,West Ham,Swansea,Away,1,1,1,0.73,1.55,Sam Allardyce,first spell in data,1.5
2014/15,2015-01-18,West Ham,Hull,Home,3,0,3,2.69,0.42,Sam Allardyce,first spell in data,1.8
2014/15,2015-01-31,West Ham,Liverpool,Away,0,2,0,0.38,2.28,Sam Allardyce,first spell in data,1.5
2014/15,2015-02-08,West Ham,Man United,Home,1,1,1,0.87,1.21,Sam Allardyce,first spell in data,1.3
2014/15,2015-02-11,West Ham,Southampton,Away,0,0,1,0.13,1.68,Sam Allardyce,first spell in data,1.1
2014/15,2015-02-22,West Ham,Tottenham,Away,2,2,1,2.21,2.18,Sam Allardyce,first spell in data,1.1
2014/15,2015-02-28,West Ham,Crystal Palace,Home,1,3,0,1.29,0.85,Sam Allardyce,first spell in data,0.8
2014/15,2015-03-04,West Ham,Chelsea,Home,0,1,0,1.46,2.38,Sam Allardyce,first spell in data,0.8
2014/15,2015-03-14,West Ham,Arsenal,Away,0,3,0,0.48,3.2,Sam Allardyce,first spell in data,0.8
2014/15,2015-03-21,West Ham,Sunderland,Home,1,0,3,1.0,0.54,Sam Allardyce,first spell in data,1.0
2014/15,2015-04-04,West Ham,Leicester,Away,1,2,0,1.94,3.44,Sam Allardyce,first spell in data,0.9
2014/15,2015-04-11,West Ham,Stoke,Home,1,1,1,0.6,0.59,Sam Allardyce,first spell in data,0.7
2014/15,2015-04-19,West Ham,Man City,Away,0,2,0,0.74,2.05,Sam Allardyce,first spell in data,0.7
2014/15,2015-04-25,West Ham,QPR,Away,0,0,1,0.82,2.28,Sam Allardyce,first spell in data,0.7
2014/15,2015-05-02,West Ham,Burnley,Home,1,0,3,3.24,0.76,Sam Allardyce,first spell in data,0.9
2014/15,2015-05-09,West Ham,Aston Villa,Away,0,1,0,0.15,1.27,Sam Allardyce,first spell in data,0.8
2014/15,2015-05-16,West Ham,Everton,Home,1,2,0,0.81,2.07,Sam Allardyce,first spell in data,0.8
2014/15,2015-05-24,West Ham,Newcastle,Away,0,2,0,0.42,1.64,Sam Allardyce,first spell in data,0.8
2015/16,2015-08-09,West Ham,Arsenal,Away,2,0,3,0.54,1.33,Slaven Bilic,permanent,1.1
2015/16,2015-08-15,West Ham,Leicester,Home,1,2,0,0.51,1.81,Slaven Bilic,permanent,0.8
2015/16,2015-08-22,West Ham,Bournemouth,Home,3,4,0,1.5,2.86,Slaven Bilic,permanent,0.8
2015/16,2015-08-29,West Ham,Liverpool,Away,3,0,3,0.97,0.56,Slaven Bilic,permanent,1.0
2015/16,2015-09-14,West Ham,Newcastle,Home,2,0,3,1.71,0.72,Slaven Bilic,permanent,1.3
2015/16,2015-09-19,West Ham,Man City,Away,2,1,3,1.0,2.98,Slaven Bilic,permanent,1.5
2015/16,2015-09-26,West Ham,Norwich,Home,2,2,1,2.6,1.39,Slaven Bilic,permanent,1.3
2015/16,2015-10-03,West Ham,Sunderland,Away,2,2,1,1.94,1.08,Slaven Bilic,permanent,1.4
2015/16,2015-10-17,West Ham,Crystal Palace,Away,3,1,3,2.76,1.08,Slaven Bilic,permanent,1.7
2015/16,2015-10-24,West Ham,Chelsea,Home,2,1,3,0.77,1.14,Slaven Bilic,permanent,2.0
2015/16,2015-10-31,West Ham,Watford,Away,0,2,0,0.61,1.62,Slaven Bilic,permanent,1.7
2015/16,2015-11-07,West Ham,Everton,Home,1,1,1,0.59,1.09,Slaven Bilic,permanent,1.8
2015/16,2015-11-22,West Ham,Tottenham,Away,1,4,0,0.82,3.22,Slaven Bilic,permanent,1.8
2015/16,2015-11-29,West Ham,West Brom,Home,1,1,1,1.41,0.87,Slaven Bilic,permanent,1.6
2015/16,2015-12-05,West Ham,Man United,Away,0,0,1,1.1,1.76,Slaven Bilic,permanent,1.4
2015/16,2015-12-12,West Ham,Stoke,Home,0,0,1,1.13,1.87,Slaven Bilic,permanent,1.2
2015/16,2015-12-20,West Ham,Swansea,Away,0,0,1,0.4,0.97,Slaven Bilic,permanent,1.2
2015/16,2015-12-26,West Ham,Aston Villa,Away,1,1,1,0.84,1.61,Slaven Bilic,permanent,1.2
2015/16,2015-12-28,West Ham,Southampton,Home,2,1,3,1.8,1.37,Slaven Bilic,permanent,1.2
2015/16,2016-01-02,West Ham,Liverpool,Home,2,0,3,2.07,1.87,Slaven Bilic,permanent,1.2
2015/16,2016-01-12,West Ham,Bournemouth,Away,3,1,3,1.18,0.73,Slaven Bilic,permanent,1.5
2015/16,2016-01-16,West Ham,Newcastle,Away,1,2,0,1.08,1.84,Slaven Bilic,permanent,1.4
2015/16,2016-01-23,West Ham,Man City,Home,2,2,1,1.01,1.73,Slaven Bilic,permanent,1.5
2015/16,2016-02-02,West Ham,Aston Villa,Home,2,0,3,2.35,0.11,Slaven Bilic,permanent,1.7
2015/16,2016-02-06,West Ham,Southampton,Away,0,1,0,0.97,1.06,Slaven Bilic,permanent,1.6
2015/16,2016-02-13,West Ham,Norwich,Away,2,2,1,0.74,1.03,Slaven Bilic,permanent,1.6
2015/16,2016-02-27,West Ham,Sunderland,Home,1,0,3,0.52,1.08,Slaven Bilic,permanent,1.8
2015/16,2016-03-02,West Ham,Tottenham,Home,1,0,3,0.78,1.23,Slaven Bilic,permanent,2.0
2015/16,2016-03-05,West Ham,Everton,Away,3,2,3,2.72,2.09,Slaven Bilic,permanent,2.0
2015/16,2016-03-19,West Ham,Chelsea,Away,2,2,1,0.86,2.14,Slaven Bilic,permanent,1.8
2015/16,2016-04-02,West Ham,Crystal Palace,Home,2,2,1,1.71,1.66,Slaven Bilic,permanent,1.6
2015/16,2016-04-09,West Ham,Arsenal,Home,3,3,1,1.11,1.47,Slaven Bilic,permanent,1.7
2015/16,2016-04-17,West Ham,Leicester,Away,2,2,1,1.57,1.95,Slaven Bilic,permanent,1.7
2015/16,2016-04-20,West Ham,Watford,Home,3,1,3,3.96,1.22,Slaven Bilic,permanent,1.7
2015/16,2016-04-30,West Ham,West Brom,Away,3,0,3,1.27,1.53,Slaven Bilic,permanent,2.0
2015/16,2016-05-07,West Ham,Swansea,Home,1,4,0,2.39,2.47,Slaven Bilic,permanent,1.9
2015/16,2016-05-10,West Ham,Man United,Home,3,2,3,2.13,0.64,Slaven Bilic,permanent,1.9
2015/16,2016-05-15,West Ham,Stoke,Away,1,2,0,2.94,0.29,Slaven Bilic,permanent,1.6
2016/17,2016-08-15,West Ham,Chelsea,Away,1,2,0,0.45,1.46,Slaven Bilic,permanent,1.3
2016/17,2016-08-21,West Ham,Bournemouth,Home,1,0,3,1.69,0.39,Slaven Bilic,permanent,1.5
2016/17,2016-08-28,West Ham,Man City,Away,1,3,0,1.08,3.22,Slaven Bilic,permanent,1.4
2016/17,2016-09-10,West Ham,Watford,Home,2,4,0,1.32,1.85,Slaven Bilic,permanent,1.3
2016/17,2016-09-17,West Ham,West Brom,Away,2,4,0,2.37,1.94,Slaven Bilic,permanent,1.2
2016/17,2016-09-25,West Ham,Southampton,Home,0,3,0,0.69,2.98,Slaven Bilic,permanent,0.9
2016/17,2016-10-01,West Ham,Middlesbrough,Home,1,1,1,0.88,0.85,Slaven Bilic,permanent,0.7
2016/17,2016-10-15,West Ham,Crystal Palace,Away,1,0,3,0.87,1.95,Slaven Bilic,permanent,1.0
2016/17,2016-10-22,West Ham,Sunderland,Home,1,0,3,1.2,0.81,Slaven Bilic,permanent,1.0
2016/17,2016-10-30,West Ham,Everton,Away,0,2,0,0.94,2.01,Slaven Bilic,permanent,1.0
2016/17,2016-11-05,West Ham,Stoke,Home,1,1,1,0.4,0.81,Slaven Bilic,permanent,1.1
2016/17,2016-11-19,West Ham,Tottenham,Away,2,3,0,1.77,2.53,Slaven Bilic,permanent,0.8
2016/17,2016-11-27,West Ham,Man United,Away,1,1,1,0.75,1.44,Slaven Bilic,permanent,0.9
2016/17,2016-12-03,West Ham,Arsenal,Home,1,5,0,0.88,2.97,Slaven Bilic,permanent,0.9
2016/17,2016-12-11,West Ham,Liverpool,Away,2,2,1,0.65,1.79,Slaven Bilic,permanent,1.0
2016/17,2016-12-14,West Ham,Burnley,Home,1,0,3,1.67,0.92,Slaven Bilic,permanent,1.3
2016/17,2016-12-17,West Ham,Hull,Home,1,0,3,1.92,1.13,Slaven Bilic,permanent,1.5
2016/17,2016-12-26,West Ham,Swansea,Away,4,1,3,3.41,0.95,Slaven Bilic,permanent,1.5
2016/17,2016-12-31,West Ham,Leicester,Away,0,1,0,1.58,1.11,Slaven Bilic,permanent,1.2
2016/17,2017-01-02,West Ham,Man United,Home,0,2,0,0.8,1.65,Slaven Bilic,permanent,1.2
2016/17,2017-01-14,West Ham,Crystal Palace,Home,3,0,3,1.72,1.06,Slaven Bilic,permanent,1.4
2016/17,2017-01-21,West Ham,Middlesbrough,Away,3,1,3,2.66,0.96,Slaven Bilic,permanent,1.7
2016/17,2017-02-01,West Ham,Man City,Home,0,4,0,0.49,2.66,Slaven Bilic,permanent,1.6
2016/17,2017-02-04,West Ham,Southampton,Away,3,1,3,0.92,1.06,Slaven Bilic,permanent,1.9
2016/17,2017-02-11,West Ham,West Brom,Home,2,2,1,1.18,0.77,Slaven Bilic,permanent,1.9
2016/17,2017-02-25,West Ham,Watford,Away,1,1,1,1.48,1.21,Slaven Bilic,permanent,1.7
2016/17,2017-03-06,West Ham,Chelsea,Home,1,2,0,0.45,2.01,Slaven Bilic,permanent,1.4
2016/17,2017-03-11,West Ham,Bournemouth,Away,2,3,0,1.25,3.68,Slaven Bilic,permanent,1.1
2016/17,2017-03-18,West Ham,Leicester,Home,2,3,0,2.32,2.17,Slaven Bilic,permanent,1.1
2016/17,2017-04-01,West Ham,Hull,Away,1,2,0,1.25,0.78,Slaven Bilic,permanent,1.1
2016/17,2017-04-05,West Ham,Arsenal,Away,0,3,0,0.3,2.16,Slaven Bilic,permanent,0.8
2016/17,2017-04-08,West Ham,Swansea,Home,1,0,3,1.21,0.31,Slaven Bilic,permanent,0.8
2016/17,2017-04-15,West Ham,Sunderland,Away,2,2,1,1.43,1.14,Slaven Bilic,permanent,0.9
2016/17,2017-04-22,West Ham,Everton,Home,0,0,1,0.67,0.1,Slaven Bilic,permanent,0.7
2016/17,2017-04-29,West Ham,Stoke,Away,0,0,1,0.65,1.36,Slaven Bilic,permanent,0.7
2016/17,2017-05-05,West Ham,Tottenham,Home,1,0,3,2.21,0.45,Slaven Bilic,permanent,0.9
2016/17,2017-05-14,West Ham,Liverpool,Home,0,4,0,1.04,3.29,Slaven Bilic,permanent,0.9
2016/17,2017-05-21,West Ham,Burnley,Away,2,1,3,1.67,1.71,Slaven Bilic,permanent,1.2
2017/18,2017-08-13,West Ham,Man United,Away,0,4,0,0.63,2.64,Slaven Bilic,permanent,1.2
2017/18,2017-08-19,West Ham,Southampton,Away,2,3,0,1.53,2.14,Slaven Bilic,permanent,1.2
2017/18,2017-08-26,West Ham,Newcastle,Away,0,3,0,0.56,2.76,Slaven Bilic,permanent,1.2
2017/18,2017-09-11,West Ham,Huddersfield,Home,2,0,3,1.95,0.34,Slaven Bilic,permanent,1.2
2017/18,2017-09-16,West Ham,West Brom,Away,0,0,1,0.27,0.78,Slaven Bilic,permanent,1.2
2017/18,2017-09-23,West Ham,Tottenham,Home,2,3,0,0.68,1.45,Slaven Bilic,permanent,1.1
2017/18,2017-09-30,West Ham,Swansea,Home,1,0,3,0.69,0.18,Slaven Bilic,permanent,1.3
2017/18,2017-10-14,West Ham,Burnley,Away,1,1,1,0.84,0.7,Slaven Bilic,permanent,1.1
2017/18,2017-10-20,West Ham,Brighton,Home,0,3,0,0.57,1.98,Slaven Bilic,permanent,1.1
2017/18,2017-10-28,West Ham,Crystal Palace,Away,2,2,1,0.74,2.92,Slaven Bilic,permanent,0.9
2017/18,2017-11-04,West Ham,Liverpool,Home,1,4,0,1.13,2.88,Slaven Bilic,permanent,0.9
2017/18,2017-11-19,West Ham,Watford,Away,0,2,0,1.43,1.25,David Moyes,permanent,0.9
2017/18,2017-11-24,West Ham,Leicester,Home,1,1,1,0.78,0.45,David Moyes,permanent,1.0
2017/18,2017-11-29,West Ham,Everton,Away,0,4,0,1.04,1.76,David Moyes,permanent,0.7
2017/18,2017-12-03,West Ham,Man City,Away,1,2,0,0.47,2.46,David Moyes,permanent,0.6
2017/18,2017-12-09,West Ham,Chelsea,Home,1,0,3,0.42,1.19,David Moyes,permanent,0.9
2017/18,2017-12-13,West Ham,Arsenal,Home,0,0,1,0.41,1.02,David Moyes,permanent,0.7
2017/18,2017-12-16,West Ham,Stoke,Away,3,0,3,3.08,0.98,David Moyes,permanent,0.9
2017/18,2017-12-23,West Ham,Newcastle,Home,2,3,0,2.32,1.91,David Moyes,permanent,0.9
2017/18,2017-12-26,West Ham,Bournemouth,Away,3,3,1,1.88,2.85,David Moyes,permanent,0.9
2017/18,2018-01-02,West Ham,West Brom,Home,2,1,3,1.06,0.64,David Moyes,permanent,1.2
2017/18,2018-01-04,West Ham,Tottenham,Away,1,1,1,0.61,1.65,David Moyes,permanent,1.3
2017/18,2018-01-13,West Ham,Huddersfield,Away,4,1,3,0.99,0.68,David Moyes,permanent,1.5
2017/18,2018-01-20,West Ham,Bournemouth,Home,1,1,1,0.98,0.5,David Moyes,permanent,1.6
2017/18,2018-01-30,West Ham,Crystal Palace,Home,1,1,1,1.12,1.16,David Moyes,permanent,1.7
2017/18,2018-02-03,West Ham,Brighton,Away,1,3,0,0.44,1.64,David Moyes,permanent,1.4
2017/18,2018-02-10,West Ham,Watford,Home,2,0,3,1.83,0.8,David Moyes,permanent,1.6
2017/18,2018-02-24,West Ham,Liverpool,Away,1,4,0,0.34,3.92,David Moyes,permanent,1.3
2017/18,2018-03-03,West Ham,Swansea,Away,1,4,0,0.5,2.31,David Moyes,permanent,1.3
2017/18,2018-03-10,West Ham,Burnley,Home,0,3,0,0.73,1.42,David Moyes,permanent,1.2
2017/18,2018-03-31,West Ham,Southampton,Home,3,0,3,1.45,0.45,David Moyes,permanent,1.2
2017/18,2018-04-08,West Ham,Chelsea,Away,1,1,1,0.3,2.12,David Moyes,permanent,1.2
2017/18,2018-04-16,West Ham,Stoke,Home,1,1,1,0.81,1.41,David Moyes,permanent,1.0
2017/18,2018-04-22,West Ham,Arsenal,Away,1,4,0,0.62,2.07,David Moyes,permanent,0.9
2017/18,2018-04-29,West Ham,Man City,Home,1,4,0,0.23,2.29,David Moyes,permanent,0.8
2017/18,2018-05-05,West Ham,Leicester,Away,2,0,3,1.43,0.39,David Moyes,permanent,1.1
2017/18,2018-05-10,West Ham,Man United,Home,0,0,1,0.78,0.6,David Moyes,permanent,0.9
2017/18,2018-05-13,West Ham,Everton,Home,3,1,3,1.18,1.68,David Moyes,permanent,1.2
2018/19,2018-08-12,West Ham,Liverpool,Away,0,4,0,0.4,4.34,Manuel Pellegrini,permanent,1.2
2018/19,2018-08-18,West Ham,Bournemouth,Home,1,2,0,1.1,1.69,Manuel Pellegrini,permanent,1.2
2018/19,2018-08-25,West Ham,Arsenal,Away,1,3,0,1.18,1.79,Manuel Pellegrini,permanent,0.9
2018/19,2018-09-01,West Ham,Wolves,Home,0,1,0,0.89,1.22,Manuel Pellegrini,permanent,0.8
2018/19,2018-09-16,West Ham,Everton,Away,3,1,3,1.52,1.27,Manuel Pellegrini,permanent,1.0
2018/19,2018-09-23,West Ham,Chelsea,Home,0,0,1,1.02,1.88,Manuel Pellegrini,permanent,1.1
2018/19,2018-09-29,West Ham,Man United,Home,3,1,3,1.3,0.87,Manuel Pellegrini,permanent,1.4
2018/19,2018-10-05,West Ham,Brighton,Away,0,1,0,1.44,1.03,Manuel Pellegrini,permanent,1.1
2018/19,2018-10-20,West Ham,Tottenham,Home,0,1,0,0.54,1.12,Manuel Pellegrini,permanent,1.0
2018/19,2018-10-27,West Ham,Leicester,Away,1,1,1,1.56,1.95,Manuel Pellegrini,permanent,0.8
2018/19,2018-11-03,West Ham,Burnley,Home,4,2,3,2.56,0.88,Manuel Pellegrini,permanent,1.1
2018/19,2018-11-10,West Ham,Huddersfield,Away,1,1,1,1.44,1.18,Manuel Pellegrini,permanent,1.2
2018/19,2018-11-24,West Ham,Man City,Home,0,4,0,0.83,2.96,Manuel Pellegrini,permanent,1.2
2018/19,2018-12-01,West Ham,Newcastle,Away,3,0,3,2.63,1.13,Manuel Pellegrini,permanent,1.5
2018/19,2018-12-04,West Ham,Cardiff,Home,3,1,3,1.57,1.93,Manuel Pellegrini,permanent,1.5
2018/19,2018-12-08,West Ham,Crystal Palace,Home,3,2,3,1.54,0.93,Manuel Pellegrini,permanent,1.7
2018/19,2018-12-15,West Ham,Fulham,Away,2,0,3,0.75,1.03,Manuel Pellegrini,permanent,1.7
2018/19,2018-12-22,West Ham,Watford,Home,0,2,0,2.07,2.33,Manuel Pellegrini,permanent,1.7
2018/19,2018-12-27,West Ham,Southampton,Away,2,1,3,1.27,1.29,Manuel Pellegrini,permanent,2.0
2018/19,2018-12-30,West Ham,Burnley,Away,0,2,0,0.66,2.9,Manuel Pellegrini,permanent,1.9
2018/19,2019-01-02,West Ham,Brighton,Home,2,2,1,0.64,0.69,Manuel Pellegrini,permanent,1.7
2018/19,2019-01-12,West Ham,Arsenal,Home,1,0,3,0.67,0.69,Manuel Pellegrini,permanent,1.9
2018/19,2019-01-19,West Ham,Bournemouth,Away,0,2,0,0.97,1.25,Manuel Pellegrini,permanent,1.9
2018/19,2019-01-29,West Ham,Wolves,Away,0,3,0,0.13,2.04,Manuel Pellegrini,permanent,1.6
2018/19,2019-02-04,West Ham,Liverpool,Home,1,1,1,0.79,1.12,Manuel Pellegrini,permanent,1.4
2018/19,2019-02-09,West Ham,Crystal Palace,Away,1,1,1,1.75,2.68,Manuel Pellegrini,permanent,1.2
2018/19,2019-02-22,West Ham,Fulham,Home,3,1,3,2.73,1.24,Manuel Pellegrini,permanent,1.2
2018/19,2019-02-27,West Ham,Man City,Away,0,1,0,0.4,3.68,Manuel Pellegrini,permanent,1.2
2018/19,2019-03-02,West Ham,Newcastle,Home,2,0,3,1.89,1.19,Manuel Pellegrini,permanent,1.2
2018/19,2019-03-09,West Ham,Cardiff,Away,0,2,0,0.3,3.49,Manuel Pellegrini,permanent,1.2
2018/19,2019-03-16,West Ham,Huddersfield,Home,4,3,3,1.88,1.67,Manuel Pellegrini,permanent,1.4
2018/19,2019-03-30,West Ham,Everton,Home,0,2,0,0.09,2.66,Manuel Pellegrini,permanent,1.1
2018/19,2019-04-08,West Ham,Chelsea,Away,0,2,0,0.47,2.23,Manuel Pellegrini,permanent,1.1
2018/19,2019-04-13,West Ham,Man United,Away,1,2,0,1.43,2.65,Manuel Pellegrini,permanent,1.1
2018/19,2019-04-20,West Ham,Leicester,Home,2,2,1,1.37,0.81,Manuel Pellegrini,permanent,1.1
2018/19,2019-04-27,West Ham,Tottenham,Away,1,0,3,0.99,1.35,Manuel Pellegrini,permanent,1.3
2018/19,2019-05-04,West Ham,Southampton,Home,3,0,3,2.0,0.44,Manuel Pellegrini,permanent,1.3
2018/19,2019-05-12,West Ham,Watford,Away,4,1,3,3.2,2.07,Manuel Pellegrini,permanent,1.6
2019/20,2019-08-10,West Ham,Man City,Home,0,5,0,1.2,3.18,Manuel Pellegrini,permanent,1.3
2019/20,2019-08-17,West Ham,Brighton,Away,1,1,1,1.01,2.4,Manuel Pellegrini,permanent,1.4
2019/20,2019-08-24,West Ham,Watford,Away,3,1,3,3.46,2.29,Manuel Pellegrini,permanent,1.4
2019/20,2019-08-31,West Ham,Norwich,Home,2,0,3,2.21,1.17,Manuel Pellegrini,permanent,1.7
2019/20,2019-09-16,West Ham,Aston Villa,Away,0,0,1,0.54,1.41,Manuel Pellegrini,permanent,1.8
2019/20,2019-09-22,West Ham,Man United,Home,2,0,3,0.51,1.28,Manuel Pellegrini,permanent,2.1
2019/20,2019-09-28,West Ham,Bournemouth,Away,2,2,1,1.3,2.32,Manuel Pellegrini,permanent,2.1
2019/20,2019-10-05,West Ham,Crystal Palace,Home,1,2,0,1.24,2.07,Manuel Pellegrini,permanent,1.8
2019/20,2019-10-19,West Ham,Everton,Away,0,2,0,0.46,2.23,Manuel Pellegrini,permanent,1.5
2019/20,2019-10-26,West Ham,Sheffield United,Home,1,1,1,2.34,1.16,Manuel Pellegrini,permanent,1.3
2019/20,2019-11-02,West Ham,Newcastle,Home,2,3,0,1.54,1.93,Manuel Pellegrini,permanent,1.3
2019/20,2019-11-09,West Ham,Burnley,Away,0,3,0,0.47,2.42,Manuel Pellegrini,permanent,1.2
2019/20,2019-11-23,West Ham,Tottenham,Home,2,3,0,0.66,2.21,Manuel Pellegrini,permanent,0.9
2019/20,2019-11-30,West Ham,Chelsea,Away,1,0,3,1.12,2.73,Manuel Pellegrini,permanent,0.9
2019/20,2019-12-04,West Ham,Wolves,Away,0,2,0,0.5,1.82,Manuel Pellegrini,permanent,0.8
2019/20,2019-12-09,West Ham,Arsenal,Home,1,3,0,0.52,1.79,Manuel Pellegrini,permanent,0.5
2019/20,2019-12-14,West Ham,Southampton,Away,1,0,3,0.9,0.81,Manuel Pellegrini,permanent,0.7
2019/20,2019-12-26,West Ham,Crystal Palace,Away,1,2,0,0.8,2.14,Manuel Pellegrini,permanent,0.7
2019/20,2019-12-28,West Ham,Leicester,Home,1,2,0,0.78,2.62,Manuel Pellegrini,permanent,0.7
2019/20,2020-01-01,West Ham,Bournemouth,Home,4,0,3,2.33,0.72,David Moyes,permanent,0.9
2019/20,2020-01-10,West Ham,Sheffield United,Away,0,1,0,0.9,2.03,David Moyes,permanent,0.9
2019/20,2020-01-18,West Ham,Everton,Home,1,1,1,1.68,1.95,David Moyes,permanent,1.0
2019/20,2020-01-22,West Ham,Leicester,Away,1,4,0,1.16,2.91,David Moyes,permanent,1.0
2019/20,2020-01-29,West Ham,Liverpool,Home,0,2,0,0.88,2.6,David Moyes,permanent,0.7
2019/20,2020-02-01,West Ham,Brighton,Home,3,3,1,1.31,2.03,David Moyes,permanent,0.8
2019/20,2020-02-19,West Ham,Man City,Away,0,2,0,0.09,2.14,David Moyes,permanent,0.8
2019/20,2020-02-24,West Ham,Liverpool,Away,2,3,0,0.64,2.48,David Moyes,permanent,0.5
2019/20,2020-02-29,West Ham,Southampton,Home,3,1,3,2.79,0.87,David Moyes,permanent,0.8
2019/20,2020-03-07,West Ham,Arsenal,Away,0,1,0,1.62,1.56,David Moyes,permanent,0.8
2019/20,2020-06-20,West Ham,Wolves,Home,0,2,0,0.44,1.06,David Moyes,permanent,0.5
2019/20,2020-06-23,West Ham,Tottenham,Away,0,2,0,0.83,2.24,David Moyes,permanent,0.5
2019/20,2020-07-01,West Ham,Chelsea,Home,3,2,3,2.1,1.58,David Moyes,permanent,0.7
2019/20,2020-07-05,West Ham,Newcastle,Away,2,2,1,2.03,1.49,David Moyes,permanent,0.8
2019/20,2020-07-08,West Ham,Burnley,Home,0,1,0,2.0,1.05,David Moyes,permanent,0.8
2019/20,2020-07-11,West Ham,Norwich,Away,4,0,3,3.81,0.61,David Moyes,permanent,1.0
2019/20,2020-07-17,West Ham,Watford,Home,3,1,3,0.83,1.03,David Moyes,permanent,1.3
2019/20,2020-07-22,West Ham,Man United,Away,1,1,1,1.29,0.98,David Moyes,permanent,1.4
2019/20,2020-07-26,West Ham,Aston Villa,Home,1,1,1,0.78,0.98,David Moyes,permanent,1.2
2020/21,2020-09-12,West Ham,Newcastle,Home,0,2,0,0.86,1.66,David Moyes,permanent,1.2
2020/21,2020-09-19,West Ham,Arsenal,Away,1,2,0,2.06,1.33,David Moyes,permanent,1.2
2020/21,2020-09-27,West Ham,Wolves,Home,4,0,3,3.06,0.39,David Moyes,permanent,1.5
2020/21,2020-10-04,West Ham,Leicester,Away,3,0,3,2.03,0.46,David Moyes,permanent,1.5
2020/21,2020-10-18,West Ham,Tottenham,Away,3,3,1,1.5,1.78,David Moyes,permanent,1.5
2020/21,2020-10-24,West Ham,Man City,Home,1,1,1,0.26,0.89,David Moyes,permanent,1.6
2020/21,2020-10-31,West Ham,Liverpool,Away,1,2,0,0.27,1.56,David Moyes,permanent,1.3
2020/21,2020-11-07,West Ham,Fulham,Home,1,0,3,1.43,1.85,David Moyes,permanent,1.3
2020/21,2020-11-22,West Ham,Sheffield United,Away,1,0,3,2.11,0.69,David Moyes,permanent,1.5
2020/21,2020-11-30,West Ham,Aston Villa,Home,2,1,3,0.57,2.39,David Moyes,permanent,1.7
2020/21,2020-12-05,West Ham,Man United,Home,1,3,0,2.53,1.79,David Moyes,permanent,1.7
2020/21,2020-12-11,West Ham,Leeds,Away,2,1,3,1.79,1.57,David Moyes,permanent,2.0
2020/21,2020-12-16,West Ham,Crystal Palace,Home,1,1,1,0.45,1.09,David Moyes,permanent,1.8
2020/21,2020-12-21,West Ham,Chelsea,Away,0,3,0,0.28,2.41,David Moyes,permanent,1.5
2020/21,2020-12-27,West Ham,Brighton,Home,2,2,1,1.39,1.51,David Moyes,permanent,1.5
2020/21,2020-12-29,West Ham,Southampton,Away,0,0,1,1.07,0.67,David Moyes,permanent,1.5
2020/21,2021-01-01,West Ham,Everton,Away,1,0,3,1.2,0.37,David Moyes,permanent,1.8
2020/21,2021-01-16,West Ham,Burnley,Home,1,0,3,1.73,0.4,David Moyes,permanent,1.8
2020/21,2021-01-19,West Ham,West Brom,Home,2,1,3,2.18,0.46,David Moyes,permanent,1.8
2020/21,2021-01-26,West Ham,Crystal Palace,Away,3,2,3,3.3,0.63,David Moyes,permanent,1.8
2020/21,2021-01-31,West Ham,Liverpool,Home,1,3,0,0.88,2.06,David Moyes,permanent,1.8
2020/21,2021-02-03,West Ham,Aston Villa,Away,3,1,3,1.79,0.74,David Moyes,permanent,1.8
2020/21,2021-02-06,West Ham,Fulham,Away,0,0,1,0.94,1.61,David Moyes,permanent,1.8
2020/21,2021-02-15,West Ham,Sheffield United,Home,3,0,3,2.33,0.93,David Moyes,permanent,2.1
2020/21,2021-02-21,West Ham,Tottenham,Home,2,1,3,1.09,0.77,David Moyes,permanent,2.3
2020/21,2021-02-27,West Ham,Man City,Away,1,2,0,1.93,0.76,David Moyes,permanent,2.2
2020/21,2021-03-08,West Ham,Leeds,Home,2,0,3,2.38,1.35,David Moyes,permanent,2.2
2020/21,2021-03-14,West Ham,Man United,Away,0,1,0,0.46,1.7,David Moyes,permanent,1.9
2020/21,2021-03-21,West Ham,Arsenal,Home,3,3,1,2.51,1.35,David Moyes,permanent,1.7
2020/21,2021-04-05,West Ham,Wolves,Away,3,2,3,1.6,1.96,David Moyes,permanent,1.7
2020/21,2021-04-11,West Ham,Leicester,Home,3,2,3,1.02,1.17,David Moyes,permanent,2.0
2020/21,2021-04-17,West Ham,Newcastle,Away,2,3,0,2.07,2.43,David Moyes,permanent,1.7
2020/21,2021-04-24,West Ham,Chelsea,Home,0,1,0,0.27,2.52,David Moyes,permanent,1.6
2020/21,2021-05-03,West Ham,Burnley,Away,2,1,3,2.42,1.68,David Moyes,permanent,1.6
2020/21,2021-05-09,West Ham,Everton,Home,0,1,0,1.1,1.56,David Moyes,permanent,1.3
2020/21,2021-05-15,West Ham,Brighton,Away,1,1,1,1.92,0.92,David Moyes,permanent,1.4
2020/21,2021-05-19,West Ham,West Brom,Away,3,1,3,3.57,1.11,David Moyes,permanent,1.4
2020/21,2021-05-23,West Ham,Southampton,Home,3,0,3,1.98,1.35,David Moyes,permanent,1.7
2021/22,2021-08-15,West Ham,Newcastle,Away,4,2,3,3.01,1.68,David Moyes,permanent,1.9
2021/22,2021-08-23,West Ham,Leicester,Home,4,1,3,2.29,0.63,David Moyes,permanent,1.9
2021/22,2021-08-28,West Ham,Crystal Palace,Home,2,2,1,1.45,1.68,David Moyes,permanent,1.7
2021/22,2021-09-11,West Ham,Southampton,Away,0,0,1,0.73,0.69,David Moyes,permanent,1.8
2021/22,2021-09-19,West Ham,Man United,Home,1,2,0,1.67,1.9,David Moyes,permanent,1.8
2021/22,2021-09-25,West Ham,Leeds,Away,2,1,3,1.99,1.2,David Moyes,permanent,1.8
2021/22,2021-10-03,West Ham,Brentford,Home,1,2,0,1.37,1.3,David Moyes,permanent,1.8
2021/22,2021-10-17,West Ham,Everton,Away,1,0,3,2.03,0.85,David Moyes,permanent,2.0
2021/22,2021-10-24,West Ham,Tottenham,Home,1,0,3,1.73,0.67,David Moyes,permanent,2.0
2021/22,2021-10-31,West Ham,Aston Villa,Away,4,1,3,2.66,0.69,David Moyes,permanent,2.0
2021/22,2021-11-07,West Ham,Liverpool,Home,3,2,3,1.25,1.46,David Moyes,permanent,2.0
2021/22,2021-11-20,West Ham,Wolves,Away,0,1,0,0.44,1.32,David Moyes,permanent,1.7
2021/22,2021-11-28,West Ham,Man City,Away,1,2,0,0.17,2.72,David Moyes,permanent,1.6
2021/22,2021-12-01,West Ham,Brighton,Home,1,1,1,1.15,1.26,David Moyes,permanent,1.6
2021/22,2021-12-04,West Ham,Chelsea,Home,3,2,3,2.02,1.37,David Moyes,permanent,1.9
2021/22,2021-12-12,West Ham,Burnley,Away,0,0,1,1.0,0.55,David Moyes,permanent,1.7
2021/22,2021-12-15,West Ham,Arsenal,Away,0,2,0,0.34,2.81,David Moyes,permanent,1.7
2021/22,2021-12-26,West Ham,Southampton,Home,2,3,0,1.54,1.36,David Moyes,permanent,1.4
2021/22,2021-12-28,West Ham,Watford,Away,4,1,3,2.84,1.01,David Moyes,permanent,1.4
2021/22,2022-01-01,West Ham,Crystal Palace,Away,3,2,3,2.23,2.69,David Moyes,permanent,1.4
2021/22,2022-01-12,West Ham,Norwich,Home,2,0,3,2.89,0.34,David Moyes,permanent,1.4
2021/22,2022-01-16,West Ham,Leeds,Home,2,3,0,2.35,2.27,David Moyes,permanent,1.4
2021/22,2022-01-22,West Ham,Man United,Away,0,1,0,0.24,1.76,David Moyes,permanent,1.4
2021/22,2022-02-08,West Ham,Watford,Home,1,0,3,0.91,0.34,David Moyes,permanent,1.6
2021/22,2022-02-13,West Ham,Leicester,Away,2,2,1,0.75,1.41,David Moyes,permanent,1.4
2021/22,2022-02-19,West Ham,Newcastle,Home,1,1,1,0.85,0.93,David Moyes,permanent,1.4
2021/22,2022-02-27,West Ham,Wolves,Home,1,0,3,1.62,0.89,David Moyes,permanent,1.7
2021/22,2022-03-05,West Ham,Liverpool,Away,0,1,0,1.34,2.19,David Moyes,permanent,1.7
2021/22,2022-03-13,West Ham,Aston Villa,Home,2,1,3,1.58,1.05,David Moyes,permanent,1.7
2021/22,2022-03-20,West Ham,Tottenham,Away,1,3,0,0.64,2.55,David Moyes,permanent,1.4
2021/22,2022-04-03,West Ham,Everton,Home,2,1,3,1.5,0.66,David Moyes,permanent,1.4
2021/22,2022-04-10,West Ham,Brentford,Away,0,2,0,0.24,1.86,David Moyes,permanent,1.4
2021/22,2022-04-17,West Ham,Burnley,Home,1,1,1,2.79,1.88,David Moyes,permanent,1.5
2021/22,2022-04-24,West Ham,Chelsea,Away,0,1,0,0.39,2.35,David Moyes,permanent,1.2
2021/22,2022-05-01,West Ham,Arsenal,Home,1,2,0,0.45,0.96,David Moyes,permanent,1.1
2021/22,2022-05-08,West Ham,Norwich,Away,4,0,3,3.26,0.78,David Moyes,permanent,1.3
2021/22,2022-05-15,West Ham,Man City,Home,2,2,1,1.01,2.15,David Moyes,permanent,1.1
2021/22,2022-05-22,West Ham,Brighton,Away,1,3,0,0.27,1.68,David Moyes,permanent,1.1
2022/23,2022-08-07,West Ham,Man City,Home,0,2,0,0.25,2.59,David Moyes,permanent,0.8
2022/23,2022-08-14,West Ham,Nott'm Forest,Away,0,1,0,2.09,1.97,David Moyes,permanent,0.8
2022/23,2022-08-21,West Ham,Brighton,Home,0,2,0,0.77,1.83,David Moyes,permanent,0.5
2022/23,2022-08-28,West Ham,Aston Villa,Away,1,0,3,0.33,0.3,David Moyes,permanent,0.8
2022/23,2022-08-31,West Ham,Tottenham,Home,1,1,1,1.52,0.72,David Moyes,permanent,0.8
2022/23,2022-09-03,West Ham,Chelsea,Away,1,2,0,1.42,0.71,David Moyes,permanent,0.8
2022/23,2022-09-18,West Ham,Everton,Away,0,1,0,0.66,0.4,David Moyes,permanent,0.8
2022/23,2022-10-01,West Ham,Wolves,Home,2,0,3,1.04,0.58,David Moyes,permanent,0.8
2022/23,2022-10-09,West Ham,Fulham,Home,3,1,3,3.44,0.55,David Moyes,permanent,1.0
2022/23,2022-10-16,West Ham,Southampton,Away,1,1,1,1.71,0.52,David Moyes,permanent,1.1
2022/23,2022-10-19,West Ham,Liverpool,Away,0,1,0,2.49,2.24,David Moyes,permanent,1.1
2022/23,2022-10-24,West Ham,Bournemouth,Home,2,0,3,1.98,0.73,David Moyes,permanent,1.4
2022/23,2022-10-30,West Ham,Man United,Away,0,1,0,1.0,1.75,David Moyes,permanent,1.4
2022/23,2022-11-06,West Ham,Crystal Palace,Home,1,2,0,0.19,1.03,David Moyes,permanent,1.1
2022/23,2022-11-12,West Ham,Leicester,Home,0,2,0,0.72,1.61,David Moyes,permanent,1.0
2022/23,2022-12-26,West Ham,Arsenal,Away,1,3,0,1.03,1.89,David Moyes,permanent,1.0
2022/23,2022-12-30,West Ham,Brentford,Home,0,2,0,1.14,1.51,David Moyes,permanent,1.0
2022/23,2023-01-04,West Ham,Leeds,Away,2,2,1,1.29,1.26,David Moyes,permanent,0.8
2022/23,2023-01-14,West Ham,Wolves,Away,0,1,0,0.74,0.81,David Moyes,permanent,0.5
2022/23,2023-01-21,West Ham,Everton,Home,2,0,3,2.47,0.29,David Moyes,permanent,0.7
2022/23,2023-02-04,West Ham,Newcastle,Away,1,1,1,1.28,1.23,David Moyes,permanent,0.8
2022/23,2023-02-11,West Ham,Chelsea,Home,1,1,1,1.08,0.9,David Moyes,permanent,0.6
2022/23,2023-02-19,West Ham,Tottenham,Away,0,2,0,0.37,1.43,David Moyes,permanent,0.6
2022/23,2023-02-25,West Ham,Nott'm Forest,Home,4,0,3,3.05,0.35,David Moyes,permanent,0.9
2022/23,2023-03-04,West Ham,Brighton,Away,0,4,0,0.25,3.5,David Moyes,permanent,0.9
2022/23,2023-03-12,West Ham,Aston Villa,Home,1,1,1,2.15,1.99,David Moyes,permanent,1.0
2022/23,2023-04-02,West Ham,Southampton,Home,1,0,3,1.4,0.32,David Moyes,permanent,1.3
2022/23,2023-04-05,West Ham,Newcastle,Home,1,5,0,0.83,2.84,David Moyes,permanent,1.2
2022/23,2023-04-08,West Ham,Fulham,Away,1,0,3,1.23,0.46,David Moyes,permanent,1.5
2022/23,2023-04-16,West Ham,Arsenal,Home,2,2,1,1.96,2.72,David Moyes,permanent,1.3
2022/23,2023-04-23,West Ham,Bournemouth,Away,4,0,3,2.52,0.97,David Moyes,permanent,1.5
2022/23,2023-04-26,West Ham,Liverpool,Home,1,2,0,0.94,1.7,David Moyes,permanent,1.4
2022/23,2023-04-29,West Ham,Crystal Palace,Away,3,4,0,1.98,2.32,David Moyes,permanent,1.4
2022/23,2023-05-03,West Ham,Man City,Away,0,3,0,0.49,3.0,David Moyes,permanent,1.1
2022/23,2023-05-07,West Ham,Man United,Home,1,0,3,1.77,1.19,David Moyes,permanent,1.4
2022/23,2023-05-14,West Ham,Brentford,Away,0,2,0,0.2,4.43,David Moyes,permanent,1.3
2022/23,2023-05-21,West Ham,Leeds,Home,3,1,3,2.48,0.65,David Moyes,permanent,1.3
2022/23,2023-05-28,West Ham,Leicester,Away,1,2,0,0.97,2.03,David Moyes,permanent,1.3
2023/24,2023-08-12,West Ham,Bournemouth,Away,1,1,1,1.48,1.51,David Moyes,permanent,1.1
2023/24,2023-08-20,West Ham,Chelsea,Home,3,1,3,1.71,1.61,David Moyes,permanent,1.3
2023/24,2023-08-26,West Ham,Brighton,Away,3,1,3,2.95,1.37,David Moyes,permanent,1.3
2023/24,2023-09-01,West Ham,Luton,Away,2,1,3,1.23,2.02,David Moyes,permanent,1.6
2023/24,2023-09-16,West Ham,Man City,Home,1,3,0,0.9,4.15,David Moyes,permanent,1.6
2023/24,2023-09-24,West Ham,Liverpool,Away,1,3,0,1.54,4.14,David Moyes,permanent,1.6
2023/24,2023-09-30,West Ham,Sheffield United,Home,2,0,3,3.2,0.91,David Moyes,permanent,1.6
2023/24,2023-10-08,West Ham,Newcastle,Home,2,2,1,0.93,1.98,David Moyes,permanent,1.7
2023/24,2023-10-22,West Ham,Aston Villa,Away,1,4,0,0.66,2.34,David Moyes,permanent,1.4
2023/24,2023-10-29,West Ham,Everton,Home,0,1,0,0.62,0.73,David Moyes,permanent,1.4
2023/24,2023-11-04,West Ham,Brentford,Away,2,3,0,1.76,1.83,David Moyes,permanent,1.3
2023/24,2023-11-12,West Ham,Nott'm Forest,Home,3,2,3,2.06,1.42,David Moyes,permanent,1.3
2023/24,2023-11-25,West Ham,Burnley,Away,2,1,3,1.37,1.44,David Moyes,permanent,1.3
2023/24,2023-12-03,West Ham,Crystal Palace,Home,1,1,1,1.15,0.99,David Moyes,permanent,1.1
2023/24,2023-12-07,West Ham,Tottenham,Away,2,1,3,1.74,1.61,David Moyes,permanent,1.4
2023/24,2023-12-10,West Ham,Fulham,Away,0,5,0,0.98,2.19,David Moyes,permanent,1.4
2023/24,2023-12-17,West Ham,Wolves,Home,3,0,3,1.04,0.56,David Moyes,permanent,1.4
2023/24,2023-12-23,West Ham,Man United,Home,2,0,3,1.51,0.73,David Moyes,permanent,1.6
2023/24,2023-12-28,West Ham,Arsenal,Away,2,0,3,1.6,2.79,David Moyes,permanent,1.9
2023/24,2024-01-02,West Ham,Brighton,Home,0,0,1,0.98,2.16,David Moyes,permanent,2.0
2023/24,2024-01-21,West Ham,Sheffield United,Away,2,2,1,2.42,2.61,David Moyes,permanent,2.1
2023/24,2024-02-01,West Ham,Bournemouth,Home,1,1,1,1.31,1.13,David Moyes,permanent,1.9
2023/24,2024-02-04,West Ham,Man United,Away,0,3,0,1.18,0.97,David Moyes,permanent,1.6
2023/24,2024-02-11,West Ham,Arsenal,Home,0,6,0,0.19,4.0,David Moyes,permanent,1.5
2023/24,2024-02-17,West Ham,Nott'm Forest,Away,0,2,0,0.52,2.67,David Moyes,permanent,1.2
2023/24,2024-02-26,West Ham,Brentford,Home,4,2,3,2.07,1.34,David Moyes,permanent,1.5
2023/24,2024-03-02,West Ham,Everton,Away,3,1,3,2.18,3.12,David Moyes,permanent,1.5
2023/24,2024-03-10,West Ham,Burnley,Home,2,2,1,1.87,0.88,David Moyes,permanent,1.3
2023/24,2024-03-17,West Ham,Aston Villa,Home,1,1,1,1.33,0.91,David Moyes,permanent,1.1
2023/24,2024-03-30,West Ham,Newcastle,Away,3,4,0,0.99,3.81,David Moyes,permanent,1.0
2023/24,2024-04-02,West Ham,Tottenham,Home,1,1,1,1.47,1.39,David Moyes,permanent,1.0
2023/24,2024-04-06,West Ham,Wolves,Away,2,1,3,1.14,1.78,David Moyes,permanent,1.2
2023/24,2024-04-14,West Ham,Fulham,Home,0,2,0,1.45,3.61,David Moyes,permanent,1.2
2023/24,2024-04-21,West Ham,Crystal Palace,Away,2,5,0,1.35,3.72,David Moyes,permanent,1.2
2023/24,2024-04-27,West Ham,Liverpool,Home,2,2,1,0.79,2.29,David Moyes,permanent,1.3
2023/24,2024-05-05,West Ham,Chelsea,Away,0,5,0,0.89,4.22,David Moyes,permanent,1.0
2023/24,2024-05-11,West Ham,Luton,Home,3,1,3,3.71,0.64,David Moyes,permanent,1.0
2023/24,2024-05-19,West Ham,Man City,Away,1,3,0,0.24,2.32,David Moyes,permanent,0.9
2024/25,2024-08-17,West Ham,Aston Villa,Home,1,2,0,2.8,2.67,Julen Lopetegui,permanent,0.8
2024/25,2024-08-24,West Ham,Crystal Palace,Away,2,0,3,1.53,1.38,Julen Lopetegui,permanent,1.1
2024/25,2024-08-31,West Ham,Man City,Home,1,3,0,0.95,3.19,Julen Lopetegui,permanent,1.0
2024/25,2024-09-14,West Ham,Fulham,Away,1,1,1,0.68,2.89,Julen Lopetegui,permanent,0.8
2024/25,2024-09-21,West Ham,Chelsea,Home,0,3,0,0.76,2.4,Julen Lopetegui,permanent,0.8
2024/25,2024-09-28,West Ham,Brentford,Away,1,1,1,0.88,0.37,Julen Lopetegui,permanent,0.9
2024/25,2024-10-05,West Ham,Ipswich,Home,4,1,3,4.39,1.18,Julen Lopetegui,permanent,1.1
2024/25,2024-10-19,West Ham,Tottenham,Away,1,4,0,0.86,1.44,Julen Lopetegui,permanent,1.1
2024/25,2024-10-27,West Ham,Man United,Home,2,1,3,2.99,2.63,Julen Lopetegui,permanent,1.1
2024/25,2024-11-02,West Ham,Nott'm Forest,Away,0,3,0,0.13,2.35,Julen Lopetegui,permanent,1.1
2024/25,2024-11-09,West Ham,Everton,Home,0,0,1,1.12,0.87,Julen Lopetegui,permanent,1.2
2024/25,2024-11-25,West Ham,Newcastle,Away,2,0,3,0.94,1.5,Julen Lopetegui,permanent,1.2
2024/25,2024-11-30,West Ham,Arsenal,Home,2,5,0,1.24,4.0,Julen Lopetegui,permanent,1.2
2024/25,2024-12-03,West Ham,Leicester,Away,1,3,0,2.88,2.78,Julen Lopetegui,permanent,1.1
2024/25,2024-12-09,West Ham,Wolves,Home,2,1,3,1.2,1.48,Julen Lopetegui,permanent,1.4
2024/25,2024-12-16,West Ham,Bournemouth,Away,1,1,1,1.82,2.05,Julen Lopetegui,permanent,1.4
2024/25,2024-12-21,West Ham,Brighton,Home,1,1,1,1.23,1.34,Julen Lopetegui,permanent,1.2
2024/25,2024-12-26,West Ham,Southampton,Away,1,0,3,1.9,2.2,Julen Lopetegui,permanent,1.5
2024/25,2024-12-29,West Ham,Liverpool,Home,0,5,0,0.52,3.3,Julen Lopetegui,permanent,1.2
2024/25,2025-01-04,West Ham,Man City,Away,1,4,0,1.53,1.98,Julen Lopetegui,permanent,1.2
2024/25,2025-01-14,West Ham,Fulham,Home,3,2,3,0.94,2.84,Graham Potter,permanent,1.4
2024/25,2025-01-18,West Ham,Crystal Palace,Home,0,2,0,0.22,1.63,Graham Potter,permanent,1.1
2024/25,2025-01-26,West Ham,Aston Villa,Away,1,1,1,1.68,0.91,Graham Potter,permanent,1.2
2024/25,2025-02-03,West Ham,Chelsea,Away,1,2,0,1.19,1.39,Graham Potter,permanent,1.2
2024/25,2025-02-15,West Ham,Brentford,Home,0,1,0,0.67,1.96,Graham Potter,permanent,0.9
2024/25,2025-02-22,West Ham,Arsenal,Away,1,0,3,1.03,1.37,Graham Potter,permanent,1.1
2024/25,2025-02-27,West Ham,Leicester,Home,2,0,3,1.7,0.29,Graham Potter,permanent,1.3
2024/25,2025-03-10,West Ham,Newcastle,Home,0,1,0,0.82,1.63,Graham Potter,permanent,1.0
2024/25,2025-03-15,West Ham,Everton,Away,1,1,1,0.52,1.19,Graham Potter,permanent,1.1
2024/25,2025-04-01,West Ham,Wolves,Away,0,1,0,1.73,1.1,Graham Potter,permanent,1.1
2024/25,2025-04-05,West Ham,Bournemouth,Home,2,2,1,0.91,1.95,Graham Potter,permanent,0.9
2024/25,2025-04-13,West Ham,Liverpool,Away,1,2,0,1.47,1.43,Graham Potter,permanent,0.9
2024/25,2025-04-19,West Ham,Southampton,Home,1,1,1,0.98,0.92,Graham Potter,permanent,0.9
2024/25,2025-04-26,West Ham,Brighton,Away,2,3,0,1.24,1.29,Graham Potter,permanent,0.9
2024/25,2025-05-04,West Ham,Tottenham,Home,1,1,1,1.15,0.85,Graham Potter,permanent,1.0
2024/25,2025-05-11,West Ham,Man United,Away,2,0,3,2.16,2.31,Graham Potter,permanent,1.0
2024/25,2025-05-18,West Ham,Nott'm Forest,Home,1,2,0,0.85,2.15,Graham Potter,permanent,0.7
2024/25,2025-05-25,West Ham,Ipswich,Away,3,1,3,0.97,0.89,Graham Potter,permanent,1.0
2025/26,2025-08-16,West Ham,Sunderland,Away,0,3,0,0.56,0.72,Graham Potter,permanent,0.9
2025/26,2025-08-22,West Ham,Chelsea,Home,1,5,0,0.98,3.95,Graham Potter,permanent,0.9
2025/26,2025-08-31,West Ham,Nott'm Forest,Away,3,0,3,2.24,0.72,Graham Potter,permanent,1.1
2025/26,2025-09-13,West Ham,Tottenham,Home,0,3,0,0.79,1.51,Graham Potter,permanent,1.1
2025/26,2025-09-20,West Ham,Crystal Palace,Home,1,2,0,0.47,2.34,Graham Potter,permanent,1.0
2025/26,2025-09-29,West Ham,Everton,Away,1,1,1,0.78,0.91,Nuno Espírito Santo,permanent,1.1
2025/26,2025-10-04,West Ham,Arsenal,Away,0,2,0,0.86,3.06,Nuno Espírito Santo,permanent,1.0
2025/26,2025-10-20,West Ham,Brentford,Home,0,2,0,0.26,3.47,Nuno Espírito Santo,permanent,0.7
2025/26,2025-10-24,West Ham,Leeds,Away,1,2,0,0.5,2.22,Nuno Espírito Santo,permanent,0.7
2025/26,2025-11-02,West Ham,Newcastle,Home,3,1,3,1.41,0.52,Nuno Espírito Santo,permanent,0.7
2025/26,2025-11-08,West Ham,Burnley,Home,3,2,3,2.97,1.87,Nuno Espírito Santo,permanent,1.0
2025/26,2025-11-22,West Ham,Bournemouth,Away,2,2,1,0.39,3.48,Nuno Espírito Santo,permanent,1.1
2025/26,2025-11-30,West Ham,Liverpool,Home,0,2,0,0.36,1.57,Nuno Espírito Santo,permanent,0.8
2025/26,2025-12-04,West Ham,Man United,Away,1,1,1,1.37,2.28,Nuno Espírito Santo,permanent,0.9
2025/26,2025-12-07,West Ham,Brighton,Away,1,1,1,1.71,2.1,Nuno Espírito Santo,permanent,1.0
2025/26,2025-12-14,West Ham,Aston Villa,Home,2,3,0,1.28,0.6,Nuno Espírito Santo,permanent,0.9
2025/26,2025-12-20,West Ham,Man City,Away,0,3,0,1.02,3.58,Nuno Espírito Santo,permanent,0.9
2025/26,2025-12-27,West Ham,Fulham,Home,0,1,0,1.14,1.11,Nuno Espírito Santo,permanent,0.9
2025/26,2025-12-30,West Ham,Brighton,Home,2,2,1,2.28,3.09,Nuno Espírito Santo,permanent,1.0
2025/26,2026-01-03,West Ham,Wolves,Away,0,3,0,0.24,2.24,Nuno Espírito Santo,permanent,0.7
2025/26,2026-01-06,West Ham,Nott'm Forest,Home,1,2,0,1.74,1.27,Nuno Espírito Santo,permanent,0.4
2025/26,2026-01-17,West Ham,Tottenham,Away,2,1,3,2.77,1.65,Nuno Espírito Santo,permanent,0.6
2025/26,2026-01-24,West Ham,Sunderland,Home,3,1,3,2.19,0.71,Nuno Espírito Santo,permanent,0.9
2025/26,2026-01-31,West Ham,Chelsea,Away,2,3,0,1.73,2.66,Nuno Espírito Santo,permanent,0.8
2025/26,2026-02-07,West Ham,Burnley,Away,2,0,3,1.12,1.85,Nuno Espírito Santo,permanent,1.0
2025/26,2026-02-10,West Ham,Man United,Home,1,1,1,1.31,0.74,Nuno Espírito Santo,permanent,1.1
2025/26,2026-02-21,West Ham,Bournemouth,Home,0,0,1,2.34,0.52,Nuno Espírito Santo,permanent,1.2
2025/26,2026-02-28,West Ham,Liverpool,Away,2,5,0,1.35,2.1,Nuno Espírito Santo,permanent,1.2
2025/26,2026-03-04,West Ham,Fulham,Away,1,0,3,1.5,0.63,Nuno Espírito Santo,permanent,1.4
2025/26,2026-03-14,West Ham,Man City,Home,1,1,1,0.49,1.95,Nuno Espírito Santo,permanent,1.5
2025/26,2026-03-22,West Ham,Aston Villa,Away,0,2,0,0.76,2.49,Nuno Espírito Santo,permanent,1.5
2025/26,2026-04-10,West Ham,Wolves,Home,4,0,3,2.54,0.57,Nuno Espírito Santo,permanent,1.5
2025/26,2026-04-20,West Ham,Crystal Palace,Away,0,0,1,0.62,0.73,Nuno Espírito Santo,permanent,1.3
2025/26,2026-04-25,West Ham,Everton,Home,2,1,3,1.84,1.11,Nuno Espírito Santo,permanent,1.6
2025/26,2026-05-02,West Ham,Brentford,Away,0,3,0,0.75,2.27,Nuno Espírito Santo,permanent,1.3
2025/26,2026-05-10,West Ham,Arsenal,Home,0,1,0,1.32,1.43,Nuno Espírito Santo,permanent,1.2
2025/26,2026-05-17,West Ham,Newcastle,Away,1,3,0,0.96,2.13,Nuno Espírito Santo,permanent,1.1
2025/26,2026-05-24,West Ham,Leeds,Home,3,0,3,2.73,1.95,Nuno Espírito Santo,permanent,1.4
2018/19,2018-08-11,Wolves,Everton,Home,2,2,1,0.89,0.72,Nuno Espírito Santo,first spell in data,
2018/19,2018-08-18,Wolves,Leicester,Away,0,2,0,1.09,0.22,Nuno Espírito Santo,first spell in data,
2018/19,2018-08-25,Wolves,Man City,Home,1,1,1,1.26,1.84,Nuno Espírito Santo,first spell in data,
2018/19,2018-09-01,Wolves,West Ham,Away,1,0,3,1.22,0.89,Nuno Espírito Santo,first spell in data,
2018/19,2018-09-16,Wolves,Burnley,Home,1,0,3,3.39,0.21,Nuno Espírito Santo,first spell in data,
2018/19,2018-09-22,Wolves,Man United,Away,1,1,1,1.12,0.62,Nuno Espírito Santo,first spell in data,
2018/19,2018-09-29,Wolves,Southampton,Home,2,0,3,1.43,0.68,Nuno Espírito Santo,first spell in data,
2018/19,2018-10-06,Wolves,Crystal Palace,Away,1,0,3,0.76,1.04,Nuno Espírito Santo,first spell in data,
2018/19,2018-10-20,Wolves,Watford,Home,0,2,0,0.47,1.07,Nuno Espírito Santo,first spell in data,
2018/19,2018-10-27,Wolves,Brighton,Away,0,1,0,1.38,1.01,Nuno Espírito Santo,first spell in data,1.5
2018/19,2018-11-03,Wolves,Tottenham,Home,2,3,0,2.41,1.63,Nuno Espírito Santo,first spell in data,1.4
2018/19,2018-11-11,Wolves,Arsenal,Away,1,1,1,1.87,0.97,Nuno Espírito Santo,first spell in data,1.5
2018/19,2018-11-25,Wolves,Huddersfield,Home,0,2,0,0.7,0.63,Nuno Espírito Santo,first spell in data,1.4
2018/19,2018-11-30,Wolves,Cardiff,Away,1,2,0,0.99,1.09,Nuno Espírito Santo,first spell in data,1.1
2018/19,2018-12-05,Wolves,Chelsea,Home,2,1,3,0.68,1.11,Nuno Espírito Santo,first spell in data,1.1
2018/19,2018-12-09,Wolves,Newcastle,Away,2,1,3,1.58,0.46,Nuno Espírito Santo,first spell in data,1.3
2018/19,2018-12-15,Wolves,Bournemouth,Home,2,0,3,2.02,0.53,Nuno Espírito Santo,first spell in data,1.3
2018/19,2018-12-21,Wolves,Liverpool,Home,0,2,0,0.76,2.16,Nuno Espírito Santo,first spell in data,1.0
2018/19,2018-12-26,Wolves,Fulham,Away,1,1,1,1.36,1.28,Nuno Espírito Santo,first spell in data,1.1
2018/19,2018-12-29,Wolves,Tottenham,Away,3,1,3,1.21,0.28,Nuno Espírito Santo,first spell in data,1.4
2018/19,2019-01-02,Wolves,Crystal Palace,Home,0,2,0,0.66,1.95,Nuno Espírito Santo,first spell in data,1.4
2018/19,2019-01-14,Wolves,Man City,Away,0,3,0,0.1,3.12,Nuno Espírito Santo,first spell in data,1.3
2018/19,2019-01-19,Wolves,Leicester,Home,4,3,3,2.22,1.34,Nuno Espírito Santo,first spell in data,1.6
2018/19,2019-01-29,Wolves,West Ham,Home,3,0,3,2.04,0.13,Nuno Espírito Santo,first spell in data,1.9
2018/19,2019-02-02,Wolves,Everton,Away,3,1,3,1.86,1.36,Nuno Espírito Santo,first spell in data,1.9
2018/19,2019-02-11,Wolves,Newcastle,Home,1,1,1,2.31,0.44,Nuno Espírito Santo,first spell in data,1.7
2018/19,2019-02-23,Wolves,Bournemouth,Away,1,1,1,1.2,2.13,Nuno Espírito Santo,first spell in data,1.5
2018/19,2019-02-26,Wolves,Huddersfield,Away,0,1,0,0.57,1.46,Nuno Espírito Santo,first spell in data,1.5
2018/19,2019-03-02,Wolves,Cardiff,Home,2,0,3,3.21,0.7,Nuno Espírito Santo,first spell in data,1.7
2018/19,2019-03-10,Wolves,Chelsea,Away,1,1,1,0.61,1.05,Nuno Espírito Santo,first spell in data,1.5
2018/19,2019-03-30,Wolves,Burnley,Away,0,2,0,0.4,0.57,Nuno Espírito Santo,first spell in data,1.5
2018/19,2019-04-02,Wolves,Man United,Home,2,1,3,1.65,2.04,Nuno Espírito Santo,first spell in data,1.8
2018/19,2019-04-13,Wolves,Southampton,Away,1,3,0,0.64,3.81,Nuno Espírito Santo,first spell in data,1.5
2018/19,2019-04-20,Wolves,Brighton,Home,0,0,1,2.6,0.12,Nuno Espírito Santo,first spell in data,1.3
2018/19,2019-04-24,Wolves,Arsenal,Home,3,1,3,0.98,0.94,Nuno Espírito Santo,first spell in data,1.3
2018/19,2019-04-27,Wolves,Watford,Away,2,1,3,2.44,0.9,Nuno Espírito Santo,first spell in data,1.5
2018/19,2019-05-04,Wolves,Fulham,Home,1,0,3,2.09,0.51,Nuno Espírito Santo,first spell in data,1.7
2018/19,2019-05-12,Wolves,Liverpool,Away,0,2,0,0.88,1.7,Nuno Espírito Santo,first spell in data,1.7
2019/20,2019-08-11,Wolves,Leicester,Away,0,0,1,0.81,0.54,Nuno Espírito Santo,first spell in data,1.5
2019/20,2019-08-19,Wolves,Man United,Home,1,1,1,0.31,1.14,Nuno Espírito Santo,first spell in data,1.5
2019/20,2019-08-25,Wolves,Burnley,Home,1,1,1,1.33,1.23,Nuno Espírito Santo,first spell in data,1.6
2019/20,2019-09-01,Wolves,Everton,Away,2,3,0,2.0,1.49,Nuno Espírito Santo,first spell in data,1.3
2019/20,2019-09-14,Wolves,Chelsea,Home,2,5,0,1.49,3.07,Nuno Espírito Santo,first spell in data,1.3
2019/20,2019-09-22,Wolves,Crystal Palace,Away,1,1,1,1.76,0.98,Nuno Espírito Santo,first spell in data,1.3
2019/20,2019-09-28,Wolves,Watford,Home,2,0,3,1.16,1.07,Nuno Espírito Santo,first spell in data,1.3
2019/20,2019-10-06,Wolves,Man City,Away,2,0,3,1.19,1.62,Nuno Espírito Santo,first spell in data,1.3
2019/20,2019-10-19,Wolves,Southampton,Home,1,1,1,0.89,1.38,Nuno Espírito Santo,first spell in data,1.1
2019/20,2019-10-27,Wolves,Newcastle,Away,1,1,1,1.93,0.6,Nuno Espírito Santo,first spell in data,1.2
2019/20,2019-11-02,Wolves,Arsenal,Away,1,1,1,1.51,1.03,Nuno Espírito Santo,first spell in data,1.2
2019/20,2019-11-10,Wolves,Aston Villa,Home,2,1,3,2.1,0.47,Nuno Espírito Santo,first spell in data,1.4
2019/20,2019-11-23,Wolves,Bournemouth,Away,2,1,3,1.28,0.85,Nuno Espírito Santo,first spell in data,1.6
2019/20,2019-12-01,Wolves,Sheffield United,Home,1,1,1,1.27,1.47,Nuno Espírito Santo,first spell in data,1.7
2019/20,2019-12-04,Wolves,West Ham,Home,2,0,3,1.82,0.5,Nuno Espírito Santo,first spell in data,2.0
2019/20,2019-12-08,Wolves,Brighton,Away,2,2,1,1.87,0.95,Nuno Espírito Santo,first spell in data,2.0
2019/20,2019-12-15,Wolves,Tottenham,Home,1,2,0,0.72,0.99,Nuno Espírito Santo,first spell in data,1.7
2019/20,2019-12-21,Wolves,Norwich,Away,2,1,3,1.65,1.27,Nuno Espírito Santo,first spell in data,1.7
2019/20,2019-12-27,Wolves,Man City,Home,3,2,3,2.39,1.52,Nuno Espírito Santo,first spell in data,1.9
2019/20,2019-12-29,Wolves,Liverpool,Away,0,1,0,0.36,1.49,Nuno Espírito Santo,first spell in data,1.8
2019/20,2020-01-01,Wolves,Watford,Away,1,2,0,1.23,1.07,Nuno Espírito Santo,first spell in data,1.7
2019/20,2020-01-11,Wolves,Newcastle,Home,1,1,1,2.05,0.18,Nuno Espírito Santo,first spell in data,1.5
2019/20,2020-01-18,Wolves,Southampton,Away,3,2,3,2.18,0.79,Nuno Espírito Santo,first spell in data,1.5
2019/20,2020-01-23,Wolves,Liverpool,Home,1,2,0,1.85,1.59,Nuno Espírito Santo,first spell in data,1.4
2019/20,2020-02-01,Wolves,Man United,Away,0,0,1,1.54,1.19,Nuno Espírito Santo,first spell in data,1.2
2019/20,2020-02-14,Wolves,Leicester,Home,0,0,1,1.14,0.53,Nuno Espírito Santo,first spell in data,1.2
2019/20,2020-02-23,Wolves,Norwich,Home,3,0,3,3.25,0.36,Nuno Espírito Santo,first spell in data,1.5
2019/20,2020-03-01,Wolves,Tottenham,Away,3,2,3,2.62,1.63,Nuno Espírito Santo,first spell in data,1.5
2019/20,2020-03-07,Wolves,Brighton,Home,0,0,1,0.9,0.31,Nuno Espírito Santo,first spell in data,1.3
2019/20,2020-06-20,Wolves,West Ham,Away,2,0,3,1.06,0.44,Nuno Espírito Santo,first spell in data,1.6
2019/20,2020-06-24,Wolves,Bournemouth,Home,1,0,3,0.72,0.06,Nuno Espírito Santo,first spell in data,1.9
2019/20,2020-06-27,Wolves,Aston Villa,Away,1,0,3,0.7,0.4,Nuno Espírito Santo,first spell in data,2.1
2019/20,2020-07-04,Wolves,Arsenal,Home,0,2,0,0.99,1.28,Nuno Espírito Santo,first spell in data,1.8
2019/20,2020-07-08,Wolves,Sheffield United,Away,0,1,0,0.33,0.47,Nuno Espírito Santo,first spell in data,1.8
2019/20,2020-07-12,Wolves,Everton,Home,3,0,3,2.87,0.29,Nuno Espírito Santo,first spell in data,2.0
2019/20,2020-07-15,Wolves,Burnley,Away,1,1,1,1.29,1.53,Nuno Espírito Santo,first spell in data,2.0
2019/20,2020-07-20,Wolves,Crystal Palace,Home,2,0,3,1.49,0.44,Nuno Espírito Santo,first spell in data,2.0
2019/20,2020-07-26,Wolves,Chelsea,Away,0,2,0,0.16,1.16,Nuno Espírito Santo,first spell in data,1.7
2020/21,2020-09-14,Wolves,Sheffield United,Away,2,0,3,1.61,0.95,Nuno Espírito Santo,first spell in data,1.9
2020/21,2020-09-21,Wolves,Man City,Home,1,3,0,0.73,2.08,Nuno Espírito Santo,first spell in data,1.6
2020/21,2020-09-27,Wolves,West Ham,Away,0,4,0,0.39,3.06,Nuno Espírito Santo,first spell in data,1.3
2020/21,2020-10-04,Wolves,Fulham,Home,1,0,3,0.89,0.97,Nuno Espírito Santo,first spell in data,1.3
2020/21,2020-10-19,Wolves,Leeds,Away,1,0,3,0.62,1.08,Nuno Espírito Santo,first spell in data,1.6
2020/21,2020-10-25,Wolves,Newcastle,Home,1,1,1,0.76,0.25,Nuno Espírito Santo,first spell in data,1.7
2020/21,2020-10-30,Wolves,Crystal Palace,Home,2,0,3,1.35,0.8,Nuno Espírito Santo,first spell in data,1.7
2020/21,2020-11-08,Wolves,Leicester,Away,0,1,0,0.58,2.05,Nuno Espírito Santo,first spell in data,1.6
2020/21,2020-11-23,Wolves,Southampton,Home,1,1,1,1.57,1.08,Nuno Espírito Santo,first spell in data,1.4
2020/21,2020-11-29,Wolves,Arsenal,Away,2,1,3,2.01,1.12,Nuno Espírito Santo,first spell in data,1.7
2020/21,2020-12-06,Wolves,Liverpool,Away,0,4,0,0.36,1.59,Nuno Espírito Santo,first spell in data,1.4
2020/21,2020-12-12,Wolves,Aston Villa,Home,0,1,0,1.14,1.27,Nuno Espírito Santo,first spell in data,1.4
2020/21,2020-12-15,Wolves,Chelsea,Home,2,1,3,0.68,1.57,Nuno Espírito Santo,first spell in data,1.7
2020/21,2020-12-21,Wolves,Burnley,Away,1,2,0,1.46,1.2,Nuno Espírito Santo,first spell in data,1.4
2020/21,2020-12-27,Wolves,Tottenham,Home,1,1,1,0.74,0.41,Nuno Espírito Santo,first spell in data,1.2
2020/21,2020-12-29,Wolves,Man United,Away,0,1,0,0.41,1.48,Nuno Espírito Santo,first spell in data,1.1
2020/21,2021-01-02,Wolves,Brighton,Away,3,3,1,1.82,2.42,Nuno Espírito Santo,first spell in data,0.9
2020/21,2021-01-12,Wolves,Everton,Home,1,2,0,0.85,0.32,Nuno Espírito Santo,first spell in data,0.9
2020/21,2021-01-16,Wolves,West Brom,Home,2,3,0,1.94,2.46,Nuno Espírito Santo,first spell in data,0.8
2020/21,2021-01-27,Wolves,Chelsea,Away,0,0,1,0.63,0.66,Nuno Espírito Santo,first spell in data,0.6
2020/21,2021-01-30,Wolves,Crystal Palace,Away,0,1,0,0.45,1.37,Nuno Espírito Santo,first spell in data,0.6
2020/21,2021-02-02,Wolves,Arsenal,Home,2,1,3,1.56,0.72,Nuno Espírito Santo,first spell in data,0.9
2020/21,2021-02-07,Wolves,Leicester,Home,0,0,1,1.36,0.63,Nuno Espírito Santo,first spell in data,0.7
2020/21,2021-02-14,Wolves,Southampton,Away,2,1,3,1.09,0.85,Nuno Espírito Santo,first spell in data,1.0
2020/21,2021-02-19,Wolves,Leeds,Home,1,0,3,0.59,2.48,Nuno Espírito Santo,first spell in data,1.2
2020/21,2021-02-27,Wolves,Newcastle,Away,1,1,1,1.28,1.95,Nuno Espírito Santo,first spell in data,1.3
2020/21,2021-03-02,Wolves,Man City,Away,1,4,0,0.32,3.26,Nuno Espírito Santo,first spell in data,1.2
2020/21,2021-03-06,Wolves,Aston Villa,Away,0,0,1,2.15,0.96,Nuno Espírito Santo,first spell in data,1.3
2020/21,2021-03-15,Wolves,Liverpool,Home,0,1,0,1.29,1.06,Nuno Espírito Santo,first spell in data,1.3
2020/21,2021-04-05,Wolves,West Ham,Home,2,3,0,1.96,1.6,Nuno Espírito Santo,first spell in data,1.2
2020/21,2021-04-09,Wolves,Fulham,Away,1,0,3,0.43,0.73,Nuno Espírito Santo,first spell in data,1.5
2020/21,2021-04-17,Wolves,Sheffield United,Home,1,0,3,1.23,0.3,Nuno Espírito Santo,first spell in data,1.5
2020/21,2021-04-25,Wolves,Burnley,Home,0,4,0,0.35,2.24,Nuno Espírito Santo,first spell in data,1.4
2020/21,2021-05-03,Wolves,West Brom,Away,1,1,1,0.84,1.07,Nuno Espírito Santo,first spell in data,1.2
2020/21,2021-05-09,Wolves,Brighton,Home,2,1,3,1.12,0.28,Nuno Espírito Santo,first spell in data,1.2
2020/21,2021-05-16,Wolves,Tottenham,Away,0,2,0,1.09,3.14,Nuno Espírito Santo,first spell in data,1.1
2020/21,2021-05-19,Wolves,Everton,Away,0,1,0,0.27,0.67,Nuno Espírito Santo,first spell in data,1.1
2020/21,2021-05-23,Wolves,Man United,Home,1,2,0,0.7,2.05,Nuno Espírito Santo,first spell in data,1.0
2021/22,2021-08-14,Wolves,Leicester,Away,0,1,0,1.33,0.67,Bruno Lage,permanent,1.0
2021/22,2021-08-22,Wolves,Tottenham,Home,0,1,0,1.51,1.73,Bruno Lage,permanent,1.0
2021/22,2021-08-29,Wolves,Man United,Home,0,1,0,1.8,0.94,Bruno Lage,permanent,0.7
2021/22,2021-09-11,Wolves,Watford,Away,2,0,3,2.56,0.19,Bruno Lage,permanent,0.7
2021/22,2021-09-18,Wolves,Brentford,Home,0,2,0,1.02,2.33,Bruno Lage,permanent,0.7
2021/22,2021-09-26,Wolves,Southampton,Away,1,0,3,0.91,0.91,Bruno Lage,permanent,0.9
2021/22,2021-10-02,Wolves,Newcastle,Home,2,1,3,1.16,0.87,Bruno Lage,permanent,0.9
2021/22,2021-10-16,Wolves,Aston Villa,Away,3,2,3,2.2,1.21,Bruno Lage,permanent,1.2
2021/22,2021-10-23,Wolves,Leeds,Away,1,1,1,0.86,1.71,Bruno Lage,permanent,1.3
2021/22,2021-11-01,Wolves,Everton,Home,2,1,3,1.69,1.7,Bruno Lage,permanent,1.6
2021/22,2021-11-06,Wolves,Crystal Palace,Away,0,2,0,0.25,2.65,Bruno Lage,permanent,1.6
2021/22,2021-11-20,Wolves,West Ham,Home,1,0,3,1.32,0.44,Bruno Lage,permanent,1.9
2021/22,2021-11-27,Wolves,Norwich,Away,0,0,1,0.3,1.4,Bruno Lage,permanent,2.0
2021/22,2021-12-01,Wolves,Burnley,Home,0,0,1,0.71,0.2,Bruno Lage,permanent,1.8
2021/22,2021-12-04,Wolves,Liverpool,Home,0,1,0,0.1,2.42,Bruno Lage,permanent,1.8
2021/22,2021-12-11,Wolves,Man City,Away,0,1,0,0.08,3.0,Bruno Lage,permanent,1.5
2021/22,2021-12-15,Wolves,Brighton,Away,1,0,3,1.12,1.2,Bruno Lage,permanent,1.5
2021/22,2021-12-19,Wolves,Chelsea,Home,0,0,1,0.32,0.79,Bruno Lage,permanent,1.3
2021/22,2022-01-03,Wolves,Man United,Away,1,0,3,0.84,0.77,Bruno Lage,permanent,1.5
2021/22,2022-01-15,Wolves,Southampton,Home,3,1,3,2.3,0.92,Bruno Lage,permanent,1.5
2021/22,2022-01-22,Wolves,Brentford,Away,2,1,3,0.22,0.74,Bruno Lage,permanent,1.8
2021/22,2022-02-10,Wolves,Arsenal,Home,0,1,0,0.64,1.45,Bruno Lage,permanent,1.5
2021/22,2022-02-13,Wolves,Tottenham,Away,2,0,3,1.87,0.84,Bruno Lage,permanent,1.7
2021/22,2022-02-20,Wolves,Leicester,Home,2,1,3,0.47,1.55,Bruno Lage,permanent,1.9
2021/22,2022-02-24,Wolves,Arsenal,Away,1,2,0,1.11,2.51,Bruno Lage,permanent,1.9
2021/22,2022-02-27,Wolves,West Ham,Away,0,1,0,0.89,1.62,Bruno Lage,permanent,1.9
2021/22,2022-03-05,Wolves,Crystal Palace,Home,0,2,0,0.71,2.54,Bruno Lage,permanent,1.6
2021/22,2022-03-10,Wolves,Watford,Home,4,0,3,1.55,0.5,Bruno Lage,permanent,1.8
2021/22,2022-03-13,Wolves,Everton,Away,1,0,3,0.71,0.4,Bruno Lage,permanent,1.8
2021/22,2022-03-18,Wolves,Leeds,Home,2,3,0,1.24,2.82,Bruno Lage,permanent,1.5
2021/22,2022-04-02,Wolves,Aston Villa,Home,2,1,3,1.62,1.91,Bruno Lage,permanent,1.5
2021/22,2022-04-08,Wolves,Newcastle,Away,0,1,0,0.31,1.44,Bruno Lage,permanent,1.5
2021/22,2022-04-24,Wolves,Burnley,Away,0,1,0,0.59,1.27,Bruno Lage,permanent,1.2
2021/22,2022-04-30,Wolves,Brighton,Home,0,3,0,0.53,2.91,Bruno Lage,permanent,0.9
2021/22,2022-05-07,Wolves,Chelsea,Away,2,2,1,1.68,1.82,Bruno Lage,permanent,1.0
2021/22,2022-05-11,Wolves,Man City,Home,1,5,0,0.41,3.39,Bruno Lage,permanent,1.0
2021/22,2022-05-15,Wolves,Norwich,Home,1,1,1,1.0,1.53,Bruno Lage,permanent,1.1
2021/22,2022-05-22,Wolves,Liverpool,Away,1,3,0,1.12,3.19,Bruno Lage,permanent,0.8
2022/23,2022-08-06,Wolves,Leeds,Away,1,2,0,1.1,0.89,Bruno Lage,permanent,0.5
2022/23,2022-08-13,Wolves,Fulham,Home,0,0,1,0.98,1.09,Bruno Lage,permanent,0.6
2022/23,2022-08-20,Wolves,Tottenham,Away,0,1,0,0.69,1.47,Bruno Lage,permanent,0.3
2022/23,2022-08-28,Wolves,Newcastle,Home,1,1,1,1.13,1.93,Bruno Lage,permanent,0.4
2022/23,2022-08-31,Wolves,Bournemouth,Away,0,0,1,1.53,0.36,Bruno Lage,permanent,0.5
2022/23,2022-09-03,Wolves,Southampton,Home,1,0,3,1.1,1.21,Bruno Lage,permanent,0.8
2022/23,2022-09-17,Wolves,Man City,Home,0,3,0,0.31,1.42,Bruno Lage,permanent,0.7
2022/23,2022-10-01,Wolves,West Ham,Away,0,2,0,0.58,1.04,Bruno Lage,permanent,0.7
2022/23,2022-10-08,Wolves,Chelsea,Away,0,3,0,0.75,2.43,Steve Davis,caretaker,0.6
2022/23,2022-10-15,Wolves,Nott'm Forest,Home,1,0,3,1.22,1.25,Steve Davis,caretaker,0.9
2022/23,2022-10-18,Wolves,Crystal Palace,Away,1,2,0,0.86,1.26,Steve Davis,caretaker,0.9
2022/23,2022-10-23,Wolves,Leicester,Home,0,4,0,1.62,0.99,Steve Davis,caretaker,0.8
2022/23,2022-10-29,Wolves,Brentford,Away,1,1,1,0.56,1.29,Steve Davis,caretaker,0.9
2022/23,2022-11-05,Wolves,Brighton,Home,2,3,0,1.29,1.87,Steve Davis,caretaker,0.8
2022/23,2022-11-12,Wolves,Arsenal,Home,0,2,0,0.51,2.28,Steve Davis,caretaker,0.7
2022/23,2022-12-26,Wolves,Everton,Away,2,1,3,1.22,1.23,Julen Lopetegui,permanent,0.7
2022/23,2022-12-31,Wolves,Man United,Home,0,1,0,0.59,2.45,Julen Lopetegui,permanent,0.7
2022/23,2023-01-04,Wolves,Aston Villa,Away,1,1,1,0.83,1.03,Julen Lopetegui,permanent,0.8
2022/23,2023-01-14,Wolves,West Ham,Home,1,0,3,0.81,0.74,Julen Lopetegui,permanent,1.1
2022/23,2023-01-22,Wolves,Man City,Away,0,3,0,0.47,3.33,Julen Lopetegui,permanent,0.8
2022/23,2023-02-04,Wolves,Liverpool,Home,3,0,3,2.63,1.3,Julen Lopetegui,permanent,1.1
2022/23,2023-02-11,Wolves,Southampton,Away,2,1,3,0.62,1.3,Julen Lopetegui,permanent,1.4
2022/23,2023-02-18,Wolves,Bournemouth,Home,0,1,0,0.91,1.15,Julen Lopetegui,permanent,1.3
2022/23,2023-02-24,Wolves,Fulham,Away,1,1,1,1.0,0.91,Julen Lopetegui,permanent,1.4
2022/23,2023-03-01,Wolves,Liverpool,Away,0,2,0,0.79,2.7,Julen Lopetegui,permanent,1.4
2022/23,2023-03-04,Wolves,Tottenham,Home,1,0,3,0.56,1.26,Julen Lopetegui,permanent,1.4
2022/23,2023-03-12,Wolves,Newcastle,Away,1,2,0,0.71,2.46,Julen Lopetegui,permanent,1.4
2022/23,2023-03-18,Wolves,Leeds,Home,2,4,0,2.76,1.65,Julen Lopetegui,permanent,1.3
2022/23,2023-04-01,Wolves,Nott'm Forest,Away,1,1,1,0.38,1.11,Julen Lopetegui,permanent,1.1
2022/23,2023-04-08,Wolves,Chelsea,Home,1,0,3,0.6,0.82,Julen Lopetegui,permanent,1.4
2022/23,2023-04-15,Wolves,Brentford,Home,2,0,3,0.94,1.51,Julen Lopetegui,permanent,1.4
2022/23,2023-04-22,Wolves,Leicester,Away,1,2,0,0.6,2.67,Julen Lopetegui,permanent,1.1
2022/23,2023-04-25,Wolves,Crystal Palace,Home,2,0,3,1.13,0.58,Julen Lopetegui,permanent,1.4
2022/23,2023-04-29,Wolves,Brighton,Away,0,6,0,0.6,3.6,Julen Lopetegui,permanent,1.3
2022/23,2023-05-06,Wolves,Aston Villa,Home,1,0,3,0.81,1.5,Julen Lopetegui,permanent,1.6
2022/23,2023-05-13,Wolves,Man United,Away,0,2,0,0.27,3.1,Julen Lopetegui,permanent,1.3
2022/23,2023-05-20,Wolves,Everton,Home,1,1,1,1.29,2.47,Julen Lopetegui,permanent,1.4
2022/23,2023-05-28,Wolves,Arsenal,Away,0,5,0,0.39,3.02,Julen Lopetegui,permanent,1.4
2023/24,2023-08-14,Wolves,Man United,Away,0,1,0,1.72,1.97,Gary O'Neil,permanent,1.3
2023/24,2023-08-19,Wolves,Brighton,Home,1,4,0,2.69,3.16,Gary O'Neil,permanent,1.0
2023/24,2023-08-26,Wolves,Everton,Away,1,0,3,1.4,1.9,Gary O'Neil,permanent,1.0
2023/24,2023-09-03,Wolves,Crystal Palace,Away,2,3,0,1.14,2.33,Gary O'Neil,permanent,1.0
2023/24,2023-09-16,Wolves,Liverpool,Home,1,3,0,0.54,2.83,Gary O'Neil,permanent,0.7
2023/24,2023-09-23,Wolves,Luton,Away,1,1,1,0.76,2.24,Gary O'Neil,permanent,0.8
2023/24,2023-09-30,Wolves,Man City,Home,2,1,3,0.67,0.98,Gary O'Neil,permanent,0.8
2023/24,2023-10-08,Wolves,Aston Villa,Home,1,1,1,1.76,1.82,Gary O'Neil,permanent,0.9
2023/24,2023-10-21,Wolves,Bournemouth,Away,2,1,3,2.3,1.02,Gary O'Neil,permanent,1.1
2023/24,2023-10-28,Wolves,Newcastle,Home,2,2,1,0.86,2.32,Gary O'Neil,permanent,1.2
2023/24,2023-11-04,Wolves,Sheffield United,Away,1,2,0,1.15,1.1,Gary O'Neil,permanent,1.2
2023/24,2023-11-11,Wolves,Tottenham,Home,2,1,3,1.91,0.43,Gary O'Neil,permanent,1.5
2023/24,2023-11-27,Wolves,Fulham,Away,2,3,0,1.58,2.49,Gary O'Neil,permanent,1.2
2023/24,2023-12-02,Wolves,Arsenal,Away,1,2,0,1.08,3.3,Gary O'Neil,permanent,1.2
2023/24,2023-12-05,Wolves,Burnley,Home,1,0,3,1.12,0.78,Gary O'Neil,permanent,1.5
2023/24,2023-12-09,Wolves,Nott'm Forest,Home,1,1,1,1.02,1.22,Gary O'Neil,permanent,1.5
2023/24,2023-12-17,Wolves,West Ham,Away,0,3,0,0.56,1.04,Gary O'Neil,permanent,1.2
2023/24,2023-12-24,Wolves,Chelsea,Home,2,1,3,1.75,1.75,Gary O'Neil,permanent,1.4
2023/24,2023-12-27,Wolves,Brentford,Away,4,1,3,1.89,2.59,Gary O'Neil,permanent,1.4
2023/24,2023-12-30,Wolves,Everton,Home,3,0,3,2.64,0.52,Gary O'Neil,permanent,1.6
2023/24,2024-01-22,Wolves,Brighton,Away,0,0,1,1.14,1.37,Gary O'Neil,permanent,1.7
2023/24,2024-02-01,Wolves,Man United,Home,3,4,0,2.28,3.23,Gary O'Neil,permanent,1.4
2023/24,2024-02-04,Wolves,Chelsea,Away,4,2,3,2.49,2.36,Gary O'Neil,permanent,1.7
2023/24,2024-02-10,Wolves,Brentford,Home,0,2,0,1.06,1.85,Gary O'Neil,permanent,1.7
2023/24,2024-02-17,Wolves,Tottenham,Away,2,1,3,1.78,1.6,Gary O'Neil,permanent,1.7
2023/24,2024-02-25,Wolves,Sheffield United,Home,1,0,3,1.22,0.65,Gary O'Neil,permanent,1.9
2023/24,2024-03-02,Wolves,Newcastle,Away,0,3,0,0.51,3.33,Gary O'Neil,permanent,1.9
2023/24,2024-03-09,Wolves,Fulham,Home,2,1,3,1.3,2.94,Gary O'Neil,permanent,1.9
2023/24,2024-03-30,Wolves,Aston Villa,Away,0,2,0,1.66,1.28,Gary O'Neil,permanent,1.6
2023/24,2024-04-02,Wolves,Burnley,Away,1,1,1,1.01,1.13,Gary O'Neil,permanent,1.4
2023/24,2024-04-06,Wolves,West Ham,Home,1,2,0,1.78,1.14,Gary O'Neil,permanent,1.3
2023/24,2024-04-13,Wolves,Nott'm Forest,Away,2,2,1,1.46,1.76,Gary O'Neil,permanent,1.4
2023/24,2024-04-20,Wolves,Arsenal,Home,0,2,0,0.16,1.66,Gary O'Neil,permanent,1.1
2023/24,2024-04-24,Wolves,Bournemouth,Home,0,1,0,0.48,2.4,Gary O'Neil,permanent,1.1
2023/24,2024-04-27,Wolves,Luton,Home,2,1,3,1.49,0.9,Gary O'Neil,permanent,1.1
2023/24,2024-05-04,Wolves,Man City,Away,1,5,0,0.4,4.53,Gary O'Neil,permanent,0.8
2023/24,2024-05-11,Wolves,Crystal Palace,Home,1,3,0,1.16,2.51,Gary O'Neil,permanent,0.8
2023/24,2024-05-19,Wolves,Liverpool,Away,0,2,0,0.73,5.66,Gary O'Neil,permanent,0.5
2024/25,2024-08-17,Wolves,Arsenal,Away,0,2,0,0.58,1.63,Gary O'Neil,permanent,0.5
2024/25,2024-08-25,Wolves,Chelsea,Home,2,6,0,2.42,2.03,Gary O'Neil,permanent,0.4
2024/25,2024-08-31,Wolves,Nott'm Forest,Away,1,1,1,0.94,1.41,Gary O'Neil,permanent,0.5
2024/25,2024-09-15,Wolves,Newcastle,Home,1,2,0,1.47,1.48,Gary O'Neil,permanent,0.4
2024/25,2024-09-21,Wolves,Aston Villa,Away,1,3,0,0.52,2.37,Gary O'Neil,permanent,0.4
2024/25,2024-09-28,Wolves,Liverpool,Home,1,2,0,0.75,2.12,Gary O'Neil,permanent,0.4
2024/25,2024-10-05,Wolves,Brentford,Away,3,5,0,0.7,4.14,Gary O'Neil,permanent,0.1
2024/25,2024-10-20,Wolves,Man City,Home,1,2,0,0.76,1.37,Gary O'Neil,permanent,0.1
2024/25,2024-10-26,Wolves,Brighton,Away,2,2,1,1.11,1.51,Gary O'Neil,permanent,0.2
2024/25,2024-11-02,Wolves,Crystal Palace,Home,2,2,1,1.65,2.65,Gary O'Neil,permanent,0.3
2024/25,2024-11-09,Wolves,Southampton,Home,2,0,3,0.91,0.79,Gary O'Neil,permanent,0.6
2024/25,2024-11-23,Wolves,Fulham,Away,4,1,3,1.34,0.72,Gary O'Neil,permanent,0.9
2024/25,2024-11-30,Wolves,Bournemouth,Home,2,4,0,0.87,3.08,Gary O'Neil,permanent,0.8
2024/25,2024-12-04,Wolves,Everton,Away,0,4,0,0.85,1.5,Gary O'Neil,permanent,0.8
2024/25,2024-12-09,Wolves,West Ham,Away,1,2,0,1.48,1.2,Gary O'Neil,permanent,0.8
2024/25,2024-12-14,Wolves,Ipswich,Home,1,2,0,1.24,1.73,Gary O'Neil,permanent,0.8
2024/25,2024-12-22,Wolves,Leicester,Away,3,0,3,1.14,0.79,Vítor Pereira,permanent,1.1
2024/25,2024-12-26,Wolves,Man United,Home,2,0,3,0.83,0.36,Vítor Pereira,permanent,1.4
2024/25,2024-12-29,Wolves,Tottenham,Away,2,2,1,0.64,2.28,Vítor Pereira,permanent,1.4
2024/25,2025-01-06,Wolves,Nott'm Forest,Home,0,3,0,1.9,2.57,Vítor Pereira,permanent,1.3
2024/25,2025-01-15,Wolves,Newcastle,Away,0,3,0,1.47,2.13,Vítor Pereira,permanent,1.0
2024/25,2025-01-20,Wolves,Chelsea,Away,1,3,0,1.07,3.15,Vítor Pereira,permanent,0.7
2024/25,2025-01-25,Wolves,Arsenal,Home,0,1,0,0.51,0.89,Vítor Pereira,permanent,0.7
2024/25,2025-02-01,Wolves,Aston Villa,Home,2,0,3,2.0,0.74,Vítor Pereira,permanent,1.0
2024/25,2025-02-16,Wolves,Liverpool,Away,1,2,0,1.05,1.87,Vítor Pereira,permanent,1.0
2024/25,2025-02-22,Wolves,Bournemouth,Away,1,0,3,2.1,0.63,Vítor Pereira,permanent,1.3
2024/25,2025-02-25,Wolves,Fulham,Home,1,2,0,0.93,1.43,Vítor Pereira,permanent,1.0
2024/25,2025-03-08,Wolves,Everton,Home,1,1,1,0.81,1.37,Vítor Pereira,permanent,0.8
2024/25,2025-03-15,Wolves,Southampton,Away,2,1,3,0.54,1.28,Vítor Pereira,permanent,1.0
2024/25,2025-04-01,Wolves,West Ham,Home,1,0,3,1.1,1.73,Vítor Pereira,permanent,1.3
2024/25,2025-04-05,Wolves,Ipswich,Away,2,1,3,2.81,0.87,Vítor Pereira,permanent,1.6
2024/25,2025-04-13,Wolves,Tottenham,Home,4,2,3,2.23,1.63,Vítor Pereira,permanent,1.9
2024/25,2025-04-20,Wolves,Man United,Away,1,0,3,0.19,1.14,Vítor Pereira,permanent,2.2
2024/25,2025-04-26,Wolves,Leicester,Home,3,0,3,2.58,1.05,Vítor Pereira,permanent,2.2
2024/25,2025-05-02,Wolves,Man City,Away,0,1,0,0.62,0.86,Vítor Pereira,permanent,2.2
2024/25,2025-05-10,Wolves,Brighton,Home,0,2,0,0.73,1.41,Vítor Pereira,permanent,1.9
2024/25,2025-05-20,Wolves,Crystal Palace,Away,2,4,0,1.43,1.68,Vítor Pereira,permanent,1.9
2024/25,2025-05-25,Wolves,Brentford,Home,1,1,1,1.11,1.97,Vítor Pereira,permanent,1.9
2025/26,2025-08-16,Wolves,Man City,Home,0,4,0,0.52,2.3,Vítor Pereira,permanent,1.6
2025/26,2025-08-23,Wolves,Bournemouth,Away,0,1,0,0.37,1.78,Vítor Pereira,permanent,1.3
2025/26,2025-08-30,Wolves,Everton,Home,2,3,0,0.94,2.04,Vítor Pereira,permanent,1.0
2025/26,2025-09-13,Wolves,Newcastle,Away,0,1,0,0.38,1.19,Vítor Pereira,permanent,0.7
2025/26,2025-09-20,Wolves,Leeds,Home,1,3,0,1.57,0.46,Vítor Pereira,permanent,0.4
2025/26,2025-09-27,Wolves,Tottenham,Away,1,1,1,1.16,0.82,Vítor Pereira,permanent,0.2
2025/26,2025-10-05,Wolves,Brighton,Home,1,1,1,0.37,1.39,Vítor Pereira,permanent,0.3
2025/26,2025-10-18,Wolves,Sunderland,Away,0,2,0,0.68,1.02,Vítor Pereira,permanent,0.3
2025/26,2025-10-26,Wolves,Burnley,Home,2,3,0,2.58,1.55,Vítor Pereira,permanent,0.3
2025/26,2025-11-01,Wolves,Fulham,Away,0,3,0,0.21,1.91,Vítor Pereira,permanent,0.2
2025/26,2025-11-08,Wolves,Chelsea,Away,0,3,0,0.11,3.98,Jamie Collins,caretaker,0.2
2025/26,2025-11-22,Wolves,Crystal Palace,Home,0,2,0,1.66,1.45,Rob Edwards,permanent,0.2
2025/26,2025-11-30,Wolves,Aston Villa,Away,0,1,0,0.69,1.15,Rob Edwards,permanent,0.2
2025/26,2025-12-03,Wolves,Nott'm Forest,Home,0,1,0,1.02,1.12,Rob Edwards,permanent,0.2
2025/26,2025-12-08,Wolves,Man United,Home,1,4,0,0.26,4.05,Rob Edwards,permanent,0.2
2025/26,2025-12-13,Wolves,Arsenal,Away,1,2,0,0.62,1.62,Rob Edwards,permanent,0.1
2025/26,2025-12-20,Wolves,Brentford,Home,0,2,0,1.27,1.56,Rob Edwards,permanent,0.0
2025/26,2025-12-27,Wolves,Liverpool,Away,1,2,0,0.78,1.57,Rob Edwards,permanent,0.0
2025/26,2025-12-30,Wolves,Man United,Away,1,1,1,1.22,1.13,Rob Edwards,permanent,0.1
2025/26,2026-01-03,Wolves,West Ham,Home,3,0,3,2.24,0.24,Rob Edwards,permanent,0.4
2025/26,2026-01-07,Wolves,Everton,Away,1,1,1,0.71,1.63,Rob Edwards,permanent,0.5
2025/26,2026-01-18,Wolves,Newcastle,Home,0,0,1,0.39,0.81,Rob Edwards,permanent,0.6
2025/26,2026-01-24,Wolves,Man City,Away,0,2,0,0.54,1.07,Rob Edwards,permanent,0.6
2025/26,2026-01-31,Wolves,Bournemouth,Home,0,2,0,2.1,1.59,Rob Edwards,permanent,0.6
2025/26,2026-02-07,Wolves,Chelsea,Home,1,3,0,1.11,3.76,Rob Edwards,permanent,0.6
2025/26,2026-02-11,Wolves,Nott'm Forest,Away,0,0,1,0.41,3.69,Rob Edwards,permanent,0.7
2025/26,2026-02-18,Wolves,Arsenal,Home,2,2,1,0.17,2.01,Rob Edwards,permanent,0.8
2025/26,2026-02-22,Wolves,Crystal Palace,Away,0,1,0,1.68,2.04,Rob Edwards,permanent,0.8
2025/26,2026-02-27,Wolves,Aston Villa,Home,2,0,3,1.51,1.31,Rob Edwards,permanent,1.0
2025/26,2026-03-03,Wolves,Liverpool,Home,2,1,3,0.64,2.17,Rob Edwards,permanent,1.0
2025/26,2026-03-16,Wolves,Brentford,Away,2,2,1,1.8,2.8,Rob Edwards,permanent,1.0
2025/26,2026-04-10,Wolves,West Ham,Away,0,4,0,0.57,2.54,Rob Edwards,permanent,0.9
2025/26,2026-04-18,Wolves,Leeds,Away,0,3,0,0.57,3.56,Rob Edwards,permanent,0.9
2025/26,2026-04-25,Wolves,Tottenham,Home,0,1,0,0.76,1.06,Rob Edwards,permanent,0.9
2025/26,2026-05-02,Wolves,Sunderland,Home,1,1,1,1.96,0.92,Rob Edwards,permanent,1.0
2025/26,2026-05-09,Wolves,Brighton,Away,0,3,0,0.52,2.22,Rob Edwards,permanent,0.9
2025/26,2026-05-17,Wolves,Fulham,Home,1,1,1,1.5,1.48,Rob Edwards,permanent,0.9
2025/26,2026-05-24,Wolves,Burnley,Away,1,1,1,2.84,1.28,Rob Edwards,permanent,1.0
